reed,silt,brack,fen,moss,gale,sluice,weir,level
-0.768423,-2.363846,-0.016156,0.607698,-0.103135,-1.004099,0,0,4.213392
-0.502234,0.156169,-0.350920,-1.670281,-0.191684,0.627242,1,1,-3.346245
-0.389686,-1.069915,-0.813545,0.647384,0.473402,-0.883851,1,1,2.850256
1.270619,0.745850,-0.269083,-0.067297,1.323005,0.572838,1,0,2.351203
0.385570,-1.425620,-0.854698,0.380644,-0.136298,-0.978796,1,0,-0.060568
-1.519648,1.306093,0.375365,-1.184674,-0.971243,-0.314361,0,1,-4.050381
0.377151,2.511928,1.328510,-1.120936,-0.385035,1.782782,1,1,0.188434
0.096637,-0.298619,-0.342563,0.307205,2.232077,1.170862,0,1,-2.731313
-0.888532,-0.703276,1.080629,0.014430,-0.073310,0.468042,1,1,-0.745888
-1.711429,-0.440986,0.966024,1.223947,-1.196436,-1.305838,1,0,0.975416
1.815057,1.238626,-0.400298,-0.035426,-0.547354,0.751114,0,0,3.506318
-0.263371,0.464061,-0.141346,-0.221839,-0.575282,-0.795717,0,0,-2.567660
-1.228564,-0.142459,0.294097,-0.394953,0.445592,0.781903,1,0,-2.483735
-0.817075,-0.140184,-0.492200,1.860638,1.241893,-0.159156,1,1,6.222151
-0.792096,-0.392913,0.727368,-0.103074,1.861827,-0.410082,0,1,-1.662631
-0.035343,-0.641203,1.855107,0.130990,0.516497,0.855455,1,0,2.312977
-0.423957,0.435633,0.789896,-0.393025,0.930825,1.249532,0,1,-1.739566
1.264166,1.151775,0.665295,-0.858194,0.629198,0.861958,0,1,6.810567
0.530349,0.574942,1.999662,-0.833747,-0.760076,-0.686969,1,1,-3.498297
0.144617,-0.048202,-0.038895,0.755785,0.773484,0.329356,0,0,0.887952
-0.074827,-0.277302,0.664164,-0.611620,-2.874413,1.601585,0,0,1.368306
-0.285434,0.326059,0.796125,0.493796,-1.059244,-0.105590,1,1,-1.832135
0.160523,1.680763,-2.208511,-0.998053,-2.381822,-2.043346,0,0,-0.582164
-0.258691,-0.307203,0.278854,-0.894588,-0.762186,-0.177394,0,1,1.293867
0.431583,-0.243098,-0.641201,-0.180655,-1.280319,1.594865,1,0,-2.857316
-1.151239,-0.439519,0.602229,1.323724,-0.360386,-0.245583,0,1,6.553484
1.328909,-1.316863,-0.817896,0.629778,-0.572985,-1.623788,1,0,0.751847
1.032986,-0.097327,0.586701,-0.822914,0.564984,-0.739833,1,0,-0.242643
1.652820,0.458408,1.133764,-0.986078,-0.463490,0.425578,1,0,1.832756
0.879704,0.403114,-0.930120,0.565666,-0.914040,-0.164057,0,0,1.994063
-0.300186,-0.380964,1.012443,1.159709,-0.179987,1.038070,1,1,2.563898
0.886910,-0.793767,0.624684,0.528369,0.661957,1.882187,1,1,4.087959
-0.483137,-0.669103,1.121105,0.799600,-0.846459,0.065496,1,1,-0.266697
0.520656,1.014501,1.357150,-0.081656,-1.933257,1.043237,0,1,-2.186083
0.637965,0.143183,3.036153,0.884495,1.227308,-0.200417,0,0,3.753104
0.210764,0.927893,-0.278473,-0.801417,-0.803112,-0.609500,0,0,-1.611696
0.242065,0.125457,0.908158,-1.950445,-0.595019,-2.013286,1,1,-0.759833
-0.845604,0.308161,0.018981,-1.140454,0.526585,-0.899006,0,0,0.725480
0.518247,-1.472015,0.446254,0.854946,0.932471,-0.414901,0,1,2.778937
1.101894,0.272854,-0.317779,1.240380,0.428113,-0.735995,0,0,3.664419
2.074312,-0.293449,-0.842227,1.313125,-1.561491,0.277272,0,0,5.143257
1.314625,1.818106,1.608583,1.221777,0.518027,0.735463,1,0,6.755317
1.775061,0.104456,-0.515913,-1.200641,1.589304,-2.139973,1,0,6.762351
0.238007,-1.095250,-0.092926,0.326840,1.378098,-0.275242,0,0,0.693769
0.827684,0.105931,-0.712035,1.837073,-0.119429,0.850192,0,0,2.988995
0.297893,0.537437,-0.491500,-0.338494,0.419994,-1.298800,0,0,-1.936305
1.254278,0.437184,0.799121,-1.318660,-0.335864,0.393229,1,0,-0.438854
0.654942,1.573005,-1.452294,-0.896298,-0.440480,-0.111808,0,1,-2.587558
1.213535,0.495836,2.411931,-1.301590,1.761109,-1.466606,1,1,7.711918
-0.387977,0.399372,-1.417697,-2.319171,-0.538386,1.197742,0,0,-3.626983
-1.197011,-0.832940,1.580634,-0.641638,-0.812191,0.037163,0,1,-2.693358
0.245136,-0.182316,-0.168144,-1.851759,-0.247797,1.174643,0,0,-0.425155
-1.191345,0.363683,0.533578,-1.294908,0.050531,-0.241905,0,1,-3.964623
-0.069905,1.337344,-0.282309,0.061528,0.548997,-2.269295,0,0,-3.600630
-0.626913,-0.388390,0.710280,-0.158619,-0.710789,0.647024,1,1,-3.617291
1.028831,0.663400,1.755584,0.735684,0.197037,0.049512,0,1,3.801882
-0.778284,-1.433008,-0.969066,1.259944,-0.550275,-0.351941,0,1,6.026221
2.018128,0.072641,-0.777126,1.153266,0.260208,-0.429952,1,1,3.870858
-0.456919,-1.551202,-0.330436,0.564795,0.040448,-0.288966,0,0,2.270566
-0.702099,-0.391391,-0.458415,-0.179065,-0.922026,-2.013530,1,0,-2.274763
0.842077,0.593766,-0.391602,1.451138,-0.483252,0.412385,1,0,2.592242
0.649864,0.953112,-0.123810,-0.730647,-0.997876,-0.269292,0,0,-0.982256
-0.213330,1.410692,0.276253,-0.908771,-0.089071,-0.750759,0,1,-3.636946
0.079554,-0.408180,0.689705,-0.978426,-2.099182,1.438652,1,1,-4.251389
-0.012922,-0.770184,-1.232452,0.407829,1.198468,0.631900,1,0,0.484002
-0.802152,-0.391270,0.922420,-0.021567,0.996028,-0.385447,0,0,-2.165966
0.224126,1.217439,-0.586189,-1.452499,0.222134,0.392637,0,1,-3.715804
0.575860,-1.269321,-0.151418,0.046538,1.103748,1.518529,1,0,27.871477
-1.390830,-1.531065,1.789830,0.609502,0.337931,-0.517364,0,1,1.598765
-0.708122,0.630764,1.168545,1.401924,0.565960,-2.038594,0,0,0.555270
-0.453604,0.586099,-1.968785,-0.853652,1.825887,1.627232,0,0,-3.240224
-0.657673,-1.227824,-1.046626,0.240125,1.130904,0.835878,1,0,0.671212
0.909578,0.367227,1.259704,0.567620,-0.919731,-0.810441,0,0,4.739462
-1.804633,0.693824,-0.534130,0.422143,-0.333351,0.367765,0,1,-2.404871
2.504559,0.971208,1.699288,1.442467,0.406274,0.136464,0,0,13.838480
0.376742,1.213842,-1.319021,-0.282508,-1.328761,2.823274,0,1,0.751799
-2.242959,0.155491,0.030698,-0.815276,-0.403111,1.167703,0,1,-4.709129
-1.362895,1.843059,-0.189425,-0.106270,1.000787,0.747022,0,0,-6.639666
0.998669,0.366626,0.343772,1.422601,-2.059067,-0.211652,1,0,2.123889
1.145248,-0.949524,0.583337,-0.151086,-1.271239,-1.096282,1,1,-1.112399
-0.790607,1.646202,0.485570,-0.007946,1.512090,0.702585,1,1,-1.511250
0.852070,-1.276758,-1.247756,-0.927333,1.277452,0.929344,1,0,-1.320686
0.151517,-2.543047,0.131962,1.078663,-0.781038,-1.285877,0,0,7.726566
-1.749313,0.164853,-0.139923,-0.202539,1.195128,-2.166960,0,0,-0.696439
-0.038347,-0.019422,0.019653,-0.365744,-0.385097,0.337819,0,0,-0.916324
0.110913,-0.027339,-1.652120,-0.432711,-0.656010,1.035594,0,0,-1.498437
-0.068103,-0.716800,0.019260,1.009735,0.941583,-0.171747,1,0,3.133690
-1.020952,-0.353045,-2.148128,-0.906543,0.663526,0.148522,1,0,-3.513450
-0.695345,0.584016,-0.691709,1.775270,0.233281,0.249928,0,0,-0.063944
0.808851,-1.418278,0.714798,0.681652,-2.458436,-0.570194,1,1,-0.846676
1.528747,-0.760500,0.994673,-0.497388,2.420483,1.426381,1,0,1.569144
-1.059161,-0.692306,-0.795548,0.738267,0.489463,-0.374197,0,0,0.982003
-1.975696,2.079963,0.675336,0.544307,1.529338,0.212596,0,1,-3.653145
0.386053,1.130383,-2.527926,0.130499,-1.203904,-0.486691,1,1,0.593136
1.217780,-0.341644,-0.254013,-1.868593,-1.021591,1.048534,1,0,12.551558
-0.851966,-0.863184,0.095619,0.648601,0.807956,1.006902,1,1,1.421088
0.506928,-2.367084,-0.188178,0.381021,0.414022,-0.320483,1,1,7.842289
-1.500212,-0.855725,0.152924,-0.098238,-0.075852,0.637282,0,0,0.056714
0.919809,0.077799,-0.235917,-1.040852,-1.517235,0.875293,1,1,-2.413657
0.070540,0.729207,0.183163,0.326022,1.115989,-0.125344,1,0,0.928645
0.913488,0.390531,-0.241878,1.235882,-0.092571,-1.066917,1,0,2.981745
0.547115,0.450827,0.775084,0.983113,0.850197,-1.071120,0,0,2.481276
-0.631054,-0.494578,0.492149,0.182919,-0.427993,0.228292,1,1,-0.168198
0.689719,1.690910,-0.879472,1.980890,-0.305404,0.307830,1,1,0.791992
0.499971,-0.584898,0.324494,0.141410,0.069982,1.447773,1,1,0.639844
-1.457885,-0.531274,0.797900,-0.793648,1.260370,-0.169786,0,0,-2.961474
-0.052830,0.263255,0.227511,0.393494,0.570639,1.097324,0,0,0.125007
0.429553,0.368407,0.470199,0.788574,-1.369121,-0.304237,1,1,0.655740
1.832184,-0.176204,-0.156873,0.378802,-1.347888,-0.725026,0,0,3.113050
0.453377,0.342758,0.444801,0.636671,1.177772,0.777440,1,0,3.501046
-0.035331,1.261060,-0.471809,0.951639,-0.985266,0.660180,1,1,-0.123883
-0.046862,0.453702,1.304662,0.390790,0.685457,0.357210,0,1,1.674669
-0.790629,0.125765,-0.469742,1.387313,1.402399,0.893353,0,1,-1.586725
0.292982,-0.167271,0.973568,0.749789,0.605595,-3.098508,0,0,0.840006
1.152168,-0.416283,-0.188198,0.374615,1.663028,0.729907,1,1,2.284851
-0.088940,0.867264,1.715124,-0.987776,2.312790,-0.275217,0,1,1.775236
0.619639,-0.530565,-0.180433,-0.227745,0.784294,-0.978991,1,0,4.508180
0.766841,0.406209,-0.607331,1.103927,-0.176103,1.678906,0,0,2.289317
0.233540,1.771658,-0.373891,-0.971033,-0.206868,-0.520342,1,1,-3.391630
2.291546,-0.318605,0.200846,-0.099585,0.196776,-0.590518,0,0,7.734689
-1.872448,0.013887,-0.182329,-0.123836,-0.659036,-0.187717,1,1,-4.687301
0.403170,-1.085872,0.370555,-1.153615,-0.179087,-0.128384,1,0,-2.518070
-0.306826,-1.156631,-0.451627,-0.369342,0.280775,2.036662,0,1,0.740200
1.027759,0.890991,-0.006533,1.203476,-0.306383,0.291358,0,1,2.403751
1.206038,0.425372,1.013086,-0.370977,0.610312,1.250727,1,0,1.235335
-2.083214,-0.756671,2.199007,1.190407,1.125020,0.343357,1,0,3.861918
0.589324,0.051311,1.543575,-0.282268,-0.045334,1.162761,1,0,-0.051864
0.932277,1.128849,0.341755,0.261878,-0.473319,-1.491254,0,1,0.676740
-0.775050,1.345951,-0.540825,0.927002,0.020287,-2.242506,1,1,-1.275977
-2.102220,1.940220,-0.289938,0.677270,-0.173961,-0.604194,1,1,-3.571326
1.846602,-1.142043,0.235017,-0.383888,-0.054572,-1.488116,0,0,-1.324756
2.505456,-0.957953,-0.794603,-0.313111,0.287436,0.496876,1,1,2.024276
-1.694024,0.641500,-1.157739,0.374857,-0.048396,-1.924114,1,0,-5.375837
-0.016969,-2.294258,0.188258,0.839109,-0.213668,-0.215084,0,0,9.870052
1.428525,-0.559942,1.688860,0.797324,1.156184,-1.632811,0,1,5.691728
-1.481053,-0.143059,0.008503,-0.108068,0.150503,2.226805,0,0,-3.658337
0.656121,1.663204,0.916900,-1.450705,-0.343841,-0.450462,0,0,-0.072524
0.475272,-1.816608,-0.580822,-1.234269,-0.432489,-0.590746,0,0,-0.055048
1.959465,-0.857679,-0.052546,0.652977,0.866560,-1.192638,1,1,5.300722
-0.991516,0.728485,1.207942,-1.240601,-0.097171,0.419947,0,1,-3.420318
0.198708,-0.957943,-0.307793,1.658061,0.989032,-0.285654,0,1,12.889138
-0.788827,-0.247552,-0.969844,-0.959993,-2.169798,0.955942,0,0,-2.164490
1.107509,-0.025347,1.335664,-0.801137,-0.486058,-0.731415,0,1,-0.810530
0.908692,1.302571,0.483597,-0.347534,-1.646035,0.237516,0,1,-0.679563
0.409336,0.695475,1.279542,0.330066,-1.282226,-0.290369,0,1,5.651341
1.119094,-0.009121,-1.570541,1.778782,-0.485698,-1.122187,1,1,3.210598
-0.403465,0.005512,0.407418,0.628147,1.217461,1.148783,1,0,1.182365
0.181751,1.008092,-0.245670,1.867137,-0.938717,1.392015,0,0,1.301114
-0.803471,-0.432712,-1.899889,0.043181,-1.600962,-0.850747,0,1,5.775478
2.410667,1.082332,0.704991,0.224253,-0.851112,-0.134508,1,1,0.807002
0.716590,0.531713,-0.604995,1.052466,-0.063237,0.720932,0,0,1.369377
0.147010,1.805111,-0.713107,0.623137,1.389839,-0.212748,1,0,0.850590
0.778620,0.340536,1.530001,0.034525,-0.143429,1.470007,0,0,0.623776
-0.861265,-0.064967,-0.053215,0.128626,-0.699801,0.855860,0,1,-2.007858
-0.016322,-1.200921,0.928650,-1.291034,0.925759,0.164350,1,0,0.417796
-1.212660,0.066022,-0.440864,0.047984,2.048179,0.299530,0,0,-4.079417
0.091659,-1.666606,-0.926524,-0.762130,2.124228,1.036014,1,0,0.598580
-2.217046,1.019312,-0.535888,-0.943055,0.557884,1.907105,0,0,-10.002630
0.608424,-0.418082,-1.445453,0.611964,1.189425,0.101060,0,1,-2.132564
0.610250,2.225587,-0.019366,-0.786750,-0.858079,0.377156,0,1,-2.521237
1.459046,-0.124524,1.403581,0.272482,-1.430693,0.205456,0,1,1.482366
0.440251,-1.625186,-2.530171,-1.165915,1.009857,-1.784851,1,1,-4.606951
1.633285,-1.309885,-0.702831,-0.085147,2.543586,-0.516492,1,0,0.880593
-1.209722,-1.447846,-2.429676,0.845428,-1.167814,-0.624557,0,0,3.919777
0.797562,-0.315042,1.617189,-1.282572,-0.818540,-0.254968,1,1,-1.538067
0.290863,-0.228885,-0.305067,-0.037237,1.166556,-0.578404,1,0,-0.053224
-0.096307,0.805882,-0.780848,0.993797,-2.532717,0.615956,0,1,15.619193
-0.986612,-1.998912,-0.395298,-0.413901,-0.168156,-0.128971,1,0,3.910570
0.445945,0.477973,-1.396530,0.055630,-0.747897,0.041691,0,1,7.731798
-1.362089,-0.828004,0.815675,-0.458129,-0.892007,2.182542,0,1,-2.149487
0.575155,2.204324,-0.972071,-0.159359,-0.184319,-1.027733,0,1,-2.131384
-1.443679,-0.349460,-0.177983,-0.197214,1.260542,0.221086,0,0,-2.945609
-0.013729,0.126565,-2.376318,-1.162530,0.102681,0.921403,1,1,2.836827
-0.273075,0.147093,0.280189,0.504277,1.012684,0.597818,0,0,0.180198
0.960422,0.898291,0.193874,-1.135153,1.014522,0.470293,1,1,-0.490385
1.908470,0.920890,-0.138919,0.417218,-1.766532,-0.909025,0,1,4.153694
0.174546,0.371861,0.252307,-0.515122,-0.203057,-1.485530,0,0,-1.300301
0.466895,1.300165,1.258675,-1.000376,-0.848025,0.802002,0,0,26.970984
-0.018333,0.865241,-0.048691,-0.031867,1.177221,-0.569886,0,1,-2.722982
-1.242180,1.387360,0.456631,1.625401,-0.431049,0.287913,1,1,-1.425016
-1.375830,-0.570109,-1.550257,0.128685,0.999012,-0.085072,0,0,-2.095933
0.110592,-0.293621,0.796732,0.817294,-0.106898,0.889655,0,1,2.745665
0.899784,0.185827,0.126750,0.111995,-0.919166,0.802268,0,1,1.219851
-0.252846,1.281030,-1.012793,-0.307704,1.807528,0.477340,1,1,-3.535814
-1.265520,0.709164,0.294386,-0.102510,0.673936,-0.096216,1,1,2.423270
-0.013197,-0.939092,-0.217737,0.474841,-1.664267,0.170992,0,0,1.737096
1.560031,-0.986959,1.861125,-0.774451,-0.740732,-0.361820,1,1,-0.870642
0.349346,-1.049018,-0.351538,0.682127,-0.748830,-1.143008,0,0,16.634320
-0.278159,0.006888,0.573699,-0.703929,0.780714,0.276594,1,1,-1.328241
1.525066,-0.613928,0.061436,0.859300,-0.459793,-0.883017,0,0,2.790442
0.632583,0.607355,0.265340,-0.325476,-0.364264,-0.841431,1,1,-1.548829
-1.022168,0.075367,-0.182049,0.583689,0.077539,2.170875,1,1,-0.979650
-0.118866,0.639780,-0.734783,0.226839,-0.623144,-1.518496,1,0,-1.804393
0.764319,1.256749,0.163491,-0.907750,-0.025422,-0.824000,0,1,-1.609423
-0.398531,0.828261,-0.125842,0.620016,-2.158175,-1.473506,1,1,-1.961846
1.912174,-0.560394,-1.392732,0.434579,-1.130451,2.014318,0,1,15.551829
-0.594480,0.269851,0.684326,-0.065661,-0.404334,-1.411353,1,0,-2.421098
-0.233135,-0.424137,-0.418859,-0.233583,-0.514609,0.376141,0,0,-1.334287
-0.657763,0.086477,0.630417,0.097222,0.436873,0.553888,0,1,22.045179
0.830844,0.799745,1.839544,-0.021044,-0.739442,-1.361499,0,0,4.708972
-1.738963,0.794076,-0.511086,-0.122343,1.282863,0.779730,1,0,-5.399623
-1.293761,0.479056,-0.064594,0.188982,1.231133,-0.248387,0,0,-3.719196
-0.377832,2.573899,-1.148124,0.554301,1.834447,0.537523,0,0,-5.512109
-0.596953,1.339148,-0.452615,-0.648805,-0.353537,0.285364,0,0,1.059172
1.672147,0.592319,0.931289,-1.019146,1.361786,2.149700,0,1,0.684200
0.752509,-0.487793,-1.646422,1.768606,-1.540680,-1.082831,1,0,1.225956
-0.809403,-1.319388,0.511078,1.557569,-0.223040,0.539688,1,1,2.147091
1.344325,0.752947,-1.086855,0.116391,-0.074352,1.145786,0,1,0.887474
1.360316,0.175855,1.310361,-1.061372,-0.457452,-0.088084,0,0,1.932690
0.032705,1.290990,-1.298490,0.806199,-0.277090,0.467241,1,1,-0.854532
-0.619485,0.823675,0.204485,1.536674,0.065945,-0.960418,0,1,0.311082
-0.168874,0.814455,0.179940,-1.871427,2.090897,-1.524119,0,1,-4.275315
-1.182452,-0.235322,-1.306158,-1.263639,-0.502786,0.122056,1,1,-3.913923
-2.825741,-0.550845,-0.768571,0.273275,0.375408,-0.094072,0,1,-3.958910
-0.621982,0.542264,0.130425,0.383043,1.842008,-2.054755,0,1,-0.588487
-1.638178,1.200755,-2.159599,-1.356556,0.655890,-1.504793,1,1,-7.618174
1.171542,-0.251955,-1.165907,-1.412853,-0.399028,0.252431,1,1,-1.322962
0.846407,-0.439531,-0.938688,1.399173,-0.470081,0.516625,0,1,4.810179
0.127629,0.423649,0.550041,-1.557329,1.225796,-0.272424,0,1,-2.089849
0.169143,-0.658487,-0.610392,-0.053272,-0.130974,0.430565,0,0,-1.138652
1.249235,-0.666736,0.005038,0.694582,0.755773,0.960051,0,1,7.946669
0.169977,0.070802,-1.493313,-0.367758,-0.865532,0.461787,1,1,-0.348717
-0.507806,-0.821409,-0.157644,1.334115,-0.888341,-0.021616,0,1,2.838449
-0.440502,-0.021620,1.244177,1.620179,-0.005837,-1.038035,0,1,1.853028
-0.574096,-1.318912,0.183229,0.120334,-0.523573,0.289350,1,0,1.251090
-0.480527,-0.906172,-1.025385,0.354856,-0.934938,1.153532,0,0,0.819172
0.476598,0.775167,-0.863094,1.826420,0.448555,0.319544,1,1,1.167257
-2.046802,-0.773410,-0.365825,0.343079,-2.259967,-1.417906,1,1,-3.079619
0.467008,-1.390773,0.886479,0.910273,-0.557890,-0.629565,1,0,2.360773
-1.810047,-1.113729,0.488003,-0.898394,-1.333905,1.078841,1,0,-1.508081
-2.062889,0.783345,0.901020,0.385817,0.081816,0.052719,1,0,-5.202428
-2.073698,-0.240393,1.187385,-0.114122,1.420140,0.360989,0,0,-2.911374
0.387330,-0.583833,-1.290631,-0.625577,-0.328935,0.831826,1,0,-1.999779
0.290561,1.030046,0.049157,0.869950,-0.216375,-0.524488,0,0,1.218056
-0.448269,1.005011,-0.203902,0.435515,1.145948,0.347190,1,1,-0.027506
0.702500,-2.446415,0.494571,-0.110368,0.693694,1.247519,0,1,1.477488
-0.189999,-0.736596,0.807052,0.928211,-1.226073,0.608915,0,1,2.177313
0.181213,-0.657588,-0.438949,1.636541,2.831701,-0.330514,1,0,13.176682
-0.963760,1.419075,1.366806,-0.804416,-0.232563,0.669059,0,1,-3.650521
0.787321,1.260884,-0.829445,-0.428920,0.734114,-1.379154,0,1,-4.050915
-0.764645,1.606912,0.942647,-0.474409,-0.800430,-1.025389,1,0,-5.599536
-1.322468,1.604721,0.476335,0.454678,-0.281157,0.419327,0,1,-2.155458
1.776859,0.093984,0.359702,2.197447,0.223413,0.313370,0,1,4.705457
-1.616644,0.825224,-2.348539,-0.482335,-0.677398,-1.163374,0,0,-4.483999
0.244073,1.597220,0.701221,0.003805,-0.433769,0.661259,1,0,-1.033696
1.225031,-0.020699,-1.154683,0.229864,1.415998,0.212992,0,0,-0.531326
1.102758,-0.089144,0.340479,-1.608065,-0.487136,-0.641331,0,1,-0.238840
0.726852,-1.522019,-1.378517,0.404387,-0.938372,1.656608,0,1,5.293559
0.477314,-1.781202,-1.073620,0.090593,-0.481876,-0.034824,1,1,1.063623
0.375350,0.176940,-0.241570,-0.180594,-0.175095,1.154710,0,1,-0.794541
-0.881058,-1.114017,0.982878,-2.970292,-0.077886,0.976164,1,1,1.092946
-1.649698,-2.129566,-0.532806,1.451336,0.354419,1.097863,1,1,1.504584
0.607444,-1.020490,-0.013757,0.875874,-0.651378,-0.531156,0,1,7.731726
1.001579,0.606451,-0.772050,-1.022690,0.396291,-0.307474,0,0,-1.954617
-0.005215,-2.978063,0.196916,0.978117,0.367731,-1.598482,0,0,3.766545
-0.116268,0.885049,0.727370,0.375234,0.366574,1.614931,1,1,0.868774
0.766930,-0.100857,-0.614779,0.521482,0.631799,-0.556259,1,0,1.588531
-1.791611,-0.708597,2.027992,0.357687,-0.387001,-0.531310,1,0,0.515411
0.850568,0.682533,0.328069,1.033611,0.210842,-1.500891,1,0,2.797242
-0.081662,-0.739873,-1.297018,0.571740,1.281507,-0.071038,1,1,-0.028619
-0.269777,0.218257,0.751776,-0.478004,-0.281633,1.503483,1,1,-1.900926
0.862971,0.016383,0.596825,0.343502,0.012702,2.223732,0,0,2.584851
0.062177,-1.493406,1.499037,0.415568,2.146524,-0.244813,1,0,3.791872
1.702366,0.682442,-0.202928,1.747269,0.034429,0.460483,0,0,5.114664
0.264794,1.596583,0.627560,-0.677499,0.330661,-0.300819,1,0,-1.790264
-0.404143,-0.259230,-0.196988,0.278668,0.339921,1.285023,1,0,-0.590067
1.591626,0.515242,-1.182158,-0.518010,0.122597,0.198264,0,1,-1.251037
0.849157,0.000003,-1.004424,-0.956989,-0.584986,0.533755,1,0,-1.552121
-0.005001,1.487942,1.277278,-0.571452,2.804366,0.013673,1,0,0.334162
-0.364048,-0.381980,1.369878,0.188245,-0.012173,-1.417174,1,1,0.062650
0.348962,-0.021439,0.333877,-0.846118,1.143052,0.007126,0,1,-1.610670
0.886356,-1.925545,-0.241054,1.618441,-1.452664,-0.928006,1,1,4.396000
1.112453,-0.020348,-1.354720,1.403911,1.214623,0.977454,0,0,2.147670
1.469609,-0.732252,-1.686715,-1.393944,-1.177945,-0.619887,0,1,3.011846
0.021501,2.694729,0.776673,-0.338187,-0.011593,0.941574,0,1,-2.371300
0.186885,-0.009722,-1.470593,2.512096,0.769889,0.198403,1,1,0.879960
0.796165,2.047483,0.366627,1.802444,0.836122,-1.754650,0,0,3.762566
0.427695,-1.207242,1.619070,-1.146513,0.009319,0.380778,1,1,5.490354
1.337645,-0.753338,-2.420208,1.056326,-1.036569,0.085486,0,1,6.896529
0.641737,0.873675,0.630976,-0.304340,-0.654708,-0.849983,1,1,28.057232
0.467587,0.602620,0.318359,1.179768,-0.245736,-1.057444,0,0,3.223203
0.750304,1.966961,-0.519058,-0.175000,0.567975,-0.754675,1,1,-2.750467
-3.202972,-0.012470,-1.573064,-0.404050,0.385941,-0.052034,0,0,-6.397768
2.157550,-1.084763,1.203928,0.038045,-0.893590,-0.025556,1,1,1.842795
0.525233,1.356854,1.390426,0.214817,-1.118477,-0.203967,0,1,-1.975513
-0.020616,0.341602,-0.051434,0.051210,-0.556520,0.667309,0,1,-0.731154
-0.439121,0.094077,-0.789016,0.153279,1.247098,0.252898,0,1,0.496788
-0.843616,0.740295,0.538143,0.898871,-0.614918,-1.310311,1,0,-0.862453
0.467586,0.732594,-0.760531,1.008554,0.785509,0.128968,0,1,-0.396098
1.293962,1.667999,0.802951,0.233808,-0.939228,0.914692,0,0,3.709382
0.359766,-0.873476,0.150244,0.008445,-0.689266,-1.880204,1,0,-0.021986
0.933496,0.713799,-0.269918,0.066388,-0.685772,1.026002,1,0,-0.235606
-1.316479,0.275762,-0.182267,0.422589,-0.974480,-0.223985,1,0,-2.909383
-0.642429,-0.316299,-0.243958,0.961991,0.230160,-1.350742,1,1,0.203564
0.975958,0.398727,1.539092,0.677458,1.012962,0.825778,1,1,5.700705
1.595240,-0.869229,-1.173925,-1.445494,-1.815224,0.008339,1,1,1.122641
1.705614,-1.663492,0.171398,-0.536768,0.549067,-0.159062,0,1,5.675220
-0.489059,-0.678317,0.222635,0.512171,0.362296,-2.345901,0,1,0.932856
0.841577,-0.650948,0.498172,0.011751,0.996572,-0.325482,0,1,0.281696
0.250910,0.039166,-1.296391,1.031831,0.661082,0.763226,1,0,1.684851
0.958855,1.218008,0.261613,1.881775,0.835469,0.154074,1,1,5.142493
0.172946,-0.232481,-0.065063,1.176169,-0.362735,-0.046170,0,1,2.397819
-1.402733,2.170496,0.572960,-0.356791,-0.972298,0.622350,0,1,-5.026430
1.294712,0.383130,0.670949,-1.958892,2.317943,0.411317,0,0,-0.258841
-0.328122,0.870512,-0.159692,0.155308,0.214844,0.984079,0,0,-2.067619
-0.635680,-1.270244,0.449364,0.135245,0.557422,-0.467234,1,1,0.605357
-1.563147,0.178783,0.672768,-0.157731,-1.681369,-0.331399,1,0,-5.037305
-0.138912,-0.328917,-0.639812,0.416902,1.533102,0.582415,0,1,-1.383234
-1.023953,0.891900,0.449247,0.687133,0.549574,-0.444546,0,0,-3.167012
1.389709,-0.712535,0.682038,0.054891,-1.325142,-0.514224,1,0,-0.165448
0.332910,-0.431378,-0.374529,0.231476,0.346738,0.598954,1,1,15.121497
0.616391,0.835133,0.603084,-0.605348,-0.373193,-0.750217,0,1,-2.059405
0.950722,0.236640,0.912321,-0.403304,-0.540910,-0.234848,0,0,17.024562
-1.257579,0.603565,-0.445911,1.076925,0.975173,-1.219310,1,1,-0.865913
1.172141,0.082255,-1.112147,0.554433,0.429312,-0.234827,0,1,1.778459
-0.205772,1.357370,0.044294,0.553642,0.851344,-1.135887,0,1,-1.408767
0.192217,-0.626552,0.749434,0.197648,0.702018,-1.014490,1,0,1.431005
1.194269,0.752039,0.172590,-0.737446,-0.434830,-0.034874,1,1,-1.206507
1.374178,-0.062616,-1.093525,0.665728,-1.029816,0.752465,1,1,3.289461
-1.543209,-1.613553,0.430911,1.605081,0.506536,0.804109,0,1,4.187256
-0.207066,0.727078,-0.886833,-0.407673,0.305947,0.787926,0,1,-3.210625
0.571513,-0.517446,1.932679,0.147551,0.824505,0.875196,0,1,3.124171
0.760332,-1.110659,-0.577795,1.225788,-1.863346,-0.364531,0,0,4.213580
-1.046112,0.411775,-1.098056,1.148681,-0.338055,-2.219973,0,1,0.387082
-1.681047,-0.563602,0.484830,0.255983,0.201061,1.186806,1,1,-0.816594
-2.155080,-1.438127,-1.524324,-0.937754,0.742730,0.453677,0,0,-0.192986
0.327244,0.672755,-2.508079,0.881801,0.243762,1.356644,0,0,-0.076506
-1.328475,-1.245328,0.161545,0.427947,0.747776,-0.343564,1,1,1.136622
-0.564171,0.243839,0.174381,1.150732,1.112268,0.547490,1,0,2.953467
0.919573,-0.645048,-0.880321,-0.600730,1.800335,-0.196847,1,0,-0.687208
0.637049,0.874750,-0.378343,0.201465,-0.434072,-0.214991,0,0,0.539832
-0.162955,-0.318173,-0.725595,0.069790,0.010670,0.115059,0,0,-1.203019
0.256285,-1.433499,-1.101595,0.039192,1.271791,-1.093809,1,1,-0.680736
0.558580,-0.307281,0.783342,-0.566987,1.301750,-1.584334,0,1,24.015729
0.063040,0.870218,-0.486069,0.197759,-0.470011,-1.122330,0,1,-0.513478
-0.360557,-0.811390,-1.650153,0.347622,0.045736,-0.191076,1,0,-0.863835
-1.104104,-1.363777,1.998358,2.056364,-0.712017,0.958701,0,1,1.016591
1.152316,0.154430,-0.444877,1.868346,-1.490025,0.128159,0,0,7.187507
-2.729010,1.280542,-1.258612,0.251277,0.167596,-0.604150,1,0,-10.854865
-0.334378,-0.548941,0.657488,-0.738125,0.426138,-0.737628,1,1,-0.520101
-0.760127,1.145204,0.166839,-0.448093,0.339720,-0.839252,0,1,4.680160
-1.438390,-0.767877,0.333717,0.622307,-0.734105,0.586887,1,0,1.716085
0.054656,-0.629656,-0.286439,0.127658,1.086356,-2.008309,1,1,2.972666
-0.502382,-1.241573,-2.250440,-0.082533,1.336346,-0.874037,0,1,-7.488144
0.137568,-1.136629,0.365255,0.183750,-0.968160,0.350882,1,0,0.360546
-1.106461,0.188719,1.787770,0.289516,-0.994591,1.593889,1,0,-1.599332
-1.351062,-1.226200,1.381275,1.345716,-0.272634,-0.063374,0,1,0.763753
0.315738,1.218109,0.331893,2.375922,0.348959,1.190541,1,1,1.593070
1.780749,0.172687,-1.367728,-0.128910,-0.114863,-0.347775,0,0,0.321943
0.367672,-0.853256,1.133030,1.688196,-0.835487,-1.345355,1,0,2.579059
-0.489655,-0.379916,-0.099494,0.519881,-1.160970,-0.633631,0,0,1.705530
-0.870127,0.296262,-0.198944,-0.570201,0.636509,-0.498269,0,1,-3.261785
0.612058,-1.301315,-0.433028,-0.412184,2.891575,-0.974339,1,1,1.185570
0.719441,0.712762,0.798579,1.677117,-0.432877,0.732384,1,1,1.736554
0.557000,0.400651,-1.956400,0.240828,0.835854,0.323350,1,1,1.810700
-0.724286,-1.638000,0.517683,0.116078,0.800480,-0.227187,1,0,7.720370
1.546354,0.340551,-0.360229,0.396460,-0.364538,0.558024,1,1,12.517425
-0.512248,1.916586,-1.256598,-1.003223,0.950262,1.386519,1,1,-5.672734
-1.097135,-0.987343,2.728571,0.343595,2.253702,-0.825506,1,1,10.825854
1.059666,0.330123,0.611834,0.660506,-0.492357,0.274631,1,0,2.716280
0.430350,0.501516,1.359787,-0.494701,0.751047,0.127543,0,0,-1.271793
0.271269,0.840372,0.246560,-0.794871,0.224070,-2.345138,0,0,-1.526688
0.588617,1.004062,-0.377223,0.207771,0.743826,-1.694730,0,0,0.357318
-0.908818,0.032247,1.233587,-0.549092,0.493948,-0.549755,0,1,-1.726722
-1.528140,-1.081848,-2.249450,-2.041141,-0.571202,-0.760973,0,1,-2.515518
-0.376242,-0.353554,-2.433820,1.650122,0.855776,-1.677679,0,0,0.504411
-0.432047,0.417363,-0.819511,-0.551680,-1.153679,-0.625223,1,0,-4.232903
0.882880,0.198382,-2.529881,0.871892,0.555093,-0.660867,1,1,2.712420
1.675006,-0.282791,-1.082046,0.064602,-0.848631,-0.277237,1,0,-0.169742
-1.068901,0.342074,1.806214,-0.586848,0.096057,0.029004,1,1,-2.946166
-1.148742,-0.160636,-0.110130,-0.045998,2.294728,0.196204,0,0,-4.055733
0.031051,0.279902,2.320507,1.411607,-1.487917,0.388038,1,1,-2.863879
-0.291103,-0.941185,0.828669,1.181142,0.093971,0.165724,0,0,2.789717
-0.396878,2.719703,-0.328246,-0.599110,-0.117730,0.308423,0,0,-5.654530
1.580264,0.360862,-0.746769,0.591061,-0.332705,-0.217778,0,1,3.033528
3.181571,0.105120,0.816861,2.621249,0.240310,0.457986,1,0,6.996514
0.269985,2.164883,-1.521977,-0.284521,0.119472,-1.324067,0,0,-3.391411
0.570193,0.603823,1.148122,-0.130610,-2.109161,-0.567081,0,0,1.522681
1.065456,-0.351483,0.075589,-1.718784,0.654850,1.613548,0,0,-1.887753
0.534965,-0.641298,1.516413,-0.841571,0.786509,0.256359,1,0,0.890357
0.046718,0.305649,1.748481,-1.020539,-0.510674,0.547269,0,1,-1.811448
1.081015,-1.951002,0.589961,2.043008,-0.135659,-1.848950,1,0,4.098422
-0.862801,0.881918,-0.169371,-0.574712,-0.090157,-1.345066,1,1,-4.314439
2.535951,1.114192,-0.033486,1.813471,-0.766316,0.027140,1,1,3.800116
0.657722,0.327586,-1.259529,1.557929,1.017046,0.542806,0,0,1.249479
-0.634837,0.131115,1.343903,-1.190543,-0.289267,0.389860,0,0,0.301882
0.740364,-1.099306,-0.810966,-0.611062,0.054673,-0.536695,1,0,-1.966547
1.424608,-1.305536,0.855340,1.866544,-0.263820,0.473238,0,1,6.021381
-0.038602,0.127256,0.196975,-0.413754,0.080394,-1.109235,1,1,3.094849
0.177102,-0.363760,0.892354,-0.753035,-0.420029,-0.946327,0,0,-0.194914
-0.948915,0.085493,1.242499,1.044638,0.798326,1.402814,1,0,2.320731
-0.938132,-0.481628,-0.847660,-0.877062,0.347470,1.882828,1,0,-3.294198
-0.868087,0.254172,-1.048702,-2.242202,0.702153,0.836834,0,0,-1.084275
-1.173672,0.677465,-0.066012,0.501173,-0.114274,3.506841,1,0,0.108666
-0.121459,-0.988165,-0.425574,-0.323734,-0.547895,-0.916013,1,0,-1.993858
-0.433196,-0.029942,1.224832,0.451474,-0.120101,-0.135606,1,1,0.675603
-1.797431,0.683031,-2.724283,-1.038556,-0.546490,-0.399423,0,1,-4.351784
1.524038,0.951047,-1.219749,0.250054,-1.229914,-0.976523,1,0,1.224518
-2.698247,-0.290631,0.432368,1.228537,0.449398,-0.230354,1,0,0.719056
0.876925,0.843038,1.029363,-0.441902,1.252680,0.312886,0,1,-0.270753
0.632074,0.052120,0.309258,0.361459,0.088089,-1.448988,0,1,1.449521
0.201740,-0.384458,1.313573,0.595487,-0.268450,0.306790,1,0,2.173190
0.253282,0.042790,-2.159430,1.113430,1.367492,-1.385257,1,0,1.894958
-0.843395,0.321689,-1.473861,0.609376,-0.091812,0.813700,1,1,-0.495307
-0.578227,-0.636962,0.590332,-0.738358,1.375394,0.990909,0,1,-0.958554
-0.019366,0.000903,1.701365,0.261050,1.007406,0.165350,0,1,2.948651
0.035979,0.541677,-0.389912,-1.061782,0.009060,-1.069154,1,0,-2.576002
0.529511,-0.858129,1.764841,-0.373167,1.353715,0.503895,1,0,1.156259
-0.836465,1.655378,0.217633,-0.119081,1.827778,-0.137076,1,0,-4.579997
0.705213,-1.326986,-0.319110,-0.788687,-0.402945,0.695219,1,1,-0.513141
-0.839015,-2.689616,-2.557192,0.147915,2.434945,-0.523855,0,0,4.570108
0.918650,1.345655,-0.883701,-0.074505,-0.181893,1.176646,1,1,-0.788164
1.089096,-0.188101,-0.869900,0.582604,1.283022,-0.243478,1,0,2.587720
0.685379,-1.053911,1.108413,-1.525600,0.468158,-0.337778,0,1,0.468918
-1.525747,-1.150865,-0.672890,-2.121123,-0.011223,1.670407,0,1,-2.952341
0.238460,1.090692,-0.225401,0.524065,-1.374359,0.290498,0,1,7.197304
-0.657494,0.023362,-0.106453,-0.488750,-2.384806,0.966805,0,1,-0.139756
0.233064,0.520770,-0.612875,-0.147673,2.630311,0.757632,0,1,-6.055830
0.725390,-0.262420,-0.548832,0.354671,-1.411847,0.163722,0,0,2.130101
1.697714,-0.725368,0.623392,1.112141,0.154651,0.369995,1,1,5.419272
1.432134,0.125664,-0.464536,0.649334,-0.606642,-0.839589,0,1,3.513399
-1.224359,-1.283587,0.555294,-0.543794,0.021000,0.445203,0,0,0.258119
-0.622482,-0.130240,-0.416329,0.605241,2.399605,0.511370,0,1,-3.244930
0.531093,-0.685205,-0.675895,-0.398499,-0.994108,-1.149313,1,0,-1.789699
1.679148,1.276202,-0.028200,-0.577337,-1.593762,0.467088,0,0,3.935654
0.502767,0.147610,0.086597,-0.328271,0.335416,-0.334820,1,0,-0.925499
0.465379,-0.016369,0.174112,-0.645550,0.199618,-2.264333,1,0,-0.928982
0.672978,-0.126073,-0.572213,-2.017463,0.077936,-1.364395,0,1,-1.466291
1.693207,1.236990,0.851715,-0.107116,-0.764047,-0.416009,0,1,0.158931
-0.176610,1.011586,-1.111648,-0.790033,0.372080,-0.310377,0,1,-5.290549
3.057641,-0.004555,2.253790,-2.786162,-0.139256,1.041580,0,0,3.029957
0.426576,0.854081,0.019763,-0.364185,0.374454,0.780840,1,1,-1.497868
1.384755,-0.597505,-1.590304,1.119973,-1.144658,0.747271,1,0,2.035251
1.016386,0.279660,-0.508952,-0.414310,-0.936227,-0.015009,0,0,0.071617
0.574313,0.475063,-0.420768,0.032630,0.213251,0.020214,1,1,-0.896069
1.676642,0.434853,1.097913,-1.043214,-0.332605,1.756429,0,0,4.324236
-1.047915,-0.442762,-0.177764,1.724121,-0.176024,0.240802,0,1,4.491221
-0.579487,2.456328,0.483613,0.226267,0.162150,1.287519,1,0,3.494041
0.418207,0.845452,-1.188967,-0.417203,1.669425,-0.357800,1,0,-0.213846
0.798438,-0.425086,-1.545296,-1.367591,0.391351,-1.049277,1,0,-1.461789
1.013613,0.001636,0.052938,0.275794,-0.740129,-1.255427,0,0,2.034512
-0.556820,0.564360,0.914569,0.685620,2.182870,0.869036,1,1,5.718764
1.642958,0.375346,0.172410,0.112954,0.524149,-0.997230,1,1,1.935101
-0.172224,1.313670,-1.500039,1.130230,0.264983,-1.106358,0,1,-0.824602
0.456719,0.690319,-1.047645,0.167489,-0.510247,0.464527,0,0,-0.673683
0.246810,0.997733,-0.086562,0.221287,-1.548343,-1.074031,0,1,5.106386
1.517712,-0.242696,0.874488,0.728690,-0.930501,-1.285032,0,0,4.181194
0.583629,-0.351018,1.589816,-1.674477,0.571458,-0.324799,1,0,0.097942
0.573716,0.722737,0.000008,0.718355,1.310673,0.496488,1,0,3.371664
-0.678075,0.277706,0.993973,0.786113,1.638283,-0.384770,1,0,4.268770
-0.722384,0.073097,0.799909,0.266683,-0.714054,1.240132,0,1,-1.307506
0.382129,-1.373595,-0.570562,0.013647,0.418887,-0.591712,1,1,1.334078
-0.510956,0.701020,-0.281279,0.044270,0.587208,-0.755738,1,1,-2.828327
-0.733132,-1.238166,1.315803,0.648048,-0.259607,-0.642940,0,0,2.606968
-2.912362,-0.617520,-1.227444,-0.873349,0.407533,1.561195,1,0,-3.448100
0.413702,0.277900,-1.438569,0.909720,1.606566,-0.308845,1,1,-1.263251
-0.717103,0.268542,0.690426,-1.041563,0.919593,1.243367,0,0,16.365506
-0.368045,1.398945,-0.845306,-0.625791,-0.784415,0.067628,1,1,0.551930
-0.506274,0.726670,1.465556,-0.370863,0.177527,-0.419406,0,0,-2.281030
-0.547275,-0.590138,1.483345,1.121348,1.678464,-0.914030,0,0,1.659085
0.921568,-1.247587,0.801190,-1.041719,-1.774250,1.538643,0,0,0.344143
0.030547,-0.023659,0.013929,0.946665,-1.013934,-0.380827,0,0,2.588914
-1.369607,-1.200305,0.137512,-1.432736,-0.061301,1.012304,0,0,2.796546
0.698646,0.700769,-0.265080,-1.910916,-1.017951,-0.648595,1,0,-2.283975
0.837532,0.694170,1.551427,0.370341,-0.975787,1.070384,1,0,1.274894
-1.438253,0.174365,0.773060,-0.222431,-1.994982,-0.605885,0,1,-2.831460
0.609186,-0.435248,0.361822,0.584715,-0.062124,0.684612,0,1,1.419861
-0.031731,0.423628,-1.399457,-2.122929,0.756047,-0.790472,1,0,-3.223744
0.340030,0.031058,-0.473957,-0.393167,1.144172,-1.403960,1,1,-1.302965
-0.708779,-1.979308,-0.360487,0.049113,-0.838348,-0.034057,1,1,0.776549
-0.504021,-0.109255,0.599236,0.233460,-0.986546,-0.518636,1,0,-0.739565
1.440670,-1.278030,0.022816,0.890006,-0.050499,0.166462,1,1,4.134847
1.086659,1.276330,1.196557,-2.901675,0.415567,0.942888,1,1,-0.424159
-0.808364,0.238514,-0.066376,1.301669,0.096195,-0.835961,1,0,0.615770
-0.123452,-0.361941,-1.345603,-0.442335,0.428934,0.313578,1,0,-1.974127
-2.160979,-0.353928,1.441072,-1.307938,-0.403695,0.987651,1,1,0.566950
-1.553057,0.725646,0.854214,0.443009,0.052609,-1.584932,0,1,-1.550516
-1.910253,-1.493285,-0.102767,0.579480,0.767343,-0.312441,0,0,3.962999
-0.194903,1.350848,-0.477376,1.615934,-1.082513,-0.069611,1,0,-0.690233
0.066009,-0.673340,0.472550,-0.108519,-0.545118,1.886283,1,1,-0.785852
-0.432153,-0.516868,1.255202,0.877482,-0.557899,0.609543,1,0,4.123332
-0.079117,-0.767397,-1.079627,-1.870090,-0.360113,0.567264,1,1,-2.640258
-0.287859,-0.487222,0.452842,0.292525,-0.359346,0.000404,0,0,0.325803
0.892794,1.819499,0.452942,0.740335,-0.243852,0.371340,0,1,1.921720
-0.395488,1.662766,0.083770,-0.031869,0.536775,-1.054707,1,1,-2.906452
0.448610,0.799528,1.083382,-0.381260,0.095244,-0.178315,0,0,-0.587549
-0.086904,-0.615902,0.336671,-0.635090,1.019423,0.721249,0,0,-2.392086
-0.567898,-0.992137,2.183838,0.632266,-0.469611,1.194245,1,0,2.482507
1.031244,0.566816,-0.202104,0.299207,1.482028,0.320343,0,1,-1.232544
-1.300905,-0.890203,-0.340856,-0.321501,-1.594219,-0.302381,0,1,-0.948475
0.559985,-0.174138,1.122471,0.649837,1.228358,-0.212042,1,0,2.687366
1.766193,0.651721,-1.260081,2.730719,-0.281118,0.567456,1,0,4.689241
1.078481,-0.271019,-2.471106,1.441909,-0.715544,-0.332594,0,1,4.951218
-0.180371,0.665213,-0.985213,-0.083694,-0.955015,-0.688620,1,0,-4.048176
-1.045248,0.865988,0.923394,0.502157,1.565202,1.065403,1,1,2.018892
-2.079694,-0.555078,-2.506986,1.815239,1.480451,-1.354412,1,1,-6.656897
0.214389,1.606791,-0.495898,2.615284,-1.090597,0.435687,0,0,10.821612
-0.431859,0.157177,-1.132986,-0.916432,0.012073,0.981764,1,1,-3.289545
-0.730781,-1.207650,2.718497,-1.876234,-0.784683,-0.656570,0,0,1.474781
0.196399,0.404483,1.211685,0.546585,1.129251,-0.414583,0,1,2.122643
-0.529210,-1.184257,-0.041593,2.247114,0.813694,-0.281253,1,0,4.264222
-0.865121,0.271110,-0.438691,0.577511,0.862273,-0.332987,1,1,-0.525015
0.771884,-0.616367,-1.635630,0.002136,-0.195311,0.464869,0,0,2.840137
-0.758174,1.140712,-0.593988,-0.869455,-1.521496,0.247839,1,0,-7.171518
0.776139,-0.139190,1.726873,-0.715859,1.215768,-1.626303,1,0,1.365128
-0.495304,-1.900874,0.105945,-0.582745,1.102297,-0.075204,1,1,0.033700
1.408411,1.356605,0.537703,0.698375,-0.164676,-0.380591,1,0,5.064169
0.784030,0.420556,-1.401497,-0.008150,1.319836,-0.914519,1,0,-0.658048
0.363838,-1.693100,-1.289980,1.051004,-1.434033,0.204303,0,0,3.804233
0.899883,-2.330614,0.892161,0.216642,1.900329,-0.513638,1,1,6.660831
-0.797893,-0.587406,0.408164,-1.140956,0.050276,1.557702,0,0,12.087588
-0.881884,-0.086028,0.567250,-0.915999,2.636754,0.326621,1,1,0.544448
1.152826,-0.441503,1.552609,-0.357464,-1.138365,-0.889004,1,0,0.137898
-0.938069,0.240424,0.997021,0.920754,0.160927,0.625143,0,1,0.844790
-0.019181,-0.165618,0.271157,1.508848,1.586236,-0.261886,0,0,1.063207
0.641602,0.719540,-1.180381,-0.613644,0.599531,0.770272,0,0,-2.621248
0.929930,1.090438,0.566656,-0.621965,-0.559491,1.078893,0,1,-1.058869
-0.813563,-0.116478,-1.420307,-0.484315,0.592243,1.052741,1,0,-3.213092
-1.052896,0.159914,-1.308587,0.864150,0.725329,0.307164,1,1,-1.437048
1.590968,0.222094,-0.529284,0.504622,1.537201,1.021109,0,0,1.432001
-0.625809,-1.491974,0.578113,0.539630,1.806461,-0.963142,1,0,4.452513
1.103704,-0.116903,0.020513,0.953065,-0.276042,0.694482,1,0,1.632332
1.419396,0.106863,1.524606,0.548623,-0.685285,-1.309448,0,1,6.018194
1.066608,1.061108,-0.513328,0.255932,-1.356424,0.378418,1,1,6.313330
0.607552,-0.970985,-0.223594,0.592005,-0.541383,-0.807087,0,1,3.347405
0.288982,-1.268140,-0.134331,-1.184933,-0.713250,0.281607,0,0,-0.085404
0.155340,0.613854,-0.091189,-0.922133,1.556308,1.533636,1,0,-0.681260
-0.557513,0.967676,0.535892,0.233469,1.358924,3.192512,1,1,-0.142656
-0.785273,0.258924,-0.435976,0.243721,1.151316,-1.376993,0,0,-2.679748
-2.968593,1.660940,0.168607,0.304194,-0.955358,1.026611,1,0,-12.906391
0.737975,-0.735404,-0.584984,-0.056398,0.327926,-0.092718,1,0,0.791596
-1.045010,0.375332,2.399985,-0.862016,-0.985608,-0.144569,1,1,-6.814023
0.527837,-0.451239,1.552392,-0.647732,-1.298827,-1.527731,0,1,-1.286706
-0.578894,-1.502316,-1.774981,-0.621320,-0.112325,1.579828,1,1,-1.998009
-0.097640,-0.911133,1.293797,-0.386174,-1.802330,-0.047379,1,1,-4.611470
-0.248721,-0.597437,0.439784,-0.528596,0.999196,1.255904,0,1,-1.556253
0.574085,-0.195831,-1.009421,-1.266940,1.959252,0.184353,1,0,-0.387225
0.891650,1.112301,0.910188,0.682764,0.342789,0.384217,0,0,2.712003
0.449615,0.655625,0.128762,-2.058048,-0.180187,0.316584,1,1,-3.032523
0.945102,0.726012,-1.291647,0.929277,0.074847,0.552585,0,0,1.893962
-1.329047,-0.113197,0.166546,-0.359532,0.275656,-0.993931,0,1,-4.198656
-0.768750,1.844312,-0.062803,-0.581169,0.142338,0.172539,1,1,-3.744139
-0.944041,-0.747332,0.324718,-0.615159,0.311932,-0.107580,1,1,-1.757332
-0.035693,-1.879062,1.808141,1.102133,0.527484,-0.296310,1,1,18.443826
-1.592620,0.077458,1.503415,-0.945111,-1.314507,0.517953,0,0,-2.522405
1.121645,-1.324189,0.918798,-0.874757,2.256289,0.684544,0,0,-2.475965
0.894620,2.375344,-0.137998,-0.008774,0.089094,0.584187,0,1,-2.823264
-1.539932,-1.704280,0.325742,-0.114286,0.279901,-0.394306,1,0,2.809208
0.295729,0.273704,1.688142,-1.300625,-0.189109,-0.172265,0,1,-1.361215
0.477259,0.718545,1.968167,0.088278,-1.745168,-1.828797,1,0,5.802034
0.741692,1.062322,0.174462,1.204963,-0.683681,-0.116814,1,1,1.704597
-0.491370,-0.955259,0.153505,-0.484222,0.069491,-1.487960,0,0,-1.411255
-1.084620,-0.149783,1.299305,-0.090200,-0.071726,-0.037217,0,0,-1.325082
-0.712272,-2.154375,2.131699,-1.443487,1.184546,0.983835,1,1,4.222102
-0.016182,-0.750975,1.557597,-0.868106,0.990533,0.863605,1,0,0.295293
-1.897896,-0.284210,0.869555,-0.536631,0.757295,0.977699,1,0,-2.760157
-1.434167,-0.040965,-1.024599,0.659896,0.272077,0.063339,1,0,-0.319379
-0.592376,0.936632,-0.375747,0.693099,-1.596058,-0.582098,1,1,-0.949966
-0.616357,0.188615,0.882257,0.917690,-0.258711,0.371794,0,0,0.897209
-0.950869,1.568572,-0.672458,-0.180349,-0.800622,-1.027689,0,1,-2.066695
0.373720,-0.912870,-0.556659,-0.167397,2.174351,1.231622,0,0,-3.467043
-1.328026,1.333366,0.528168,-0.081291,0.603223,1.042303,1,1,-3.025578
-1.242048,-1.047371,-0.628944,-0.495250,-1.576204,0.506585,1,1,-2.947313
-1.301584,0.418275,-0.700121,-1.688696,-0.077653,1.337052,0,0,-5.678469
0.272653,0.419433,0.139124,0.728776,0.874837,0.049367,1,0,2.719411
0.752858,0.058576,-0.187370,-0.703461,0.612961,-0.314135,1,1,-1.179215
0.148680,-1.626538,-0.388696,0.203415,0.628066,-1.531140,0,1,0.446321
-0.459886,0.133223,0.969038,1.540711,-0.555968,0.362574,1,0,1.847502
-1.717070,-1.022664,1.941201,0.047599,-1.283687,-2.579950,1,0,-0.158942
-0.310381,0.793697,1.770139,-2.812742,0.650150,-0.031484,0,1,12.351482
0.730571,0.120129,2.538656,-0.523861,1.347818,-0.713915,0,0,-0.080698
-0.620325,1.796772,-0.838566,0.096019,-2.561387,-1.000402,1,1,-2.456915
0.188290,-0.498533,-0.184053,0.366539,0.095276,0.813467,0,0,0.720785
-0.341902,1.010853,-0.318648,-1.144842,-0.092670,-2.109126,0,0,-4.790446
0.093369,-0.661758,1.242812,0.448521,-2.512604,1.292255,0,0,3.823048
1.433712,0.502046,1.974198,-1.641562,-0.100055,0.320544,1,1,0.641686
-2.653540,1.119887,0.148866,-1.838515,-0.218709,0.298523,1,0,-10.807499
2.138819,-1.415343,-0.508581,1.792913,-0.204255,-1.097042,1,0,2.591145
0.602029,-0.477681,0.697478,-0.940287,1.139690,-0.126556,1,0,-0.069281
-0.203258,-0.574081,1.167752,-0.315047,0.273022,0.318845,0,0,5.570243
-0.551817,-0.287561,0.532457,2.496777,-0.536004,0.635968,0,0,3.089482
-1.470465,0.444288,0.363567,0.221356,-1.693675,-0.720371,0,0,-1.930098
0.240199,-1.175693,0.487267,1.034365,-1.227730,-0.658787,0,1,3.885840
-0.735888,-0.977306,-0.988917,1.034123,0.276087,0.068220,0,1,0.641205
-0.465657,-0.816818,0.076501,-0.571634,0.034314,0.308827,0,1,-2.137731
-0.226162,1.222881,-0.717571,-1.235312,-1.800517,1.511452,0,0,-3.456052
-1.867541,0.823411,0.524253,3.078814,-0.531813,-1.323529,1,1,-1.489091
-0.551466,-1.026649,-0.656642,-0.048000,-0.311463,-1.174609,0,1,-1.048060
-0.200148,1.189748,-0.588732,-0.637607,-0.246466,-0.105774,0,1,2.344869
0.379945,-0.397865,-1.010329,-0.499559,-0.431229,-0.566992,1,1,-1.917857
-1.243240,-0.362049,-0.366978,0.332805,-0.114168,-1.648200,1,0,-0.537681
0.660468,-1.414961,-1.225527,-1.198665,-1.654869,-0.004838,1,0,-3.820818
0.133548,-1.043151,-0.500730,-0.332846,1.106783,0.861562,0,1,1.747798
-1.025807,-1.294832,-1.449640,-0.499794,0.482107,0.055164,1,1,-4.383913
0.398647,0.668767,0.207928,1.220256,-1.124770,2.397890,1,1,0.856073
-0.433831,-0.423270,0.889721,0.809092,-0.191388,0.390353,0,1,1.733883
-0.668520,0.036939,0.280425,1.187038,-0.546731,0.264481,0,0,1.618978
0.006580,-1.616803,1.498994,0.075086,-1.037128,-0.828816,0,0,2.179261
-0.128673,1.310347,-0.294624,-0.866278,-0.711248,-0.389843,0,1,-3.015507
-1.020721,0.262139,-0.317165,1.021766,2.052862,-0.787278,1,0,1.543982
1.299336,-0.716232,-1.357040,-0.125467,0.242466,0.684877,0,1,-0.397863
0.572482,0.127211,-0.891383,0.429011,-0.634992,-1.677689,1,1,0.876492
-0.229644,-0.387661,-1.041018,0.013938,-0.455970,1.870080,0,0,-1.245026
0.294276,0.292576,-1.436114,-1.722357,0.439036,-0.308420,1,0,-3.054803
0.858089,0.251519,0.361716,1.647103,-0.471679,0.410854,1,1,18.790004
0.549342,-0.656825,0.267951,-0.162385,-0.901028,-1.495542,0,0,5.732091
0.871912,0.119777,0.152407,-0.786858,-0.309175,0.048494,1,0,6.711924
1.409275,0.775357,-0.912888,-0.529466,-0.175854,-2.137184,1,1,-0.177821
2.113955,-1.769817,-0.134819,-0.835708,0.232491,-1.129275,1,0,-2.363361
-0.203652,1.047977,-1.027588,-1.931845,0.168239,-0.333030,0,0,-4.530704
-0.341906,-1.587893,0.551924,-0.220099,1.199052,0.001947,1,0,1.362312
0.807704,-0.627440,1.229359,-0.022446,-2.100534,0.865174,0,1,-0.980018
-0.799260,-0.723277,-1.783282,0.324867,0.530472,0.338580,1,1,-1.956462
-0.577781,0.452779,-0.981422,-0.002293,-0.244915,-0.969025,0,0,-2.661244
0.444410,0.528598,-1.349892,-0.302760,-0.878447,-0.070072,0,0,-1.733944
-1.077545,0.076413,-0.272999,0.482623,0.179867,-0.457170,0,1,-1.256963
-1.076584,-0.127084,0.481419,1.477645,1.169013,-1.452448,0,1,0.881588
-0.779142,0.049441,-0.724609,-1.314829,0.257577,0.055745,0,0,-3.919799
1.083007,-0.047893,-0.310769,-0.185498,-0.504144,-0.302462,0,0,-0.032499
-0.963875,0.544475,-1.360710,-0.108749,-1.358613,-0.239782,1,1,-2.158359
0.356168,0.870371,-0.088639,0.738799,2.072361,0.659335,1,1,2.140829
0.347418,-0.636840,0.019309,0.023763,1.019844,-0.852213,0,0,-1.286417
0.168288,0.852522,0.705893,0.505820,-1.538042,2.189607,1,1,3.633285
-0.762832,0.503540,-0.861275,0.604452,-1.640215,-0.533824,1,0,-3.015272
0.108131,0.870155,1.185867,-1.679630,-0.599693,-1.500509,0,0,-1.455089
-0.911693,-1.034572,0.968631,1.138630,-1.345729,0.379400,0,0,5.019686
-0.965092,-0.032615,1.494420,-0.451390,-1.550484,0.601432,1,0,-2.765764
-0.960506,-1.047799,-0.395038,-0.614697,-1.361539,-1.410950,1,0,-1.859451
-0.458860,1.475323,0.392877,-1.151897,0.498024,-0.967990,0,1,-4.293526
-1.560407,1.187131,1.272286,-1.512595,1.965207,-0.331768,1,1,0.422754
0.113995,0.021522,0.206071,-1.323343,0.267828,0.141461,0,0,-2.177618
-1.514565,1.138229,-0.203675,-0.544180,1.079131,0.857471,1,1,-4.408021
0.687452,-1.423226,-1.116799,-0.791851,-0.200057,0.788450,1,1,16.437903
0.647055,-0.188530,1.465730,-1.081496,1.344511,2.676520,0,0,-1.384361
0.151370,0.078802,-0.428226,-0.610066,0.229731,1.127948,1,0,-1.692346
0.398861,0.095112,-0.938609,0.119253,1.300038,1.329005,0,1,-3.127533
1.246159,0.040492,-0.746288,-2.085387,1.527872,-0.595116,1,1,-1.534930
1.316852,1.499564,2.144026,0.517282,-0.227002,0.756743,0,0,5.747304
-1.622405,0.009017,-0.613254,-0.784832,0.626114,-0.182044,1,1,-4.728088
0.209953,1.629120,-0.239034,-0.739246,0.839761,-0.871668,0,0,-1.997555
-1.617633,-0.190589,-0.069427,0.614104,-0.587155,0.063762,0,1,0.304653
-0.059467,0.069694,0.027189,0.857778,0.802486,-0.553892,1,1,2.710770
-1.391690,-0.456285,-0.755248,-1.870672,-0.184977,-0.585229,1,0,-3.640495
0.990143,-0.859108,2.023733,-0.979385,-0.005366,1.176675,1,0,-0.517702
0.180278,-0.312005,1.217746,0.912303,0.165074,-0.330649,1,0,2.400463
-2.280915,0.692622,-0.979898,-0.228691,0.502348,0.826171,1,0,-3.708743
0.804493,0.737833,-0.340709,-0.125725,0.207096,0.038443,1,0,6.572417
-1.453413,-0.112972,0.714667,2.059526,-1.558234,-0.621117,1,1,1.689161
-1.827832,1.064135,0.602624,0.437393,1.450378,-0.233183,0,0,-6.388039
-0.254715,-0.538008,-0.152291,1.917122,-0.576569,-1.665402,1,0,7.216143
1.509807,1.626847,0.481939,-0.025885,1.854299,1.106013,1,1,2.419643
-1.578694,0.852504,-0.682436,-0.578650,-1.633002,0.639510,0,1,-2.997307
0.356628,0.693327,0.302900,1.121185,-2.143849,0.020817,0,0,2.967896
-0.045805,0.929178,0.797659,-0.764393,-0.585485,1.230059,0,1,7.903289
-0.509163,-0.784517,-1.003821,1.347432,1.892427,1.366609,1,0,3.996295
0.787792,1.016090,-0.858988,1.283144,0.259674,0.283899,0,1,0.228741
1.281102,0.822000,1.626453,-0.519289,0.252385,-0.372969,0,0,3.480513
1.477332,0.186330,-0.796944,0.445992,-0.818091,-0.728404,1,0,2.348686
-0.529181,-0.451371,2.724228,-0.319685,-0.138381,-0.338372,0,0,0.457686
1.359756,0.641959,0.865268,0.791437,-0.335801,0.016456,1,0,4.403039
0.662013,1.077848,0.219979,-0.796735,-0.708477,-0.247762,1,1,-2.899398
-0.021279,0.455172,0.419919,1.213569,0.856894,0.672355,0,1,11.563707
-0.862342,-0.227761,-1.038040,-1.286566,-0.185839,-0.437141,1,1,-3.463980
-0.397080,0.501641,-1.082658,0.387059,0.426246,2.249597,1,1,-2.361124
-2.582920,-0.900616,0.249725,-0.664715,0.102526,-2.156353,0,1,-5.065458
-0.290386,1.645196,0.597539,-1.209887,-1.457490,-0.420769,0,0,0.331564
0.879030,-0.537951,-2.127073,0.551439,0.706030,1.694567,0,1,7.778977
1.703596,-0.418555,1.628648,-0.044198,0.351870,-0.345028,1,0,2.546292
-1.328362,-0.046889,0.707333,0.353035,-0.690681,0.144840,0,0,-0.818623
-0.285019,1.424148,-0.959118,-0.794360,2.050623,1.104468,0,1,-8.602618
0.274705,0.472225,-0.098617,1.320805,-0.250106,1.749106,1,1,2.154346
-0.393917,-2.439277,-0.815733,-0.265315,0.069886,-1.004741,1,0,0.409241
1.112581,-0.336754,-0.109715,2.682819,-1.489238,0.315933,1,0,1.858759
0.829314,0.003211,0.527044,-0.277332,0.073190,-0.956094,1,0,0.911149
0.544064,1.434471,-1.358718,0.029621,-1.532428,0.920720,0,0,0.211587
-0.461427,0.027615,0.430738,0.411380,-1.622954,0.727672,1,1,-1.732358
0.588689,0.761741,0.896482,1.002418,1.543585,0.433128,0,0,1.107453
-0.098417,0.076378,-0.334152,0.541252,-0.325824,-0.161691,0,0,0.676343
-1.427337,0.089986,-1.724214,-0.361936,-0.598153,0.739510,1,1,-3.076772
-0.738023,0.078203,2.076954,-0.584538,-1.087369,-1.263617,0,1,-4.305675
-1.003565,-0.184885,-0.250329,-0.222672,0.867938,1.590905,1,1,-1.467391
1.143081,-0.993030,0.839362,1.591216,0.389849,0.831382,1,0,6.783324
-0.569008,1.197963,1.861065,0.217787,1.282273,-0.139880,1,0,2.713922
-0.440270,1.470089,-1.658812,-0.156931,0.365232,0.236136,0,1,-5.084004
1.353110,0.487371,-0.733042,1.398568,-0.710967,0.721264,1,0,3.056570
2.231085,-0.101959,1.312320,1.626659,-0.488479,-0.999003,1,0,5.524606
1.071726,-0.055577,-1.408401,0.686555,2.346906,-0.511989,1,0,3.154816
1.140022,-0.739946,2.196346,0.912151,-1.564988,-0.567133,1,1,-0.945812
-0.173557,-0.569494,-0.606298,0.697993,-0.829348,-1.214168,1,1,1.167233
-0.318970,-1.250359,-0.343426,0.908902,0.838632,0.170591,1,0,3.844015
1.312620,-1.559291,-1.447825,-0.057378,0.875386,-0.897297,0,0,-3.077939
0.378663,-0.621962,0.345088,0.042203,-0.347854,0.307298,0,1,0.245581
-0.493998,0.290148,0.519167,0.101881,2.918514,0.512106,0,1,-0.745941
-0.005087,0.622064,1.174436,-1.798066,0.313259,-0.154955,0,0,-2.284295
0.981000,-0.631679,-0.038398,-0.572124,2.131308,-0.999195,1,1,1.382381
-0.696212,-2.405429,-0.862020,1.251266,2.244724,1.030833,1,0,6.704856
-1.073751,-0.936799,-0.820006,0.659177,0.496745,-0.538001,0,0,0.913651
-0.786097,0.802148,0.402081,0.539300,2.100500,0.469292,0,1,-1.531629
1.625233,0.213592,-0.548109,-0.373068,-1.384654,0.281139,1,0,-1.275801
-0.921342,-0.088919,-0.827948,-0.706589,-0.576662,0.102277,1,0,-3.217999
-0.039635,0.162076,2.100966,1.327744,0.656180,0.830034,1,1,5.573024
-0.744245,0.389856,-0.243219,-0.350027,0.412437,-0.580190,1,1,-2.652711
-0.812261,-1.366108,-0.867236,0.518240,1.273847,-0.360399,0,1,-1.813869
2.279685,-0.319591,0.273593,0.127631,-0.151712,-0.261438,0,1,2.920461
-0.614601,-1.427551,0.640415,0.152848,-0.979945,-0.690244,1,1,-0.892847
0.729253,0.381090,-0.186092,-0.316347,-0.160137,-0.537726,1,0,-0.678742
1.210194,0.287310,0.094855,-1.060921,0.486745,-0.459245,1,1,0.029999
-0.914633,1.249312,0.517881,0.021109,0.127417,-0.548618,0,0,-4.481737
-1.419460,1.583193,-0.223536,-2.266098,0.052983,1.766729,1,0,-9.091745
0.379498,-1.610172,-0.499783,0.889076,0.261868,0.844528,0,0,2.050309
1.313241,-0.197412,-0.885120,-1.404861,-0.279568,0.703144,1,1,1.836165
0.234680,-1.183479,0.413445,-0.176260,-0.210620,-0.020375,1,1,-0.208053
1.087283,-0.038697,-1.346207,0.384688,0.779819,0.569097,0,0,3.644857
0.562433,0.126482,-0.148162,-0.060624,0.795731,-0.300619,1,0,0.316323
0.304457,1.720198,1.401279,-0.468600,-1.347053,-1.670957,0,1,-3.321945
2.483035,-0.437863,0.085666,0.174958,0.601736,-1.208075,0,0,1.586314
-1.693185,-0.005803,-1.229145,1.258519,0.283182,0.850846,1,1,-1.730123
1.471341,0.709027,-0.589074,1.324289,-0.212390,0.633318,1,0,4.166628
0.126806,-0.224969,1.669669,0.211645,1.218636,0.358387,0,0,1.616081
1.262570,0.239941,-3.411082,-0.232357,-1.612023,0.773495,1,1,4.859407
0.067389,-1.305208,0.063007,-0.808200,-0.500563,0.461684,1,0,-0.266825
1.317695,0.357532,1.175738,-0.201709,0.593592,-0.867418,0,0,0.810291
0.193346,-0.103489,1.680783,-0.704261,-0.605240,0.016863,1,1,-2.186348
-1.580176,-0.431840,1.076857,0.187584,0.647080,0.788796,0,0,-1.091096
-1.736216,1.015027,0.511046,-0.202832,0.121063,0.567806,1,1,-4.888316
-0.055146,2.020153,0.915232,1.486461,-1.230291,-1.870023,1,0,-0.809209
-1.104433,1.096996,-0.590498,-0.548761,0.749530,0.195550,1,0,-6.431926
1.005324,0.475947,-0.543448,0.310858,0.293894,-0.752642,1,0,1.842335
0.488805,0.116534,1.045161,-0.110565,-0.602301,0.066445,0,0,1.187043
-0.446812,-0.168374,-0.614029,-0.721125,1.649876,-0.257343,0,1,-5.248264
0.785055,-1.172938,2.097606,0.834912,-0.337609,-0.043154,0,1,4.242793
-0.658136,0.462271,0.447958,0.107564,-0.323037,-1.266972,0,1,-0.732835
0.154729,0.353715,-0.753668,0.639344,0.914976,-1.261628,0,0,-0.083168
-2.823503,-1.670782,0.224540,-0.059319,-2.044994,-0.134545,0,1,-2.610505
1.260726,-0.952178,0.871727,0.076460,-0.277865,-1.402913,1,0,0.789347
0.164013,-0.073785,1.059829,-0.698975,0.490755,-0.162047,1,0,-0.578947
-0.086609,1.425506,0.529998,1.492473,0.101663,0.734830,0,1,1.138297
-1.150751,-0.986136,-0.561599,-0.587467,-0.981709,-0.859353,1,0,-2.061681
1.646673,0.175605,-0.288697,-1.340354,0.712236,1.087674,1,1,7.056416
-0.515630,-1.551950,-0.094154,1.409418,0.952928,-0.614940,0,1,1.876635
0.577780,0.734687,-1.780614,2.135313,-0.440519,0.080812,1,1,1.530635
0.524511,-0.137590,0.160197,0.223965,1.084701,0.635650,0,0,12.579644
-0.647075,-0.340377,0.535445,-0.568828,1.612325,-0.163066,1,1,0.305956
2.097540,1.138199,1.464734,-1.401276,0.203933,1.352620,1,1,0.491045
-0.905591,1.567360,1.396294,-1.994751,-1.689989,2.686993,0,1,-6.565648
0.502051,0.704728,-0.388443,-0.523294,-1.198211,-1.857881,0,0,-1.250403
1.118848,1.442981,-0.670774,-1.490999,0.049834,-0.322697,1,0,0.074724
-0.303921,0.205534,-0.703646,-0.594289,-0.073931,0.183790,0,1,-2.716792
1.549104,-1.670994,-1.304847,0.117039,1.056207,-2.323751,0,0,-2.832467
2.467937,1.042287,0.969939,0.943847,-0.742622,0.209757,0,0,9.594005
1.588596,-0.380933,2.503436,0.531760,-1.628351,-0.085502,1,1,-2.274025
1.060868,-0.035242,3.225414,0.222673,-0.606683,0.085522,0,0,3.701150
0.678998,0.791124,-0.194440,-0.172103,0.289224,-0.359163,0,0,3.657416
0.296779,-0.147197,-0.268123,-0.652339,-0.072200,0.062380,1,0,-1.724495
-0.106497,0.283861,-0.094745,0.109871,-1.661192,-0.796393,1,0,-2.069466
-0.222893,-1.226264,2.033053,0.887615,0.704204,0.860437,0,0,3.713256
0.171923,0.464052,-0.059620,-0.480297,-0.597378,-0.450891,1,1,-2.508160
-0.626592,-1.476606,0.493839,0.148180,2.332993,-1.594249,0,1,9.540557
-1.151914,-1.574811,-1.433228,-0.066256,-0.736474,1.196672,0,1,-0.230630
1.900387,-1.335046,-0.107181,0.992909,-1.275897,1.799830,0,1,7.075091
-1.480490,-0.887892,0.864745,-0.154848,1.359758,-0.642868,0,0,-0.881530
-0.262165,-0.442005,0.877233,0.795637,2.018776,-0.222141,1,1,5.985449
-0.675565,-0.730994,-1.065264,-0.013871,-0.730375,-0.017742,1,1,-0.822699
0.181914,-0.695660,1.987700,1.657659,-0.890945,-0.550011,0,0,5.301276
0.185916,2.107804,-1.641569,0.221539,-0.362464,0.034475,1,0,-2.776941
0.953569,0.431285,-0.442836,-0.356903,-2.034560,-0.433524,1,0,-1.977271
0.304116,-0.606589,-0.029864,2.182831,-0.775872,-0.928808,1,0,2.705263
-1.786804,-1.282972,0.702949,-0.163764,-0.227111,-0.114117,1,1,-2.446334
-1.361007,0.244434,0.024505,0.461259,-1.889278,-0.673971,1,1,-3.566090
-0.789850,-1.110089,1.131081,0.893957,1.383032,-0.064843,1,0,4.703702
-1.075059,0.365143,0.906892,-0.460223,-0.377917,-0.794283,0,1,-2.849542
0.987304,-1.043485,0.369402,-0.511347,0.328115,-0.553175,0,1,0.155108
-0.749256,0.340681,0.281115,-1.561438,0.483169,-2.273929,1,1,-2.708644
1.236701,-0.553170,-0.251073,-0.040954,0.409565,-0.054996,1,1,1.196814
-1.037734,-0.978295,0.681919,-0.537534,0.815466,-0.457956,1,0,-0.006377
0.078550,1.063744,0.568250,0.704570,0.013426,-1.431284,1,0,0.528585
1.580275,0.976179,0.416062,1.972038,-0.210644,0.102799,1,0,6.282338
-0.188564,-0.761870,0.340814,0.648645,1.343132,0.401079,1,0,2.938370
0.434909,2.423502,-0.927484,-0.276447,-0.379995,1.647377,1,0,-2.220954
-0.604950,-0.498818,-1.021574,0.621955,2.005185,-0.227734,0,1,-4.427311
0.432456,-0.166590,0.539439,-0.904610,0.408204,-0.843163,0,0,-1.834190
0.057501,-0.258636,-1.231268,0.649591,1.671700,-0.190147,0,1,29.777414
-1.708445,-0.915784,0.789355,0.172287,1.232422,0.717816,1,1,0.658808
-0.630543,0.784183,0.167385,-0.438590,-0.446962,-0.188923,0,0,-3.741379
-0.469340,-0.801103,0.870913,-1.414309,0.350110,1.736772,1,0,-0.699543
0.436310,-2.244786,0.393172,-0.320736,0.832732,2.604158,1,1,2.582410
1.507765,-0.163711,-0.850459,-0.153055,0.058268,-0.308798,1,1,-0.237943
0.369139,-0.354290,-1.344372,-0.350981,-0.584630,0.034118,0,0,-1.476961
1.446920,-0.654979,-0.811884,1.453768,2.366787,0.810849,1,1,3.150816
0.578076,-0.300930,-1.695043,0.080604,-0.910207,1.585720,1,0,-0.376423
-0.912412,-1.538303,0.197770,0.180713,0.742739,1.248223,0,1,1.396893
-0.986020,0.242089,-0.415553,-0.165703,-1.248413,1.334515,0,1,-1.441519
0.000461,-0.291061,-1.457489,0.322237,1.631767,1.125096,1,1,-2.469972
0.366729,0.211729,-0.124700,0.727018,0.528840,0.448514,1,1,2.704090
1.285894,-0.290462,0.498436,-0.837732,1.344235,-0.382791,0,0,5.615204
-2.454959,0.193236,-0.341398,1.134769,-0.464954,0.764439,1,1,-1.515726
-1.081418,0.271872,0.555340,-1.437035,-2.140013,-1.142037,1,1,-6.287131
1.723594,2.053701,-0.325814,0.212234,1.021552,-1.018784,1,0,6.041281
1.179430,-0.783357,-0.350359,0.025370,-1.005262,-0.829102,1,1,1.160357
-1.481608,-0.343895,0.683443,1.096658,0.559758,-0.304294,0,1,0.396611
-0.452108,-0.431405,-1.742481,0.509161,-0.111183,-0.608622,0,0,-0.830972
1.090686,0.298676,0.392884,-0.111773,-0.585141,0.763451,0,1,2.995080
0.697060,1.179617,-0.087289,-0.955061,0.563125,1.036699,0,0,-2.188493
2.181644,-0.135165,-0.939521,0.053614,-1.970561,0.426511,0,1,5.433877
0.949018,-0.032841,0.989389,0.514032,-0.423733,0.173136,0,0,8.323572
0.177843,-0.990331,1.235404,0.621263,-1.523988,2.985723,1,0,2.512947
1.044636,1.487695,1.243289,-0.490526,-1.944910,0.595708,0,0,2.876316
-0.353883,1.124047,-0.699435,-0.228581,-1.137760,0.772094,1,0,-2.211367
0.261021,1.042996,-0.460086,0.601239,-0.227685,0.762321,1,1,0.942031
-0.639072,0.276597,-0.166676,-0.520611,-1.371683,0.018773,1,0,-5.133555
1.024617,0.483144,-1.632447,0.030881,-1.048536,-1.747354,1,1,1.204121
0.257543,0.749192,1.653450,-0.377863,-0.417773,2.037188,1,0,-1.022996
-0.744878,0.692835,1.560026,1.138912,-0.044406,-0.327002,1,1,7.662584
1.268994,0.848132,-0.394737,-1.298587,-1.483291,1.120711,1,1,-2.041491
0.672018,-0.481893,-0.478826,-0.234477,0.259333,-0.511442,1,0,-0.906099
-0.799621,-0.607055,0.879304,-0.651007,-0.549492,0.623210,1,0,-1.334598
1.116442,1.283352,-0.515808,-0.100031,-0.473735,2.524659,0,1,-0.480579
-0.522778,-0.928272,0.479854,0.993350,2.277942,0.758808,0,0,1.044331
-1.064402,1.269375,-1.609928,0.386066,1.826344,-1.812522,1,1,-6.573073
-0.047605,0.027244,-0.098444,-1.211567,-0.815199,0.613465,1,0,-2.442883
0.272772,-0.421309,-0.049404,-1.123442,1.762305,1.437834,1,1,-0.235084
-1.543621,0.391150,1.129418,-1.402752,-0.107147,1.211319,1,1,-4.088943
0.605987,0.705589,-0.021470,0.401988,0.233362,0.642889,1,1,1.315750
1.617909,-2.091568,-0.465492,-1.408523,-2.227009,-2.490119,0,1,23.599532
1.012263,0.464949,-0.884614,-0.143577,-0.099035,-0.013828,0,1,-0.404120
-1.024596,1.541098,0.056045,-2.524375,0.950180,0.211367,1,0,-6.258060
0.121643,-0.305605,0.189292,1.077501,0.330464,-0.001223,0,0,2.030809
0.325790,-0.350534,0.125024,-1.327534,-0.531596,0.150572,1,0,-2.168558
-0.955080,1.145308,-0.538447,0.967364,0.345469,-0.272285,0,1,-1.973379
0.093546,0.556650,0.061577,-1.241647,-1.050393,-0.201913,1,1,-2.655334
0.032555,-0.557554,0.368650,-1.986127,0.893771,0.494674,0,0,-2.022201
1.242651,0.040430,-0.767950,-1.406996,1.017680,-0.227971,1,1,10.707328
-0.224487,0.877527,-0.160177,-0.794987,0.697182,0.647992,0,0,-3.885561
0.154717,-1.558876,-0.392650,-0.817400,2.039989,0.110841,1,1,10.835394
-1.323041,1.281725,-0.531319,0.495952,1.149124,0.117913,0,1,-4.317921
0.977289,1.304402,0.274139,1.161302,0.969097,-0.313439,1,1,3.519026
0.897624,-1.191045,0.493766,-0.380293,-0.218863,0.498337,0,0,8.243392
-0.701912,1.223133,0.457445,-1.044247,0.277921,0.974834,1,1,-3.323176
0.885511,-1.137363,0.333563,-0.120328,-0.941404,1.426940,1,0,-0.692064
0.887397,-0.923053,-0.178685,-0.349106,-0.145028,0.791248,1,0,1.429464
0.973486,-0.352975,-0.744279,-0.162044,0.161112,1.533113,1,1,0.849132
1.199184,-0.708861,0.571490,0.619993,-2.110725,0.260699,0,1,8.132013
0.013953,0.582188,0.578844,-0.491503,-1.155285,-0.729224,1,0,-2.846395
1.332866,0.905022,0.852309,0.470358,0.839948,-0.232291,0,1,2.472882
0.397129,0.455407,-1.748824,-1.105139,0.851363,1.577455,1,1,-5.092786
-0.449184,0.757864,0.553451,1.605896,0.840590,0.371988,0,0,0.303754
1.754626,-1.763510,-1.080783,-0.082079,-0.713100,1.291534,0,1,2.770719
-1.361988,0.885226,0.417510,0.245209,-0.962208,0.507452,1,0,2.989665
0.814757,-0.323940,-0.391261,-0.797830,-0.953526,-0.113663,1,0,-2.370085
-0.256485,-1.136241,-2.049383,0.070522,1.756686,-0.625716,1,1,-4.736859
0.805295,-1.686367,-0.372393,-0.395501,-1.011230,-0.209004,1,0,0.522169
0.536637,0.064391,-0.758092,-1.524022,-0.714045,-1.194993,1,0,-3.835204
0.407747,-1.009952,1.872719,0.327616,1.272143,1.329339,0,1,3.732948
1.152924,1.685743,0.232440,-0.879303,0.011839,-0.875709,1,1,-2.879197
-0.398356,0.698863,-0.438377,-1.447740,0.588934,0.105860,1,1,-3.406435
-2.042027,-0.245422,-0.399277,0.576518,0.091868,-1.108837,0,0,-1.625773
0.847731,0.144872,1.192425,2.111496,0.171523,-0.798024,0,0,3.495656
1.093775,1.408319,-0.548453,-1.432779,-1.466423,-0.336976,1,0,-1.326812
1.037680,-1.247593,0.937774,-0.993779,0.026213,-1.151894,0,0,-0.947827
-0.169063,1.345639,1.147246,1.197132,-0.196584,0.134079,0,0,1.090757
1.584638,0.154531,0.505984,-0.743345,0.434207,2.349792,1,1,0.483671
0.532639,-1.629012,0.481582,-0.127545,-0.030738,1.185237,0,0,0.520126
-0.521974,-0.366892,2.060236,1.806439,-0.387339,1.657480,0,1,2.586937
-2.104017,1.468879,-0.598416,1.864382,-0.252325,-0.879551,1,1,-0.057373
-0.930644,-1.133994,-0.708102,-0.142830,0.207732,-0.282032,1,1,-2.425628
-0.514292,0.280912,0.488615,2.179236,-1.835728,2.426064,0,0,2.692872
1.251050,-1.080560,-0.863056,-1.537888,-0.206339,-1.090889,0,0,-2.111984
0.000193,0.044631,0.104332,-0.250631,-1.054059,0.198750,1,1,1.738406
-1.051522,0.766302,0.778940,-1.227872,-0.159985,-0.067331,0,1,-4.037108
0.394301,0.051224,-0.577787,-1.619010,0.772892,-1.725266,1,0,-1.217181
1.120559,2.243671,-2.010045,2.267478,0.205391,-0.335171,0,0,4.247811
0.604438,-2.806302,0.126181,1.358187,0.707319,1.373834,0,1,5.315977
0.442805,0.229058,0.546446,-0.149641,-0.105723,-0.195567,1,0,-1.356453
-0.872024,-0.741663,1.848789,0.811188,0.363081,-0.570816,0,0,2.899846
-0.083077,0.514583,0.724540,-2.852931,0.154420,0.412183,1,0,-2.167750
-0.306840,0.231257,1.747836,1.928949,1.247002,-0.938170,0,0,1.747547
0.139915,-1.957923,-0.142353,0.159128,-1.049239,-0.389428,1,1,0.352040
-0.411604,0.629242,-1.102806,-1.336510,0.191159,0.664909,1,1,6.580587
0.874376,0.663740,2.446825,-0.234259,0.366957,-0.877351,1,0,2.092952
0.706530,-0.687966,-1.165279,-0.526189,-2.212386,0.806492,0,1,14.438639
-0.418869,-0.616690,0.344256,0.702245,1.634627,1.234793,1,1,3.490247
-0.013290,0.184279,-2.273624,-0.340215,-2.123755,0.112571,1,1,1.608921
1.394141,-1.530469,-0.768633,-0.160608,0.290352,-1.517485,1,1,12.863615
-0.799336,-0.519589,-0.489065,2.245263,-0.688912,-1.407937,1,1,1.275786
-0.708962,0.758091,1.263681,0.655273,-0.808655,0.068092,0,1,-0.793705
-0.740793,-0.232375,0.966730,0.891980,-0.437893,0.567073,0,1,4.590746
0.366236,0.664233,0.625450,-1.199555,-0.743578,-1.519987,1,1,-3.061125
-1.176913,-0.426492,-1.057385,0.589838,1.469072,-0.076433,1,0,3.409832
1.497896,-0.180949,-1.162194,-1.131851,-0.419165,-1.830545,1,1,-0.656151
1.236196,1.015885,0.006728,-0.927568,1.135748,-0.365422,0,1,-2.664524
0.623249,-0.257287,1.302783,-0.054782,-0.827059,-0.218926,1,1,-2.357735
0.317451,0.429344,-0.015335,1.264797,-1.115902,-1.028823,0,0,2.331251
-0.472701,-0.933903,1.176263,0.985931,-0.320149,-0.059669,0,0,3.282653
0.351571,-0.822496,0.264265,0.214164,0.849310,-1.055338,1,1,1.382298
-0.749656,-0.833072,-0.950251,0.484166,0.187559,-0.503864,1,1,-0.522552
0.261185,-1.136691,0.993489,-2.576717,-0.758772,0.789129,1,0,-2.089016
0.573446,-0.196934,-0.689699,-0.327476,-0.127927,2.548837,1,0,-1.595487
-0.002076,-0.368518,-0.621925,-0.019873,0.384166,0.027331,0,0,2.460576
0.305362,1.590759,-1.591842,0.475762,0.164060,1.114113,0,0,-2.007112
-1.351991,0.828179,-0.468416,2.583782,-0.149640,-0.743343,1,0,-1.718625
0.089759,-0.115531,-0.003066,-0.742439,0.397795,1.557948,0,0,-2.045103
0.400377,-0.137857,-1.426573,0.410941,-0.747450,0.965276,1,1,0.649803
1.027510,-1.229264,2.058261,-0.669270,1.106963,0.278720,1,1,5.606527
-0.100110,-0.763922,0.338284,-1.221252,0.468385,2.185438,0,0,-1.478107
-1.748021,0.560725,0.518653,1.076078,2.226156,-0.786139,1,1,2.957982
0.301147,-0.749650,1.180788,-1.391314,-1.239582,1.730283,1,1,-1.379040
-0.322338,-1.219030,-0.236501,-0.746111,0.698791,-0.545185,1,1,-1.157943
0.000287,-0.473833,0.105312,-0.993003,-0.300590,-0.683797,1,0,-1.925325
0.542145,0.407047,0.905306,0.479676,-0.278896,-0.923156,0,1,1.800818
-0.692929,0.559109,0.673279,0.233830,0.611899,1.333879,1,1,0.286899
-1.000784,-1.549121,1.985061,-0.381583,-0.546796,2.207897,0,0,6.292686
-0.595909,1.490301,0.704528,-0.636229,0.034039,0.345311,0,0,-5.001635
0.971663,-0.764019,0.993431,1.382895,1.740449,0.577424,0,1,5.400075
0.692542,0.244504,1.701334,-0.012758,0.488800,-0.215192,0,0,-0.343925
0.737455,0.480430,1.225727,1.313617,-0.678947,0.320002,1,0,3.544088
0.680294,-1.698647,0.724398,-1.349730,1.158283,1.028875,1,0,7.519217
-0.676353,-1.707830,0.574194,0.154692,1.299791,0.364013,0,1,0.270185
0.003882,0.592387,-0.128066,1.410500,-1.550691,0.112814,1,1,-0.182931
0.577803,1.202806,0.467791,-0.706958,-0.899707,0.884991,1,0,-1.626929
-0.943514,0.504644,0.051373,-0.779663,-0.000671,1.857706,0,1,-2.978285
-1.984578,2.206358,-1.791358,-0.691335,-0.179675,0.101774,1,1,-6.652858
0.466117,0.009388,0.098039,-1.174822,1.972123,0.113271,1,1,0.390367
1.628772,0.908994,0.077349,0.692679,1.545250,0.132531,0,1,1.292729
0.955528,0.300934,-0.348169,1.634233,-0.153144,-0.655863,1,0,3.007729
-1.879599,0.014643,1.694626,0.015633,0.548066,1.806064,0,1,-1.577830
-1.057555,-1.783795,0.611856,1.054636,-1.389859,-2.462142,1,1,0.032291
0.177540,1.610621,0.641137,-0.190193,1.943793,0.172647,1,0,-0.817603
-0.717323,0.256903,-0.063263,0.134916,0.214109,-0.132766,1,1,-1.273446
0.413618,0.850964,0.674729,1.568509,-0.836145,-1.028898,1,1,7.211251
1.135730,0.072609,1.653933,-0.986154,-0.430060,-0.587149,1,0,0.241934
0.410215,-2.756184,-0.739666,-0.056657,-1.398559,0.812763,0,0,4.074335
1.798535,-0.499541,1.655099,-0.959434,-0.912640,-3.178681,1,0,-0.096572
0.100792,0.525357,-0.288644,2.151559,0.021582,-0.662704,0,1,1.711031
-0.471414,-0.921519,-1.018551,-0.527739,-0.532395,1.502135,0,1,-0.607755
0.062978,0.374208,1.013160,-1.280982,0.798511,-0.425974,0,1,-1.526683
-2.174011,0.088940,1.679022,-0.272602,-0.301644,0.819153,1,0,-3.978553
-0.789635,2.678333,0.039880,1.431569,-0.848658,0.627661,0,1,2.147429
-1.665738,1.333970,-0.918091,-0.427936,1.484699,0.948785,0,1,-9.306891
-0.165485,-0.349874,-1.080963,-0.013046,-0.607405,0.641468,0,1,-0.286440
-1.670523,0.557933,0.522592,0.099954,-0.092897,-0.387508,1,0,-1.092455
1.739616,1.023489,-1.755041,1.692808,0.394531,0.592482,1,1,2.159370
0.807898,0.563597,0.864620,-1.624256,-0.355825,-0.171437,1,1,-1.406777
-0.072450,-0.015778,0.930111,-0.170744,-0.997493,0.498206,1,0,-1.598903
-0.735632,1.885800,0.281050,-0.140241,1.172691,-0.552334,0,0,-6.020939
1.568613,0.081365,-0.444374,-0.244582,0.469702,1.344983,0,1,0.225680
-0.878168,-0.091292,0.928342,-1.059452,0.460009,-0.715669,0,1,-2.591482
0.374424,-0.219463,-1.374099,-1.643835,1.074301,2.932260,0,0,-3.194528
-0.163162,0.498137,-1.429974,-1.126254,-0.354844,-0.496661,1,0,-3.921528
0.950528,1.318570,-0.014028,0.143282,-0.705584,1.216704,0,1,0.300907
0.073768,-1.913993,-0.709563,1.210513,0.267933,-0.741682,1,0,3.174187
1.007599,-2.373034,0.594050,0.878788,-0.712872,0.958332,1,1,4.572301
1.925849,-1.109798,-0.178050,-0.751173,0.493297,-0.062367,1,0,-1.147779
0.983130,-1.737245,-1.403386,0.903996,0.634810,0.402852,0,0,0.851392
0.126860,-0.332673,-0.975716,-0.296210,-1.425534,-0.979678,0,0,-1.018818
-1.107965,-0.301218,0.860591,0.349309,1.163792,1.334922,1,1,2.276994
-0.719060,-0.622700,-0.586375,-0.595970,0.960807,-1.070874,1,1,1.260741
-0.903567,-1.777690,3.478546,0.686575,0.696663,-0.294072,0,0,6.563803
-0.298655,-0.940873,1.042263,-1.154444,-0.028684,-0.390214,1,1,-1.342277
0.460977,-0.642436,-0.932240,0.996488,0.470632,-0.209893,1,0,2.733528
-0.742471,-0.701776,0.151813,1.773550,-0.618957,0.956165,1,0,4.955088
0.163553,-0.483720,0.916388,-0.149042,-0.223346,-0.200373,0,0,-0.267509
-1.166716,-2.060299,-0.231997,-0.818594,1.471134,1.058500,0,0,-0.193268
-0.011954,-0.832526,-0.362840,1.416199,0.361618,0.913298,1,0,3.543153
-0.689695,1.068907,0.270235,-0.401839,0.378386,1.061970,1,0,-4.064606
-0.811197,0.630573,1.145509,0.105765,-0.939511,0.047391,1,0,-2.906604
-1.738733,0.269064,0.080149,0.839983,2.057358,-0.018629,1,1,1.387411
0.117462,-0.222146,0.111183,-0.243985,1.963550,0.831063,0,0,-2.751738
-0.630564,0.393103,-1.070946,0.508430,-0.127334,-1.072140,1,1,-0.028147
0.318481,0.072158,0.222503,-0.751141,0.435567,1.245563,1,1,-1.951421
0.572546,1.085484,-0.326127,2.044135,0.951247,-1.127051,0,0,1.416320
-0.040093,-0.702692,0.620991,0.954704,-0.559174,-0.259261,1,0,1.680741
0.199933,-0.866900,0.082777,-0.053866,0.275499,-2.099760,1,1,3.929676
0.239725,-1.854443,0.595142,1.423914,1.081416,2.292497,0,1,4.363834
-0.553463,-1.384300,-1.085773,0.750357,-0.078829,-0.038340,1,0,1.995247
-0.790601,-0.259399,0.567450,-0.934376,-0.849844,-0.132236,1,0,0.021011
-1.374624,0.565597,0.427612,-1.576280,0.204326,-1.494852,0,0,-3.553117
-1.641922,-0.831573,-0.852375,-0.694601,-0.418893,-0.314023,0,1,-2.688043
1.090405,-0.567320,-1.834462,-1.032936,-0.602238,-1.269256,1,0,-2.968763
-0.433935,-0.926222,-1.064732,-0.384012,-1.983168,-2.089248,0,1,2.704704
0.998804,-0.300477,0.045778,-0.272753,-1.619315,-2.351861,0,0,6.730948
1.099202,-0.521075,-0.205516,1.259947,1.874854,-1.569979,1,1,4.518738
0.194858,0.204920,0.134137,-1.697741,0.075191,1.052581,1,0,1.007377
1.406212,-0.484157,0.074404,1.723056,0.098315,-1.244845,0,0,3.497699
0.249908,0.845816,-0.774659,-0.260223,0.976682,-0.569963,0,1,1.226991
0.806183,-0.395344,0.187494,0.066891,-1.535744,-0.732741,0,0,2.074612
0.177067,-0.921119,0.025949,-1.343939,0.814956,-0.217731,0,1,-1.349666
-0.838117,0.623275,-0.596286,-1.335565,1.282667,-1.932613,0,0,-5.647910
0.653741,1.206970,0.820020,-0.940302,0.781245,0.198806,1,1,-0.338778
0.669266,-0.216094,0.966246,-0.759730,2.141694,0.866754,0,1,1.782995
0.008862,0.942054,0.922514,-1.443701,0.397544,-0.937680,1,0,-2.002110
0.393131,0.701603,-1.395946,-1.411208,0.396148,0.441227,1,1,-3.404180
-0.332090,-0.965230,0.421667,-0.474466,0.526358,-0.896264,1,1,-0.412796
-0.132996,-0.466386,0.167394,0.890415,-0.106486,1.351145,1,1,1.741787
0.010335,0.061194,0.764694,0.601068,-0.077834,0.874988,1,0,1.886126
0.221612,1.185069,0.180194,0.373295,-0.231485,-1.422079,1,1,-0.853879
-2.286263,1.709656,0.685438,-0.313136,0.077254,-1.572846,1,1,-5.921986
-0.111742,-0.465589,1.339410,-0.776454,-0.562400,0.565497,0,0,1.440286
0.276767,-1.498043,-1.126201,0.845269,-0.887395,0.278586,1,0,0.595050
-0.956480,-0.352301,1.523762,-0.060635,-0.656710,-0.190667,1,0,-1.420629
0.416070,-1.361766,-0.279638,0.508162,-1.502405,0.471918,1,1,1.533822
-1.173705,-1.093409,0.090230,-0.758874,0.104050,-1.302128,1,1,2.781645
0.455317,0.115998,1.727509,1.110170,0.030307,1.039119,0,1,3.247517
-0.270638,0.536795,0.209206,0.444460,0.645663,1.431720,1,0,0.427207
0.531166,-0.289418,-0.263711,-0.320027,0.510054,0.681670,0,0,-1.081103
-0.961737,-1.024612,2.023574,-1.176273,0.452049,0.082295,1,1,0.569183
-1.343203,0.959294,-0.048964,-0.549915,-0.735095,-0.851463,1,0,-7.057674
0.616790,-0.340850,-0.205567,0.275896,0.838523,-1.905640,1,1,1.169371
0.508323,0.096975,-0.131247,-0.623169,-0.377343,1.477639,1,0,-1.327641
0.894917,-1.402259,0.195061,0.942757,0.184528,-2.573445,1,0,1.849077
-1.032071,0.428691,1.326025,-0.892918,0.187621,-0.959288,0,0,-3.238004
0.149148,0.364621,-1.106467,-0.236992,-0.207107,-0.564939,1,1,-1.725901
-0.347878,-0.018678,1.027954,-0.664102,-1.088921,-1.020273,1,0,-2.451242
0.091171,0.967008,0.461771,0.477740,-0.688616,0.494075,1,0,-0.324028
-0.519401,2.029210,-0.417955,-0.369527,0.139875,0.150169,1,0,-6.300324
-1.657258,1.050649,0.988646,-0.366148,0.850196,0.267965,1,0,-5.943251
-1.719686,-0.658136,-0.269647,1.072657,0.195618,-0.869152,1,0,1.710343
0.906577,1.375845,-0.294478,0.504708,0.975850,-0.402632,1,0,3.056761
1.281185,-0.232816,0.730098,-0.757326,-0.811250,-1.077857,1,1,-1.320302
0.908557,-0.059807,-2.812549,-0.235775,-1.350948,-0.865505,1,1,5.151259
-0.636655,-1.078211,-0.291211,-0.071800,-0.725681,1.654754,1,1,-0.741964
1.437877,1.327256,-1.911287,0.917753,0.138876,-0.445856,1,0,7.859153
-0.865064,-0.525430,1.544053,1.338297,-0.506803,-0.736413,0,1,1.275877
-1.099337,0.331070,0.359148,1.991031,-0.196433,-0.084167,0,1,1.445591
-0.768924,-0.803840,-1.523682,0.805120,1.442617,0.055039,1,0,2.359402
-0.454684,0.216232,-0.000253,0.444056,0.111937,-0.448265,1,1,-0.855292
0.606329,0.627580,-0.530675,-0.773657,-0.438865,-1.706971,0,1,-1.422047
0.837915,-1.444123,-0.623390,2.407943,0.485562,0.218669,1,1,4.565774
1.523329,-0.442617,1.319532,-1.905683,0.752821,-1.541080,1,0,10.910503
0.344754,0.338469,-0.312772,1.629265,-0.249963,0.301466,1,0,2.530966
-0.524926,-1.083577,-2.495404,-1.228596,0.001384,-0.955497,0,0,-1.904085
0.225423,-0.243485,1.122129,-1.853299,-0.933995,0.763219,0,0,4.175157
-0.897515,-0.559612,1.927436,0.441030,-0.087014,-1.918221,1,1,1.431009
1.158490,0.267675,-0.076998,0.397782,-1.011349,0.607503,1,1,1.246001
0.626356,1.184787,1.897565,0.082980,1.208946,0.297552,0,1,3.402703
-0.047226,0.139335,-1.396338,0.322398,-1.631638,-0.176772,0,1,3.413448
0.241928,-0.001224,-0.115567,0.134618,-0.914427,-0.175281,1,0,-0.918341
-0.896136,-3.969617,0.411642,0.885292,0.006497,-1.063714,1,0,22.057949
-0.470367,0.568568,0.476083,-0.186559,-0.496943,-1.063068,0,1,-1.790962
-2.178416,-0.552733,0.669033,-0.153177,1.427884,-0.970832,1,0,0.450000
-0.165158,1.337883,2.705833,1.245311,1.005947,-0.488035,0,1,8.947224
-0.977168,-1.115087,-1.635075,0.255784,-0.394352,-0.764228,0,1,-0.330728
0.162733,0.885271,-0.971110,0.381861,-0.755068,0.685861,1,0,-1.165330
0.498726,0.323170,1.358582,-0.741430,-0.880118,-0.771377,0,1,0.420743
0.004407,0.652884,-2.802992,-0.187416,-0.141929,0.769753,1,0,-3.412697
-0.524424,2.296148,-1.382623,-0.283056,0.497410,-0.444997,1,1,-6.204410
1.878416,1.634617,1.341551,0.142509,-0.867979,-0.100626,1,1,1.335968
-0.202432,0.225364,-0.996400,-2.223129,-0.381810,1.182759,0,0,-0.554019
0.961909,0.860391,0.590977,-0.173637,-0.564125,0.815263,1,0,0.013020
0.738644,-1.234792,-0.068374,-0.157625,-0.315115,1.827823,1,0,-1.258782
0.266175,0.361425,1.059838,-0.615441,0.343926,-0.171383,1,0,0.346639
1.839158,0.704074,-0.421424,0.730715,-1.922515,-0.187559,0,1,5.579393
-0.968412,-0.615344,0.314197,-2.953456,1.782767,0.309381,1,0,-1.111801
-0.269851,0.948059,-0.624620,-0.908056,1.100331,-1.657338,1,1,-3.415893
-0.259176,-0.496865,-0.041864,-0.103311,-1.485213,1.684993,0,1,3.478207
0.464377,1.128152,0.331600,1.320906,-0.999437,0.600859,0,1,1.812100
-0.490508,0.409660,1.594824,0.572435,-0.214653,-0.917200,0,0,0.699143
1.147552,0.499836,-0.179136,1.226022,0.806080,-0.058228,0,1,1.261747
-1.952436,0.153959,-1.002896,-0.115019,-1.636602,-1.552283,1,0,-6.097985
1.121217,0.757152,-0.924544,0.253619,-0.281741,-0.833345,1,1,0.003704
1.064670,-1.181308,-1.082561,-0.889866,1.193080,0.943332,0,0,-1.155330
-0.687532,0.220587,0.103184,0.900239,0.313784,0.301281,1,1,1.218375
-0.543813,0.755457,-0.976878,0.260392,0.664693,0.719883,0,0,-3.585708
1.234792,-0.166735,-0.026822,-0.319268,-0.228811,0.144710,0,1,0.499962
-1.320246,-0.157426,-0.848763,0.950499,1.556685,0.151682,0,1,-1.893923
-1.549139,-0.362930,0.631755,0.008519,-0.239757,-0.604082,0,0,-1.272149
0.085578,-1.324850,-0.188054,-1.395550,-0.462175,0.177569,0,0,3.787636
3.704565,-0.051221,0.304819,-1.626121,1.334820,1.496867,0,0,1.488746
-0.527245,-0.852352,-0.347565,0.694309,1.451041,-1.921800,0,1,-0.969370
0.090333,-0.762975,0.519092,-0.349679,-0.484492,-0.105067,1,1,-1.084416
-0.048983,0.924387,0.005217,0.824116,3.066088,-1.344824,0,1,-2.097890
0.260952,0.826156,-1.400395,-1.686226,-0.574756,-0.876105,1,1,-2.641941
-0.340086,-0.011129,0.800569,-0.967012,2.021872,-0.127211,0,1,-1.424794
0.148078,-0.539643,1.175893,-0.697179,-1.163484,0.924916,1,0,-1.554497
0.043547,0.525269,-0.189237,0.458473,-0.693083,1.366867,1,1,-0.137009
-0.488118,1.665539,1.499905,-0.178823,-0.186818,-1.257229,0,1,-2.173921
0.037232,-0.479216,0.430868,-0.159465,0.469467,0.685742,0,0,-0.977534
0.157653,0.090926,-0.479878,1.260500,-0.171280,-0.181101,1,1,2.037866
1.230744,0.898150,-0.068087,-1.622263,0.215725,0.882562,1,1,-1.733591
0.260319,-0.754555,0.769086,-0.301909,-0.607178,0.778857,1,0,-0.272609
1.059345,0.617282,-1.843909,1.689984,-0.185089,0.229266,1,1,2.672590
0.143045,-0.875175,1.389192,0.219249,1.346045,-0.552624,0,0,0.222454
1.010564,0.571392,-2.112492,0.712207,-1.826928,2.036191,0,0,3.202846
0.426536,0.220982,-0.377127,0.246410,-0.399958,-0.600750,1,1,-0.186322
-0.912297,-0.074383,-0.300769,-0.008204,-0.054844,0.140040,1,1,-2.038329
1.218751,2.400284,0.814844,1.143502,0.151361,0.490026,1,1,2.674656
-2.002525,1.000375,-0.633869,0.455999,0.714201,0.405600,1,0,-5.282236
-0.652406,-1.517472,0.608682,1.426814,-0.180844,-1.369262,1,1,3.180611
0.213480,-1.304560,-0.401726,1.073093,0.050408,-0.021228,0,1,2.120391
0.867421,1.005078,-1.944448,-0.451411,0.284941,1.155892,1,0,-1.275772
-0.549418,-0.792800,-0.577874,0.246685,-0.057210,1.729035,0,1,-0.236179
0.667073,-0.905071,-0.784495,-1.137597,-0.122361,-0.570574,0,1,-0.347003
-0.216066,1.007625,1.210351,0.439849,-1.492231,0.983297,0,1,-1.391309
-0.473148,-0.741307,-0.133478,1.053198,-0.226918,-0.374429,0,0,1.264195
0.586467,0.155875,1.411507,1.109732,-0.159148,-1.171274,1,0,3.678123
0.646406,-0.189967,0.153820,1.260108,1.225040,-0.427164,0,1,2.087010
1.148882,-1.515958,0.653706,-0.565106,0.214835,-1.263809,0,1,1.140007
-0.867375,0.103249,-0.172032,-2.099065,0.855119,-1.105728,0,0,-4.126950
-0.412467,-1.104140,-0.860472,-0.203701,-0.328755,-1.346726,0,1,-0.441552
-1.103760,0.767941,-0.567017,-0.211615,-0.326747,-1.665827,0,1,5.876650
-0.626395,0.128308,0.904691,-1.828564,0.617954,0.401831,1,1,-1.785547
-0.335099,-0.494773,0.292208,0.523109,0.094691,-0.893141,1,1,0.619587
-0.711641,0.915436,0.092492,0.732610,1.042846,-0.674387,1,0,-0.752336
1.942889,-1.243510,-0.485353,-0.415427,0.502790,0.837841,1,1,2.029630
0.092303,0.088248,0.079185,-2.074663,-0.679265,-0.164463,1,1,-2.332475
0.685048,-0.122627,0.033928,0.564861,-0.261780,0.200128,1,0,1.411946
0.876519,0.669274,-1.092549,0.375334,1.602120,-0.864359,1,0,2.036424
1.685979,-0.001799,1.185142,2.069792,-1.190254,0.957166,0,1,3.943025
-1.727519,0.784185,0.141236,-0.522031,-1.304000,1.185719,1,1,-5.983547
0.944204,-0.431561,0.036562,-1.334581,0.857558,0.291169,1,1,0.242261
1.176824,0.253498,0.273982,-1.283697,0.940737,-1.970153,0,0,-1.841339
-1.166992,1.218178,0.444929,0.413982,-0.764623,0.131026,1,0,-3.925820
0.684666,-0.021441,0.574613,-1.001706,-1.507007,-2.030264,1,0,-2.621561
0.151611,1.741883,-0.032801,-0.501826,-0.413394,0.527853,0,0,-2.957491
-0.263452,-0.927924,1.013483,-0.345728,-0.513116,-0.825864,0,1,2.757434
-0.118135,-0.548567,0.125196,-0.456074,1.364431,-0.169843,1,0,-1.387318
1.914556,0.142300,1.355377,0.513432,0.327472,-0.430337,0,0,3.752219
-1.134485,1.721600,0.128694,0.013328,0.309546,-0.210740,0,0,-6.832097
-0.142131,1.589427,1.291068,-0.583081,-1.318774,-0.625974,1,1,-0.647115
0.941801,-1.394445,0.418528,-1.098380,-0.749685,-0.570293,1,0,-1.210931
2.376746,-0.397616,-0.828180,-0.227246,-0.455612,1.507210,0,1,2.542016
1.004988,-0.468360,0.119834,-0.443091,0.115954,-1.693943,1,0,-0.675232
0.846988,-0.126140,0.012288,1.481840,0.909725,-0.619843,0,1,2.605165
-0.011858,0.890922,-0.746027,0.180679,-0.670752,-0.754904,1,0,7.111939
0.748153,-0.540893,-0.742746,-0.782238,0.109750,-0.769451,1,0,-1.770155
-0.032669,-0.420967,0.481028,-1.387569,-0.007894,1.326401,1,1,-1.974553
0.151375,-0.912878,0.391820,1.158950,-0.889984,-0.266439,0,0,8.926246
-0.407758,0.275399,0.372972,1.165177,1.576160,0.004258,0,0,4.421633
-0.272235,-0.149683,-0.000212,-1.360197,1.805226,1.231036,1,0,-0.385872
1.347570,-0.714598,0.765596,1.488324,0.749883,-1.010907,1,0,4.053980
-1.101531,1.484597,0.262957,-0.422053,-0.014848,1.143146,0,1,-0.584574
-1.222910,0.107670,-0.204678,1.120541,1.645667,0.451935,1,1,0.438780
0.104876,0.515464,0.264412,1.304429,-1.252958,0.046179,1,0,0.066319
0.751507,-2.643262,0.756537,-1.026939,1.785459,-0.277545,0,0,-3.771303
0.648030,-0.994957,0.623018,-2.144032,-0.240321,1.641424,1,0,-0.904075
-2.231021,-0.303749,-0.308058,0.033069,0.061846,0.342075,0,1,-3.714534
1.229592,-0.868368,-1.634950,-0.723099,0.888235,0.134775,1,1,3.312269
1.014160,1.449248,-0.811642,0.502698,-0.250368,0.474204,0,0,2.628409
-1.865789,-0.547808,-0.514698,-1.179537,-1.773708,1.214258,0,1,8.316351
1.678858,-0.885078,1.003874,-2.338617,-1.100224,0.957833,1,0,0.963454
0.617883,0.403611,0.848818,-1.118837,0.167764,1.080938,0,0,-1.552461
-1.058096,-0.197594,0.312225,0.507838,-0.783091,0.113115,1,1,-0.929460
-0.648922,-0.606926,0.574502,-1.079342,0.928408,0.198271,0,0,-2.468525
-0.355029,0.343651,-0.135752,0.086671,-2.017395,0.893680,1,0,-3.207660
-0.966425,-1.957272,-0.328317,-0.227006,1.530361,1.600396,1,1,1.630981
0.115806,0.073138,0.659208,-0.066970,-0.918187,2.000095,1,0,-1.164149
0.389995,0.191036,-0.108416,0.366574,-0.222943,0.378269,1,1,0.427333
1.286072,1.262260,-0.369851,-1.180821,1.513590,-2.483740,1,1,-0.921114
0.085429,0.514341,0.486388,-0.667779,1.802498,-1.162767,0,0,-4.332168
1.090589,1.322649,-1.454990,0.156820,0.838668,1.198521,1,0,1.032996
1.560320,-0.592154,-0.517404,-0.616530,2.426055,-0.712248,0,0,-1.449956
-0.002504,-0.659744,0.302306,-0.267773,-0.472068,-0.448187,1,1,-1.491241
-0.472053,-0.887349,1.727602,0.841773,-0.856181,-0.672853,0,1,1.276810
0.447935,-0.180917,0.547778,-0.744778,0.387709,-0.500790,0,1,-1.010485
-0.144348,1.026244,-2.029775,-0.034695,-0.708756,-0.228762,0,0,0.832589
1.857072,-0.129996,-0.114365,0.223504,-0.760029,2.012369,0,0,2.846766
0.965383,-0.193234,1.042559,-0.941563,-0.213818,0.079494,0,0,0.348211
0.672054,-0.997655,0.161975,0.664939,-0.126731,0.680548,1,1,2.911190
0.935212,-0.081473,-0.635893,-1.202573,-1.871790,1.133023,0,1,2.529447
0.561899,-0.719295,0.820220,0.441508,0.117607,-1.486290,0,1,1.501505
0.201049,-2.083800,-2.563409,0.714439,0.497852,0.783389,0,1,-0.500003
-0.391058,0.859868,-0.733192,-0.836400,0.215744,-0.563030,0,1,-4.423047
-0.441535,-2.359086,-0.518549,-0.993221,0.218994,-1.521564,1,1,-0.983929
-0.049651,-0.416993,0.437604,0.002402,-0.749456,-0.759751,0,0,3.351296
-0.084949,-0.944071,-0.378336,-1.712628,-0.251437,0.783366,1,0,-1.292236
-0.301091,-2.848420,-0.406432,1.451980,-0.196137,-0.797459,0,1,4.261029
-1.378240,0.488969,-0.008794,0.687425,-0.492311,0.712649,1,1,-2.150059
-1.393811,-0.349555,0.315938,0.458220,-1.904889,-1.233403,1,0,-1.354917
-0.898313,0.331998,-0.835796,0.464292,0.477045,0.175723,0,0,-2.648285
0.727033,-0.175360,1.558592,0.060808,0.663170,-0.884928,0,1,2.190699
-0.977190,-0.937091,-1.272247,-0.206718,1.120581,-0.121674,1,1,-4.008047
-0.296291,-0.386542,-0.931981,-1.596089,-0.872400,-0.556294,0,1,-0.886384
-0.557556,-0.303060,-1.197703,0.698923,1.792883,-1.637946,0,0,-1.650149
-1.131738,0.936204,0.057176,1.511206,-0.471354,2.324643,1,1,-0.693634
-0.254643,0.173250,2.199959,0.814200,0.105152,0.073355,1,0,1.592450
-0.477348,1.727761,0.540404,-0.549401,-0.000358,-0.732664,0,1,-3.080171
-1.851411,1.352531,0.088222,0.399736,0.687966,-1.339285,1,0,-6.474581
-0.699716,-1.817054,0.278308,-1.205912,-1.235095,0.172034,1,1,-2.715915
0.969665,-0.478655,0.503171,0.937193,-0.263356,0.164902,0,0,3.850268
-0.778105,1.416608,1.373560,-1.218209,-0.769633,0.013966,0,1,-5.030219
-2.252155,-0.919876,-0.200709,1.327906,-0.816868,1.164034,0,0,3.451740
-0.366514,0.042958,0.734286,0.852772,-0.647182,-0.273364,1,1,-0.031503
-0.150202,1.157848,-0.099804,-1.039702,-2.418688,-0.800758,0,1,-0.994796
-0.449043,-1.092661,-0.958553,-0.619894,0.522597,-0.293192,1,1,-2.836424
0.527355,1.880689,-0.403232,1.176157,-0.750779,-0.809340,0,0,11.461164
-0.781048,-0.330862,1.241906,-0.184201,0.489711,1.430511,1,1,2.168336
-0.225631,-0.586536,0.137595,-1.016199,0.522755,1.486183,1,0,5.854617
0.069075,0.043739,-0.097835,2.184965,0.848230,1.006439,0,1,2.283982
-0.387170,1.055951,0.601672,0.580382,-1.651607,-0.710748,0,0,0.430392
-0.733269,0.241322,-0.558282,2.403461,-0.847610,0.292062,1,0,-0.363743
1.324120,1.258617,-1.081609,-0.366708,-2.211187,-0.638914,1,1,-0.013891
-0.059832,1.925595,-0.971049,0.687999,-0.849473,0.071263,1,1,-1.843236
-1.153908,-0.549213,1.236397,0.130275,1.912596,-0.645939,0,0,-1.048594
0.954433,-0.216006,-1.200043,-0.507651,1.241635,-0.949271,0,1,-3.608720
-1.312968,-2.259459,-0.915174,-1.626888,0.062275,0.891944,1,0,1.816574
0.217647,-0.414232,0.633927,1.075647,0.006414,-1.212959,0,0,2.156521
-0.297954,-0.886490,-0.388146,0.267633,0.326311,0.389054,0,1,2.581707
1.043738,-0.200996,-0.141915,-0.069258,-1.730761,-0.627901,1,1,0.254808
-1.015295,1.579981,0.254841,0.549285,-0.871072,0.474724,0,0,-3.883145
0.320862,0.721019,-0.028591,-0.957702,-1.113323,-1.384501,0,1,-2.053618
-0.993027,-0.403101,1.129753,-0.657426,0.343154,-0.257265,0,0,-1.954609
0.285295,-0.868025,-0.329795,3.431786,1.356638,1.363382,0,0,1.627839
-0.115098,-1.223909,0.605287,0.532476,-0.060540,-0.514724,0,1,5.084586
-1.092165,-1.570611,-1.618961,0.643910,0.287387,0.104275,0,1,-0.158095
-0.865056,0.517201,0.483624,-0.805346,0.498129,0.505945,0,1,-4.035129
0.792491,0.116471,-0.112058,-1.405606,1.837551,-0.350508,0,0,-2.199007
-0.331219,-1.730328,1.439010,-0.626309,-0.287634,-0.421281,0,0,1.194900
0.484441,-0.984939,0.389768,0.217346,-1.167444,1.017379,1,0,0.043060
-0.336594,-1.478132,-2.365175,0.739521,-1.296640,-1.767554,1,0,-0.250308
0.027279,-0.104008,0.207377,-0.191600,0.295560,-0.424369,0,1,1.521953
0.819587,1.297843,1.855207,-0.607013,-0.118872,0.733554,1,0,5.361172
-0.691045,0.227911,0.429425,-1.102304,-0.471543,-0.119062,0,0,-2.463238
-1.592386,-1.268987,0.148514,0.279567,1.431374,-0.733129,0,1,-2.116424
-1.119869,-1.128399,-0.273058,-0.074652,1.428739,0.533770,0,1,-3.153532
1.177571,1.572589,-0.422279,-1.618080,-0.477703,-0.762270,1,0,-1.015151
0.520595,-1.014540,0.247981,0.600063,0.430152,1.085437,1,0,2.984313
-0.587113,1.541071,-2.085708,1.351098,0.188390,0.923824,1,0,-2.813857
0.166629,0.548312,-1.370778,0.221472,-2.191359,-0.149778,0,1,4.542856
0.792671,0.860156,-0.737411,-1.607985,0.110147,-0.022093,1,0,-1.770905
0.537148,-0.157490,-0.057833,0.216658,0.441326,1.002843,0,0,3.620013
0.359231,-1.289569,0.849485,0.770237,-0.248258,-1.243744,0,1,6.774183
0.435465,-0.392552,-0.081293,0.666192,-1.976223,0.528965,1,0,-0.269536
0.736637,-0.023426,-1.384755,0.429031,1.256487,0.449034,1,0,7.215665
-0.227342,-0.611907,-0.397418,0.564829,0.950070,1.231469,0,0,0.306242
1.578394,0.047372,-0.454555,-1.251458,-2.728616,-0.496884,0,0,1.660282
1.302216,-1.136526,-0.021194,0.436801,0.760057,-0.309826,0,0,0.624920
-1.089240,0.589610,0.179611,0.482450,1.128491,-0.662906,1,0,5.070651
-0.445722,1.891184,0.449171,0.077805,0.195885,2.259637,1,0,-3.940400
0.571932,-0.832188,-1.754226,-0.003141,1.174113,-0.896285,1,1,-2.361663
0.487394,0.580505,1.139647,0.340326,-0.631214,1.033303,0,0,6.488653
-1.463737,0.402589,-0.411249,0.143972,0.626820,-0.218903,1,1,-2.515654
1.302144,1.232780,0.191994,0.303324,-0.612340,-1.592890,0,0,2.759409
0.643207,1.147163,0.624110,1.678897,-1.694042,0.096282,0,1,2.402699
0.652098,0.458311,1.633720,0.627343,1.923904,-0.164569,1,0,4.474482
0.398751,0.026921,2.636010,-1.657844,-0.106670,1.764743,0,0,-0.284403
-1.782453,0.354267,-1.729304,-0.498738,0.140086,0.220657,1,0,-6.690436
1.973287,0.173571,0.029576,-0.324797,0.157730,-1.083785,1,0,2.165304
-0.718226,-1.353638,0.679581,0.531452,0.185382,0.634566,0,1,2.081312
-0.683706,0.779687,0.542270,-1.926864,-0.132685,0.228459,0,1,-3.195486
-1.036963,-2.336099,-1.371287,0.585610,1.024674,-0.501956,0,1,-1.322248
-0.409458,1.582331,-0.155391,-1.001698,0.278748,-0.038341,0,1,0.357940
-0.427642,1.425823,0.622444,-1.043071,1.353087,1.165616,0,1,-2.936069
-0.216453,0.212021,1.233273,0.547128,-0.881612,-0.124083,1,1,2.055896
-1.054437,0.483526,0.946599,0.587532,-0.272018,1.197950,0,0,7.701063
-0.390131,-0.873051,-0.208956,0.000073,0.732254,-0.813003,1,1,-0.468742
0.957671,0.672670,0.750770,0.966415,0.981522,0.903059,0,0,3.093413
-1.651689,-1.199141,0.507175,-1.169477,-1.427004,0.588318,1,0,-1.447410
-0.135015,-1.645003,-2.674928,-1.240863,-1.020709,-0.118515,1,0,-3.158095
-0.716715,1.094642,-1.331633,1.326112,1.367282,-0.038722,1,0,-1.373693
-1.651083,-1.142130,-0.812307,1.455052,-0.017294,-1.183757,0,1,0.254718
-0.315354,-0.418789,-0.469072,-0.700969,-0.607365,0.077036,0,0,-1.106423
-1.963478,-0.218260,-0.655654,0.473172,0.160738,-2.515701,1,0,-0.293827
1.087489,-0.051782,-2.192684,0.165848,1.047627,0.446910,0,1,-4.071298
-0.907493,1.623791,-1.918545,1.489799,0.522747,0.898225,0,0,-4.896818
0.989615,1.057162,0.762069,-0.459708,0.590873,2.306741,1,1,2.790112
-0.751784,-0.039183,1.977595,0.137963,0.308883,-0.225190,0,1,-0.115115
-0.108292,-0.722419,-2.147908,1.585791,0.543197,0.478357,0,0,4.280686
0.067793,-0.486289,0.646130,0.292249,-1.146476,0.142457,0,1,0.725785
-0.551707,-0.780539,-0.632197,-2.061946,-2.442387,-0.874140,0,1,1.324631
0.765075,-2.288476,-0.798014,0.259792,2.180609,-0.909093,0,0,-1.541801
0.385392,-1.189834,-0.981358,0.363409,-0.698073,1.232103,0,1,3.391721
0.594314,1.232751,0.910857,-1.035148,0.784924,-0.266512,0,1,-1.476446
-0.486532,1.858608,0.164134,-1.017870,0.822486,-0.415701,1,0,-4.745935
1.339596,1.282551,0.627576,1.566523,0.206542,-0.657470,1,1,3.167950
-0.586298,-0.735347,0.684219,0.170419,-0.389337,-1.383875,0,1,-0.408917
0.346930,0.604633,0.010631,-2.570104,0.523723,-1.074698,0,1,-2.912667
1.082966,-1.328312,-1.109211,-0.257457,0.718655,1.006123,1,1,2.958581
-0.215716,-0.161182,-0.478466,-1.363893,1.990831,-0.068074,0,0,-4.408411
-0.523741,-0.875149,0.568336,1.019220,-1.196485,-1.603891,0,0,3.385078
-1.333734,0.555630,0.494929,0.521460,0.620348,0.806880,1,1,-0.983855
-0.704026,1.089555,-0.055410,-0.059789,-0.595151,2.296130,0,1,-2.154338
-2.998910,-0.728312,0.709755,-1.616447,1.190226,-0.309400,1,0,0.291991
0.081093,0.379160,-0.990239,1.492788,-0.514941,-0.266527,0,1,1.918082
1.118800,-0.639075,-0.875376,1.031543,0.810323,0.242254,0,1,2.236820
-0.724369,0.505640,0.531425,1.044230,-1.373508,-0.555110,0,1,18.078874
0.872213,0.333818,-0.846970,-0.777796,1.539733,0.598763,0,0,-2.306150
-0.008636,-0.208885,-0.652219,-0.488132,-1.242191,3.328001,1,0,-2.286909
-0.225969,0.749052,0.980178,-1.306387,-1.378743,-0.158939,1,1,-5.183448
0.275047,1.096078,-0.970674,-1.995473,1.150338,0.011999,1,1,-4.104267
0.313345,0.113951,0.851177,-1.122165,0.117161,-0.123113,0,1,-1.625963
-2.203097,0.193439,-0.796864,1.042196,-1.184532,-0.468973,0,1,0.377319
0.518340,-0.944319,-0.824310,-0.415519,-1.040024,0.526677,0,0,-0.703871
0.518222,1.732100,0.065346,-0.058627,0.121109,0.996505,0,1,-2.159517
-1.784920,-0.022406,-0.147542,1.001738,-1.992927,0.544433,1,0,-1.799815
1.545263,-0.039826,-0.584157,0.841604,0.554317,-1.028465,0,0,2.575814
-0.015760,0.053881,-0.105003,0.800544,-0.588403,-1.710853,1,1,2.925451
0.809358,1.128929,-0.048331,-0.219801,-0.454967,-0.247522,0,1,0.762233
-0.948958,-0.028487,-0.313839,0.139056,1.247145,0.295824,1,1,-1.961285
0.047460,-0.501788,-0.430319,-0.390007,-0.719223,0.834001,1,1,-2.420849
0.982222,-0.658341,2.660868,0.836778,1.538619,-0.451261,0,1,15.602661
0.369890,-0.973925,1.388331,0.137563,-1.448467,1.412962,0,0,2.762958
-0.063518,0.232740,-2.693362,-1.531884,1.431272,2.214276,0,0,-3.532391
-0.469859,-0.225506,-0.452942,-0.993883,-0.298940,1.544746,0,0,1.035744
1.033685,0.353823,-0.024132,0.940932,0.084455,0.212637,0,0,3.035836
-0.003683,1.457277,-0.214538,0.631160,-0.578116,0.649499,1,1,-0.571061
0.693964,0.926138,0.109327,-0.015600,-0.370641,1.395724,0,1,-0.406791
0.420358,1.297430,-0.624763,-0.003434,0.186249,0.637615,1,0,4.419067
-0.046029,-0.585271,-0.857699,0.575170,-0.489579,-0.860099,0,1,2.523859
-1.514568,-0.905005,-0.349701,0.429647,0.986968,0.310996,0,1,-2.263711
0.343287,0.948014,-0.065452,-0.718389,1.144154,-1.399182,0,0,-2.763944
1.299946,0.265487,0.378834,-0.618549,0.688897,-0.272353,1,1,0.752862
0.989292,0.853208,-0.834578,0.542433,-0.916812,1.175852,0,0,2.993085
-0.607043,-0.601150,-0.082341,0.324127,-0.821636,0.534132,0,0,1.173186
0.423071,-0.510528,0.977312,-1.331938,-0.377713,-0.463146,0,0,0.294831
0.132305,0.171278,1.797184,-0.580366,0.128575,-0.463608,1,0,-1.584418
-0.108718,-0.175917,-1.642216,0.440988,0.630706,-0.341912,0,1,-1.989637
-1.679506,0.471406,1.161020,0.024191,0.159335,1.957029,1,0,-4.263191
0.581312,0.275832,-0.352623,0.800478,-2.011219,0.883827,0,0,3.794156
0.360779,-0.900421,1.520921,1.468495,-0.260485,-0.209288,1,1,3.849664
0.732282,0.709225,-0.434643,-0.224416,0.897697,-0.514082,1,1,-1.095628
-1.133960,-0.425782,0.231874,1.122468,-0.210782,1.127562,1,0,4.440452
1.732078,-0.320409,-0.645452,0.174247,0.272540,0.540230,1,0,4.772089
0.000890,0.413716,2.131562,0.256728,-2.755248,-0.883392,0,0,4.046009
-1.055046,-0.553789,-0.501663,-0.961952,1.429295,-0.678620,0,0,-3.893432
-0.814981,-0.042577,-1.125971,-0.178011,-0.424547,0.136205,0,0,-1.538377
1.203253,0.548895,-0.191640,0.503988,-1.070462,-0.212801,0,0,3.400511
-1.778308,-1.485349,-0.689040,0.311197,-1.245013,-2.036096,0,1,5.355533
0.522133,0.898226,1.265661,0.678059,-0.105740,1.161387,1,1,1.042816
-0.564313,-0.281351,0.803733,0.886766,-0.084867,-1.395387,0,1,5.406039
-0.490044,0.912633,-0.388359,-1.186339,0.451209,0.190008,0,0,-3.786000
-0.809035,0.161593,-0.321840,0.116927,0.690303,-1.918532,1,0,-1.943301
-0.307758,-0.004963,1.598310,-0.016323,0.292442,-2.032984,0,0,1.870786
0.940661,-0.495473,-0.570302,-1.113879,-0.082799,-0.628473,0,1,-0.840858
0.364242,1.144209,0.581604,-1.119309,-0.904613,-0.748133,1,0,-3.639562
0.176224,-0.150001,0.287905,1.061342,0.035571,-0.565592,0,0,2.583352
1.585400,-0.686251,0.520853,-0.859303,-1.891987,1.107683,1,1,-1.236228
-0.310759,-1.657255,-0.986903,0.456668,0.182150,0.139607,0,1,0.760207
0.072249,1.769991,0.039215,-0.800420,-0.930724,-0.834773,0,0,-1.020136
0.771862,-0.150016,-1.412488,-0.140620,-0.853045,-0.089644,0,0,-0.080968
-0.844210,1.359738,0.329235,-0.889140,-1.398375,-0.234617,0,0,-4.683795
-0.879851,-0.621985,-0.339063,1.731483,0.216810,0.288889,1,0,1.222480
0.175381,1.330375,-0.026390,0.129053,0.519131,0.900347,0,1,-2.349546
-0.534995,-0.906426,-0.448842,-0.973292,0.857277,-0.032225,1,0,4.541544
0.750128,-0.097709,0.807840,0.101442,0.925296,-0.318441,1,0,5.175400
0.507414,-1.506253,-2.085161,1.704280,0.575748,-0.337888,0,1,0.022874
-0.967554,0.899265,0.425348,0.017832,-1.519845,-0.443227,1,0,-5.299934
0.833728,3.319809,-0.946807,0.047221,0.761001,-0.798882,0,1,-4.822739
0.423213,0.191840,0.904340,-0.744540,-1.930175,-0.483062,0,0,6.659525
-0.880830,0.386095,0.712292,-0.563053,0.375427,0.900489,1,0,-3.129693
2.282284,-0.752059,-0.815936,0.957702,0.146874,-1.343199,1,1,4.746947
-0.648389,-0.101401,-0.330470,0.090181,2.317191,-2.665324,1,0,0.001144
0.415990,-1.090250,-2.256860,-0.796060,1.106179,-0.239397,1,0,-1.560499
0.273365,0.441294,0.161064,-0.959015,-0.408791,0.711687,1,0,-1.775609
-1.135377,0.423027,-1.074825,-0.313332,-0.229123,-0.505026,0,1,-2.694288
-1.135021,-0.375831,-0.988163,-1.865932,0.665891,-1.482162,1,1,-4.358261
0.426121,0.744600,1.070662,0.176835,-1.108582,-2.328218,1,0,0.138138
-0.649691,-0.148897,0.512255,0.314471,-1.020584,-0.210658,1,1,-2.012126
-0.351997,-0.485213,-3.360765,-1.173924,-0.847300,-1.579959,1,1,-1.207074
-0.424663,0.877811,-1.347835,0.857125,-0.350559,-1.181304,1,1,14.485293
0.134476,-1.522294,-0.129304,0.170606,-0.583308,0.052766,0,0,1.597356
1.147150,0.335473,1.735381,1.543948,-0.431554,1.199162,0,1,3.498490
0.653387,-1.057186,1.320031,-0.499810,1.234424,1.581062,0,1,1.191230
0.681766,-0.851837,0.161135,0.064808,-0.442198,-0.361433,1,0,12.209739
-1.558569,0.958420,0.853643,0.172047,0.014974,-0.778359,0,0,-4.654062
-0.625989,-0.352270,-1.170654,0.141303,-1.198727,-0.377252,1,1,-0.852176
0.251108,-1.822363,-1.171512,-2.048768,-0.623763,1.020504,0,0,3.186351
-0.148540,0.918638,-0.752246,-0.062993,-0.235171,0.058679,0,0,-2.026369
1.139434,0.538705,-0.242292,-0.906681,0.801170,1.020883,0,1,-2.069396
-2.202460,-0.174613,-0.543035,-0.107407,0.271948,1.028639,1,0,-4.008885
2.035163,-0.591413,-1.100431,0.021345,-1.565990,-0.237603,0,1,5.389760
0.312764,-0.828639,0.249494,1.730015,1.474287,-0.512471,0,1,11.497337
-1.053058,-1.982996,0.704044,-0.748260,-1.195562,-0.366884,1,0,1.426946
-0.129603,0.627277,-0.517873,-0.834295,0.109528,-1.007801,0,1,-2.498968
0.037330,-0.337447,-1.467297,1.167692,-0.207605,0.941323,0,1,5.656285
-1.940179,0.551299,-0.242462,-1.242512,-1.250468,1.396041,1,0,-7.259994
-0.854959,0.477125,0.502044,-1.132190,0.554578,-0.902992,1,0,-3.759227
0.893950,1.659012,0.270752,0.717763,1.315177,0.728253,1,0,3.875366
0.505435,0.589808,-2.831668,-0.334883,2.033360,0.895623,0,0,-4.573560
-0.094478,-1.791075,-0.418499,-0.719261,0.199350,0.294659,1,1,-0.041749
-1.274139,0.351498,1.765382,-0.786533,-0.126896,0.410847,1,0,-4.173071
1.771767,-0.818630,0.101969,-1.222524,-1.316311,-0.116576,0,1,4.398530
-0.449677,0.451204,0.392901,-0.840478,-0.328452,-1.636380,0,0,-2.794136
0.527532,-1.029435,0.113200,-0.530315,1.740630,-1.016617,0,0,-3.125197
-2.641787,-0.818127,-0.100818,-0.753199,1.332492,0.272206,1,0,-0.766515
-2.282555,0.445200,1.715763,0.462603,1.650354,1.038256,1,0,-1.713956
-0.175009,-1.857832,-1.595820,1.515001,-0.499864,-0.109419,0,0,2.716576
0.361362,0.955007,0.270289,-0.630643,-1.786242,1.348845,0,1,-1.398421
-1.794405,0.171111,-1.048127,-0.614220,-1.314375,2.769965,1,1,-4.128092
-1.485888,-0.038997,0.791260,0.949567,-2.043377,0.473806,1,1,-4.088437
0.286159,0.489707,0.938068,0.211220,1.905986,-0.358276,0,0,3.351086
1.689521,0.399077,0.630138,0.437974,0.550469,-0.479079,1,0,4.614413
-0.027703,0.558905,-0.726088,-0.454756,-0.916232,-0.204916,1,0,-3.126721
1.619147,-0.998655,0.451054,-1.332639,-1.024169,-0.489358,1,1,0.069220
-1.475914,1.765832,1.229370,-1.346596,-1.020779,0.168380,1,0,-9.360306
0.425555,-1.460527,-0.549722,-0.113184,1.674242,-1.110489,1,1,0.381646
2.517878,-0.242289,0.225771,-1.049567,-0.938333,0.033037,0,0,1.247820
1.005183,-0.095576,1.936811,0.849208,0.327665,0.999660,0,0,9.810162
-0.148049,0.034812,-0.857458,-0.954795,-1.383179,1.300922,0,0,-1.500485
1.147455,1.611735,0.473547,0.967336,-0.588790,-1.349526,0,1,2.181099
0.648096,0.763475,-1.274770,-0.586264,0.255230,1.523099,0,0,-1.748060
-1.140275,0.468244,-1.930890,-0.030973,0.101462,-0.067314,0,1,-5.573220
0.000979,-0.780452,1.032193,-1.104926,1.668769,0.044815,0,1,0.158153
0.533245,1.790754,-0.536007,0.621299,-1.683088,-0.454095,0,1,2.528388
-1.208935,-1.682723,-1.421941,-0.975187,0.584810,0.328254,0,1,-5.413691
-0.872317,-0.828262,1.388829,-1.417953,-1.050982,-0.085784,1,1,-4.909078
0.174724,0.151474,-0.311703,-2.852109,-1.026168,0.881909,1,1,5.473995
0.176766,0.760946,-0.808407,0.295698,0.086248,-0.098367,1,0,14.182356
-1.503369,0.109574,0.871178,0.730850,-0.534394,-2.095595,0,0,-0.423915
-1.437891,-0.881050,-0.732462,0.915660,-1.011526,0.835660,1,1,0.045364
-2.291472,-2.899251,-1.305238,-1.179449,-0.427257,-1.344357,0,0,6.327322
0.198118,0.385468,1.080680,0.337729,-1.661406,0.938208,0,0,9.049527
1.413063,0.296006,1.020280,-1.816522,-0.308245,-0.891910,1,1,-0.383599
-0.393505,0.657309,0.122490,0.880303,-0.499604,1.861365,0,0,0.658505
-1.099409,-0.418300,-0.089881,1.356315,1.856717,-0.476365,0,0,-0.611191
0.629943,0.556149,0.494473,0.504392,-1.541268,0.103415,1,0,0.612488
0.124728,1.065627,0.219678,0.689511,-3.143688,0.035048,0,0,3.734615
-0.005119,-1.061502,1.209023,-1.285457,0.699146,-0.300636,1,1,1.203550
-0.712559,-0.502735,0.581570,1.208201,-0.996581,0.261337,1,0,1.940817
0.094612,-0.569331,-2.090314,0.019833,-0.503751,0.625609,1,1,-0.684533
0.474638,-0.147529,0.778281,0.344763,0.759247,1.078606,1,0,11.500929
0.500620,0.953965,-0.183162,-0.905297,0.165591,-0.508013,1,0,-1.672537
-0.370825,1.882129,-0.106625,-0.382745,0.955229,-0.326646,1,0,-4.007595
1.077193,-0.203580,-0.910687,-0.416002,-1.181324,0.250979,0,0,19.049253
1.051206,2.027988,-0.175709,-0.279316,-1.102817,-0.558488,0,1,-1.363935
0.819292,-0.099454,-1.585701,0.597105,-1.127538,-1.490450,1,1,3.001373
-0.755130,0.627209,0.364461,0.210418,0.534865,-0.342509,0,0,-2.531500
-0.618704,1.531023,-0.347167,0.032959,-1.051875,0.591326,1,1,-3.592143
1.136729,-0.442081,1.374458,1.023440,-1.074615,0.788922,0,1,3.271563
0.189701,1.204206,-1.173750,0.731516,2.141347,-0.375338,0,0,-1.307885
0.011413,0.577204,1.417511,1.787342,0.274562,-0.934850,1,0,22.491000
-0.601889,1.237568,0.816028,1.691756,0.742958,0.561581,1,1,1.640867
0.674148,-0.138208,0.484429,-0.167155,-2.232972,0.648686,1,1,-3.285807
-0.503121,-0.451973,-0.616121,1.016195,2.217143,1.196674,0,0,1.437204
-0.255325,-0.622762,-0.930295,-0.196542,-0.101677,0.311215,1,1,-2.100765
-0.684863,-0.798314,1.696070,0.565974,1.598501,0.877298,1,0,7.323361
0.338387,-0.807009,0.596156,-0.527818,0.947812,-0.567890,1,1,3.307032
1.686157,-0.654017,-0.709272,-0.799858,-2.041709,-0.274140,0,1,19.131685
-0.183604,0.476847,-0.515791,-1.231449,2.079570,-0.570176,0,0,-5.296788
-0.468309,-1.418925,0.203826,0.309595,0.275891,-0.668876,0,0,1.760695
1.037736,0.237752,-1.496802,0.384126,-1.171165,0.359185,0,1,4.272243
-0.803085,1.851050,0.016336,0.877289,-0.013400,-0.797659,1,0,-4.271872
-0.368388,1.143626,-0.581321,2.956876,-0.586591,0.173598,1,1,1.186482
1.234778,1.948921,0.746239,-1.619053,-2.055051,1.587691,1,0,-0.453753
-1.106624,1.044839,-0.671083,-1.879150,-1.678651,0.245477,0,1,-1.702725
-1.986728,-1.249283,0.983917,-0.452359,-0.598441,-1.340702,1,1,-4.538453
1.255525,1.155562,0.316142,1.051834,-3.341462,0.203371,1,1,-1.060381
-0.282303,0.471784,2.273839,0.114467,0.553447,0.454723,0,0,-0.608215
-0.310299,0.243613,0.694581,-1.768897,-1.573901,0.944648,0,0,-1.335497
1.179932,-1.343883,0.090429,1.309828,-0.599672,1.509779,0,0,3.259897
1.633815,-3.243264,0.651091,1.975517,1.002291,-0.227961,1,0,1.351379
-0.118289,-1.105173,0.199254,-0.392590,-0.175735,0.997080,0,1,6.844101
-0.442085,-0.971498,-0.151772,0.229188,0.190987,-0.597650,0,1,-0.689350
-0.721885,-1.091454,-0.227704,-0.034405,-0.878873,-1.158576,0,0,0.221607
1.326078,0.883972,-0.019563,-0.634804,-0.053676,1.794648,0,0,0.667399
0.466648,-1.247590,-2.677890,-0.480363,-0.859578,0.774546,0,0,-1.713214
-2.592903,-2.494944,-0.169255,-0.430406,-0.461415,-1.416428,0,1,-1.813160
0.176685,0.505285,3.355516,0.105058,1.080326,-0.178120,0,0,0.309212
0.380922,0.884028,0.057628,-0.790279,-0.292984,1.409419,1,1,-0.360264
0.424698,-1.572149,-0.054053,0.438783,1.020806,0.991016,0,0,1.258712
0.954593,-0.705305,1.150499,-0.592680,-0.381762,-1.206124,1,1,-0.212704
0.739154,-0.755165,0.444239,1.119129,0.427122,0.451892,1,1,4.083126
-0.081530,1.564867,0.174058,0.472138,-0.378844,1.409571,0,0,-0.780720
-1.972185,2.412023,-1.296416,-0.692626,1.576359,1.482229,1,1,-9.022573
-2.965699,-0.017450,1.109527,0.087891,0.515784,0.112812,1,1,7.844059
1.208019,0.746516,0.923675,0.136395,-0.536600,-0.751114,0,1,-0.028724
-0.018159,-0.505485,-1.141003,-1.479008,-0.734209,-0.929274,0,1,-0.018733
-1.985053,-1.495469,0.536583,1.432213,0.692296,0.686726,0,1,0.511832
0.795005,-0.809119,-0.022089,-0.041943,0.486500,1.119511,1,0,1.171232
-0.499477,-0.612118,-0.488284,0.714157,0.627172,0.903181,1,0,2.147094
0.237529,-1.020990,1.650778,-0.801647,-0.712437,0.239736,0,0,0.474389
0.508409,-1.213456,-0.823408,-1.269793,-1.137972,0.063478,1,0,0.571562
0.925293,-0.912584,-1.732762,1.200410,-0.237600,0.177216,1,0,1.123603
-0.576417,1.520746,-1.884420,0.394922,-1.701062,-0.891706,1,0,-5.336320
0.533352,-0.065961,-0.877077,-0.522904,0.535650,-0.067373,0,1,-2.960169
-1.207117,-1.357360,-0.669037,-1.305475,-1.086189,-0.370617,0,1,-1.558950
-0.253122,0.448331,1.287604,-0.765431,0.470275,1.500745,1,1,-1.536059
0.903212,0.895433,1.241703,-1.165847,-0.267670,0.183617,1,0,0.518891
0.137941,-0.702502,0.204529,-1.350063,1.457588,2.055145,0,1,-2.636144
-0.730221,-0.313170,1.696200,-0.242382,0.232256,1.594314,0,1,-1.139759
-0.041760,1.196142,-0.347946,-0.578659,0.895075,-1.727776,0,1,-4.886293
-2.296297,0.711794,-0.629198,-0.926908,0.226365,0.983632,1,1,-6.980693
0.266985,-2.475553,0.077941,-0.805711,0.731341,-1.201164,0,0,-1.044648
1.553556,-1.962736,-0.698734,2.399023,1.809584,-0.954482,1,0,2.702463
-1.319800,1.094144,-0.314350,-1.162087,-0.117676,-0.361456,1,1,-4.105857
-0.817895,-1.693955,-0.971906,0.158164,-0.692009,-0.068859,0,1,0.773889
2.002576,-0.046409,-0.889555,-1.194162,-0.609854,0.001182,1,0,-1.020406
-0.975078,-0.367734,0.789561,-0.186794,0.264998,-0.389844,1,1,-1.511547
-1.692218,0.004580,-0.028174,-0.949087,0.779718,1.321082,1,1,-4.145050
0.292076,1.052283,-0.556572,0.104930,0.858551,-0.529281,1,0,-0.703966
2.107292,-0.299998,1.749009,-0.504803,1.287126,-0.142038,1,1,5.960684
-0.625720,1.408983,-1.222647,0.043345,-0.427580,-0.192445,1,1,-3.432989
-0.981729,-2.004903,-0.536931,0.444308,1.802489,-1.044199,0,1,-1.461305
-0.280290,-1.297387,0.250310,-1.249239,0.193685,0.626563,1,1,-1.296120
-1.468038,0.183900,0.340662,-1.040986,1.125905,1.031909,0,1,2.053041
0.784750,-0.197408,-0.089407,0.587357,-1.353852,-0.313853,1,1,1.100259
-0.484840,-0.544493,-0.307040,0.105660,-0.226230,-0.198333,0,0,-0.463030
0.113019,1.756462,-2.630442,-0.013964,-1.168769,0.634433,0,1,5.780947
1.165530,-0.634163,0.607839,-0.948788,-1.454246,1.181927,0,0,0.663431
-0.266446,1.373685,-0.577482,-0.089475,-1.243733,0.351066,0,1,-0.888319
0.095633,0.105861,0.493961,-1.074996,0.408469,-1.464808,0,0,-2.742489
1.080996,-0.675259,0.642490,-0.348974,2.760635,1.328893,0,1,0.962476
0.654319,0.753161,-0.104164,-0.671439,0.146910,1.343284,1,0,-0.855663
-0.637901,1.121658,0.438771,-1.405750,1.701016,0.813944,1,1,-1.025516
0.394661,-0.605574,0.292009,0.486942,2.097361,-1.148730,0,0,-1.248705
0.603007,-0.757586,-0.912178,0.623353,1.234523,-0.935948,0,0,0.101182
0.469371,-1.093879,-0.038502,1.422279,-0.417908,1.567062,1,0,2.411235
0.387769,0.193195,-0.444073,0.768622,-0.726376,-0.384364,1,1,0.420786
1.032354,1.828577,-2.194552,-0.333312,0.521747,0.867975,0,0,8.892405
0.452648,0.277645,0.809640,-0.560073,0.083040,-1.201826,0,1,-1.833981
0.488330,0.171073,0.441836,-2.194449,-0.103954,0.441966,1,1,4.275167
-1.138056,-1.476127,-0.500824,0.350862,0.541659,0.010688,1,1,0.317853
-0.358689,-1.836884,0.608136,0.791949,-0.661507,-1.025020,1,1,11.554097
0.239593,0.063031,1.578926,0.543183,0.374345,0.037952,1,0,7.161646
-0.489046,-1.849112,-0.812096,-0.794486,-0.063877,-1.446540,1,0,-0.041211
-0.489646,0.476059,0.992221,0.440602,1.233089,0.784021,0,1,0.957254
-0.000422,-1.605152,-0.575419,0.247244,-0.387250,0.609279,1,0,1.632233
-0.352928,1.188869,0.443275,0.189940,-0.288525,-1.157439,1,1,-2.245307
0.152397,1.066389,-1.011944,0.301606,-0.681520,2.315359,0,0,2.773136
-0.227044,-0.063246,0.486538,-1.597100,0.197491,1.954655,1,1,-2.426593
0.744331,0.327904,1.676712,-1.180433,-0.151399,-0.293991,1,1,-1.381205
-0.144093,-2.191759,0.302294,-1.441378,-0.653291,-0.175136,1,1,-1.455336
-0.994270,1.413533,1.264716,1.257809,0.389782,-1.044218,1,1,1.206098
0.620356,-1.263323,2.194241,-0.692238,0.099205,1.398418,0,0,-0.012318
0.793893,1.634985,0.922380,-0.366485,-0.125388,0.466654,0,0,0.574744
-0.931113,0.274831,-0.578009,-0.698982,-0.297932,0.365531,1,1,-1.833647
0.203957,1.717338,-0.221884,-1.057568,0.736524,0.734432,0,0,-3.615900
1.042281,-0.751505,-0.821599,-0.572159,1.193423,-0.676360,1,1,-0.370747
0.337948,-1.878226,-0.217847,-0.474777,-0.913048,-0.098507,1,1,-0.389543
-1.247956,-1.442277,-1.436925,0.828542,0.492881,-0.770232,1,1,-1.085494
1.808491,0.662138,0.891876,0.716532,0.322131,0.477224,0,1,5.577920
-0.643595,2.310244,1.041409,0.193062,-0.475800,0.691390,1,0,2.890374
0.319078,-1.068609,0.111662,-0.024174,0.062456,-0.948001,0,1,0.450201
-0.799352,-0.653699,0.438133,0.353899,0.974705,-0.999635,0,1,-0.543128
-2.340975,-1.171812,0.609026,1.945704,-2.081975,-0.366167,0,0,13.034055
1.066351,-2.302551,0.474152,-0.510793,-1.330479,1.169518,1,1,-0.003474
-0.157367,-1.573839,1.619802,-0.186975,-0.488146,0.620551,0,1,0.046135
-0.963054,-0.520286,0.535785,0.328893,1.206307,-0.642314,0,1,1.289696
0.980398,0.048068,-3.023202,0.472161,-0.992013,-0.242813,1,0,-0.516921
0.141327,0.203380,-0.088367,-0.246112,0.049837,0.782612,0,0,-1.608210
-0.501488,0.931836,-0.598037,-0.060626,0.435804,0.790790,1,0,-3.701059
-0.298712,-0.258642,-1.269450,-0.969826,1.247312,1.618623,0,1,-5.986649
0.372176,0.838193,1.888342,1.075338,0.244839,-1.953493,1,0,3.342387
-0.780601,1.221229,-0.047354,0.097910,0.008838,-0.495668,1,1,-2.975141
-0.040224,1.022526,-1.912493,1.482045,-0.756103,0.554733,0,0,9.777295
-1.778155,-0.106243,-1.835834,0.204313,1.159779,1.072061,1,1,-5.783770
0.557587,1.865982,-0.268928,-0.539601,0.480183,1.162040,0,0,-1.264664
0.301625,1.236532,0.724289,-2.327937,0.699117,-0.746218,1,0,-1.077054
-2.633405,-1.486110,-0.479377,-0.709295,0.533325,-1.683867,1,0,1.600890
1.945313,1.211964,-1.311153,-1.618124,-0.688330,-0.983117,0,0,1.661469
-0.052736,-0.293372,-0.366261,-0.056553,-0.731025,0.891587,0,0,-0.111488
-2.059442,0.681355,0.720544,-0.283123,0.590601,0.896651,0,1,-4.039449
0.511639,-0.302894,-0.413573,0.344363,0.804754,-1.318902,0,0,-0.260751
0.920254,0.036601,1.021204,0.607347,0.418239,0.489000,0,1,2.730013
-1.120482,0.212806,-0.280086,-0.409226,-0.072472,-1.867340,1,0,-4.594884
0.481288,0.204551,-1.378000,0.224482,0.948676,-0.579639,0,0,-1.332255
-0.362756,1.629259,-1.149701,-1.214833,1.348552,-0.073755,0,0,-6.816258
-1.726055,-2.053196,0.071493,0.450914,-1.795526,-0.896270,1,1,-1.242513
-0.832044,-0.152033,1.756104,-0.401034,-0.262272,-0.175771,0,1,0.695767
-1.182877,0.782893,1.635890,-0.551469,-0.321940,0.650396,1,0,-4.512025
0.469487,-0.621738,0.350917,0.471146,1.904209,0.335906,0,0,-0.463218
-0.311964,2.757066,0.261926,-1.815872,0.574130,1.058833,0,0,-6.355506
-0.052874,-0.827401,-1.134819,-0.006980,-0.860110,-0.261047,0,1,0.750307
0.679657,-0.796259,0.163049,0.299483,-1.029976,-0.534382,1,0,-1.017321
-0.895453,-2.450303,-1.801378,0.453877,1.279929,1.850249,0,0,3.092379
0.159904,0.371906,0.935161,0.593930,-0.878565,-1.309506,1,1,-0.920440
0.599772,-0.024617,-1.970517,0.973570,0.189906,1.986934,0,1,1.036726
-0.930158,0.974395,1.503438,-0.043754,-1.949207,0.706988,0,0,-0.246470
0.577848,0.255799,-0.423378,0.106377,1.262369,0.044551,1,0,4.131569
-0.564949,-0.301460,0.338669,0.363382,1.384059,-0.278697,0,0,-1.118254
2.471456,-1.033806,-1.479702,-0.567745,-0.513250,2.550614,1,0,-2.436628
-0.230705,0.062138,-1.129257,-0.969247,-0.990193,-1.258857,1,1,-2.756475
0.544027,-0.606048,-1.629191,0.588027,0.252424,-1.597717,1,1,1.080244
1.834295,-0.798488,0.974053,-1.221081,-0.498741,0.769943,1,1,0.670911
-0.295181,0.385314,0.153474,-0.052495,2.125310,-0.270269,1,0,0.361367
0.858069,-1.358479,0.287363,-2.129641,0.392340,-1.461987,1,0,-1.045114
-1.208583,0.378389,0.927172,-0.795130,-0.132006,-1.668435,1,0,-4.543135
0.336583,-0.086644,0.619819,-0.058098,0.482380,-2.048811,0,1,4.900928
0.457811,-2.449592,-0.037354,0.727097,-1.138069,-1.557192,1,0,1.285000
-0.615831,-1.686050,0.441609,2.176963,0.766935,-1.165291,0,1,13.900079
0.191187,-0.219015,0.247171,-1.207158,0.625341,0.005598,0,1,-2.696050
-0.173417,1.741034,0.434549,0.016885,-1.341200,1.784404,1,0,-3.776807
-0.161971,0.709069,0.095272,-0.605185,-0.867898,1.004516,0,0,0.048060
-0.290988,0.012565,0.198841,0.576013,0.067370,0.772867,1,1,1.425407
0.605597,1.149398,-0.791145,0.862048,-1.411062,-0.704572,0,1,2.496775
1.200880,-0.964970,-1.183601,0.144806,1.174463,-2.120318,1,0,0.293827
0.170638,-0.506014,-1.253862,-0.611133,1.045579,-1.350097,0,1,-5.190734
-1.148778,-1.010701,0.638154,-0.700713,-1.552507,0.052593,1,0,-0.137076
-0.104779,0.674759,-0.083389,0.233826,0.447888,0.809440,0,0,-1.289744
0.211457,-0.901513,1.188566,-0.090879,-0.728637,-1.226677,1,0,-0.163042
1.202041,0.728382,0.448095,0.028779,0.607673,-1.446690,0,1,0.032887
1.016232,0.163486,0.919448,0.730430,1.751270,0.307269,1,1,6.313262
1.209913,-0.120135,-0.128650,-0.770506,0.447214,0.635011,1,1,-0.336844
-0.330937,-0.127353,-1.217196,-0.172014,0.953076,1.503897,1,1,-4.149570
-1.231152,-1.362384,-0.629899,0.392216,-0.746478,-0.426753,1,0,1.303398
-0.509307,-0.056299,-0.229103,0.632357,-0.199490,-1.075961,0,0,-0.065772
1.573037,0.487016,-0.810376,-2.003012,0.033534,-0.455129,1,0,0.889247
0.751714,1.261419,-0.795357,-1.110029,-0.292257,-0.443432,1,0,6.987977
-0.054842,0.042020,-1.852153,-0.605213,-2.333433,-0.238086,0,0,-1.078641
0.064951,0.229255,0.641295,-0.866387,-0.511230,-0.055810,0,0,2.954946
0.088111,-0.250523,0.265384,0.532662,2.077959,0.697856,1,0,2.334680
0.231710,0.799165,1.131021,2.330501,-0.701087,-1.099414,0,1,1.423043
-0.246416,1.514752,0.659720,-0.224770,1.610770,-0.598492,0,1,-2.256352
1.224324,-0.110929,-0.105826,0.007689,-0.407901,-0.584788,0,1,0.621163
-0.392952,-0.754405,0.911293,1.403536,0.158823,-0.154476,1,1,2.768261
0.138642,-0.974602,0.042822,-0.561735,1.083648,-0.599055,1,1,0.628039
-0.295240,1.349938,2.041446,-1.101230,0.914910,-0.814159,1,1,1.225871
-0.063839,-0.476736,-0.041547,-0.041657,0.012749,-0.492571,0,0,-0.961446
1.869294,0.745041,-0.033444,0.686008,-0.662321,-0.961678,1,0,5.779773
-0.391904,2.013601,0.191415,0.361842,0.921171,0.540786,0,0,-2.711984
0.028178,-0.436351,-0.382390,0.009929,0.803783,0.167252,0,0,-1.326081
0.050606,-0.608528,-0.856612,0.976919,-0.571021,-0.097547,1,0,1.350440
-0.156202,0.842550,1.109474,-1.307067,0.541714,0.960636,0,1,-1.885704
-0.399457,0.029724,0.174210,-2.138185,-0.738048,-0.982387,1,1,-3.414363
1.697535,-2.418003,-0.741182,1.319057,-1.673564,1.275129,1,0,-1.667331
0.320980,0.168575,-0.423513,0.607728,-1.189434,-0.079966,0,0,2.339148
0.700160,1.100352,0.870489,-1.834655,0.079869,0.389888,1,0,-1.001629
0.793526,-0.984190,-1.358407,0.290582,-0.213568,-2.092781,1,0,-0.212892
-0.928395,1.794467,0.249424,-1.665734,0.618826,-0.253608,0,1,-4.829875
1.286040,1.313749,-1.267685,0.626012,-1.265583,0.244578,1,1,1.674108
-0.005773,0.859342,-0.878493,-0.604370,0.003352,1.619624,1,1,-3.602608
-0.361172,-0.249894,-0.549060,-0.741674,0.656726,-0.070399,0,1,-2.737571
-1.290356,0.651977,-0.967180,-1.649465,-0.169279,-0.027595,1,1,-4.424557
-1.142432,1.094763,0.396760,0.743017,-0.822332,0.140295,1,1,0.417071
0.060377,0.084599,1.436494,0.518600,1.235487,-2.859525,1,0,1.915887
0.316259,1.036052,-0.528896,0.659265,-0.909862,0.216766,1,0,0.642780
-1.037915,0.119760,0.805691,0.101249,-1.665001,0.255660,0,1,-1.993077
-0.035987,0.956628,-1.040439,-0.395901,-0.872022,1.535168,1,0,-3.609000
-1.466700,-0.198582,-0.865994,0.249709,0.289041,-0.689969,0,0,-2.070913
-0.815320,0.244768,1.124949,-0.462194,0.989740,-1.652785,1,0,-2.084861
0.668971,-0.034822,0.988786,1.333435,-1.026844,-0.580674,0,1,3.228758
1.415873,-0.073042,-2.017594,0.106637,-1.345391,0.182156,1,0,-2.165811
0.707927,-0.397480,1.158097,0.787292,-0.938297,0.528176,0,0,7.575007
-0.227006,-1.742733,1.159576,-1.551227,-1.425134,-1.061048,0,0,6.524147
-0.150476,-2.590318,-1.306719,-0.857686,-1.534198,0.462782,1,1,0.580595
0.570955,-0.485684,0.062572,0.915816,0.131748,-1.593429,1,1,2.611196
-1.307940,0.069398,-0.195890,0.793639,-0.859709,-0.108387,0,0,0.727035
0.707587,0.182462,-0.534165,1.485306,0.386216,-0.136639,1,1,2.969674
-1.503277,0.611017,-0.599385,-0.516869,0.331282,-1.031062,1,0,-5.679208
0.868674,-1.239368,0.791013,-0.992964,-1.025208,1.412335,0,1,5.159996
-0.132733,-1.354320,-1.000099,0.084745,-2.124928,0.736385,0,1,3.573785
2.388878,0.334227,-0.333029,-0.109950,-0.454512,0.437833,1,0,2.226967
-0.763583,-0.268749,1.041935,-0.564304,0.413093,-0.227916,1,0,-1.952185
1.089838,-0.791016,-0.027198,-0.114612,0.068879,0.921807,1,0,0.385432
0.285901,-0.417897,-0.578123,-0.689277,1.989430,-1.750196,0,0,-3.071437
-0.681613,0.455473,-0.066209,0.261799,-0.006694,1.060693,1,1,-1.887805
-1.597090,-0.835011,-0.968547,-0.271450,1.020362,-0.359882,0,1,-5.888363
0.200627,-1.031306,-0.667761,0.251261,0.760024,-0.909646,1,0,4.979869
0.902319,-0.373096,-0.905602,1.710749,0.477921,0.041680,0,0,3.038660
0.246785,0.394920,-0.661102,-0.283629,-0.210414,-1.418014,0,1,-1.647148
-0.551430,-0.966541,0.799752,0.473064,1.179912,-0.923781,1,1,2.763283
-1.464911,0.943613,-1.196914,0.950663,-1.199460,-0.942714,1,1,0.102592
-0.815091,-0.579975,0.010822,-0.647225,-0.718566,-0.563191,0,0,-0.853319
1.355103,0.226499,0.181465,0.414683,0.995213,0.336894,0,0,1.294601
0.868118,1.438947,-1.264276,0.620555,-1.313755,1.180960,0,1,2.847693
-1.617382,-1.861893,0.613670,-1.174634,1.122061,-0.097872,1,1,-0.702741
0.638997,0.235101,0.049585,-1.186447,0.210532,-0.255848,1,0,1.036480
-0.941415,0.441798,-0.691816,-0.398158,-0.203256,0.864011,0,0,-4.681302
-0.669050,-0.007892,0.641838,-1.011392,-0.373653,0.851009,0,1,-3.160477
-1.605700,0.515308,0.257889,-1.748787,2.046563,0.193128,0,0,-7.103122
0.048736,0.397636,0.698988,0.053772,0.112394,1.004148,1,0,-0.787442
1.352638,-0.689701,-0.174900,1.217702,0.185774,-0.641727,1,1,4.219061
-0.646188,0.506790,0.078880,0.329333,1.178759,0.476565,0,1,-2.007402
-1.198203,-0.219986,0.729285,-0.813483,0.283897,0.084626,1,1,-2.430258
0.730860,-0.116298,-0.996346,0.551064,0.103024,0.125548,0,0,0.858182
1.342516,-1.237406,0.204487,-0.177062,0.059903,1.125393,0,1,0.677017
-0.042525,-1.082246,0.947320,0.162067,1.385828,1.699822,0,1,2.315690
-0.323418,-0.082948,0.501939,-0.176065,1.679700,-0.425516,1,1,4.961045
0.340569,-1.543169,0.439039,1.442715,-0.686561,-0.407539,1,1,3.534021
-1.434561,-1.012011,0.159597,1.058784,-0.985075,-2.035303,1,1,5.093618
0.324627,1.518766,1.062012,0.763778,0.245281,-1.115838,0,1,0.992501
-1.779834,-1.190697,0.489234,0.442163,-1.247578,1.172489,1,0,1.545973
2.283114,-1.161002,0.361738,1.672276,0.910864,0.274931,1,1,6.949087
1.265190,0.153865,-0.548906,0.378114,-1.018170,0.349929,0,0,3.032830
0.035265,-0.989875,-0.133925,-0.636361,1.973976,1.047324,0,0,-2.150877
-0.065150,-1.047690,-0.204135,1.076282,0.607979,-1.804520,1,0,3.143325
0.641803,1.145892,-0.043419,-0.828168,0.496849,0.341817,1,0,-0.335943
-1.428086,-1.167953,2.171870,0.212907,-0.203856,-0.377632,1,0,4.767427
0.728392,1.520778,-1.428521,0.628960,-0.791031,-0.884686,1,0,1.776116
0.458915,0.960426,1.297255,-1.155144,1.022441,-0.264227,0,1,-1.549562
2.356148,1.073856,-0.024449,2.027350,0.643609,-0.166264,1,0,8.753751
0.392014,0.323018,-0.304494,0.331669,-0.991009,2.032589,1,0,-1.150528
-0.332417,-0.008383,-1.338776,-0.692971,0.092904,-0.103512,1,0,-3.439949
0.558442,-1.106654,-1.540323,0.409772,0.583409,-1.378936,1,1,0.385048
-0.249952,1.062732,0.089534,0.678021,-0.924733,0.364504,1,1,-0.288437
0.513589,0.526100,1.271837,0.011623,1.467781,-0.807216,1,1,4.119790
-0.907213,-0.206453,-0.392701,-1.650855,-0.316907,0.346230,0,1,-3.543163
-0.126707,-0.788430,-0.413341,0.815600,0.376687,-0.986965,0,1,1.333061
1.015230,-0.070686,0.475485,0.529216,-0.091028,0.208479,0,1,2.983642
0.024786,-1.751827,0.477177,0.837844,-0.366094,1.162980,0,0,4.342896
-0.845399,-1.092009,-1.154169,-0.999425,1.217796,0.139294,0,1,-6.501458
1.872448,-1.111151,-0.074591,0.169363,-0.281572,0.220948,0,1,3.571789
-0.544842,-0.788830,-0.952821,-1.606973,0.009880,-0.607568,1,1,-0.987073
1.624431,0.589715,-0.595025,-0.190509,0.343015,-2.029507,1,0,1.133153
-1.703127,-1.664602,0.912956,-0.697630,-0.862782,-2.907999,1,1,-4.218348
1.012930,2.521687,-0.415719,-0.610003,0.741439,0.695771,1,0,2.129832
-0.912332,0.498530,-0.076917,-0.754240,0.524718,-1.252299,0,0,-1.005417
-0.531603,-2.016027,0.909754,-0.399502,1.457640,1.610034,1,1,2.384052
0.118444,-0.262966,-1.701871,-0.889938,0.509455,0.567259,0,0,-3.922591
-0.887527,0.260824,-1.253101,1.586393,-1.253040,0.542965,0,1,3.286408
0.875388,1.119521,-0.769144,2.178167,0.270421,-1.726425,1,1,8.129426
0.193932,0.113184,0.197166,1.005523,-1.015979,-0.804672,0,1,6.608846
0.198799,-0.349915,-1.055849,0.395140,-1.183477,-0.380198,0,0,0.938946
-0.574647,0.709426,-1.342039,-0.521795,0.235408,-1.027471,1,0,-4.312538
0.385874,-0.959188,-1.091406,-0.265445,-0.097737,-0.726207,1,1,-0.330503
-0.243177,-1.514662,0.839509,1.369311,-1.225323,0.738183,0,0,4.882654
-0.356301,-1.118426,-0.730966,-1.103953,-1.605685,-0.491080,0,1,0.267626
-0.460678,1.391998,-1.473094,-0.538934,-0.053673,2.370892,1,0,-5.201858
0.111853,-0.386475,0.804977,-0.063968,-0.546795,0.889954,1,1,1.692309
-0.796450,0.735674,-1.058077,-0.299268,-0.596245,-0.121147,1,0,-5.046426
-1.325521,-0.821476,0.436658,1.854360,-1.551029,-1.779594,1,1,0.020190
0.256429,-0.510632,-0.893704,-1.267358,0.709487,-0.201986,1,0,-2.228462
0.961648,0.453795,-0.485128,-1.514661,0.181691,-0.087132,0,1,-0.629223
-0.426463,1.980306,0.842512,0.910005,0.569289,0.583939,1,0,-0.488512
-1.448215,1.751643,0.082164,-2.034590,0.587527,-0.145671,0,1,-4.941777
-0.235838,1.016439,0.590768,1.420405,0.421813,0.559586,0,0,0.081469
1.069449,0.452849,-0.142137,0.562638,-1.100095,0.408851,1,1,1.148860
-0.287059,-0.126399,0.534950,-0.678810,-0.366028,-0.123339,0,0,-1.788051
-0.230021,-0.158963,-1.293858,-0.318136,-0.689435,0.107730,0,0,-2.536408
-0.114133,-1.939995,0.343492,-0.830970,1.338264,1.407958,0,0,-0.869474
0.399709,0.922204,-0.314478,-0.131956,0.728831,-1.093471,0,1,-2.514071
-1.351200,0.867677,-2.247325,0.491148,-0.423864,0.682615,0,0,-2.044136
1.562320,-0.148348,-0.863189,0.105328,-0.098984,3.058207,0,1,0.718972
0.268877,1.619532,-0.549311,0.548117,-0.890010,-0.240855,1,0,-1.515516
-0.393054,-0.741826,0.639968,0.715659,-1.569997,-0.269457,1,0,0.225143
1.701829,0.393212,-0.989519,-1.702374,2.208239,-0.792084,0,0,-2.902761
1.407883,-0.387269,0.544587,0.024686,-0.843795,0.268057,0,1,9.627929
-1.094992,2.016326,0.736948,1.337064,0.165713,0.210722,1,0,-4.069162
-1.044556,-1.034999,-0.088619,-0.285110,-0.656386,-0.622359,1,1,-2.444333
-2.976777,1.064399,0.424888,0.441221,-0.314184,0.808758,1,1,-5.199821
-0.071642,1.673338,-1.532540,-1.250321,-0.227119,-1.455288,1,1,-4.466848
0.393894,-0.706450,1.330188,1.444036,-0.294202,-0.425572,0,0,3.599982
0.726094,-0.823748,-1.015627,0.315790,0.184391,-0.049961,0,0,-0.266868
-0.446520,1.010738,-1.591202,0.089652,0.025095,-1.771416,1,1,-3.321732
-0.762913,1.052579,-0.822965,1.228819,-2.026996,-1.409128,0,1,3.609568
1.103041,-0.127875,0.159650,-1.057109,0.154827,1.447535,0,0,4.036029
1.464255,-0.001159,0.534631,1.103519,-0.246247,-2.135691,0,0,5.812561
-0.644318,1.131189,-0.833153,0.141787,-0.401723,-0.395704,1,0,-4.401876
1.134649,-0.542849,-0.965393,-0.019406,-0.856040,1.414892,0,0,5.262410
0.013921,1.049414,-1.727137,-0.380582,-0.069079,-0.759167,0,0,-3.628937
1.202533,-1.101317,-0.533437,0.771008,-0.904528,1.137503,1,0,0.507748
-0.795925,-0.526660,-0.531532,0.572509,0.056602,0.782265,1,1,0.232931
-0.051802,0.475548,0.421770,-1.532266,-0.842154,-1.082276,0,0,-2.687602
0.444718,-1.422973,-0.510310,-1.921180,0.845880,0.291534,0,1,-1.630678
1.956702,0.978813,0.107483,0.926077,0.467625,0.953851,1,0,6.865839
0.077122,0.219235,0.408642,-0.137049,-0.374051,0.000149,1,1,-2.203203
-0.971909,0.464625,0.832520,-1.026347,1.088990,-1.706560,0,1,-3.421573
1.566866,0.378299,-0.353788,-1.683286,0.374480,0.738549,0,0,0.235176
-1.681439,1.196156,-0.412299,-0.167103,-0.659403,1.241241,0,1,-4.276621
0.675878,-0.197382,-0.871066,-1.799642,0.990611,-0.666690,0,1,-3.685561
-0.487221,0.210426,-1.248298,-0.016643,0.376294,0.150687,0,1,-3.662719
1.095247,-0.841219,1.751753,-0.732911,0.261264,1.050825,1,1,2.115543
0.092073,0.597776,-0.101079,0.385464,0.778125,-0.071790,0,1,-0.708850
-0.255712,0.783390,1.855650,0.759899,0.269422,0.793010,0,0,6.665785
0.689251,-1.029971,0.131079,-0.198765,-0.014988,0.406108,0,1,0.624506
0.894032,-0.649948,-0.128008,0.593941,-0.409888,-0.634197,0,1,3.079026
-0.954860,0.386612,0.466216,0.194654,0.004988,0.132491,1,1,-1.984374
0.150301,-1.492823,-0.025270,-0.217583,0.739483,-0.054411,1,0,0.832637
0.006847,-1.677215,-0.362518,-1.901184,-0.142124,-1.059174,1,1,-0.644862
2.703287,-0.471316,-0.296944,0.808763,0.380279,0.807445,1,1,6.013549
-0.212194,0.645880,1.797409,0.806748,0.827027,1.518612,1,1,5.370400
0.101164,-1.415794,1.631553,-1.509048,1.180463,0.847197,0,0,-1.036965
-0.845307,-0.978676,0.236943,0.110199,0.081988,-0.204724,0,1,-0.622270
1.012359,0.662422,1.017452,-0.677119,0.376449,-0.013039,1,0,0.926979
0.891526,-0.849906,-1.202170,1.023090,-0.879022,-0.101484,1,1,5.658439
-0.667305,1.213994,-0.242450,1.886033,-0.582718,-2.041863,0,1,2.985845
-0.361429,0.596067,-1.398862,0.168717,-0.123410,0.510545,1,1,-1.662328
-0.702401,0.097742,0.355026,-1.099026,-0.223189,0.448526,1,1,5.155653
-0.163837,-0.094248,0.477254,-0.006907,-0.753669,0.937049,1,1,-2.033313
1.960491,-1.079540,-0.673101,0.254897,0.151251,-0.372753,1,0,27.868842
2.014375,-0.432677,0.257943,-0.442656,1.499919,1.990509,0,1,0.813252
2.515107,1.099828,0.804031,-1.307642,-0.018687,2.770026,1,0,4.240404
0.894045,1.681680,-0.283402,-0.943594,-1.347819,-0.042335,0,1,-0.708515
1.220777,-0.738865,1.367379,-0.569846,0.101800,0.184902,1,1,5.866868
-1.667510,-0.032757,-0.942524,-1.916188,0.757874,-0.214476,1,1,-5.720231
-0.801229,0.724723,-0.537151,1.354644,-0.100687,0.096027,0,1,0.009042
-0.897330,1.563006,0.229653,0.394841,0.092473,-0.130012,1,1,-1.538311
1.444787,1.479028,1.258342,0.023766,-0.414466,0.529107,0,0,3.663371
1.322743,-0.352448,-0.219981,0.941688,-1.177320,-0.752038,1,0,2.113104
-0.779331,-1.162208,0.569679,1.110371,1.119523,-0.390202,1,1,3.148014
-1.292241,0.183444,0.106840,1.920716,-0.867604,2.613437,1,1,1.733109
1.494289,0.054072,0.861798,-0.592735,2.215758,-0.662524,1,1,4.997388
0.165184,0.250323,-0.413731,0.304579,0.654934,-0.902066,1,1,0.054443
0.359006,1.413822,0.657797,-1.592693,-0.808253,-0.932820,1,1,-3.398292
-0.662879,-0.601278,1.697246,1.536122,0.794710,-0.339977,1,1,4.562973
-0.307142,-0.120036,0.334306,-0.190910,-1.372486,-0.964176,1,1,-3.530338
2.579088,1.788383,-0.259589,0.491769,-0.670803,0.859947,1,1,1.925294
-0.140889,-1.229312,-2.197387,-0.216058,-0.363315,0.561063,1,1,-1.563306
0.614488,1.844449,0.429386,-0.984164,-1.320562,-0.868216,1,1,-4.192302
-0.078244,0.421110,1.195034,2.024133,0.170972,0.150569,1,0,3.027076
-0.701071,-0.109162,0.152223,-1.008687,-0.396475,-0.761123,1,0,-2.937285
-0.110001,-0.775164,0.057011,-0.047379,1.455550,1.335222,0,1,-1.293975
-1.363195,-1.046582,-1.436589,1.070287,1.259066,-0.830154,0,0,1.082130
0.621107,-1.228548,1.058371,-1.326017,-0.064111,-2.793806,0,1,0.336011
0.677868,1.411265,-0.263889,-0.868986,-0.750607,-0.028304,1,1,0.195785
0.157829,-0.568959,-1.939403,-1.655980,0.400316,-0.597632,1,0,-1.666427
-0.139905,-1.528023,-0.959784,0.361246,-2.078312,-1.474133,1,1,1.178269
-0.751757,-1.536793,-1.468225,-0.477110,-0.166134,-0.556797,1,1,1.355921
-0.160550,-0.869422,0.625954,0.345561,-2.064880,-0.376686,0,0,3.063697
0.113040,-1.600093,-0.311136,0.516003,-2.114488,0.858033,0,1,5.756101
-0.307085,0.579780,-0.898669,-0.112930,-1.038345,-0.194882,0,1,1.311325
-0.785005,-0.171838,1.029640,0.853961,-0.511455,0.947705,1,1,-0.388753
1.469942,-0.727390,1.059907,0.020473,0.813849,1.447075,0,1,13.790855
0.508685,-0.350220,-0.171162,0.074508,1.500036,0.034960,1,0,0.878167
-0.405608,-0.263255,-0.947008,-1.133473,0.231785,0.633215,1,0,-2.431438
0.675192,-1.328223,-0.754725,0.969914,0.621061,-1.005496,0,1,2.506766
-0.753884,-0.054832,-0.675731,-0.179948,-0.030606,-0.801496,0,1,-2.968151
-1.335720,-0.725409,-0.741844,-0.086832,-0.540559,0.265875,1,1,-2.775565
-0.004342,0.007114,0.277893,-1.357398,0.858803,-0.158192,1,0,-0.895616
-0.734318,0.294377,0.460418,-0.453115,0.277610,0.489596,1,1,-2.836780
1.575592,-0.338048,0.007408,0.228991,-0.915193,-0.664182,0,1,3.136209
-0.478114,0.031173,-0.290015,0.573954,1.290004,1.560118,0,1,-1.293309
0.048788,0.325477,0.180941,1.202968,0.501911,-0.614080,0,0,1.204870
1.115573,0.260814,1.388360,-0.899214,0.423200,2.362600,1,1,0.365199
1.111260,1.194464,-0.101583,-0.076918,1.338031,1.070595,1,0,1.381933
1.058592,0.816927,-1.290424,0.211732,0.624550,1.384345,0,1,-1.648407
0.759466,0.863474,-2.122403,1.962646,-2.435590,-0.325765,1,0,0.664803
-0.441468,0.162960,-1.976088,-2.175716,-0.287202,0.383476,1,1,-3.572600
0.305996,-0.247886,1.401061,0.042548,0.292046,-1.599553,0,0,0.221534
0.178549,-0.547706,1.837430,-0.741575,-0.884243,0.441153,0,0,0.250959
-0.946082,-0.318066,-0.231820,0.911844,0.015184,-0.544737,0,1,0.376510
0.331561,-0.564780,-1.314322,-0.518579,-0.977831,1.453227,1,0,-3.283982
-0.225125,0.276292,0.044914,1.373876,-0.881338,-1.109087,0,1,1.770849
0.242511,-0.981322,0.166266,0.303752,-0.053881,-0.060487,1,0,0.879414
-0.701189,-0.551851,0.974671,-2.095190,0.793837,1.305534,0,1,-1.130002
0.473143,-0.618350,-0.687086,1.036711,-1.408116,-1.649712,0,0,3.050299
-1.618974,0.225948,-0.196729,0.984761,-0.307969,1.759164,0,1,0.010528
-0.155653,-1.313039,1.213819,-0.725141,-1.515101,-0.793926,1,1,-4.524048
-0.113551,-1.319031,0.421987,-0.295165,-1.700171,0.292517,1,1,-2.497005
-0.352458,0.840253,-0.984174,0.774794,0.523734,0.661593,1,1,-0.151665
-0.970181,-0.231589,0.249048,0.105156,0.145705,0.973254,0,0,-1.649859
-1.214325,1.042595,-1.389837,0.732520,1.209549,1.796429,1,0,-2.794924
-0.846709,-1.154657,0.007731,0.997782,-0.095808,0.287654,0,1,5.037497
0.131173,-0.224490,-0.564022,0.373048,-0.191515,-0.334305,0,1,-0.050218
-0.536268,-0.006231,1.450321,0.279889,-0.220182,1.163868,0,0,0.240519
-1.138558,0.844123,0.013712,0.357642,1.414086,0.122932,1,0,-2.469213
-0.173388,0.689996,0.531449,0.883244,0.264827,0.480826,1,0,0.104554
0.148516,-0.176609,1.346137,-2.572898,0.807665,-1.024505,1,1,1.171987
-0.426009,-0.631326,0.083190,0.015143,-1.049142,0.042715,1,1,-2.049548
0.375028,0.641697,-0.172540,0.106587,0.892479,0.287299,1,0,0.593778
0.053475,0.055293,2.781935,0.209512,-0.129700,0.127082,0,1,1.483950
-0.146128,-0.947405,-0.636724,-0.591411,-0.680533,-0.438875,0,1,-0.282343
0.360803,-0.331856,0.435813,-0.274238,-1.069931,0.463508,1,1,-2.033883
1.229072,-1.970233,-1.345053,0.194343,-0.539208,1.643354,1,1,2.416624
-0.837886,1.714266,-1.338170,0.714020,1.265709,0.266352,0,1,1.623010
-0.307782,0.868936,-0.472596,0.098699,-0.608405,-0.543532,0,1,-0.250642
0.260876,-2.341073,-2.835174,-1.846325,-1.370311,1.363836,1,1,2.848395
0.852642,0.465633,-1.859864,0.572211,-0.377570,0.503446,0,1,1.646768
-0.353415,1.404329,-0.061370,1.017365,0.852014,-1.386048,1,0,-0.231006
-0.775565,1.373697,-0.426098,-0.848208,0.625843,1.135947,1,0,-6.050331
0.728308,0.110892,1.043938,0.591733,0.890411,-1.804947,0,1,3.479502
0.119018,0.625023,-0.100805,-0.989302,1.339054,0.091849,1,0,-1.604590
-0.184377,-0.247723,1.007028,2.175162,1.188233,1.081761,1,0,3.223556
-0.108305,-1.528546,-0.166293,-1.416148,-1.446931,-2.579066,1,0,-1.778449
-0.082534,-1.851387,-1.919310,-0.419949,-0.120081,1.117996,0,1,-0.603692
2.128950,0.174400,0.126451,-0.226331,-0.419164,-0.522044,0,0,2.193391
0.162133,-0.003160,-0.537380,-0.151889,-0.761318,-0.118123,0,1,-0.577055
0.575155,1.564104,-0.315676,0.151350,-1.962278,-0.132792,1,0,-1.808972
-0.597494,0.917020,0.135192,-0.610475,0.601097,-0.241040,0,1,-4.151904
-0.753965,-0.611127,-1.238528,1.128594,0.695684,-0.094694,1,1,-0.246600
-0.624683,-0.149729,0.538230,1.527179,0.305611,0.423622,1,0,2.140521
0.479945,2.588727,1.552617,-0.214450,1.239034,0.030143,0,0,-1.182062
0.199827,-0.072264,-1.628037,0.935461,0.614176,-0.859426,1,0,0.945966
-0.546125,-0.022443,0.591153,0.138768,-1.317412,-0.542575,0,1,-0.477165
0.473675,1.709769,-1.047486,-0.421179,-0.750102,1.370029,0,1,-0.718263
-0.022405,-1.026047,-1.259990,0.190974,-0.666020,-0.716430,0,1,1.472601
-1.609114,0.640295,-0.795359,0.512934,-0.615140,-1.474689,1,0,-4.067864
0.282164,0.369850,-0.984074,0.267463,-0.614173,0.509632,0,0,4.310438
-0.849668,0.934499,-1.119852,-0.142728,0.141058,1.085242,0,0,-5.450883
-1.537110,-1.040392,0.985878,0.965036,-0.084021,-0.164379,0,0,14.752026
-0.245059,1.509165,0.290327,1.040908,-1.912056,0.811295,0,1,0.410546
-0.378776,0.935557,-0.120563,0.988600,1.676901,-0.228701,0,0,-2.245399
0.402260,-0.833593,0.127968,-2.236874,0.940791,1.358670,0,0,-1.517144
-2.557731,-0.567087,-1.232990,-1.826207,1.046679,1.115228,0,0,-4.197057
0.085279,0.036858,-1.202768,-0.751360,0.593916,0.418853,0,0,-2.635239
1.024630,1.259887,-0.672438,-0.314071,0.254814,-0.238370,1,0,-0.503670
-0.573098,1.766542,0.484823,-0.047317,-1.120006,0.184674,1,1,-4.721863
-0.198106,1.442521,0.021443,0.631333,-1.395065,-0.067084,1,0,-1.998479
-0.078733,-1.750828,0.727557,-1.650059,-0.116536,-0.502811,1,1,-1.175209
-0.094830,-0.423833,1.166444,-1.261048,0.620907,-0.470371,0,1,-0.543147
-0.373106,-0.548207,0.462944,1.799915,-0.162402,-0.440664,1,0,9.206292
-1.231087,-1.230938,2.236342,0.518222,0.036365,0.928899,1,0,3.737160
-0.079539,0.169202,-2.444800,-0.122495,-1.235063,0.555029,1,0,-4.183242
0.461713,-0.724281,-0.721666,-0.941521,-0.293505,-0.553430,1,0,-1.845834
0.238854,-0.137010,0.921380,-0.238968,-0.455588,-0.285960,1,1,0.358504
-0.100455,-0.463852,0.921101,0.654015,-0.012762,0.507284,0,0,2.115960
0.115668,-0.737205,1.298471,1.851573,0.138391,1.154492,1,0,3.684979
0.374768,-0.089983,-0.757364,0.147521,0.181630,-1.015047,0,1,-0.906408
-0.410873,-0.422377,-1.452170,0.243619,1.443089,1.172973,1,0,0.648046
2.115410,-0.874472,0.329302,-1.076597,0.101079,-0.637302,1,0,-0.767201
0.326590,0.592682,-1.360597,-1.142686,1.091018,0.440885,1,1,-4.773753
0.528472,0.731452,-1.302155,-0.342534,0.159164,0.381581,1,1,-3.099624
-0.268983,-0.405018,-0.148241,-0.080152,-0.518499,0.311797,0,0,-0.271784
1.088945,2.342471,0.721256,-0.715327,-0.751821,2.206287,1,0,0.871493
0.362908,2.109308,0.202140,0.319759,-0.013361,0.200778,0,0,-0.204228
0.031160,-0.757325,1.023082,-1.725926,-1.698596,0.377869,0,1,-2.621305
-0.242775,0.492792,-0.664642,-0.961403,1.587474,0.435689,0,1,-6.053518
-0.884525,-0.863032,-0.317286,0.347180,-0.971941,-0.457097,0,0,3.968815
1.838061,0.364081,-0.342703,0.127303,0.837258,-1.413488,1,1,2.048330
1.504341,0.389325,-1.263269,0.277467,-0.237219,-0.026617,0,1,1.309488
0.973735,-0.109941,-0.345229,1.195062,-1.167232,1.944073,1,0,1.090631
-2.283444,-0.783935,0.148646,-0.199372,-0.997836,0.463702,0,0,4.835758
-0.938698,-1.706255,0.940783,0.117027,-1.198787,-1.106090,1,0,1.707368
0.139084,1.238686,-2.066661,0.124704,-0.431725,0.103942,1,0,-0.685730
-0.558905,1.965541,-1.384632,1.037085,0.343413,-1.891248,0,1,-2.742653
-0.080065,-0.167000,0.088503,-1.893158,-1.075181,0.545690,1,0,0.208417
0.621066,1.147152,-0.058011,-1.071211,0.081963,0.697564,1,1,-2.207055
-1.851909,-0.343386,-0.210878,0.906945,0.465619,0.445710,0,0,0.100052
-0.396189,2.262963,0.281587,0.855965,-1.490471,0.610522,1,1,-2.384402
0.920383,1.499372,0.182894,1.279265,1.139838,-0.513840,0,1,0.928785
-1.204442,0.646669,0.392919,0.947481,-1.357010,-0.272568,0,1,0.463367
0.799729,1.387123,-0.255314,0.832912,-0.409287,-1.241109,1,0,1.871021
-0.446094,1.188515,-0.014948,-1.955633,0.979318,-0.480717,1,0,-3.828259
-1.133310,-1.077411,-1.707269,1.366071,-0.062398,-0.705041,0,1,0.151073
1.359109,-0.187857,0.117533,0.346137,-0.499765,-0.481074,0,1,3.100695
0.636045,0.461118,1.942090,0.308137,0.782306,-0.001709,1,1,4.414081
1.068492,-1.461070,0.438879,-1.329606,-0.332726,-0.353232,1,0,-1.798578
-0.726160,-0.702867,-0.267987,0.092352,-1.306432,1.901991,1,1,-1.415264
-0.315591,0.551974,2.773220,1.507322,0.391878,-0.520385,1,0,2.853651
0.576263,1.903753,-0.226532,-0.108237,0.268999,-1.591221,1,1,-2.226258
0.534802,-0.772637,2.075724,-0.771631,-0.727614,-0.571952,0,1,-0.747181
0.780392,1.265034,1.519442,0.504186,-0.216497,-0.180547,0,1,0.870704
-0.674792,1.004908,-0.227229,-0.251196,0.145307,-1.257492,0,1,-1.321750
-0.976433,0.183417,-0.629394,-0.205569,-1.965791,-0.285311,1,1,-3.421574
-0.421736,-0.268221,-1.446442,-1.013926,0.131614,1.407911,1,1,-3.093752
0.602908,-1.021927,1.349707,0.305628,0.394200,-0.346133,1,0,2.171164
-0.130283,0.376078,-0.182487,-0.595119,1.182187,-0.459581,1,0,-1.884824
0.265888,0.542933,-1.059082,-0.193108,-0.969854,-0.415555,0,1,0.084892
0.028420,-1.217449,-0.148819,0.013473,-0.509391,-2.272025,1,1,0.000870
0.181959,-0.362396,0.594538,1.010846,2.626251,-1.485461,1,1,7.001994
-2.292194,0.333016,-0.723042,-0.881960,-1.249115,1.162579,1,0,4.074387
-0.007627,-0.040633,-0.034928,-1.036292,0.276686,0.168170,0,0,-2.556221
-2.140490,0.293026,0.520467,-0.235758,-0.130589,0.147029,0,1,-4.901050
0.609878,-0.201829,1.229408,1.252167,0.255048,0.503768,1,1,4.079672
-0.139104,0.852757,1.452174,0.248579,-1.102469,0.702190,1,1,-2.751160
0.532628,-0.566672,0.120893,0.246164,-1.686767,0.116166,0,0,8.932897
1.991766,1.043374,-1.244450,-1.653279,-1.414873,0.925882,0,0,3.359135
0.163338,-0.165562,0.661238,0.187961,-0.372350,0.176718,0,1,-0.720310
1.290531,0.320408,-0.620556,0.257520,-0.985827,-1.278050,1,1,9.912880
-0.691075,0.537136,-1.073224,-0.820737,-1.227362,1.018702,0,0,-3.834623
-1.401139,-0.885222,-0.156815,1.593300,0.019340,-1.860520,1,1,1.202536
1.087161,-0.875800,-1.238966,0.636650,-0.471571,-0.226649,0,0,1.601175
0.489586,0.386055,-0.290678,-1.632995,-1.031986,-0.071135,0,1,1.107155
-0.020226,0.610674,-1.563512,0.715561,0.989748,1.312031,0,0,3.538282
0.259839,0.650770,-2.284031,-1.362099,-1.030072,0.458976,1,0,-4.329717
0.508532,-0.505764,-0.406710,-0.999450,-0.099888,1.415995,0,0,-1.340245
-1.174460,1.454001,0.482411,-0.443373,-0.953462,1.128283,0,1,-4.303529
-1.625832,-1.641155,-0.740480,0.144146,1.647536,0.892685,1,0,4.510217
-1.180501,-0.930764,-0.919322,0.923137,-0.293522,0.278066,1,1,0.360172
-0.985028,-0.478136,0.053665,-0.477363,-0.605899,1.219577,1,1,-0.365106
0.735799,0.839156,-1.409214,-0.404509,0.036306,-1.080340,1,0,-1.190545
-0.647171,0.017632,-2.150838,1.842405,1.420847,0.966199,1,0,0.524348
-1.378756,-0.235260,0.614260,-0.336443,0.130121,1.502974,1,0,-1.998677
-0.420122,-1.286549,0.159412,0.493601,1.295435,-1.297613,0,1,5.745953
-0.131421,-0.566958,-1.891360,-0.634713,-1.065690,-0.722529,0,0,-1.783547
1.017533,-0.365109,-0.712055,-2.148842,0.816837,-1.448201,1,0,-0.011077
-0.628551,-0.937875,-0.577758,0.146193,0.060034,0.321087,0,1,-0.843125
-0.609539,0.094778,-0.829358,0.089239,-0.060030,-0.211628,0,1,17.176784
0.888575,-0.560482,-0.419624,1.619036,0.397104,-1.794921,0,1,2.442825
1.750192,-2.248750,0.487442,-2.069211,-0.889002,-0.525059,0,1,1.915037
-1.552390,0.142260,-0.178242,-0.073772,0.068534,0.309022,1,1,-3.697214
-0.560719,1.855460,1.521000,0.203432,-1.740833,0.214298,1,0,-5.166120
1.005017,1.759719,-1.643889,0.052369,0.067535,-0.379406,1,0,8.075643
-0.453586,-0.981904,-1.161455,-1.154059,-0.939792,-1.063372,0,1,-0.317791
-1.136905,-0.314553,-0.078132,-0.836142,1.010001,-0.320394,0,0,-3.737220
0.538068,-0.214338,0.529987,-1.294113,0.576191,1.205864,1,0,-1.316679
0.053877,0.816158,-0.340464,-0.778075,-0.261798,1.422577,0,0,-2.321439
-0.597620,0.246110,1.871934,-0.522090,-0.562478,-0.393024,0,1,-2.463534
0.458456,0.626301,-1.381228,-1.231284,-1.306573,-0.054399,1,0,-3.670590
0.650742,-0.916908,0.323475,0.130110,-0.120439,0.543013,1,0,0.609374
-1.101712,0.291664,-1.207442,-0.168281,-0.018294,0.515444,0,1,-3.811018
-0.306149,-0.207604,1.158879,0.016279,0.406998,-0.291016,0,0,-0.979256
-0.049498,-1.884093,-1.112811,-1.249623,0.757722,1.518614,1,1,0.181855
0.213638,0.981058,-0.712098,-0.703271,-1.450383,0.321732,1,0,-3.216533
-1.966664,-0.580943,-0.924005,-0.310838,0.250205,-0.650458,0,0,-1.871153
-0.446893,1.320598,-1.616747,-1.967625,-0.333905,1.515724,1,1,-4.241374
-1.963103,0.828836,-0.868475,-0.890015,1.201685,0.695123,1,0,-7.092520
-1.450139,1.796907,0.547582,0.054492,0.124440,-0.261128,0,0,-7.646501
0.143619,0.550451,-0.480739,1.850671,-0.491181,-1.194447,1,0,0.889329
-1.601793,-1.718618,1.112042,1.437560,-1.290974,1.211565,1,0,5.316597
0.329440,0.121998,-0.030862,-0.277241,1.210908,-0.053373,0,1,-2.242358
-2.748903,-0.135836,-0.731963,-1.288700,1.514672,-1.305994,0,1,-9.125057
0.688636,1.425872,0.392886,-1.010177,-1.792737,-0.846601,0,0,0.081927
-0.161866,-1.966011,0.239938,0.068359,0.436808,0.147606,1,1,5.407509
-0.866748,-0.555300,1.359880,0.431216,-0.149079,0.684974,0,1,0.395383
-0.304633,0.408698,2.204373,0.108379,-1.557978,0.861745,1,1,-5.374180
1.064982,1.608907,-0.713992,-0.210794,0.161523,0.066363,1,1,-0.020424
-0.750213,0.209038,-0.079676,1.404935,0.403251,-0.219315,0,1,0.812436
0.708540,1.281130,-0.243095,0.626701,-0.567192,-2.007947,1,0,2.624800
0.400891,1.051525,-0.151234,-1.586721,0.324044,-0.179885,0,1,-3.189616
-1.267034,-0.292968,-0.271487,0.412512,-0.242476,0.544293,1,0,18.302545
0.237725,0.320062,-0.063229,-0.609506,-0.566258,-0.933620,0,0,2.866997
-0.763612,1.789052,0.195743,-1.336263,-1.532937,-0.488075,1,1,-6.665469
-0.058290,-0.572894,0.758938,-0.708418,-0.465607,1.075788,0,1,-2.428257
-0.816572,-0.985842,0.732944,-0.423829,-0.493513,-0.411460,0,0,8.600649
-0.089447,0.673078,-0.844102,0.739958,0.129179,0.004349,0,0,-0.001563
-0.724430,-0.070624,1.061920,1.902708,1.212342,-2.778085,1,1,11.447640
1.671509,-0.906234,-1.540617,0.074982,1.209563,-0.320198,0,1,-2.409789
-0.450379,-0.797939,-1.839192,-0.989197,1.284872,0.461489,0,1,-7.408132
-1.158091,-0.222533,-1.090311,-1.050409,-0.764443,0.380911,1,0,-2.359090
1.210326,-1.109123,0.158044,-0.948932,-0.627088,0.086382,1,0,-1.565624
1.584360,0.903005,-1.743694,0.227195,2.282005,0.389114,1,0,3.525835
-0.763061,1.840827,-0.198187,0.175383,0.983871,0.574423,1,0,-3.973756
0.779186,0.672345,0.658908,-1.792916,-1.216409,1.460482,1,0,-2.189012
-1.205350,-1.204222,-1.328604,2.099441,-0.136467,-1.151801,1,1,0.193130
-1.460611,1.710739,0.154259,0.694971,0.062673,0.795190,0,0,-5.981921
-0.567913,-1.205375,1.162067,-2.262550,1.188527,-1.056926,0,1,-0.122440
0.199180,-0.663289,0.829584,0.087816,1.392139,0.226271,0,0,-1.555153
1.069231,0.164232,0.876521,-0.710559,0.172890,-0.577595,0,0,0.518252
-1.297180,1.467333,0.148585,-1.201125,-2.564884,0.322931,1,1,-7.394531
-0.234731,0.495959,0.643458,0.548089,-0.346029,0.171270,1,1,-0.818770
-0.109254,-1.733531,1.143509,0.185304,-0.719089,-1.190129,0,1,1.793883
-0.379191,-0.370014,-1.851830,-0.723370,1.208158,0.429647,0,1,-0.597948
-0.665816,-1.666649,-0.916382,0.090685,-0.851975,0.322860,1,1,3.602551
-1.150315,-1.625539,-1.551504,-1.096712,-1.224116,-0.337733,1,1,7.543529
1.079540,-1.085524,-0.177524,-0.409751,1.003977,1.514315,0,1,0.277836
0.229900,-1.789186,0.539365,-0.176319,1.552473,-0.071293,0,0,-0.759294
1.780258,-1.924910,0.085532,-0.695080,0.080155,0.945632,0,1,1.726155
0.608986,0.085531,-1.425939,-0.984734,-0.833882,-0.589952,1,1,-1.105061
-0.316418,-1.084790,-0.303378,-3.021186,1.440908,1.082731,1,0,5.012127
0.908770,0.199759,-0.862387,-0.882121,0.057296,1.524635,1,0,-1.894694
-0.010799,0.668260,-0.999585,0.780970,-1.114778,1.647150,1,1,1.053786
0.380320,-1.031794,1.420863,1.082540,1.264293,-0.982463,0,0,2.758329
0.421106,-1.651263,-0.935027,-1.231302,0.191939,0.540589,1,1,-1.097452
-0.043121,-0.285188,-1.279682,-1.432147,-0.016423,0.568650,0,1,-2.513121
-0.785928,-0.889281,-0.499914,-0.108225,-1.503639,-1.455284,0,0,-0.267104
0.285478,0.858910,-0.983345,0.398812,-0.033722,0.560590,1,1,14.427927
0.570846,0.421199,0.302162,1.423670,0.910427,1.200858,1,0,3.721037
0.045344,-0.796794,-1.475670,1.207693,0.203116,1.205345,1,1,1.448487
-0.618649,1.472941,1.531298,-0.743616,0.847791,-0.323617,0,1,-1.340780
-0.445386,-0.091718,0.572310,0.817281,0.655149,0.051398,0,1,0.600908
-0.879657,-0.316383,-0.912335,0.016153,0.651521,-1.009393,1,0,2.238371
0.951607,-0.098368,1.293212,0.261902,0.375483,0.562854,1,0,2.383876
-0.181517,0.977041,0.022380,1.370534,0.464661,-0.611258,1,0,3.305198
0.690965,0.093779,-0.686568,-0.287445,1.970073,0.724426,1,0,0.433915
1.583291,0.730118,-0.589416,-1.076409,-0.152309,1.236172,0,0,3.510160
0.412509,-0.715500,-0.645339,-0.341794,0.928004,0.826604,0,1,-3.122544
-1.315791,-0.721175,-1.329438,0.366584,-1.447130,0.478399,0,1,5.687973
0.552976,-0.583325,-0.542268,-0.718065,-1.154134,0.371954,0,0,-0.722337
0.931890,1.443670,-1.612891,0.456724,0.906487,0.106219,1,0,9.888627
-0.183382,-0.166733,-0.344536,-0.051616,-0.758021,1.185101,0,1,-1.454639
0.738972,-1.092943,-0.950891,-2.250789,-0.019400,-0.488132,0,0,28.886145
0.413549,0.438717,-0.421786,-1.789103,0.023521,-0.556511,1,1,-2.169729
-0.756620,0.209203,-0.944655,0.726658,0.041080,0.599524,1,1,3.235308
0.021963,1.285416,0.384433,1.212433,-0.524000,-0.649106,1,1,-0.144678
-0.220304,1.712537,0.922536,-0.443607,-1.803826,1.543619,0,1,-3.653815
0.910286,0.886149,1.167104,0.592054,0.293557,-0.813369,0,0,2.816127
-0.117348,-1.033079,0.289485,-0.254166,-0.460521,-1.631929,1,1,-0.595529
0.770494,1.376822,0.169174,-0.601024,-1.372745,1.738373,0,0,1.100268
-0.503082,-0.114572,0.707449,-1.149073,0.633889,-0.933451,1,1,-0.290561
-0.896155,1.400211,-1.297618,0.389145,-0.613320,-1.276437,1,1,-1.985696
0.232595,1.398267,1.369786,1.325394,-0.087294,-0.735305,1,1,1.967979
1.589743,-0.527137,0.461481,0.199681,0.091443,-0.403944,1,1,2.611974
-0.978925,-0.800940,0.921988,-1.863255,0.110993,-0.120702,1,1,1.031251
0.245294,0.891906,0.207380,0.311623,0.272792,-0.641613,0,1,0.569459
0.309610,-0.259374,0.292417,-0.525243,-0.793708,-1.405995,1,0,-1.995447
0.369203,0.344317,1.138279,-0.339055,1.217912,-1.850903,0,0,-0.831653
-0.281189,1.352700,-0.139794,-0.282091,-0.363178,0.256692,0,0,-2.861458
0.295442,-0.575867,1.553673,-0.681103,-1.130857,-2.985711,1,0,-0.958121
-1.732493,1.392800,0.131012,-0.059851,0.887699,-0.529287,1,0,-7.174216
-0.017520,-0.681251,-0.645471,0.005488,1.390922,0.567607,0,1,-3.819119
-0.270491,-1.208364,-0.222510,0.760886,0.939344,0.513515,0,0,1.761257
-0.386844,0.467771,0.984908,0.614989,-1.199289,0.984026,1,1,-1.264318
0.901939,-0.269766,1.429467,0.403719,0.378677,-1.809996,0,0,4.451546
-0.435032,0.209138,0.396475,-0.041203,0.491340,-1.334697,0,0,-1.659834
0.059517,-1.144925,-1.027255,-0.784730,-0.071758,-1.455248,1,1,-1.505491
0.524149,0.870147,-0.433358,2.708520,-2.127670,-0.137356,1,1,1.960271
-0.304125,-0.897146,-0.612185,0.489514,-0.570452,-1.886968,1,0,0.527333
0.808187,-0.184519,-1.646012,0.759351,-0.850368,1.078446,0,1,3.600540
-1.267521,-0.123417,-1.203628,1.258888,-0.970073,-0.926190,0,0,0.191377
0.752131,0.087319,0.876535,-0.649900,0.941903,-0.889720,1,1,1.672343
0.242099,-0.777189,-0.259753,0.260756,0.613658,0.434260,0,1,0.087617
-0.877038,-0.824272,2.486262,-1.588681,1.579542,0.035066,1,0,1.327099
0.475514,0.769899,0.241812,-0.457346,-1.144040,0.958818,0,1,-1.053337
1.604909,1.536064,-0.805430,-0.383499,-0.334712,1.407633,1,1,-1.723531
-0.425594,0.532175,1.607997,0.146634,0.193614,3.261551,1,0,-0.580428
-0.652088,-0.636792,0.362316,1.046219,-2.479014,-0.676130,0,1,5.894237
1.586534,-0.305868,-1.786487,0.599463,-0.031968,0.281425,1,1,2.093653
1.703431,1.932487,-0.663464,1.301890,-1.273999,-0.320985,0,0,7.286365
0.576132,-0.144416,1.309440,-0.252850,-0.365833,-1.861635,1,0,-0.001055
1.000294,-0.085495,-0.548595,-0.075594,-0.454287,2.093608,1,0,-0.632432
1.390004,-0.643522,-0.149126,2.167202,0.101261,-1.939254,1,1,4.107423
-1.256458,-1.503131,-0.556714,-0.237814,-1.224689,-1.671460,0,0,1.774505
1.526676,-0.569700,0.774151,0.329988,-0.585948,0.604677,0,1,3.205230
-0.454324,-0.672496,0.432203,0.173769,-0.629588,0.236096,1,1,-1.463010
-1.820444,-0.170824,1.000191,1.962513,-0.887013,-0.274227,0,0,1.152166
-0.670790,0.447737,0.253840,-0.315034,-0.444735,0.710490,0,0,0.274324
0.201696,0.144687,1.619207,-1.372470,1.959964,1.958440,0,1,2.038911
-1.416808,-0.852666,1.450528,-0.080833,-2.277318,1.108824,0,0,7.784982
0.474027,-0.601460,-1.700650,-0.125809,-0.088956,-0.285253,0,0,-2.312246
1.227830,-0.764532,0.615935,-0.100863,0.100729,-1.013097,1,1,1.680891
1.402600,0.662685,-1.268817,0.846040,0.222129,-0.087283,1,0,3.284981
1.056568,-0.808194,0.213503,0.261892,-2.257693,0.440945,1,1,-0.067392
-0.506563,-0.283984,0.380625,-0.523917,-0.240539,-0.915923,1,0,-1.645879
-0.341786,-0.438521,-0.635831,-0.442450,0.409815,-0.604363,1,0,-1.774129
0.004866,0.898757,-0.220373,1.799547,-0.836098,-2.001513,1,1,1.293060
-0.920118,0.125198,0.777422,0.708847,-0.357560,0.668233,1,1,4.998958
-2.163423,-0.960375,1.232178,-1.497116,-0.425895,-1.239145,0,1,-3.876861
0.470264,0.321970,-0.060587,-1.566832,-1.492010,0.968497,0,0,0.042658
0.889143,-0.084147,1.397182,-0.329692,-1.877841,-1.669141,0,0,5.718926
0.395231,0.502246,-2.009868,-0.222491,-0.673364,0.027330,1,1,-1.415029
-0.067336,-0.118676,0.467510,0.699424,0.990636,-0.518590,0,1,1.298026
0.303723,-1.005830,0.315677,-1.725158,1.190926,2.721777,0,0,-2.222848
0.259503,-0.860394,1.203985,2.551453,0.265234,0.577735,1,1,5.343619
0.013881,0.874363,-1.498779,-0.900864,-0.429896,1.479205,1,0,10.100411
0.194261,0.823704,-0.925225,-1.149462,-0.171611,-0.276231,1,1,-3.846115
-0.164238,0.184851,-0.558328,0.030686,0.165787,-0.340957,0,1,-1.481856
0.331642,-0.699096,-0.400265,-0.364488,0.427097,0.770300,1,0,-0.977450
-0.731042,0.507655,-1.252945,0.026998,-0.723498,0.580656,0,1,-1.950197
-0.877103,0.957170,-0.961544,0.072132,1.453847,2.266569,0,1,10.309863
-0.245383,0.980349,1.003616,1.342657,1.144741,1.754503,0,1,2.065001
0.128140,-1.237235,0.498027,1.312358,-0.065397,-1.101530,0,1,4.051980
-0.737055,0.113135,-0.468962,-0.634488,2.165751,0.077029,1,1,-3.162192
-0.967757,-1.140105,0.252401,0.113419,-0.147667,0.656909,1,1,-0.945970
-1.029056,0.246728,0.407549,1.156120,-0.225099,1.085460,1,1,0.710692
0.859808,0.442005,1.961783,-1.623383,-0.512692,-0.171657,0,0,0.682115
-0.494499,1.827581,1.701624,1.769801,0.328591,0.361685,0,0,-0.851577
0.889630,0.750450,0.666361,0.750141,-1.418426,2.189404,1,1,-0.382079
0.713751,0.412501,-0.687961,-1.666952,0.953264,0.619094,0,0,-1.865769
1.608338,-0.884030,-1.079047,0.985829,-0.552778,0.547614,0,1,5.931335
0.134033,-1.827205,0.043979,0.369888,-0.260682,-1.280683,0,0,2.335408
1.980008,-2.003969,-0.753703,-1.320104,0.364521,0.249523,0,1,0.818803
0.490360,1.004031,1.114427,1.848068,-0.633246,-1.045182,0,0,3.457223
-0.062523,-0.423085,0.157363,0.126772,-0.100385,-0.655524,0,1,0.254728
1.142500,-0.067073,-0.609114,-0.451618,-0.448939,-0.019534,1,0,-0.469718
2.063866,0.339601,-0.526429,-0.075000,-0.351445,-0.993728,1,1,1.854297
0.034959,0.374236,-1.541943,1.979293,0.350277,0.480304,1,1,1.215868
-0.568649,0.324790,-2.142383,-0.111636,-0.172212,0.454552,0,1,-2.637963
-0.209715,-0.493749,-0.286091,-0.594862,-1.136354,-1.270322,1,1,-1.350646
0.357447,1.223425,-1.191804,0.228182,0.351613,-0.110966,1,1,-1.539924
-0.776652,-1.439688,1.264815,0.590881,0.844836,-0.486405,0,0,2.659429
-0.080933,0.610809,0.656455,1.403009,1.612890,2.679203,0,1,2.123567
1.411910,-0.305518,-0.672225,-0.066053,-0.105023,-0.022101,0,1,0.681935
-0.890457,-0.785127,-0.127103,-0.716089,-0.863854,0.407091,0,0,-0.114243
0.429936,-0.241209,-0.022617,-1.327826,-0.117017,0.741920,1,1,-1.428120
-1.414337,0.853157,-1.134853,1.769343,0.207460,-1.523986,1,1,-1.690540
-1.634389,-2.631532,1.125269,-1.977700,0.237735,0.948777,0,1,-1.428330
-0.984371,0.914187,0.216525,1.809206,-1.769346,-1.151764,0,0,0.361089
-0.129577,0.799348,0.649183,1.548872,0.599527,1.043129,1,1,3.085326
-1.091935,-1.885258,-0.393886,-1.985154,-0.530965,0.918923,0,1,-0.991093
-0.001389,-0.099887,-0.664301,-0.214699,-0.183515,0.095832,0,1,-1.243746
-0.006788,1.037704,-0.049855,-0.385361,0.567921,-1.208451,1,0,-2.659461
0.627719,1.314947,-0.218725,0.678964,1.119499,0.255443,1,0,2.937734
1.529142,-0.040053,0.812391,-1.056244,-0.306294,-2.104678,1,1,0.045358
0.865669,0.373477,-1.057372,-0.635765,1.820344,-0.033590,1,0,3.223796
0.882524,-1.467218,-0.527846,-1.130631,0.661367,-0.665439,1,0,12.075502
0.752294,-0.734068,-1.353228,0.954849,-1.047841,-1.922341,1,0,6.042343
-1.445178,0.362206,1.014411,0.339328,1.325348,-1.171953,1,0,2.171436
-0.373409,1.006786,-1.370342,0.511791,0.790616,2.930537,0,0,-2.390724
1.439801,-0.034853,0.917393,1.095912,0.147415,-0.122653,0,1,4.222228
-1.422984,2.531876,-0.866776,1.587850,-0.344388,1.491431,0,1,-2.574552
-0.325548,0.072446,-0.165082,0.407955,-0.242818,-0.120569,1,0,-0.755839
0.810294,0.131872,-0.071226,1.412105,0.925556,-0.429237,0,0,1.849688
-1.017155,-0.352153,2.439454,-0.444276,-0.267295,0.768567,0,0,-1.109363
-1.056784,-0.512634,-2.114782,-1.636952,-1.736723,-1.489558,0,1,1.686489
0.283631,1.079389,2.156078,-0.488443,-1.439038,-0.216711,0,0,0.362741
0.078843,-1.350516,0.618304,-2.097709,0.461113,-0.914103,0,1,-0.219050
0.596052,0.962976,1.366919,0.861538,-0.012841,1.205729,1,1,2.304367
0.221222,0.762277,-1.688098,1.132783,0.941466,-0.566199,1,1,-0.843333
0.477366,1.053030,0.184710,-0.302199,1.286192,-1.128550,1,1,1.431624
-0.409232,-0.123742,1.577062,0.611428,0.081724,0.789108,1,0,1.597908
1.833236,-0.993166,-0.307920,1.002977,-1.364429,0.002003,1,1,6.630629
-0.210012,0.625204,-0.282461,-0.316554,0.246087,0.222914,0,0,11.406996
-1.106064,-0.913405,0.744610,-1.607060,-1.533918,-1.612125,0,1,-3.198993
1.667057,0.383011,-2.388331,0.302277,0.119936,-1.808373,1,0,5.009516
0.990927,-0.023656,0.652692,0.902183,-0.148628,-0.459180,1,1,3.186214
-0.246145,-0.117765,0.529409,1.751867,-0.738670,-1.901717,0,0,3.940015
1.459290,-1.711735,0.162038,-0.107775,-0.949995,0.840225,0,1,2.378777
-1.860927,1.466348,0.981158,0.574504,-0.349867,-0.622584,1,0,-6.196976
0.007905,0.628484,1.263282,-0.969102,0.036035,0.180652,1,0,-2.066833
-0.908146,-0.622961,-0.601356,1.410181,0.431919,-0.287183,0,1,-0.237520
-0.724858,-0.569269,0.216686,-0.167185,0.093070,0.588546,0,1,-1.004677
-0.059340,0.554881,0.233433,0.054846,-1.820734,-0.214123,0,0,0.092700
-0.463843,-0.141552,-0.981513,-1.553651,-0.165764,-0.007243,1,0,-2.440185
1.052014,-2.116789,0.212197,0.847066,-0.331576,1.072630,1,0,1.530995
0.062012,0.614677,-1.001096,0.274141,-2.019842,1.463743,1,1,-0.443079
1.636454,0.222135,-0.075109,0.120753,-1.411269,-0.133655,0,1,2.858802
0.476124,-0.370792,1.574877,-0.115655,-0.602421,-0.644283,0,1,0.419775
-1.127046,0.411510,1.870535,-1.627734,-0.233538,0.308607,1,1,-3.262472
-0.313694,-0.553029,0.918227,2.119208,0.770264,-0.544775,1,0,9.907307
-2.481687,0.463469,0.260469,0.699852,0.654462,0.096908,0,0,-4.248805
0.404255,2.286325,0.309262,-1.384111,1.080680,-1.257099,1,0,-1.269759
-0.259829,-0.278828,-0.835247,0.828286,0.456802,-1.020456,0,1,3.600298
-1.421449,-1.003198,-1.267115,-0.091071,1.797535,0.363550,1,0,5.472134
-2.128407,-0.434312,-0.407617,0.943986,0.140868,-0.020609,1,0,0.682828
-0.486869,-0.371997,-0.655569,-0.207891,0.819130,0.459128,0,1,-2.850144
0.120180,0.007403,0.473161,0.100427,1.077153,1.699907,1,1,1.597368
-1.605357,-0.069942,0.017596,1.020126,0.837247,1.498729,1,0,0.803729
1.461717,-1.674856,-0.322394,0.843132,0.316442,-0.786948,0,1,4.509222
-1.162260,-0.529269,0.387840,-1.547538,0.807471,0.388558,1,0,-1.607746
-0.001553,0.739916,0.555106,-2.091866,-0.966503,-0.297237,0,1,4.306680
2.334124,0.306675,0.340818,-1.001387,1.106479,-0.054690,0,0,0.629498
0.371714,-0.298171,-0.338282,1.028424,0.914769,0.365712,0,1,1.465703
-0.770256,-1.392773,1.176763,-0.182632,-1.922574,-0.453544,1,1,-4.252558
-0.528359,-0.233850,-0.516233,-0.224969,-1.053416,1.642447,0,1,-0.659925
1.413726,0.408405,-1.644240,1.246919,-0.881732,0.611644,1,1,4.266576
0.766395,-0.292618,0.173370,0.376406,-1.064034,0.191846,0,0,2.343676
0.963295,0.565010,-1.090827,-0.285174,0.933290,0.173347,1,1,-2.612212
0.116444,0.126010,-2.001740,0.772883,-1.498339,0.292910,0,1,5.653355
0.180853,-0.839137,-0.347801,0.805748,-0.025911,2.305719,0,1,2.229578
0.223075,-0.146092,-0.488442,0.720446,0.071717,-0.881220,1,1,1.361093
-0.395552,0.307707,-0.811782,-1.094212,1.648031,-1.526238,0,1,-6.477015
0.252685,0.252137,-0.730662,0.375744,-0.103647,-0.118530,0,0,6.383497
1.083966,-0.919587,0.038986,1.981868,2.233237,0.492464,1,1,6.286287
0.860821,0.250344,-0.315976,-1.505963,-1.052337,0.334179,1,1,-1.570826
-0.942142,-0.049327,-0.514436,-0.144494,-1.761821,0.064665,0,1,5.361936
0.643967,-1.522316,1.026370,0.625741,-0.519486,-1.302928,0,1,3.298424
-0.792256,1.365169,0.730467,-0.673465,-0.454197,0.194105,1,1,-4.735467
-1.948581,-0.396378,0.717423,0.554435,0.286988,0.059425,0,1,-1.130152
0.266522,0.191171,0.476267,-1.399521,1.332549,-0.762713,0,0,-3.093517
-0.511007,-1.069818,-0.126008,0.132144,-0.107980,-2.119237,0,0,2.966027
-0.002368,-0.217138,0.907690,0.810692,0.395171,-1.123288,1,0,8.146165
0.333724,2.436693,1.425474,-1.831346,1.553698,0.632187,1,0,0.295505
0.657613,0.012876,0.167742,-0.743137,1.827197,-0.632932,1,0,8.161334
0.191415,0.843177,-1.299132,0.797747,-2.026543,-0.229383,0,0,2.181693
1.204419,-1.520203,0.250347,-1.248766,-1.572978,-0.275452,0,0,-0.177659
1.585566,-0.027415,0.425238,-0.689904,-0.479530,-1.528753,1,0,-0.142950
-0.749604,-0.536195,-1.342625,1.066535,1.134319,-0.195745,0,0,0.687630
-0.481308,1.513466,-0.084659,0.066856,-0.634658,-0.065896,1,0,5.525864
-1.517723,0.954963,-1.267735,1.053813,-0.651866,0.144710,1,0,-4.542605
0.235694,0.776189,0.476038,-0.199006,1.346091,0.883797,1,0,0.306228
-1.267701,-0.238997,-2.177346,0.115724,-0.798767,0.725376,1,1,-1.720040
-1.139704,-0.729290,1.501887,0.625120,0.028315,-1.260290,1,0,6.230960
-0.271422,0.042451,0.346333,0.335502,0.212658,-0.748139,0,1,5.271231
-0.796527,1.212008,1.461625,0.168713,0.804031,0.309865,1,1,1.317474
1.092018,0.287336,0.429316,-1.213058,0.447062,-0.967256,1,1,-0.265601
-0.151410,1.198856,0.663293,-0.782498,1.338870,-2.035524,1,0,-1.237073
-0.131337,0.910457,0.963800,-0.442259,-1.239365,-0.473955,1,0,-3.769622
-0.213143,0.598515,-0.504822,0.181802,-0.762861,-0.092081,1,0,-2.471726
0.332078,-0.647417,-0.810119,-0.062350,0.395731,0.334050,1,1,-0.646092
-1.220845,-0.765410,-0.033170,-1.217706,0.897257,-0.560113,1,0,-0.999578
-1.704145,-0.296247,-0.190309,-0.278101,1.407823,1.245853,1,0,-1.051275
0.071920,-1.816908,-0.425986,1.656976,0.409680,2.659716,1,1,3.858273
0.073209,-0.680200,1.420019,-0.863574,0.831426,-0.969668,0,1,4.363089
-0.693165,0.397061,1.294262,0.929851,-0.146843,0.158121,1,1,5.915735
0.521119,1.447034,-1.241441,-0.402624,-1.289514,-0.165827,0,1,0.036010
1.707520,-0.064829,-0.157276,-1.560026,-0.015265,-1.136878,0,0,2.561152
1.183455,0.649759,0.840922,1.567559,-1.018002,0.920202,1,1,1.466247
-0.893129,0.752770,-0.480027,0.514857,-0.966121,0.363106,0,0,-1.085662
0.142603,0.548395,-0.994150,-0.071530,-1.292611,0.218019,1,0,-3.363747
-0.219970,-0.082708,-0.225995,1.128871,0.249134,0.074565,1,0,1.534774
-0.961089,0.226313,-0.893624,-1.165343,-0.830826,2.068065,1,0,7.188310
-2.073787,0.615077,-1.415158,-1.490859,0.487836,-0.854681,1,1,-4.059789
1.263741,1.244066,0.056380,0.032027,-0.097098,1.024306,0,0,3.167261
-0.437360,-0.470267,-1.390813,-0.900359,-0.099496,-0.164972,1,0,9.820855
-0.303036,-0.685968,-0.501313,-0.189404,0.239184,-0.939432,1,0,-1.375564
-0.518536,-0.128650,-1.492314,-0.775932,-0.532280,1.657812,1,1,-2.851050
-0.455279,0.088755,0.265136,0.826301,0.133740,-0.796325,1,1,0.547313
-1.189210,-0.046725,1.670498,-0.351640,-1.228815,0.165309,1,0,-2.508564
1.282785,-1.251578,-0.206091,1.008989,1.608998,1.011617,1,1,5.469848
1.646968,0.196096,-0.525105,0.226021,-0.850015,-0.489837,1,1,1.337784
-0.245165,0.792328,1.050274,-0.093282,-0.174670,1.251970,0,0,-1.532752
0.146276,0.671651,-1.760986,-1.427099,-2.167282,-0.618210,0,1,3.964712
0.990178,0.416160,-0.521069,-1.102812,0.023514,0.022991,0,0,-1.286280
0.026528,-0.266472,-0.984735,-1.139504,0.196934,-1.400558,0,1,1.491685
0.243990,-0.420836,1.133720,-1.015925,0.441124,-2.222823,1,0,-1.157878
0.496717,-1.116051,-0.440025,1.923135,0.380510,-0.535575,1,0,3.439133
-1.085747,-0.406119,1.734622,-1.830137,-0.805195,0.685263,1,0,-1.059302
-0.004241,1.698577,-0.456663,0.493275,-0.119107,-1.813547,0,0,-0.754491
-1.051597,-0.080789,-0.520676,0.410206,-1.947382,0.295282,1,1,-1.697346
1.177264,-0.073770,1.532793,0.605871,-0.512889,-1.586644,0,1,1.461501
-1.786469,0.537254,-0.784230,-0.721073,-0.698505,0.022478,1,1,-4.674347
-1.286241,-0.532950,-0.260675,-0.803185,-0.291196,0.202704,0,0,-2.698763
1.627686,2.363293,-0.957500,0.768311,1.841531,0.763750,1,1,-0.734626
0.420350,-0.489797,-0.687127,-1.021707,0.734158,0.814661,0,0,-2.641123
0.474192,0.428256,-0.993017,1.534113,-1.220420,1.969229,0,1,4.799642
-0.181847,-0.484814,-0.140196,-0.934854,0.227095,-1.208476,0,0,-1.529672
1.471744,-0.076822,-0.139371,-1.491741,1.169546,0.471800,0,0,-0.507498
2.228989,-2.037130,0.927152,-1.079760,-0.170446,-0.948203,1,0,-3.094958
-1.445422,1.116097,-0.575077,1.746559,1.521469,1.721379,1,0,0.381292
-1.643664,-0.056453,-2.706068,-0.077160,0.681159,-0.159602,0,0,1.867078
-0.833013,1.230061,-0.819583,0.521193,1.772306,1.874977,1,0,-2.707043
0.338870,-0.308842,-0.598404,1.474419,-0.762439,0.047913,1,0,2.034380
-0.505444,1.575562,-0.960053,-0.462370,-0.788470,0.984885,1,0,-2.330685
2.850704,0.908782,-1.854941,-0.202084,-0.259941,-0.482717,0,1,1.865289
1.888709,-0.595195,-0.507303,-2.110450,-0.772300,0.377533,0,1,1.271806
-1.085697,1.081846,-0.114703,-0.430791,1.241627,0.446628,0,1,-4.915820
1.598383,-1.572805,-1.901119,0.603058,0.715169,-1.199701,1,0,0.821032
0.843429,0.051963,2.130762,-0.379927,-1.275247,-1.096217,0,1,-2.619131
0.464806,1.615632,-2.188462,-0.825807,-0.188187,-0.704771,0,1,-2.261711
-0.084394,-0.993844,0.181527,-1.775136,0.309959,0.373038,0,1,-1.762340
0.207252,-0.850111,-1.002583,1.061016,-0.359015,0.765045,1,0,1.748004
-1.288994,-1.698546,-1.128484,0.223769,1.062408,-0.901619,1,0,3.339388
-1.455669,0.643162,-0.872855,-0.108472,0.199582,-2.304203,0,1,-4.541985
0.522302,1.161150,-1.208065,0.117982,-0.980634,-0.137588,0,1,0.438590
-1.399647,0.177700,-2.351007,-0.573652,1.524196,-0.432945,1,0,-4.320800
0.668368,0.924579,-0.357253,0.691685,0.969821,-0.567688,0,1,-0.072534
-1.579456,0.272438,0.507337,-0.934889,1.877528,-0.800520,1,1,-0.655819
-2.029646,-2.131478,0.161169,0.811557,-0.864073,-0.735683,0,1,1.401691
0.157212,-0.500867,0.103665,-0.727319,0.427352,1.453719,0,0,2.485928
0.134604,-1.069093,0.784032,-0.449071,-0.949023,2.209020,1,0,-1.616694
-2.468025,-0.181694,-0.102141,-0.786357,0.047132,-0.442694,1,0,-4.548434
-1.151105,-0.060603,1.740716,-1.156136,0.611426,0.686175,0,1,-1.689565
1.065897,-0.445320,-0.728859,0.727252,1.043366,0.397850,1,1,25.712258
-2.042216,1.198740,-0.091347,-2.665073,1.426871,-1.313763,1,0,-8.206025
-2.313554,1.032125,-0.681643,0.454635,1.474273,-0.446870,1,1,-4.320644
-2.361697,0.065049,0.387488,0.793228,-0.794823,-2.321722,0,0,-1.207487
-0.061595,-0.759929,1.539156,-0.685137,0.893986,-1.091138,1,0,1.785986
-0.805479,2.391608,0.221854,-0.533386,1.623288,-0.709520,1,0,-5.795438
-0.550071,0.636412,0.280650,-0.387353,-0.323790,-0.797108,1,1,-3.180625
0.141794,0.912542,-1.653811,-0.918615,1.149457,-1.485480,0,0,-4.539743
-0.786874,-0.013663,-0.001351,0.326215,-0.677857,0.154404,1,1,-1.542339
-0.105446,0.730282,0.195022,0.195953,0.024130,-1.579399,0,0,-1.960630
-0.358299,-0.169533,0.518380,0.901125,0.251001,-1.367720,0,1,1.783039
-2.807536,0.096960,0.097407,1.046927,0.388587,0.440751,1,1,-1.322441
0.208214,0.849758,1.019846,-1.736388,1.139923,0.392916,0,1,-0.953105
-1.417496,-0.708227,0.028485,0.121238,3.923350,-0.671950,0,1,-4.737322
-1.248163,-0.011451,-0.858869,-1.586753,0.119385,0.287701,0,1,-5.238046
-1.315013,0.983215,0.184488,-1.894759,-1.273354,0.516370,1,1,-4.764089
1.448873,-1.174898,1.375178,-0.840681,-0.917967,0.013671,0,0,0.902681
1.117637,-1.011487,1.873570,1.523700,0.128943,-0.232838,1,1,6.040550
-0.667327,2.006828,0.654970,1.354407,-0.575903,-0.136522,1,1,-0.731564
1.653788,0.483395,0.045867,1.558552,-0.390730,0.778657,1,0,5.028861
-0.066885,0.698809,1.446071,-1.098911,1.263114,0.437396,0,1,7.228449
0.017241,1.007774,0.584480,-0.358322,0.817899,0.608041,1,1,0.087506
-0.192603,0.068709,1.358885,0.610816,-0.251578,-0.042252,0,1,1.302642
0.476879,-0.825797,1.306363,-0.514952,-0.543842,-0.262194,0,0,0.004426
0.837455,-0.695846,0.334773,0.817540,-0.292975,0.058678,0,1,4.009024
-1.658033,-1.186545,-0.144082,-1.203038,-2.332587,0.598376,0,0,1.147155
-2.400260,0.713695,-0.411403,1.619935,-2.384566,-0.488324,1,0,-6.686348
1.036957,-0.752174,-1.416473,0.072228,-0.501398,0.037043,1,1,0.693764
-1.291428,2.102273,0.549800,1.086116,0.300017,-0.306549,1,0,-5.210688
1.014798,0.517830,1.006244,-0.139485,1.116578,0.769570,0,0,0.188835
1.409933,-0.584233,0.378881,-0.842285,0.733619,-0.938822,0,1,-0.485218
-0.418415,-0.171926,-0.549535,-0.558781,0.855518,1.218893,1,1,-2.464521
-1.712901,0.583696,-0.422299,1.807039,0.391868,0.557552,0,1,-1.865346
-1.359210,0.079613,1.499858,-1.443879,-0.329419,1.229672,0,0,-1.411505
-0.080987,0.941426,-0.507674,-1.139880,0.868986,-0.495934,0,1,-5.195986
0.439822,0.134530,-0.802369,-1.721501,-1.099528,0.853045,0,1,5.660330
-0.352182,-0.613826,0.684688,-0.291819,0.433591,-1.300013,0,1,-1.065442
0.339549,1.129649,0.095030,-0.570759,-0.603484,-0.078134,1,0,-2.470253
-1.067733,1.007946,-0.867822,1.198235,-0.544050,-0.030312,0,1,6.167139
1.876678,1.523278,-0.035729,0.055143,-0.970511,0.145110,0,1,0.664542
-1.390064,-1.169932,-0.064645,0.676168,-0.019264,0.110117,1,1,1.118551
-0.464453,-0.605498,-1.240560,0.838522,-0.213592,-0.193549,1,0,0.649765
-1.372953,1.029368,0.488612,-0.700731,-0.519225,-0.079950,0,0,-6.725560
2.636369,-0.288602,-0.757179,0.110490,0.519335,-0.681025,0,1,1.790857
0.569956,-1.631292,2.544688,1.402707,-1.319906,-0.649908,0,1,1.633732
2.057192,-0.210071,0.892551,2.538140,0.486289,0.443850,0,0,4.174777
1.604709,2.317200,0.269854,0.467837,-0.369685,0.857901,0,1,0.894511
0.097708,0.873490,0.437355,-0.077255,-0.127284,0.902626,1,0,-1.858649
0.136029,0.980430,0.838216,1.085149,0.813747,-0.211329,0,1,2.074545
-0.181969,-1.405725,2.283205,0.054222,-0.126963,1.579581,0,0,1.892223
0.831064,0.965166,0.580791,0.094882,0.592032,1.303155,1,0,1.656194
0.738995,-0.678842,-0.674762,0.148600,1.237509,0.058107,0,1,-1.941401
-0.003267,-0.039579,0.251313,-0.189272,0.440628,-1.139504,1,0,-0.991969
0.528615,0.340048,0.029548,-0.313314,-0.843834,0.843992,1,1,-2.548405
-1.243378,-1.250120,-0.007638,0.477327,-0.964329,-1.817810,1,1,-0.014941
0.033864,1.173210,1.374720,-0.117089,-0.300135,-0.290849,1,0,-1.583930
0.186867,-0.741081,0.269298,-1.367955,-0.384883,-1.129063,0,0,-1.620773
-0.101098,0.848846,-0.496904,0.039566,0.183589,-0.141887,1,1,-2.056468
-0.580729,-1.324025,-1.840591,-0.897298,-0.597020,0.309620,1,0,-1.723704
-1.447862,1.090599,-0.041501,0.859384,-0.032340,0.767447,0,1,-2.012060
0.346289,0.077408,1.796218,-0.107037,-0.263882,0.837324,0,1,-0.422141
0.308724,-0.113617,-0.704707,-0.669403,0.021305,-0.751309,1,0,-1.258566
0.316557,0.342511,0.229638,-0.513930,0.014145,-1.572099,0,0,-1.001158
0.162002,-0.414366,-0.684436,0.132651,-0.043723,0.802317,1,1,-1.319719
-0.587959,-0.325860,0.691270,-0.776662,0.037984,0.636703,1,0,-2.138344
-2.431481,0.594274,-0.383785,-0.313925,0.102412,0.211251,1,1,-5.102202
-0.697949,1.081332,-1.269245,-0.527515,-1.700642,-1.035614,1,1,-2.484255
0.283961,0.328620,-0.602684,1.691285,1.292199,-0.474913,1,0,2.958954
-0.855846,0.013121,1.089479,0.283530,1.596278,1.323221,1,1,8.637133
0.066254,0.104954,-0.744681,0.599977,-0.317683,0.544128,0,1,4.896570
-1.241923,-0.520942,-0.127280,1.616117,-2.572237,0.500341,0,1,3.460882
-0.515546,-1.794937,-0.777484,-0.639389,-1.234081,0.966993,0,1,0.657988
0.316813,-0.062852,-0.460353,0.634853,-0.247543,-1.456954,1,0,1.088041
-0.913317,-0.184845,-1.734849,-0.509470,-0.038211,0.026573,0,1,-4.211750
1.150377,2.220790,1.300995,-1.722580,-0.680607,0.242936,1,0,0.834355
0.574734,-1.448874,-0.050465,0.561186,-0.065042,-0.610718,0,1,2.281084
-0.542345,0.290335,-1.128832,-0.624223,-1.642743,-1.851187,0,1,0.975102
0.992210,0.503081,-0.163195,0.606659,0.356324,2.243225,0,1,1.124518
-0.791787,-0.101963,-0.630996,-0.353714,0.905477,-0.364095,0,0,-3.249067
-0.302746,0.455772,0.038830,-0.551435,-0.250038,1.089250,1,1,-2.851996
-0.618148,-1.121923,0.763359,0.482568,0.216762,-1.275338,0,0,1.985990
0.275297,-1.610373,-0.037877,1.219587,-0.656058,1.278500,0,0,5.470932
-1.042200,-1.221573,-2.310248,-0.785246,-1.036830,0.773810,1,0,-1.735394
-0.189773,-1.368844,0.825802,1.118713,0.291428,-0.969403,1,1,3.452650
-0.602411,-0.301763,0.811032,-0.453990,-0.244553,-0.336407,1,0,-2.120711
-1.559961,0.211684,-1.143316,1.136125,1.328917,-0.853718,0,1,-3.576486
0.284809,0.502990,-0.122012,-1.754380,0.416404,-1.322580,0,1,-1.254502
0.227908,-0.106538,-0.424335,1.187320,-1.422774,-0.950419,1,0,0.404225
-0.187481,0.689587,-1.052673,-0.273781,1.889330,-1.722788,0,1,-6.893025
0.843101,1.440299,0.904616,-0.900231,0.825233,-0.946938,1,0,1.226521
0.210245,-1.841042,0.609234,1.127726,1.548319,2.186075,0,1,4.247629
-1.317206,-0.389102,0.396980,0.031182,-1.776717,0.456085,0,0,0.822115
-0.102827,-1.053522,-1.091995,-0.335269,2.522343,0.124266,0,1,-7.681493
0.840737,-0.372546,1.975364,1.120429,1.933275,-0.917529,0,1,9.199676
2.389974,-0.808149,0.095960,0.887603,0.223906,1.219940,1,0,3.425132
0.289589,0.840732,1.023748,-1.837039,-1.102555,1.257062,1,1,-4.439268
-0.410442,-0.583069,0.917311,-1.408870,-1.050716,-1.304237,0,1,-1.790496
0.326695,0.154198,-0.930349,-0.345559,0.239413,-0.091785,1,1,-1.874454
1.181319,-0.636665,0.798611,0.477541,0.473244,-0.634335,1,1,4.294325
0.797406,1.091898,0.303879,-0.035898,-0.674580,-2.029292,1,1,-1.139086
-1.180378,-1.084159,0.729681,0.329919,-0.313930,0.753048,0,0,14.537076
0.226871,-0.779973,-1.132427,0.875082,-1.261931,0.959001,0,0,2.755681
-0.190649,-0.630095,0.287068,0.119791,1.922344,-1.082001,0,0,-0.897789
0.297662,-0.087834,0.477517,1.582544,-1.448880,-0.156223,1,1,0.580126
-0.974517,-1.668087,-0.170492,-0.542738,-0.045816,0.609972,0,1,-1.462282
-0.661279,-0.570104,1.745483,0.911304,0.329422,0.222228,1,1,4.059094
-0.326306,-0.134664,1.289732,-1.542635,-1.624233,-0.177007,1,0,-3.102008
0.798469,-3.010825,0.455186,0.430939,-0.125631,0.628798,0,0,7.230162
-1.271852,-1.995488,-0.012787,-0.302808,1.043859,-0.166440,0,1,-2.561772
-1.055103,1.966663,0.331311,-0.738167,-0.572343,-2.912651,0,1,-5.357250
-0.964276,-2.091007,-0.332180,-1.044953,-0.325060,-0.124248,0,1,-1.335134
0.175603,-1.333909,0.032646,1.296810,0.411971,-1.042290,0,1,2.762577
1.186323,0.708176,2.290905,-1.794346,0.252543,-1.305030,0,1,-0.038383
-0.051364,0.836419,-0.219374,0.210621,-0.296792,-0.298155,1,0,5.167761
-0.421069,-0.897690,-0.334289,-1.444630,1.624317,0.219769,0,0,-3.245080
0.510441,0.037369,-0.252822,0.894080,1.078249,-1.366202,1,1,2.253035
1.353677,-0.493919,0.162968,-0.556876,1.120917,1.368972,0,0,-2.032791
-2.036737,-0.310557,0.292690,0.692549,0.214069,-1.174718,0,0,0.182787
-0.669690,0.102108,0.213401,-0.917413,0.914197,-1.560858,0,0,-3.597685
0.959129,-0.230626,-0.941061,0.370606,1.637359,-0.118752,1,0,1.761905
1.075325,0.132861,0.570192,0.026761,-0.053819,1.435946,0,1,5.978086
-1.187027,-0.931886,-1.075888,0.865522,0.819866,1.086062,1,0,2.437738
0.588258,0.125670,0.383424,1.610398,0.626763,1.314568,0,0,2.559026
-1.646209,-0.186602,-0.003515,0.029705,-0.055884,0.702166,1,1,-2.690064
0.810429,2.877637,-0.892841,0.930992,-0.602090,-0.380646,1,0,2.587228
-0.948450,-0.727920,-1.077503,-0.207139,-0.432305,-1.892938,1,0,-2.193614
1.495461,0.118504,-0.828407,0.234324,0.234029,0.169920,1,1,1.024454
0.258067,-0.471520,-0.149164,0.429958,0.965737,0.042844,1,0,1.311507
0.392148,-0.581763,-0.129907,1.718802,2.020999,-0.410750,0,0,1.218191
-1.385884,1.018068,0.856134,0.314498,1.110294,1.350200,1,1,-0.223755
1.777699,-0.453742,-0.645330,0.094632,0.368434,1.015238,1,1,1.571451
-0.629956,-0.373426,0.927548,0.311282,-1.721104,-0.008479,1,0,-1.232697
0.326993,2.292098,0.008247,-0.663785,0.754961,0.357530,1,1,-3.028798
-1.258719,-0.755036,0.464991,-0.895292,-0.537551,-0.038848,0,0,-1.228700
0.332088,-0.385799,-2.181137,0.847526,-0.006252,0.932809,0,1,0.500288
-1.118539,-0.128112,-1.037561,0.532516,-1.290127,-0.837451,0,1,2.256837
-0.428628,-0.194230,0.385392,-0.740578,0.420602,-1.532726,1,0,-1.817827
-0.243450,-1.411019,0.550612,-1.266712,0.491107,0.797077,1,0,-0.057032
0.588579,-0.357009,0.808521,-0.449200,0.972525,0.379755,0,1,0.993772
-0.603802,0.694360,-1.956907,-1.120611,-0.369192,0.049852,0,0,-5.503983
1.961034,-1.441868,0.185816,-1.187187,0.391887,-2.306905,1,1,2.579415
-0.898180,-0.016084,0.500404,0.689335,-2.695537,-1.506482,0,1,-0.019574
-0.047583,-0.314969,1.634561,1.659174,0.711513,-0.217319,0,1,4.470530
-0.011031,-0.741792,-2.306290,-1.160096,-1.361418,0.186701,1,1,4.514215
-0.173854,-0.808687,0.979304,-0.059760,1.853896,1.166130,1,1,7.063201
-0.564290,0.826913,0.277259,0.843630,0.624296,-1.163129,0,0,-1.502963
-2.470641,-1.022066,-0.644378,-1.046249,0.591436,-1.306665,0,1,-6.110589
-0.368729,-0.941987,-0.855163,-0.165843,-0.627277,1.441596,1,1,-1.267826
-1.502507,0.689376,-1.417199,0.357591,0.341980,-0.507317,1,0,-1.307700
-1.313212,-1.511985,-1.915842,-0.426430,0.460875,-0.028184,0,1,-5.091281
-0.456660,1.017794,-0.271968,0.085475,0.131270,0.578092,1,1,-2.054189
-1.098231,-0.226931,1.034134,-0.727227,1.045111,-0.906449,1,1,-0.280186
0.398551,-0.612208,-1.235374,-0.542736,-1.438718,0.149687,0,0,-0.100392
-0.694509,-0.274190,-0.947475,1.579365,-0.365055,1.539778,0,0,1.737918
0.138903,-0.888628,0.009481,-0.163860,1.108528,-0.802416,1,1,0.695449
-0.780772,0.360757,0.770195,-0.026040,-0.301876,0.232382,0,1,-2.143679
-0.485218,-0.761445,0.082903,-0.913135,1.693637,-0.489872,1,0,-0.074024
1.116621,0.382775,-0.575151,-0.456799,-1.440045,0.771411,1,0,-1.304622
0.407543,-0.940822,-0.687314,-0.872011,1.538364,-0.508881,1,1,-0.506854
1.969113,1.377012,0.038547,1.554251,1.545708,0.233959,0,0,6.271389
-2.781724,0.750708,-0.121705,0.101679,-1.433923,0.511000,1,1,-4.412348
-0.347601,-1.603445,0.441116,0.151451,0.986424,-0.748183,0,1,0.993382
0.335209,0.093062,-1.072905,-0.715206,-0.713432,0.043607,0,0,-1.863088
-1.176975,-0.307032,-0.580314,1.081792,-1.105836,-1.534491,0,0,6.131580
-1.886929,0.050635,-0.866960,-0.009602,-0.262753,-0.116182,1,1,-2.172343
0.952296,-1.444871,0.158936,0.051143,-0.437072,-0.721016,0,0,0.080863
-0.631055,2.607234,1.971319,1.715134,-1.955554,0.079765,0,0,-0.565648
0.129893,0.666964,0.190641,0.573301,-0.403135,0.027681,0,0,0.947770
1.049922,0.184823,0.229426,0.994685,0.427416,1.240787,0,1,2.254661
0.073298,-0.068587,0.309909,-0.385609,0.951644,1.601487,0,0,-0.613957
0.736639,-0.172970,-1.642500,-0.918412,-0.013153,-0.681957,0,0,-2.597601
-0.091965,0.937746,-0.199205,1.263375,-1.364797,-0.795002,1,0,-0.334960
-0.810592,0.179651,0.921393,-1.084052,1.761651,2.043769,1,0,7.044045
0.336094,1.185322,0.731636,-0.600904,0.216647,0.182636,0,1,-2.167605
0.642604,1.068123,-1.269541,0.673492,1.508990,0.029152,1,1,-1.725085
2.125688,0.305716,0.028404,-0.131837,1.080037,0.509541,1,0,2.951534
0.119630,-1.528043,-0.629654,-0.982870,0.782090,-1.255108,1,1,-0.942442
-0.047109,-0.199733,-0.335341,1.023711,1.399660,0.667955,1,0,3.161096
0.035306,0.631581,-0.562559,1.185774,-0.473992,-0.345422,1,1,1.243446
1.460092,-0.258277,-0.476868,0.626433,-1.308745,-0.448832,0,0,2.873080
-0.593920,-1.754935,0.091935,0.609715,0.605633,1.077956,0,0,16.883022
1.128931,-0.799556,-0.054952,-0.826944,-1.722840,0.735604,0,1,6.283088
0.440610,-0.188567,-0.101167,2.144034,0.109277,0.794269,1,1,3.271830
0.484744,0.603315,-1.354537,-1.223127,-2.081504,0.797676,0,1,2.720147
0.489952,-1.846692,1.542247,0.672870,-0.124001,-1.172730,1,0,7.130980
-0.257320,-0.439801,-0.300499,-1.077931,-1.289868,0.365666,0,0,-0.378946
-0.290095,0.688079,-1.417765,0.237731,-1.885447,-0.123067,1,0,-4.458739
-0.161585,0.722332,-0.581370,0.581165,0.396540,-1.659680,0,0,-1.295424
0.728873,-1.142391,-1.309507,-1.015896,0.464593,-0.595368,0,0,-2.697164
-0.870833,-0.547957,0.654801,0.512391,0.798776,-0.023208,0,1,0.709240
0.736208,0.365226,0.437288,-0.175030,2.445674,0.747734,1,1,3.128192
1.103329,1.138107,0.632327,-1.434177,-0.513775,-1.041810,1,1,-2.448414
0.458108,0.752217,0.411062,0.882640,0.515292,-0.805189,1,0,2.576379
1.909544,-0.315116,0.495692,-2.839768,-0.656751,-1.125030,0,0,0.754626
-0.828653,-0.053376,-1.285471,0.960969,0.835398,-0.536743,0,1,-2.531239
0.751577,0.054976,-1.306537,-0.714990,1.193219,0.404057,1,0,-0.486331
-0.103579,1.823204,-0.820804,-1.135164,-0.457162,-1.171968,0,1,-3.826124
0.799334,-1.951808,1.281867,0.072527,0.068358,0.385612,0,1,2.831841
0.194896,-0.278519,0.259168,-0.009345,0.708637,0.114849,0,0,10.080387
1.513585,-2.203351,1.017484,-0.013172,-0.050892,-1.512284,0,1,4.275991
0.113522,0.385334,0.979990,-0.956905,0.619088,0.293168,0,0,-2.178090
2.488920,-1.235290,-0.640592,-0.586306,-0.087703,-0.772169,0,0,-2.621811
0.435232,0.938903,1.854469,-0.230132,-0.274755,-1.937911,1,1,1.209494
-0.112982,1.783792,-0.300653,0.886555,0.494058,-1.272220,1,1,0.269420
0.424810,1.633931,-0.993119,2.861247,-0.629592,1.565536,1,1,2.020888
0.453118,1.881176,-0.380517,1.836129,-0.468478,-0.684494,1,1,0.466603
-1.529369,0.098704,-0.526794,0.086153,0.345997,0.053661,1,0,-3.655583
0.630105,0.327693,-0.299144,0.187774,0.603900,1.231621,0,0,-0.226106
-0.240000,-0.941070,0.989629,1.224345,-1.248061,2.187391,1,1,0.192661
-0.241306,-0.766584,0.794286,-0.232128,-1.831526,0.216729,0,0,1.137863
1.057757,-2.508034,0.462553,-1.094960,-2.145177,1.976735,1,1,-2.106091
0.992318,-1.526302,0.498894,-1.043853,1.404659,-0.204722,0,1,0.743931
0.379792,0.807858,-0.554014,0.477998,0.618915,-0.017157,1,0,-0.243772
0.789333,0.486305,-0.299982,0.638396,-0.074241,-0.603737,0,1,26.391443
-0.030084,0.878584,1.690691,-0.129805,-0.441146,-0.156805,1,1,-2.957569
0.033977,-0.539564,-0.249948,1.415565,-0.530133,0.740115,0,1,3.370939
-1.137211,1.219880,-0.747397,-0.051554,-1.172048,-0.867532,1,1,-4.236770
1.670675,0.554299,-0.296880,0.608144,-0.807901,1.470185,1,0,2.586233
-1.473221,-0.253999,0.402231,-2.396833,0.065563,0.345031,1,1,2.698489
-0.429020,-1.224404,-0.033258,0.538193,2.389396,0.466718,1,0,6.967059
-0.360428,0.379528,-0.495423,-0.723873,-1.349962,0.059697,0,0,-2.000364
-0.704136,-1.773405,0.325437,-0.715048,-1.612927,-0.065901,1,1,4.569140
0.351944,0.125089,-0.694664,-1.078904,0.357762,-0.234500,0,1,-1.809972
1.008708,0.969217,-0.424223,0.994179,-0.360968,-0.175912,0,0,3.266477
-0.358944,1.291970,0.467055,-1.965843,0.089143,-0.461795,1,0,15.321013
-0.565787,1.475031,-1.131706,-1.661369,-0.755455,-0.342519,0,0,-5.501093
1.217406,-0.273077,1.189286,0.360362,-0.419904,-0.763985,0,0,1.770042
0.840716,0.319678,-0.645929,-0.772728,-2.444889,-1.347479,1,1,-0.514550
-0.005320,0.567382,0.955444,1.337997,-0.918013,0.999039,0,0,3.596670
0.676249,0.854518,0.391790,1.862610,-0.708515,0.599561,0,0,4.504769
0.031868,1.084519,-0.301926,-0.421963,0.996532,0.486750,1,1,-3.027378
-0.120039,0.084636,0.477083,-1.290933,-0.641654,-0.442730,0,0,-1.093938
-0.820086,-1.338943,-0.981510,-0.583641,0.207365,-0.616668,0,1,-1.401085
0.615877,-0.832164,-0.293094,0.292453,-0.362372,-0.042179,1,1,2.753166
-0.790262,1.804694,-0.111063,0.756620,-0.289821,-0.973834,0,0,-3.530039
-1.577153,1.170026,1.116698,2.037256,-2.781585,0.112010,0,1,-2.198589
1.297366,-1.310543,1.464000,-0.104081,0.950154,0.502830,1,0,0.295007
1.767069,1.358916,2.080440,1.178354,0.570554,-0.798133,0,1,5.055472
0.573942,0.007717,1.274395,0.363254,0.609653,-0.960038,1,0,1.148365
1.838585,0.089920,-1.175589,-0.993474,0.780075,0.608090,1,0,2.634814
0.352488,-0.558935,0.013951,1.000413,0.410279,0.014146,0,0,1.102411
1.127711,-0.730070,1.912479,-0.888134,-0.646758,-0.962068,1,0,-0.009191
1.213058,-0.250427,-0.045529,2.032129,-0.623271,-0.450951,1,0,2.955201
-0.134087,0.617280,-1.050860,-0.593447,-0.017941,-1.249657,0,1,-3.004096
-0.109611,-0.008546,-1.573853,1.671942,-1.152934,-2.060355,0,0,2.058993
0.473042,0.613821,-1.003951,0.349968,0.195883,-0.332602,1,1,-0.209250
-1.173007,0.898684,-0.590119,-2.116259,-1.917560,-0.191835,1,0,-4.988977
0.194776,-1.536915,-0.877681,0.142874,-1.123374,-0.135061,1,1,14.734895
-0.735887,-0.125981,0.912488,-0.238282,-0.189469,1.338068,1,1,-2.661957
1.029960,1.485044,0.696125,0.636485,-0.920365,0.718568,1,0,2.845886
0.505955,-1.392033,-1.370998,-0.513096,0.454356,1.253079,0,1,-1.461251
-1.056062,0.486500,1.047539,0.097786,0.527691,-0.380400,1,0,-2.333263
0.554203,-0.444385,-0.646717,0.240371,-0.541051,0.928394,0,1,2.256679
-0.209595,1.363696,-1.273339,-0.351717,0.724030,0.374123,0,0,-4.232859
1.961157,1.709345,-1.693661,-0.640734,-1.548421,-0.819129,1,0,1.568410
1.056836,-0.888071,0.721352,0.746804,-0.686575,-1.259062,1,1,2.423625
1.720525,0.002218,-0.516922,0.344065,0.769852,-2.118264,1,0,2.397910
-1.465653,-0.557901,-0.147788,-0.124715,-0.096994,0.259889,1,1,-2.783427
1.566066,-1.167453,0.069453,-0.388874,2.003525,1.807148,1,0,0.196794
0.024951,1.025101,0.271649,-0.377530,-0.515477,-1.452638,1,1,-2.917603
0.431602,0.291580,1.101149,-0.853000,0.941966,-3.069066,0,0,-1.111384
1.025346,-1.014730,-0.159825,-1.308976,-1.414816,-0.760845,0,0,-0.253227
-0.090021,-0.248319,-0.985310,0.550764,0.844226,0.443467,1,1,0.178112
1.006706,-0.439005,1.756920,0.387782,-1.076148,-0.005578,0,0,9.045813
-0.593864,-0.871385,-0.589077,0.246638,-0.088459,-0.601097,0,0,0.393559
2.258137,0.546197,-1.814297,0.782581,0.729045,0.726727,1,1,1.772052
1.343492,0.564887,0.282934,-0.676683,0.053326,0.524277,0,0,0.077836
-0.207056,1.215402,-1.341328,-1.270004,-0.217958,-1.021917,1,0,-4.933443
0.415997,0.296022,0.472785,0.001290,1.366859,-1.939502,1,0,1.575252
-1.774399,-0.573467,-1.887579,-0.926722,-1.438707,-2.258761,0,0,1.671104
-1.329125,-0.600108,-0.787509,0.708149,-0.382500,-1.021101,1,1,-0.418229
-0.619452,0.301021,0.148596,1.688728,-1.195967,1.210700,1,0,0.432951
0.656523,1.932522,-2.069378,0.662359,0.572750,-0.422750,1,1,-2.144934
-0.619212,0.982689,-0.842786,-1.913524,0.057596,-2.055086,1,0,-4.989735
0.524301,1.207748,-0.797347,0.645388,1.244444,0.039236,0,1,-2.474362
-0.743294,0.521762,0.067815,-0.481389,-0.263785,-0.577421,0,1,-2.500113
1.244682,-0.274048,1.039224,2.415337,-0.641445,-1.078554,1,0,2.915871
0.992859,0.216128,0.650782,1.811202,-1.240112,-0.796890,0,0,5.087342
-1.069977,-0.966762,-0.382579,0.937098,0.604372,0.336034,0,1,-0.293028
1.411941,-1.239721,-0.748239,1.207639,-2.035923,0.543805,1,0,3.823021
-0.197012,0.501108,0.346913,-1.196038,0.063170,-1.404001,0,1,-2.411467
-0.066777,-1.496899,1.369995,1.973732,0.453297,0.804247,1,1,5.657369
-0.002648,-0.099462,-1.270610,-0.553164,1.558835,-1.205464,0,0,-3.623045
0.932231,-1.211429,0.610482,-2.542920,-0.355777,0.250532,0,1,-0.079233
-0.599284,-0.928405,-0.740772,-0.370940,-0.290212,-2.069205,0,0,1.132768
-0.004467,0.196829,0.347153,-0.460977,-0.574008,0.660258,1,1,-2.633795
0.397692,-0.785598,0.516228,-1.047131,0.588155,-0.228866,1,1,0.630532
0.086577,0.161625,-0.769763,0.143553,1.437108,-0.660789,1,0,-0.097170
-0.018246,1.009651,-0.098197,-0.977803,-0.116800,-0.335366,0,1,1.260628
0.965403,-1.098135,0.021392,-1.396539,-1.991275,0.036529,1,1,-1.587346
-0.196286,0.160471,0.606358,0.524529,-1.974093,-0.202377,0,0,11.469276
-0.333828,1.033111,-1.068340,0.676829,0.555735,0.868060,0,1,0.679696
0.182712,0.783783,-0.344573,0.490371,0.003691,-1.433962,1,1,0.881821
0.345973,0.906647,1.415431,-1.049778,-1.321584,-0.058940,0,0,0.276320
-1.209687,-0.235757,0.318007,-1.225540,1.553755,0.961715,0,1,-3.312929
-0.449696,0.030871,-1.153369,-0.757806,1.307041,0.153347,1,1,-4.124516
-0.591893,1.733600,0.928788,-0.068994,0.267031,1.270948,1,0,-3.389966
0.335394,1.424271,-0.715137,-0.963525,-0.638333,-0.242863,1,0,-2.957115
-0.967154,0.349602,-0.115908,0.468870,1.383161,0.707584,0,0,-0.051961
-0.127303,0.055518,-1.082926,0.754876,-0.115237,-0.685672,0,0,-0.046311
0.100617,-2.342186,0.413667,0.915996,1.111825,-0.551142,1,0,4.790436
-0.507271,1.039148,-0.946322,-0.542160,-1.119391,-0.402388,0,1,-1.946610
0.233802,-1.042255,-0.513690,-0.899025,0.406282,-0.274219,0,0,-2.032017
-0.643415,0.649548,0.908246,1.453682,0.499824,0.149305,0,1,4.931128
-1.544981,1.348803,-0.867960,1.033526,-0.998186,1.368699,0,0,-4.132190
2.021920,0.242844,-0.346743,-0.569136,1.553922,0.431482,0,0,-0.538015
-0.431409,0.867175,-0.276086,-1.357324,-1.304069,0.864105,0,0,-3.525959
-0.513086,-1.432385,0.893332,-0.555693,-2.017669,0.952494,0,1,-1.810759
-0.996569,0.664131,1.481761,1.200331,-0.640353,-0.881012,1,0,-0.969999
0.994528,-0.566319,-1.473382,-1.532841,-1.404819,-0.222566,0,0,-0.384162
-0.287039,0.629469,-0.779108,-0.572229,-0.646570,-1.122948,1,1,-1.099173
0.296881,-0.621398,-1.155781,-0.507942,0.419139,1.142436,0,1,-0.283879
0.769849,-0.239439,-0.388095,-1.267728,-0.307137,1.746442,0,0,-0.861038
0.263376,1.840971,-1.928146,0.514223,-1.501219,0.099467,1,0,-2.246316
0.653412,-0.817518,-2.652496,-0.509731,0.887556,-0.581628,0,0,-3.032109
0.762440,0.217851,-0.920216,-0.678921,0.479014,2.062981,0,1,-2.880726
0.664490,0.011471,1.831687,-1.147035,0.381130,-1.137239,0,1,5.377477
1.539430,0.623828,-0.319983,0.289016,0.129076,1.018823,1,1,0.812720
-0.760353,0.137271,-1.993217,0.659245,-0.753220,1.436631,1,1,0.304133
-1.648787,2.191227,0.391708,-0.982991,2.286788,0.984048,1,1,-2.772725
0.049708,-1.563818,-1.185551,1.116728,0.458511,1.499987,1,0,2.928825
0.750201,1.267684,-0.945327,-1.016206,1.193298,0.571502,1,0,1.491590
0.937520,-1.612253,-1.507058,0.116790,-0.799089,-0.222947,0,1,3.490605
-0.155823,0.182496,0.172237,2.202231,-0.949640,0.434832,1,0,1.603748
1.653677,0.893219,1.745123,-1.966125,1.405683,-1.156298,1,1,8.349284
-0.673562,0.316756,-0.076038,1.593213,0.783832,1.343280,1,1,1.621306
1.047123,-0.084931,-1.519721,-0.725153,0.652562,0.036882,1,1,-1.936002
-0.475681,-0.573229,-1.956924,2.352156,-0.049093,1.481779,1,0,1.707890
0.353772,0.815519,-0.669278,0.581245,-0.225309,0.246978,0,1,0.718572
-0.943214,0.191497,0.424090,3.418590,-0.461761,0.214222,1,1,3.495668
-1.461955,0.534361,1.840747,1.832030,0.886649,0.359456,0,1,2.089130
0.440730,0.525569,0.783635,-0.734757,0.136022,0.999024,0,1,-1.693088
-1.427491,0.377450,-0.282154,-0.043114,2.116791,0.410783,0,0,-6.084224
1.128015,-1.259211,-1.168338,0.007852,-0.351953,2.977944,0,1,2.244839
0.622532,-0.463082,2.484220,0.460473,0.656849,1.601451,0,0,2.513006
0.185283,0.187275,-0.882229,0.324477,-0.573076,-1.857912,0,1,6.542735
-0.187814,-0.133396,-0.425032,-0.571642,0.187277,0.115557,0,0,-2.714684
0.233949,0.797797,-0.794732,-1.014482,-0.888865,0.299577,1,0,-3.935314
0.266162,1.533750,-0.579194,0.062802,0.727310,-0.830698,0,1,-3.065552
-1.028044,0.510560,-0.495955,-0.628084,1.110231,0.756654,1,0,-3.927333
1.533727,-0.786440,0.233382,-0.650893,0.047751,-0.165931,1,0,-0.810823
-2.498150,-0.732112,0.881961,0.598417,0.067749,-1.654475,1,1,-0.742036
-1.665390,0.308157,-0.109444,-0.060464,0.224267,-0.507850,0,1,1.262638
-2.073783,-1.260678,-0.763650,-0.459501,-0.469735,2.731045,0,0,1.080235
-0.715716,0.137419,-0.385455,0.714468,-0.161830,2.550279,1,0,-0.456665
-0.231450,1.649487,0.906577,0.285852,0.561879,-0.494612,1,1,0.340146
-0.740688,0.403315,-1.894341,-0.142365,-1.247290,-2.331739,0,1,-0.278549
1.014990,-1.646087,-0.202846,0.459764,-0.190722,-0.354447,1,1,3.656456
0.155795,0.022494,1.138318,1.095744,-0.593842,-0.025648,0,0,5.191239
1.065729,0.405445,-0.290887,-0.369880,-0.078851,0.119339,0,1,0.609156
-0.682309,-1.360855,0.365947,-1.808250,1.764401,-0.909783,0,0,-1.622258
-1.980130,-0.751820,-2.162638,1.412323,0.258546,1.208000,0,1,-2.519508
-1.101471,1.269769,-0.377397,-0.730042,-0.726476,0.035124,0,1,-1.225640
0.780658,-0.967497,0.720141,-0.331706,-1.111680,-0.149552,1,0,-1.807284
0.291766,-0.360468,-1.784802,0.531538,0.586147,-0.318287,0,1,-1.644051
-0.700061,0.730034,-0.726913,-0.119184,0.247013,-1.812388,1,1,-2.929604
1.124511,-1.469165,-3.193002,0.450403,-0.533854,-0.617949,0,1,4.071672
1.155936,-1.392217,1.464564,-0.527972,-1.208885,0.784867,1,1,-0.828820
-0.221390,0.879308,-0.088858,-0.447053,0.135134,-0.706064,1,1,-2.675507
-1.597352,0.159634,-0.338033,1.358923,0.473765,0.404111,0,1,-1.886434
-1.069729,-0.985844,-2.082459,-1.236337,0.464897,-1.269535,0,1,-5.317113
0.054791,-0.943945,0.275512,0.235831,-1.578955,1.141054,0,1,0.452653
-1.554910,-1.194406,2.070828,1.372184,3.202421,0.178701,0,1,8.539892
-0.596479,-0.030685,-0.611073,-0.809870,-0.958113,-0.111632,0,1,1.474684
-0.221518,-1.084803,1.970388,0.598689,1.448047,-0.685855,1,0,4.759645
0.742189,0.573535,0.739006,0.579914,-1.339660,-0.751806,0,1,1.608481
-0.134420,0.037442,-0.257651,-1.058866,-0.591393,1.064709,0,0,7.359759
0.390026,0.742308,0.340958,0.233438,1.242845,0.402984,1,0,1.051345
-2.238538,-1.176439,-1.889768,-1.230517,1.469944,1.251951,0,0,-3.606047
-0.431154,0.251016,1.870968,-0.797104,-1.176253,-0.188873,1,0,-2.321757
-1.308432,0.323084,0.071884,1.170990,-0.680015,-0.362557,0,1,-0.447136
0.208505,-1.233197,0.809862,1.092035,0.223633,1.131129,0,0,3.336019
0.959842,-0.108346,-0.550488,1.535372,1.254440,2.854314,0,0,2.699218
-0.615043,0.426643,-0.237211,-0.762554,1.236493,0.493294,0,0,-4.019203
0.246506,-0.071608,-0.931921,-1.653517,0.615437,0.100695,1,1,-2.650015
1.230397,0.604480,-0.849857,0.849158,0.353095,-0.419444,0,0,2.581915
-1.292411,-0.705629,-0.435908,1.043168,1.043866,0.239463,0,0,18.406367
0.879185,-0.115513,0.213378,-0.070796,-0.506003,1.101595,1,0,-0.720671
-1.051021,0.103656,-0.844596,-0.393380,-1.364803,1.114247,1,1,-3.912744
-0.695050,-0.908425,-1.498993,-0.653135,1.207427,0.903728,1,1,-4.748661
-1.389629,1.522758,0.383607,0.948347,-0.292369,1.633748,0,0,-4.755556
0.979742,0.756807,0.654091,-0.896285,0.014440,0.041243,0,1,-1.749786
-0.030712,-0.437420,0.781625,0.222959,-0.350258,0.249520,0,1,0.641747
-0.165918,2.037089,1.359487,-1.579727,-1.790274,-0.200112,0,1,-5.078774
-0.045814,-0.107752,0.381585,2.301436,0.611172,0.499416,0,0,2.222134
1.135644,0.364252,0.402625,-0.297907,-0.775429,-0.222928,1,1,-1.034151
-0.153871,0.787022,1.356463,-1.490840,-0.716386,-0.217556,0,1,-3.029486
0.605219,-0.734120,-0.752077,-1.541888,0.586137,-1.446275,0,0,-2.369991
0.215618,-0.429029,-0.426206,1.316079,0.253248,-0.360800,0,1,1.882572
-1.076309,-0.069491,-1.138567,0.888278,-0.520878,-0.646558,1,0,-0.625178
-1.206678,-2.305443,2.406821,-0.378637,0.207928,-0.317592,0,1,0.319182
-2.450822,1.377833,1.087299,-0.021561,-0.019741,-0.342229,0,1,-4.398351
-0.467564,-1.989767,0.639466,-1.229093,1.749238,-0.754290,0,0,0.318910
0.547439,-0.994377,-1.095418,0.464863,0.518129,0.104473,0,1,5.627117
-1.039988,-0.535332,0.385229,-1.868021,1.540336,1.452698,1,0,-0.781738
-0.513164,1.422144,-0.113217,0.325667,0.956087,-3.658620,0,0,-3.935523
0.673234,-0.254720,1.331363,0.497071,-1.213150,0.085611,0,1,1.054820
-0.521976,-0.499076,-0.660426,-0.972716,-0.733193,0.907672,1,0,-1.790890
-0.684757,1.032907,1.535756,-0.614203,-1.781178,1.440544,0,0,-1.563214
-1.099269,-1.625786,-1.139631,0.309279,0.113032,1.660654,0,0,2.028341
-1.884272,0.651462,-0.382841,1.152717,-0.462218,0.775411,1,0,-3.367022
0.400368,1.698800,0.055753,-0.368075,1.067499,0.356074,1,1,-2.175498
-1.132014,0.236044,-1.623792,-2.195770,0.161706,0.406642,0,0,-4.821880
0.549519,-0.498375,0.448314,1.223067,-0.783136,0.963000,1,1,2.077014
-1.329514,-0.932805,-0.457518,-0.742519,-0.257110,-1.221937,0,0,-1.386393
-1.065694,0.742930,-0.548805,-1.044957,-0.937948,0.614605,0,1,-3.193851
-0.016976,-1.655731,-0.045523,0.726419,1.873426,-0.348095,0,0,1.953302
1.251433,1.438553,-0.015136,-0.519021,0.341863,-0.020124,0,0,0.372407
1.156777,-0.446520,1.190055,0.497679,-3.296088,-1.690527,0,0,4.659317
-0.318632,0.317290,2.309410,1.248634,-1.227021,0.329178,1,1,-2.430972
0.397794,0.208493,-0.845599,0.209583,-0.461660,2.617882,1,1,-0.921208
0.918061,0.565285,1.960701,-1.123475,-0.108571,1.177899,0,1,-0.582081
0.491435,-0.043241,-0.303946,1.152306,0.370868,-1.379602,0,0,1.778544
-0.077906,2.806561,-0.317507,-0.455766,0.557933,-0.297871,1,0,-4.908907
0.650600,-0.915790,0.123824,2.510272,0.331305,-0.984985,0,0,2.350745
0.769980,0.160904,-0.445472,-0.812193,0.269790,0.134193,0,1,-2.646214
1.176897,-1.231647,-0.309173,0.132581,-0.729069,0.970098,1,0,6.880700
0.938371,-1.833317,-0.551857,-0.354131,-0.121859,0.344846,0,1,0.656380
-0.079351,1.322446,0.015731,-0.469506,-0.641564,1.033508,0,0,-2.599757
-0.724367,-1.073152,-0.403900,0.251964,1.394241,-0.401636,1,1,0.342084
-0.431273,-0.781274,1.881105,0.193258,-1.605565,-0.459728,0,0,2.939347
-0.130480,-0.853548,1.267176,1.921982,-0.140725,-1.085777,0,1,24.657110
-0.043587,-0.044648,-0.250005,1.026370,-0.750956,-0.088732,1,0,0.718042
-0.964516,-1.621437,-1.760862,-0.551941,-0.201178,-0.739808,0,0,0.589896
0.345714,-0.957083,-0.367131,0.986510,-0.043953,-0.326149,1,1,2.819335
0.745042,-0.499363,-0.473835,1.637277,-0.585184,-0.572543,0,0,3.026779
-1.199416,-2.220604,0.803100,-0.658791,0.313978,-0.254804,0,1,-0.735150
0.272820,-1.585932,-1.849608,-0.781465,0.403320,-0.320504,1,1,1.313006
-1.731487,-0.849280,0.082153,-0.410345,-2.364349,0.581576,0,0,1.171040
0.133356,0.179882,-0.722493,-0.395931,0.654921,-0.056401,0,0,-3.115580
0.292751,-1.133496,0.406419,-0.658457,1.796989,0.401784,0,1,0.009214
-1.236286,0.548274,-1.273265,-2.099235,0.117419,0.568400,1,1,-5.818630
0.584786,-0.274657,-0.353119,-0.544129,0.442957,0.003695,1,0,-1.396643
-0.252293,-0.337529,-1.329045,-0.472757,-1.246689,-0.281607,0,1,0.290781
-0.675756,-1.899231,-0.348643,-0.333431,-0.206460,-0.633678,1,0,0.594741
0.645801,0.202338,1.162306,0.629964,0.934541,1.460558,1,1,4.150396
1.767425,-0.516989,0.333922,0.258608,-0.900941,-0.307306,0,0,8.065040
-1.174565,0.892834,0.493209,-0.897042,1.018137,0.115811,1,1,-2.035111
-0.680417,-1.876952,0.741055,-0.561679,-0.036706,0.705529,1,0,4.284176
-1.217819,1.090831,-1.312808,-0.317116,-1.021644,0.436612,1,0,-7.135171
-0.317200,1.864702,-0.341853,0.174909,-0.317592,1.413498,0,0,-1.135379
-1.167301,-0.527400,0.354456,-1.365485,1.380554,0.268554,0,0,13.705228
1.024278,0.303601,1.688125,-2.177819,-0.363551,-0.350977,1,1,-1.156333
-0.610014,0.478130,2.622156,-1.182941,-0.000882,1.278711,1,0,-2.087007
1.080173,0.483418,0.577634,1.043830,-0.706503,-0.230346,0,0,8.014883
0.847368,1.410303,0.638247,0.938501,0.590097,-0.764858,0,0,6.931685
0.254770,0.144368,0.806681,0.332085,1.035012,0.059779,1,1,3.096512
-0.639738,-0.306895,0.625705,-1.380759,-1.293201,0.722141,0,0,-0.776805
-0.011751,-0.171510,0.818999,0.420362,1.900149,-0.560269,0,0,-0.784898
2.505590,-1.731260,-0.597421,-0.904824,0.254628,-1.783261,1,0,-1.839008
0.322888,0.892142,-1.750436,0.753463,0.578183,0.443899,0,1,-2.023522
-1.582489,0.803732,-1.269290,-0.226225,0.800545,1.273731,0,0,-7.663909
0.015140,-0.149742,-2.025713,-0.091335,2.386009,-0.309397,0,0,-4.077678
-0.398429,0.927353,-1.075551,-0.885603,-0.483005,0.640894,1,1,-4.186053
-0.425359,-1.364049,-0.089374,0.799499,-0.966590,-0.508802,0,1,3.125057
-1.560194,-0.361285,-0.244622,-1.696621,0.043324,0.625067,1,1,-4.189209
0.488630,0.212394,0.972276,1.277716,-0.304172,0.502512,1,1,3.098492
1.795436,-0.947656,-0.090524,0.272790,0.260129,-2.192392,1,1,5.047960
0.376162,-0.484757,-0.596718,0.957574,1.245527,1.168270,1,0,3.573393
1.618104,0.889992,1.204772,-2.204591,-1.552420,-2.539547,1,1,-3.938223
-1.124715,-1.195783,-1.087320,-0.310199,-1.183481,-0.222326,0,0,2.182948
-0.787855,0.713583,-1.498720,1.384247,1.001303,-0.013460,0,0,-1.958179
-2.005419,-1.295653,1.203670,0.259615,-2.586653,1.237608,0,1,-3.578183
0.719132,1.438207,-0.146150,-0.696171,-0.876358,-0.380690,1,0,-1.764839
-0.461482,0.171523,-1.168648,-0.663833,1.172996,0.488434,1,0,-2.220730
0.570272,0.637577,0.238273,0.611664,1.230247,-0.282821,1,1,2.164267
-0.674599,-0.707103,-1.468886,-0.842461,0.985875,-1.250265,1,1,-4.712763
-0.357480,-0.152638,-1.227872,0.397917,1.339969,-1.380419,0,1,-3.778852
-1.148852,1.919617,1.147008,-1.429426,1.567729,-0.114133,1,0,-6.290496
0.142274,-1.371049,0.052935,0.335619,1.329774,-1.998769,1,0,2.161282
0.651266,0.183291,-0.718326,-0.364757,0.516550,-1.517828,1,0,-0.284004
-1.113061,-1.794157,-1.059964,0.988102,1.056845,0.499930,0,0,2.445388
-0.348410,0.834199,-0.894864,-2.057284,-1.721349,-0.202881,0,1,-0.372475
-0.237138,-1.315971,1.192282,0.113052,-1.847345,-0.415577,1,1,-3.201457
-0.278419,0.085101,0.447211,-1.309063,-0.299420,0.000479,0,1,-2.131156
-1.492813,1.428827,0.134984,0.438593,-0.490925,-1.346218,1,0,-6.432675
-0.703121,0.717763,-0.547539,-0.611998,-1.590782,1.863679,1,0,-6.029742
1.331558,-1.987753,1.252490,-1.188893,0.388740,-0.619981,0,1,2.223345
1.858621,-0.530139,-0.901620,1.122372,0.193551,-0.684549,1,0,2.797222
0.203372,-0.032609,-0.689741,-0.269484,-0.616009,-1.455209,1,1,-1.690728
-0.308683,-2.417094,-0.977812,-0.893501,-0.209168,-0.036114,0,1,-1.569384
0.272660,-1.430380,-1.783773,-0.988471,0.378488,-0.562050,1,1,-1.914153
-0.268420,-0.199630,0.480876,-0.572333,-0.944877,-0.961361,1,0,0.250530
-0.496146,-0.642095,-0.460784,-1.342400,-0.673706,2.685092,0,0,-2.005943
0.764287,0.710285,-0.603049,-0.501189,0.193193,-0.488950,0,0,-1.448185
-0.651122,0.937855,-1.094023,-1.438772,-1.175461,0.548213,1,0,-7.045576
-0.370980,0.187657,0.903667,1.711311,1.388244,0.004976,0,1,3.018942
-0.111063,0.477404,-0.105570,-0.875835,-2.593160,2.469428,1,1,-3.970772
-1.078634,-1.567358,-1.019197,-1.031434,2.104430,0.599527,0,0,-1.771263
-1.348898,1.178462,1.564577,0.099448,-0.900850,1.525407,1,0,1.446187
-1.619935,1.550109,-0.705437,2.085100,0.774099,1.074621,1,1,-1.838151
-0.483834,0.557030,-0.502552,-0.064639,0.182861,1.146541,0,1,-2.862683
-0.421209,-1.629242,0.917811,-0.421014,0.669029,1.277303,1,0,1.258478
-0.532097,0.427109,0.663827,-0.724653,0.605269,-0.133821,0,1,-2.077723
-0.246544,-0.254703,0.759489,0.944781,-2.302194,0.454857,1,0,0.872075
-0.243901,-1.155164,-0.264571,-1.585461,1.505010,-1.132507,0,0,-2.560255
-1.417298,-1.656856,-0.672495,1.911960,0.063385,1.039455,0,1,1.605488
-1.802732,0.760677,-0.525696,-1.374563,-1.037302,-1.032196,0,0,-6.852209
-0.695509,0.785225,-0.500175,-0.479670,0.537743,-0.679917,1,0,-4.783063
2.324826,1.293212,-0.073235,0.435332,0.450823,2.066790,1,1,3.164635
0.436939,-1.120722,-0.461437,0.683401,-0.019686,0.374670,1,1,2.097960
1.416653,-0.285541,0.173947,0.058265,-0.110888,-0.719290,0,0,1.340248
-0.894471,-0.221019,2.496766,-1.597677,-0.513831,0.120684,1,1,8.785304
-0.436743,-0.347295,-0.651246,1.018123,-0.238910,-0.758129,1,0,11.036814
-1.053677,1.059944,-0.155631,0.662242,1.282729,-1.363921,0,0,-4.419470
-1.627211,0.271987,-1.015783,-0.141994,-0.536879,-0.459017,0,0,-4.917031
1.742089,-0.285642,0.303629,0.994017,-0.938460,-1.469489,1,0,21.687151
-0.117537,0.022063,-1.345909,-2.149706,0.500651,-0.833824,1,0,-2.350717
0.027058,-0.033653,0.191172,-1.458462,-0.427449,-0.135822,1,1,-2.189876
0.716667,-0.102159,-0.603425,-0.168927,0.905877,1.382593,1,0,-0.459375
0.187495,0.286987,-1.337615,-0.300495,0.041419,-1.658153,0,1,-2.813432
-0.173592,0.053146,-1.205319,0.877019,-0.280846,1.498504,1,1,1.036099
1.578733,-0.924269,0.609201,-0.130103,1.741678,-0.603239,0,1,1.931031
0.125530,-0.015146,-0.924261,-0.978625,0.167838,-1.382970,0,1,-0.590782
-0.051505,-0.635897,0.140537,0.351345,-0.372336,1.504392,0,0,0.741861
-1.233621,-1.058944,1.991264,-0.051265,-0.320058,-0.717076,1,0,1.319741
0.465249,-1.200879,0.509762,0.013457,-1.852758,-0.345894,0,0,2.244517
-0.679631,0.065426,1.794209,0.345471,-0.185127,1.499341,1,1,5.929335
-0.293905,-0.241526,0.135869,-0.375869,-1.020991,0.607446,1,0,-2.599827
0.607323,-0.144297,0.336186,0.593059,0.605834,-0.222087,1,1,2.634274
0.616671,0.283254,-0.184756,0.044910,0.439960,-0.728417,0,0,-0.253572
0.840260,1.008434,-0.146450,1.287271,-0.983145,-1.654619,1,1,4.087075
1.056739,0.167399,-1.066577,-0.656562,-1.210303,0.491839,1,0,-2.406290
-0.928858,0.565819,0.718706,-1.704201,0.347252,-0.868635,1,1,-3.713016
-0.327183,-0.833024,0.215745,-1.232906,-0.577852,-0.521239,1,0,-1.748695
0.467442,-0.082320,-0.318616,-0.187639,-1.533153,0.688750,1,1,-1.654848
-0.307926,-0.093590,-0.199626,0.507201,0.029491,-1.216270,0,1,0.338540
0.557124,0.917453,0.367571,0.082784,0.086797,-0.383439,1,1,-0.772249
-0.007965,-0.022421,0.656185,-1.635471,0.533993,-0.207286,0,1,-0.898511
0.600652,1.686192,0.077129,0.229348,-0.220824,-0.300750,0,0,1.724900
0.131130,-1.363798,1.233607,-0.104562,-0.191085,0.742215,1,0,0.861252
-1.009863,-0.150987,0.705707,-0.081547,0.191135,-0.184867,1,0,-2.644982
-1.250102,-0.831738,0.893792,-1.340843,-1.234494,0.753172,0,1,14.084605
0.804775,-1.103265,-0.267377,0.684171,-0.039387,-1.122322,0,0,2.018043
0.857067,-0.219483,-0.879302,-1.893488,0.224305,0.457254,1,0,-0.162563
1.150673,2.728594,-0.324490,-0.557875,-0.351965,-3.037757,0,0,1.569475
-1.233374,0.025310,0.886881,-0.540337,-1.552051,-1.276896,1,0,-3.988349
0.095928,-0.163287,-0.039322,0.595071,-0.387264,-0.251218,1,1,0.616280
-0.020106,0.534671,-1.353107,0.974638,1.593366,-2.006300,1,0,16.327531
-2.559252,-0.056412,0.397340,-0.523112,1.581571,-0.162792,0,0,-6.129824
-1.450363,-1.168588,0.497262,-1.017939,-1.116772,0.665212,0,0,11.031743
0.338174,0.435375,-0.286636,0.695055,-0.239210,0.718857,1,0,1.004296
-0.250308,-1.042641,-0.872050,-0.150472,-0.412393,-0.433774,1,1,-0.709921
0.225422,-0.898872,-1.302584,-0.130459,-0.225197,-0.824612,0,1,-0.778677
1.468562,1.155460,0.029743,-0.763656,1.750589,-0.382911,0,0,-1.427084
0.627231,-0.286788,0.280604,0.230247,0.087034,-1.178163,0,0,0.595052
0.836669,-1.022561,0.021612,0.146180,-0.488330,-0.914735,1,0,-0.779209
0.100686,-1.874393,-0.234047,0.208899,0.103959,-0.473652,1,0,0.715678
1.210729,-0.846090,-1.989089,-0.508433,1.068433,2.048576,0,1,-3.557821
0.818035,1.034764,0.165913,1.308698,-0.170469,-0.108106,1,1,1.519818
-0.879869,-0.317771,1.392688,-0.450847,-1.045123,-0.716625,0,0,-0.549828
0.870194,-1.054824,1.918626,0.576840,-0.588738,-0.180799,1,0,2.537064
-0.687716,-0.999454,-0.377470,0.949435,-1.632461,-0.792684,0,0,3.411961
-0.817091,0.840100,1.573457,0.007951,-0.418517,-0.420391,0,1,-3.084270
0.029324,1.414784,0.336701,-0.944548,0.156395,1.616924,0,1,-3.335341
-0.670620,0.355939,-0.018307,0.282055,0.029488,-0.975073,1,1,-1.633407
0.624206,-0.372393,1.959160,-1.147121,-0.248808,0.643185,1,1,-0.116373
0.505644,2.020471,-1.478325,0.921166,0.737899,0.469832,1,0,1.149770
0.444954,0.017747,0.454605,0.707587,-0.186936,-0.715477,1,0,1.973344
-0.543431,1.858141,-1.119344,0.962866,-0.132692,1.046670,1,1,1.550091
-1.066438,0.954372,0.932291,-0.494045,-1.414585,0.835518,0,1,-3.633459
-0.718002,1.326398,-1.415219,0.904161,0.529331,-0.494965,0,1,-2.712813
-0.962169,-0.038961,-0.115034,-0.655396,-0.175320,-0.166527,1,1,-3.265738
0.072505,1.124904,1.264089,-2.020782,-0.236173,-1.551541,1,0,-3.234574
-0.014924,0.531000,0.316210,0.386572,-0.094321,-0.169886,0,1,0.234220
0.181444,1.658970,-0.492200,0.219031,-0.106846,-1.655166,0,0,2.817496
-0.565662,-0.042489,1.451632,-0.514640,-0.305401,-0.871326,0,0,2.937909
-0.146241,0.482391,0.113043,1.496741,0.586242,0.396756,0,0,4.000703
-1.241544,0.238473,1.110780,-1.570544,-0.200608,-1.492537,1,0,-4.530189
-1.641089,-1.920160,-0.023294,-0.291509,-1.445215,1.199003,0,1,-1.244711
0.187609,1.753260,-0.729706,-0.332591,-0.016912,-0.963993,0,1,-3.963674
2.127174,1.322276,1.566781,-0.457436,0.177783,0.615360,0,0,4.226610
0.351711,0.171770,-0.008750,0.160553,0.229093,-0.922560,1,1,0.678344
0.154180,-0.049921,-0.847144,-1.952105,0.714314,0.609633,1,1,-0.951568
-0.192512,0.402958,1.517220,-0.883465,-0.272819,0.140302,0,0,-1.948209
-1.844239,0.065357,-0.340397,-1.187214,-0.621833,-0.103235,0,0,-4.387915
-0.260722,1.078968,1.618629,-0.891135,-0.175924,-0.125886,0,0,-2.977107
0.801398,-0.560304,-1.556045,-0.644766,0.766650,-1.142557,1,1,-2.200765
1.323913,-0.961207,-1.010833,1.045274,1.927495,-0.324309,0,1,-0.087980
-0.632702,0.261377,-0.671909,0.829566,-2.542258,-0.465180,0,1,3.482248
0.339836,0.166975,1.584975,-0.069262,-0.157659,-0.296721,1,0,0.045037
-1.027980,0.563611,-0.750591,0.134709,0.000870,0.561243,0,0,8.113299
-1.272964,0.955141,-0.179490,-1.645663,-0.708511,-0.307288,1,1,-5.294188
-0.213104,-0.074679,1.166231,0.622378,-2.202151,-0.459535,1,1,-0.608294
-0.465190,0.050433,-0.730725,-0.637732,-1.698797,0.566804,0,1,0.008067
0.065957,-0.178219,0.851378,0.645441,-0.891680,0.816330,1,0,3.548050
0.636493,-0.836227,0.649836,0.009503,0.234394,-1.320593,1,1,1.811983
0.366362,-0.215493,0.791263,-0.774832,-0.597187,0.748782,0,1,-1.094274
-1.992758,-0.939148,-0.412396,-1.449743,-0.120572,1.468126,0,0,-1.621662
0.326157,-0.197789,-0.194495,0.732016,-1.269075,2.084493,0,1,3.313118
-0.372394,0.018164,-1.555680,0.381450,1.189693,0.722841,1,0,0.622623
-0.327909,1.352774,0.548506,-1.448818,0.777815,-0.262704,1,1,-2.565133
-0.492992,2.182823,-1.695494,-2.053845,0.661957,-1.831748,0,1,-8.076345
1.456161,-1.369627,-0.204105,-1.827570,-1.188408,0.545431,1,1,1.315847
0.543266,-0.492823,-0.357500,2.074186,-1.311169,-0.926628,1,1,2.724304
-1.308744,-0.859142,-0.413946,0.686539,-0.700942,0.262297,1,1,0.256277
0.034544,-0.000022,2.122954,1.101306,-0.134909,-0.286328,0,1,3.259906
1.822505,0.549236,-0.401005,-1.067453,0.542688,2.169607,1,0,1.970957
0.695093,2.204864,1.539848,-0.504938,1.307754,-0.052409,0,1,-0.371190
0.928192,-0.394924,-1.124799,-0.993564,1.190954,-0.938504,0,1,-4.316297
0.419124,-1.398443,2.101177,1.382555,-0.284325,0.501245,1,1,4.502813
0.914765,1.802981,1.371045,-0.221113,0.896304,-0.877317,1,0,2.238766
-1.137812,-0.264257,-0.407756,-0.346628,0.819780,1.062642,0,0,-3.616460
-1.480094,0.844328,-0.484512,0.969420,1.368944,-1.260329,0,1,-2.433989
-1.760357,-1.226948,0.100560,-0.447940,0.203192,0.930354,1,0,1.354409
-1.396644,0.615728,-1.102694,-0.360753,0.532590,-0.303796,0,1,-5.439928
-2.335686,0.806238,1.009023,0.463855,-0.757474,-1.072027,0,0,-4.464361
-1.362915,-0.098802,0.302926,0.427841,-1.252324,0.362907,0,1,-0.356091
0.462390,0.137694,-0.103829,1.100891,0.507399,-0.740132,1,0,2.751047
-0.098955,-2.735829,1.295383,-1.190411,-2.236914,-0.337711,0,1,-0.514752
-0.995702,-0.674915,-0.028105,2.022744,-0.665160,1.123307,0,1,1.982834
0.947501,-0.011142,-1.772066,0.883890,-0.732232,0.406903,0,1,3.960895
0.416904,-1.623105,-0.976129,-0.877435,0.449992,-0.567456,1,1,-1.445432
0.088969,0.485367,2.311272,-0.250875,-1.812022,0.181869,0,1,-4.743486
1.168480,-1.372308,-0.182815,-0.585461,0.946212,-0.573145,0,1,-0.404503
-0.108030,0.661276,-1.505243,0.424746,0.312005,-1.616699,1,0,-1.901398
1.040248,0.134727,0.614160,0.919273,2.612806,1.041780,0,0,1.722901
-2.441221,1.144911,1.118397,0.169342,-0.092883,-0.041241,1,1,-2.958135
-0.835777,-1.226257,-0.205910,0.658262,-0.156810,-1.241090,1,0,3.202801
-0.383544,-1.679182,-1.227753,-0.121187,1.207646,0.323893,1,0,0.489414
-0.291318,0.632231,0.420404,0.574949,1.078246,1.452567,1,1,2.056855
-0.549159,0.239110,-0.357340,0.300423,-0.840344,0.284305,0,1,3.304420
-1.142799,0.123654,-0.594791,-2.147182,-0.121331,0.080326,1,1,-3.730195
-1.463816,-0.245221,0.921512,0.522977,1.240555,0.130004,1,0,1.168580
-0.008915,-0.017226,-0.799994,0.495882,1.364038,-2.156750,0,0,-0.726983
-0.254680,-3.058042,-1.988325,-1.118413,-1.192998,1.034828,0,0,0.863054
0.341029,-0.214208,2.499657,-0.686788,0.193029,-1.642209,0,0,0.021363
1.321091,0.663637,-0.230139,-0.340801,1.562590,1.284609,1,1,0.527769
-1.269480,-1.489066,1.234475,-0.662677,0.420586,0.409451,0,1,-1.450187
0.151656,1.263471,0.154536,-2.159125,1.389605,-0.191033,1,0,-1.702461
-0.254208,0.910087,0.041773,0.106139,-1.160618,1.242430,1,1,-2.589791
1.431940,1.148909,0.307080,0.512227,-0.744777,0.594269,0,0,5.673759
-0.407244,-0.157839,0.986535,-1.399607,-1.265467,0.304637,0,0,-0.351910
0.070830,-0.598686,-0.558716,0.783217,1.681339,0.485539,0,1,15.008243
1.728793,-1.392884,-1.712423,0.394492,0.968687,0.030484,0,0,-1.846931
1.303430,0.545649,-0.804200,-0.542882,-0.346480,0.476126,1,1,-2.103175
0.526333,-0.143261,1.557143,-0.531391,1.176662,0.221108,0,1,1.540914
0.257747,0.827415,-0.264727,-1.565781,0.431108,0.929272,1,1,-1.892090
1.880041,0.012691,-1.088434,1.219391,1.082284,0.605350,1,0,4.886574
-1.014980,-0.557931,-0.238424,-0.347658,-1.317989,-0.096317,1,1,-3.270854
-1.866061,-1.307218,0.095558,-0.298896,0.418322,0.808229,1,0,0.377107
0.195448,2.742144,0.660134,-0.340140,-0.074486,-0.370673,1,1,-2.313916
1.558206,-1.329379,0.589121,-0.618119,0.643504,0.264293,1,1,2.516054
-0.732090,1.508267,-0.632743,1.778513,1.050946,-0.679221,0,1,-2.239483
-2.122021,-2.390191,-0.892277,0.530252,-1.547167,-1.089477,1,0,5.235318
0.377433,0.632268,-2.845986,0.982632,1.230447,0.878080,1,0,1.390483
1.469735,-1.013068,1.547024,0.285888,1.232344,1.745779,1,1,8.045501
0.290873,-2.055710,0.790858,0.191024,-0.326946,0.071444,0,1,1.772456
0.700797,0.001701,-1.227186,-0.173872,-1.451257,0.348591,1,0,0.006164
-1.213034,0.474188,0.631104,0.692813,0.534829,-1.111771,0,1,-0.613307
-0.134398,1.677346,-1.107156,-0.446567,1.455569,0.739214,0,0,22.121922
-1.355742,1.100449,-0.879907,-0.434862,-0.472195,1.081127,0,0,-6.774097
0.285084,1.284638,-0.386882,0.354096,-0.725337,-0.782066,1,0,-0.785651
-0.028930,0.630878,0.310583,0.998101,1.165997,-1.748919,0,0,0.702869
-1.603206,1.311722,-0.259425,-0.443476,-1.051229,2.175970,0,1,-4.160112
2.262203,-0.045907,-1.467922,-1.107906,-0.155185,0.244655,0,0,0.380608
1.407576,-0.245937,1.049485,-1.635729,-0.922989,2.857530,1,0,-0.057245
0.254685,-0.409836,1.093260,0.595664,-1.254023,0.988137,0,1,1.100189
-0.760199,-2.020342,-0.772265,0.179803,0.468851,-0.756691,1,0,3.617873
-0.811038,-0.616700,1.386788,0.975190,1.190749,-0.301573,0,1,3.027061
1.362173,-0.276295,-0.214254,-0.726083,-0.767635,1.206166,1,1,0.020044
-0.240639,-1.271004,0.856968,-0.157400,1.276503,-3.166767,0,0,0.239973
-1.212750,-0.066885,-1.261116,-1.257826,1.070617,0.932931,1,1,-5.710740
0.772160,0.741382,-1.974329,-0.361703,1.583927,-1.525729,1,1,-5.634024
-0.242366,0.276853,-1.071911,-0.535875,0.951096,1.000168,1,1,-3.871750
0.113290,-1.629237,0.556995,2.132042,-0.932693,0.561151,1,1,2.336784
0.368421,0.587760,-0.802606,-1.629206,0.270222,0.227041,0,1,-3.666442
1.691664,0.084126,-0.488972,0.849528,-1.019520,-0.440120,0,1,4.346636
0.883355,0.252930,-0.704182,-0.260052,-1.678533,-0.669727,1,1,-1.292484
-0.058514,-1.003113,0.306150,-1.220002,-2.377747,1.066746,0,1,-0.766128
-0.188987,0.320056,0.153080,-0.376181,0.103716,-0.768664,1,1,7.017487
-1.316532,0.740659,2.480437,-1.036593,0.310375,0.921404,1,0,8.499283
0.310208,-0.390661,-0.269419,0.982052,-2.352160,1.175111,0,0,4.580998
-0.869095,0.478586,0.967093,0.104322,0.340997,-0.154535,1,1,-1.231259
-1.214326,0.486381,-0.054380,-0.972468,0.729770,1.276675,0,1,-4.956177
-0.793901,1.858900,-0.731273,1.207912,-0.917921,-0.391946,1,0,-3.878906
0.348988,1.910222,0.782162,0.049994,-1.247165,-1.090109,0,1,-1.470330
2.008822,-0.596756,-1.476844,1.537465,0.196420,-1.125213,0,1,5.407980
-0.600782,2.452670,0.242223,0.014387,-0.127025,-0.209030,0,0,-5.326600
-0.653935,-0.062573,1.116089,0.371763,-0.561263,-1.596483,1,1,-1.272349
-0.706824,1.098825,-0.137149,0.410493,0.337591,-1.446291,0,0,-2.739373
0.364125,-0.670512,1.725362,0.138210,0.052554,1.057741,1,1,1.860618
1.102405,-1.121743,-0.287639,0.584691,0.274608,0.341664,1,1,3.291300
0.269223,-0.344827,-0.919602,-0.002995,1.458564,-0.678505,0,1,-4.017339
1.049451,-1.017525,-1.238777,-0.401492,0.798450,-0.116419,1,1,-0.817510
-1.439896,-1.420681,1.078687,0.778159,0.786549,-1.113858,1,0,4.222727
-1.574373,0.371696,0.021274,-1.236711,0.112886,-0.496304,0,0,-5.982957
-0.362836,-0.669807,0.050032,0.046994,-1.726524,0.832804,0,1,0.640807
-0.804193,-1.712590,0.127594,1.122201,1.425646,0.378770,0,0,2.690784
2.172761,-0.696843,0.851019,-0.543731,-1.653601,-0.759597,1,0,13.733258
1.079175,-0.886235,0.188687,0.791855,0.842682,-0.196395,0,1,7.189653
0.351067,1.047797,0.607133,-0.465251,1.138170,-1.155892,1,1,-0.269457
-0.010141,-0.588158,-1.279770,-1.652806,-0.199266,-1.358596,0,0,20.057174
0.495069,0.258442,1.041154,0.544694,0.551662,1.605746,1,0,2.775944
-0.042368,-0.005717,1.786494,-0.785711,-0.759735,0.627650,1,0,-1.686912
-1.475550,-0.546543,-0.852944,0.248286,1.431251,-1.071649,0,0,-2.798636
-0.799558,0.893953,-0.550582,0.272738,1.513058,-1.214574,1,1,-1.711501
0.732771,0.696646,0.520857,1.331010,0.818750,-2.633051,1,0,4.801052
-0.575557,0.470005,-1.065909,1.074348,0.762236,-1.814289,0,0,-1.470390
0.955745,0.332989,-0.999694,-1.767967,1.403326,1.010735,1,0,-0.210724
0.535879,-0.203703,1.215912,0.885818,0.991671,0.759488,0,1,4.207149
-0.857452,1.656234,-0.659527,0.342016,0.598196,-0.475551,1,0,-4.663798
0.219475,0.693722,-0.246425,1.857319,1.849023,0.247292,0,0,-0.328403
-0.656764,0.215950,-0.054353,-1.189108,-0.233928,-1.157390,1,1,-4.227857
-0.916404,1.300393,0.665919,-0.048913,-1.330080,-0.098023,0,1,-3.095537
-1.036344,-0.472603,-1.020885,-1.062563,1.157426,1.507667,0,0,-3.697517
0.983009,0.884224,-1.131398,2.161409,0.200700,-0.460389,1,1,6.283543
-0.227850,-0.069839,-0.525014,0.084588,-1.446128,-0.417066,1,0,-2.839604
1.421862,-1.315840,-0.831323,1.687515,-0.825452,-0.743254,0,0,2.691996
-2.457129,0.473433,-1.029478,-1.451132,-0.148056,1.922988,0,0,-7.799712
0.487146,-1.004022,1.041697,2.359040,2.084223,-0.083952,1,0,10.916458
1.061112,-0.745919,0.213775,0.762909,2.187824,-0.507807,0,1,2.095570
-1.998767,-1.472481,0.140456,-1.044488,1.107716,-0.097434,0,0,-0.336654
-2.062556,0.642423,-0.638392,0.874306,0.067069,-0.795563,1,0,-4.277322
1.470453,0.546954,-2.080938,-1.734627,0.732047,0.447153,1,0,0.186579
0.097676,-0.237812,-2.035411,1.560385,0.342934,-2.545806,0,0,1.185574
-0.201151,-0.526231,-1.294392,0.935900,-0.193188,0.244091,1,0,0.319677
-1.910407,0.477404,-1.064529,1.711053,1.364092,-1.169962,0,1,-2.550406
1.409184,0.171443,-0.297515,-0.581977,-0.582468,-0.840987,1,1,-0.204270
-0.220897,1.016344,-1.263411,-0.163790,2.020983,0.353385,0,0,-5.346660
0.453890,-0.271100,0.535350,-1.599033,-0.773370,0.607171,1,0,-2.203795
-1.451473,0.464824,1.605717,-0.353250,-0.291921,-2.282504,0,0,-4.328004
-0.521773,-1.549853,-0.960798,0.185466,-1.012101,-0.747112,1,1,-0.191879
-0.585464,0.335128,-0.961814,-0.967081,1.911281,-0.862637,0,1,-5.470788
0.404623,2.487590,1.698071,-0.784769,-0.475055,1.790012,0,0,-1.382603
-1.603956,0.901216,0.047934,0.775352,-0.154954,0.700531,1,1,11.670699
1.633296,-0.479145,2.264787,-1.187408,1.539064,-0.346512,0,0,0.321687
-0.005322,0.364818,-0.255206,-0.772941,0.504651,0.095618,0,0,-1.320584
-0.756761,-0.132822,-1.631664,-0.991708,-0.498120,0.506175,1,1,-2.750908
0.209588,-0.157156,0.560247,1.064116,-0.083822,0.295971,0,0,2.193187
-0.553917,0.743556,-0.743111,1.692109,-0.926768,1.689492,0,0,0.283660
0.469203,-0.349467,-0.253086,-2.051791,0.742391,-1.500058,1,0,0.993665
-0.805295,0.178537,0.628972,0.203723,-0.337030,-0.570717,0,0,-1.190536
-0.792293,0.319966,0.570692,0.212680,0.749542,0.835259,1,0,-1.561742
0.391477,-1.784728,-1.649799,-1.758747,-0.217420,-1.120357,1,0,-2.478590
-0.303032,1.030069,-0.155022,-0.158148,0.219067,0.911296,0,0,-3.086992
0.488276,-0.194024,0.220899,-2.547758,-0.955759,-1.398237,0,1,-0.397323
-0.088448,1.108524,-0.387427,0.243280,-0.189625,-0.048646,0,0,-1.312314
-1.350174,0.264618,0.049515,-1.827629,-0.255398,-0.105908,1,1,-4.190721
-0.991425,0.975254,0.151232,0.081955,-0.473954,1.692150,0,0,-4.274746
0.441161,0.150502,-0.096781,0.282414,0.127759,-0.781149,0,1,0.603480
0.960915,-0.292152,-0.324652,0.455796,0.874087,0.411485,0,0,0.742315
-0.741948,-0.247751,-0.566731,-1.744835,0.517660,0.257954,1,1,-3.700270
0.426114,0.742030,0.750506,0.215614,-1.161594,2.762768,1,1,-1.869946
0.393688,0.119778,0.718499,0.538910,-0.296949,-0.591490,1,0,0.816504
-0.372865,0.072467,1.249072,0.566393,-0.801826,0.250257,1,1,-0.968269
-1.565975,1.133266,-0.323116,-1.235295,2.040293,-0.984233,1,0,-6.611520
0.307347,-0.327265,0.352663,1.563823,-0.456196,-0.485485,0,1,4.085414
-1.764364,0.043425,0.109898,-0.846792,1.537437,-1.448482,1,0,-1.770797
-1.056433,0.020363,-0.440009,1.005752,0.107475,-1.155534,1,0,9.117262
-0.426350,0.101916,0.400663,1.265346,-0.166088,0.780846,1,0,7.477123
2.523014,1.236984,-0.909985,-0.794588,-0.981551,-2.284376,1,1,-0.189249
-0.439401,-0.657633,-0.489678,-0.920631,1.539675,-0.921270,0,1,-4.163541
-0.352209,0.625083,-0.694586,0.009105,1.731981,-2.612678,1,1,1.303930
-0.817603,-0.989239,-0.066168,1.216262,2.192248,0.503588,0,0,1.267920
-0.110765,-0.302876,0.248366,1.043931,-1.032997,0.124145,0,0,3.135025
-0.090954,0.405405,1.457279,-0.011543,-0.505152,-0.596016,1,0,5.944635
1.165215,0.000337,0.021660,0.233894,-0.686184,1.219482,0,0,1.734666
-0.063001,-0.828719,0.799055,0.650001,2.316169,1.155140,0,1,3.047146
-0.012398,-0.096149,1.202075,-0.222366,0.403777,0.726074,0,0,0.694010
-0.682993,0.347118,0.865520,-0.646045,-0.058694,1.243558,0,1,-2.681573
1.444792,0.292291,-0.886488,1.085297,-0.267024,0.771498,0,1,3.401402
0.614070,2.700269,-0.803742,1.446223,-0.389376,0.328808,1,1,0.789126
0.908298,1.030501,1.351153,0.023326,0.144113,-1.242217,1,1,0.743787
0.894649,-0.064988,0.307993,1.253390,0.851178,1.366112,1,1,4.618705
1.296559,-0.355159,-0.691593,0.796832,1.048156,2.121110,1,0,10.950091
-1.582080,-0.040274,0.661428,-0.991914,0.239661,-0.272398,1,1,-2.672074
-1.111939,0.623156,-0.486796,-0.265078,1.451048,-0.400433,0,0,-1.939404
2.192333,-0.300357,0.167973,-0.052795,-0.460142,-0.756079,0,0,0.902763
0.740183,-1.580140,-1.063991,-0.255151,0.907281,-1.323913,0,0,5.817786
-0.758154,-0.577084,0.756340,0.416169,-0.264275,2.117656,1,0,5.547537
0.164919,-0.859777,-1.888587,1.041492,0.763658,-0.651606,1,0,2.786718
0.390269,-0.197254,-0.897915,-0.174483,-2.423216,1.127765,0,1,4.092932
-0.581587,-1.689612,-0.920193,-2.621178,0.683525,0.499306,1,1,-2.732245
-0.781171,-1.069007,-0.139884,-0.716264,0.134473,0.089693,1,0,-1.517594
-0.345384,-1.415983,-1.206128,1.458215,-0.374267,-2.301080,0,0,3.214701
1.531195,0.382173,-0.400260,-0.706854,-0.519161,0.895622,0,0,0.605427
-1.163522,-0.362641,0.034712,2.389847,0.398583,0.066488,1,0,1.716761
-0.753985,-0.240420,-0.891612,0.694880,-0.942082,0.326771,0,1,3.436536
0.963401,-1.424653,0.339772,0.846159,-2.807006,1.821658,1,0,-0.170700
-1.016244,1.057627,1.567782,-0.703273,0.136049,-0.710378,1,0,-3.944834
0.951931,-0.877673,1.263423,-0.244979,1.124862,3.235615,0,1,2.065991
-0.891695,-0.892577,0.673784,-0.914585,-0.192121,-0.813915,1,0,-0.903114
0.316604,-0.538474,-0.692274,-0.926231,-0.291999,-1.404781,1,1,-0.728724
0.404854,-1.212122,-2.783546,-1.222974,-1.352693,-1.746086,1,0,-4.847174
0.790444,0.181612,-0.047558,2.023218,0.697191,0.379194,0,1,2.468276
0.426419,0.154410,-2.276921,-0.189713,1.416659,-1.274721,0,1,-4.416331
-0.287927,-0.045639,0.230569,-0.636382,-1.005406,-0.195448,1,1,-3.851399
-1.029054,-3.283388,0.382369,-0.568325,-0.414269,-1.801773,0,0,5.587362
0.483308,1.014767,-0.221666,-0.275597,-1.150851,-0.310144,0,0,-0.675674
-0.520528,0.284281,-0.189870,-0.097292,0.367283,1.485921,1,0,-1.721531
0.232926,0.962433,-1.231882,-2.681643,-0.941945,0.413252,1,0,-3.670871
-0.147351,-0.523344,0.041619,-0.926435,-0.278293,-0.919887,1,0,-1.981596
-1.307148,-0.582887,-0.387129,1.525431,0.696522,-0.728620,0,1,-0.032023
-1.368296,-0.103654,0.645879,-0.178484,-0.547005,1.346011,1,1,-3.699102
0.628526,-0.898363,0.420208,-0.974747,1.202532,-2.626687,1,0,-0.171360
1.904743,1.416001,2.610387,0.233602,-1.879399,-0.678597,0,0,7.440503
-0.867739,1.465397,-1.620887,-0.443285,-0.629435,-0.546791,1,1,-4.137894
0.100785,-0.978787,-0.292052,1.039771,-1.179709,-1.306568,0,1,5.168023
1.653795,0.877045,-0.106774,0.065954,1.457193,0.109625,0,1,-0.995737
0.188040,-1.388704,0.422532,0.714479,1.230760,0.104132,1,1,9.113483
-1.533085,-0.822133,-0.002827,0.110237,1.431663,-0.548373,1,1,-0.382749
-0.044697,-1.795198,-1.249375,0.432022,0.465614,0.428167,1,0,1.900465
0.810185,1.725485,-0.696405,2.031491,-0.202699,-0.395198,0,1,2.667878
-0.219947,-0.036223,0.869085,2.651136,-0.208676,-1.971717,0,1,18.392041
-0.309512,-3.329522,0.174085,1.299748,-0.077050,1.159074,0,0,6.869030
0.810808,-0.127470,-1.175363,-1.074655,-0.153037,0.044898,0,1,0.693365
0.063275,-0.752057,-0.197303,-0.282753,2.307396,-1.607212,1,0,1.277103
1.836365,1.385504,-0.810161,-1.512943,1.139632,-0.992148,0,1,-3.447037
-0.338023,0.636044,0.798373,0.712849,0.613113,-1.864400,0,1,4.096890
-0.759365,-0.363593,-0.656015,0.155067,0.787756,-1.476569,0,1,-4.131426
1.524589,1.360729,-0.494884,0.363396,-1.644631,-1.765033,0,0,4.772339
-0.369679,1.844172,-2.400580,2.341151,-0.530519,-0.232208,1,0,-3.059580
-2.008633,-0.150862,-0.300510,-0.502686,1.269795,0.509236,1,0,-3.728074
-0.047026,0.785270,0.925273,-1.624525,-0.215699,-1.462793,1,1,-2.593757
-0.415011,-0.319088,0.851289,0.313834,0.413454,-1.372411,1,0,2.287789
0.346671,0.385182,1.882542,0.131329,0.785601,-0.623660,1,1,4.045268
-0.014646,2.046171,-0.523287,0.134094,-0.294564,0.704961,0,0,-2.630449
-0.714713,1.452730,-1.099526,-0.659540,-0.628287,0.245819,0,1,-3.758799
0.292214,1.853208,-1.048278,1.696012,-1.726666,0.837720,0,1,3.756177
-0.383076,-0.926362,0.492809,0.725389,-0.145058,0.682081,0,0,2.293449
0.440352,-0.329937,-0.229914,1.229270,-0.933535,0.724100,0,0,4.017526
1.206223,0.134254,-1.827343,-0.194288,-0.923554,-0.942408,0,1,2.634976
-0.449750,-0.117104,-0.865811,-0.641901,0.862134,-0.513260,0,0,-3.360269
0.289450,-1.435359,0.136433,-1.079869,1.181120,0.862109,0,1,-0.698287
1.382266,-1.017156,0.429923,0.019327,-0.568712,-0.257045,0,1,3.087331
1.246003,-1.211619,-0.587025,0.343944,-0.068988,-0.210745,1,1,2.903612
1.520560,0.506076,-0.042478,-1.028483,0.847620,-1.986559,0,0,0.019005
0.903931,0.465957,-0.086549,-0.957417,-0.260183,0.484636,1,0,-0.218766
-1.184482,-0.916449,-2.005719,-0.456041,2.172383,-0.317431,0,1,-11.152014
0.401996,1.321416,0.113112,-2.100886,0.624879,1.562789,1,1,-0.986517
-0.275215,1.998357,2.032670,0.091552,2.372758,-0.413993,0,0,-4.242118
0.000288,0.511300,-0.339172,-0.647238,-0.161648,-1.031357,1,1,-2.586337
0.209486,-0.572360,-0.331259,0.782864,0.971997,0.301563,0,0,1.047860
1.248331,-0.956133,-0.092192,-1.179472,-1.984981,-0.231420,0,1,2.531534
-1.461410,0.218641,-1.311227,-0.382948,-0.153890,0.894398,0,1,-4.363296
-2.777029,-0.252567,0.534841,1.239266,1.167225,1.068579,1,0,-0.036741
-0.689720,1.343907,-1.250182,-0.312174,0.496202,1.442059,0,0,-5.858388
-0.795148,-0.887948,1.651431,1.129013,-2.198229,0.485551,1,1,-5.146956
-0.950624,-0.954450,-1.163195,0.903287,0.365266,-1.486335,0,1,-0.237811
0.761216,-0.915341,-1.554469,0.685255,0.139150,-0.610188,1,1,1.527519
-0.783270,-0.183028,0.178666,-1.815479,-1.030749,0.289004,1,1,-4.206119
0.332830,-1.327142,-0.102004,-0.511927,-1.672156,-0.364122,1,0,1.126238
-0.053268,-0.716295,1.569858,-0.401031,-0.160557,-0.421995,0,1,-0.442281
-0.492665,2.119165,-0.402122,0.800121,0.543812,0.254115,1,0,-1.577690
-0.006188,-1.915402,0.377075,-1.124525,-0.286676,-0.297490,0,1,-0.167443
-1.855813,-0.418921,1.349732,-0.019457,-0.343479,-1.103169,1,0,-0.729932
0.757518,1.301211,-0.213790,-1.213051,-0.691631,2.212793,0,0,-1.000573
0.750124,-0.048046,-0.201447,-1.813760,0.093752,2.124020,1,1,-1.027299
0.243008,0.025128,-1.545150,-0.292287,-1.909901,0.898469,0,1,8.765402
-2.598969,-0.244555,-0.413001,-0.150131,-0.238146,-0.844975,0,1,4.668924
-1.120283,0.553394,0.077655,0.808796,0.613258,1.096597,1,1,-0.909941
0.044782,1.358426,-0.404061,-0.958080,0.868043,0.124464,1,0,-3.342522
1.183503,-0.654513,-0.241225,0.858935,1.938201,0.528095,1,1,6.981985
-2.665465,0.525685,-0.265180,-0.415540,1.488321,-0.619970,0,1,-7.174489
0.370210,1.171752,0.939945,0.030019,0.044039,0.734104,1,1,0.550067
0.815611,-1.270385,-0.178340,-0.615818,-1.307747,-0.930179,0,0,3.371504
0.096152,-0.674158,0.113632,-0.611759,-1.015710,1.420941,0,1,-1.101796
-0.240361,-0.066604,0.983182,-1.192766,1.558342,0.814357,0,1,-0.814841
-0.300816,0.582253,-2.294071,-0.711570,0.586137,-0.171911,0,1,-6.823641
-0.903261,-0.252752,0.602330,0.746146,0.543321,-2.591862,0,0,0.228456
0.893490,-0.299159,-0.444395,-0.969943,0.613572,0.892223,1,1,3.265593
-2.094232,-1.260728,-0.796201,-0.535052,-1.088518,-0.370592,0,1,-2.071699
-0.068592,0.345364,0.844108,-0.606114,0.260314,0.117437,0,0,5.041366
-0.741819,-0.302470,0.157867,1.058765,1.248176,-0.151938,1,0,3.057072
-0.834806,0.584038,-0.646783,-0.763572,2.756662,0.581077,0,1,-9.629548
0.967312,0.483642,1.743318,2.408853,0.455770,-0.066639,0,0,4.627159
1.174138,0.544615,-0.152530,-0.593149,0.339028,-0.631943,0,1,-1.008839
-0.487024,-0.536074,-0.003751,-0.383160,-0.490881,-1.450007,1,0,-1.037793
1.134301,0.470400,-0.149135,-0.220878,0.278066,-0.621589,1,1,0.508123
0.847894,0.711372,-0.280420,-0.844223,0.326449,1.208305,1,1,-0.613023
-0.469411,-1.418986,-0.681063,-1.200002,-0.047106,-0.353146,0,0,-0.863004
2.600664,-0.465626,-0.136534,-1.452526,1.580619,0.027818,0,1,-0.141157
2.309301,1.524376,-1.201455,-1.485343,0.337460,-1.019601,0,1,-2.123780
0.223914,-1.396258,-1.204444,0.057844,0.402995,-0.172739,0,0,-0.413995
-1.133442,0.635499,0.964958,0.269043,-0.640907,-0.209114,1,0,-2.182308
0.394059,0.777064,-0.927846,0.782829,-1.770377,-0.295660,0,0,1.317379
-0.197159,0.414668,-0.110564,-0.168247,-0.367527,1.114399,0,0,-1.952892
-0.960194,0.717481,0.545405,0.651848,-0.726443,0.587056,0,1,-1.128388
-0.519314,0.228069,0.267253,-0.296667,0.977317,0.039533,0,0,-3.933412
-1.662885,-1.588455,-0.258499,1.256018,2.471386,-0.827865,0,0,2.973148
1.971550,-1.015760,-0.808963,0.754036,-1.986063,0.734988,0,0,3.576155
0.392353,0.718281,0.977776,-1.436048,-0.046095,0.563277,1,0,-0.997179
0.284418,0.062895,-0.668655,0.074159,-0.871682,-0.569018,0,1,0.501651
-0.773484,-0.467178,-0.853050,-1.317206,-0.905582,1.078702,0,0,-3.039611
-0.719874,-0.567283,1.018725,-0.254606,0.120002,0.713583,0,0,-0.455236
-0.045828,-0.026054,1.524580,-2.044355,2.003674,0.420466,0,1,1.607521
0.897617,-0.137553,1.200847,1.038259,-1.226427,0.694285,1,1,1.077872
0.414183,-0.723865,-1.232681,1.589336,-0.852794,-1.209767,1,0,1.349033
-0.357580,0.228354,-0.882752,0.404124,-0.569791,0.193906,0,1,-0.167147
-2.471065,-1.142330,1.626456,-0.456040,0.972860,0.673034,0,1,-1.817126
-0.514901,-2.296799,1.238840,0.051475,0.336010,-1.198800,0,0,2.639232
0.609518,-0.134453,-0.716343,-2.002356,0.152291,-0.184736,0,1,5.099513
1.588543,-0.682856,-0.984490,-1.297881,0.190811,0.288686,0,1,-0.582512
0.365545,-1.810194,-0.643264,-1.027734,-1.362338,0.490540,1,1,-0.311773
1.426524,-0.131476,-0.522743,1.169151,-1.065683,0.098772,0,1,4.521348
-0.816890,0.174117,-0.175697,1.923788,0.952251,-0.066305,0,1,0.510945
-0.575445,0.975326,-0.968465,-0.028837,-0.476180,0.566795,0,0,-2.765478
-0.938858,0.193216,0.028049,0.168507,0.859295,1.042953,1,0,-1.275157
-0.341657,0.340225,-0.758483,-0.706343,0.405890,-0.003023,1,1,-3.896472
-0.983927,-0.891732,-0.925273,0.275586,0.101616,0.001324,0,0,-0.178784
1.749884,-1.058357,0.095128,-0.786971,-0.926869,0.337346,1,1,-0.001910
0.368691,-0.925931,0.840510,0.736370,-0.314785,-0.714775,1,1,8.371430
-1.118072,-0.233941,2.014567,1.071530,2.272711,1.531048,0,1,5.896547
-1.407308,-0.211690,-0.553651,-1.219422,0.254063,1.435309,1,1,-4.829420
-0.105269,0.626512,0.744603,1.199380,-0.555968,-0.588329,1,0,0.728928
1.333537,0.433678,1.538433,0.016545,0.942457,-0.091619,1,1,4.361881
-2.426481,-0.361478,-0.804698,1.115982,-1.510289,-0.169756,0,0,1.899852
-0.344432,0.365349,1.563608,-0.608812,-0.303923,0.595573,0,0,-0.514008
-1.274423,-0.851626,-0.740053,-0.652350,0.046165,-0.282474,1,1,-4.005717
-2.269284,-1.452175,-1.651214,-0.890409,1.577415,1.447511,0,0,-1.331911
1.685394,-1.009703,-1.040396,1.213832,3.072738,0.446949,0,1,-2.603309
1.183852,-0.702058,1.009370,-1.646475,-0.431021,0.078379,0,0,-0.751712
1.416626,-2.108424,0.226645,-1.668957,0.390981,-0.358286,0,1,2.356015
0.637433,-0.708115,0.063751,1.905057,0.395822,0.737347,1,1,4.003135
-2.662506,-0.658216,-0.424507,0.316633,0.428442,-0.282131,0,1,-4.595608
0.937848,0.464448,0.454598,0.119640,-1.393913,-0.680252,1,1,-1.447210
-1.602571,0.640633,-0.330104,0.655967,-1.304124,0.320674,0,0,-2.043131
0.322561,-1.151321,-1.114433,-0.597694,-0.808672,0.183656,0,1,-0.266169
0.883443,-1.421459,0.080611,0.106342,0.027078,-1.296427,1,1,1.449033
-2.063412,-0.375811,0.558378,-0.179148,1.223615,0.699886,1,0,-1.123726
1.498692,-1.542799,1.130921,-0.772002,0.047936,0.770536,0,1,1.927371
-1.340865,-0.235903,1.874215,1.157362,-0.034734,0.459878,1,0,4.942214
1.193872,-0.665091,-0.149538,0.011428,-0.430716,-1.913699,0,1,1.449454
1.373206,-0.894318,-0.902995,0.554521,-0.191657,-0.957527,0,1,3.705228
1.413862,-0.694335,1.647305,0.057616,-1.845706,0.595188,0,1,4.250593
-0.152441,-1.441051,-0.324917,0.507695,-0.474939,-0.252226,0,1,2.297377
2.068827,-2.376011,-0.750555,0.371486,-0.566674,0.069807,0,1,5.927105
-1.250836,-0.998116,-0.751939,2.205608,-1.292784,-1.132789,1,0,1.619630
1.032658,-1.381807,-0.112874,-0.211115,-1.168466,-0.733275,1,1,0.576329
-0.487374,-0.650082,2.215279,-0.434851,0.314964,-1.697531,1,0,3.827320
-0.237214,-1.071183,-2.184802,0.041990,0.223270,1.618608,1,1,18.788457
-1.883052,-1.493707,-0.356396,0.228238,0.100158,0.593122,1,0,5.840442
0.777999,-0.754144,0.206838,0.375711,1.202981,0.496108,1,1,3.294582
1.558580,0.464354,-1.271374,-1.132875,1.225809,1.384232,1,0,1.231491
0.950202,1.313994,-1.671636,-0.504090,1.411174,-0.248183,0,1,-7.426842
2.106240,0.908124,0.515993,-2.296009,2.391757,-0.143601,1,1,3.442479
-1.660124,1.360404,0.158269,-0.738930,0.233560,-0.130199,0,0,-8.453351
-0.367191,1.358531,-0.271950,-1.944494,1.158208,0.498654,0,1,-5.483621
-1.997211,-0.313595,0.823777,1.067219,-0.280053,-1.932548,0,1,-0.100145
0.640993,0.065626,0.604027,0.367511,1.385598,-1.141185,1,1,4.212798
0.524609,0.219205,-0.082979,1.873602,0.978178,-0.355229,1,1,3.326748
-0.498455,0.094574,1.172628,0.679476,0.309656,-2.050482,0,1,4.503274
0.067255,-0.940160,-0.352115,-1.076393,-1.497887,-0.822595,1,0,-2.172034
0.795485,0.409725,-1.426224,0.444574,0.193885,1.131427,1,1,0.378587
-0.421027,0.442374,-0.209246,0.287032,0.603380,0.370880,0,1,-2.105750
-0.664360,-0.347858,-1.336901,-0.847771,-1.163568,1.731868,0,1,0.040222
-0.007332,-0.117532,0.313589,0.230713,0.843085,0.143438,1,1,1.182429
0.108388,-0.889175,-0.758750,-1.260214,-0.402499,-0.322858,1,0,-2.553002
1.765700,-1.055413,0.620717,1.775553,1.011164,-1.826772,0,0,1.814216
1.326137,-1.586257,-0.020188,0.701488,2.532563,0.875131,0,1,2.523193
-0.345130,-0.321594,-1.022665,0.365206,-0.321214,0.616840,0,0,0.274898
0.706413,-0.995716,-0.549084,-0.615787,-0.175942,-0.040878,0,1,-0.326435
1.041865,-1.264279,2.195188,2.421780,-0.446171,0.067767,0,1,5.198808
-0.159699,0.385247,1.523396,0.616185,-0.290391,0.242842,1,0,0.917247
0.420546,1.588361,1.794010,0.469830,0.730681,0.061917,0,1,2.273810
0.648938,-0.341334,-1.370191,0.290037,-0.402430,-2.013464,0,1,1.293366
0.177939,1.379130,-1.588310,0.933467,-0.163635,0.793096,1,1,-0.493206
0.375636,1.007138,-0.591716,-0.495747,-0.143382,-0.613608,0,0,-1.237380
-1.892945,0.261992,0.658816,0.224292,-0.362290,1.266222,1,0,4.741428
1.204355,-0.843941,0.414804,-1.377762,-0.154606,0.250643,0,0,-0.801326
0.425692,0.528005,0.006762,0.782812,0.177435,0.450326,1,1,2.141525
2.969187,-1.028531,-0.696925,-0.923351,-1.319819,-1.569082,1,1,2.926647
-1.887368,-1.431446,0.013210,0.570559,0.331747,0.155952,0,1,-0.242385
0.779359,0.122000,-1.742552,-3.608920,-0.117363,0.520718,1,1,-2.333187
1.595964,0.826324,-0.667125,-0.740121,-1.526389,1.661431,0,1,1.214171
0.616615,0.921311,-1.129783,1.191139,0.022886,-0.047540,0,0,0.865209
1.535950,-0.013271,1.850786,0.321359,0.444906,-1.610219,0,0,2.217417
-1.277959,-1.300465,0.407750,-1.084160,-1.001234,0.910575,1,1,-3.361892
0.331572,0.334525,-0.756209,-1.185510,1.178814,-0.931397,0,1,-4.456557
-0.981605,-1.872515,-0.549899,0.516939,-1.339482,-0.975137,0,0,15.237441
0.970358,0.154679,0.986084,1.493591,-0.521908,1.672334,0,1,3.049289
1.567555,0.847692,1.456258,-1.619328,1.115016,-1.794565,1,0,3.419998
0.040907,0.385265,-0.996418,-2.443554,0.268907,-0.455165,0,0,-3.090049
0.496679,-1.563556,-0.834204,0.682183,1.903038,2.226990,0,1,-0.861950
-0.150187,1.599525,0.641451,-0.306929,1.854936,0.303040,1,0,-1.338788
-1.203064,0.099712,0.129521,0.800908,-0.289026,-0.917135,1,1,-0.703620
-1.246088,0.217385,-1.533732,1.161975,0.360232,0.276035,1,0,-0.501121
1.209810,-1.239031,-1.375440,-0.004421,0.047521,0.883514,0,0,-0.743579
-0.779259,1.119432,0.303781,0.003850,0.856843,-1.275056,0,1,-3.045267
0.363135,0.792088,-0.316233,-0.778354,0.052868,-2.140838,1,0,3.694929
-0.421503,-0.678570,-0.260991,0.343016,-0.169036,-0.835585,0,0,0.952009
0.339070,0.932539,-0.715041,-0.555384,-0.353676,-0.203057,0,0,-2.042129
-1.448264,1.516668,0.603892,0.645779,0.406212,1.501677,1,0,-4.462807
0.636592,-0.306114,-2.366351,-0.480164,-0.714022,1.832598,0,0,-1.346540
1.140420,-0.240744,-1.362398,0.054780,-0.134230,1.105952,0,0,0.382081
-1.295434,-1.291686,-2.034208,2.721988,-0.213101,0.653624,0,0,2.551357
0.871346,0.045840,-1.663009,-1.579489,-0.157655,1.732885,0,1,3.240822
0.627487,-0.267700,0.198612,0.205362,0.935210,-0.284282,0,0,0.137181
-1.311563,1.218949,0.216506,-0.195499,-0.758842,2.123855,1,1,-5.361493
-0.570265,0.723495,0.185752,0.276734,-0.532935,0.415423,1,0,-2.331912
0.441442,-0.473717,-1.569589,1.676564,-0.474055,-0.101543,1,0,1.513743
0.379104,1.827537,-1.048002,-2.162244,1.068373,1.673995,0,1,-3.228815
-0.280420,-1.451693,0.154298,0.686254,0.205230,0.170241,1,1,2.015113
0.125210,-1.865928,-0.351270,0.694952,0.827562,-1.640270,0,0,18.350496
1.378597,0.693765,0.935461,-0.383851,-0.028615,-0.562385,1,1,0.085127
0.296025,1.947943,-0.245880,0.156159,-1.179358,-1.208301,0,1,-1.210347
0.003078,-0.345698,-1.451202,-2.094866,0.609711,0.710075,1,1,-3.662731
1.678976,-0.892432,-1.678171,-1.015317,-0.335893,0.452667,0,1,0.047258
1.458204,0.991995,0.634310,1.403957,-1.681337,-2.360630,1,1,0.876825
0.480957,-1.586743,-0.609762,-1.093877,-0.966866,1.097335,1,0,3.873106
-2.084698,0.103572,-1.051362,-0.333647,0.429666,0.068961,1,1,-5.158958
0.045658,0.198854,0.053905,-1.645430,1.109602,-0.992058,0,1,-3.278807
0.909925,-0.301701,0.725142,-0.272040,1.149180,-1.466272,0,1,0.020107
-0.436540,-0.259922,-0.882057,1.550447,-0.197841,-0.204282,0,0,0.805186
0.287864,-1.358526,1.907101,-0.202815,-0.720181,-0.771842,0,1,-0.561243
-1.624972,0.397901,-1.044735,-0.943064,0.246635,1.296471,0,1,-5.902724
0.102880,-0.895438,-1.687198,-0.143119,-0.831992,0.444261,1,1,-0.175248
-0.409409,2.362506,0.509880,1.802967,-1.032257,1.146371,1,1,-1.950801
1.364718,-0.268120,0.092626,-0.317335,0.468500,1.476762,1,0,0.523044
-0.888225,-0.506126,0.505751,-0.803678,0.601595,0.568658,0,0,-1.905690
-1.309684,0.483243,-1.259351,0.003447,-0.817436,1.770224,1,1,-2.948539
1.489066,0.675146,-1.210884,0.230600,0.469724,0.394037,1,1,0.043151
-0.512065,0.157364,-0.517771,-0.432085,1.202034,-0.143343,1,1,-2.612469
-0.309207,0.556842,-0.350385,1.903005,0.057425,-1.421180,1,1,0.468553
1.408612,0.648437,-1.222073,1.064862,-0.993368,1.350242,0,0,8.567492
1.587376,0.001590,1.705747,0.355448,-0.421578,0.401322,0,0,3.759106
-0.151020,-0.729383,-0.055825,-1.044872,0.161683,-0.937937,1,1,-2.045478
-0.064145,-0.042325,-1.219807,-0.605960,-0.558869,-2.391227,1,0,-3.105875
0.392944,1.126409,-0.081182,0.317649,-1.349406,-0.115419,1,0,-1.023813
0.503762,-0.155333,-1.182329,1.790309,-1.501313,0.510065,0,0,3.325967
0.065339,0.292992,-1.956924,1.216560,-1.643799,-0.204035,1,1,6.354135
-0.738583,-1.439895,1.283864,1.194875,1.047241,0.927790,0,1,2.955507
-0.669879,-0.327828,-2.311636,0.072145,0.093189,-0.453611,0,0,6.201264
-0.748031,0.114932,-0.242586,0.718270,0.166543,0.534025,1,0,0.256479
0.414186,0.458546,0.386395,0.160413,-0.903302,0.643571,0,1,-0.016591
0.375532,-0.271554,0.609891,0.129143,1.554344,0.588323,1,0,2.092842
-2.742098,-1.109164,-0.055858,0.811545,-0.432693,0.951921,0,0,3.210343
0.697902,-1.440266,-1.181574,-1.046958,0.820909,-0.149664,1,1,-1.523071
-0.210541,0.503569,0.269185,-0.181895,-0.409426,-1.257407,0,1,-1.687504
2.017449,-0.458380,0.141236,-0.960650,-0.754564,0.771937,1,0,4.553766
-0.557822,0.085918,-2.984515,-0.596199,-0.351964,0.718918,1,0,-5.462281
0.178212,-0.862929,-1.822028,1.145505,0.280343,0.713144,0,0,1.685864
0.355326,2.004066,-2.014196,-2.684105,0.407557,-1.552351,0,0,-3.784315
0.767703,0.948761,0.446094,0.506128,-1.536603,0.008942,1,1,-1.043838
0.645250,-0.919419,-0.273379,0.758712,0.354443,-0.584249,0,1,1.928494
0.921031,-0.964547,0.811557,0.431761,1.039147,-0.661180,1,1,5.201122
-0.312170,0.921205,1.467928,2.460421,-1.017906,1.066008,1,1,-1.191106
-0.897484,-1.030927,-0.430779,1.023037,-0.610403,0.323345,1,0,2.435076
2.229608,-1.268081,2.101332,-1.169199,1.310467,0.786983,1,1,7.957576
0.524837,1.232294,1.034739,1.179726,2.238407,0.820803,1,0,8.225922
0.857725,0.070266,-0.365479,-1.074816,-0.093907,0.742605,0,1,-1.542116
0.514332,-0.128196,0.439001,-0.451262,-1.163579,2.944716,1,1,-1.659934
0.987324,0.151404,0.466802,0.534905,0.634033,-1.523600,0,1,2.152156
0.010409,0.179066,-0.438380,0.115806,-0.496763,1.245574,1,1,2.748459
-1.398606,1.228837,0.553198,-0.483224,-0.376291,-0.417724,1,1,2.354253
-1.672831,-0.467266,-0.073366,0.340233,1.570893,2.554295,0,1,-2.555716
-0.659196,0.774371,1.147670,-1.528662,-1.913174,-1.539779,0,0,-2.385739
0.497171,1.552164,2.019512,-1.435582,0.761557,-0.364232,1,0,-0.014054
0.168083,1.293378,-0.917818,2.156881,-0.519774,-0.102727,0,1,1.434351
0.644186,-0.641356,0.953486,-1.313887,-0.023085,-0.787392,1,0,8.067092
-1.655710,0.946314,-0.232546,-2.615305,-1.620261,0.221578,0,0,-6.254712
2.327081,0.626760,0.015649,-2.358467,0.121618,1.034146,0,0,2.282138
0.138644,-1.530233,0.508009,1.159844,-0.300382,-0.121823,0,1,3.739112
1.019051,1.931663,0.017459,-1.917328,1.660807,-0.380517,1,0,2.050148
0.883117,-0.119016,-1.487988,2.614703,1.389775,-0.551885,1,0,3.004471
-0.144816,1.070884,-1.131092,0.759614,0.360668,-1.241188,0,0,-0.583243
-0.234600,-1.674628,-0.635894,1.048852,-1.549426,-0.548873,1,1,3.547446
-0.580512,0.113390,-0.177721,0.803582,0.664273,0.419309,1,0,1.205751
-0.115532,0.961020,-1.667479,-0.474213,1.847994,0.453574,1,0,-2.333670
-1.925936,2.696085,-0.448080,-0.835014,1.056047,-0.113039,1,1,-6.928945
-0.529201,-2.409851,-0.770347,0.380824,-0.853312,0.786545,0,0,3.745341
1.847315,0.298357,-0.654387,-0.296702,-2.367227,-0.105195,1,1,0.615436
1.424742,-0.115839,0.335833,0.312843,1.464751,-0.114307,0,1,1.191853
0.642414,1.012787,2.118725,1.085636,0.893890,0.368158,1,0,10.353294
-0.470507,-0.325659,-0.705475,-0.417705,-0.742131,-1.965526,1,0,-3.011493
-0.288637,0.972267,1.885504,-1.156187,-0.229071,-0.353193,1,1,0.466023
1.479964,-2.033538,1.371327,0.813530,0.698008,1.850166,1,1,7.306334
-1.149713,0.004091,-1.104389,0.616596,0.803455,-0.161031,0,0,-1.450640
-0.750388,-0.777696,-0.214554,0.109980,0.145849,0.154183,1,0,2.119358
-0.996763,0.485285,-2.899982,-0.890552,0.909119,-1.056208,1,1,-8.885412
-0.654944,1.058072,-0.926377,0.102929,0.960519,1.309762,1,1,-4.289387
0.551523,-0.071068,-0.430324,-0.091573,-0.317728,0.373744,1,1,-0.863128
-0.469022,0.841472,0.445264,-0.527180,-0.018196,0.110325,0,0,-3.068213
-0.263202,-1.353651,-1.329920,0.260488,0.226928,-0.667848,0,1,-0.796532
-1.359651,1.158762,0.543324,1.036892,-0.306713,1.480280,0,1,-0.534150
0.696650,-0.707637,-0.997921,0.974935,-0.509969,0.493863,0,0,2.380125
-0.369811,-0.294206,0.184623,1.065790,0.447989,1.353324,1,1,2.947205
1.975845,-0.218181,-1.222727,0.764595,-1.473378,0.639378,1,0,1.562047
0.048489,0.085307,-0.576123,-0.203340,-1.956060,-2.223775,1,1,-1.757896
1.452836,1.269380,0.058543,0.678973,-0.661920,-0.052646,1,0,4.771598
0.289012,0.960370,0.160667,0.509708,-1.274598,0.221165,1,0,-0.835097
-0.105643,0.406495,-1.007908,0.219765,0.150492,1.085832,1,0,-1.267123
-0.125255,-1.782644,0.033219,-0.777737,0.454851,-0.459995,0,1,-0.837542
-0.575827,0.539573,0.492985,-1.460636,-1.535990,-0.838383,0,0,-2.111467
0.443567,0.163750,0.956974,0.441010,-1.592251,-0.584565,1,0,0.360720
-0.606688,-0.263676,0.001158,-0.807141,1.801402,-1.010482,0,0,-4.388871
-0.231841,0.909450,0.403022,1.369151,-0.102199,1.046797,1,0,4.543715
-0.586511,-0.739219,-1.775052,-0.024653,1.488097,-1.432903,1,1,-5.093379
0.918633,-1.202534,-0.759046,0.182682,0.450789,-0.975324,0,1,4.555625
0.281089,-1.024805,-1.066218,1.587459,1.786631,1.450470,1,1,1.855600
-0.442705,2.052610,0.271732,0.939814,1.249505,0.007657,1,1,-0.037623
0.765249,-0.800170,-0.189460,-0.515959,0.673304,-1.161285,1,0,-0.849514
-0.261124,1.638138,1.032977,-3.073195,0.498089,-0.479054,1,0,-3.884954
-0.810753,-1.307613,-0.849204,-0.546569,0.785981,0.588132,0,1,-4.341430
-0.096336,-0.285475,1.440066,-0.539052,0.883658,1.574475,0,1,0.869235
-0.711582,0.281569,-0.411925,-0.263005,0.475612,0.433406,1,0,2.501007
-0.852121,0.073493,0.123489,0.239656,0.716641,0.583213,0,1,-1.713084
-0.497138,-1.787315,0.947826,1.339530,-0.466989,-1.349080,1,1,2.371917
1.158382,-1.485911,0.723301,1.631119,-0.521478,0.638282,1,1,4.675048
-0.622476,1.276962,0.025443,1.136741,0.308524,0.337015,1,1,0.035507
-0.289057,-1.051989,0.394977,0.240792,-0.960826,2.355292,1,1,-0.387843
-1.139661,-0.291007,1.198271,1.986742,-0.388139,0.836166,1,1,7.365433
-1.159443,1.403079,0.157902,0.791145,1.467551,0.271667,0,0,-3.141923
0.821352,0.834541,-1.144989,-1.110157,0.655485,1.060463,0,1,-3.647745
2.117983,-2.733750,2.960558,1.105588,-0.594642,-0.785920,0,1,6.967631
-0.420580,0.730379,-0.190553,0.238169,-0.212891,-0.725754,1,0,-1.295251
-1.162525,0.545296,-0.095290,-0.153200,0.151765,1.280507,1,1,-3.664683
1.544974,0.195412,0.435096,-0.065213,-1.399170,0.355389,0,0,2.300067
0.320508,0.944871,-0.410905,-1.478456,0.411357,-1.012714,0,1,-3.684193
-0.686227,-0.039293,0.474073,1.877665,3.132357,-0.068122,0,1,5.938078
1.036710,-0.330711,0.713739,0.919182,-0.729376,-1.004009,1,1,2.178425
-0.291061,0.579369,0.234259,0.694515,-0.316236,-0.602271,0,1,0.298048
0.353250,0.785017,0.595395,-1.112813,0.586734,0.863777,0,1,0.818495
0.231211,1.373627,0.407954,1.109027,-1.709893,0.445996,1,1,-1.615006
-0.225720,-1.756534,0.069235,1.279006,-0.205444,0.483427,1,0,3.627961
2.367866,1.105037,-0.059440,1.807878,-0.755094,-1.471332,1,0,8.367466
-0.255421,1.420054,-0.789406,0.928064,-1.029792,0.102225,1,1,0.250477
-0.115403,0.189298,0.757519,-1.260585,-0.951327,0.669306,1,1,-4.039070
-1.585730,-0.325094,-0.754854,-0.069186,0.249153,-0.120090,1,0,-2.659833
0.373550,0.955759,0.548611,-1.284846,0.690157,0.357622,1,1,-1.164263
1.920129,1.315604,0.699964,1.488118,-1.854191,-1.245482,0,1,4.220296
1.903654,-1.402779,1.699990,0.369702,0.237034,0.951950,0,0,0.498162
0.360293,1.296575,0.426116,-1.156261,0.650451,0.489534,0,1,-2.938203
-0.449806,-1.760310,-1.082184,0.019367,-0.930731,1.465617,1,1,0.406361
1.184848,0.731917,1.278146,-1.162650,1.824297,1.098439,0,1,1.086624
-0.016112,0.271787,0.821826,-0.061656,0.208091,0.697604,0,1,-0.288577
-0.473883,0.834460,-1.458058,0.382196,0.171045,-0.391509,1,1,-1.717944
-1.719410,-0.738278,-0.382940,-0.323615,-0.058669,-1.855928,0,1,9.919344
-0.434303,-0.518636,2.671297,0.383726,-1.116748,0.723158,0,1,-1.189898
-1.284347,-0.104959,-0.177337,0.774398,1.324739,-0.753559,1,1,0.423780
-0.682770,-0.577533,-1.796084,0.031071,-0.658666,1.024808,0,0,-1.944742
0.605017,0.065943,-1.054328,-0.950870,0.827059,-1.112522,0,1,-3.791959
-0.793822,-0.083042,-0.121651,-0.025801,-0.267387,-1.581353,0,1,-1.455063
-0.109997,0.080012,-0.643337,-0.940344,-0.745265,-1.071744,1,1,-2.228555
0.874781,-1.055371,-0.848293,-0.092494,-0.004046,0.440794,0,1,4.380589
-0.470922,-1.950653,-2.311311,0.287013,0.402230,-1.053111,0,1,-2.235311
-0.287342,1.097201,-1.032114,0.816453,-0.216458,0.734187,0,1,0.029046
2.291354,-0.625971,0.086880,-0.671486,-0.924741,-2.182912,1,0,-0.646859
-2.033555,0.614108,1.127874,-1.781716,0.035465,-1.730686,0,0,-6.402638
-1.179440,-1.617694,-0.443024,1.674071,-1.006771,-1.552940,1,0,3.529047
-2.189277,1.277245,0.155644,-0.643701,-0.099805,0.701798,1,1,-6.014562
0.998413,1.293771,-0.088408,0.430350,-0.115685,0.845039,1,0,1.246284
-2.597266,0.569665,-0.168752,1.084042,-1.044935,-0.523866,0,1,-0.888104
-0.694806,0.289380,0.789651,-0.480225,-0.145921,-1.702322,0,0,-1.888334
0.473537,1.321988,-0.984758,0.422600,-0.287889,-0.727588,1,0,-0.207354
-0.277636,0.576828,-1.538246,0.550737,-0.303335,-0.433996,0,1,0.272906
-0.499196,-1.898610,1.388085,0.148376,0.299725,-0.667218,0,0,2.414866
1.404528,-0.852368,0.373461,-0.074936,1.511641,-0.413755,0,1,0.663494
-1.001350,-0.162465,-0.807877,-0.217241,0.260181,0.477222,1,0,-2.580466
-1.820404,-0.768349,1.084378,0.894477,-0.577810,-2.577010,0,0,2.605108
-0.337547,-1.683679,0.953730,-0.574421,-0.658890,0.185208,1,0,-0.111118
-1.681281,-1.437036,0.104399,-0.312962,-0.514756,-0.145058,0,0,1.060487
-0.433344,-0.953582,0.083740,-1.423203,0.129030,-0.291941,1,1,-2.336770
-0.015701,-0.855550,0.266566,-0.125950,-1.114292,-0.305355,0,0,0.604585
1.359884,1.028599,0.240879,-1.038854,0.870466,-0.852831,1,0,1.298199
-1.346174,-1.014756,1.440588,-0.790448,-0.009393,-2.845645,1,1,-1.971290
-0.930530,-0.266307,0.943996,-0.642468,-0.683875,0.683634,0,0,-1.836369
1.912585,0.546031,0.978465,-0.116504,-0.128860,-0.112129,0,1,1.322230
0.916143,1.025402,-1.797499,-1.709661,0.668649,-1.538277,1,1,-4.023643
-0.871869,-0.867846,-0.377376,2.259960,0.066327,-0.122412,0,0,4.741877
1.144668,-1.063961,-0.002691,-1.403268,-0.263335,0.097334,1,0,-2.189293
1.587494,-1.684897,0.971216,-0.747304,-1.359914,-0.513323,0,1,1.617037
0.259042,-0.247979,-1.499768,-0.097882,-2.265665,-1.021219,1,0,-2.755370
1.227019,1.894854,-0.426539,0.700886,0.891205,0.342839,0,0,2.764250
-0.635246,-0.915292,0.838779,-1.011667,0.044782,-0.384159,1,1,-1.456691
0.668122,1.394106,0.765512,0.587945,-0.916282,0.272333,0,1,1.616194
-1.639760,-1.694364,0.146737,0.619119,0.370453,-0.941180,1,0,8.305525
1.024832,-1.137095,0.171208,1.829802,-0.330211,1.167525,0,0,2.955253
-0.528219,-0.516794,0.476368,0.311482,0.089545,0.712370,0,1,-0.551397
-0.121242,1.814337,0.929556,0.261909,0.622464,-1.722331,0,1,-1.777869
-0.275606,-0.624848,0.159320,-2.228314,-0.090341,0.456757,1,0,-1.264565
-0.679552,-1.169327,-0.504803,-1.052008,-0.714133,0.114425,1,1,-2.173504
-1.044085,-0.765071,0.139540,-0.332220,0.134195,2.094606,1,1,1.478264
-1.633674,-1.182218,1.272023,0.093439,0.438466,-0.334901,0,1,-0.271876
0.192165,0.707645,0.414713,-0.528997,-0.769759,-0.054376,0,0,-0.877586
1.001390,-0.330251,-1.079527,-0.229139,-0.569607,-0.428455,0,1,0.888980
-0.296962,0.348452,-1.236488,0.140295,0.983179,0.102873,0,0,-2.836480
0.758619,0.263385,0.448004,0.664354,0.993593,-0.029028,0,0,1.649218
0.427328,-2.342023,-1.320932,-0.280305,-0.479136,0.870250,1,0,-1.002520
-0.017729,-0.209300,-1.313141,-0.820125,-1.294562,-0.177732,1,1,-1.050226
-0.785123,-0.341357,1.414119,-0.447523,2.004040,-2.189485,0,1,1.179985
1.257077,-0.460266,-1.588490,-0.718756,1.914595,-0.016843,0,0,-2.661312
1.083061,-0.231513,-0.208238,-2.265858,0.366181,0.033094,0,1,-0.451332
-0.938363,0.024292,1.334585,0.993040,-0.257466,0.804873,0,0,2.148859
1.398527,0.022830,0.421139,0.069783,-1.177588,1.124181,1,0,4.270266
-2.132770,-0.583378,-0.069861,1.405346,1.552565,-0.982414,0,1,-1.946195
0.724209,0.076061,-0.474665,-0.809611,0.806038,-1.356787,1,1,-0.617843
0.156601,-1.461345,-0.270272,-1.215433,-1.517043,0.659926,1,1,-1.174826
0.081890,1.010481,-0.181127,3.059509,-0.106228,-0.006976,1,0,1.094579
0.353486,2.065819,-2.251313,-1.951757,0.370723,-1.121340,0,0,-4.986637
-0.905709,1.113230,1.596350,-1.684518,-0.542145,1.009719,0,1,-4.182300
0.415299,1.208935,0.250526,-0.578400,-0.456426,-0.759098,0,1,-2.359460
1.002384,0.730760,2.608162,-0.696699,-0.804276,0.912458,1,1,1.181776
0.388471,0.622441,-2.089405,-1.374240,1.918632,-0.227347,1,1,-7.371793
0.653608,0.682827,-1.201672,0.336155,-0.181741,1.843953,1,0,0.693196
1.088661,0.837834,-0.084112,-0.104691,0.274280,-1.173609,0,1,-0.651141
0.987070,0.465303,0.930569,-1.403019,-1.200717,1.202768,1,0,-1.280895
1.575790,1.712986,-0.174503,0.238623,-1.847744,-1.652948,0,1,2.045579
-0.752088,1.970155,-0.815279,-0.681669,-1.138832,-0.429855,0,0,-5.821493
0.937325,-0.838926,0.462832,0.096823,0.577414,-1.583353,1,1,1.920513
-0.763452,-0.176111,0.478711,-0.280289,1.048043,-1.244953,0,1,-2.288916
0.005859,0.900883,0.234621,0.930289,0.168842,-0.001136,1,1,1.905375
-0.281687,0.517329,0.024941,-1.216404,-1.020538,0.311604,1,1,-4.177749
0.307796,0.924421,-0.035578,1.571878,1.086875,-0.474312,1,0,2.913607
0.025462,1.843580,-2.006999,0.645502,-0.283580,0.718920,0,1,4.069094
0.170133,0.041352,-0.762518,-0.676701,-0.242449,0.138474,0,0,3.010163
0.548424,0.669080,0.117681,-0.060589,-0.187136,1.590804,1,0,-1.187815
-0.297715,-0.453512,-1.177036,2.638881,-1.585192,-2.002146,0,0,6.917537
0.083650,-1.250617,1.797398,-0.032054,-1.207718,0.360200,0,1,-0.233536
0.807368,0.077582,-1.245110,0.056651,-1.243334,-0.786018,0,1,2.722591
0.712545,0.443554,-0.744197,0.118016,0.904974,-1.006850,0,1,-1.368886
0.897460,-0.789663,-0.574860,-0.587513,-1.867561,0.710278,1,0,-2.663555
0.952425,-2.300956,-0.018294,-0.239491,0.701460,1.655139,0,1,8.276567
0.047106,0.798351,-1.023221,-0.931876,-0.066495,-0.164160,1,0,-3.879823
-0.893460,0.005910,-0.326632,0.128611,0.358281,-0.519795,0,1,-2.170878
-0.374171,-0.450900,-0.061947,0.142731,1.054751,-0.602870,1,0,0.928154
0.889594,0.799556,1.666275,-1.515921,-1.209709,-0.989615,0,0,1.560837
0.685397,1.174833,-0.135063,0.203303,-0.372356,0.776152,1,1,22.435491
0.859488,-1.138999,0.146553,-1.773144,1.449028,-0.894168,0,0,-2.298307
1.055855,1.411832,0.089300,-0.111107,0.705750,0.273532,1,1,-1.016750
1.172290,-0.309201,1.589485,1.635404,-0.369792,-0.380191,1,1,4.464020
-0.481067,0.090117,1.048700,-1.467279,-1.709513,-1.616690,1,1,-5.961078
-0.479754,-0.404052,0.334319,-1.113925,-1.144670,-1.015858,1,0,-1.602425
0.581602,1.025196,1.998865,0.923398,0.398055,1.725817,1,1,3.839155
0.838482,0.175681,0.631923,-0.459757,0.339662,-0.195638,0,0,-0.822140
1.307198,-1.020736,1.175061,-1.403355,-0.438336,-0.165688,1,0,-1.581563
1.198559,1.085188,-0.877375,0.078237,0.381451,-0.374749,0,1,-1.129662
-1.139215,0.962596,0.214337,-0.914050,-0.578985,-1.348424,1,1,-5.025539
-0.807185,-0.707254,-0.060093,-0.298741,-1.240223,-1.079404,1,0,-2.341302
-0.803681,-0.766923,-0.004593,-0.220361,0.100326,0.387489,0,0,4.727288
0.466934,0.051095,0.770601,-0.749751,1.243652,0.121492,1,1,1.077945
-0.667266,0.423754,0.179979,0.339501,0.140126,2.237236,0,1,-1.056311
0.319821,-0.269529,3.156610,-1.893843,-1.794989,0.101026,1,0,-1.273658
-0.905522,0.982662,1.498650,0.326080,-0.751981,-0.642676,1,0,0.151731
-0.150159,0.778106,1.218109,-0.972889,1.463125,-0.353208,1,0,-0.790658
0.027321,1.015111,0.706117,-0.621723,-0.324250,-2.664762,1,1,-3.180439
-0.284989,0.616975,-0.955034,2.559023,-0.283950,2.368198,0,0,0.913430
0.058974,-0.419456,2.123128,0.591268,-0.940802,-0.459159,0,0,7.406245
1.693833,-0.254655,0.155926,0.145599,0.276063,0.264740,1,1,2.213919
-0.388831,1.354357,0.949336,-1.463445,-0.868535,0.389289,0,1,-3.799362
0.766152,-0.117471,-0.658389,1.422124,-1.449440,0.167632,0,1,11.946243
-0.776617,0.498022,-0.030511,-0.245975,0.127156,1.040070,0,1,-3.784166
0.717472,1.481810,0.246198,-0.543279,0.074022,0.354532,1,1,-1.964392
-0.164595,0.708256,-1.173869,-1.728617,1.015612,-0.055850,0,0,-5.523792
-0.051764,-0.161440,0.462532,0.129320,0.401491,0.197639,0,0,0.853053
0.443174,1.891705,0.646922,-0.769744,-2.082458,-1.205163,0,1,-3.164859
0.894505,-0.007820,-0.312239,-0.420661,-0.028633,0.506355,1,1,-1.045744
-0.689117,-0.161362,0.192453,0.241906,0.098740,0.005140,0,0,-0.802847
1.131109,0.456614,1.776490,-0.400358,-0.380096,0.813471,1,0,0.781082
-0.847082,1.002395,0.209196,-1.559118,-0.759444,-0.821140,0,0,-4.545177
-0.751321,1.767645,-1.757768,0.881558,1.130208,0.890791,0,0,-4.407161
-0.755784,-1.587577,-0.082591,-1.030218,-0.216549,0.487492,0,1,-0.681250
-1.131166,1.620625,-0.034893,-1.552104,1.223193,0.378870,0,1,-4.947119
-2.317069,-0.358789,1.789617,0.776288,0.729533,0.006766,1,0,1.619541
-0.919950,-1.990428,0.046092,1.294620,-0.704052,-0.583599,0,0,5.366365
0.834138,1.415084,0.373788,0.193831,3.276449,0.229829,0,0,-1.276685
3.259113,0.144644,-0.706341,-0.990441,0.997638,-0.966088,0,1,0.093145
-0.468078,-0.511400,-0.284556,1.716119,-1.117015,0.841966,0,0,3.490945
0.809693,0.609495,1.187775,0.425614,0.611818,1.353982,0,1,1.628109
0.259288,0.636633,-1.345812,-1.706205,-1.477119,-0.485874,1,1,-0.960917
1.872204,-0.286732,-0.289378,0.131701,0.706200,-1.421720,1,1,2.243414
-0.566244,-1.339118,0.791090,-1.616729,-1.819759,-0.120793,0,1,-1.336533
-2.389624,0.165693,2.004650,-0.557843,0.774374,-0.919141,0,0,-2.293135
-0.971587,0.241431,0.709295,-0.664973,-0.304872,1.115634,1,0,-3.253082
0.868246,0.277492,1.761018,1.289624,0.100713,-2.520712,1,0,4.412017
-1.327534,-0.931684,-1.078864,-0.497032,-0.160268,-0.106431,1,0,-1.372754
-1.203045,0.167274,-0.038505,-0.639263,-0.643245,1.139136,0,1,-2.346689
0.057220,0.086200,1.477994,-0.131221,1.147206,0.184332,1,1,2.399272
1.011698,0.001625,-0.428395,0.326587,0.084357,0.193295,0,1,1.433669
1.687506,0.282939,0.057674,0.268905,-0.093060,-1.438704,1,1,2.578426
-0.766379,-0.122038,-0.580544,-0.338482,0.162604,0.724438,0,1,-0.584959
0.354080,0.228775,0.032518,0.852919,-1.537764,0.140843,1,0,0.147183
-0.198482,-1.914858,0.141321,-2.224716,0.334708,0.994074,1,0,11.107243
-1.388181,0.381034,0.055286,0.407607,-1.872745,-0.121154,1,0,-3.707726
-1.148980,-0.642563,-0.526774,0.938892,-1.879539,0.359019,0,1,2.408364
-0.455232,-0.000047,-1.351939,0.938065,-0.768662,0.719609,1,1,1.156601
0.927069,0.269987,1.716424,2.189457,-0.712514,2.317234,1,0,3.588489
-0.102429,1.100419,-0.035904,-0.792848,0.462614,1.344468,1,1,-2.544848
0.191345,1.286690,-1.005071,0.735302,1.073626,-0.142897,1,1,-1.224313
-0.430494,1.312257,1.648628,-0.239217,-0.506687,0.992287,0,0,-2.213594
-0.705467,0.657187,-0.914061,-0.043727,1.949976,-0.914627,0,1,-7.127622
0.227797,1.225541,0.630051,0.843718,1.502464,-0.954261,1,0,2.846729
-0.732571,0.116460,0.839047,0.876781,-0.595841,1.072503,0,0,1.052210
-0.236047,-0.356775,-0.382381,0.396419,-1.521642,2.294576,0,0,1.751814
1.659987,-0.937014,-0.109902,0.399857,0.015351,0.746266,1,0,3.121322
-0.577118,-0.211946,-0.722437,0.944838,-0.484233,-1.326860,0,1,0.664730
0.843752,1.497516,0.921145,-0.087631,-0.098092,-1.687963,1,1,5.643170
-1.480918,-0.278753,-1.332736,1.278985,0.315219,-1.272188,0,1,-1.405835
-0.784416,-0.304267,0.786349,-1.365881,-1.497083,0.117725,0,0,-0.943622
-1.143398,-0.638274,-1.985377,2.450928,-1.032336,-0.441088,0,1,4.173376
1.118287,1.267628,-1.751816,0.235701,-0.566876,-0.399611,1,0,1.366409
0.034728,0.630938,-0.388389,-1.216421,-0.973321,-1.081049,0,0,-1.493147
-0.000562,-0.716919,0.624161,1.256407,-1.395241,-0.061107,1,1,0.474891
-0.108069,0.129309,0.558038,-1.128936,-0.666929,1.030135,1,0,4.484847
-0.540748,-0.349328,-1.797847,2.276170,-0.988212,1.940241,0,0,2.108083
-1.377665,1.250598,1.726172,-0.132878,-0.828819,-0.137194,1,0,-2.716609
-0.919126,-1.266804,-1.634351,-0.056963,1.795598,-1.897511,1,1,-5.326985
-0.174146,0.197404,0.540668,-0.876619,0.183035,1.206135,1,1,-1.389100
-0.593436,-1.024744,1.714840,1.347725,-0.391226,1.598692,0,0,3.884935
0.162213,0.440900,-0.414231,-0.722473,0.302914,-0.677210,0,0,-3.339869
-0.194436,0.870666,0.978162,0.971453,-0.783017,-2.489192,1,1,-1.035548
1.101002,-0.435234,-0.637173,-0.712137,1.283259,1.537115,0,1,1.022307
1.047741,0.577185,-1.386596,1.233143,-0.238159,-0.496557,0,1,3.130263
0.368137,-1.303965,0.417115,-0.233101,1.162806,-0.416769,0,1,0.099679
-1.560115,0.534764,0.567562,-0.590536,0.611256,1.094860,1,1,-3.277365
0.228480,-1.881727,1.231270,-0.042640,-1.475505,0.536547,1,0,0.392549
-1.725369,-0.869017,0.368211,-0.667856,-0.113530,-0.660522,0,0,-1.053641
-0.453319,1.350483,-1.191545,0.124280,-0.253047,0.451866,0,0,-3.800052
0.044690,-0.283081,-0.047996,0.097516,-0.767097,0.726363,1,0,1.088721
-0.626834,0.650768,0.686702,1.938459,-1.362156,-0.406713,0,1,0.046954
-0.052077,0.354698,-0.524980,-1.216505,0.167167,-1.442565,1,0,-1.968376
-1.112760,1.583799,-1.026299,-0.977745,-1.929621,2.055161,1,1,-4.456512
-0.143883,-0.370928,-0.726254,-0.532927,2.270075,-1.526304,1,1,-2.973030
1.232834,0.771763,-0.810391,1.169092,0.523784,-0.160511,1,1,1.543896
1.139413,-0.060511,0.713447,-1.653500,-1.341603,-1.217415,1,0,-1.925803
1.212256,0.559090,-0.306096,-0.657951,0.537078,0.553045,0,0,-0.818345
-0.297823,-0.025756,0.040768,-0.534428,-1.269857,1.177653,1,0,-3.592984
0.718242,0.258397,-0.424776,0.179365,-0.837938,-0.183483,0,0,0.703262
-1.128101,0.658793,0.894527,1.594596,1.428485,1.621601,0,1,0.896850
1.367120,-0.069821,-0.406016,0.000539,0.900119,1.399152,0,1,-0.320753
-0.568295,-0.298482,-0.414495,-0.299807,-1.055234,-1.872637,1,0,-3.086346
-0.022917,-0.671252,0.484331,-1.306544,-0.707344,0.595364,1,1,-1.667509
-0.029317,-0.858377,0.705888,0.193027,0.440574,-1.510519,0,0,0.965334
1.197591,0.714342,-0.798751,0.808273,-0.198223,0.645012,0,1,5.430981
2.734396,0.074169,-0.546966,0.179290,-0.104487,0.790596,1,1,1.740507
-1.029575,0.180449,-0.677463,-0.251895,-0.787659,0.072306,0,0,-3.316650
-0.294100,0.539149,0.377952,0.941296,-1.010050,0.647536,1,0,0.109633
0.326867,-0.478518,-0.770349,0.794863,1.147477,0.870729,1,0,2.703002
-0.345586,-1.103303,0.129057,1.490899,0.135758,-1.420792,1,0,3.384034
0.932680,0.116147,0.756302,-0.417108,-1.947285,-0.127889,1,0,2.838294
-1.194691,0.618280,-0.261141,-1.710678,1.449773,-0.789455,0,1,-6.019853
-1.460168,-0.514108,1.203462,-0.035226,-1.226734,-0.527656,0,1,1.419011
0.786563,-0.189233,-1.172169,1.038305,0.983714,0.477762,0,1,0.529612
0.220049,0.310329,0.700599,0.678368,-2.144455,-0.404645,0,1,0.451593
0.015394,-1.349052,-0.441815,0.032644,0.088328,0.775580,0,0,1.040870
-0.334642,-0.524789,-0.715970,0.374222,-0.182531,-2.108779,1,1,0.813801
1.631240,-0.656299,0.300507,2.078337,0.408800,-1.195492,1,1,5.771908
1.985615,0.103028,0.990260,-0.037091,0.098398,0.457653,0,0,2.354891
-1.011421,-1.670189,0.900803,-0.871372,-0.338549,-1.392664,0,1,-1.055043
1.358704,1.075672,-1.505319,-1.694801,-2.104087,0.536986,1,1,0.193986
-1.182210,0.977188,0.738560,-0.542804,0.734754,-0.558456,0,0,-1.941634
0.892553,0.133034,-1.046732,-0.756421,0.218800,0.915009,1,1,-2.174863
-1.040764,-0.890133,0.143765,-0.720583,-0.618296,0.933416,1,0,-1.617684
-0.318324,0.346406,-0.149530,-0.421990,-0.037171,-0.062737,0,0,-3.302996
-0.115387,1.274710,1.223920,-1.194396,1.791587,0.371532,1,1,1.649046
-0.740469,-1.120099,-1.009432,-1.313548,0.461717,-1.352092,0,0,-2.031358
-1.241953,0.171832,0.081212,0.347102,2.454232,0.364574,1,1,0.860342
-0.314579,-1.633088,0.875098,-0.519704,-0.980610,0.321230,1,1,-3.065031
0.715446,0.296959,-0.255718,0.151503,-0.569455,-1.566559,1,1,-0.758769
1.420833,0.896248,-0.429603,-0.966104,0.091153,-0.362598,1,0,0.518998
0.318332,0.555645,-0.827078,0.535860,-1.427839,0.373838,0,1,2.852026
0.703950,-1.746360,0.360364,-0.535046,-0.038975,-1.116911,0,1,0.909019
0.206737,-0.701866,0.326379,0.179189,0.858233,-0.029044,1,0,3.414247
1.166600,1.657229,1.824756,0.045611,-1.726511,0.076964,1,1,9.430355
-0.344236,0.469206,0.105786,-0.876930,0.935139,-0.865646,0,0,-4.902942
0.158118,0.127007,0.075825,0.188063,-0.104546,0.587066,0,1,-0.677436
0.717992,1.084797,-0.129320,-0.321520,0.355581,0.656901,0,0,-0.666699
-0.484907,-1.333814,-0.511932,0.369454,0.018100,0.508898,1,0,7.115760
-1.625579,-0.530850,-1.756578,-0.229149,0.795268,1.103661,0,1,-5.982838
-0.530320,-0.057538,0.463207,-0.183812,0.418766,1.261862,1,1,0.030008
2.126328,-0.680843,-0.281272,0.770383,-1.035198,-1.038833,1,1,3.696025
1.217881,1.209675,0.135898,-0.892472,-1.502780,-0.123593,1,1,-3.434979
-0.777231,0.111164,0.877233,-0.170681,0.443261,-0.426833,1,0,-1.743554
0.826113,-0.336038,1.018792,-0.165271,0.793479,-0.120697,1,1,13.094905
-1.426632,-0.633872,0.083882,0.985249,1.138659,1.052647,1,0,3.072996
-0.371502,-1.828179,-1.495355,-1.213394,-0.135983,-0.814800,0,0,-0.566074
-0.343444,-0.279604,0.624228,1.040504,0.286602,-0.770215,0,0,1.933225
-0.759312,0.289101,0.022190,-0.330582,-0.238994,-0.644677,0,1,-2.725293
0.132398,-1.088618,-2.256317,-1.137136,-1.070509,0.210172,0,0,-0.957249
-1.015882,-2.812380,0.302635,-0.887756,-0.777637,-0.409322,1,1,-1.787518
-0.062718,-2.032526,-0.268483,0.055549,-1.858212,1.770911,0,0,2.217756
0.083531,-0.544870,0.426017,0.991634,-1.506436,-0.462605,1,0,10.143969
0.172736,-0.131154,-1.131404,0.948573,0.861239,-0.252303,1,0,1.692408
-0.046393,0.115386,1.143628,-0.194482,-1.536844,0.224911,0,0,0.460455
0.848119,0.475701,-1.923474,-0.379127,-0.078239,-1.741580,1,0,-1.853227
1.933614,0.014863,0.751133,-0.403367,-1.628645,-0.311500,0,1,0.857295
1.377284,0.583869,1.289711,0.458980,0.711709,0.179368,1,1,3.599279
-2.313990,1.709040,2.031564,0.174841,-0.044501,-1.455719,1,0,-9.536881
0.386112,-0.408907,0.603480,1.499155,0.044917,-1.940911,0,1,9.788479
2.440077,0.218899,-0.127203,-0.062217,-1.015588,-0.247617,0,1,3.193888
-0.715614,-0.877832,0.204991,1.545680,-0.498972,-1.069626,1,1,1.517665
0.836589,-0.766862,1.039987,0.317178,-0.744591,-0.190243,0,1,2.336815
0.327602,-1.300528,0.070522,-0.901205,-1.295969,1.231548,0,1,0.832667
1.119633,0.510544,0.454027,0.275372,2.010654,0.695588,0,0,0.392229
-0.686431,1.440988,0.909830,-1.156797,-0.356653,0.031344,0,1,-0.171646
-0.187272,-0.342967,-1.496686,-0.686802,1.892610,-0.402808,1,0,2.045603
-0.340029,1.915605,0.658644,0.109047,-0.306866,-0.412407,0,1,-1.890583
-0.021006,-1.109937,-2.197531,1.451527,1.153034,-0.204485,0,1,-2.294513
0.566198,-0.352540,-0.602070,1.520388,0.274340,-0.704698,1,0,2.756986
0.441925,-0.964348,-1.194648,0.867528,-1.139599,1.057152,1,1,11.747421
1.138084,0.811080,1.608042,-0.090533,-0.693965,-0.221012,1,0,2.240996
1.230227,-0.649633,-0.023180,1.634963,-0.163515,0.217567,1,1,3.907506
-0.547147,-0.359141,0.412243,-1.092977,0.133631,-0.278127,0,1,-1.981313
-0.307480,0.221947,1.751235,1.388537,-0.687831,-0.095378,0,0,3.482214
-1.044065,0.758018,-1.491446,1.936041,0.233023,1.498333,1,1,-1.052035
-0.767618,0.221938,-1.049378,-0.431310,0.291053,-2.089846,0,1,-3.667920
0.863129,-0.165336,-0.712666,0.143005,-0.632827,0.863596,1,0,2.807956
1.734441,2.002759,-0.769570,-1.046140,1.152584,0.076909,1,1,-2.808974
-0.597415,0.053050,-1.176210,-0.568271,-1.012275,1.951051,0,0,-1.983258
-2.025554,0.959473,-1.148612,-1.217943,-0.014356,-0.230116,0,1,18.166054
-0.294327,0.297230,0.211058,-1.615304,1.807924,0.307117,0,1,-3.812633
0.824393,-1.030056,-0.844956,-0.039480,0.360513,0.079944,1,0,0.570120
0.278757,0.313772,0.284288,-0.138634,-0.133982,0.586085,1,1,-1.185589
1.964261,-0.102106,1.484524,1.009721,-0.442451,2.317501,1,1,3.968571
-1.549227,0.456173,0.742506,-0.747177,0.315407,-0.573130,1,1,6.933730
-0.572827,0.016670,-0.870811,-0.763493,1.286915,-0.566503,0,0,-3.396667
1.098100,1.380833,-1.479231,0.052811,0.002811,-1.215476,0,0,0.371689
-0.577746,0.077289,-0.452366,2.575050,1.189786,-1.223697,1,1,0.715045
-0.486872,-1.537775,-0.361651,0.372297,-0.543659,0.292727,1,1,-0.110261
1.417187,2.045753,-0.375686,-0.037546,1.471816,0.444386,1,0,3.345467
0.045766,0.610095,1.250475,0.641026,0.738948,0.190216,1,1,2.461367
-2.174732,-0.979742,-0.927563,0.168098,-0.839416,0.112627,1,1,-2.371434
-0.126952,-0.119000,-0.407589,1.314769,-0.733189,-0.285260,0,1,14.359264
1.710239,0.351406,-0.983336,-0.020751,0.368326,0.249543,0,1,-0.728616
-1.578370,0.676504,-1.087762,-0.829514,0.294786,-0.734380,1,1,-6.123154
-1.522304,-0.469809,1.536037,-1.237986,-0.287494,0.503757,1,1,-3.973877
1.502928,-0.605877,-2.100346,-0.202322,-0.001374,-0.216205,1,0,-1.443894
1.010383,0.447409,0.820331,0.094659,1.808124,-0.985001,1,0,2.504006
0.879516,0.652656,1.869255,0.666476,-0.713024,-0.772620,0,1,1.829640
-0.085546,1.477248,0.885298,0.464910,0.111718,0.021194,0,0,-0.338494
-0.470043,-0.169655,0.954810,0.129441,0.041703,1.236311,0,1,-0.165645
-0.982565,0.906358,1.268206,2.356113,-2.032928,-0.921396,0,0,1.329744
0.429182,-0.693204,0.046179,1.085175,-0.182820,0.987678,1,1,4.928883
0.828958,-0.904902,0.586572,1.011496,0.663633,0.169768,1,0,3.099511
-1.084218,-0.372519,-0.634989,-0.673007,1.226029,0.139973,0,1,-5.893462
-0.524593,1.209854,0.939226,0.252841,-0.632306,-1.474349,0,1,10.243626
-1.488202,-1.692036,-1.022852,0.864195,1.296034,0.057452,0,0,2.906010
-1.197212,-0.257288,-0.145491,-0.654700,-0.697691,-1.180502,1,0,-3.740882
0.508285,1.407844,1.328388,-0.773990,0.586549,0.162816,1,1,1.796949
0.685044,-0.754911,0.447071,2.352897,-0.475936,2.007058,1,1,2.656501
-0.303634,-0.723635,0.810945,-1.242880,-0.434068,-1.111112,0,1,-1.239230
-2.435492,0.493658,0.017807,-0.021646,-0.259975,-1.583801,1,1,-4.286339
0.016276,0.910059,0.911952,0.116421,0.327004,1.299223,0,1,-0.778674
0.134721,2.214844,-1.173355,0.428105,-0.134590,0.525556,1,1,-2.102500
0.937396,0.332039,2.110930,-0.892706,-0.275972,1.371976,0,1,0.232958
0.999612,1.529242,-2.257280,-1.021530,-1.521169,0.694294,1,0,-1.963311
0.863483,0.455068,0.686377,-0.210210,0.591343,0.897717,1,0,-0.198591
0.190152,0.059172,0.797518,0.715763,0.368070,-0.519510,0,1,2.065722
0.649003,-0.555248,0.519006,0.939886,1.725111,1.189330,1,1,5.663349
-0.995302,-0.459397,0.678129,-0.053121,0.119953,-0.615695,0,0,-1.318333
0.731504,-1.215352,-1.390728,0.436990,-0.673114,0.104273,0,1,2.512468
-1.339184,-0.781688,0.504285,-0.913463,0.397580,0.321972,0,1,-2.725652
-0.143201,0.028513,-0.655065,-0.144840,1.333086,-0.591488,0,1,-4.596090
0.341960,-0.293141,0.349991,-1.620147,2.273431,-1.935598,0,1,-2.253781
0.757565,-0.183727,-0.931820,0.106259,1.231345,-0.649862,0,0,-1.297800
-0.294539,-0.826817,1.435917,-1.418599,-1.131497,-0.706875,1,0,-2.109660
0.543988,0.311274,-1.174342,0.157538,-1.135697,-0.908132,1,1,0.700977
-0.239758,1.928936,0.046544,-0.445488,0.932629,1.366058,0,0,-5.001514
0.577830,0.100922,1.133593,0.451440,-0.949739,-0.921074,1,1,-0.133659
-0.135444,1.358244,-1.980142,-1.554257,-0.653503,-0.393129,1,1,-3.637118
-0.306494,-0.176316,-0.687491,-0.082250,0.771482,-0.562032,0,0,-2.915009
0.680070,-1.318720,-0.360333,-0.844061,0.114856,1.603055,0,1,-1.334715
0.491302,-0.747529,1.149545,-0.689982,-0.289327,0.117535,1,1,-0.792431
1.726336,-1.098171,-0.007553,-0.941107,-0.460633,0.261522,1,1,1.538566
-0.292888,1.664258,0.767319,-0.199139,0.409790,0.137668,0,0,-3.729126
0.490051,-1.144611,-0.795310,-0.943047,1.673873,-2.635740,1,0,0.127250
-1.098389,2.021539,0.634536,-0.556110,-1.902941,-0.325031,1,1,-7.791935
1.753043,0.078452,-0.397653,0.149804,0.277284,0.948598,0,1,0.471385
-0.436082,-0.318908,-0.910064,-0.080126,0.301422,0.640246,1,0,-1.574655
-0.518347,0.968432,-0.036460,0.314702,-0.260815,-0.279258,1,1,-1.662974
-1.088249,-1.058634,1.244016,0.980358,-0.789909,-1.235597,0,0,4.129195
-0.489079,0.015273,-0.262867,-0.351207,0.573326,0.244748,0,0,-3.043591
0.441717,0.076553,1.539487,-0.894141,0.700095,-1.130981,1,1,1.346252
1.607463,-0.454017,-0.977109,0.857671,-0.091481,1.213079,1,0,2.142449
-1.588400,-0.776684,-1.360484,-0.250422,-0.907096,2.046229,0,0,-0.944181
0.560346,-0.412846,0.044411,1.951506,-0.759643,-1.902328,1,0,1.841592
-1.580604,1.867509,-0.354961,1.262383,0.399385,0.689991,1,0,-5.202067
1.004229,0.934265,1.991367,0.265504,-0.602341,-0.793232,0,0,4.440735
1.001062,0.415123,0.559756,1.884464,-0.108934,-0.786422,0,1,3.716966
-0.554667,0.034296,0.155412,-1.129020,-0.910543,0.017800,0,1,-1.716183
0.532014,1.202776,-0.023027,-0.096437,-0.418910,0.229145,1,0,-0.945999
0.999045,0.865270,0.076054,-0.343506,-1.330244,-1.056767,1,0,3.349366
-0.058485,0.475190,-0.676820,-1.484777,0.611994,2.018411,0,0,-2.652854
-0.265571,0.621077,-0.436433,-0.317903,-0.325584,0.269351,1,1,-3.091594
-0.216130,0.741147,-2.362446,0.881416,-1.124246,-0.449134,0,1,3.180814
0.142821,0.448930,0.346394,-0.955900,0.394238,0.289609,1,1,-2.588123
1.074950,1.049137,-0.450024,0.830749,-2.085415,1.778953,0,0,4.531602
0.428584,-0.412528,-1.448419,-0.325554,0.937445,0.759341,0,0,-2.099929
-2.214529,-1.360345,-0.928494,-0.767885,0.575667,0.374104,1,1,-0.534132
0.511748,1.353496,-0.839199,-1.668584,1.024860,-0.948812,0,1,-1.186896
0.536174,-0.394601,1.361199,-0.506733,1.430405,0.544484,1,0,1.231261
0.307749,1.040104,-0.675773,1.707007,1.919692,-0.034722,1,0,2.313688
-2.104391,1.137618,0.891585,-1.035606,-0.766233,1.110764,1,0,-9.500536
-0.922443,1.018661,1.009042,0.497826,0.965332,-0.489599,1,0,-0.739139
0.312463,0.072299,-0.269955,-0.622626,0.563866,1.115976,1,1,-1.658627
-0.428935,0.331674,-0.060700,0.730280,-0.178121,0.745368,1,1,6.843574
-1.329790,0.218204,-0.661328,1.606906,0.375412,0.345192,0,1,-0.330594
-0.862260,-0.190632,1.110705,-0.727170,0.582167,0.259485,1,0,-2.002812
1.836036,-0.513081,-0.026421,0.179256,0.448492,0.198146,0,0,1.140130
0.687125,-1.967067,-2.369419,1.145515,0.637386,0.396856,1,1,1.875160
-0.443169,0.474512,-1.218105,1.646171,-3.219663,2.530291,0,0,2.616282
-1.514090,0.843289,-1.462998,-0.049527,-0.012486,-0.064831,0,0,-6.652454
-1.418810,-0.116581,-0.564694,1.281536,1.919499,0.273304,0,1,-2.349426
-0.304602,-0.044740,0.809479,0.500091,0.662616,-1.619038,1,0,0.940357
0.401896,0.319603,1.614294,-0.494596,-1.185992,-1.159998,0,1,-1.901871
0.416012,-0.098945,-1.208748,-1.710762,1.550286,1.482400,0,0,-2.910500
-0.084032,-2.422630,0.176046,0.051854,-0.469703,0.746568,0,1,1.986565
0.963810,0.593535,-0.967685,0.029306,1.176741,-0.075068,1,0,1.058019
-0.560373,0.032449,1.434845,0.633200,-1.960250,0.709221,1,1,-4.959536
0.407183,-2.429446,0.880626,-0.338877,0.696893,0.184075,1,1,3.019492
-0.499710,-0.000148,-0.132593,-1.477287,-0.716524,1.233132,1,0,-3.353963
0.661919,-0.959774,-0.464696,0.153479,0.741422,-0.080328,0,1,-0.005382
-1.306220,1.139527,2.311512,-0.207848,0.175787,-1.368271,0,0,-2.686190
0.169162,-1.186360,0.702543,-0.033091,-0.596862,0.462452,0,0,0.355595
-0.181618,-0.640659,-0.461806,2.421300,-2.472417,0.861484,1,0,0.400090
0.150659,1.011833,1.349893,-0.317868,-2.066012,0.429388,1,1,-6.311985
0.327662,-1.982101,-0.393452,-1.312643,-2.230862,-1.643420,0,1,11.122064
0.843486,-0.912021,-0.810175,-0.533404,-0.123649,-0.821496,0,1,-0.311047
-1.933835,-1.559105,-0.512621,-0.016314,-0.986111,-0.087080,1,0,7.192770
0.772661,-1.615106,-0.786460,-1.793538,-0.346083,-2.151488,1,1,-0.106242
-1.795343,-0.745319,0.657626,-0.280864,0.327014,-1.557051,1,1,-1.856956
-0.414443,-1.872255,-1.130256,-0.649661,-0.794646,-1.487247,1,1,-0.485539
-1.564323,0.801070,-1.070317,0.376001,-0.084572,0.191760,0,1,-3.291148
-0.861010,-1.057384,0.173279,0.703070,-1.159816,1.596220,1,1,0.633048
-0.017012,-0.725546,0.414835,-0.209309,0.202060,-1.107985,0,1,3.827164
0.777219,-0.826647,-0.224170,0.211024,-0.960635,0.445626,0,0,5.402856
0.275013,-0.848375,1.538642,-0.763661,1.526962,-1.158985,1,0,1.591576
-0.033165,-0.244655,0.136299,0.969382,-1.285251,-1.016400,0,0,2.802582
-1.191033,0.742006,-1.393927,-1.944401,-0.925734,1.779676,0,0,-5.019183
0.506739,0.342861,-0.920609,0.337498,-1.051824,-0.406753,1,1,0.407924
-2.280193,-2.631144,0.516042,1.144205,-0.879623,0.551960,1,0,10.615703
-0.092691,-0.927584,-0.542737,-0.170031,0.449773,0.057084,0,1,-2.114382
0.266080,2.517405,0.965300,-0.776607,-0.943209,-0.555250,0,1,0.021723
0.217412,-0.726009,-0.012217,0.252156,-1.414581,-0.222535,1,0,-0.426400
0.087092,0.343180,-0.791069,-0.415007,-1.204743,-0.630281,0,1,-0.261780
-0.375296,-1.126637,0.700101,-0.203319,-0.383457,0.473218,0,0,4.701910
-1.331088,-1.311711,1.115590,1.083302,1.265635,-0.467368,0,1,2.613126
0.003000,1.961787,-1.237980,-0.615869,-0.876665,-0.114175,1,0,7.381568
0.786473,0.563000,-0.877821,0.085260,-0.705251,-1.309115,0,1,-0.151961
-0.316369,-1.058484,-0.531636,-0.950139,2.084779,0.385900,0,1,-4.471844
0.696107,-1.078651,-0.269298,-1.517049,0.117003,-0.312657,0,0,8.296547
2.643854,1.277411,0.613701,-0.479257,0.980046,1.709404,0,0,4.362585
-0.888225,0.566378,-0.539803,-0.089927,-1.824111,-2.631939,0,1,-0.496959
1.155586,-0.947741,0.263191,0.509210,1.036558,0.109565,0,1,12.377627
-2.128052,-1.364891,-0.080677,-0.035769,1.145046,-0.602830,0,0,0.333078
0.437081,0.774966,1.859606,2.317246,0.318024,1.224028,1,1,4.813152
-1.718327,-0.843305,1.870119,-1.602323,-0.864180,-0.617929,0,0,5.729302
-1.705659,-0.633529,0.712345,1.063956,-0.371374,1.994929,0,1,0.552285
-1.563931,-1.623703,-0.978956,-1.850991,-0.533370,1.112247,1,1,-3.575890
0.776260,-1.157147,1.650676,-0.172463,0.906136,-0.309236,0,1,4.710193
-0.572463,-0.639492,-0.310731,0.468093,-0.245604,-2.062919,0,1,4.912471
-0.980230,0.277461,0.886217,-0.920420,1.678760,-1.121225,0,1,-1.938784
0.801550,1.792223,0.604090,1.240985,-1.905873,-0.809501,0,1,1.201366
0.617282,-0.961164,1.293545,-0.167384,1.126673,-0.561949,0,1,9.359999
-0.795023,-0.990678,0.628978,2.280685,-1.139162,0.410508,0,0,9.628916
0.125869,0.393335,1.351109,-0.938245,-0.443206,-0.409700,1,1,-2.233828
2.117755,1.420115,-1.325184,-0.773107,-1.612447,-0.352260,0,1,2.795830
-1.065724,-0.095754,-0.279542,0.544462,0.637656,-1.433637,1,0,-0.775946
0.647808,0.798536,0.734116,-0.321662,0.394615,-0.356029,0,1,5.791749
1.066501,-0.758630,0.213365,-1.105456,-1.026992,-1.154099,1,0,-2.369565
-1.082828,0.170805,-0.765790,-0.441952,1.007934,0.649882,1,1,-4.075792
0.998656,1.305414,-1.158254,-0.474907,-1.292813,-0.809184,1,0,-1.425600
0.115120,0.691684,-0.116901,-0.948814,1.582678,-1.128622,1,0,-0.129223
0.652894,0.939215,0.023479,2.191735,1.514997,-0.197390,0,0,2.248957
-0.364054,0.225385,-0.417372,0.286588,-1.629899,0.522658,1,0,-2.387292
0.482763,0.616958,-0.306002,-1.279097,0.490555,-0.454930,0,1,-2.893798
0.463415,-0.658447,0.060696,1.897219,-0.953770,0.378006,1,1,2.667128
-0.783908,-0.914692,-1.840001,-0.032404,-1.522113,-0.693573,1,0,-3.100799
1.306060,-0.749363,-0.451972,0.511320,-1.699574,-0.661201,0,1,5.448215
0.512836,-1.291064,0.810804,-0.859742,-0.487847,2.482650,0,1,0.323579
-0.938568,-0.512962,-1.317968,-1.575650,0.558970,0.916022,0,1,-4.773766
0.301110,-0.466425,-0.273179,-1.512235,-0.618040,-0.351120,0,1,-1.121510
-0.311579,1.937234,0.194116,0.625864,1.225216,0.754862,1,1,0.503229
1.447024,1.652279,-0.810575,-0.926975,0.861972,-0.206273,0,1,-3.872146
-2.019677,-0.232339,1.697227,1.538531,-2.803413,-1.090758,1,0,-1.321069
1.082104,-1.130615,0.015538,0.689706,-1.847457,-0.273607,0,0,3.415319
0.147085,-0.361762,-0.815562,-0.322031,-0.412559,0.523488,0,1,3.442091
-1.791982,1.031964,1.061509,-0.130182,-0.173328,0.544639,1,0,-6.961279
1.250723,2.121877,-1.052017,0.103477,0.426343,0.740707,1,0,2.048959
-0.542099,-0.422333,2.533233,-1.563510,-1.496871,0.047907,1,0,-1.861429
-0.814130,-0.348643,1.684282,0.902445,0.014956,-1.081420,1,0,2.282684
-0.002265,1.090775,-0.500962,0.730767,0.503535,0.853279,0,0,-1.743993
0.521207,1.244557,-0.167091,1.359986,-0.038428,0.821195,1,1,2.157497
1.581254,1.865305,-0.427723,-0.543931,0.599797,1.562243,0,1,1.212313
-0.743451,-1.370229,-0.003882,0.720032,-0.593280,0.312421,1,1,1.044253
0.830702,1.470356,0.205742,0.168537,-0.527715,0.369018,0,1,0.022072
1.520473,0.320873,0.214417,2.361805,-1.317451,-0.224633,0,0,6.156242
-0.015218,1.599014,0.380513,0.831436,-0.005730,0.541496,0,1,6.823193
-1.489265,-1.611233,-0.387754,-0.385053,0.967400,0.844680,0,1,-3.756776
0.878155,0.449272,-1.184651,-0.144467,1.793892,0.530440,1,1,-3.015596
-0.387647,-0.825771,-0.509802,0.215713,0.584802,0.375572,1,1,-0.062261
-2.201003,1.505566,-0.724034,-0.691064,0.376646,-2.524541,0,0,-4.778582
0.975174,-0.519828,0.140254,0.377820,0.238520,1.887547,0,1,2.764965
-0.091323,0.606609,-0.695195,0.166742,-1.352100,0.919305,0,1,0.622007
-0.393789,-0.222443,-0.784002,1.216024,1.415695,0.096301,0,0,0.369021
0.866182,1.317939,-2.121358,-0.823146,0.679355,-0.252680,0,0,6.740355
-1.404715,0.584047,0.518916,0.061910,-0.535246,-0.213003,1,1,-3.816320
1.548641,0.584882,-1.920185,-1.237743,-1.540389,0.521664,1,1,0.897395
2.188316,-2.411214,-0.827691,-1.179573,-0.669618,0.964712,0,0,-3.188424
1.062810,1.511524,0.177717,0.103811,0.067594,-0.970685,1,0,13.275174
0.913047,0.876231,-0.143318,0.773770,0.624960,0.480861,0,1,1.142833
-0.860187,0.527759,-0.235196,1.251917,-0.350193,1.164206,0,1,0.291837
1.089026,-1.854652,-0.192172,-1.343220,1.535630,0.439965,1,0,-1.281065
-0.746537,1.888212,1.547705,-0.338159,0.544924,-1.878731,1,0,-5.552223
2.218295,-0.122290,-1.148121,-0.337699,0.052177,0.630002,1,0,1.520535
0.140306,-0.662752,1.245762,0.703461,0.777006,-0.225550,0,1,2.898941
-0.068277,2.096117,-0.319812,-0.174106,0.268426,0.929250,0,1,9.240237
2.331920,0.148234,-0.062929,1.077943,0.315611,1.022752,1,0,6.015778
0.249498,1.381401,0.270358,-0.631680,-0.002401,0.298505,1,0,-2.032216
0.891212,-0.199987,0.196162,-0.054668,0.799904,1.160174,1,0,0.994285
1.046975,1.896064,-0.015374,-0.073307,0.588553,-0.295685,0,1,1.059917
-0.830094,-1.051314,0.840531,0.479273,-0.029200,-0.445393,0,0,1.627387
0.045433,-0.504578,0.173015,1.242315,-1.979439,-1.288141,0,1,3.656262
0.048369,0.318075,-1.658754,-0.339548,0.442248,-1.695560,1,0,-2.227007
-1.132808,-0.886536,1.170418,1.207608,-0.869984,1.978226,1,0,2.854647
-1.595088,1.066900,-1.257202,0.661743,1.002099,-0.292984,1,0,-5.100233
-1.563665,1.504216,0.660829,-0.710318,-1.291919,0.706615,1,0,-6.185812
0.358291,-0.840220,1.198846,1.896436,-1.121717,-0.092248,1,0,2.410625
1.913367,0.693450,0.785120,-0.889586,1.245915,-0.257543,1,0,2.926811
1.831417,0.080661,-0.443607,-0.467519,0.113706,0.741341,0,1,0.105461
-0.437512,-1.502543,1.341200,-0.531914,-0.140948,-0.575049,0,0,0.610376
0.606319,0.365716,0.075708,-0.639596,0.977279,-1.199878,0,1,-1.796791
0.564376,0.552609,-1.988753,0.905177,1.061933,-0.257381,0,1,0.478696
-1.248773,-0.403837,-1.702197,-1.407376,0.200403,1.069019,1,0,-3.406910
0.807841,0.904216,0.219615,-1.447699,-0.429456,-0.504907,1,0,-1.181220
-0.704168,-0.259894,-1.399726,-0.185854,-0.669071,-0.140695,0,0,-1.819921
-1.424396,-0.332171,-0.111523,0.185580,-2.355137,-0.360902,0,1,0.097223
-0.294478,1.977664,0.680195,1.499494,-1.528797,-0.451345,0,1,0.080752
-1.350153,0.567973,-0.156119,-1.168320,1.424152,1.844608,0,1,-5.885375
1.251766,-0.040047,-0.264827,-0.992585,-0.122268,0.182076,0,0,-0.711884
0.290309,0.036092,-2.062108,0.350560,0.866520,-0.815109,1,0,0.196490
0.019611,-1.375478,-0.073647,1.106215,-0.860990,-0.643322,1,1,2.501797
0.464500,-0.673262,1.472382,2.567080,0.852446,2.061421,0,0,3.593876
-2.400895,0.371805,0.755494,-1.291274,0.249989,0.193674,0,1,-4.349825
-0.603990,-0.414679,3.085030,1.411527,0.479148,-1.521532,1,0,4.249542
-2.599013,1.247914,0.690820,0.701834,-1.415204,-0.735453,0,1,7.163942
0.404371,-0.471406,-1.303018,-1.094741,1.018590,0.240661,0,0,-3.537850
1.132319,0.309541,0.184099,0.720495,0.025796,0.213803,0,1,2.482555
2.239367,-0.118231,-0.199308,2.029502,-2.459945,0.397077,1,1,4.786456
0.224125,1.315373,-0.347608,0.398308,-0.289142,0.142802,1,0,-0.598585
-0.260835,-1.290986,0.068273,0.435626,-1.266402,-0.824276,0,0,2.385475
-0.050504,-0.309728,0.504712,0.099282,-0.952919,-0.718743,1,1,-1.290977
0.123201,0.433731,-0.350234,-0.041935,0.809305,0.511838,0,1,-1.856316
-0.361839,0.174016,-0.508008,0.881610,0.575173,-0.677143,1,0,0.375274
-0.304743,-0.052037,1.003892,-0.100107,-0.325030,-1.419509,0,0,0.855600
-0.535467,0.259232,1.333236,-1.415173,-1.111504,1.278365,0,0,-1.864149
-0.355767,0.854672,-1.534355,-0.857226,-0.574002,1.488717,0,0,-4.342879
1.042583,-0.961931,-0.931695,-0.228747,1.676551,-0.464113,0,1,-3.342461
-0.100823,-0.192780,-0.362434,-0.426850,0.674082,-0.657085,0,0,8.033290
-0.370106,-0.368908,0.261450,-1.614584,-0.641424,0.180079,0,1,-2.043670
-1.963152,-0.551650,0.466868,-1.330045,-0.177176,-0.095832,0,1,-3.939379
0.504390,0.571481,-2.020013,-1.496651,1.483429,1.354149,1,0,2.340166
-0.320146,-0.736161,-0.791307,0.289954,-0.862645,0.486524,0,0,0.101610
-1.159750,-0.429346,-1.009641,-0.263367,1.548255,-2.048672,0,1,-5.969491
0.874750,-1.405933,-0.374167,-1.130979,0.211961,0.423713,0,0,-0.890401
-1.207246,-0.538950,0.980162,0.750846,1.017350,-0.070884,1,0,3.312689
-0.323630,-0.474751,-0.840606,-0.017799,0.209393,-0.707912,1,1,-1.748440
1.236649,-1.535569,-0.312686,-0.265682,-0.044598,-1.593248,1,0,-1.341082
-0.367438,0.358631,0.701143,1.803832,-0.423450,0.333838,0,0,1.844133
-0.140785,-0.485449,0.754836,-0.203344,-1.935095,-0.799665,1,1,-5.058626
-1.702736,0.572333,1.689454,-0.685989,-0.363909,0.950757,0,1,-3.365914
0.007484,0.209078,0.863596,-0.404022,0.005442,1.572997,0,1,-0.663107
0.470372,-1.236718,-0.168957,-0.314288,-1.844757,0.507067,0,0,7.640842
-1.218884,0.787475,0.801959,-0.858906,-1.312324,-0.138376,1,1,-6.590502
0.219499,0.618533,0.475995,-0.383317,-0.264273,-0.978209,1,1,-2.027173
-1.373508,0.207583,0.021264,0.117549,1.238673,0.023037,0,1,-4.575836
0.396800,0.785676,1.126022,-0.030664,0.409266,0.060131,1,0,-0.297170
1.134701,0.140450,0.971848,-0.776983,-0.548775,-0.540070,1,0,-0.246625
1.187824,-0.821214,-0.381307,1.096494,-1.556973,-0.229670,1,0,1.690897
-0.573797,-1.407806,0.912428,-0.113071,-0.309445,3.104744,1,1,2.199784
-1.907792,-1.900379,0.049225,-0.146297,0.682897,-0.355489,1,1,-1.973868
-1.041684,0.242097,-0.510291,1.592152,3.318441,0.635183,1,0,2.523585
-0.421941,-2.272905,1.358112,0.633942,0.313857,1.130596,0,1,4.531975
2.545166,0.830529,-0.543994,-0.704758,1.759803,-1.274935,0,0,2.446687
1.090109,-0.107141,-1.774539,1.062743,0.184183,-0.372172,1,1,1.361505
0.730242,1.329023,0.146138,-0.807856,0.378280,-1.711888,1,0,-0.675841
-0.092666,-0.396811,-0.131630,-0.702200,-0.062711,0.643133,1,0,-1.871389
-0.819698,1.770979,-0.722982,-0.690430,-1.590332,0.078804,0,0,-6.708268
1.462163,0.411471,1.325947,1.226701,0.859676,1.190495,0,1,5.421428
0.701308,-1.202670,-1.211102,0.507481,2.579222,0.085451,1,1,-1.022044
-0.840739,-0.919300,-1.279333,-0.045651,1.005646,1.003735,0,1,-5.031295
1.188282,-0.818235,0.795297,-1.791241,0.279636,-0.829509,1,0,-0.180446
0.474704,-1.064713,1.730786,0.749338,1.535764,-1.458576,0,1,8.647946
0.418163,-1.046153,-1.747847,2.431429,-1.217180,1.294051,1,0,1.274608
0.109172,-1.119064,0.393453,0.706350,0.739971,0.269402,0,0,2.205822
-1.399446,-1.552328,2.363553,1.704155,-0.394728,-1.287525,0,1,2.341196
-0.163005,0.518155,-0.206140,0.307889,-0.461138,0.244130,0,0,-0.454162
-0.617338,1.689200,-0.924785,0.580928,-0.384030,-0.041576,1,1,-2.026708
-0.690126,0.189135,1.536183,1.401696,-1.863496,-0.042489,1,1,6.991962
-0.748472,-0.468931,0.109138,0.973502,0.197687,0.712949,0,0,8.071967
-1.507086,0.363272,1.238932,-1.439877,1.751683,0.070734,0,1,-1.841422
-0.186347,-0.032961,-1.246726,0.870033,0.856185,-0.390696,1,0,1.104092
-0.506612,1.075885,-0.838507,1.241987,2.581511,1.999757,0,1,-5.470348
-1.732606,0.323496,-1.652507,-0.009922,0.242276,0.620147,1,1,-4.259520
-0.054099,1.985425,-0.270588,-0.409243,-0.615871,-1.297873,0,0,-3.080979
-0.500219,0.161048,2.535129,-2.344181,0.003777,-1.229768,0,0,-1.106641
0.285011,-0.103314,0.240536,-0.842279,1.017264,0.339980,0,1,-3.123495
0.455124,-0.037576,-0.765225,-0.899372,0.087548,-0.358672,0,1,-1.062839
-0.713370,0.656937,-0.311261,-0.121502,-1.111254,0.738717,0,0,-2.122502
1.582796,1.277927,-0.221232,-0.784288,-1.076359,-0.234956,1,0,0.226700
-0.219197,0.296018,1.928698,0.175934,-0.403248,0.617177,0,0,1.103329
2.449747,0.031995,1.056981,0.036770,-1.072650,-0.978324,0,0,11.947483
0.388080,1.756873,-0.597577,1.347105,-1.277873,-1.696025,0,0,3.669165
0.278070,0.444315,1.220929,0.575249,0.874714,-0.473995,0,1,1.845056
-1.228397,0.982787,-2.199744,-0.465919,-0.273819,-3.318425,1,1,-5.687891
0.200925,0.014931,0.469138,0.442115,-1.123218,0.494648,1,1,-0.292502
-1.066126,-0.505748,0.804864,0.475502,0.477689,1.461614,0,0,0.624482
-0.698426,0.414766,-0.658888,-0.447342,1.522851,-0.116945,0,1,-6.422201
0.155217,-0.737562,3.131921,0.733788,-1.496157,1.256492,0,0,5.065371
0.478077,-0.297645,-0.376579,-0.357328,2.433669,0.662162,1,1,-0.488387
-1.048303,0.448531,1.428838,-0.673224,-1.471083,0.984210,0,1,-4.752671
0.073790,0.549030,-0.172461,1.345601,-1.019764,0.495342,1,0,6.328966
1.158771,-0.244759,0.280362,0.228617,1.276200,-0.909676,0,1,1.186342
-1.462395,1.284681,0.556505,-0.324816,-0.280913,0.287690,1,1,2.119030
0.670057,0.310099,-0.611152,-1.428275,2.333831,0.838436,1,1,-1.697176
-0.613006,1.872412,1.177720,-0.903986,-0.383005,0.710565,1,0,-5.868339
-1.050273,0.765992,0.879139,-2.115204,-1.437635,-0.541989,0,1,-4.574089
-1.893351,0.271755,-1.067841,1.630554,-1.096491,-0.063169,1,1,0.070251
-0.170561,-0.563382,-0.176971,0.904339,1.196279,-0.187004,1,1,2.033747
-0.470362,-1.309936,1.202649,-2.030034,-2.204263,0.370575,1,1,-7.184771
0.937009,-0.510633,-0.264275,1.161740,-0.868243,-1.106425,1,0,2.109392
0.079114,1.879371,0.219032,1.867203,1.518013,1.988003,1,1,2.599558
-0.876604,0.404806,-1.831693,-1.428846,0.490672,1.128338,1,1,-6.714071
-0.081042,0.130127,-0.437914,-0.020707,-0.927599,0.590680,0,1,-0.184103
0.651863,-1.087115,-0.491336,0.055280,-0.439172,0.321820,1,0,2.061348
0.717926,-2.241504,0.095611,0.580166,0.794322,-0.881503,1,1,4.715447
-0.432563,-1.892063,-1.077619,0.204626,0.061027,0.351759,0,1,-0.087476
-1.425837,0.194716,0.262905,0.457977,-0.997770,0.194407,0,1,-0.371385
