query_id,doc_id,f0,f1,f2,f3,f4,f5,f6,f7,f8,f9,f10,f11
795,7376,2.083516,-2.202346,-2.049397,2.047370,0.477983,-1.002202,-2.504965,1.855209,0.561820,2.703221,1.534359,-1.449547
795,7377,2.526918,-1.134218,-2.726258,2.670302,-0.056766,0.492381,-0.592207,0.736037,0.171829,2.205688,0.281091,-0.977863
796,7378,3.347954,-1.925334,-1.734159,0.603281,0.196910,-3.503301,-1.575981,2.399788,1.397385,2.103417,1.056782,-0.754643
796,7379,1.429691,-1.528411,-1.052079,-0.433002,-1.568649,-3.648691,-0.805809,1.298271,1.138676,2.097540,1.065785,-1.270289
796,7380,3.015592,-2.045476,-2.662855,1.892601,-0.600683,-4.204215,-0.196661,2.014948,0.124477,2.872030,-0.011870,-2.097512
796,7381,2.041932,-0.164562,-2.396818,-1.730396,-0.851633,-5.001323,-2.705074,2.236667,1.778839,2.744241,1.271086,-0.381312
796,7382,2.152738,-0.971363,-3.790872,1.522583,-0.577613,-1.264503,-2.672086,2.540194,0.785292,3.770041,1.400430,-2.217639
796,7383,3.454117,-2.312762,-1.926091,5.644379,-0.390283,-3.689285,-2.736985,2.937422,0.411871,3.120404,1.540651,0.165630
796,7384,3.038912,-1.665896,-3.680805,1.420037,-0.523643,-0.817718,-2.608098,1.522131,1.056808,3.403363,1.325503,-0.967594
797,7385,237.602435,-0.696673,-0.800643,233.845169,-3.812044,-467.894851,-2.352782,345.383388,93.668933,2.642459,1.657567,-0.004533
797,7386,107.125198,0.856223,-0.966476,262.722524,-3.425544,-576.427043,-2.650830,29.040133,217.842019,3.941185,0.839519,0.643135
797,7387,205.598799,-1.171405,-3.103750,280.373980,-2.889398,-152.289194,-3.022219,382.809134,201.911076,4.105047,1.319625,-0.192405
797,7388,197.535704,0.560432,-3.334389,191.861137,-3.321261,-98.982584,-1.836501,448.004372,60.777834,4.580048,0.465930,1.619232
797,7389,132.889908,-0.374964,-2.437077,230.715022,-3.604368,-162.184414,-1.276784,472.674441,127.660646,3.108294,0.078583,-0.420492
797,7390,115.551351,-0.733757,-1.851874,-204.903671,-0.982557,-585.582827,-4.550269,99.653894,104.782674,3.229093,1.253126,-1.783217
797,7391,179.900630,-0.348377,-3.753786,94.253908,-5.344594,-571.116611,-2.999155,283.616769,103.153328,4.754041,-0.768268,0.253022
797,7392,124.586455,-0.775943,-2.643479,325.586826,-4.056356,-1134.766085,-2.023672,236.448136,120.418154,2.725889,0.854032,0.377877
797,7393,304.915842,0.027472,-3.393026,-201.802346,-2.285891,-33.121038,-2.191038,312.557403,9.815205,4.151689,1.573123,-1.637093
797,7394,105.517278,-0.153465,-2.246830,172.643100,-2.854856,86.925754,-2.387351,253.193914,-39.967270,4.822393,0.117384,0.554956
798,7395,328.924637,0.109038,-2.151615,906.855936,-1.815427,-284.853127,-1.530395,365.758323,15.483839,3.216198,0.666548,0.394636
798,7396,273.955592,-0.748728,-2.349564,-54.163461,-4.703207,-268.590220,-3.226045,305.315870,87.540106,4.542409,0.446267,-1.416708
798,7397,129.147368,-0.506574,-3.679774,171.092628,-4.192240,-719.869459,-3.905131,406.863219,33.926388,3.747633,1.212983,0.003988
798,7398,50.166434,0.553107,-3.697347,273.748895,-1.913320,-618.302085,-2.285123,152.020656,263.795613,4.969419,1.657306,-3.169836
798,7399,297.831985,-0.151560,-1.721799,-9.059211,-4.164445,-24.364820,1.307035,213.373774,77.316324,4.147362,0.881996,-0.546543
798,7400,70.890890,-0.131650,-0.093192,217.863630,-3.323713,-192.627118,-0.556781,264.541750,-38.243448,3.879992,0.211274,-1.157745
798,7401,97.226769,-0.511855,-2.600684,89.468717,-3.546977,257.751894,-1.563604,380.952935,178.326431,4.764642,-0.222749,-1.583340
798,7402,169.684854,-0.125414,-1.599560,-33.959969,-3.677768,-566.769663,-3.016165,151.297877,230.408500,5.674723,1.158415,-0.344333
798,7403,299.739970,-0.042301,-3.101094,57.222119,-3.317252,-268.697275,-3.087196,398.398650,35.989248,4.299857,0.515166,-0.529681
798,7404,304.706657,0.513819,-1.509004,291.359530,-3.668354,-261.082781,-3.106784,413.083257,210.048224,4.666272,1.786002,-0.221147
799,7405,3.812562,-0.169096,-3.164740,2.945538,-1.986530,-5.716103,-2.109528,1.241938,1.310945,3.227427,-0.069941,-0.483255
799,7406,3.389380,-2.444730,-2.175341,-1.781013,-0.127022,-2.200041,-1.680538,2.567917,0.330479,3.099177,1.033067,0.226850
799,7407,3.453270,-2.571949,-0.994973,-2.399695,-1.528092,-1.444350,-2.977273,2.304036,0.402195,2.572956,1.158687,-1.239732
799,7408,4.751838,-2.856404,-2.773997,-0.039518,-1.136755,-4.660648,-2.823953,1.876064,-0.563374,2.556546,1.475989,-2.663427
799,7409,2.892510,-1.930720,-1.922966,3.334805,-1.064549,-3.180987,-4.103067,2.620450,-0.381571,3.807529,1.481641,-0.683845
799,7410,2.422871,-1.342182,-2.701834,0.791286,-0.628109,-5.078049,0.090679,1.956030,-0.493051,3.071670,2.207967,-0.906944
799,7411,1.124315,-1.838769,-3.364918,1.616977,0.734331,-1.811018,-1.350758,2.898773,1.203901,3.399666,-0.045998,-2.224363
799,7412,2.305825,-2.290258,-1.555579,3.469465,-0.737576,0.136956,-2.452588,2.683032,0.382936,4.513032,0.838905,-1.707876
799,7413,2.068497,-2.054003,-3.170470,1.084281,-0.432579,-4.674757,-0.759300,2.633301,-0.062930,1.974314,0.982243,-0.794685
799,7414,2.762708,-3.523435,-1.619549,1.910662,-0.428162,-2.207218,-3.991799,2.684422,0.706844,2.051237,0.462781,-1.101427
800,7415,1.827714,-2.016736,-1.946833,1.382713,-0.801296,-2.047565,-3.289985,2.299343,0.699469,3.372928,0.450706,0.146619
800,7416,4.004012,-1.138175,-3.483348,0.241979,-1.277142,-3.506516,-1.548352,2.077311,0.419002,2.636562,1.253153,-2.972259
800,7417,1.657737,-2.418080,-1.911394,3.617820,-0.374307,-3.779266,-1.097654,2.557388,-0.515249,3.832955,0.923743,-1.607533
800,7418,2.720471,-1.190347,-2.149035,0.817770,-0.162297,-3.488653,-1.856174,2.421522,1.553403,2.673294,1.231923,-0.876840
800,7419,2.456571,-2.322747,-1.381076,2.393597,0.483442,-2.934747,-0.683683,0.688798,-0.385205,2.192183,1.417513,-2.671242
800,7420,1.916328,-1.474472,-2.136163,1.372005,-1.466306,-1.833769,-2.508207,1.185607,0.315087,2.594182,0.797141,0.525854
800,7421,3.461587,-2.251449,-0.802916,1.422978,-1.288557,-2.743892,-2.850191,3.562134,-0.139314,2.934937,0.789366,-1.278097
800,7422,1.914700,-1.162159,-2.865128,-0.602026,-0.967964,-5.338060,-1.453222,1.286634,0.928571,2.874080,0.789494,-0.642034
800,7423,3.896511,-3.483764,-3.024828,-2.780022,0.232684,-0.425184,-3.110086,2.022770,0.221743,3.318010,-0.235809,-0.979207
800,7424,0.743513,-2.547519,-1.926689,2.008136,-1.092289,-1.226261,-3.610001,1.877526,0.863673,3.614253,0.862035,-0.592268
801,7425,123.442559,-1.284597,-1.699523,-322.488677,-3.621616,-220.764780,-3.923446,134.285526,46.155090,4.269092,0.792720,0.384557
801,7426,155.484065,-1.079765,-3.321427,-19.641908,-4.216739,-786.353182,-1.922858,267.465923,74.732677,4.098608,1.567887,2.658637
801,7427,112.695628,1.369260,-1.073956,-28.126824,-4.255291,-151.442291,-1.553668,385.123489,-35.815021,3.999848,0.687482,-0.191779
801,7428,238.513628,0.644303,-4.228075,-1.598793,-5.245760,-944.256245,-2.457585,222.352944,56.475623,3.370849,1.314173,-1.818264
801,7429,118.669173,0.984077,-3.135132,392.121337,-3.338176,-1182.301709,-3.773374,372.464192,-141.240664,4.552137,1.108246,-1.886591
801,7430,190.397405,-0.115318,-4.318720,371.995963,-4.272591,-653.649515,-2.047624,230.864273,-20.336052,4.257095,2.153992,0.587965
801,7431,104.781255,-1.616874,-2.700891,39.024358,-3.380657,-376.368732,-3.404618,385.803245,322.213986,5.580571,1.468158,-0.735524
802,7432,199.769763,-0.347555,-2.520529,77.998362,-2.040645,-885.282886,-1.541882,450.569397,67.824615,3.916679,0.947014,-0.739728
802,7433,304.423573,-0.233450,-2.961604,404.631662,-1.870193,-137.900837,-1.888673,179.431536,8.385940,4.126792,1.125160,0.430265
802,7434,312.169572,0.420042,-2.340882,45.559610,-2.810156,-481.984515,-2.547808,91.001965,191.475630,4.747155,-0.575147,-0.663087
802,7435,129.846719,-0.484132,-2.843884,194.949007,-3.350645,8.336671,0.236174,339.809368,46.311835,3.459778,1.096102,-0.720921
802,7436,77.424594,-0.118905,-2.855976,19.465788,-4.330658,429.876634,-2.200682,263.762593,77.205011,3.395648,1.130695,2.080238
802,7437,343.653709,-1.628421,-2.109962,-312.842158,-3.590300,-577.728791,-1.841703,155.324081,81.398609,4.759610,0.846830,-1.394167
802,7438,110.964475,-0.064568,-3.581932,-211.228939,-2.797899,-895.269210,-0.122425,247.616133,27.802746,4.541986,-0.029843,0.920456
802,7439,170.253374,-0.631622,-2.055887,304.915450,-3.095822,-697.653702,-2.814848,254.263529,30.453445,4.457335,1.016119,-0.871452
802,7440,316.258564,-0.475635,-2.376435,416.863792,-4.505991,-1235.748773,-1.340938,213.974938,-11.665181,5.096772,0.316998,0.315795
802,7441,157.873582,0.059706,-3.404227,27.924600,-3.056846,-171.447758,-1.823696,213.021659,54.426617,5.664146,0.557155,-0.836104
803,7442,2.636294,-1.527282,-3.341282,-0.549712,0.163794,-2.670732,-2.021121,2.675411,0.512307,2.489425,0.730417,-3.228292
803,7443,1.187081,-2.169095,-4.459655,0.995568,0.168098,-5.963105,-3.492693,2.068918,1.216123,3.734684,0.764117,0.653229
803,7444,1.452665,-1.195423,-2.387961,-1.377295,0.793619,-1.854624,-0.697402,2.431599,0.430200,2.863677,0.627300,-1.106946
803,7445,2.215453,-1.167571,-2.219523,1.271549,0.481640,-1.371318,-1.313242,2.123955,0.550573,2.509398,2.053824,-1.811042
803,7446,1.237749,-1.911099,-1.829693,-0.056044,0.224933,-1.906170,-3.352994,3.291687,1.129761,3.470817,1.510215,-1.649804
803,7447,3.147493,-1.448579,-0.987031,-0.351535,0.160527,-3.901728,-1.794030,2.244374,0.494740,1.747296,1.195438,-0.133400
803,7448,3.472807,-1.857024,-2.737567,3.764473,-0.813995,-2.288471,-2.081191,1.709351,0.299625,3.626613,1.334997,-1.061056
803,7449,3.380500,-2.191688,-1.800738,2.225676,-1.235697,-6.523563,-4.905657,2.037593,0.713638,2.872075,0.067697,-0.281895
803,7450,2.629965,-2.567714,-0.456933,2.109994,0.151752,-3.079345,-2.494457,2.462875,0.439150,3.534188,1.371930,-0.368406
803,7451,2.784134,-2.153354,-2.877302,1.815742,-0.757456,-0.050417,-3.800215,1.702002,0.954335,3.010203,1.600317,-1.929518
804,7452,55.232932,-0.973820,-1.810640,510.135397,-1.788214,-151.930043,-3.681050,60.807963,-22.720125,3.287074,0.868590,-1.316570
804,7453,168.557876,-0.128339,-3.888171,18.153908,-3.631954,-1562.731346,-2.793784,149.189921,-59.541689,3.861872,0.550627,0.054108
804,7454,83.170354,1.252440,-4.451385,436.545179,-3.576097,-219.733469,-1.629863,214.793728,176.760213,4.659476,1.069145,-0.208081
804,7455,152.852676,-0.050054,-3.587656,71.483702,-3.853314,-398.351168,0.224785,97.006050,-18.671041,2.705023,-0.352778,2.190690
804,7456,230.356151,0.326122,-1.760846,42.534334,-3.237512,-554.221471,-2.588472,211.371884,147.418453,3.994966,0.339988,0.312224
804,7457,141.500247,-0.108406,-1.830087,642.109251,-4.119947,-680.241453,-4.646111,334.193194,222.647269,3.118770,1.260520,0.374653
804,7458,146.956680,-1.597109,-4.756199,456.802488,-2.921843,-217.742949,-4.522234,130.067123,2.179766,3.813229,0.268487,1.196760
804,7459,189.255812,-0.622795,-5.191827,80.173706,-1.744150,-679.168112,-3.148750,32.921217,86.330004,3.364708,1.543449,0.392858
804,7460,180.340139,0.617110,-1.705205,-59.916425,-3.605604,-521.990150,-2.013587,386.974814,395.031341,3.881716,1.616164,-0.373286
804,7461,213.363785,-0.610115,-2.397827,3.434726,-1.926937,-671.517103,-3.585510,226.561816,184.047333,3.549857,0.754699,-0.468193
805,7462,144.976631,-0.389771,-4.221213,-53.521018,-2.574820,-1117.592470,-2.310958,293.840705,112.786879,4.370484,0.668313,-0.852066
805,7463,315.210540,-0.225229,-3.838487,-319.145954,-2.255038,-369.071513,-1.128957,350.328765,1.942903,3.864989,-0.064377,-0.170174
805,7464,155.082029,-0.223442,-2.388421,-190.183564,-3.358752,-833.569860,-3.371751,322.047900,269.298698,3.877722,0.173284,-0.386534
805,7465,219.190423,0.064608,-2.425464,213.549300,-2.860712,-828.126708,-3.227952,293.881870,161.090594,4.954610,1.993955,0.557565
805,7466,171.171778,1.286939,-3.482698,238.061721,-4.086001,-1454.825753,-4.164164,355.071858,-22.992760,4.867175,0.246711,-0.279127
805,7467,182.511217,0.334586,-2.382203,340.469911,-3.146469,-625.797868,-1.948166,161.370415,-39.379536,5.346884,1.246378,-1.638756
805,7468,224.361178,-0.117332,-1.094860,-175.660708,-3.765028,-518.236673,-1.850083,29.533389,114.661870,4.135175,0.925725,1.486817
805,7469,214.733185,0.224183,-2.003705,295.336580,-2.565272,-719.927987,-3.252506,410.850997,216.126397,3.990453,0.402455,0.077134
805,7470,143.361077,0.043398,-1.355858,238.655486,-2.218276,-1045.186217,-2.505754,261.177378,124.757158,4.612777,1.325404,0.405983
805,7471,113.078547,0.006499,-3.724366,-8.543348,-1.211454,-272.413599,-1.681550,414.399924,348.615627,3.532091,1.372777,-0.260159
806,7472,186.680924,0.431891,-1.983274,-203.108117,-2.013672,-352.727780,-4.618358,175.550022,111.104529,3.816302,2.112162,-0.121800
806,7473,25.198386,0.771604,-2.198478,-221.498778,-3.503880,-539.696258,-3.082098,409.950050,-106.482620,5.146805,0.625944,-0.264234
806,7474,391.515724,-0.438370,-3.262708,121.222667,-2.692610,-432.738657,-2.516517,287.929612,-20.330518,3.328337,0.266373,-0.560833
806,7475,212.641423,-0.558163,-2.871001,75.672004,-2.633360,-292.899053,0.672981,147.256534,-126.448445,4.240700,1.228353,2.127822
806,7476,219.118064,0.180423,-1.745878,179.303421,-4.246122,-739.353682,-2.595998,276.448572,152.319828,4.050692,1.468978,-1.652671
806,7477,200.291512,-0.690154,-1.862459,238.205933,-4.143156,-1353.919425,-0.925293,179.252055,25.389962,4.358640,0.432864,-2.322892
806,7478,229.816011,-0.232982,-2.853092,131.978618,-3.967462,-409.547892,-1.818646,377.082388,-66.060898,3.950545,1.832086,-1.882567
806,7479,114.888745,0.105988,-3.515843,124.541452,-4.054346,139.734594,-1.836532,276.635318,-37.892502,5.223838,0.540891,0.730217
806,7480,48.117597,0.228556,-3.762294,-121.163383,-4.435053,-41.522197,-0.751657,244.203475,86.925868,4.592156,0.745749,0.207166
806,7481,144.606026,0.201073,-0.522046,151.612897,-2.900616,-323.509699,-3.463069,291.329656,74.598219,4.441798,0.255828,-0.794181
807,7482,3.622603,-0.939605,-1.798860,-1.860672,-0.596150,-5.517957,-2.758906,1.992845,0.438664,3.451677,1.087907,1.413341
807,7483,3.711417,-2.157021,-2.321306,-0.197466,-0.447000,-3.035214,-0.438939,2.348108,0.058928,2.185418,1.842363,-2.186583
807,7484,1.839395,-1.006102,-1.826473,0.695794,-1.168871,-4.743813,-3.259099,1.037869,-0.601072,3.096647,2.126051,0.369888
807,7485,3.350946,-0.683139,-1.807289,2.258699,-0.836377,-2.551405,-3.102752,2.385010,0.390675,2.763997,1.747289,-2.037161
807,7486,3.127968,-1.717867,-2.556138,0.757295,-0.293498,-5.304445,-2.595293,2.756507,0.048665,1.587128,1.376634,-0.700485
807,7487,1.394168,-2.544034,-1.614538,-0.353321,-0.738385,-4.143926,-2.915652,1.005307,1.161992,2.656629,1.378963,0.610635
807,7488,1.466136,-1.168683,-1.790142,-0.025908,-0.460666,-2.463008,-2.846400,0.942605,-0.798392,2.767469,1.743139,-2.662410
807,7489,1.625180,-2.805312,-2.764170,2.423804,-0.922668,0.953503,-3.545580,1.527090,-0.428772,2.815690,1.747906,-0.295504
807,7490,3.776011,-0.996131,-1.912514,2.163248,-0.499570,0.397445,-2.636738,2.692648,1.131005,3.580196,1.286110,-1.129907
807,7491,2.468619,-0.892537,-0.250731,-0.158347,-0.790916,-3.260674,-2.799768,2.920585,0.292299,3.785357,0.448069,-1.260158
808,7492,27.424693,-0.105522,-3.385132,136.968599,-3.219264,-940.348883,-1.669464,305.522209,40.331536,4.567346,1.729800,-1.598582
808,7493,189.117515,-1.268481,-1.176553,-45.794876,-4.900120,-601.572979,-1.145353,180.314206,-98.481822,4.096382,1.129566,-0.196757
808,7494,267.641067,1.350874,-4.007773,258.983497,-3.223738,-513.240686,-3.173405,222.781918,195.524614,3.428310,1.595363,1.015474
808,7495,124.669277,0.917781,-2.439889,90.398187,-3.733509,-515.667090,-3.448937,298.430932,-121.427325,4.204918,0.844919,0.434075
808,7496,134.350135,1.162442,-3.711283,327.709364,-3.783182,-0.136330,-2.355393,320.908212,298.672871,4.045219,0.570658,-0.740900
808,7497,146.984930,-1.613541,-2.692622,49.534799,-3.424745,-868.509325,-1.348935,172.678738,231.870200,3.986508,0.582168,-1.114597
808,7498,310.886353,-0.442132,-2.179210,341.220337,-2.994888,-24.314539,-1.662679,87.590507,-72.378887,4.025813,1.369008,0.885362
808,7499,59.726319,-0.355694,-2.453619,267.018373,-2.681029,-773.031728,-2.443739,256.717023,-62.210820,4.082729,0.539281,-0.397923
808,7500,211.911367,-0.149206,-3.315903,-151.458114,-4.343587,-850.333775,-2.393622,209.671407,-77.794164,3.977294,0.393445,0.651192
808,7501,213.667759,-0.178690,-1.649751,62.415838,-3.858684,-699.881773,-0.780530,91.882624,-75.659298,4.672194,0.715720,2.255936
809,7502,2.481802,-1.179035,-0.607031,-1.229225,0.449534,-0.466627,-1.108369,3.540723,0.451387,3.050043,1.598315,-1.957490
809,7503,2.803651,-2.237744,-1.952876,2.119060,-1.849235,-3.287195,-2.127983,2.532766,0.935140,3.401807,0.865713,-1.087848
809,7504,1.247159,-2.695723,-3.063755,1.863778,-1.194798,-1.634721,-2.222069,1.611666,-0.180834,2.388895,0.311624,-1.723695
809,7505,2.112138,-2.171065,-2.787120,0.054686,0.222581,-1.357696,-4.868315,3.421181,1.397046,3.051972,2.458030,-2.851137
809,7506,2.086341,-1.566784,-2.243703,2.824450,-0.859643,-3.807598,-1.899783,2.707651,0.164411,3.004064,1.418895,-2.663671
809,7507,4.214481,-2.174019,-0.517917,0.831854,-1.487383,-1.436031,-4.566427,0.422035,0.468072,3.532897,1.402197,-1.760803
809,7508,1.138547,-2.190907,-2.384630,0.240256,-0.372042,-5.761408,-3.849406,1.779175,0.776761,2.497814,0.514013,-0.852335
809,7509,2.324284,-3.153285,-1.126546,-1.551373,-1.202145,-4.294463,-5.369854,1.722395,0.533787,2.926965,0.459583,-0.127187
809,7510,2.495563,-1.905466,-2.260031,1.925986,-1.554857,-2.935241,-3.177927,2.782784,-0.685946,2.487793,0.866555,0.311680
809,7511,1.833776,0.033997,-3.427821,1.055296,0.057894,-1.933676,-0.684410,1.519418,-0.444589,2.469307,1.586947,-1.965731
810,7512,190.409280,-0.441955,-2.409207,-79.173310,-3.718920,-335.487379,-0.808553,242.855296,130.257252,2.988026,0.926195,0.178846
810,7513,277.198222,0.504824,-3.378521,104.857156,-3.841038,16.071264,-1.496094,297.289767,308.845374,4.823142,1.668143,-0.537351
810,7514,42.150408,-0.995406,-4.708431,307.574473,-2.628384,-246.345264,-1.480254,98.380191,60.038822,4.484893,0.985788,1.348429
810,7515,186.850260,0.050036,-2.584545,-343.192035,-2.917399,-494.700778,-0.779953,263.260970,217.678529,4.087977,1.097391,-1.724122
810,7516,185.432879,-0.053230,-4.543228,443.312476,-2.872994,-688.407419,-3.205501,114.856774,-61.644008,3.802304,1.781012,-1.510207
810,7517,89.850818,-0.358520,-2.541372,568.032846,-2.435117,-211.742692,-1.787571,312.280585,140.375791,4.299332,1.667374,-1.568589
810,7518,21.834709,1.644536,-3.908180,126.212787,-3.816904,-781.138780,-1.360505,201.810053,-305.447219,3.762354,0.616491,-1.242293
810,7519,251.474259,-1.127477,-2.697712,-152.947373,-4.681007,-655.302257,-3.249905,124.550258,-62.347586,4.512645,1.379652,-0.299673
810,7520,100.825371,-1.270397,-4.311990,-139.363695,-5.110555,-543.316364,-2.333484,42.141017,-42.923972,3.709918,0.509140,1.074456
810,7521,101.076388,-0.727967,-3.766437,480.909464,-2.690706,-1181.117261,-3.825812,315.281840,87.205305,2.593563,0.011948,1.878334
811,7522,4.661631,-2.558864,-3.189190,2.055978,-0.167720,-6.068704,-2.180471,1.666287,0.865397,4.012392,0.715278,-1.396744
811,7523,0.263943,-2.623444,-3.416803,1.402184,0.266645,-2.811427,-1.033583,2.242355,0.599515,2.634376,1.441529,-1.965036
811,7524,3.415620,-3.678887,-1.779943,2.067666,-0.561501,-3.040851,-2.525039,1.761621,0.365662,2.790296,0.524848,-0.251584
811,7525,3.290784,-2.101640,-2.214068,0.290173,0.291409,-4.636181,-3.555829,1.627089,0.486079,1.582224,1.407479,-0.467795
811,7526,4.281811,-1.120542,-0.031718,1.639196,0.164862,-2.739877,-1.293861,1.743952,0.321623,1.532616,0.784637,-0.615990
811,7527,3.292801,-1.672222,-3.784647,-2.044924,-0.797191,-3.677353,-1.575812,1.595292,0.608155,3.154066,1.729912,-0.070752
811,7528,1.544533,-2.650364,-2.642684,-0.646118,0.413731,-4.126293,-2.042879,2.761249,1.486152,2.782021,1.152242,0.776450
811,7529,3.208217,-0.976745,-0.783607,-0.217065,-1.886684,-5.536864,-0.463621,0.466999,0.331612,2.187032,1.109585,0.616336
811,7530,1.104408,-2.126731,-2.609936,3.419482,-1.417652,-1.699756,-4.545715,0.367864,0.432739,3.535563,0.468957,-2.235474
811,7531,1.580783,-1.490664,-3.029063,0.270386,-0.853387,-1.140693,-3.601693,3.252154,-0.688095,3.799393,-0.098033,-0.338580
812,7532,0.787910,-1.609048,-3.231027,0.646978,-1.682466,-1.129085,-1.988063,1.966155,-0.417849,2.453271,1.105705,-0.596886
812,7533,2.721556,-2.837119,-2.104310,2.704288,-0.192822,-5.582879,-3.105669,2.806536,0.436798,3.371002,1.068513,-1.084843
812,7534,2.493898,-1.988537,-1.893629,2.719876,0.498875,-2.166183,-0.742026,1.540081,0.712311,2.905621,1.444308,-1.835077
812,7535,2.166569,-1.339834,-1.982013,-0.200265,-0.228494,0.040830,1.390871,2.210329,-0.570461,2.528749,1.086076,-2.750061
812,7536,4.146013,-2.342821,-3.386851,-0.708410,-0.514202,-1.628448,-2.554861,2.656800,-0.146668,3.660524,0.041315,-1.095783
812,7537,3.126339,-1.303135,-2.763855,3.421145,-1.052826,-2.912552,-2.724602,2.662379,0.870405,2.415063,0.244884,-0.482649
812,7538,1.333563,-1.607979,-1.904652,-1.051385,-1.004685,-0.158971,-2.331496,2.081651,0.538482,2.592198,0.902716,-0.190395
812,7539,3.808667,-3.738656,-1.472648,-1.914989,-0.139403,-6.039692,-2.789526,2.233723,0.392447,3.025989,1.181092,-1.283026
812,7540,0.670820,-0.395014,-2.108285,-3.349972,-0.195158,-2.236676,-1.777298,2.071216,0.092667,2.017199,1.120913,-1.192250
812,7541,3.313667,-1.301411,-0.533910,1.758262,-0.218890,-2.698224,-1.525803,1.198100,1.064991,3.126914,2.048441,-0.832598
813,7542,187.814068,0.146577,-3.335589,-36.354214,-3.711867,-866.989889,-2.964070,346.359983,228.174089,4.650385,0.489841,-1.409251
813,7543,199.020077,0.400032,-1.194085,-193.559533,-4.047635,-885.103235,-2.135431,265.344983,124.420738,4.658379,1.144614,1.363411
813,7544,214.915724,-0.506440,-3.661073,154.066026,-3.382739,-920.270977,-3.371656,130.175143,82.265321,3.954800,0.442350,0.230834
813,7545,146.924687,1.706880,-1.813431,-68.675256,-2.533877,-1060.873383,-0.857524,297.489342,249.583264,4.856485,0.634774,-0.377909
813,7546,214.726610,0.233817,-3.330343,85.131810,-3.947846,81.810030,-2.247674,96.709648,103.551776,3.730972,-0.136291,0.405491
813,7547,197.047099,0.553436,-5.114917,131.355651,-2.469443,-614.107264,-1.843280,251.107145,43.743044,4.454118,1.627003,0.415262
813,7548,208.302722,-1.650102,-2.863185,-34.327834,-2.837260,-1225.348417,-2.005491,236.530226,195.681290,4.129728,1.730538,-2.518706
814,7549,3.300585,-2.220255,-3.290264,-0.475679,-0.933132,-2.908156,-2.678536,1.619750,0.533657,2.165961,0.497349,-2.710389
814,7550,1.957151,-2.864485,-1.401909,-0.631901,-2.088677,-1.877087,-3.498807,1.741781,0.625374,2.777726,0.986503,-2.015552
814,7551,3.632029,-3.108588,-1.446239,0.138061,0.769674,-4.167636,-1.471965,1.777711,0.614172,2.537802,2.908142,-0.872317
814,7552,1.526914,-2.177384,-0.759762,-0.778385,-1.512989,-2.876029,-3.872826,1.374849,0.912313,3.448040,1.146266,-1.775699
814,7553,2.981137,-3.172619,-3.692280,-2.701085,0.179947,-6.479100,0.304393,2.369018,1.583527,2.657920,1.452745,-1.482028
814,7554,1.937350,-1.705254,-2.044036,0.307273,-0.819222,-2.557130,-1.946099,1.087326,0.210098,3.175074,1.451878,-2.790511
814,7555,1.295968,-2.700120,-2.584010,2.599387,0.082071,-4.751922,-1.368990,1.120800,0.799232,2.448608,0.595255,-1.458025
814,7556,2.480519,-1.392612,-2.711316,-1.431343,-0.748919,0.422908,-2.230591,2.370875,-0.066884,3.137635,0.962862,-0.466638
814,7557,2.161872,-1.790841,-2.141625,0.654612,-1.090000,-1.464536,-2.559273,1.894069,-0.021648,2.467576,1.065195,-1.653564
814,7558,3.533091,-3.200013,-2.847802,-1.322184,-1.031972,-1.701320,-1.394628,2.039000,-0.051121,1.784813,0.693221,-0.798486
815,7559,2.989958,-2.425895,-3.003373,2.326006,-1.040824,-1.443729,-2.907488,2.056087,0.858633,2.540925,1.280147,-1.129413
815,7560,3.803125,-2.206711,-2.379232,-1.877476,-1.302531,-1.451095,-1.130721,2.363139,1.188965,4.103565,0.999401,-0.865427
815,7561,3.658978,-2.035439,-2.593121,3.610757,-0.918939,-0.941053,-1.106703,1.787025,1.169967,2.741570,0.485109,-2.673528
815,7562,1.706510,-1.780955,-1.961372,0.507839,-1.620732,-0.982263,-1.670911,2.454448,0.276045,2.658665,1.398031,-0.851913
815,7563,1.675260,-2.221626,-1.397999,-3.265237,-1.232821,-2.976736,0.779544,2.950261,0.150671,2.673970,1.046120,-0.869618
815,7564,3.731823,-1.795601,-1.885171,-2.633924,-0.282535,-3.687100,-1.112840,3.673189,0.214203,2.977313,1.189144,0.059629
815,7565,3.775373,-2.061808,-2.779958,0.747751,0.247720,-3.236177,-2.504138,2.774027,0.167616,2.730687,0.280435,-1.000372
815,7566,2.412727,-2.328482,-2.141841,1.783662,-0.518373,-9.011185,-2.379761,1.707628,-0.155537,1.936510,1.230970,-1.207663
815,7567,3.718770,-1.283918,-1.604201,1.610918,0.646377,-5.979519,-4.329409,2.938466,0.258096,3.215712,0.976004,-2.108316
815,7568,2.684971,-1.874488,-1.676364,-1.644477,-0.408713,-1.718826,-1.763164,2.316063,1.280779,3.113487,0.450370,-1.682418
816,7569,1.943479,-2.470714,-3.056373,3.537773,0.200576,-2.773307,-2.898635,3.959675,0.140495,2.964620,1.305804,-0.937434
816,7570,3.895578,-2.043138,-1.625097,2.730907,-1.285563,-0.120877,-0.493599,1.147671,1.202674,3.144027,0.313746,-0.139162
816,7571,2.528279,-2.862957,-0.631847,2.940975,-0.238200,-3.186716,-3.409730,1.418658,0.021057,1.430301,0.191076,-0.773616
816,7572,3.766220,-1.452879,-2.822678,0.201514,-1.083459,-3.357786,-2.671865,1.469587,0.469723,3.675402,0.889978,0.101130
816,7573,3.393143,-2.998661,-1.734424,3.148538,-1.671450,-3.705634,-4.013064,3.416983,0.027404,3.214718,0.415651,-2.488704
816,7574,2.530726,-2.925113,-3.588315,1.016154,-0.946556,-4.398555,-4.264610,2.016042,-1.002283,2.242173,0.534977,-0.067746
816,7575,1.602332,-0.785084,-2.234177,0.438687,-0.379673,-1.478132,-3.148091,2.833908,-0.181751,3.532294,0.853918,-0.574641
817,7576,2.175356,-2.086577,-2.419072,-0.183123,-1.169767,-3.778740,-1.200725,3.577410,0.340585,2.015761,1.042257,-0.739814
817,7577,4.139612,-2.037801,-1.422748,0.789212,-0.652004,-3.611034,-5.084861,1.430118,0.074232,3.248783,0.763828,-0.785386
817,7578,2.533395,-2.856830,-3.535150,2.576485,0.017549,-4.824021,-1.780184,1.809827,0.762955,2.387679,0.365208,-2.559126
817,7579,1.153213,-1.990567,-1.671278,-0.479133,-0.921664,-2.789849,-1.501582,2.913928,0.609812,2.232496,0.598007,-2.163230
817,7580,3.995186,-1.073964,-0.957737,3.245957,-0.842889,-3.423941,0.276178,0.681437,0.109251,2.747342,1.070955,-0.860107
817,7581,2.356940,-2.576938,-2.489115,0.985493,0.389912,-3.128663,-4.560586,3.340549,0.407715,3.700148,1.711653,-2.481461
817,7582,4.181894,-1.816371,-2.740273,0.012437,-1.485951,0.213766,-0.611290,3.479785,0.279431,3.383725,0.678844,-0.446165
817,7583,0.234841,-3.857291,-1.318390,5.756960,-0.574941,-2.210851,-0.130328,2.208113,-0.078403,3.228568,0.572724,-0.373640
817,7584,0.238037,-2.979558,-2.691795,2.209079,-0.474165,-3.570902,-0.709230,2.822264,0.138653,3.005532,0.883144,-0.967655
817,7585,2.487043,-1.010912,-2.524298,-0.526431,-0.787567,-2.684553,-4.122622,1.302547,1.253197,3.181732,0.904710,-1.588332
818,7586,3.042933,-1.415728,-2.923115,3.923379,-2.507701,-0.536177,-2.487353,2.528755,0.702570,3.427382,0.667091,-2.014598
818,7587,2.401281,-2.124444,-2.234116,-0.978823,0.800020,-2.483681,-1.334441,1.456294,0.237811,3.355595,2.097494,-0.706110
818,7588,3.356478,-2.451905,-3.747129,1.828147,-1.130626,-2.917450,-2.641605,2.210739,0.254745,3.622701,0.780316,-1.966375
818,7589,2.770790,-2.013022,-2.527487,2.269816,-1.236567,-2.437773,-1.649687,1.957080,1.155128,3.124129,2.061496,-1.605484
818,7590,1.956235,-1.653376,-1.284583,-0.736238,0.753685,-3.277500,-1.311250,2.957136,-0.355270,2.569543,1.097144,-1.988314
818,7591,1.583765,-1.348939,-2.731458,-0.217872,-0.107464,-0.947713,-1.810086,2.453243,-0.337374,2.757083,1.094547,-1.786444
818,7592,2.804010,-2.965379,-4.823620,3.290272,0.154043,-3.270724,-1.762506,2.864252,-0.226677,3.160294,0.193457,0.411980
818,7593,2.208278,-1.674605,-2.028102,1.850437,-0.683600,-3.336906,-1.031028,1.580079,-0.125515,3.700053,2.299023,-1.642821
818,7594,2.746881,-2.463358,-2.078875,2.594610,-0.007110,-6.533236,-2.776423,1.514094,0.340388,2.528227,1.030307,-2.427866
818,7595,1.526310,-1.446310,-1.163470,1.123146,-2.396821,-2.252980,-0.703063,1.962823,-0.304559,3.241131,-0.056714,-1.807902
819,7596,1.111602,-0.413483,-3.113503,-0.916059,-0.620931,-0.191009,-3.171508,2.569805,0.297926,3.366058,1.158513,-1.931066
819,7597,3.320128,-2.503911,-3.094491,0.211467,-0.348343,-2.006002,-1.941156,3.249859,0.856061,3.152787,0.503497,-0.623967
819,7598,2.250470,-0.804683,-1.974812,1.921665,-0.263349,0.434265,-2.373830,1.097937,0.296372,4.091312,0.847781,1.148510
819,7599,3.934055,-2.309962,-2.814684,-0.025506,-0.837712,-2.994897,-1.816010,2.057561,0.863121,2.857135,0.702610,-2.071959
819,7600,3.309470,-1.320090,-2.508740,1.862931,-0.678526,-2.588023,-2.571418,2.978745,-0.114250,3.841299,0.971927,-1.786457
819,7601,2.115371,-2.216894,-1.977272,2.313968,-0.838500,-0.255016,-2.221357,2.111707,0.171440,3.859071,1.743494,-2.816305
819,7602,1.541394,-2.532811,-1.959292,0.690674,0.147676,-2.097348,-1.689821,1.106154,1.208360,2.975849,0.865851,-0.832485
819,7603,2.132408,-1.620610,-1.834182,0.946645,-0.221787,-2.463040,-0.446160,1.418160,1.784015,2.136697,2.110657,-0.417601
819,7604,0.349837,-1.668187,-2.692995,-0.819012,0.206714,-2.558927,-3.186633,4.829271,-0.108454,2.746845,0.825133,-1.020315
819,7605,1.071811,-3.797729,-3.389766,1.064398,-1.198668,-2.809711,-1.194821,2.442569,0.007744,3.544603,-0.114492,-1.327514
820,7606,2.240772,-1.307761,-1.976027,1.924132,-1.004446,-1.274849,-0.565834,2.568311,0.485270,1.843396,-0.249503,-1.657206
820,7607,2.485210,-1.194011,-1.825217,-0.418950,0.142314,-3.549311,-3.674141,1.061924,-0.198790,3.162507,0.369124,-0.750242
820,7608,2.192102,-2.851244,-2.146171,1.223284,-0.825177,-0.950173,-2.374030,2.167847,-0.093404,2.561059,1.412762,-4.091080
820,7609,2.353743,-2.347896,-3.034039,1.393316,0.445624,-1.367378,-1.518722,2.564268,0.129829,2.957872,0.815509,-3.322028
820,7610,1.101082,-1.846411,-0.859778,2.445087,0.391375,-0.145016,-2.803683,0.296114,0.955214,3.533773,1.393360,-1.449419
820,7611,3.546881,-2.650793,-2.855061,0.629896,0.453961,-4.912558,-0.127739,1.843771,0.750483,3.452265,-0.620032,-3.523159
820,7612,2.271114,-2.420780,-2.092151,0.064329,-0.554809,-1.466500,0.899596,2.897487,0.769587,1.956291,1.073239,-1.965371
821,7613,2.215711,-1.601628,-2.358991,0.254102,-0.111885,0.507514,-2.415235,3.559847,0.136214,2.234817,1.015265,0.013963
821,7614,2.079453,-0.761135,-1.982734,-0.897348,-1.562856,-2.554587,-2.538090,2.764937,-0.092109,2.556899,1.714921,-2.272732
821,7615,1.569214,-0.266582,-1.752967,2.580351,-0.279603,-4.159209,-3.048901,3.391509,0.310018,2.939649,0.847721,0.140959
821,7616,3.947444,-2.575956,-0.543411,-0.757956,0.080524,-1.732238,-0.086284,1.748107,0.479611,2.780682,1.183646,0.050589
821,7617,2.213907,-2.989452,-2.290212,2.023873,0.560059,-2.266179,-0.004798,2.725948,0.662275,2.860771,1.328775,-0.141702
821,7618,3.790052,-1.865645,-1.720461,1.926709,-1.763999,-1.716997,-2.552383,0.928314,0.059151,2.384562,1.819356,-0.373039
821,7619,1.403988,-2.004691,-3.311355,1.409300,-1.004539,-1.910955,-3.601806,2.211944,0.485794,2.502367,0.943384,-0.504849
821,7620,1.040951,-2.868202,-1.639880,1.324692,-0.503893,-4.894032,-2.456767,4.803407,0.022349,2.753358,0.866778,-0.659784
821,7621,1.089116,-2.830352,-1.917365,1.040917,-0.557216,-2.472722,-1.874043,1.903720,-0.376466,3.357272,0.943108,-0.785774
821,7622,1.162459,-2.028900,0.058762,2.260863,0.458144,-2.521451,-4.188786,1.479521,1.057369,3.555553,0.995316,-0.474346
822,7623,2.885607,-1.993681,-2.276551,3.717724,-2.010628,-3.890128,-2.759599,2.072458,0.251821,3.164668,0.594397,-0.103450
822,7624,1.224505,-2.725067,-2.725357,-0.148479,0.992946,-4.687958,-2.722000,2.015411,0.063438,2.278466,0.814311,-3.220702
822,7625,1.030010,-1.873773,-1.243922,2.099345,-0.080850,-3.347540,-2.478836,3.080784,1.376751,3.011219,0.470941,0.163025
822,7626,2.527187,-2.247316,-2.096806,2.200594,-1.720248,-2.561796,-1.720740,3.105055,-0.689969,3.807130,1.629810,-2.538391
822,7627,1.413681,-1.795941,-3.192450,0.717847,1.076830,-0.586587,-2.912954,1.355024,1.767630,2.444105,1.505870,-1.187067
822,7628,4.001606,-0.178941,-2.755773,0.205331,0.101995,-1.821583,-3.934666,2.808642,-0.151143,2.996250,1.340120,-1.430016
822,7629,3.170843,-1.135706,-1.065490,1.605888,-1.366309,-1.640043,-2.334918,1.498494,0.260521,2.554131,1.591704,-1.130303
823,7630,2.201837,-2.232191,-2.678657,0.244216,0.591372,-1.096081,-2.371980,2.794474,0.665213,3.402770,0.135146,0.817454
823,7631,1.705217,-2.097674,-1.824285,-1.808877,-1.147026,-1.759234,-2.682559,3.047840,1.239997,3.603026,2.094405,1.237353
823,7632,3.146113,-2.482799,-2.620804,0.483271,-0.885355,-5.276163,-4.579534,0.841477,0.524073,2.812588,0.710087,0.395200
823,7633,4.322115,-2.088619,-1.467843,-1.592192,-0.196308,-3.809791,-1.940003,1.552424,-0.038556,1.967489,1.745582,0.164966
823,7634,1.662149,-0.797866,-2.027493,3.055645,-0.259993,-2.837348,-1.988295,4.744194,0.754865,3.494391,0.865008,-2.562159
823,7635,2.886943,-1.485826,-1.269990,1.680432,-1.103457,-2.711153,-2.993109,3.587599,0.551803,2.631935,0.445875,-2.315297
823,7636,2.965736,-2.587290,-2.088128,2.442176,-2.189018,0.497817,-4.943117,3.358020,1.116749,2.107754,0.887608,-0.937857
823,7637,2.367988,-1.614393,-0.251284,1.870722,-0.985279,-2.925170,-4.385722,1.919792,1.053099,2.806935,1.374531,-1.271344
823,7638,2.496505,-1.518686,-2.775489,3.890141,-0.688917,-2.694653,-3.035688,2.243180,1.837118,2.732479,1.224603,-0.087315
823,7639,3.015273,-1.845084,-2.732765,0.873637,1.027778,-2.837938,-2.505747,3.060570,-0.235803,2.901044,0.202987,-1.199100
824,7640,2.517240,-1.865924,-1.678087,1.083559,-1.615260,-3.517227,-2.190351,0.588403,-0.001065,3.274459,0.934726,-0.473997
824,7641,1.701982,-2.266814,-1.978860,0.970256,-0.278576,0.876339,-4.089847,1.529986,0.456332,2.860664,1.546492,-1.652631
824,7642,2.328316,-0.997459,-5.123196,0.368583,-0.901493,-3.368080,-3.249535,3.004126,-0.523331,3.503289,0.493917,-1.433818
824,7643,1.492007,-1.881071,-2.768923,-0.046006,0.888470,-3.285524,-1.703468,1.954163,0.205147,2.101986,-0.138300,-1.720939
824,7644,2.949103,-1.926407,-0.572191,3.911001,-0.721763,-2.448009,-2.254441,0.297880,1.332744,3.193685,0.389257,-1.674947
824,7645,3.249017,-1.680380,-2.968054,-0.027025,-0.557014,-0.150987,-2.614200,1.307017,-0.505908,3.697829,0.863705,-1.487454
824,7646,1.729889,-2.535769,-0.732557,1.390202,-0.585182,-3.317362,-0.680238,-0.479519,-0.326466,2.502475,1.344849,-0.384549
824,7647,1.518373,-2.082932,-2.403363,-1.394572,-1.623512,-4.794026,-1.339179,2.483699,0.771575,2.675839,-0.080290,-0.880677
824,7648,2.935383,-1.649105,-1.808487,1.001568,0.228337,-4.860119,-2.105051,1.490990,0.071801,2.865121,1.872362,-2.055585
824,7649,3.880974,-0.679907,-2.473174,-0.583852,-1.392315,-3.744789,-1.536291,3.129920,-0.082063,3.005888,1.638204,0.654217
825,7650,1.541912,-0.731084,-2.943119,0.651973,-1.832235,-2.592876,-3.200629,1.252263,1.157763,3.163028,1.534951,-0.152892
825,7651,3.246490,-2.439904,-2.174903,-2.275581,0.169618,-5.126463,-0.160614,2.183883,-0.067663,1.817787,1.012306,-0.689991
825,7652,1.701855,-2.108833,-1.570560,0.410948,0.211208,-2.418476,-2.551465,1.767972,-0.083886,2.943536,0.797088,-0.762416
825,7653,2.200042,-2.313880,-1.604098,0.787581,0.034677,-2.740635,-3.217538,4.400721,-0.704556,2.593115,1.919735,-0.691960
825,7654,4.152171,-2.090765,-3.192593,2.620018,-0.603122,-1.393007,-1.197206,1.476133,-0.380979,3.578181,0.162181,-0.988889
825,7655,3.040180,-1.905861,-4.626601,4.070648,-0.522064,-2.758362,-4.341044,2.021631,-0.049141,3.339506,1.831017,0.443656
825,7656,2.126250,-2.422444,-2.131770,-3.180266,-0.175933,-3.144059,-0.808948,2.707984,0.655397,2.883372,0.359323,-1.356124
825,7657,1.635179,-1.497117,-1.431210,2.232493,-1.117352,-0.571502,-1.731102,1.795094,1.083391,3.662335,1.354234,-1.387323
825,7658,1.771106,-0.807936,-2.350451,1.938551,0.088627,-2.093224,-2.842909,2.435909,0.198849,3.394401,0.856054,-1.907732
825,7659,2.428979,-2.381655,-0.245239,3.547908,-1.546408,-0.834659,-3.512884,3.369196,0.122487,4.161429,2.409648,-1.535888
826,7660,3.006132,-1.239879,-3.470761,0.825123,-0.900119,-1.622854,-2.243882,1.531383,0.526474,2.849327,1.359633,-1.660538
826,7661,4.257492,-2.363964,-4.733388,2.446202,-1.261311,-3.233462,-2.152557,2.997724,0.763928,3.883560,1.840813,-0.845040
826,7662,4.262918,-3.273309,-1.518457,-0.861026,-1.582016,0.441787,-1.535289,1.845056,0.406153,3.425944,2.142703,-1.152435
826,7663,2.678435,-2.122402,-1.257315,2.063951,1.827363,-2.354184,-1.185215,2.001407,0.595417,2.060164,0.729155,0.125934
826,7664,2.161639,-3.376206,-2.725219,1.222410,-1.388063,-2.222553,-2.940412,1.074249,-0.574608,3.937543,0.489590,-0.929353
826,7665,2.525242,-1.754397,-1.030397,-0.658144,-0.720717,0.044970,-3.597086,3.648889,-0.230860,3.116031,0.928400,-1.206190
826,7666,1.268585,-1.618856,-2.308292,1.067444,-0.089812,-4.068605,-1.316599,1.862145,1.333181,2.946198,0.825562,0.160156
827,7667,1.526274,-1.353009,-2.300372,0.286835,-0.658868,-1.401678,-1.005467,1.904529,0.541326,2.999126,1.726478,-0.765901
827,7668,2.789964,-1.727147,-1.149050,-0.011276,-0.651804,-1.301227,-3.203859,2.151116,0.270931,2.460128,0.370766,-1.641086
827,7669,2.529621,-2.252163,-1.093263,1.728971,-0.565822,-2.499586,-3.818233,1.802700,1.015639,2.726024,0.697834,-0.749447
827,7670,1.343977,-1.833796,-2.458337,-3.488642,-1.208412,-4.332506,-3.063936,2.555107,0.440889,3.605596,1.317553,-1.127198
827,7671,2.841471,-1.303302,-0.902594,-1.822742,-0.774038,-4.905951,-3.451945,1.163501,0.922932,3.767909,0.914335,-1.110741
827,7672,2.632045,-2.446130,-2.306198,1.146376,-1.878155,-2.308495,-1.516074,2.368326,0.206673,3.167565,1.358580,-1.105487
827,7673,3.299331,-3.435169,-2.082351,-1.273127,-1.404672,-0.837632,-2.345313,0.636798,0.634960,2.843746,1.203709,-1.781401
827,7674,2.261907,-0.921697,-2.026643,0.777647,0.352277,-3.866719,-1.179563,2.641125,1.376385,3.359447,1.229292,-0.948618
827,7675,2.151074,-2.141407,-1.496567,1.025110,0.026392,-2.883896,-2.515892,2.694977,0.137291,3.791532,1.948577,-2.738280
827,7676,2.797016,-2.525651,-1.211245,2.705093,-1.254512,-3.350822,-0.984721,2.030295,0.043138,2.650876,0.849988,-0.981777
828,7677,1.726355,-1.812587,-2.799577,-0.874112,0.069532,-4.644093,-0.290921,2.586637,-0.286028,2.008437,1.052402,-1.435320
828,7678,3.233839,-1.438864,-0.624334,-1.936763,-0.514673,-1.534887,-2.365930,1.953643,-0.857111,4.008558,2.343585,-0.941477
828,7679,1.782444,-2.106032,-2.138974,1.034395,0.261038,0.063244,-3.534957,2.923686,0.341630,2.054642,0.892687,-1.570155
828,7680,0.799773,-1.725199,-1.990681,-1.391430,-0.363438,-3.234113,-2.572445,2.421516,0.080084,2.750906,-0.275005,-1.012150
828,7681,2.363554,-1.111025,-3.721611,3.434427,-0.980070,-5.229525,-2.146899,2.224092,-0.350929,2.674925,1.793547,-0.305430
828,7682,2.970166,-1.781839,-2.093477,2.698151,-0.276500,-5.271478,-3.097627,1.981169,0.324972,2.770495,1.124899,-3.752874
828,7683,2.847503,-3.286693,-1.030701,-0.689242,-1.359010,-1.131462,-2.749563,1.956867,0.705424,2.729677,1.799957,0.549887
828,7684,2.792006,-1.754818,-1.662550,0.093409,0.185438,-3.903560,-2.874203,2.942791,1.397851,3.868163,0.549206,-1.805330
828,7685,3.306554,-2.607092,-2.523142,1.566583,-1.560530,-2.054081,1.260397,1.379106,-1.305056,3.204934,1.397580,0.249889
828,7686,-0.827164,-2.859531,-2.239272,-0.025412,0.594540,-1.000139,-0.123344,1.406652,0.768151,2.837204,1.359999,-3.088259
829,7687,4.410358,-2.428712,-1.902104,0.059645,0.892487,1.425460,-3.309433,3.381432,-0.375998,2.289717,0.421668,-0.460200
829,7688,2.341540,-1.975275,-1.849121,-0.742243,-1.208323,-4.099214,-2.705863,2.068427,-0.886699,2.977644,2.153863,0.288296
829,7689,2.899195,-1.953402,-1.805145,2.521846,0.353784,-2.146422,-1.455781,1.889533,0.309102,2.677395,-0.116774,-0.348120
829,7690,1.503093,-2.732087,-2.030774,1.086070,-1.145725,-2.362116,-2.026596,0.960195,0.192744,3.825323,0.190794,-0.638327
829,7691,2.193902,-1.538411,-2.382037,-0.438184,-0.590023,-2.431253,-4.399252,1.716802,0.424400,1.928706,1.685487,-3.467503
829,7692,1.815750,-1.773334,-0.885034,4.692901,-0.603867,-4.764530,-1.169053,4.530055,0.222654,2.016891,0.659142,-0.959832
829,7693,2.370477,-2.873090,-2.206909,1.685123,-0.942603,-4.919368,-0.415439,3.023385,0.841188,3.221689,1.573612,-2.050441
829,7694,2.725004,-3.083771,-1.331931,2.309239,-0.965960,-5.953079,-4.924277,2.361604,1.234251,2.617145,0.729970,-1.071134
829,7695,2.287997,-1.909503,-2.821241,2.312940,-1.260406,-1.819160,-2.433915,2.182965,1.282806,2.984808,0.509840,3.440508
829,7696,0.791954,-2.317655,-1.986032,0.250110,0.270935,-0.248639,-1.689720,2.537264,1.785984,2.130908,0.726774,-1.134287
830,7697,0.487428,-1.389508,-1.989824,-0.962146,-1.543557,-4.763683,-3.591453,2.291696,0.423976,3.361139,1.267893,-0.460360
830,7698,2.708760,-1.942418,-2.156918,1.283844,-0.925035,0.792972,-2.184494,1.358512,0.401062,2.910752,1.264903,0.620218
830,7699,3.384323,-2.216942,-2.961032,2.220703,-2.203331,-2.910905,-2.613120,3.026440,0.528941,2.406676,0.342280,1.090214
830,7700,0.710973,-1.663743,-2.724341,3.543657,-1.781291,-4.526675,-2.953793,0.326070,-0.163433,3.943821,-0.122219,-2.975708
830,7701,1.085743,-1.684345,-1.708076,1.929144,-0.378534,-3.338088,-3.877377,0.277155,0.803292,3.249785,0.808341,-2.100440
830,7702,2.623398,-1.219714,-2.852460,0.714091,-0.493968,-2.550540,-0.658928,2.593897,-0.013001,2.515106,0.565498,-4.480073
830,7703,4.980201,-1.076060,-0.371504,1.530095,-0.886009,-4.323081,-3.289711,3.593650,0.914816,2.508242,1.678800,-0.992133
830,7704,2.614112,-0.709542,-2.198551,-2.246304,-0.229005,-2.897784,-1.574327,3.692542,0.162135,3.532699,2.177622,-0.360286
830,7705,2.254437,-1.828795,-1.246357,0.688391,-1.719243,-0.494645,-3.000866,0.944458,0.813094,1.561936,0.675746,-0.750832
830,7706,3.964395,-2.421304,-1.876772,-1.181249,0.210866,-4.887640,-2.200356,3.102563,-0.326652,2.767040,1.316721,-0.228588
831,7707,1.490938,-2.665162,-1.665130,-0.428941,-1.657384,-2.488894,-3.693252,2.420814,0.448009,2.788360,1.202238,-0.575592
831,7708,3.020806,-1.442764,-2.796057,0.058364,-0.177195,-4.733751,-1.021535,0.937776,0.535104,3.467835,1.338196,-0.055231
831,7709,2.040819,-1.659229,-3.273227,2.883277,-0.270772,-3.961323,-2.201875,1.226535,1.196726,3.982214,0.863792,-3.153436
831,7710,3.427957,-2.935431,-1.747204,0.407707,-2.139808,-4.831571,-2.631120,1.685314,0.844833,1.657555,1.542199,-0.612593
831,7711,2.622935,-3.023986,-1.604327,0.858408,-0.548580,-0.803270,-3.693316,0.934558,0.415946,1.570702,1.113591,0.413145
831,7712,1.336707,-2.346531,-2.060873,-2.068460,-0.065627,-0.584245,-3.251129,2.618950,0.672473,2.848361,0.853291,-1.268227
831,7713,3.674108,-2.177956,-0.956378,2.386848,-1.458967,-2.077925,-0.072502,2.422475,-0.399776,3.059661,0.852780,0.614739
832,7714,299.045727,-0.490266,-2.085846,-203.541889,-3.602950,-546.885522,-2.220544,94.937014,51.835662,3.330850,1.112144,-1.233616
832,7715,265.564696,-0.496601,-2.665097,-17.007230,-3.172788,-138.849429,-0.402563,329.753177,228.534855,3.202480,0.819712,0.232908
832,7716,215.086343,0.595233,-3.046021,167.255836,-2.758244,-9.093181,-0.919895,270.187046,83.796223,4.477146,2.220608,0.099445
832,7717,223.716952,-1.150659,-2.273353,196.792556,-3.206943,-689.059312,-2.108896,192.845847,177.510599,4.516439,0.563494,-0.702542
832,7718,90.578550,0.311506,-2.627899,518.264905,-2.825976,-1006.298162,-0.220870,332.182912,360.848657,4.322346,1.357135,-2.907328
832,7719,231.407397,0.287332,-4.357609,524.267775,-3.341073,-245.809895,-2.868871,86.732373,247.267783,5.830124,0.521013,-0.587817
832,7720,126.732134,0.290677,-0.577666,228.515976,-2.695277,-1174.741962,-3.716443,62.904109,32.532544,4.022115,0.864917,2.469293
832,7721,290.939116,0.346502,-3.247888,184.975535,-3.284509,-437.654646,-1.665799,236.305775,-17.751828,4.601403,0.784677,-1.225150
832,7722,67.537401,0.945030,-2.207122,533.023477,-4.578235,-1126.351327,-1.836955,347.137988,122.987741,4.822404,1.130836,-2.577564
832,7723,164.644846,0.516970,-3.008921,-109.100768,-3.309636,-494.653988,-3.004517,342.114231,34.686586,3.972350,1.501746,-0.166675
833,7724,3.686859,-3.289444,-2.958306,0.720824,-0.227160,-1.554733,-2.766734,3.394536,0.612204,2.793313,0.852490,-0.433760
833,7725,0.305334,-1.590369,-1.619791,2.958792,-0.139251,-3.432245,-1.491611,2.117281,0.845204,2.698055,0.795296,0.465156
833,7726,2.066228,-2.017390,-2.585902,-0.246379,-0.211712,-3.634989,-3.684201,2.537432,0.714531,3.423959,0.266474,-0.569112
833,7727,1.017265,-0.666370,-4.424414,1.318373,0.676393,-2.962391,-3.468797,2.093119,1.064873,3.375776,0.548238,-2.210972
833,7728,2.536869,-2.743990,-1.038578,4.091263,-0.065992,-3.356396,-1.102969,2.527199,-0.014207,3.371794,-0.185446,-0.772577
833,7729,3.108183,-1.578725,-2.408996,0.856811,-2.206944,0.522588,-3.587729,2.057462,-1.220283,4.509079,1.575144,-0.668707
833,7730,1.406336,-2.311960,-2.138908,-1.121750,-0.505123,-5.374774,-2.386887,1.864836,0.441089,2.488054,0.678177,-2.843269
833,7731,2.598254,-1.491659,-3.231425,-1.324372,-0.155931,-1.887844,-0.344298,0.076704,0.547588,2.770247,2.031721,1.682271
833,7732,1.038039,-0.873178,-4.391432,0.967878,-0.298395,-2.455335,-0.696050,2.260151,0.880089,3.486635,1.179727,-1.094245
833,7733,3.299035,-2.123787,-1.276236,0.007637,-2.703082,-7.466935,-3.973062,2.264729,0.585177,2.624677,1.500297,-2.723215
834,7734,146.284537,-0.146700,-3.296513,-172.372952,-2.673865,-1227.952900,0.169953,217.979897,278.589629,4.311834,0.737071,-2.710219
834,7735,150.082437,0.402063,-3.278205,44.793311,-5.041843,-1153.912313,-2.518960,278.437229,-101.565288,3.840795,1.083843,-0.488525
834,7736,135.429002,-1.490950,-2.114034,72.812095,-4.644082,-1083.614259,-1.070867,287.709006,197.375574,5.194562,0.375411,0.701253
834,7737,127.509521,-0.480319,-1.830298,386.421933,-3.562088,-1619.492662,-2.064598,294.955394,170.024577,3.927137,1.118443,0.553673
834,7738,216.979939,0.516498,-5.516875,334.282978,-3.217020,-434.756630,-3.307626,347.169095,73.649689,4.673386,0.873889,-1.004359
834,7739,96.457674,0.078602,-1.910702,472.084904,-4.801371,-430.969446,-2.309963,306.882672,73.856047,4.385575,0.989304,-2.210501
834,7740,209.697943,0.173463,-3.642559,111.250467,-3.040569,-586.507197,-5.363806,194.551697,-11.887832,4.997884,0.902382,0.159237
834,7741,108.921126,-0.131105,-2.505699,-97.456537,-2.168206,-283.746880,-1.758744,106.991158,87.151222,4.705210,1.549451,0.225437
834,7742,108.625185,0.673093,-4.652085,155.194216,-2.168517,-880.206294,-2.755649,479.556009,138.767756,2.759610,-0.783761,-0.798385
834,7743,264.378235,-0.078792,-3.498519,-99.323736,-2.669587,-647.000270,-2.695840,405.464179,69.316438,4.745471,1.375712,0.666661
835,7744,3.075134,-2.390473,-1.384818,-1.735131,-1.186091,-1.752276,-2.526240,2.878091,-0.604054,3.037456,1.790811,-2.292927
835,7745,2.586166,-1.618430,-1.934158,-0.648378,0.412349,-3.634970,-2.263470,0.745318,1.322302,3.616414,0.494542,-0.936177
835,7746,1.729107,-2.272395,-2.092989,4.540266,0.242459,-1.837068,-3.539686,1.983344,1.073876,2.583930,1.719673,-2.005513
835,7747,2.287509,-2.191857,-2.828608,-0.115203,0.330514,-4.781044,-1.687224,3.176126,0.642707,3.475568,1.535432,-1.572622
835,7748,3.265180,-2.176681,-2.640392,-0.044622,-1.156382,-0.632355,-5.380790,3.202821,0.837510,3.481782,0.511677,-1.591534
835,7749,2.912549,-1.163845,-4.113499,-0.078779,-0.101746,-0.132095,-2.112046,2.223810,-0.436892,4.094871,-0.040972,-1.405001
835,7750,2.871978,-2.636244,-1.319668,2.144940,1.075809,-3.697848,-3.929750,2.208053,0.776120,2.746985,1.520035,-0.731106
835,7751,2.402563,-2.778127,0.071033,0.915786,-0.165821,-3.678321,-0.592712,2.132132,-0.250640,1.664803,1.798724,-0.190437
835,7752,1.952795,-1.780541,-2.083859,-1.043672,0.256039,-2.369483,-1.468931,-1.299691,-0.073173,3.218665,0.856006,-0.769010
835,7753,2.371587,-2.492196,-0.862187,0.149550,-0.768618,-4.410247,-2.965090,2.327537,-0.240236,2.287833,0.316052,-0.658217
836,7754,190.835284,1.271971,-4.523624,-162.864853,-4.521364,-711.188680,-2.550138,288.508582,218.318240,4.910780,1.287243,1.374426
836,7755,156.928063,-1.105086,-3.989351,91.006100,-3.352307,-1295.545757,-3.029771,289.018427,159.209986,4.624206,1.431403,0.246617
836,7756,198.905967,-0.587847,-3.757772,-60.508399,-2.621236,-418.984326,-1.433253,301.122891,-114.333486,4.204263,1.047227,1.137967
836,7757,149.769387,-0.354575,-2.573550,95.817039,-3.934787,-1531.745238,-3.393282,337.722672,185.153126,3.809845,1.306943,2.981632
836,7758,170.336635,-0.362673,-1.656072,-241.418794,-2.492084,467.643210,-1.815211,433.822285,197.743152,4.336366,0.696670,-0.206834
836,7759,182.766923,-0.142545,-4.372453,277.639457,-2.807621,-947.407387,-1.631186,283.151296,272.012211,4.099536,0.907825,0.172722
836,7760,140.776331,0.466494,-4.249704,331.034368,-3.816657,-303.985848,-3.856401,386.911540,308.560808,4.210157,0.682777,0.509499
836,7761,143.964437,0.022962,-0.755370,-304.732087,-3.575814,-974.483414,-0.402424,209.784295,183.109105,3.773936,0.116236,1.374772
836,7762,202.559635,0.235222,-4.413049,737.141115,-2.827894,-995.884939,-2.012787,380.152748,163.009399,3.790432,1.352041,-0.544687
836,7763,242.369051,0.031608,-3.300246,-121.839545,-2.103868,-1036.119291,-2.959326,300.193270,9.815758,5.444627,1.682799,0.985944
837,7764,67.065153,0.844218,-3.849029,66.641954,-2.699196,-1114.895879,-5.077979,-14.237692,131.801030,4.810193,1.069893,0.599634
837,7765,219.822738,-0.064830,-2.740820,103.751891,-4.479935,-514.705874,-1.624514,454.374410,227.933396,4.703883,1.055131,-0.582611
837,7766,202.798268,-0.721628,-2.984345,377.288019,-3.511281,-1019.236722,-2.320502,139.827929,-0.662594,4.514485,0.381123,-0.523360
837,7767,183.893335,-1.353371,-1.110693,-21.655900,-4.469139,-1108.597558,-1.084540,238.370062,-10.142926,4.021487,1.136911,-2.506954
837,7768,304.464020,-0.920025,-1.498039,123.170410,-3.298151,-209.097395,-3.399386,249.339537,66.948338,4.108107,0.859994,0.384005
837,7769,226.333269,0.474714,-2.965391,377.973460,-2.927066,-677.242119,0.316468,292.858215,92.202710,5.057043,0.950790,-1.620710
837,7770,218.512009,-0.127777,-2.293689,409.092015,-3.546892,-24.229250,-4.891038,188.109910,329.706821,5.132885,1.234340,-3.463123
837,7771,175.489128,-0.073596,-3.739716,-125.315415,-3.509536,-1235.039334,-1.692991,182.100692,168.017028,3.575806,1.063499,0.803177
837,7772,176.016938,0.393601,-3.744205,-169.763220,-2.835594,-568.097847,-1.776684,112.033125,173.946621,3.664109,1.647556,0.630186
837,7773,133.518004,-0.090243,-2.827414,26.674479,-2.962057,-952.441475,-3.725216,237.680401,48.688504,4.304941,0.579257,-0.310274
838,7774,2.063426,-2.701898,-0.824984,-1.726066,-2.829587,-5.884415,-1.605614,1.675243,0.090106,3.063804,0.790121,-2.067518
838,7775,2.847401,-2.066898,-1.886532,3.258909,-0.880434,-3.133599,-2.791182,1.452375,1.118881,2.461279,0.431279,-3.322558
838,7776,4.014808,-2.777857,-2.167141,1.732656,-0.457821,-2.412915,-4.243007,1.578928,-0.131622,3.123378,1.007996,-1.885290
838,7777,1.816509,-1.194520,-2.137873,0.108879,0.315887,-2.980642,-3.067013,2.975883,-0.711374,3.272738,1.750003,-0.535233
838,7778,2.616160,-0.791176,-2.962261,1.809231,-0.115078,-2.606861,-2.905650,2.529112,-0.266840,3.716541,1.598437,-0.792469
838,7779,2.955097,-1.934162,-1.180133,-0.716457,-1.773937,-2.248512,-0.913288,2.524816,0.558026,3.241697,1.484809,-0.405509
838,7780,1.887578,-1.504994,-2.299558,1.624907,-1.482204,-1.620107,-2.079196,2.025642,0.761849,3.487719,1.212406,-1.746403
838,7781,1.653217,-0.643094,-2.891290,-0.646007,-1.516925,-2.297794,-2.009965,1.193821,-0.090308,3.518422,0.699230,-0.311081
838,7782,2.022531,-3.007457,-2.401616,1.259116,-0.526248,-4.452275,-1.638324,2.767709,0.401129,2.200123,1.414489,-1.827230
838,7783,2.619683,-2.145743,-2.995566,0.619674,-1.042335,-2.278015,-2.190219,2.502628,1.039569,3.284033,1.328510,-0.955569
839,7784,4.132263,-1.412595,-1.751109,0.297070,0.103121,-1.810431,-1.010147,1.991224,0.665693,3.806407,0.715295,-1.176704
839,7785,2.327799,-1.467523,-2.566175,0.545380,-0.166989,-3.808993,-0.957035,1.408459,0.320958,2.940100,1.352216,-0.042203
839,7786,3.815023,-2.576407,-0.151374,0.559265,-1.576984,-2.416713,-1.256336,1.157014,-0.408395,3.103869,1.969250,-1.663099
839,7787,0.648338,-1.346310,-2.028370,-1.355923,-0.594238,-3.720303,-1.105830,1.665653,0.780348,3.364811,1.407991,-2.849980
839,7788,2.800394,-2.144409,-1.179739,-0.067316,-2.440071,-2.004343,-2.979274,1.276158,1.305203,2.531397,1.024717,0.949993
839,7789,3.592694,-1.798792,-3.756079,-1.590253,0.171365,-2.094346,-3.003662,2.810909,0.735804,2.782359,0.516856,-1.939257
839,7790,2.666457,-3.082471,-1.976845,1.870788,-1.899173,-1.950188,-2.105571,2.066812,1.146429,3.051686,0.537448,-1.281616
840,7791,2.510004,-2.910310,-3.533223,0.685956,-0.514732,1.002515,-1.631642,1.815810,0.686609,3.517059,0.339095,0.343921
840,7792,3.394915,-1.477570,-3.197847,-0.153826,0.000782,-3.775612,-2.002896,1.631186,1.118578,3.031098,0.899803,-1.767054
840,7793,2.496555,-2.425876,-2.227419,-0.623895,-1.482888,-0.550310,-4.226424,2.959274,0.281848,3.227920,2.026983,-2.254805
840,7794,4.157973,-2.010917,-1.275923,0.898961,-1.364885,-7.166166,-3.918719,1.999892,0.080721,4.138429,0.569873,-1.605607
840,7795,0.746232,-0.447088,-3.373523,0.464684,0.965988,-1.312471,-2.469641,2.920191,-0.209340,2.977850,1.069144,-3.229405
840,7796,2.060190,-2.214264,-3.061442,1.548164,-0.710190,-2.541232,-1.102608,2.786989,1.240886,1.580551,1.283280,-0.802416
840,7797,3.760647,-1.197801,-1.507341,-2.003245,-0.485538,-1.169558,-1.878207,1.048545,0.717839,2.433597,1.768124,-1.603689
840,7798,3.012322,-2.273742,-1.473996,0.260647,-0.751727,-0.194129,-0.626271,2.269212,-0.269688,2.335290,0.753595,-0.855617
840,7799,0.839985,-2.782912,-0.022434,-1.418555,-2.102363,-2.169719,-2.320607,2.090128,1.229509,2.751946,1.195638,-1.892043
840,7800,0.896546,-3.549088,-3.435130,-1.631620,-1.452114,-6.301574,-0.940636,2.269882,0.005780,3.368748,2.013685,1.006403
841,7801,193.654738,-0.081722,-3.644722,200.938087,-3.056145,-617.160938,0.356094,284.125548,-17.486316,4.318889,0.518089,-2.072849
841,7802,270.281919,-0.904396,-2.853858,-38.808286,-3.760481,-271.393916,-2.922786,401.798709,-43.725426,4.921992,0.947217,-0.793267
841,7803,155.527590,0.511516,-3.467706,-119.449829,-3.114676,-203.874341,-3.159573,212.071517,-160.045402,5.036456,0.445761,-0.126526
841,7804,259.532063,0.257605,-2.177333,322.768638,-3.255122,-81.993560,-2.598401,272.079129,135.014086,3.966521,1.317730,0.037485
841,7805,105.324589,-1.106934,-1.527508,171.053327,-3.820868,-152.742968,-2.046386,168.357252,-6.091865,3.936194,1.736062,-0.249071
841,7806,255.520175,-1.940459,-1.578235,348.174538,-3.068857,-688.772796,-1.954174,147.525457,177.072459,3.998592,1.180746,-2.958770
841,7807,91.664276,0.040929,-3.014650,249.145155,-1.832827,-247.030731,-2.347974,157.315220,166.727495,4.899609,1.160021,-2.796722
842,7808,228.057184,0.206703,-3.058237,168.833309,-2.574266,-1426.506463,-2.812795,-11.216392,-15.867976,5.188781,1.126478,0.038082
842,7809,221.478289,0.003459,-1.805920,-103.601527,-3.203949,-718.424250,-2.939784,377.763675,-77.150596,4.167545,1.230174,-1.521993
842,7810,169.308132,0.507290,-3.937575,54.811514,-2.161192,-660.374127,-2.330869,227.835187,177.994792,3.917535,0.279324,0.795763
842,7811,30.383568,0.050362,-1.427985,305.396309,-3.191906,-766.724328,-1.323149,256.641003,378.741536,4.120647,1.127337,2.288813
842,7812,155.192266,-0.440062,-2.861305,-176.897997,-2.240838,-868.601165,0.119468,429.614698,203.124299,4.689445,0.853761,2.301832
842,7813,156.615952,0.658784,-3.243312,104.419073,-3.576497,-368.980666,-4.058256,480.200837,99.102077,4.973792,0.372175,-1.829090
842,7814,181.385616,0.026002,-4.554324,443.704848,-3.636135,-550.116589,-2.183306,209.088540,-127.412625,4.066728,0.884735,-1.276772
842,7815,143.110570,-0.940419,-4.514647,-83.721670,-3.416605,-364.526518,-0.783651,197.089869,-143.537896,4.700230,0.252809,0.994585
842,7816,127.850611,-1.193702,-4.640820,178.951108,-4.352792,-1194.341719,-2.096913,395.011237,-97.484183,4.670335,0.619453,-0.354378
842,7817,49.887568,0.199070,-1.430149,-6.300365,-2.706191,-669.162370,-2.392864,282.783936,172.511311,3.904511,0.612042,0.301668
843,7818,183.683486,-0.096946,-2.854848,66.181058,-3.852632,-541.242567,0.334292,278.467733,-62.117521,4.078322,-0.358919,-0.095628
843,7819,10.426191,0.115240,-4.487378,363.559816,-2.253280,-422.749710,-2.288883,313.403278,185.564794,4.342089,1.249602,-2.804452
843,7820,100.601626,0.213471,-1.996995,-134.381025,-4.052555,-136.983905,-1.376649,308.855278,181.239964,3.727801,0.772068,0.414306
843,7821,106.654800,-0.194418,-3.690247,258.637127,-4.181461,-341.479596,-2.025078,283.124643,101.218378,4.073186,0.888651,-0.586604
843,7822,105.602467,0.381654,-3.222877,-223.477754,-3.359040,-192.888495,-1.083775,224.841792,-20.435113,5.330917,0.854486,-3.309075
843,7823,185.701227,0.037960,-2.734766,55.474652,-4.099387,-444.532248,-1.502059,268.061736,152.849530,4.825861,0.891226,-1.929590
843,7824,182.722558,-0.805835,-3.560198,289.031287,-4.121012,-1236.372586,-0.720812,233.196936,82.273975,2.972164,0.165131,-0.820651
843,7825,186.238874,-1.790833,-3.611732,-414.890604,-3.885341,-961.474025,-3.471900,271.069150,81.546864,4.443226,0.818804,-0.895561
843,7826,176.914080,0.716270,-3.629164,-43.271632,-4.846776,-717.586447,-1.928239,341.295748,143.105520,4.002983,1.173164,-0.390154
843,7827,102.439249,2.063356,-1.744694,-392.797901,-2.443199,-760.901558,-1.077431,347.156697,253.733551,5.317645,0.882645,3.783511
844,7828,3.672325,-1.679928,-2.546169,0.879122,-2.069698,-6.005681,-4.443127,3.218805,0.788473,3.296318,0.733335,-0.833389
844,7829,4.391416,-2.709677,-2.938051,-1.103649,-2.038563,-4.291862,-4.049500,0.918561,1.468397,3.822016,1.163875,-2.661415
844,7830,1.744716,-3.176681,-2.649920,-2.773841,0.018293,-6.033851,-0.697378,1.746627,0.007306,2.729874,0.439227,-0.093886
844,7831,2.825048,-1.829160,-1.467999,-0.457369,-0.893287,1.100905,-1.817643,0.999126,1.064759,3.451258,0.981304,0.135083
844,7832,3.194434,-1.781383,-3.108112,0.446082,-2.065643,-0.771259,-3.730739,1.764280,0.411555,3.440104,0.432317,0.829234
844,7833,3.438197,-1.565299,-2.006023,-1.564821,-1.089584,-0.414213,-1.665123,2.135711,0.061394,4.271414,-0.071186,-0.865294
844,7834,1.233787,-2.364681,-1.415379,2.632484,-0.496716,-2.874138,-3.606091,1.320277,-0.288036,4.008186,0.349182,0.041638
845,7835,124.812982,0.743340,-3.706414,267.742914,-4.311756,-678.287414,-3.200495,280.002961,121.794725,3.020158,0.829967,-0.308370
845,7836,240.041345,0.330433,-4.478369,-79.450298,-3.682510,-1149.368979,-2.261062,180.642253,75.715449,4.430507,1.320531,-1.441161
845,7837,140.992717,0.497151,-5.033295,-118.045834,-4.354163,-626.124500,-2.669481,228.160356,333.409148,5.244729,1.412762,-0.566680
845,7838,131.482059,0.763278,-3.349382,620.643813,-3.151811,-362.479525,-1.619687,247.069726,19.286357,4.813589,0.595235,0.036108
845,7839,297.347983,-0.817804,-2.709687,135.064364,-2.518754,321.035455,-0.598661,298.426076,78.600100,4.238846,0.851017,-2.314460
845,7840,96.082612,-0.037404,-4.357040,303.636767,-3.531171,-787.791865,-3.432567,214.273652,-56.611861,4.715848,1.299995,-0.197488
845,7841,234.651497,-0.645607,-3.281798,361.499679,-3.189214,-1095.733971,-3.179355,55.304271,67.533449,3.449317,0.530294,0.118511
846,7842,2.497515,-2.185725,-3.177732,2.082488,0.535396,-4.698281,-1.972533,2.831047,0.290921,3.219221,0.758216,-3.290075
846,7843,1.637422,-1.586207,-3.185397,-3.030700,0.681702,-3.474901,-1.134610,1.614040,0.784950,3.025044,1.202657,-1.824683
846,7844,4.006869,-0.974857,-2.814942,1.358600,-0.567534,-2.911644,-2.908339,1.768110,0.241306,2.224041,1.228958,-1.573944
846,7845,2.532642,-1.991026,-2.850513,1.674017,-1.724114,-1.405122,-4.002387,1.869580,-0.180066,2.453325,0.909933,1.389419
846,7846,3.477134,-2.021973,-1.672970,-1.181335,0.115090,-1.857425,-1.584536,3.650821,-0.654826,3.055298,1.008500,-1.707581
846,7847,3.091770,-1.720559,-0.277860,0.363744,0.426548,-1.884890,-1.344454,4.676207,0.759867,3.119169,0.040048,-2.085063
846,7848,1.997032,-1.654849,-0.836508,1.873867,-0.088806,-1.744475,-3.858399,2.539463,-0.050229,1.947490,1.209685,1.013702
846,7849,2.216393,-2.380335,-1.826854,4.298737,-0.433655,-0.505719,-3.899043,3.245997,0.922254,3.921195,0.249548,-2.888978
846,7850,2.338482,-2.294968,-1.126867,-0.695731,-0.508800,-0.465674,-0.817863,3.344159,0.030233,2.870074,0.721761,-2.098849
846,7851,3.044522,-2.746258,-3.883050,2.890991,-0.756046,-2.316383,-2.598051,3.824640,-0.544556,2.947233,0.092641,-2.428390
847,7852,2.317815,-2.092656,-1.717216,0.909166,-0.774099,-2.258302,-0.555966,1.444978,0.850984,3.182495,1.744826,-2.454619
847,7853,1.595548,-2.279362,-1.887208,-2.970778,-1.665774,-0.437226,-0.418828,2.393332,0.761224,2.266388,0.750258,0.998064
847,7854,1.298141,-2.972177,-2.723377,-0.171106,-0.736461,-5.149807,-1.801442,1.995464,0.675233,1.839597,1.137527,-2.104110
847,7855,3.537075,-1.176526,-2.174805,0.198519,0.754642,-5.451830,-1.713842,1.371303,1.215218,2.857608,1.808949,-2.132033
847,7856,2.732518,-3.735987,-2.696476,4.169477,-0.886324,-1.013785,-2.431523,2.602954,0.941203,2.474948,0.824154,-2.346296
847,7857,2.434216,-1.593364,-2.336394,1.654774,0.933537,-5.033699,-1.983181,0.869933,-0.461080,3.217389,1.777095,-1.757500
847,7858,4.388243,-1.926910,-2.025156,-1.071946,0.190226,-4.640191,-4.105522,2.023432,0.747344,3.665563,0.644515,0.787511
847,7859,1.692754,-1.872711,-3.800503,-0.267025,-1.808570,-1.917045,-2.568134,2.661704,0.783347,3.145401,0.818444,-1.034073
847,7860,2.665579,-2.003294,-2.127720,-1.183836,-0.138454,-2.638606,0.403530,1.793617,-0.204763,3.963945,1.013630,-0.837893
847,7861,1.562965,-1.903077,-2.028973,0.202660,-0.136451,-3.964829,-2.221712,1.471816,-0.447918,2.895943,0.871906,-3.270590
848,7862,1.891851,-0.854479,-1.900034,0.145436,-0.564941,-6.142020,-4.503878,3.745800,1.316776,3.165514,1.095189,-1.174845
848,7863,3.088542,-1.747944,-2.887090,4.136983,-2.205660,-1.790121,-0.243238,2.462348,0.245752,3.113046,2.214576,-3.471732
848,7864,3.727806,-2.043140,-2.442203,1.818832,-1.059330,-3.975805,-1.721269,2.369678,0.185703,4.030366,1.035029,0.421466
848,7865,3.947111,-1.730647,-1.059615,2.996513,-0.571937,-3.437255,-1.198058,2.890694,0.079107,2.334435,0.793736,-0.575466
848,7866,2.414809,-2.226226,-4.227420,-2.008722,-0.849004,-3.241275,-2.880758,3.656646,1.071192,2.422363,1.048448,-1.835391
848,7867,3.800858,-1.917937,-1.745170,0.226789,0.005904,-3.361376,-5.831954,2.420979,0.532302,3.084900,0.962019,-0.156084
848,7868,2.067236,-1.395931,-2.862752,4.109209,0.628329,-2.690422,-1.776321,2.139527,2.122806,2.697114,0.690291,-2.407428
848,7869,3.332753,-2.969322,-0.993230,4.286416,0.455243,-3.614520,-3.260826,1.540647,0.163976,2.844789,0.974279,-1.648195
848,7870,1.652605,-2.235937,-1.425710,2.551265,-1.866993,-1.718687,-4.249988,2.754165,0.762615,2.392405,1.007458,-2.001724
848,7871,2.982518,-1.069369,-1.460651,3.702297,-0.193528,-3.595528,-1.287308,1.605358,0.864919,2.385487,0.627778,-0.251396
849,7872,4.372202,-2.906228,-0.564834,0.152663,-0.699286,-1.524057,-1.381370,1.405981,0.062459,2.518350,0.717736,0.876682
849,7873,2.160010,-2.774461,-2.629793,0.977328,0.885882,-3.090807,-4.169920,1.790077,0.504393,2.646028,0.481436,-1.809665
849,7874,1.100179,-1.199915,2.075838,0.997380,-0.818616,-1.764095,-0.921322,3.123269,-0.440424,4.057227,1.612022,-2.608071
849,7875,3.022794,-1.355462,-2.370455,-1.267655,-3.258336,-1.863161,-3.579559,2.058017,0.141477,3.094727,1.706305,-1.550332
849,7876,1.149481,-1.651378,-2.096378,3.382693,-2.129753,-2.174396,-2.053355,1.630977,0.647008,3.998824,1.247761,-0.395710
849,7877,2.108225,-2.447189,-1.341458,-0.602836,-1.977040,-2.288741,-3.991930,1.685960,0.158880,2.319392,0.550001,-0.538906
849,7878,2.422457,-1.909419,-3.545325,1.064094,-0.431728,0.011491,-1.395013,2.643236,1.129702,2.713204,1.076566,-0.086861
849,7879,2.471026,-2.636790,-0.973186,2.558149,-1.069438,-3.570314,-0.297976,2.497401,1.563207,2.518313,1.588303,-1.461537
849,7880,1.342501,-1.256147,-1.024184,1.704612,-0.511988,-1.690882,0.419566,2.007571,1.508883,3.536078,0.842907,-1.555912
849,7881,2.395406,-2.231856,-1.270800,1.239656,-1.228977,-4.197448,-2.322102,1.914435,0.469125,3.598738,0.619709,-0.942161
850,7882,1.850818,-2.163055,-1.426617,0.073411,-0.406041,-2.093751,-0.316688,1.134615,0.331492,3.773566,1.543243,-0.877299
850,7883,1.257069,-2.171239,-3.429931,-0.010725,-0.728177,-1.393225,0.317905,2.985539,1.237169,3.279773,1.551444,-2.159494
850,7884,3.346384,-1.711582,-0.376353,2.322349,0.450179,-1.137547,-1.135244,2.401758,-0.638569,2.315397,1.149181,-1.366956
850,7885,1.076485,-2.352777,-0.833388,-1.278852,-0.910729,-5.142981,-2.488119,0.431760,-0.730143,3.187238,0.990710,-1.964943
850,7886,3.959160,-1.665798,-0.317232,-1.210029,-1.358677,-5.034149,-3.067819,2.743040,0.072641,1.574974,0.628055,-1.861822
850,7887,0.858813,-2.981803,-2.402201,2.568603,-0.274542,-1.273470,-3.393696,1.645787,0.394235,2.335884,0.583904,-0.277198
850,7888,2.305069,-1.317949,-2.872791,4.069691,-0.805281,-3.872582,-0.139991,3.249967,0.842840,2.763426,0.262649,-2.376443
850,7889,2.572660,-1.438037,-1.831578,0.282115,-0.682092,-2.565478,-4.008494,1.661948,1.179294,2.783576,1.594316,-0.365746
850,7890,2.655452,-2.257246,-3.091174,-0.859630,-0.729280,-3.905244,-2.983461,1.795689,-0.303231,2.975599,1.132693,-1.591728
850,7891,2.410634,-2.252954,-1.526102,1.691689,-1.114381,-2.789725,-0.313953,2.193609,0.163893,3.564914,0.943198,-0.321768
851,7892,140.200363,-0.191123,-3.678589,159.221832,-3.384219,-1083.068322,-1.511959,334.573246,60.004662,3.373481,0.558156,-1.910731
851,7893,123.043050,-0.134072,-3.554623,87.186360,-1.668695,-734.706446,-0.915847,316.731769,264.690177,4.322898,0.819088,-0.901814
851,7894,114.760720,-0.219821,-2.435196,372.260168,-1.611196,-1435.728840,-2.209324,416.112473,276.348453,3.070007,0.755093,0.381129
851,7895,32.376098,-0.942205,-3.174671,570.396860,-4.132334,-1220.360668,-3.672864,179.591237,268.701246,4.071324,1.706340,-0.635284
851,7896,154.264849,-0.453853,-3.596547,562.115392,-3.017703,-49.575385,-3.326960,305.890270,22.740642,3.339979,0.590664,0.617235
851,7897,131.898665,0.265867,-1.889904,220.100361,-2.551600,-792.829904,-1.411139,169.777845,66.799839,4.477208,0.626782,-0.143031
851,7898,143.045996,-0.698438,-4.695940,-33.958627,-3.218958,-502.013106,-3.160418,139.740908,-12.970320,3.669992,1.487896,-0.999974
852,7899,160.113120,1.292743,-3.895662,-3.125960,-2.648183,398.889730,-0.986300,456.889289,148.143713,5.080066,0.876258,-0.643476
852,7900,143.669670,0.052323,-3.401614,-271.675180,-3.242932,-304.121879,-2.174235,219.646090,29.427556,4.744636,-0.341794,-1.052464
852,7901,189.244200,-0.674089,-3.054470,-128.579584,-4.825149,-162.896603,-1.777501,262.411092,-152.682090,5.352455,0.469158,1.454363
852,7902,177.732882,-0.951976,-3.639210,-563.082772,-2.285049,-221.035027,-2.440019,214.970955,152.279467,4.452450,-0.212276,-0.508495
852,7903,278.446884,0.592677,-2.718323,233.303945,-3.926407,-526.565034,-2.942996,203.432935,4.501442,2.977467,0.907008,-0.579879
852,7904,139.938995,-0.391403,-4.338227,-10.030668,-1.831234,-748.917457,1.052985,381.551305,19.567184,3.757379,1.385087,-1.165190
852,7905,130.092198,1.174059,-1.666459,116.852267,-4.304155,-476.403692,-3.114512,309.758017,74.362539,4.262712,1.539495,-0.935970
853,7906,1.437584,-1.571460,-3.135945,1.157577,-0.981535,-4.687371,-3.773698,1.859051,0.123353,2.912531,1.235964,0.140488
853,7907,3.562178,-3.419098,-1.694637,-1.465256,-1.104855,-4.983833,-2.472765,2.716883,0.017820,2.644619,0.847168,-0.396467
853,7908,3.572447,-1.529659,-3.603025,0.436172,-0.168026,-3.155169,-2.683706,1.024371,1.115758,3.672689,0.657987,0.000933
853,7909,2.199740,-1.650705,-3.260873,2.187503,-0.391473,-1.112893,-2.679167,2.016058,1.300302,2.591454,1.273711,-1.206290
853,7910,2.296228,-1.934855,-3.248961,-0.259917,-1.308156,-5.323155,-1.562750,2.514878,1.615009,2.831662,0.493741,-0.835297
853,7911,1.947758,-2.082472,-0.636134,1.433738,0.494736,-3.012389,-2.247173,2.663661,-0.143961,2.666465,-0.020556,0.104218
853,7912,1.933603,-1.511664,-1.961390,-0.574721,0.291648,-2.812055,-2.301251,2.563781,0.747140,3.037148,1.713283,0.489358
853,7913,2.827325,-2.582341,-2.005612,2.556704,-1.042278,-2.868026,-2.664988,1.896235,-0.939903,2.845438,1.358129,-2.469862
853,7914,1.357467,-2.531923,-1.054517,1.529300,-0.130736,0.417792,-4.744097,2.246746,0.060501,2.702505,1.693637,-0.694492
853,7915,0.656334,-2.683664,-2.838743,0.870572,-0.494751,-4.225511,-1.744453,1.116241,0.225972,3.953831,0.966315,-1.421481
854,7916,1.723154,-0.344883,-1.639205,1.353221,0.660336,-4.756210,-4.870358,1.340341,-0.132522,1.844507,0.874773,1.344301
854,7917,2.627659,-1.680532,-4.063560,0.876556,-1.393703,-1.625984,-2.014536,2.333169,-0.731393,2.922820,0.077563,-1.624903
854,7918,2.648879,-2.446780,-1.269519,-2.236604,-1.476859,-1.985692,-3.234820,1.560742,0.431654,3.259531,1.202270,-2.552637
854,7919,2.324835,-2.236299,-2.414863,-0.343074,0.171195,-2.690718,-0.067977,2.542102,-0.378808,3.585839,0.424153,0.110530
854,7920,1.664383,-2.189655,-1.492898,0.842386,-0.790157,-3.410023,-2.685391,2.056179,0.763960,2.818979,2.072886,-0.959003
854,7921,3.880181,-1.172358,-2.386193,-0.467221,0.095402,0.202565,-3.363537,2.163146,0.388696,1.091773,1.094206,-2.010871
854,7922,0.872969,-2.297317,-2.507099,0.783996,-0.257876,-3.799559,-2.025548,1.623479,0.945973,2.319711,1.692196,-0.754240
854,7923,2.786014,-2.420371,-4.372662,1.324826,-1.427688,-2.299649,-3.440760,2.180011,0.320749,2.589181,1.262561,-0.860121
854,7924,3.461112,-1.268463,-1.493422,2.286842,-0.077224,-3.590172,-2.149260,2.031196,1.254269,2.947770,2.250512,-1.243214
854,7925,2.230233,-1.936259,-2.910249,2.064328,-0.381052,0.593892,-1.429740,2.695437,1.102732,3.019741,1.202615,-3.193535
855,7926,3.104224,-3.289151,-1.018705,3.359597,-0.167524,-3.214057,-1.283353,3.154009,-0.611341,2.904583,1.127829,-2.462782
855,7927,2.637718,-0.890732,-2.571850,3.100159,-0.381240,-1.953182,-1.318168,2.264172,0.309911,1.895020,1.278421,-1.774545
855,7928,2.821518,-1.724815,-1.968786,0.812596,-1.759412,-4.839203,-2.124269,3.191092,0.410716,3.330292,-0.100970,-0.259382
855,7929,1.339218,-2.919211,-2.870483,-0.163016,-1.397841,-4.425933,-4.130914,2.197083,0.693956,3.328115,1.930941,-1.398747
855,7930,2.721655,-0.928917,-1.803006,-2.589770,-1.397767,-1.813635,-2.559483,1.898794,-0.247513,2.215695,1.189818,-0.724164
855,7931,3.726976,-1.959978,-1.708642,-1.418441,-1.380409,-4.174015,-3.659903,2.553489,1.418424,1.972081,2.208070,0.621245
855,7932,2.940697,-2.360332,-3.034567,-1.208027,-1.040786,-4.864422,-1.352161,3.211838,0.348435,3.195901,1.905281,-0.852127
856,7933,3.035755,-2.683500,-2.961945,0.736078,-0.765763,-2.837718,0.304503,2.168226,0.731737,4.054201,0.869163,-2.230296
856,7934,2.317463,-0.501736,-5.207664,-0.609411,0.003305,-3.288747,-1.982539,2.424395,-0.563144,3.078092,1.422530,-2.395932
856,7935,0.937241,-0.620532,-3.066441,2.985477,-0.235357,-2.182552,-2.428516,1.480003,-0.759363,3.394281,0.596094,-0.441479
856,7936,3.042448,-1.613751,-1.928069,-0.231022,0.665563,-4.949941,-3.360735,0.991077,-0.915850,3.630321,0.535682,-1.640719
856,7937,2.130075,-2.380408,-2.862603,-0.151338,-0.437233,-2.747395,-3.267106,2.434084,0.782578,3.023283,0.984800,-2.306013
856,7938,2.211164,-2.496182,-1.881674,0.203344,-1.472008,-3.857291,-1.669600,1.566187,-0.062493,3.200892,0.239868,-0.424052
856,7939,1.562616,-1.467457,-2.082001,-0.386925,-0.587592,-0.250265,-2.094974,3.551257,0.705197,3.226616,0.578270,0.287672
856,7940,2.237697,-2.840477,-3.515210,0.592978,-0.379901,-2.666305,-3.993950,2.022468,1.118714,2.823591,1.391288,-1.571308
856,7941,3.535831,-2.370639,-3.433062,2.989130,-0.866378,1.503919,-2.422287,4.039093,0.549178,2.244076,-0.162347,-2.058278
856,7942,2.640539,-1.906426,-1.526032,0.245066,-1.539715,-1.218542,-2.027404,2.790270,-0.039517,3.475195,1.140118,-0.013116
857,7943,199.767090,0.571901,-3.808773,-11.117783,-3.035783,-1040.207718,-0.692122,318.234349,71.468538,3.407980,0.771461,-0.121590
857,7944,133.841423,-0.433924,-2.538510,327.669035,-3.123201,174.955991,-1.845895,410.119305,38.124261,1.988459,0.511477,1.029234
857,7945,69.218959,-0.271739,-2.771416,-27.832173,-4.275848,32.373188,-2.831907,302.035022,68.961972,3.041450,0.950992,0.874708
857,7946,190.494996,-0.050934,-2.963116,166.990002,-2.971171,-785.329044,-4.092026,360.792147,-153.427201,3.954432,0.427978,0.421659
857,7947,119.324970,-0.482881,-3.720468,161.909409,-3.408858,-408.487634,-1.984591,123.517646,23.221158,3.985132,1.615592,1.416511
857,7948,130.880412,0.069833,-4.255063,-22.352807,-2.147453,212.939259,-3.147378,344.778562,168.983571,4.753447,0.919732,-0.752248
857,7949,228.385079,0.049504,-3.862365,470.228228,-3.561332,-518.087272,-3.328388,144.395518,-282.737951,4.824317,0.773719,-3.072375
858,7950,2.700112,-2.084154,-2.003596,1.417423,-0.584238,-1.511098,-2.696259,2.242887,1.261122,2.476482,1.153347,-0.632927
858,7951,0.069951,-1.701762,-1.646327,-0.432451,0.515068,0.251528,-0.902245,3.291996,0.653491,2.466625,1.606823,-1.829984
858,7952,3.684289,-2.339528,-3.228899,-1.127314,-0.212898,-4.843307,0.887479,2.217590,0.185512,2.956336,1.264866,0.988300
858,7953,2.166305,-1.780865,-3.184196,3.365763,-0.457616,-1.911805,0.377259,2.157259,0.420239,2.948747,1.423375,-1.235946
858,7954,2.551290,-2.323452,-1.190206,2.534872,0.260943,-3.500419,-2.215283,2.692974,1.748015,2.090003,0.178591,-1.186655
858,7955,2.913049,-2.232397,-1.041184,-2.633017,-1.948206,-4.293854,-2.484212,1.665332,0.242296,3.648093,1.837794,-1.936881
858,7956,2.084489,-1.849663,-1.233760,-0.834701,-0.387066,-1.058740,-1.519726,2.810008,-0.350856,3.250963,1.720333,-2.349160
858,7957,2.432219,-1.531382,-1.976714,-0.128749,-1.798352,-3.822481,-4.648795,1.935623,0.160833,3.076370,1.174379,-2.236755
858,7958,2.353763,-1.776147,0.058990,1.602091,-0.040876,-5.126985,-1.570059,2.862199,-0.409468,2.533595,0.860144,-1.204947
858,7959,3.938676,-1.687109,-2.097697,2.478064,-1.772198,0.830182,-1.505065,1.781362,-0.843148,3.677736,0.188488,-0.276783
859,7960,2.865525,-0.038936,-2.011284,1.541296,-0.337984,-2.542634,-0.389552,1.910756,-0.797356,3.683673,1.549881,-1.521957
859,7961,1.521839,-2.270237,-2.127994,-0.262517,-1.407789,-2.100883,-2.260315,1.033916,0.129633,2.212800,1.866461,-1.236382
859,7962,3.734243,-1.467809,-2.248868,-0.432091,-1.395515,-1.213696,-0.540309,2.397324,0.582543,2.779984,0.154096,-0.717830
859,7963,2.671192,-1.476200,-3.039267,0.343948,0.032164,-1.199204,-0.645708,4.314610,1.515395,3.624465,0.373861,-2.727778
859,7964,1.714134,-1.996131,-2.043404,1.839722,-0.436156,-3.912505,-0.866836,1.897326,-0.286124,2.666685,0.251792,-0.424408
859,7965,4.300486,-1.481710,-1.904033,2.268078,-1.302523,-0.623073,-2.351241,1.672944,1.481009,3.674423,1.314258,-2.879511
859,7966,1.979087,-1.398823,-1.871921,0.390103,-0.236906,-1.549365,-1.530327,2.731563,0.519049,3.354244,0.960945,-2.614985
860,7967,2.514995,-2.445364,-2.623361,0.333029,-0.451521,-3.935048,-3.610503,1.287128,0.793006,2.696338,1.736046,-0.707867
860,7968,2.248157,-2.427273,-1.879228,1.632289,-0.755605,-5.231488,-3.250958,1.939404,1.263410,2.669613,1.325952,-0.843865
860,7969,2.591007,-1.068628,-2.588459,2.769091,-0.076480,-3.597960,-4.693547,1.407625,0.114507,3.608284,1.238718,-1.409984
860,7970,2.575212,-1.640650,-3.979622,3.196124,-0.207454,-6.322564,-0.876590,1.909625,1.472827,2.213632,1.044070,-0.525324
860,7971,2.987213,-0.507324,-2.582620,0.970049,0.966710,-6.067769,-1.629132,1.591660,0.360480,2.992803,0.654631,-1.241550
860,7972,2.213859,-2.689794,-1.751645,3.526250,-1.881780,-3.461628,-2.352072,2.544865,0.213892,4.357445,1.295210,-0.238747
860,7973,1.484372,-1.158064,-1.684769,-1.436766,-0.850496,-2.495223,-3.301529,3.314227,0.186175,3.231618,1.234229,-0.342091
861,7974,3.797129,-2.221229,-2.895723,3.400722,-1.150527,-1.149958,-3.562825,2.500815,-0.331656,2.478752,1.002056,-0.805415
861,7975,2.634299,-1.482028,-2.380150,-4.509101,-0.704164,-2.361278,-3.265967,1.494301,-0.726494,3.410281,0.038427,-0.374237
861,7976,2.857853,-2.136967,-2.497350,0.228670,-0.825045,-6.996086,-0.959903,3.412189,-0.176053,2.537278,0.491701,-1.318343
861,7977,2.987382,-1.380891,-2.330474,-3.233601,-0.519588,-3.207332,-0.309152,1.275966,0.873300,1.500863,0.977521,-1.489733
861,7978,3.676679,-2.172152,-2.233476,2.898535,-0.888873,-2.594988,-2.357975,2.023123,-0.986237,2.552527,-0.443676,-1.281147
861,7979,2.899916,-2.784388,-3.311378,0.796896,-1.050943,0.129330,-3.161531,1.977700,0.366333,2.956769,2.504845,-3.989762
861,7980,3.319174,-2.840425,-2.776983,-1.551986,-0.604247,0.378298,-2.130180,2.967958,-0.499884,1.739495,0.406177,-1.726462
861,7981,2.768649,-1.792349,-2.482185,2.436178,0.443732,-3.181085,-2.606910,2.229239,0.789358,2.283326,-0.333948,-0.589664
861,7982,3.000311,-1.988751,-2.663555,0.824009,-1.704193,-3.188282,-2.592516,2.858585,-0.145861,2.762217,1.068933,-1.425428
861,7983,4.338801,-3.051828,-1.916687,-0.689684,-1.740896,-1.341307,-3.736028,1.615230,0.679076,3.494787,1.222521,0.140076
862,7984,2.121591,-2.963597,-1.371897,1.550863,-1.091503,-1.486914,-2.220609,1.082195,0.236882,3.820716,0.671491,-1.297312
862,7985,1.984238,-1.890366,-1.145681,1.153071,-0.798424,-2.950116,-0.938671,3.214790,0.223523,2.512646,1.361453,-1.683019
862,7986,3.715191,-1.057858,-3.216278,0.539038,-1.386593,-0.580387,-1.452092,2.512370,-0.101023,3.107052,1.639348,-0.062627
862,7987,3.767902,-1.641275,-2.352059,1.843838,-0.651269,-1.117666,-2.563892,1.512274,-0.350853,4.218397,0.121331,-0.518490
862,7988,2.221238,-2.967586,-1.771912,0.434755,-1.398166,-3.136653,-2.148774,2.414393,0.464944,2.694294,1.557070,-2.775340
862,7989,0.947653,-1.622222,-0.867190,-2.289163,1.089148,-0.701385,-2.424778,2.350640,-0.485266,2.900170,0.636585,-1.092176
862,7990,3.648819,-1.903416,-1.130859,1.440397,-0.906849,-4.834623,-0.200340,1.483911,-1.104193,2.863235,0.812790,-3.863501
862,7991,1.656841,-1.637154,-2.585307,1.330569,0.345616,-1.413786,0.572285,0.623359,1.049915,2.881796,1.761775,0.489226
862,7992,3.180530,-2.580573,-1.342602,0.985610,0.778225,-2.381283,-3.263163,1.480328,0.776374,2.893392,1.438708,-2.013630
862,7993,2.157240,-1.420537,-2.010204,1.552166,-0.235198,-3.010841,-1.172633,1.712812,0.646998,2.527827,0.125174,-1.448523
863,7994,154.786894,-0.556452,-1.180904,168.702557,-3.584323,-488.243292,-3.991695,294.470173,8.755333,4.461925,0.934878,0.833018
863,7995,249.075659,0.000388,-2.408797,360.117742,-2.641365,-848.170848,-0.938273,342.749964,57.261280,4.520911,0.807676,-2.686403
863,7996,152.755371,0.824202,-4.754994,191.163243,-3.861613,-1155.649190,-3.883685,295.950038,155.243051,3.915023,1.232244,0.479655
863,7997,206.970488,0.041214,-3.219032,-161.303694,-5.092610,-30.650684,-1.900264,289.904327,8.645461,5.124009,0.565517,-0.943538
863,7998,124.133870,-0.991510,-4.094029,288.965063,-3.799601,-212.059999,-1.551391,292.950808,216.658690,4.603226,0.405161,1.833152
863,7999,163.168545,1.373682,-2.822281,139.457778,-4.041200,-728.537334,-1.562729,196.866858,-158.310519,3.991767,0.151958,1.437199
863,8000,135.130915,0.108956,-4.063852,-405.617440,-3.895341,-329.158705,-3.311971,241.354809,45.904434,3.910777,0.777811,1.190625
864,8001,2.851823,-2.380781,-2.648699,-0.175266,-0.440945,-3.332950,-3.011183,0.962854,0.746003,3.526112,0.847237,-0.452339
864,8002,3.607575,-1.802996,-3.219927,1.727321,-0.993641,-2.471148,-5.222777,2.291089,0.085959,3.518597,0.011528,0.188111
864,8003,2.081405,-1.172790,-1.695013,-0.961795,-1.782443,-0.255741,-3.457129,3.243592,1.160344,1.881724,0.945796,-1.124153
864,8004,3.865329,-0.088272,-2.417347,-2.365135,-0.060752,0.051395,-2.664347,3.213414,-0.307267,3.606696,-0.029577,-1.195811
864,8005,2.182490,-2.842537,-2.085664,-0.092564,-1.130673,-2.071616,-3.065424,1.881054,0.486012,2.889447,1.903933,-2.196264
864,8006,3.846315,-4.371422,-1.538218,-0.970543,0.369223,-1.535906,-4.771211,2.744431,1.170111,3.327822,1.011518,0.566127
864,8007,3.452556,-0.965323,-2.572762,2.595955,0.099890,-5.598086,-4.839966,2.358097,0.788024,2.697648,0.593501,0.328251
864,8008,3.368958,-2.495935,-2.721761,0.635290,-0.053658,-3.734972,-2.053517,4.002841,0.452295,3.119703,0.430474,-1.203622
864,8009,3.249909,-1.985657,-2.130661,3.459225,-0.164732,-0.715052,-2.480946,1.443940,1.037115,2.916438,0.926160,-2.215541
864,8010,3.189614,-1.853962,-2.668124,1.375217,0.369899,-3.917821,-1.033997,1.408326,0.204913,3.416163,1.106365,-2.438949
865,8011,153.435196,0.485159,-4.147561,414.615943,-3.349598,85.193181,-0.948733,317.052100,110.563178,4.578414,1.034030,0.490147
865,8012,127.026050,0.362999,-3.939343,-8.316389,-3.966574,-833.999882,-2.378132,156.235259,100.678575,4.477517,0.091294,0.794438
865,8013,212.488202,-0.014325,-2.451395,111.306149,-2.532659,-1398.482619,-1.319676,292.784401,184.818043,4.900427,0.364506,0.886885
865,8014,297.665225,-0.641676,-1.941250,-198.056767,-2.821583,-545.650965,-2.885375,327.927930,-3.393512,3.818742,1.965543,-0.668587
865,8015,241.170909,2.141641,-4.783251,468.073475,-3.117598,-169.619552,-3.980524,266.374858,188.591019,4.436748,1.045497,0.944716
865,8016,46.795763,1.069320,-4.470941,20.398216,-3.296768,-1378.565685,-1.015151,126.788929,211.704590,3.588180,1.123516,1.598242
865,8017,147.295635,1.331913,-5.423028,-561.970849,-4.026664,-328.542779,-2.552449,283.408578,375.206675,4.198695,1.366784,0.550376
866,8018,3.070277,-2.608935,-1.773477,1.028968,-1.145660,-7.871459,-2.603267,2.007434,0.340104,2.841317,2.143771,-2.146008
866,8019,3.231771,-0.654263,-3.921261,-1.882741,0.502913,-5.012330,-3.829049,2.764211,0.617266,1.331333,0.726310,-0.390707
866,8020,2.827696,-2.037653,-1.887701,2.538645,-1.528764,-3.290795,-2.182990,3.746124,1.174604,2.857223,1.032747,0.379562
866,8021,2.859759,-2.628096,-0.230022,3.039208,-0.813835,-3.668003,-2.814552,1.152041,-0.071732,3.139046,1.309036,0.243172
866,8022,2.371862,-2.005862,-3.025901,3.498722,0.871945,-6.093552,-1.365231,2.820850,-0.175300,2.992308,0.539181,-2.556507
866,8023,4.026650,-1.909438,-2.761650,1.349025,-0.642449,-3.555998,-3.207093,3.620858,0.555544,2.710746,0.665833,-0.891381
866,8024,2.544368,-2.635324,-3.180582,-0.423747,1.537396,-2.700564,-1.307567,1.871733,0.590032,4.232409,1.569650,-1.688703
866,8025,2.387380,-1.828296,-3.503615,0.377863,-0.237919,-2.276766,0.061012,2.246324,0.506095,2.010183,0.244289,-1.286456
866,8026,3.670761,-1.622897,-2.438731,4.118272,-0.464530,1.309359,-2.758788,1.448584,0.530155,3.360946,0.944297,-2.332829
866,8027,2.277194,-1.869127,-2.537927,-0.917307,-1.644817,-1.947108,-2.406472,1.415953,0.795435,1.420631,0.766709,-1.757249
867,8028,2.839717,-1.742689,-2.276156,1.394470,-0.049564,-2.436997,-3.055079,1.047855,-0.805984,3.115904,0.638004,-3.231721
867,8029,1.016367,-0.626785,-1.946951,-0.675548,-1.797905,-6.271553,-1.274624,3.488178,1.102490,3.050858,1.054159,-1.718949
867,8030,3.483339,-2.180157,-2.773298,-2.075791,-0.283298,-3.883280,-2.050516,2.259271,-0.354187,2.862937,1.121098,-0.361912
867,8031,1.106707,-1.246557,-2.603345,1.750914,0.120574,-4.400817,-0.095139,2.765080,1.247473,2.694470,0.682858,-2.278323
867,8032,1.298895,-2.223914,-1.483431,-0.238075,-0.246348,-3.607565,-4.283971,2.043398,0.819461,2.669249,0.535275,1.118299
867,8033,2.613088,-2.903740,-1.984455,-0.294266,-1.700625,-2.682878,-3.265803,2.080943,0.555361,2.751276,1.149305,0.045566
867,8034,5.194098,-2.580423,-2.972112,-0.978954,-0.170442,0.275710,-0.916374,2.589237,-0.133642,2.367056,0.517068,-0.360220
867,8035,2.915441,-3.323830,-2.029236,2.542654,0.061444,-3.790550,-2.717945,3.585930,0.264216,1.515525,1.102267,-0.937625
867,8036,1.584158,-3.005956,-2.831437,1.554412,0.115819,-1.713147,-3.008668,1.822432,0.197579,1.620012,0.907027,-0.977957
867,8037,2.712549,-1.829668,-1.971918,-1.587836,-0.342588,-3.121390,-1.270138,1.751939,1.075757,3.710131,0.490801,1.075140
868,8038,1.718545,-1.867588,-1.888364,-1.754721,-1.279950,-4.580143,-3.645811,2.112883,-0.184010,3.200632,1.167959,0.750014
868,8039,2.338745,-1.633040,-1.699221,-0.342202,-1.494292,-0.647045,-4.122856,1.777824,1.372269,2.451763,0.545008,-1.333035
868,8040,0.898834,-2.548123,-2.632572,0.223210,-1.150551,1.256635,-3.215792,1.887303,2.098675,1.971360,0.922433,-1.949001
868,8041,2.330228,-0.810123,-1.118109,-0.367232,-1.077838,-2.065550,-1.153376,3.062975,0.527279,3.502229,1.436545,-0.931664
868,8042,2.902583,-2.503176,-1.953654,2.665054,-0.714954,-3.215400,0.394579,3.266676,0.253473,2.961831,1.671219,-1.615205
868,8043,1.717413,-0.351716,-3.866357,-0.168558,-1.651302,-3.068979,-0.612735,2.708076,-0.017390,3.252891,0.338639,-1.454874
868,8044,2.124990,-2.047090,-2.289303,3.605482,-1.278582,-1.855058,-3.211444,1.458787,1.405857,2.902272,0.609451,0.279884
869,8045,0.807478,-1.991492,-2.601652,1.644296,-1.025497,-5.034128,-1.535080,0.388837,0.823244,2.887710,1.043480,-0.313295
869,8046,-0.084673,-1.040339,-2.593784,1.160018,0.019985,-2.332570,-0.958740,1.114420,0.874219,2.909176,1.542361,-1.037586
869,8047,2.356688,-2.985068,-1.367565,-0.422553,-1.286949,-1.223113,-1.241878,4.006920,0.957099,3.203643,2.355727,-2.137142
869,8048,2.476859,-0.566737,-2.478096,2.581466,-0.723591,-1.679149,-2.193402,0.864140,-0.043033,3.396671,1.037528,-2.059214
869,8049,2.807551,-1.131380,-1.928384,0.726326,-0.124875,-0.602910,-2.963300,1.626183,0.891619,3.008231,1.242672,-2.086322
869,8050,1.186456,-2.133389,-4.811998,-0.894462,-0.765558,-5.639481,-1.580176,0.902904,-0.691139,2.351662,1.101148,-0.078383
869,8051,3.040155,-0.911781,-3.106209,-2.795440,-0.445515,-3.887880,-2.196485,1.816531,1.877362,3.216386,2.114108,-0.085040
869,8052,0.194758,-2.836122,-2.688763,-0.620733,-0.830107,-2.266153,-2.055053,2.298283,0.417668,2.594289,0.972592,-0.245419
869,8053,3.848756,-1.890264,-1.135930,1.868524,-0.815853,-1.793845,-3.567916,2.458366,0.107165,2.291600,1.035562,-2.285455
869,8054,2.159168,-1.480145,-2.678634,-1.492492,-1.050213,-4.747220,-4.775402,0.903241,-0.437167,2.632720,1.220279,-0.091773
870,8055,185.880844,-1.791261,-2.278290,-32.657461,-3.397565,186.229726,-3.518744,191.297237,285.077126,5.812690,1.561452,-1.121267
870,8056,20.249186,0.301906,-3.910631,46.991818,-3.998550,-398.347618,-1.556351,278.028685,-61.861531,4.377749,0.577701,2.056842
870,8057,150.910573,0.775329,-3.591074,241.014738,-4.181264,-378.275745,-2.838505,256.368212,99.163107,4.698374,0.001020,-0.577319
870,8058,234.116930,0.020557,-3.360918,257.282018,-4.346165,-545.608349,-1.963012,289.067323,-109.138166,3.323038,0.463916,0.295917
870,8059,278.805742,0.559993,-3.073848,241.430564,-2.211101,-163.642920,-3.144539,131.467162,23.844760,4.420858,0.557397,-0.654684
870,8060,163.459895,-0.705296,-2.905845,48.163342,-2.808088,-254.979955,-4.327177,282.561040,240.188004,4.593176,1.068532,-0.761931
870,8061,41.988955,-0.087112,-3.479728,207.522588,-3.461768,-634.286968,-3.902419,271.789542,132.191142,3.414447,0.318614,0.297201
870,8062,248.834092,-0.615549,-3.542284,-18.414246,-3.660582,-63.707123,-2.624971,232.416251,134.989604,3.448303,1.191112,-0.827965
870,8063,43.115399,-0.120778,-2.944712,10.553068,-3.427054,-1611.813104,-0.483919,353.608014,69.281502,3.825967,-0.022616,0.200794
870,8064,96.852858,0.594720,-1.536284,670.706962,-3.231134,-818.675971,-4.354322,264.710914,-29.076585,5.201971,0.260971,0.239467
871,8065,2.785469,-2.193145,-3.321389,0.108423,-0.224408,-8.163462,-1.135999,1.395445,-0.196645,3.175913,0.119511,-1.457087
871,8066,1.304437,-2.861361,-1.918803,-1.109893,0.899345,-2.099440,-1.440828,1.552166,-0.171915,2.284887,0.577685,0.739258
871,8067,1.256623,-2.441612,-0.477704,2.418288,-0.698533,1.856099,-1.834364,2.019247,1.609984,2.893660,0.821508,-0.796034
871,8068,2.937766,-1.251771,-1.708648,3.371244,0.467776,-4.226930,-2.272088,3.438406,-0.199945,3.282240,1.314961,-0.255083
871,8069,2.027666,-2.217243,-2.406019,-0.805287,-1.771926,-5.168204,-3.198481,2.059863,0.779075,3.185438,0.327368,-0.705308
871,8070,3.905977,-0.698948,-1.090607,0.684078,0.334667,-0.184785,-1.683610,1.671942,0.502313,3.135443,1.142671,-2.330403
871,8071,3.661011,-2.197161,-1.934629,3.682837,-1.504672,-1.524993,-1.229308,2.189888,0.667506,4.322201,0.608963,-3.401605
871,8072,1.933044,-1.733303,-2.586125,-1.230411,-0.652919,-1.343208,-3.243359,2.165639,-0.793763,2.981567,1.184161,-0.877084
871,8073,3.529886,-1.287306,-2.132644,-3.740499,-1.039691,-3.541261,-2.816909,1.959963,-0.786411,3.726384,1.035055,-1.769582
871,8074,3.116812,-0.647447,-2.994671,0.989188,-1.044317,-2.290090,-1.474815,2.344756,0.843761,2.621424,1.416714,-0.193137
872,8075,152.761574,-0.425071,-0.243141,290.028547,-5.032859,-435.962230,-2.766991,222.983443,-18.285389,4.501726,0.619634,-0.684939
872,8076,65.273024,0.167174,-2.063003,-35.078568,-3.575010,-370.570268,-2.349786,195.954151,70.721676,4.801305,1.030609,1.811912
872,8077,212.154172,-0.731968,-2.068687,241.496446,-4.075305,-504.904262,-3.129617,283.845325,-22.915440,4.410030,0.256476,1.254935
872,8078,249.467739,0.036008,-2.794687,164.131424,-3.920714,-994.927241,-3.435233,249.286274,128.483343,3.553021,-0.139418,-0.739805
872,8079,88.125922,0.823771,-2.031150,352.843719,-3.488086,-367.425311,-2.099854,193.117223,167.839321,4.813124,1.006030,0.957309
872,8080,220.996098,-1.514706,-2.141276,249.422557,-2.696013,-317.084131,-2.342184,354.231372,173.062991,4.484733,0.636563,0.654558
872,8081,190.973287,-0.375491,-1.754771,477.921677,-3.150717,-103.987930,-0.324653,164.738539,80.649716,4.439971,0.223106,-1.630393
872,8082,226.545747,-0.152370,-2.100515,157.581816,-3.643150,-444.316196,-3.663536,330.558116,56.025009,4.634183,0.045376,-1.944121
872,8083,103.607821,0.995243,-1.186377,20.555725,-4.132324,368.481076,-3.484951,133.897209,198.846096,4.325223,0.636429,-1.199249
872,8084,120.502747,0.034340,-2.729611,140.164556,-2.219831,-1162.667528,-0.980121,483.498041,205.561575,4.509260,0.289629,-0.657564
873,8085,3.456632,-2.401867,-1.354481,-2.641866,0.109893,-0.297330,0.299331,2.503708,0.555038,3.417864,0.963489,1.206959
873,8086,0.061395,-1.425972,-3.206942,0.882100,0.247153,-0.121018,-2.886731,2.140960,0.038847,3.666847,1.773817,-2.007538
873,8087,2.314256,-3.174500,-4.032833,1.342460,0.943274,-0.923647,-2.428098,1.259069,-0.336459,2.133390,1.435732,-1.934848
873,8088,1.470350,-2.174701,-1.549846,-0.963081,0.665065,-5.253547,-2.871333,2.099331,-0.419087,2.069506,0.687223,-1.482192
873,8089,2.748074,-0.816389,-3.231963,1.648516,-0.012254,0.794696,-3.122442,1.430969,-0.458323,3.347566,0.642681,-0.382409
873,8090,3.008580,-2.293740,-1.337956,0.914814,0.930160,-1.598711,0.197836,2.744755,2.094257,1.745509,-0.083470,0.529165
873,8091,2.940782,-1.816381,-0.549773,-0.401067,-0.177384,-2.440286,-2.328304,0.829102,0.168876,1.886685,0.730014,0.849678
874,8092,201.838427,0.820996,-4.349268,61.515462,-1.679127,531.023176,-0.908569,74.429439,90.454297,3.398632,0.515377,-0.104606
874,8093,188.901393,0.060488,-2.791758,100.753791,-5.568977,-903.879792,-2.413671,256.184898,164.982241,2.531798,-0.140754,1.141796
874,8094,220.413674,0.956147,-5.236632,417.698027,-3.750944,-393.494403,-1.228649,302.646327,-52.209000,3.650414,1.051937,-0.072446
874,8095,138.146234,0.231561,-1.878865,87.331181,-5.041413,-916.307353,-2.710279,111.355875,34.134331,2.952405,1.113107,0.718153
874,8096,269.955728,-0.507835,-3.944833,348.956291,-1.201770,-17.694371,-2.415201,253.455335,78.729526,4.343246,1.034643,1.011401
874,8097,251.622547,-0.700976,-3.070684,83.347425,-3.254834,-627.356429,-3.231324,156.267293,40.081389,4.389976,0.909238,2.548622
874,8098,307.544832,0.421068,-4.832952,-97.814711,-1.850467,-578.779592,-3.219032,187.097278,106.562031,4.058607,1.686781,-0.361886
874,8099,279.505632,-0.447781,-3.359161,-28.876464,-2.179871,-480.202427,-2.632499,340.987559,-76.016536,4.191603,0.958685,-0.172250
874,8100,176.131504,-0.979695,-2.819464,-295.060221,-2.989398,-1491.732055,-3.071376,298.909799,70.838646,3.900983,0.900800,-0.790105
874,8101,145.284788,-0.173515,-3.274093,398.228626,-2.712869,-677.372573,-1.906174,213.034054,-7.530957,3.949227,0.010606,-0.350768
875,8102,1.617611,-2.657140,-1.737829,1.696614,-2.747685,-0.363520,-2.482242,1.833431,0.897538,3.200845,1.867542,-2.278116
875,8103,4.104286,-1.987630,-2.775535,-0.987772,-0.248447,-3.437206,-2.768657,2.575393,0.897636,2.948996,0.462820,1.109865
875,8104,3.708016,-1.803067,-3.726174,-0.738294,-0.704117,-2.356392,-3.250130,2.740402,0.223515,2.601429,0.667051,0.542256
875,8105,1.911665,-3.035004,-2.326980,-2.032026,-0.548123,-3.055471,-3.670048,1.696591,0.635441,2.605596,1.407113,-1.144593
875,8106,3.503173,-2.832659,-2.511576,-0.178973,0.036480,-2.638269,-2.758079,4.411934,0.304370,2.954508,1.016279,-1.846694
875,8107,2.158766,-1.858247,-1.725738,0.377828,-0.545003,-4.218425,-1.579006,2.271274,-1.551932,1.959775,1.277350,0.009761
875,8108,2.473469,-2.701710,-1.511094,-2.222922,0.417737,-4.125646,0.365400,2.744538,0.587809,2.733093,1.133283,-0.978837
876,8109,2.320026,-2.466586,-3.005955,3.767599,-0.583060,-2.952032,-2.518982,2.029814,1.523236,2.247390,0.927386,-0.276554
876,8110,2.493458,-1.139306,-1.799023,-1.141544,-0.205315,-1.911449,-2.684893,2.280418,0.694854,2.016519,1.696983,-0.762746
876,8111,1.811392,-2.169777,-1.743249,-1.506417,-0.820078,-2.523406,-1.768842,1.152325,-0.408668,3.506994,0.898975,1.100193
876,8112,1.611808,-2.244216,-2.940524,-0.420443,-2.312792,-1.689544,-4.282011,1.146073,0.704061,3.139778,1.416100,-1.115489
876,8113,0.654260,-3.206264,-0.356214,2.511734,-0.937084,-2.121031,-1.918148,3.024445,0.843381,3.002799,0.944589,0.399869
876,8114,3.823254,-2.484873,-2.466376,-0.434446,-0.063334,-3.427055,-2.924310,1.476519,0.303139,3.509754,1.332655,-2.029572
876,8115,3.658147,-1.629549,-3.840015,1.508852,-1.143438,-2.404332,-1.322343,3.343703,0.387582,1.891708,1.248099,0.922297
876,8116,1.211464,-1.218039,-2.865427,-1.174172,-0.245560,-1.923274,-1.489841,2.053383,0.137817,0.996912,1.221084,-0.218197
876,8117,2.585346,-2.210954,-4.575478,1.466055,-0.842771,-1.757761,-1.760362,1.949151,-0.107235,3.019102,1.116595,-0.229494
876,8118,3.176044,-2.307829,-2.651995,-0.422753,-0.413563,0.908875,-3.220076,0.909237,0.366785,3.236984,0.932642,-1.141379
877,8119,4.228729,-1.293184,-2.367099,-2.358779,-1.680517,-3.209426,-1.755361,2.910793,0.111153,3.106262,0.574230,-0.898096
877,8120,4.399341,-2.606113,-1.196932,3.003729,-0.217727,-2.228526,-1.887630,2.645981,0.483476,3.089569,1.588190,-0.905171
877,8121,4.736057,-2.519996,-2.452516,0.316084,-0.764550,-6.324169,-1.422844,3.685849,0.228188,3.376560,1.784678,-0.322222
877,8122,2.987378,-1.817159,-0.724420,-0.837730,1.211374,-0.279072,-2.124263,2.080483,0.183190,1.953350,1.431332,-3.161371
877,8123,3.263301,-0.592111,-2.440044,1.976511,-0.050513,-1.526965,-2.307198,3.049741,1.265304,2.394774,-0.295113,-1.341303
877,8124,3.719688,-0.801463,-1.203137,4.002543,-0.903002,-4.844588,-2.353785,2.352888,0.874398,1.629358,1.274977,-1.305417
877,8125,3.080445,-2.036881,-2.896500,-0.991350,-0.559114,-6.230439,-1.210579,0.437688,0.985638,3.989123,1.164757,-1.711300
877,8126,1.240567,-1.541618,-2.890802,0.340800,-0.819839,-3.468020,-2.201141,0.858157,0.035524,3.403797,0.407432,-0.711231
877,8127,1.419702,-3.768482,-3.412533,-0.267950,-1.443702,-0.929430,-3.841258,1.282157,-0.259214,1.599953,0.823412,-0.342520
877,8128,1.686523,-1.489256,-4.002739,1.190329,-0.415102,-2.002290,-2.819224,3.329346,0.666896,2.331098,0.566695,-0.225536
878,8129,191.363460,-0.831981,-2.634310,-200.635079,-3.563039,-556.443884,-2.076661,253.771153,242.180473,3.864442,0.599356,1.344639
878,8130,180.190224,0.324823,-1.449511,91.239921,-3.330941,-528.106168,-3.431365,160.420704,19.144349,3.276247,0.960848,0.073752
878,8131,146.096761,-0.612530,-3.259701,65.613766,-3.813143,-709.695154,-2.846555,193.907653,56.928436,3.796665,0.798117,-0.407696
878,8132,253.660591,1.921226,-2.788694,446.249325,-3.633622,-1861.405137,0.990626,363.938583,251.575582,3.825173,0.074987,0.551019
878,8133,163.444241,-0.394803,-2.727564,56.981238,-5.150477,-724.061026,-1.117568,49.591326,107.383625,4.836368,0.490600,-0.736599
878,8134,84.289254,-1.096146,-4.253642,-214.992784,-2.837421,-807.292528,-3.818476,203.447848,92.913673,3.391242,1.606231,-0.537945
878,8135,194.461282,0.323194,-3.889478,335.859617,-3.120933,-364.400794,-4.240875,299.365867,50.981261,4.097859,-0.314437,-0.170417
878,8136,196.848933,0.150666,-4.747436,-418.544359,-3.486104,-1095.387588,-3.928756,291.395901,-181.644069,3.439423,0.974775,-1.643325
878,8137,121.232399,-0.664267,-1.677664,354.216271,-3.515049,-437.587536,-2.101621,153.509270,132.805487,4.659653,1.519661,0.440833
878,8138,114.941017,-0.144596,-2.494922,16.584244,-2.880453,-543.779918,-3.354981,309.711188,76.152831,3.419139,2.028945,-1.503595
879,8139,2.952200,-2.160484,-0.905212,-0.344747,0.176898,-3.011530,-3.511295,1.944450,0.519526,2.735112,1.531499,-1.279285
879,8140,2.475043,-0.933910,-3.298377,2.662848,-1.126072,0.783816,-2.134281,2.845745,-0.135206,2.456975,-0.446605,-2.792679
879,8141,2.227531,-2.035951,-1.032484,-1.904380,-0.595029,-1.505494,-1.057108,1.640546,1.373796,3.784083,2.011458,-0.189886
879,8142,3.232176,-1.650976,-1.790123,-0.799803,0.685558,3.310590,-2.700111,1.293971,0.735338,2.484193,1.469967,0.281472
879,8143,1.713629,-2.800313,-2.824316,0.693904,-1.117895,-2.967399,-2.207664,4.046572,0.164339,2.945773,-0.004593,-2.089471
879,8144,1.644211,-2.235876,-3.209195,1.039169,-0.783606,-3.690192,-1.349509,2.914733,0.149452,3.682550,1.518061,-1.735739
879,8145,2.325028,-0.695901,-2.096729,2.012267,-0.751871,-1.572590,-3.506897,1.892252,0.536256,3.536865,1.891929,-0.350224
879,8146,2.691801,-2.010988,-1.574415,1.474444,0.669077,-5.302324,-0.463750,2.780209,-0.059680,3.625435,0.099995,-0.559561
879,8147,3.518335,-0.280708,-2.557485,2.109524,-0.518298,-2.868527,-2.382902,2.495864,0.963937,1.858037,1.236819,-1.580143
879,8148,2.740320,-2.868300,-2.711038,2.049060,-2.171473,-2.194548,-4.397630,0.785713,-0.056230,3.002335,0.773697,-1.205751
880,8149,248.496987,0.352417,-2.244763,11.433671,-3.651139,-1340.059242,-4.702255,99.180875,-83.293679,4.272210,-0.310095,1.653300
880,8150,224.189539,0.077954,-2.035556,89.957580,-3.969114,-319.584945,0.832698,368.281585,176.275471,3.529713,0.888221,-0.104575
880,8151,55.137260,-0.179951,-3.540215,28.634499,-1.601784,-749.845590,-2.278362,418.367230,-67.625988,4.682076,1.219581,-0.556837
880,8152,235.553271,0.487678,-3.661615,19.415284,-4.417727,-546.966055,-1.183554,326.717916,147.605428,5.198861,0.863396,-1.790074
880,8153,198.396947,-0.301300,-3.006145,507.266449,-2.682036,-743.645551,-0.734452,217.712027,99.201818,4.079039,0.630401,-0.025151
880,8154,227.336268,-0.156230,-3.404169,250.197106,-3.383282,-990.746114,-3.782578,96.611900,-236.818597,4.350693,0.454131,1.378723
880,8155,286.003844,0.196609,-3.273638,314.290272,-3.320799,-807.719795,-0.671069,282.838801,99.659325,4.457499,1.529761,1.194028
880,8156,228.824943,-0.200645,-2.493800,343.625693,-1.444302,-536.094759,-3.166417,387.460096,364.334224,3.494201,0.912178,-1.084746
880,8157,206.940582,0.737843,-3.308907,-206.595977,-2.586411,-403.560676,-2.447434,221.555141,21.549473,5.020150,0.533946,-0.972196
880,8158,148.622072,-0.090964,-2.279358,118.710765,-3.448089,-1479.299412,-2.508580,282.065724,219.786356,4.268101,0.964718,0.390587
881,8159,157.446821,-0.066907,-2.346348,313.975581,-3.506394,-1410.901227,-2.042036,121.932697,112.369545,3.637239,0.634664,1.947554
881,8160,139.404922,-0.220996,-2.711792,-220.861652,-1.385024,-992.599538,-1.511205,334.303388,117.610002,4.542870,-0.122210,0.976603
881,8161,154.479858,0.463936,-3.881678,100.943373,-2.530034,-228.248369,-1.218322,214.597675,-36.950159,4.200464,1.467325,0.173011
881,8162,140.035167,-0.569980,-4.098853,-208.210769,-3.704625,-542.883966,-3.355231,324.183940,187.309827,4.972738,0.335606,-1.993573
881,8163,267.894661,0.952295,-3.312734,177.929147,-3.891908,-659.204553,-3.762580,298.198933,274.949306,3.552232,0.798554,-1.429020
881,8164,51.220359,0.035851,-1.001184,651.990828,-3.280086,-364.093351,-1.217202,171.619927,73.430539,3.872817,1.520175,0.542663
881,8165,215.011043,1.079306,-2.831890,56.548778,-2.739592,-642.503712,-4.495587,146.882596,-67.845772,3.188043,0.347445,-0.339246
882,8166,3.382611,-0.746469,-2.858267,-2.477740,-0.564157,-2.519202,-2.100528,2.812760,0.301131,2.776191,1.500754,0.420738
882,8167,2.479267,-2.573252,-2.542852,0.023281,-2.737200,-1.901865,0.621879,2.018379,0.489297,3.600870,0.858444,-1.484809
882,8168,1.292525,-2.414409,-1.089461,1.605383,-2.634078,-6.585486,-2.585814,1.770570,0.951259,4.041279,1.446541,-0.871256
882,8169,1.960795,-2.081491,-3.929301,0.632539,-0.502410,-4.537158,-1.384853,1.285368,0.865658,2.717964,1.321712,-1.624703
882,8170,3.006367,-2.777296,-0.930750,1.977851,-1.674275,-2.639843,-1.737752,2.437667,0.455244,2.116199,1.318305,-3.509729
882,8171,1.567191,-3.200202,-2.144057,-0.081023,0.107869,0.958664,-2.976740,2.818829,0.386743,2.413345,1.596452,-3.162404
882,8172,1.842367,-2.301392,-1.819363,4.193889,0.476553,-4.272443,-2.534309,2.775026,0.146311,2.595251,1.300089,-2.229877
882,8173,2.366296,-2.134727,-0.640222,2.417271,-1.108886,-2.687381,-3.309725,1.807382,0.812866,4.453351,0.826280,-2.902748
882,8174,2.075876,-1.319925,-3.340390,-0.034521,0.490212,-2.289603,-1.479886,2.332174,1.885666,3.100891,1.084435,-1.942818
882,8175,2.109084,-1.287694,-2.275586,0.842734,-0.269211,-2.632228,-3.410653,2.056077,0.439779,2.348099,1.081005,1.938600
883,8176,1.010306,-1.160701,-2.375530,0.926219,-0.427444,-3.157497,-3.962799,2.167799,0.280926,3.131706,1.133792,-0.304431
883,8177,3.701362,-1.226582,-3.376581,1.832173,-0.727432,-4.743135,-2.882734,0.820278,-0.269035,2.420105,1.612245,-1.639062
883,8178,2.448766,-1.250413,-0.867891,0.627924,-0.927575,-3.608463,-2.846269,2.894299,0.484766,3.487312,0.465136,-1.883284
883,8179,2.832116,-2.205830,-2.441892,2.121450,-0.349468,-2.708797,-3.048619,1.840352,0.759704,3.142986,0.640189,-0.782051
883,8180,2.456629,-1.020809,-2.482325,0.458658,-0.382597,-2.444065,-2.852423,1.869579,1.209913,3.149134,1.977300,-2.617889
883,8181,2.883263,-1.822599,-2.242854,0.655198,-1.413391,-2.591973,-1.330281,1.683356,1.091877,3.627853,1.589403,0.943596
883,8182,2.163232,-1.342959,-4.083258,-0.529558,0.154760,-4.596214,-1.152016,1.798407,-0.405853,3.834946,1.288583,-2.208372
883,8183,1.224855,-1.943849,-1.662944,2.351556,-1.421529,-5.290439,-3.395186,1.262779,1.346835,2.967395,1.791993,-1.033937
883,8184,2.222722,-1.316593,-3.827791,-0.043619,-0.575552,-3.609106,-2.390003,2.295914,-0.124238,2.840802,0.793233,0.214609
883,8185,1.291849,-2.055101,-3.510015,0.462222,-1.378215,-3.013946,-2.411823,0.379238,-0.164518,2.998511,0.751889,-0.052650
884,8186,3.793255,-1.153437,-2.313972,1.017281,-1.006897,-2.799217,-2.771578,2.213616,1.052864,2.941412,0.460258,-2.692656
884,8187,4.022645,-1.224984,-3.696688,-0.200861,-0.256437,-4.274997,-3.244868,1.889220,0.836771,2.113201,1.726798,-1.318046
884,8188,3.042239,-2.546362,-3.542183,3.219707,-1.764941,-3.379271,-2.069567,1.129166,0.950554,3.160847,1.030560,-0.164617
884,8189,1.680158,-1.052508,-1.630022,0.660095,-0.066414,-2.231333,-3.169146,1.656698,-0.247649,3.450457,1.537370,-0.882196
884,8190,2.177939,-1.601740,-1.906664,0.208270,-1.731304,-2.564316,-3.482127,2.210203,0.188133,2.240030,-0.273045,-1.500849
884,8191,3.740983,-2.388452,-1.207617,-1.089685,-0.795411,-3.289522,-2.415072,2.590838,0.501999,2.435478,1.013331,-0.351948
884,8192,3.371024,-1.717620,-1.987344,2.401531,-1.033612,-4.335004,-2.545380,3.639579,1.110368,2.556354,1.664268,-1.476550
884,8193,3.732208,-2.375942,-0.125093,-1.060937,-0.171697,-5.256434,-2.806792,0.547358,-0.238586,3.697670,0.636525,-0.311223
884,8194,2.334835,-1.139722,-2.926015,1.038492,0.021391,-3.051692,-2.402345,1.360713,1.041464,3.835819,1.261591,-2.321504
884,8195,3.446667,-2.257114,-1.620262,1.901967,-1.952157,-5.169031,-1.838579,2.356688,0.114141,2.586523,1.452246,-1.107036
885,8196,1.170286,-2.318031,-2.700683,1.836867,0.539481,-3.011948,-3.141885,3.105071,-0.230638,3.381096,2.579283,-0.956829
885,8197,2.268391,-1.789045,-1.912357,-0.585569,-0.987428,-4.216397,-1.830464,1.473190,1.208788,3.355812,0.615929,0.538480
885,8198,4.061644,-2.309862,-1.583574,1.966669,-1.489046,-3.366545,-0.877111,1.471461,0.199649,3.584698,0.936695,-0.565571
885,8199,4.782846,-1.874075,-1.972007,2.682942,-1.108379,-0.535037,-1.179549,1.823789,2.300756,3.004464,0.955118,-0.550267
885,8200,4.221938,-0.970488,-1.544918,1.179568,-1.189929,-3.439655,-3.899326,2.166402,1.042325,2.502423,1.146131,-2.062822
885,8201,3.383113,-0.986254,-3.541858,0.954353,-0.662782,-1.576204,-4.079432,1.378656,0.735643,2.357064,1.307976,-1.972543
885,8202,4.015793,-2.449421,-2.252203,-0.393908,-0.898858,-2.945338,-2.661208,3.063754,-0.223600,3.273359,1.705328,-1.993458
885,8203,1.434551,-2.016731,-1.639042,1.069314,-0.434349,-3.453914,-3.768359,4.127112,1.036114,3.881420,0.382345,-2.758063
885,8204,2.398416,-1.803392,-2.212793,-0.962197,-0.901115,-3.875969,-1.549029,2.025207,0.046380,2.939202,1.889541,-0.984375
885,8205,1.865953,-2.402996,-2.387115,-0.118228,-1.732008,0.486046,-2.447822,2.006432,-0.560329,3.150801,0.820351,-2.132324
886,8206,2.460818,-1.825721,-3.492908,1.455075,-0.943239,-3.408304,0.688434,0.825449,-0.220539,3.475725,0.707513,-0.587995
886,8207,2.943432,-2.265886,-0.564773,0.461264,-0.839411,-3.617733,-0.815975,2.416858,0.253341,2.076301,-0.038748,-2.155340
886,8208,2.962503,-1.939133,-1.407539,0.901705,1.186247,-3.686530,-0.526781,0.978496,1.021041,2.257507,0.260863,-1.189610
886,8209,3.422955,-2.583506,-2.774606,4.845853,-1.385621,-1.077851,-2.462469,2.763781,1.435394,2.441423,1.907268,-0.338143
886,8210,2.103278,-2.997967,-1.473405,-0.984408,-0.986521,-1.977402,-0.654577,2.874080,1.724595,3.264659,1.139151,-1.044237
886,8211,2.299320,-2.066365,-1.825220,0.812771,-0.041695,-2.379754,-2.434184,1.710508,-0.344584,2.668066,0.768685,0.665726
886,8212,2.229904,-1.628525,-1.164870,1.123956,-1.827469,-5.072023,-1.995217,1.479951,0.488244,3.616272,1.209741,0.166763
886,8213,2.619213,-1.617668,-3.605561,-0.411007,-1.942973,-1.901208,-1.932531,2.224099,1.644604,3.085012,1.703579,-0.576679
886,8214,2.417790,-3.178150,-3.036390,2.914472,-0.348736,-1.658862,-2.318163,3.483027,-0.392847,2.802681,1.818709,-1.869458
886,8215,2.580707,-1.712448,-2.212512,1.515981,-2.947818,-3.293320,-1.998244,1.173944,0.313655,2.234137,1.487126,-0.734859
887,8216,152.364223,0.647826,-2.632373,-62.905898,-2.022778,-777.289392,-3.774073,236.756623,217.628644,4.408094,1.002550,-0.719070
887,8217,122.999473,-0.757357,-1.779193,684.777073,-2.786424,-169.155238,-0.694852,158.221689,-51.077699,3.867919,0.771925,2.184994
887,8218,193.244793,0.304385,-1.466596,70.332269,-2.419428,-586.985482,-2.946592,169.430201,236.576710,3.382518,0.347736,-1.562346
887,8219,235.081466,1.204842,-3.368065,223.815208,-3.404260,-675.092808,-2.270427,130.486419,39.596722,4.318467,0.774320,2.378501
887,8220,202.068262,0.534345,-2.669611,-85.603483,-1.993622,-437.420301,-2.106831,316.784467,325.403594,4.906344,-0.029674,-1.529978
887,8221,157.003049,0.189365,-1.897916,124.556063,-3.563748,157.589270,-0.839756,270.347872,169.459032,4.592125,0.730233,1.288703
887,8222,113.478830,-0.105562,-3.435236,160.393508,-3.481087,-31.613214,-3.200433,235.477002,37.618357,5.794309,0.825481,-1.074557
887,8223,64.147249,0.097531,-1.131100,-0.297992,-3.476625,-963.529533,-2.329508,332.041406,15.111419,5.141589,1.346930,-0.595600
887,8224,277.405283,0.243285,-3.961203,-10.074875,-2.678274,-177.115230,-1.408511,432.522917,39.510894,3.850950,1.415742,-0.839312
887,8225,225.536217,-0.512246,-2.480784,401.633573,-1.900812,-942.893106,-4.353185,131.395818,36.461556,4.772872,1.135835,-0.375078
888,8226,2.328076,-1.568873,-3.287855,-1.557970,-1.554674,-0.493191,-3.974123,2.140690,-0.124337,3.421248,0.951491,-1.442158
888,8227,3.012838,-1.650621,-1.878347,0.020456,0.778554,-3.480584,-1.201321,2.900113,-0.505861,2.274558,0.615089,-0.643418
888,8228,2.253752,-1.488099,-1.890498,-0.138268,0.046593,-2.026111,-2.956341,1.968324,1.254103,2.673846,1.443641,1.517461
888,8229,2.102813,-2.144793,-3.167125,-0.603895,-0.651982,-0.545721,-0.164530,2.843210,0.932034,4.042301,0.859773,0.392163
888,8230,2.593491,-0.800670,-3.345025,0.371884,-0.238070,-1.085053,-0.998089,2.836396,0.674752,3.578186,1.313296,-1.064693
888,8231,3.604041,-1.347180,-1.549538,3.020500,-0.672419,-2.178315,-2.658711,1.936201,1.433312,2.949731,1.589996,-0.657453
888,8232,2.375262,-2.562964,-0.882382,1.032146,0.252606,-6.374976,-1.277011,2.746756,0.954830,2.642950,0.692534,0.695068
888,8233,2.598196,-0.560599,-0.819233,2.529198,-2.648192,-3.145081,-0.333425,1.879668,0.376557,2.142115,1.304648,-0.487653
888,8234,3.158286,-1.835944,-2.168482,0.369448,-0.723414,-3.400925,-1.420166,2.268114,0.888749,3.276762,0.899761,-1.300385
888,8235,1.867432,-2.115144,-2.337039,2.506908,-1.399511,-3.956688,-2.583969,1.577377,1.049232,3.182079,-0.023882,-1.768280
889,8236,3.846982,-2.338617,-1.129940,-1.308303,-0.988815,0.064043,-5.670058,2.424247,0.081690,2.678632,1.051399,0.836255
889,8237,1.792868,-2.285313,-1.918495,2.111868,-0.753317,-3.342491,-1.334025,0.928998,0.013851,3.383361,0.039692,-1.607997
889,8238,1.102564,-2.300059,-1.528746,0.267084,-0.411782,-1.894480,-3.561904,2.489076,-0.607780,3.234544,2.352437,-1.770893
889,8239,3.144339,-2.199162,-3.116217,-0.098343,-0.507005,0.044840,-0.184503,3.105295,1.055812,2.295715,1.604138,-1.504096
889,8240,2.498833,-2.021882,-1.908237,1.492141,-0.046547,-0.313458,-1.428054,1.254016,0.214935,3.166195,1.037034,-2.237707
889,8241,0.971898,-1.900453,-2.462727,1.481892,0.843649,-1.634674,-2.590023,1.365801,-1.182751,2.626263,1.123791,-1.418150
889,8242,3.083677,-1.584005,-0.047440,-1.502634,-0.816731,-3.484343,-1.167423,2.279157,-0.099596,2.454322,1.460364,-0.449622
890,8243,3.846146,-0.441800,-2.151347,0.599408,-0.956556,-2.660829,-2.189186,2.694436,-0.184379,3.859658,1.127181,-0.364137
890,8244,1.107582,-3.078974,-3.251329,-0.933164,0.797267,-0.731658,-2.949555,3.010399,0.042217,3.392298,0.699464,1.041567
890,8245,2.457158,-2.142669,-2.811748,0.745905,0.034610,-6.616769,-0.387739,2.426038,-0.073275,3.759008,-0.226394,-1.786262
890,8246,2.441630,-1.303578,-2.331834,1.688511,-0.354932,-3.908550,-2.946522,2.946738,-0.038024,2.969037,1.750930,-3.485073
890,8247,3.550514,-2.309074,-1.586468,-0.429726,0.085482,-4.137861,-3.283199,2.258997,1.838466,2.133596,1.381875,-1.067246
890,8248,3.866842,-1.848703,-3.401081,1.228157,-0.864804,-1.632135,-2.275669,1.669348,1.598516,2.560530,0.445310,-1.203715
890,8249,2.824985,-1.626852,-4.039133,1.451707,-0.218043,-1.691414,-0.100235,2.531676,-0.117190,3.635981,1.963368,-0.393768
890,8250,3.205023,-2.382442,-3.984075,0.793376,-1.559268,-0.090511,-1.595393,0.269172,0.836634,2.703531,1.123935,-3.632090
890,8251,5.886377,-3.102746,-1.488066,-0.030599,0.131544,-3.498336,-3.241169,2.871356,1.434105,1.978766,1.788619,0.953855
890,8252,0.645008,-2.282162,-2.047333,-1.647647,-1.221368,-2.439683,-2.814089,2.520700,1.399168,4.447245,1.751044,-0.734232
891,8253,170.538795,0.215926,-1.629714,-186.275529,-2.978960,-373.549758,-1.268906,397.555495,63.216191,4.040712,0.411018,0.129351
891,8254,71.052690,0.195330,-3.476858,-83.062714,-3.206912,-1041.472275,-1.477811,285.156525,79.983752,4.418107,1.193892,0.267002
891,8255,192.304808,0.101145,-2.525356,271.482398,-4.273271,-159.692615,-4.890236,176.147586,45.710233,3.765117,0.910144,0.490685
891,8256,173.837360,-0.004479,-1.917566,-153.489621,-4.151868,-774.292599,-1.390387,218.363182,273.223659,4.041796,0.753488,-0.866843
891,8257,102.491330,0.558854,-3.310134,-46.477203,-2.907329,-551.275716,-3.169503,362.052957,249.117692,4.386026,-0.510322,-0.997495
891,8258,235.466806,0.004407,-3.424960,-79.987619,-2.939521,-939.299615,-2.091273,340.515324,243.945609,4.432945,1.676481,-0.042741
891,8259,143.924820,-0.309537,-4.115025,314.527678,-3.261842,-878.664836,-2.942501,252.406761,102.678222,4.535530,0.170081,1.000320
891,8260,99.143839,-1.368646,-2.285728,173.735204,-3.936326,-73.887212,-4.590729,130.946754,55.208175,2.864739,-0.282975,-1.055274
891,8261,304.601636,-0.059592,-1.032646,94.921685,-2.325678,-1133.983945,-2.203772,316.551874,-53.394051,4.816121,1.143757,-1.408137
891,8262,176.323130,0.856604,-2.808477,310.734940,-3.436769,-222.399008,-3.653444,298.705703,128.275527,3.767061,0.307408,-1.505021
892,8263,4.226096,-2.273974,-1.116613,4.924612,0.649040,-1.955540,-0.288599,1.703928,-0.473704,2.732680,0.467395,-0.477150
892,8264,2.677924,-0.706892,-1.072429,0.165580,-1.219160,-3.146623,-4.362845,1.414957,-0.486031,2.021573,0.295946,-2.012905
892,8265,2.387141,-2.928801,-3.356049,-0.702489,-0.057943,-3.476965,-3.124627,2.996653,1.363464,3.485810,1.338553,-1.445489
892,8266,0.858493,-1.860930,-2.921421,2.829217,-0.828045,-1.057668,-3.578121,1.832683,0.158962,3.262295,2.398319,-2.609328
892,8267,1.740540,-3.073182,-2.071275,1.343068,0.409408,-2.409916,-2.698204,1.875723,0.799002,3.131190,0.976550,-1.503154
892,8268,1.074278,-1.922615,-1.784114,4.567566,-1.139351,-3.335109,-4.729132,3.197252,0.907175,2.289557,0.250476,-1.186208
892,8269,2.204557,-2.280782,-2.081264,0.922683,-1.392495,-4.019768,-2.147305,3.387141,-0.281609,4.109133,1.810788,-2.048830
892,8270,4.143859,-2.654330,-2.845533,-0.605255,-1.322966,-2.422902,-1.773187,0.840335,0.329755,3.956064,1.940089,0.314503
892,8271,2.297540,-1.189523,-2.126408,-1.811791,-0.248412,-2.908643,-2.818511,2.322546,0.891099,3.137412,1.158348,-2.798091
892,8272,1.065589,-1.540156,-2.810747,-0.345540,0.139293,-4.613405,-2.417972,2.618702,0.039044,3.679360,1.015362,-0.928933
893,8273,2.456120,-2.478404,-1.682009,2.318113,-0.466243,-2.502868,-3.088814,0.835860,2.000380,4.111718,0.725764,-0.443483
893,8274,3.177212,-1.685910,-3.206916,-0.631809,-0.689972,-2.673420,-0.431634,0.861729,0.614897,3.231921,0.626267,0.089101
893,8275,3.430938,-1.915827,-1.900859,-0.492837,-2.072685,-3.522689,-3.677339,2.163566,0.699483,2.165655,1.908950,-1.271746
893,8276,3.705298,-1.853320,-2.061190,-1.800665,-0.475951,0.167599,-2.466030,1.279804,-0.533802,2.229125,0.372059,-0.054006
893,8277,3.069767,-1.877156,-2.437265,1.841347,-1.369441,-3.580308,-1.055798,3.294251,-0.376640,2.152604,0.400440,-1.447757
893,8278,0.948732,-1.706706,-2.461516,1.647183,-0.281148,-2.804594,-3.002006,0.926079,0.100667,2.983102,1.009767,-2.021443
893,8279,3.508476,-3.459312,-1.991004,-0.832226,-0.002043,-3.749890,-1.987483,2.602454,0.215313,2.350445,1.480727,-1.225981
893,8280,1.511903,-1.803458,-1.063134,0.551519,-2.140734,-2.848371,-2.633108,2.659650,0.663093,3.192794,1.760262,-1.508346
893,8281,0.133828,-1.407312,-3.638364,-0.354625,1.113035,-1.193821,-4.482004,4.089754,0.658872,3.526181,0.899769,-2.074651
893,8282,2.157574,-2.599304,-0.146883,1.012555,-0.928403,-1.658088,-0.170430,2.654325,0.167911,2.693263,1.982477,-3.716955
894,8283,123.100707,-0.757533,-2.944538,438.433997,-3.020653,-768.972370,-3.816997,179.716941,102.657346,3.768325,0.885165,-2.020658
894,8284,167.599051,0.577090,-3.502105,323.878847,-3.129167,-197.188200,-3.232856,80.269893,85.826399,3.932478,1.746326,0.493693
894,8285,233.965182,-0.664339,-3.576664,-67.320784,-2.282716,-388.414228,-3.759654,485.783936,262.395982,5.283927,0.621950,-0.928854
894,8286,34.494154,-0.063161,-4.071258,-112.242771,-2.049000,-532.063412,-1.967027,331.372877,-15.651943,4.013698,0.688557,1.540896
894,8287,157.501446,0.514100,-1.103837,-93.514668,-2.282504,-230.018518,-1.691212,198.221348,-49.189960,4.454518,0.025192,0.159415
894,8288,179.924102,-0.353159,-3.844747,7.376130,-4.739557,-790.869253,-3.004606,210.475532,50.023056,4.591394,1.015572,2.788214
894,8289,206.619651,1.181256,-1.427509,74.067342,-3.427796,36.718014,-4.012658,319.368797,-8.879544,4.426287,1.415502,-0.421137
894,8290,214.797716,-1.731469,-3.814849,605.890740,-3.113357,-472.558186,-4.513931,103.810857,-13.011729,4.827638,1.307506,-0.896918
894,8291,235.037799,-0.029116,-2.681340,418.813530,-3.481463,-991.981961,-2.884261,404.380703,379.194079,4.713510,0.656142,0.371306
894,8292,73.381578,-0.561565,-2.843138,463.069184,-3.873074,-878.110784,-1.170741,271.286791,-32.353728,4.350298,-0.027974,0.458276
895,8293,34.808970,-0.835128,-3.174629,265.180127,-4.585816,-701.581970,-2.392846,255.568377,140.864556,3.515117,0.640426,-1.020586
895,8294,93.970013,0.644280,-4.068199,334.260849,-4.100103,-341.521934,-1.214256,304.338009,78.407425,4.841409,1.519968,0.533578
895,8295,227.737418,-0.914897,-2.386516,206.282658,-4.489554,-380.717191,-1.633556,237.553579,142.910895,4.089091,0.564678,-0.855606
895,8296,276.465071,-0.254292,-2.664841,75.382003,-1.557838,-538.919919,-1.666831,333.915630,183.337489,4.941172,1.094005,2.797772
895,8297,215.606536,0.187367,-4.290850,-326.774099,-2.303303,-803.228725,-2.485961,314.513388,-14.003160,4.834287,0.567068,0.927558
895,8298,31.903547,-0.221133,-3.750178,-294.135181,-3.899740,-385.122497,-2.820522,388.754691,165.279092,5.517203,0.716834,1.474545
895,8299,256.437788,-0.143953,-2.417462,353.154050,-3.465889,-890.466985,-0.981975,335.848443,180.245702,4.607608,0.691230,0.082353
895,8300,210.504159,-1.500547,-1.615258,152.708226,-3.625857,-335.674468,-2.398599,249.835104,56.022836,5.367885,0.627174,0.062368
895,8301,148.408094,-0.188237,-3.030019,197.440923,-3.429700,-862.279303,-2.769754,321.278964,-78.661568,4.250973,0.942946,0.342243
895,8302,177.753271,-0.127664,-4.390988,15.978943,-3.978760,-781.063266,0.198814,198.545227,90.269347,4.838039,0.648907,-0.457061
896,8303,283.600364,0.225396,-4.051184,613.919277,-3.109428,49.603328,-4.029056,206.124871,60.089632,3.887765,1.438222,-0.126151
896,8304,193.066694,0.774636,-4.232447,-524.840857,-4.397699,-1258.657644,-3.412025,281.069437,77.588530,3.422455,0.663044,-0.603216
896,8305,178.750948,-1.231399,-1.338081,-393.051292,-3.613758,-933.880328,-1.184513,41.002614,197.593220,4.910614,0.613992,-0.510240
896,8306,177.601845,0.160433,-2.725914,-63.267060,-2.738531,-800.773275,-1.588563,90.252499,77.352646,4.609220,-0.451461,-0.348567
896,8307,118.125460,-0.308971,-4.474310,146.340791,-2.747504,-1293.180942,-1.625179,421.137125,26.018841,5.144763,1.257567,-1.117264
896,8308,229.335794,-0.822432,-0.478415,245.560043,-3.287570,-1245.007250,-2.415207,115.825203,29.160607,4.075946,0.655824,-0.923911
896,8309,242.176183,0.086048,-3.378405,351.565537,-3.955492,-838.282376,-2.749632,138.141654,40.594805,3.254060,0.836022,-0.465926
896,8310,177.982031,0.391890,-3.487043,52.437134,-2.657930,-518.393471,-1.834761,322.916214,404.005494,3.504937,1.050962,-3.365933
896,8311,220.081045,0.795005,-2.774429,-117.394077,-4.745967,-407.501633,-0.889487,249.800074,133.200426,3.499283,1.095991,-0.399823
896,8312,129.009626,-0.195748,-2.934595,305.895689,-2.756271,-633.498538,-1.310288,406.707347,97.166421,3.970648,0.783364,-0.230497
897,8313,114.033554,-0.665632,-4.637484,257.278823,-4.271304,-330.572566,-4.528920,297.089146,52.632387,4.285121,0.282317,0.571647
897,8314,257.922884,-0.546463,-3.480812,275.053345,-4.010172,-148.571260,-1.166091,246.542979,99.067731,3.766095,-0.179185,-2.140983
897,8315,148.751462,1.154680,-4.483784,123.100855,-1.917169,-1025.283723,-2.732943,390.508345,182.346237,3.765270,0.728229,2.462592
897,8316,161.128080,-0.117511,-3.139354,-1.384100,-3.442391,-728.530663,-1.260348,269.412761,125.785956,4.177974,0.893081,-1.735034
897,8317,47.407726,-1.285464,-4.862839,-148.970069,-4.197402,-946.040163,-1.952155,151.037710,39.425697,4.286267,1.436202,1.083715
897,8318,212.702911,0.632659,-3.214370,9.596466,-3.641260,-291.705746,-2.565634,244.143670,24.325385,2.913117,1.352666,-0.795145
897,8319,115.597970,0.452162,-4.128200,93.494528,-4.158058,77.148590,-2.327421,340.164611,57.943839,4.468103,1.234186,-1.869946
897,8320,196.392985,-0.113892,-3.271683,128.103567,-3.714222,-1315.897070,-1.362681,231.776772,5.689506,4.639990,0.712219,2.470412
897,8321,135.183787,-0.281132,-2.876711,222.936301,-3.273393,-475.701685,-1.633825,291.115255,44.063115,3.493279,1.400854,-0.364470
897,8322,150.586919,0.264711,-3.517675,-56.957671,-3.166965,-736.259409,0.669623,353.489180,127.073274,4.048150,0.747576,-0.540298
898,8323,1.868998,-2.968796,-1.903049,0.291537,-0.170701,-6.892911,-0.242552,2.809227,0.023815,2.855357,1.756100,-0.907044
898,8324,3.649512,-1.676795,-1.987305,0.911929,-0.358508,-0.198224,-0.802675,1.750647,0.462598,1.668189,1.351673,-1.149333
898,8325,3.088305,-0.663062,-1.987390,-2.957217,1.234516,-3.149740,-1.076857,1.738631,0.889315,2.142102,0.140401,1.342216
898,8326,1.213222,-2.924356,-1.273224,3.064182,-2.141431,-2.097412,-4.013912,2.098315,0.490436,2.368302,1.363848,-0.946617
898,8327,3.325899,-2.104129,-1.645566,0.756387,-1.665291,-1.639018,-2.078608,1.203227,1.332695,2.236000,1.330321,-2.229633
898,8328,3.269152,-3.556553,-1.327388,0.699635,-1.925406,-3.857880,-3.454858,3.587277,-0.121994,3.552461,1.304763,-2.466892
898,8329,1.317636,-3.946109,-1.922330,0.147183,-0.978672,-0.801988,-1.610698,4.097109,0.103413,2.741033,0.782365,-2.172705
898,8330,3.319540,-1.330595,-1.601947,0.231416,-1.665700,-5.764290,-1.590528,2.354383,0.837226,2.732243,0.113595,-1.484468
898,8331,2.051048,-2.813112,-1.683728,1.396993,-1.653881,-3.892825,-0.638660,1.776154,1.324808,2.877343,0.989065,-1.310765
898,8332,2.505797,-1.569200,-2.011513,-2.232094,0.148652,-0.730061,-2.946043,2.079377,0.460716,1.823095,1.833159,-0.872792
899,8333,175.928334,-0.076933,-2.694097,360.233647,-1.973024,-496.998164,-3.003926,231.072833,232.759136,4.439153,1.314001,-1.529122
899,8334,197.261554,0.200935,-2.481197,815.530892,-3.152104,-448.267253,-2.544304,237.853868,-37.668428,4.603337,0.867070,-0.374046
899,8335,252.119367,-0.722982,-3.602937,234.690718,-1.965719,-1196.475332,0.902971,324.641427,107.193100,3.931014,1.266440,0.977950
899,8336,156.819711,1.118926,-2.500121,428.410224,-4.337684,-686.564480,-2.627098,375.132155,294.248053,4.831946,1.087591,2.027262
899,8337,108.049266,-0.430472,-2.483072,200.317715,-2.914002,-504.150972,-2.965647,247.586941,81.627782,5.098649,-0.498286,1.107291
899,8338,184.495854,-1.081274,-2.415024,-279.253807,-4.779389,-1142.377062,-1.182788,354.443607,-31.102773,4.818586,1.769218,0.094767
899,8339,212.700022,-1.385170,-2.625868,-219.724388,-4.459414,54.286080,-2.435936,192.048275,277.328399,3.301070,0.593641,-0.613208
899,8340,170.842250,0.483393,-4.140528,476.039302,-3.194975,-18.843012,-1.848009,230.466950,-26.954469,4.806824,0.234337,0.603826
899,8341,284.807686,-0.189411,-3.159661,-159.503893,-2.965850,88.643385,-4.197862,236.297004,160.287613,4.112995,0.277222,0.773780
899,8342,173.822300,0.880446,-3.165915,242.977605,-5.229672,-1141.570835,-2.128200,112.027776,197.766942,4.647154,0.645268,-0.724980
900,8343,0.942805,-1.953040,-2.734558,0.225696,-1.156495,0.269767,-0.409601,2.707452,0.964679,2.017502,0.357690,-1.201941
900,8344,3.214102,-2.524639,-4.749041,-0.221450,-1.851895,-4.162009,-1.664298,3.590225,-0.534443,1.226622,0.993106,-1.798754
900,8345,3.896538,-2.171219,-0.533299,0.099304,0.428930,-4.789031,-1.816233,1.940334,0.791048,2.045833,0.584887,0.545624
900,8346,2.870212,-1.547896,-3.118708,-1.054125,-0.084605,-2.933904,-1.218818,2.426464,0.187779,3.405891,0.230261,-0.792636
900,8347,4.406587,-2.247565,-2.272131,0.992564,-0.075255,-5.106820,-2.809996,2.365274,0.722405,2.693025,1.324869,-0.577981
900,8348,0.243509,-1.031381,-0.989890,1.052135,0.543589,-5.236173,-3.843038,3.505843,0.925320,1.417756,1.385511,-1.888534
900,8349,2.195889,-1.788467,-0.934803,2.407098,-1.786784,-3.303992,-1.754672,3.027780,-0.514969,2.816480,2.140731,-0.950458
900,8350,2.102146,-2.392073,-2.397617,-1.711180,-0.253898,-0.573729,-1.573149,3.124089,-0.560556,2.090155,2.529889,-0.412359
900,8351,5.332668,-2.141853,-2.587351,1.109074,0.063978,-2.298938,-3.574078,1.318874,0.599564,4.055702,0.648288,-1.717621
900,8352,1.288678,-0.972873,-3.251704,-2.159238,-0.737380,-1.239148,-1.349058,2.272822,-0.121384,1.318656,1.716127,-1.423003
901,8353,2.573250,-1.238941,-2.078827,-1.727822,-0.791348,-4.786002,-2.339451,2.345690,2.052040,2.404766,0.724404,-1.717601
901,8354,2.500697,-2.501772,-2.667619,-0.256052,-1.549226,-1.971070,-3.042897,3.195615,0.943928,3.808061,1.559225,0.302018
901,8355,2.725209,-2.018796,-0.948938,-1.396645,-1.554090,-1.851066,-3.652553,0.935425,0.778357,1.989126,0.793103,0.018066
901,8356,2.900479,-2.502060,-3.057573,-1.073979,-1.972015,-2.186530,-2.080895,2.089660,0.259384,2.811252,0.236954,0.675205
901,8357,1.982576,-2.228261,-4.475454,1.083505,0.141256,-2.777917,-1.858266,2.665487,0.429291,3.357712,2.068418,-0.811562
901,8358,1.878752,-2.681145,-3.329076,-0.802797,0.550710,-1.960566,-2.325001,3.147111,0.423367,2.746230,-0.079104,-0.496849
901,8359,2.540220,-2.961879,-1.151565,0.582793,-1.724518,-2.017116,-0.787758,2.790197,-0.727253,3.652062,1.661634,-1.702780
902,8360,189.083150,0.123850,-2.906577,395.862517,-2.649619,-223.751991,-4.328342,285.488672,62.756961,3.325729,-0.150144,0.559429
902,8361,163.996834,0.893595,-1.227467,-184.609376,-4.424706,-90.620814,-2.744804,243.959002,162.819375,4.182134,1.630750,-1.074934
902,8362,207.551275,-1.195915,-2.899977,227.800697,-3.170937,-232.992335,-1.848647,360.290520,88.653602,5.097408,0.396045,-0.272634
902,8363,210.709504,0.507405,-3.618758,149.036062,-3.407198,-473.719942,-4.749734,245.695428,32.185644,3.968409,0.911335,-0.096075
902,8364,230.266760,0.749249,-3.864549,-119.306732,-2.682127,-741.846442,-2.858447,373.403219,149.595239,4.562493,1.452561,0.764167
902,8365,83.112259,-0.163047,-2.762665,85.123571,-2.739641,-1480.814651,-1.990723,287.924331,147.628991,4.170781,0.415131,1.569769
902,8366,149.291797,-0.069424,-2.755191,11.659443,-3.536218,-687.657729,-2.930912,261.247221,39.874634,4.545405,1.586618,-1.648909
902,8367,76.021318,0.735592,-2.474035,102.175403,-2.521261,-810.088595,-4.629545,258.688114,293.589496,5.046388,0.616009,0.850270
902,8368,272.220154,-0.385537,-2.024271,83.460832,-3.211322,-1507.418260,-2.240968,316.750074,201.101611,4.562760,0.264291,-1.085345
902,8369,-13.938511,-0.898766,-2.733930,146.636605,-4.137354,113.698914,-4.187550,358.864110,196.894137,4.410628,1.520427,0.633659
903,8370,2.499444,-1.260455,-3.020266,-0.661487,-1.290187,-1.342180,-1.816011,0.965566,0.310967,3.494558,1.266851,0.009317
903,8371,2.391956,-3.152536,-0.728375,-0.882211,-0.270518,-1.513103,-0.350684,2.727648,0.785703,2.666703,0.515161,0.843104
903,8372,2.388877,-1.146739,-0.847007,2.067169,-1.171064,-0.456627,0.534387,3.189970,0.119341,2.717687,1.172726,0.061980
903,8373,2.394416,-1.655265,-2.150300,1.056264,-0.004367,-3.155475,-2.694779,2.101531,-0.230362,3.306888,1.879408,-2.757496
903,8374,2.619336,-2.106160,-1.670470,1.763658,-1.735638,1.106570,-2.371618,1.680492,1.035727,1.749541,1.398317,-0.749684
903,8375,3.441119,-2.808924,-1.075257,3.021847,0.524939,-1.344219,-1.513128,1.469015,-0.387737,2.809921,0.968863,-0.624711
903,8376,3.203928,-1.226064,-2.783631,2.853566,-1.435344,-0.150177,-2.126351,2.887718,1.325729,1.915705,0.547726,-1.733456
904,8377,93.658840,0.170183,-1.532638,-200.502258,-3.421733,101.330224,-3.428978,181.811889,91.751871,4.336684,-0.714237,0.404761
904,8378,210.556423,0.750721,-2.101157,456.772622,-1.949287,-254.810362,-1.394049,159.356719,18.854252,4.302588,1.103716,0.636730
904,8379,88.895983,0.886833,-2.250895,6.183982,-2.276620,-257.479763,-1.441063,296.666622,149.773981,3.388745,0.297944,3.157942
904,8380,22.017505,-1.507674,-1.481690,95.243637,-2.574948,-141.968955,-4.038606,412.004607,12.758579,4.091914,0.467208,1.822471
904,8381,207.728173,0.729740,-2.304758,-175.232602,-3.334301,-223.890713,-3.053357,190.378835,20.457675,4.306704,0.957152,1.341569
904,8382,227.451762,0.377688,-3.871309,-15.778021,-3.444697,-93.645396,-1.946385,391.213899,190.775890,4.688951,0.742634,-0.324060
904,8383,231.416688,-0.732944,-4.047674,470.166136,-3.957042,-1566.152192,-3.008206,129.739653,-42.930934,3.941951,0.538898,0.137431
904,8384,249.766323,-1.284956,-2.312827,103.174850,-5.474336,-869.463264,-4.138989,195.958197,388.564721,5.259139,1.376076,-0.157409
904,8385,172.353477,0.222061,-2.772529,144.262387,-4.738420,-269.465364,-2.564610,258.673645,68.251235,4.746161,-0.274410,0.465152
904,8386,160.692558,1.331892,-3.044698,-56.842495,-2.722721,-434.155914,-3.197434,461.991586,224.368001,4.744937,1.711089,0.334699
905,8387,5.725888,-2.543189,-2.992753,0.356539,0.212225,-4.758234,-3.608618,1.448649,0.729870,2.812617,0.338231,-1.549662
905,8388,2.856402,-3.463422,-3.010742,-0.601445,-0.110459,-1.681759,-1.292795,2.931793,0.574244,2.406132,2.372204,-0.933385
905,8389,4.617786,-1.669342,-1.556885,0.550599,-0.061155,-3.962865,-2.250336,2.966540,-0.244082,3.621289,0.955081,-1.750526
905,8390,2.709790,-2.791382,-0.937966,-3.125102,-0.252912,-2.202736,-1.820212,3.260087,0.987122,2.771040,0.646113,-2.078649
905,8391,2.560239,-1.933584,-1.670265,-3.382862,-1.907874,0.492349,-2.231562,3.036223,0.611544,2.442772,1.164286,-3.169797
905,8392,4.529620,-2.629893,-1.534854,0.764020,-0.328801,-0.184909,-2.316092,2.043350,-0.297875,3.100449,0.632691,-1.709043
905,8393,3.940973,-3.530184,-3.503606,2.313178,0.968696,-2.404149,-3.471868,1.297146,1.149713,2.852483,0.785938,-1.153630
905,8394,1.698290,-1.982877,-3.541814,1.363667,-0.335104,-4.484908,-3.404835,0.788722,1.273250,2.616397,0.969415,-3.284846
905,8395,3.012287,-3.060618,-3.076685,2.735958,-2.078098,-2.503839,-1.938692,1.753220,-0.040255,2.934120,1.055415,-0.696542
905,8396,2.263979,-2.029311,-1.548836,2.522533,-3.387045,-2.889566,-1.731449,1.742646,1.156731,2.288257,0.802181,-1.227424
906,8397,2.665258,-1.308559,-2.966709,0.291362,-0.817536,-3.689351,-3.057454,2.045077,0.255480,2.941136,2.214463,-1.892622
906,8398,3.473870,-2.393815,-1.237985,-1.343888,-1.632481,-1.695387,-2.999966,2.629596,0.816205,3.211164,0.414735,-2.176368
906,8399,0.138693,-3.094873,-3.012133,-3.317321,-1.472927,-3.212153,-3.447776,0.810211,-0.226976,4.151527,1.157140,-1.744527
906,8400,1.474433,-2.307042,-1.147839,-0.074914,-0.500630,-4.396848,-3.239853,2.711539,1.836693,3.517229,1.770250,-1.837005
906,8401,2.247328,-2.302772,-1.832499,2.427210,-1.771245,-3.657304,-1.132339,2.593009,0.261325,2.883408,0.325568,-0.550789
906,8402,1.796664,-2.527927,-2.911513,-2.034926,-0.829097,-1.693729,-3.021169,2.062361,-0.488906,3.152221,1.175578,-0.371417
906,8403,2.683972,-1.871054,-4.745554,0.761667,0.823454,-0.930288,-2.290288,1.926514,-0.385313,2.740940,1.098402,-0.994134
906,8404,4.746144,-0.941990,-2.210743,1.166905,0.742654,-2.080852,-0.264298,2.496250,0.278198,2.539534,1.734560,-1.806069
906,8405,1.690706,-2.063611,-1.964368,-1.721979,-0.744711,-2.654046,-1.022054,2.126946,0.577824,3.272986,1.293232,-2.360408
906,8406,3.799102,-0.917649,-2.917192,3.025646,-0.474695,-3.494798,-0.918599,1.871673,1.080926,2.510328,0.469005,-0.854359
907,8407,2.106985,-1.810403,-0.181131,-0.989401,-0.797463,-4.364454,-2.351631,1.751641,-0.467927,4.134093,1.029614,-3.757857
907,8408,2.407731,-2.313052,-0.950566,0.022803,-0.979137,-3.955113,-0.524066,1.880707,0.274381,3.874785,0.341032,-1.421987
907,8409,2.465688,-2.426334,-2.104059,-0.426960,-1.109345,-0.132773,-2.749168,2.277774,1.112787,2.784823,0.374625,0.995822
907,8410,2.342230,-2.236282,-2.064530,-0.310763,-1.002168,-0.502031,-3.180297,2.774219,1.404877,3.222528,0.286077,-2.295725
907,8411,0.667793,-1.559592,-1.736980,1.588779,-0.435862,-5.264399,-2.540723,1.875225,1.258630,3.648758,0.997226,-0.970453
907,8412,1.823991,-2.111318,-3.486553,-0.249337,0.821250,0.359462,-3.100068,0.443290,1.353149,2.255588,0.362367,-0.032812
907,8413,3.352486,-1.007214,-3.110164,-0.033446,-1.277753,-0.880313,-4.638820,2.292866,0.191295,2.220377,0.867581,-0.426073
907,8414,4.094308,-1.673257,-2.806699,0.202450,-1.236255,-3.341954,-1.793495,3.123741,-0.564003,2.894166,0.442032,-2.515762
907,8415,2.815595,-3.016649,-0.755222,0.654693,0.970878,-2.975147,-3.235426,1.150771,0.004318,2.560840,1.138590,-1.291985
907,8416,3.349258,-2.087441,-1.569526,3.201186,-0.199568,-4.922620,-2.369091,2.272973,0.640158,2.746943,1.568415,-0.125420
908,8417,2.651031,-1.041812,-3.568613,-0.047020,-0.553236,-1.016995,-2.790991,1.884000,1.012970,3.358694,2.218201,-1.631476
908,8418,2.440130,-1.068447,-2.195883,2.616904,-0.023371,-3.275273,-2.826850,2.896399,0.696184,3.747780,0.958900,-0.999503
908,8419,3.853502,-2.253463,-1.492841,0.430239,-0.766786,-2.509290,-2.464735,1.857245,0.888920,2.820741,1.575756,-0.426649
908,8420,4.790609,-2.279315,-0.933092,0.284720,-0.766884,-1.669533,-1.904723,1.879178,0.174503,2.306128,1.187120,-2.563381
908,8421,3.256896,-1.228389,-1.366649,-0.112029,-1.198907,-0.579123,-3.171620,2.379803,-0.088605,2.879397,1.104714,-1.625785
908,8422,2.664858,-2.195541,-3.726493,2.922733,-1.036792,-2.716313,-0.830208,1.278699,0.492208,3.363434,1.766235,-0.863073
908,8423,2.099755,-2.211066,-2.199067,2.684343,-1.054640,-1.633798,-3.242712,2.684327,-0.097520,2.851626,1.035879,-0.580100
908,8424,2.678576,-2.346209,-1.131209,4.631038,-1.048368,1.253146,-3.863212,3.542807,-0.451728,2.944464,0.504992,-1.716946
908,8425,2.001232,-2.513747,-1.030895,-0.239993,0.372159,2.774447,-2.847070,1.939790,-0.320211,2.867778,0.704034,-2.399230
908,8426,2.105090,-1.603227,-1.817172,0.890329,-0.892746,-1.891515,-4.123889,2.029220,0.779059,3.079874,1.529364,0.585013
909,8427,146.957387,0.567737,-3.070465,149.242433,-2.922332,-830.783956,-0.901733,192.966950,82.758315,4.561342,1.465725,1.199294
909,8428,301.949212,-0.240129,-3.958043,83.599570,-3.184649,295.429813,-2.826681,177.852259,65.256799,3.811004,1.394753,1.646810
909,8429,135.404529,-0.001435,-0.437453,-25.630836,-2.838996,-926.725774,-3.088699,188.846186,91.649871,3.957458,0.030034,-0.945241
909,8430,172.311149,-0.189180,-1.276678,338.237892,-3.981008,-484.858017,-2.860615,365.242904,368.037218,4.310792,1.265951,0.298617
909,8431,166.548097,0.173887,-2.063117,826.036931,-2.589434,-1254.992482,-2.283775,165.171934,326.014898,5.145782,1.358788,1.094908
909,8432,203.380028,0.196550,-1.089657,209.532531,-2.323836,411.730818,-1.438370,346.671902,131.530977,3.271815,1.349561,-1.083865
909,8433,229.583464,-0.317544,-3.315415,124.178117,-3.811879,-619.413123,-1.104877,246.750166,-93.515663,4.668294,0.247937,-1.494883
909,8434,79.739719,0.172937,-3.539211,-175.994578,-2.824967,-556.968567,-2.340692,260.968536,147.590560,4.703169,1.386014,-0.737610
909,8435,282.082346,0.447333,-3.894914,-320.294553,-2.630465,-1247.820968,-3.648230,296.483847,-60.652206,4.392219,0.755881,0.926951
909,8436,165.325807,0.480823,-2.726403,133.885180,-4.527398,-674.852186,-2.269298,330.506703,418.692722,3.766432,0.700733,2.567590
910,8437,3.642356,-1.742298,-1.218403,1.446588,-0.782435,-1.477923,-4.264693,2.555116,0.316536,2.283198,1.458464,-1.505050
910,8438,3.276132,-1.901752,-2.759047,0.692515,-0.894363,0.450209,-1.104037,2.706613,0.191293,3.581120,1.490930,-0.952045
910,8439,1.981565,-2.319747,-0.926689,-1.269777,0.743203,-4.099281,-2.161065,4.433183,0.450036,2.479707,0.232122,-0.641544
910,8440,2.690761,-1.429249,-3.301477,3.154279,-0.704501,-2.295115,-2.373102,0.828204,0.646237,2.980980,0.576932,-1.171943
910,8441,2.120547,-3.072440,-1.013120,2.939248,0.010245,-1.886048,-1.384241,1.758207,-0.256310,2.459146,1.139208,0.143571
910,8442,1.992617,-2.596338,-0.909846,-1.007188,-1.326240,-1.872843,-1.921442,0.686819,0.549917,2.274140,0.591251,-0.314993
910,8443,1.720873,-2.395513,-4.711348,1.616967,-1.286015,-3.907619,-4.688659,1.417212,0.066557,2.943552,1.023631,-0.553778
911,8444,107.370057,0.821939,-3.693543,-267.200644,-3.369926,-1106.752257,-4.143170,379.776260,167.072556,4.443307,0.743758,-0.951310
911,8445,203.975568,1.275012,-1.818020,32.520507,-3.135103,-3.299514,-3.139515,161.378030,307.802441,4.864003,1.263909,0.427063
911,8446,214.964367,0.725656,-3.586131,79.264652,-3.947414,-61.449064,-2.218505,277.600237,139.191318,3.214372,-0.301864,-1.076920
911,8447,143.147225,-0.003115,-3.517793,-378.139825,-3.004101,-1116.341278,-3.514779,353.309971,-24.269387,4.070921,1.710974,-0.214166
911,8448,295.890267,0.795359,-1.815166,-295.069073,-2.347230,-343.580720,-1.979835,162.710840,209.892890,4.292276,1.277440,0.196066
911,8449,135.900277,-0.367430,-4.389792,146.260300,-2.768671,-1038.984050,-3.824812,216.921988,34.740290,4.461068,1.144385,0.494494
911,8450,328.444542,0.074840,-3.885883,-88.212868,-3.137385,-457.490964,-3.203556,284.559723,33.004969,4.327026,0.443127,0.388755
911,8451,181.299926,1.411887,-3.094248,-301.519657,-3.639878,-239.427905,-2.483712,295.586275,93.450778,4.143462,-0.078780,-0.580903
911,8452,181.070099,-1.032590,-4.240686,-211.560812,-4.597023,-79.690558,-2.654356,183.205378,86.839313,4.148007,0.196655,-0.333404
911,8453,263.073805,-0.366836,-2.616414,-224.586281,-3.430232,-775.519679,-1.401107,264.294018,6.891943,3.792369,0.613576,-0.373463
912,8454,2.654696,-2.694682,0.245896,0.548168,-0.176939,-3.595081,0.090060,1.358058,0.349881,4.043086,0.067138,-3.979950
912,8455,2.754897,-1.821352,-1.857991,2.713884,-0.817635,0.047990,-1.497572,3.515135,0.083310,2.830823,1.211282,0.576831
912,8456,2.567276,-1.634235,-3.468291,0.314757,-0.527267,2.404330,-1.164281,2.533854,0.448530,2.028457,0.588109,-1.956345
912,8457,2.300292,-0.102494,-1.766328,1.764964,0.597199,1.293480,-2.443414,1.417479,0.325105,2.793291,1.009497,0.236525
912,8458,2.271525,-1.185029,-1.583423,1.335546,-1.497812,-3.038937,-2.312730,2.877556,-0.174672,2.075962,1.593475,-1.506950
912,8459,2.323984,-1.681616,-1.871989,0.102129,-0.610697,-3.895065,-2.663270,3.525198,0.499293,2.899651,1.254651,-0.534792
912,8460,3.170934,-1.609878,-2.304091,0.093211,-0.825484,-0.459752,-1.797163,1.707157,1.647552,2.372785,1.447775,0.830999
912,8461,3.487741,-1.449003,-3.013809,2.159538,0.845885,-3.325582,-1.871145,2.305444,0.740985,2.636216,1.670345,-4.840026
912,8462,2.489516,-2.033168,0.082202,0.501845,0.054581,-1.179027,-2.056466,3.682613,0.912537,2.371852,1.230288,-0.515541
912,8463,1.115268,-2.063968,-1.300372,-0.211066,-0.557824,-1.433646,-2.005534,1.912003,0.943301,1.596343,1.635463,0.134780
913,8464,2.663693,-0.673060,-2.916391,0.303214,-0.809514,-3.099441,-2.054459,2.443763,0.277162,2.974074,0.699120,-2.499432
913,8465,3.221811,-2.547932,-3.794773,2.742732,-2.599447,-4.556900,-2.623489,2.098453,0.444997,3.033685,0.637031,-2.538865
913,8466,3.629916,-1.890846,-3.770866,0.261942,0.011585,-1.930548,-1.614192,1.116031,0.424936,3.093036,0.458452,0.626119
913,8467,4.533089,-2.805241,-3.213032,1.958673,0.418154,-3.981850,-3.949184,1.940505,1.026195,3.139283,1.179830,-1.879784
913,8468,1.785030,-2.146163,-2.155721,0.570193,-0.449139,-5.399366,-1.528082,3.398787,-0.198050,2.501078,1.065037,-1.060866
913,8469,3.473162,-1.419968,-2.069410,0.110555,-0.764196,-2.007882,-3.226958,3.198598,0.966518,1.955031,1.012226,-0.532995
913,8470,3.214260,-3.742977,-1.703604,-0.866239,-0.477436,-4.898713,-2.134293,2.379919,0.855775,2.650602,1.575187,0.141446
913,8471,2.673432,-2.333320,-1.924881,-4.835181,0.071617,-1.046519,-3.674620,1.703943,0.016009,2.453290,1.501257,-0.605978
913,8472,1.193003,-1.745507,-2.468011,2.908659,-1.467750,-3.671526,1.248131,1.240673,0.181044,2.891700,0.451505,-1.484873
913,8473,3.306558,-2.397682,-2.160202,-0.626148,-0.809276,-2.614140,-1.062431,1.755546,0.136673,3.948229,1.880100,-1.613792
914,8474,1.358472,-2.858173,-2.653996,3.770295,-0.820865,4.153312,-1.745560,2.743944,-0.157308,2.061267,0.732323,-1.265481
914,8475,1.446007,-3.170888,-3.515472,2.540170,0.460708,-3.079141,-2.416943,3.142487,0.646962,2.689219,0.544211,-0.252915
914,8476,1.686592,-1.710869,-4.492358,0.064470,-0.655208,-1.510162,-1.536346,2.715241,0.170927,2.749587,1.095984,-2.772835
914,8477,3.342821,-1.842555,-1.341455,-1.019617,-0.249597,-2.844609,-0.903214,3.381999,1.749097,3.143109,0.604103,-2.153685
914,8478,1.887730,-0.181363,-3.701099,1.600810,-0.543609,-2.100613,-0.567923,2.784781,0.855581,2.116302,0.492055,-1.309865
914,8479,0.510535,-1.180567,-3.789562,2.229914,-1.419280,-1.682993,-1.898633,1.661890,-0.204731,3.354938,1.624943,-0.641928
914,8480,2.011555,-2.377112,-2.291860,1.315609,-0.558400,-2.062689,-2.311913,2.003785,1.616611,2.835107,1.122359,1.064206
914,8481,2.019250,-1.883172,-1.766763,1.598917,0.084013,-3.356714,-5.274677,1.581141,0.209903,2.639325,0.508543,-1.118480
914,8482,2.781478,-2.341032,-1.333569,-0.305386,1.070217,-4.637762,-0.577226,1.621092,1.178799,3.507594,1.280445,-2.579126
914,8483,2.547849,-1.229714,-3.200613,0.328667,-1.779535,1.077476,-3.669791,1.840439,0.450649,1.737171,0.246189,-1.785201
915,8484,2.627181,-2.514745,-3.115564,0.889085,-0.955961,-3.362216,-1.735631,1.357248,0.935059,2.255590,0.973493,-1.004530
915,8485,3.079659,-2.748811,-1.812979,2.726943,-0.623790,-2.835172,-0.648131,2.549304,-0.297920,3.324030,2.238475,-2.157162
915,8486,4.538260,-2.014012,-1.630567,-0.170970,0.242919,1.313901,-4.210278,2.189395,0.292176,4.003049,2.629170,-0.842228
915,8487,2.974758,-2.753653,-2.547264,-0.423651,-2.620962,-5.992882,-1.796642,1.721144,0.234865,1.934746,1.120725,-1.926307
915,8488,2.697219,-1.395518,-2.764487,-1.886212,-0.181419,1.094569,-3.607194,1.564490,1.202275,3.051427,1.541202,-1.897321
915,8489,2.504927,-0.857602,-2.218360,-1.915176,-0.918492,-4.190247,-1.969232,1.130240,0.103815,2.767358,0.508595,-1.669851
915,8490,2.640666,-2.647436,-0.838574,-0.686315,0.250307,-3.346533,-3.805110,1.538579,0.425374,3.384056,0.235449,0.749067
915,8491,3.207704,-2.512131,-2.377836,1.735905,-1.998040,-2.492738,-3.164531,2.704315,0.179677,3.994133,1.387591,-1.627010
915,8492,1.700042,-1.972675,-1.003031,3.270795,-0.616860,-1.717566,-4.556952,1.685713,1.096298,2.770974,0.988554,-3.452546
915,8493,2.345802,-1.319568,-2.805322,1.553094,-2.039210,-4.251993,-1.558526,2.600148,1.167330,2.700077,1.369421,0.243415
916,8494,2.155377,-2.479804,-2.778132,-2.244294,-0.072278,-4.655804,-1.761484,2.432083,-0.152061,2.734715,0.926265,1.871085
916,8495,1.657386,-1.293161,-3.109794,1.481726,0.166584,-2.356330,-2.259174,1.878244,-0.620276,2.901283,1.544696,0.744578
916,8496,3.056636,-2.022126,-2.192640,1.144643,-1.922620,-2.808281,-2.851982,2.411323,-0.702702,1.956361,1.499962,-0.686267
916,8497,2.343600,-2.476656,-2.656682,2.986215,-1.021751,-3.840858,-1.230418,1.453780,0.867421,2.113995,0.733505,-2.773447
916,8498,3.611101,-2.535996,-1.902814,3.345279,-1.734665,-0.962472,-2.808875,0.543841,1.396344,2.003527,1.498208,0.785569
916,8499,2.353186,-2.448056,-2.831418,2.772598,-0.899642,-3.182581,-3.266930,3.530411,1.081360,3.286903,1.146986,-0.966372
916,8500,2.916660,-1.407301,-2.522989,1.666665,0.349816,-4.897717,-3.259998,0.712208,0.350433,2.902403,1.418779,1.580779
916,8501,2.919785,-2.315374,-2.024788,-1.631403,-0.965586,-2.618504,-3.239394,3.017375,0.066337,2.216987,1.281782,-2.041099
916,8502,0.559841,-1.732985,-2.476918,2.178577,-0.845531,-3.883558,-1.815137,1.208834,0.477407,2.312096,1.326901,-1.037784
916,8503,2.567352,-1.764697,-1.962825,3.994286,-1.237784,-5.757409,-3.234743,3.191104,0.429801,3.309644,0.654933,-0.385843
917,8504,1.908724,-1.522524,-2.195895,3.146303,-0.323457,-2.241584,-0.739187,1.725065,0.633403,3.784659,1.202326,-2.228058
917,8505,2.419292,-0.742270,-3.482446,0.245165,-0.747884,0.825035,-3.352607,2.146126,0.022732,2.933988,0.735588,0.112058
917,8506,2.436052,-2.443117,-1.295142,0.460166,-0.786234,-3.635340,-1.560123,4.104786,-0.046174,3.250583,0.278642,-0.187287
917,8507,2.105195,-1.954317,-4.386506,-1.221327,-0.118254,-3.880541,-3.594859,4.041941,0.585418,3.262265,1.799276,-1.428254
917,8508,1.416756,-0.712684,-1.163377,-0.475477,0.609676,-5.955136,-3.742465,1.981615,0.243452,2.441921,1.900119,0.335456
917,8509,1.876344,-3.497341,-2.896812,-1.383030,-0.863316,-6.221185,-1.330892,1.413355,0.836157,3.502750,0.555261,-1.791650
917,8510,2.478588,-1.503666,-3.129173,1.287197,0.855351,0.156945,-3.084181,2.758137,0.979013,4.209819,0.055965,-1.315511
918,8511,3.805332,-1.063577,-2.617502,0.352530,-1.121397,-3.525618,-1.855678,2.278724,1.143692,1.852772,1.711081,-0.563793
918,8512,1.494520,-2.932609,-1.721706,1.325705,-0.289058,-3.739656,-0.182949,2.090721,-0.080398,3.100558,1.009127,-2.205967
918,8513,2.192789,-1.517870,-2.252469,0.960290,-0.295864,-0.249797,-3.600968,1.546586,0.495419,3.764101,-0.242120,-3.175997
918,8514,1.410701,-1.931335,-0.244836,3.104521,-0.601365,-0.461905,-4.536225,3.406540,-0.382021,1.940114,1.071162,-1.496907
918,8515,1.653965,-1.328538,-1.611093,0.591305,-1.436950,-2.381854,-2.955057,1.772659,0.405058,2.724414,0.409614,-1.696257
918,8516,1.965533,-2.296130,-1.251295,0.478675,-0.922792,-6.850818,-4.839436,0.868826,0.088983,2.253624,-0.357419,-2.303329
918,8517,3.839198,-3.149925,-2.188304,0.116935,-0.922613,-2.775575,-3.357582,2.923774,0.639949,2.253167,0.741341,0.003820
918,8518,1.576659,-2.441011,-3.474693,1.043552,-0.449989,0.054122,-3.288255,0.923627,1.460987,2.796174,0.846837,-0.469553
918,8519,1.865840,-2.215525,-3.173045,-2.121528,0.377750,-3.137124,-2.058608,0.868126,0.420639,3.437493,0.776165,-1.672261
918,8520,0.761059,-2.211806,-2.924137,4.300514,-0.990190,-2.399125,-2.537502,2.032042,-0.966737,1.964956,0.462494,-0.237431
919,8521,2.727426,-1.178122,-2.135239,1.157283,-0.279763,-1.926533,-3.206123,2.280658,-0.149797,3.105675,2.006951,-0.095239
919,8522,4.322785,-2.196185,-1.758124,2.530807,-1.075317,-1.044331,-1.953604,2.731312,0.073742,2.170148,1.371590,-2.414226
919,8523,1.677359,-3.392415,-2.240765,-0.824970,-1.163184,-2.414538,-1.325928,2.408662,0.988272,2.554337,1.294006,-0.165664
919,8524,1.324196,-0.214837,-2.926721,-1.756483,-0.406561,-5.695252,-3.512319,4.030126,0.424682,3.399182,1.150454,-1.991425
919,8525,1.821587,-2.948085,-2.183287,2.725647,0.348282,-1.899106,-1.661757,1.218879,0.576956,2.847477,0.895377,0.618220
919,8526,2.544264,-2.407370,-2.782898,3.739278,-0.809421,-1.022725,-3.789922,2.085500,-0.348175,2.940876,0.557226,-0.181915
919,8527,3.234303,-2.352572,-2.972397,1.222437,-0.918041,-3.774568,-1.355288,1.468893,0.955321,2.925311,1.330728,-0.390531
919,8528,2.499030,-3.790210,-2.657961,-3.280673,-1.324205,-2.980161,-4.065821,1.991586,0.806981,1.343209,1.935761,-2.124707
919,8529,2.379727,-2.846106,-3.138057,2.822068,-0.996400,-1.960156,-1.610810,2.415602,-0.004662,2.925382,0.248731,0.263997
919,8530,-0.195268,-2.092865,-0.842463,1.696714,-0.484098,-2.967227,-3.458821,3.081631,1.737998,2.852615,2.126642,-0.510466
920,8531,176.605508,-1.012557,-3.476240,328.573445,-3.108529,-701.940807,-1.266051,352.736853,-40.690525,4.582568,1.332875,-0.363040
920,8532,116.424850,-0.048755,-2.828027,54.495386,-3.391913,-589.592710,-3.184841,249.525438,78.076023,3.431081,0.784926,0.913462
920,8533,134.533977,-0.683388,-1.482845,-33.634533,-3.661274,108.027990,-4.245804,333.439724,58.390472,4.808822,0.337529,0.915297
920,8534,104.642924,-0.743910,-2.712581,231.747396,-2.657245,-260.433503,-1.703629,228.245872,21.093074,3.292226,1.808672,-0.283987
920,8535,137.307248,-0.619366,-2.799716,-307.744231,-3.451619,-1155.743106,0.179176,124.398034,63.182873,4.574970,0.229775,0.054621
920,8536,37.436791,0.229135,-3.123801,409.464470,-3.718782,-789.399492,-1.326803,125.671829,125.353763,3.197840,0.219076,-0.102180
920,8537,260.944940,1.524753,-2.371802,364.548424,-4.038288,-425.738310,-0.999125,89.137602,-167.678795,3.712164,0.298555,-0.593976
920,8538,114.044479,0.054255,-4.249698,50.035182,-3.140732,-1103.043911,-3.502050,177.072040,137.131834,3.432523,1.006993,-0.960509
920,8539,220.494063,-0.629280,-3.356489,298.715598,-3.105021,-1130.662352,-2.710187,434.642043,331.987484,4.305838,0.754186,-0.135293
920,8540,239.349087,0.159289,-3.834543,122.471669,-3.566636,-623.652150,-2.758407,311.172738,-58.946432,5.203779,-0.201115,-0.699870
921,8541,2.679949,-2.165894,-0.153607,-2.065203,-0.280228,-3.349655,-0.363716,2.575087,1.136958,2.304525,2.041398,-2.229624
921,8542,1.339070,-1.577236,-1.454527,3.532578,-1.805660,-5.588987,-2.228454,2.637374,1.689788,2.506039,0.883434,-0.266938
921,8543,1.734035,-2.393540,-0.823473,3.265410,0.118740,-3.655161,-0.106862,2.589363,-0.653431,2.832603,1.875994,-0.968008
921,8544,3.495001,-2.294501,-3.693683,-0.743377,-1.373808,-0.074472,-3.619000,1.266802,0.985387,2.902418,1.064073,-2.152002
921,8545,2.152245,-2.104334,-0.943710,0.494249,-0.356520,-1.061075,-3.362734,2.497418,0.496467,3.876698,0.827248,-2.395820
921,8546,3.531316,-2.178628,-2.141932,-0.790638,0.768007,-3.113868,-2.932332,1.111883,-0.115636,2.880606,0.969992,-2.596408
921,8547,2.133889,-1.412009,-2.647148,2.343919,-1.369012,-2.981676,-1.321508,0.332309,1.156322,2.217534,1.518811,-1.235215
921,8548,3.679501,-2.483673,-2.050718,0.427645,0.204238,-2.897670,-3.536306,3.031719,0.666637,2.094269,1.177530,-2.753207
921,8549,2.393628,-1.746050,-3.989664,0.331895,-1.697707,-1.231462,-3.042186,1.782800,0.751422,3.196705,1.285069,-1.573358
921,8550,1.843582,-2.497078,-2.935792,-1.501224,-1.818441,-5.672205,-0.910515,3.040718,0.050667,3.143550,0.787129,-0.519572
922,8551,1.748522,-3.470835,-2.492925,3.426305,-1.144161,-1.390723,-2.251590,3.812883,0.443940,3.503311,1.663051,-0.876852
922,8552,2.004316,-2.508848,-1.706997,-2.089652,-0.174959,-2.748929,-1.589715,3.323438,0.391103,2.819933,0.181111,1.984829
922,8553,4.315917,-2.033810,-3.157547,0.492739,-3.061436,-3.247908,-1.340716,1.168120,0.243742,2.470324,0.634869,-2.727281
922,8554,2.049905,-1.836371,-3.372154,1.361106,0.408232,-3.748203,-3.964963,1.025416,0.823580,4.045123,1.323266,-0.636316
922,8555,0.502569,-1.501628,-2.618944,2.846380,-0.624711,-0.363871,-3.682912,1.591737,0.595792,2.838127,2.011435,-0.595659
922,8556,3.679509,-3.124011,-1.664942,1.038469,-0.529364,-2.335650,-1.084328,3.268145,-0.188971,2.676309,0.486524,-0.643878
922,8557,2.749818,-1.799961,-2.494995,-1.697177,-0.270823,-1.204011,-2.479059,1.057625,0.422967,3.587709,0.935737,0.265811
922,8558,2.437277,-1.508275,-3.285606,2.828421,-0.598140,-0.962831,-4.545523,3.040945,0.410723,2.735049,0.634026,0.560642
922,8559,3.816343,-2.664546,-2.373193,2.873933,0.731923,-2.696112,-5.708331,2.240941,0.591170,3.383226,1.640518,-2.879232
922,8560,1.276970,-1.444772,-1.361216,1.084854,-0.683906,-2.756962,-4.519026,2.943698,1.735850,2.622425,1.972848,-0.895848
923,8561,207.101628,-1.229236,-1.979731,186.734838,-3.752984,-835.138458,-2.639432,247.964717,173.747056,4.539802,0.188070,-0.302469
923,8562,182.433813,0.292429,-2.435597,123.137967,-4.609238,-310.004380,-2.426691,295.766606,46.140208,3.244119,0.539410,1.750148
923,8563,204.568744,0.064316,-2.117302,90.482580,-2.522603,-798.709310,-1.740735,395.243407,27.872435,4.194720,1.962825,0.778717
923,8564,237.529402,-0.307679,-3.712964,-271.273429,-3.823168,-913.924249,-0.457896,238.543380,115.424835,4.668218,0.239276,-1.568998
923,8565,47.027181,0.493725,-0.976852,245.018645,-2.437170,312.373516,-1.968199,241.632504,194.212192,3.810726,1.331029,2.703415
923,8566,158.323313,-1.578209,-3.702110,-64.053130,-4.112200,-986.604959,-0.688507,367.328985,67.162852,4.511832,0.386331,-0.973778
923,8567,193.287395,-1.321125,-4.772726,-167.669794,-2.799725,-520.834032,-2.056613,148.793062,65.196463,4.553008,1.006358,-1.436923
923,8568,213.201304,-0.417115,-0.233843,-380.959793,-2.669184,-311.409767,-2.557625,241.388301,76.281801,3.900515,1.267673,-2.773219
923,8569,190.258148,-1.092718,-4.880323,608.396676,-3.654290,-390.552176,-1.493401,183.800367,89.046385,4.322054,1.753391,-0.642297
923,8570,231.917978,0.984538,-4.804999,237.454144,-2.154459,-1192.858587,-2.917791,310.563901,56.004110,5.415854,0.800317,-0.631971
924,8571,245.982931,0.385749,-5.017769,73.414743,-3.464729,-81.240382,-2.103588,125.012495,3.970911,4.366778,0.748130,-0.647567
924,8572,174.506873,-0.786918,-3.619048,34.855332,-3.182378,-1234.418782,-2.509181,117.743998,70.916576,4.158378,-0.461153,2.331633
924,8573,227.724618,-0.744573,-3.071366,-5.036806,-2.936239,-515.723409,-2.208544,264.595230,213.599116,4.206360,0.650682,-1.879884
924,8574,223.591690,-0.434731,-3.586771,-111.462399,-2.363822,-370.110065,-3.650309,133.603023,43.445314,4.548137,0.914631,2.239296
924,8575,115.586910,-0.212929,-4.038415,-5.249208,-2.857851,-443.354210,-3.313349,289.822783,168.774313,3.797570,0.757625,-0.586939
924,8576,271.975815,0.499145,-2.396235,139.462041,-2.990731,-282.000547,-2.746472,403.591472,-105.697819,3.679399,0.453365,0.425654
924,8577,96.919795,0.171403,-3.432785,370.235853,-3.610844,-452.765205,-3.624207,271.380842,-7.940687,3.696102,-0.299059,-0.621756
924,8578,211.368343,-1.397949,-3.433882,-446.643070,-3.367800,-265.278087,-2.943458,284.150050,17.591624,5.005347,0.797443,-0.369302
924,8579,170.671631,-0.022060,-5.065763,81.683789,-2.085695,-331.538928,-3.871227,319.918143,71.836228,3.785435,1.694953,0.216485
924,8580,146.297717,-1.394220,-2.894955,94.446291,-2.682712,-623.039872,-4.071303,175.630448,109.171797,4.781034,0.637430,1.848287
925,8581,1.878033,-2.064720,-3.202407,0.948128,-0.378139,-1.335687,-2.243791,3.116128,0.916878,1.541256,1.477692,-1.510469
925,8582,2.629900,-3.052963,-3.110439,2.105734,-0.547679,-2.431847,-0.538369,2.170574,0.633109,2.783141,1.221302,-3.023100
925,8583,1.323843,-0.736930,-3.008616,-2.322912,-0.376303,3.544604,-1.546526,3.063269,-0.136055,3.593956,1.452196,-0.925755
925,8584,2.931456,-3.005548,-2.425393,1.929338,-0.955588,-5.349687,-1.972297,0.908284,1.697666,2.692350,1.633961,-1.102272
925,8585,2.464234,-2.259911,-3.625870,2.316871,-0.444390,1.344334,-0.509384,1.368423,1.063925,4.462612,-0.256428,0.997959
925,8586,2.702055,-3.106722,-1.852233,2.772312,-1.352883,-0.985627,-1.572920,2.443987,0.882476,2.997329,1.602425,-1.489981
925,8587,2.681269,-1.493018,-3.259656,3.672149,1.224547,-0.748532,-4.731840,2.166202,0.008989,2.810786,0.847370,-2.556011
926,8588,2.901639,-1.694414,-1.768564,0.865430,-0.010798,-0.602268,-1.978047,2.167752,0.500949,3.999855,1.878702,0.779730
926,8589,1.802977,-2.131409,-0.978449,1.596754,-1.171555,-3.916340,-0.454829,3.074377,0.859541,2.124996,1.369996,-0.952291
926,8590,3.742969,-2.638860,-0.961659,-4.602311,-0.311165,-4.055164,-2.990527,1.150014,0.948869,2.843227,1.364869,-0.823077
926,8591,2.114302,-1.895058,-2.844600,-1.505726,-0.448795,-3.994784,-1.669305,2.743842,1.127603,2.942874,-0.074632,-0.335402
926,8592,3.367232,-1.497526,-2.173943,2.207831,-0.664941,-2.549212,-2.748179,2.424451,0.618216,3.048937,0.806241,0.036420
926,8593,1.394304,-2.273981,-1.592363,1.466019,0.151171,-4.214882,-2.026595,3.241910,0.991315,2.400602,0.803064,-1.853664
926,8594,0.981976,-1.450518,-1.317646,-0.756997,0.751449,-2.199365,-1.929577,1.600994,1.438476,1.583141,1.227229,-1.379006
926,8595,4.472493,-1.883614,-0.176879,-1.561805,-0.680807,-1.232545,-0.443618,1.814484,0.035660,3.436177,0.719386,-0.957170
926,8596,1.566683,-1.907484,-1.145849,0.257367,-0.410361,-2.113976,-2.068564,1.143291,-0.933112,2.874830,0.444320,-2.340416
926,8597,1.588891,-1.456355,-2.817283,2.779270,-0.712548,-1.581278,-3.198879,1.684368,-0.627093,2.672990,0.832805,0.093029
927,8598,3.749772,-1.899765,-2.285987,-1.395176,-1.977972,-0.490884,-1.402966,1.661174,0.050004,2.705815,0.523398,0.410280
927,8599,1.361473,-1.789311,-0.090041,-0.136828,-0.750246,-2.466823,-3.215896,2.068268,0.386695,3.086618,-0.630476,-1.688320
927,8600,3.424339,-3.326575,-3.499110,0.977261,-0.648434,-1.406819,-2.831465,3.377481,1.092428,3.254800,0.830647,2.466386
927,8601,2.040612,-1.461727,-0.062566,2.609773,-0.426033,-5.721647,-2.671329,1.915903,0.983843,2.540458,0.555467,-1.070168
927,8602,2.808322,-1.381558,-2.171236,-2.224072,0.081352,-4.067667,-2.895547,3.555377,1.432237,2.980104,0.880855,-2.203382
927,8603,3.416682,-3.365100,-0.150543,0.857783,-1.369504,-1.284371,-3.892699,2.099734,0.559488,1.980419,0.759848,-0.805929
927,8604,3.176607,-2.059726,-0.203356,0.138677,0.820121,-3.674907,-0.441397,0.827738,-0.065720,1.516870,0.521890,-3.507244
927,8605,3.018351,-1.536206,-1.844464,1.263711,-0.040144,-2.823747,-1.515651,1.828553,0.429444,2.277589,0.587048,-1.249623
927,8606,1.047136,-1.947721,-1.048091,4.286415,-0.758746,-2.972927,-2.329998,1.361454,0.240907,2.767384,0.968847,0.427779
927,8607,3.954243,-2.043387,-0.376500,-0.732962,1.219494,-3.145825,-2.550141,0.795675,0.069598,3.135159,1.781713,-1.697012
928,8608,1.957324,-2.702061,-1.053771,1.096033,0.470585,-1.413258,-2.373206,1.868720,0.846748,3.269603,0.827547,-1.792060
928,8609,3.359387,-2.266670,-2.087542,2.136132,0.266257,-2.813259,-1.110494,1.869871,1.967315,3.779398,1.422010,-0.041268
928,8610,1.723346,-3.349477,-2.314369,1.608890,-0.055324,-3.146458,-0.235049,1.538360,1.064677,1.743986,0.732325,-0.227011
928,8611,3.324650,-0.360168,-2.341972,3.256998,-2.237213,-0.631273,-2.605211,0.669337,0.280633,2.647310,1.793979,0.069876
928,8612,2.631152,-2.145603,-2.968738,1.366264,-2.229367,1.041155,-3.792186,4.154509,-0.188631,2.802500,1.853334,0.894889
928,8613,2.348278,-1.539889,-3.522660,0.447720,-0.651501,-1.668521,-5.184570,1.792512,-0.365127,3.280094,1.172308,-2.644356
928,8614,2.456438,-1.579935,-1.191190,0.683763,-1.256404,-3.297726,-3.024544,2.968986,-0.693250,3.603047,0.802761,-1.196904
929,8615,3.247720,-2.199709,-2.052768,-0.197920,0.838904,-3.254903,-3.806270,3.226973,0.568866,3.410113,1.734680,0.224530
929,8616,1.825058,-1.368975,-3.156976,-1.058963,-1.184025,-2.191576,0.574391,1.461095,0.523245,2.261649,1.390538,-1.844787
929,8617,2.863675,-1.757020,-1.751857,-1.719400,-1.012254,-4.559702,-0.912940,3.485297,1.082261,2.300288,1.902089,-2.593353
929,8618,3.582265,-2.732474,-2.418529,2.212166,0.506045,-1.809959,-0.938566,2.625835,0.575430,2.387648,2.029440,-2.170625
929,8619,1.455178,-1.533154,-0.914294,-1.701614,0.040270,-3.304111,-2.702546,1.914165,0.269325,2.996582,1.699276,0.445221
929,8620,2.508819,-1.519473,-1.441249,2.158966,-1.023135,-2.668418,-0.666924,0.265612,1.218389,2.502624,0.419996,0.201655
929,8621,2.543945,-2.245616,-2.325125,0.687624,-0.686004,-2.679034,-4.304818,1.634972,0.407251,3.012153,0.929663,-1.465878
929,8622,2.033069,-1.094568,-0.972527,-0.898241,-1.448799,-3.177397,-3.290152,2.705959,-0.028839,3.670916,2.068916,-0.731735
929,8623,3.220931,-1.739049,-0.332928,-1.128634,-1.061449,-3.128464,-2.475212,2.699465,0.852547,2.427488,0.401288,-0.376664
929,8624,2.274730,-1.885284,-2.892047,0.693548,0.142687,-0.121901,-2.040758,3.063632,-0.698844,2.954975,1.566167,-0.490646
930,8625,4.000269,-2.399416,-1.549392,0.850963,-1.874573,-4.015406,-2.613599,1.988712,1.637574,3.236105,1.396368,-0.093366
930,8626,2.359586,-2.198164,-2.016596,2.649495,-2.360749,-3.013996,-4.605496,2.447848,-0.098570,3.240809,1.762119,-1.015786
930,8627,2.355446,-2.395093,-2.991869,1.260327,-1.445418,-1.471453,-1.937639,2.658643,0.581593,1.963508,1.095028,-0.507094
930,8628,2.752177,-2.670204,-2.796624,1.274157,0.193168,-3.741907,-5.516053,0.608236,0.737961,3.921400,1.499484,-2.939783
930,8629,3.832881,-1.185154,-2.269227,-1.860683,-0.080729,-4.033242,-2.943442,3.244681,0.406715,2.554213,1.447358,-0.298897
930,8630,0.671101,-2.909720,-0.900600,-0.053970,1.625488,-5.518207,-1.004413,1.639453,1.150135,3.556312,-0.270172,-0.951005
930,8631,1.672421,-2.135551,-1.827175,1.581774,-0.308990,-1.174336,-1.476587,2.447336,0.884568,3.241897,1.368030,0.387428
930,8632,3.696974,-2.634055,-1.867758,0.982011,0.728477,-4.982453,0.637640,2.966735,0.964472,2.313398,1.169469,0.311965
930,8633,2.542557,-2.350152,-1.840848,1.240294,-0.161909,-5.539186,-2.499124,2.793703,1.695463,2.854161,1.656928,-1.995430
930,8634,4.950127,-2.199265,-2.778504,2.461636,-1.753350,-2.972613,-1.199097,3.296548,0.592312,1.984252,0.266851,-0.439036
931,8635,205.025347,0.282187,-3.179436,-182.501296,-4.354073,-169.323226,-3.170477,237.546226,175.653260,4.333816,1.004499,0.599695
931,8636,154.212123,-0.980886,-2.914102,270.979745,-2.628737,-707.662434,-2.626018,84.264097,52.931946,3.178799,1.311574,0.318113
931,8637,166.094285,0.664502,-2.990694,-223.081583,-4.411678,-514.489551,-2.730099,313.587186,122.977930,3.656118,1.154317,0.012908
931,8638,198.701573,-0.335402,-3.348959,284.329707,-4.430210,-649.104829,-2.976292,361.649348,114.883919,4.788097,0.526492,-0.640247
931,8639,150.999029,-0.818197,-2.583568,565.428113,-3.756318,-351.176390,-2.805123,184.600625,121.380854,4.441281,1.266420,0.479089
931,8640,127.903998,-0.305921,-1.637707,-404.673587,-3.529407,-368.994270,-2.731563,407.115921,44.869991,2.930690,-0.093160,-1.835894
931,8641,252.848027,-0.391838,-4.012886,315.543153,-3.590463,-660.648392,-2.442414,343.689644,68.203289,4.240368,0.829217,0.673527
932,8642,3.476270,-1.735825,-4.482384,2.111321,-0.462860,-6.234323,-1.469258,3.588522,1.138776,2.242121,0.514670,-2.820954
932,8643,2.829820,-2.448930,-2.023509,0.745298,-1.123563,-4.119517,0.205675,2.621000,0.842420,2.302783,0.213498,0.287783
932,8644,1.938575,-2.001018,0.009072,1.113442,-0.269059,-0.877160,-3.172496,2.683095,1.177573,2.534059,2.282508,-3.795092
932,8645,2.981883,-3.109804,-2.413436,0.826498,-0.128597,-1.831390,-2.138792,1.283385,0.241686,2.878318,0.812463,-1.596885
932,8646,1.549525,-0.995277,-1.593041,2.253599,-0.673290,-2.814618,-3.647984,1.647694,0.469486,3.073432,0.814278,-1.619469
932,8647,3.107325,-1.827634,-1.266676,-3.436704,0.894657,-0.216782,-3.117442,2.487526,1.064072,2.332570,1.031596,-1.285011
932,8648,2.651665,-2.289218,-3.932074,-0.958581,0.171213,-2.442639,0.173108,0.960969,0.455185,2.986938,0.265300,-0.886684
933,8649,1.476934,-2.647047,-1.428279,-1.453197,-0.797668,-1.732146,-2.026438,2.377177,0.185875,2.798081,1.276945,-1.905419
933,8650,0.843559,-3.371507,-1.305959,0.438332,-0.010824,-3.769229,-2.493740,1.321048,0.601706,2.957287,-0.089749,0.393373
933,8651,3.409020,-2.367438,-2.669659,1.663867,-0.664459,-2.979553,-0.633787,1.121677,1.409080,2.380145,0.599868,-1.822683
933,8652,1.444653,-1.952928,-3.061432,-0.904775,-0.159202,-1.661655,-0.870577,1.451826,0.747719,2.938734,1.018867,-1.250181
933,8653,3.262847,-3.113705,-1.600243,1.535484,-1.588098,-2.368936,-1.566889,2.364049,0.798500,2.850538,1.405152,1.249176
933,8654,3.090683,-1.098792,-0.668133,1.273201,-0.616603,-3.940884,-0.631134,2.408197,0.130852,3.557288,1.828559,-0.963019
933,8655,2.679663,-2.689809,-2.969888,-1.782427,-1.003895,-4.278348,-1.787827,2.253291,0.717931,2.638008,0.942738,-3.010815
933,8656,2.219331,-2.423506,-3.648976,1.857070,-0.009591,1.487225,-2.192306,2.927942,0.215064,3.611925,1.513191,-4.048778
933,8657,2.302421,-2.006788,-0.901226,-0.794889,-1.255058,-5.371990,-2.620611,3.981122,-0.131825,2.186956,-0.101770,-1.808736
933,8658,1.213769,-1.736491,-1.718664,-1.087561,-1.042782,-2.795866,0.218308,2.024488,-0.117683,2.425954,1.668986,0.917929
934,8659,2.749864,-1.231019,-2.788077,1.258190,0.609388,-1.978856,-1.858773,2.000789,0.918492,3.124551,1.571484,-1.396691
934,8660,2.879517,-1.944595,-2.377670,2.063542,-0.936263,-0.216557,-1.202942,0.794130,0.085821,1.991479,1.734154,1.231595
934,8661,3.241491,-2.566970,-1.461431,0.768153,-1.542362,-0.122062,-0.128196,2.424307,-0.248641,4.677105,0.569978,0.408210
934,8662,2.869583,-2.080849,-1.124329,-0.212023,-0.844945,-2.648664,-3.384057,2.158494,0.399869,3.114973,1.113004,-0.989386
934,8663,3.431001,-1.370460,-1.979595,-1.293984,-1.063879,-4.118390,-3.399489,1.610219,-0.016670,2.120043,0.696357,-1.032861
934,8664,3.408031,-2.258298,-2.743886,0.906991,-0.630188,-0.278409,-4.099872,3.680349,0.778680,2.399053,1.187751,-0.731633
934,8665,2.154471,-2.560067,-1.674670,-0.340037,-0.460301,-3.376616,-2.584600,0.484674,0.909048,2.789751,1.325572,-0.127945
935,8666,211.426763,0.504126,-3.017140,-91.339024,-2.748121,-2000.524510,-1.730951,266.879649,85.845089,4.785336,1.107119,-1.717029
935,8667,353.739524,0.015811,-3.797898,-1.347641,-2.996242,-343.033503,-3.896949,370.153060,172.300389,4.793555,0.721490,-0.793501
935,8668,91.288131,-1.057205,-2.792922,386.291355,-3.491816,25.358430,-3.183435,329.969104,65.985498,4.584031,0.383802,0.125508
935,8669,87.006651,-0.186735,-3.280774,-744.775799,-5.013586,-8.065306,-3.252685,345.439208,94.562659,4.255546,0.952643,0.778456
935,8670,174.408575,-0.577288,-2.315172,95.018145,-2.253753,-1126.127047,-1.953409,118.542645,33.508223,5.373645,1.629405,0.209810
935,8671,128.180626,0.337057,-4.808201,-31.169836,-3.375440,-1452.741562,-2.578921,271.597317,357.161174,3.531627,0.319893,-0.053875
935,8672,104.824694,0.067715,-3.747294,-454.759394,-4.267004,-924.403000,-0.460504,383.183627,38.287843,5.141822,1.382889,1.642381
935,8673,115.688880,-0.463678,-2.597537,4.637912,-2.213647,-382.182301,-5.320035,123.150661,73.395692,3.462727,0.816323,-0.166014
935,8674,227.672146,0.283682,-3.448586,162.941616,-2.452591,-186.090856,-4.077179,111.506349,-45.276097,3.650890,1.053802,0.983876
935,8675,201.635292,-0.563921,-4.324697,184.530832,-4.107950,-87.543103,-4.462830,258.176073,69.304244,4.451164,0.456198,0.391103
936,8676,163.716441,-1.844549,-2.846782,293.652706,-2.853984,-133.534277,-1.565469,207.275173,-32.681210,4.045488,0.732167,-1.795283
936,8677,156.480545,0.308211,-3.623604,234.219014,-3.705723,-575.101765,-2.541731,334.751547,59.492328,4.156743,1.447211,1.738195
936,8678,151.711588,1.007435,-1.969053,30.310707,-4.144833,-1035.316571,-2.417358,426.537404,34.111035,3.351966,1.288420,-0.089380
936,8679,261.370332,0.209926,-5.092391,320.489886,-3.526465,-1474.518572,-4.386118,108.702319,-12.025486,4.093666,1.098339,-0.757230
936,8680,44.742720,-0.690621,-3.741156,408.968332,-2.927987,-490.110221,-1.577867,134.777885,321.434822,3.762473,1.405740,-0.666381
936,8681,197.916560,-0.654691,-3.888603,354.727497,-2.889236,-1215.043014,-3.153826,245.546206,137.353860,4.335885,-0.326939,0.694617
936,8682,28.253267,-0.900695,-2.859124,45.635348,-3.543171,-660.307988,-1.409191,211.694925,-3.894439,3.865978,0.780730,0.738193
936,8683,41.504399,-1.931238,-3.280925,313.567640,-3.817010,-1130.074780,-4.689359,312.021867,179.779386,4.580780,1.103282,3.978692
936,8684,94.317041,0.518705,-3.785054,-176.296368,-1.261073,-972.060274,-2.142657,315.551528,113.320123,4.522394,1.325003,-0.054029
936,8685,162.822573,-0.196902,-2.901169,233.863244,-2.305031,-885.125574,-1.051626,394.987801,-66.973877,4.682130,0.777040,-0.947335
937,8686,156.724445,-0.473860,-3.742119,-236.657236,-4.376966,-1403.355062,-1.049241,366.883459,153.753920,5.559493,-0.010387,1.566653
937,8687,243.832260,-0.343890,-2.442589,344.289234,-3.916436,-571.150990,-2.266167,332.953545,195.156982,3.112959,1.583653,-0.814757
937,8688,242.804921,-1.739793,-3.001849,-21.330782,-2.891775,-957.930281,-4.253530,371.736012,-7.449829,4.261622,0.936375,-0.785459
937,8689,207.457060,-0.615250,-2.183769,93.926507,-3.656849,196.636715,-1.284013,371.760218,172.855643,4.161126,0.665973,1.359102
937,8690,71.474337,-0.857076,-3.213757,-55.689113,-4.063441,-700.001385,-0.959920,161.720706,142.001901,3.743137,1.157924,-0.337246
937,8691,95.314584,-0.154206,-4.068402,137.954678,-3.138364,-293.890594,-1.576479,429.627395,-12.218108,5.552100,0.477022,-0.396883
937,8692,251.409167,-0.463735,-3.493244,230.094858,-3.423329,-732.780110,-0.297000,410.839915,98.806265,2.847389,1.211572,0.315387
937,8693,272.839363,0.195084,-1.316808,394.921509,-4.112445,-844.063002,-3.101278,377.756937,69.770357,4.144261,0.902083,-0.510792
937,8694,61.969688,-0.630855,-2.786086,-81.788701,-4.462881,-533.420337,-3.315436,330.870346,-12.748562,4.732956,-0.561740,-1.729120
937,8695,177.145508,-0.224674,-1.854512,324.624331,-3.649500,-258.782238,-2.029214,129.955083,223.440299,4.920987,1.638370,-1.822173
938,8696,3.335152,-2.621264,-2.169815,2.288060,0.923709,-3.002944,-2.989159,3.042540,0.381357,2.297077,1.237260,-0.880550
938,8697,1.832902,-1.902700,-2.549446,-0.503987,-0.988783,-3.028199,-2.310500,3.818026,0.074763,2.129723,1.863295,-0.616246
938,8698,1.435267,-2.234306,-2.753897,-0.068481,0.227459,-3.247014,-4.714689,2.859571,-0.061773,2.942916,2.062822,0.104549
938,8699,2.093883,-1.649767,-5.147513,1.621358,0.430818,-2.181961,0.411043,1.237129,0.887327,3.279622,1.436118,-0.855209
938,8700,4.207658,-1.941354,-2.799237,4.683519,-1.781688,-6.209472,-0.057711,0.831730,0.738389,2.594085,1.954704,-1.879594
938,8701,0.552400,-0.805295,-2.330053,-1.146506,0.253942,-6.380162,-1.319093,1.576065,1.106310,2.582309,1.883604,-0.644635
938,8702,2.418400,-2.160517,-2.498950,-0.203047,0.024672,-2.164812,-2.788397,0.947174,0.601983,2.855430,0.782771,-1.690087
938,8703,3.805317,-3.576299,-0.690072,-2.488035,-0.052815,-1.730430,-3.029953,1.794129,0.443239,4.085331,1.382651,-1.579292
938,8704,2.611039,-1.742688,-2.721938,1.670963,0.253641,1.785234,-1.741124,2.404536,-0.036353,3.413849,1.131014,1.251661
938,8705,3.553800,-1.575850,-1.599144,1.117134,-0.571220,-1.593568,-1.070149,2.103505,-0.845292,3.084551,2.512565,-0.721175
939,8706,226.125813,0.710454,-2.159952,603.456096,-3.597518,-162.996245,-2.853617,353.349638,-99.817046,3.185485,-0.266766,-1.141623
939,8707,205.981898,-0.287160,-2.334464,-186.455994,-4.337833,-1074.233214,-1.162656,238.363282,132.356994,4.588815,0.037997,-0.371725
939,8708,128.148568,0.121657,-3.175469,99.491129,-1.713225,-880.036572,-4.400921,73.020536,-40.254108,4.539465,1.028884,-0.771842
939,8709,98.941855,0.725247,-1.511480,184.820616,-3.746758,-613.812327,-3.607771,380.372520,41.726843,4.933454,0.846887,0.782006
939,8710,129.175969,0.807958,-3.417192,26.961174,-3.828509,161.805533,-5.070237,313.086284,104.550520,3.632710,1.095990,-0.428585
939,8711,199.216081,-0.160759,-1.370285,53.264906,-2.235016,95.178169,-1.186966,329.654506,150.457618,4.118945,0.846053,0.130127
939,8712,264.572847,-0.601834,-3.825135,-247.871388,-5.288055,-809.066809,-2.536812,123.239833,118.429608,5.295588,0.146700,0.660829
939,8713,144.487900,-0.226986,-6.017796,308.579396,-4.377122,-687.861995,-1.236872,505.440377,-1.303701,3.643132,0.105790,0.381460
939,8714,122.093056,0.222204,-2.632452,222.064066,-3.295723,-317.046545,-2.203873,256.557347,208.416620,4.354408,0.950022,-1.290069
939,8715,208.828499,-0.128888,-3.707276,163.527361,-3.956249,-2.734789,-1.243926,302.193947,251.202528,3.488981,1.574027,1.811919
940,8716,1.626217,-1.643171,-2.943036,0.932646,0.538494,-2.589932,-4.138944,1.949148,1.644478,2.407273,0.660861,-1.692946
940,8717,3.727804,-2.290732,-2.463757,-1.697466,-1.448359,-2.179375,-3.757004,2.430451,0.701907,4.090218,1.104661,-3.129484
940,8718,3.999900,-2.655125,-1.665495,1.534649,-0.011047,-2.569166,-3.065864,3.075131,0.676387,3.547301,0.196998,-1.381844
940,8719,2.711438,-0.859497,-2.172279,-0.798010,-0.086306,-2.954665,-3.061636,0.590504,0.505177,2.727109,1.870099,-1.273645
940,8720,0.806462,-0.675729,-2.916406,-1.906994,-1.919090,-0.384727,-1.357195,1.378635,-0.261874,2.833734,0.576603,-0.193447
940,8721,2.099304,-2.578322,-1.937187,-1.005452,-1.327045,-2.536243,-2.224371,1.544990,1.172316,2.088611,-0.428350,0.905048
940,8722,2.520936,-0.871393,-1.301780,0.247490,0.617727,-3.426056,-1.415734,2.591559,0.279229,2.549144,1.482438,-0.406478
940,8723,3.502919,-1.922332,-2.079121,1.554637,-1.393653,-1.042985,-3.323416,0.117047,-0.032820,2.893178,1.013417,0.889832
940,8724,2.480802,-2.135110,-1.588220,3.922426,-0.635004,-3.424609,-0.621639,2.083954,0.866254,3.591940,0.286106,-2.496766
940,8725,3.050408,-2.893262,-3.194895,0.992119,-1.476651,-2.094510,-0.590595,3.310190,0.580152,3.213948,1.415353,0.372198
941,8726,2.842343,-1.895417,-2.710416,0.559683,0.981543,-3.331659,-0.284315,3.012671,1.660472,4.036163,2.038559,-0.674162
941,8727,0.910247,-1.913264,-2.639065,3.709249,-1.918500,-2.660561,-0.946931,2.125585,-0.754990,3.300756,0.973825,-0.865023
941,8728,1.274571,-0.884885,-2.143622,-0.424184,-0.846025,-5.383811,-2.524183,2.508649,0.589482,3.013556,1.167961,-0.053475
941,8729,2.024410,-1.530371,-1.268335,1.116889,-0.453969,-1.434229,-2.832423,2.302918,0.428364,2.083703,0.832210,0.190086
941,8730,1.945809,-1.733721,-0.769445,2.630753,0.782071,-2.914771,-1.554649,1.898074,0.086263,2.161763,0.546893,-1.243388
941,8731,2.715682,-2.441094,-1.488575,1.961523,-0.093271,-1.845207,-3.275636,1.624654,-0.538543,3.325370,0.710549,-2.258841
941,8732,2.322837,-0.689036,-1.503254,-3.442960,-1.341203,-0.077055,-3.368420,3.048784,1.200305,1.399536,1.835570,-1.638419
942,8733,4.290309,-2.722014,-1.689846,-1.417267,-0.630890,-1.819152,-3.659744,3.099592,0.735389,3.176085,2.120745,-2.378811
942,8734,1.951573,-1.889235,-1.594107,0.430612,-2.294177,-3.019745,-0.585863,1.393615,0.986993,4.745279,0.457153,-1.740291
942,8735,1.834095,-2.230303,-1.571605,0.166560,-2.160164,-0.634430,-2.652939,1.213405,-0.030320,2.489092,1.058263,-1.024984
942,8736,2.533237,-2.427985,-3.594712,4.588623,-1.256793,-1.509505,-1.071201,3.303275,0.019372,3.036363,0.488318,-1.067190
942,8737,1.734954,-2.872510,-2.851897,-1.246280,-0.749140,-2.849793,-2.829463,3.797327,0.463750,3.824412,1.281597,-1.830607
942,8738,3.625795,-2.176930,-4.223605,4.793901,-1.156563,-3.275727,-1.437228,2.218155,0.400931,3.177702,-0.250112,-2.637953
942,8739,1.695017,-1.783779,-0.694136,0.572435,0.371789,-1.707003,-2.978949,2.967697,0.786434,1.886826,1.279050,0.987673
942,8740,4.058672,-2.773331,-2.963054,2.033440,0.180366,-3.662221,-1.985504,1.771373,0.113748,3.353776,1.015266,-1.694924
942,8741,2.969503,-3.454226,-1.779750,1.945725,-1.376521,-1.119216,-2.560458,1.267174,-0.592927,3.548931,0.822757,-2.428855
942,8742,3.752686,-2.146224,-3.147135,0.391573,0.025677,-3.426493,-2.842999,2.443370,0.491055,2.999264,0.159294,-2.178985
943,8743,85.868171,-0.675614,-3.317660,-184.470704,-3.662375,-1141.536106,-3.239191,289.326171,141.086138,5.018714,1.022100,-0.806191
943,8744,299.926258,1.454715,-3.735694,-95.021557,-4.125332,-641.386283,-3.465987,295.289623,-19.057404,3.607564,1.048354,1.960164
943,8745,378.595514,0.288284,-4.386470,96.422439,-3.784246,-590.102909,-2.067267,241.356734,108.663970,4.694640,0.471896,0.131209
943,8746,207.285026,-0.881772,-4.191265,293.132975,-3.121809,-222.170736,-2.140097,273.279650,55.101263,5.185480,0.741692,-0.383351
943,8747,75.892133,-0.657546,-1.971590,440.477483,-3.599568,-313.199647,-2.669574,221.357285,173.050381,3.196196,0.908034,-0.787571
943,8748,188.121875,-0.224046,-3.238077,306.932490,-2.200719,-1035.289616,-2.643266,271.022375,113.709951,4.481925,1.178392,0.499260
943,8749,201.029238,0.900816,-2.195345,382.741440,-2.700638,-189.815979,-2.934575,283.138140,13.281283,3.203359,1.728962,1.407173
943,8750,90.142609,-1.147793,-3.934885,-352.360377,-3.227624,-1156.401557,-3.318224,446.149165,46.804175,3.936784,0.524048,0.313390
943,8751,220.138901,-0.238604,-1.564958,159.915489,-2.667185,-306.251702,-2.415126,395.322086,124.647754,4.412394,0.638240,-0.003923
943,8752,71.284913,-0.770932,-3.997247,32.775746,-3.051779,-743.977749,-2.512426,326.945994,241.302393,4.692308,0.720112,-0.012534
944,8753,1.740784,-2.317942,-0.273443,-1.163057,-0.110670,-3.819176,-2.415871,1.462931,0.252815,2.406017,1.251932,-1.783303
944,8754,2.865887,-1.839137,-2.211121,-0.770702,-0.804365,-0.415355,-2.780243,2.826588,0.240078,2.490464,0.844883,-2.789246
944,8755,0.341800,-1.604473,-2.910154,0.063190,-0.349132,-0.569083,-2.515402,1.728711,0.489995,3.190883,1.564549,-0.192089
944,8756,2.652952,-1.105780,-2.142156,-1.220476,-0.469535,-1.023808,-1.257644,2.405530,0.186118,2.556762,2.322865,-1.589520
944,8757,2.205407,-2.086080,-1.818858,0.932390,0.049151,-3.826515,-2.332627,1.116134,-0.316425,2.111711,0.855929,-0.950551
944,8758,2.957515,-1.860915,-3.206197,-0.592149,-1.867352,-3.967592,-3.603164,2.312769,1.222725,2.016374,1.301613,-1.005120
944,8759,1.435235,-3.076653,-1.771021,0.155785,-0.886649,-2.607906,0.052306,2.686611,0.488239,2.979592,0.876589,-1.694847
944,8760,2.302059,-1.810821,-2.101727,1.080444,-1.591286,-1.895203,-1.270212,2.006210,0.357550,1.939530,0.863772,0.121957
944,8761,2.838564,-1.101789,-0.886706,2.290831,-1.823557,-1.276861,-2.401637,2.679405,0.327605,1.949520,1.282617,0.871879
944,8762,2.115721,-1.796856,-2.180078,3.117607,-1.766066,-3.073047,-2.758536,1.609557,1.021071,3.004557,0.748230,-2.473722
945,8763,179.698628,-0.715488,-3.595395,-203.218070,-4.440425,-661.165526,-4.182826,376.265123,-103.916707,2.658343,0.789658,-1.820615
945,8764,155.805816,0.493322,-2.107900,203.314189,-1.322702,-434.419243,-4.329943,401.856487,92.066919,4.319537,0.727146,0.568894
945,8765,304.550734,-0.753738,-3.549511,-306.043707,-3.633869,-138.380938,-0.523067,260.365833,-19.024263,3.277556,0.502905,1.000956
945,8766,314.184749,-1.174752,-1.428155,-248.669094,-2.342596,-515.694805,-2.151540,205.471769,-227.352787,3.226341,0.883771,-0.153647
945,8767,155.018494,-0.964664,-1.358406,-237.217583,-5.213059,-132.603765,-0.686196,268.460247,275.460836,4.920678,0.515268,-0.154084
945,8768,308.688641,0.511101,-2.210778,-302.514921,-4.135219,-1468.027221,-2.292028,270.332250,107.120941,3.900318,0.551316,-0.275360
945,8769,202.606696,0.559780,-3.169099,-14.589658,-3.098802,-181.402287,-3.089997,153.659334,55.883552,4.688835,-0.040179,0.508319
945,8770,182.869758,0.329639,-3.970594,225.344188,-2.779155,-998.376772,-2.079195,270.980249,-39.249867,3.113934,-0.121000,-0.213098
945,8771,107.724058,-0.641053,-3.093892,-54.353891,-4.511646,-261.294319,-1.915989,180.097197,69.454048,2.802031,1.911336,1.503303
945,8772,211.242792,0.442935,-3.173324,30.818219,-2.706947,-645.184617,-3.519016,404.560724,101.163879,4.800269,1.420098,1.829404
946,8773,137.424574,0.739650,-3.804838,230.514130,-3.237883,-281.985683,-2.909423,329.821635,-32.365026,3.567320,0.598987,-0.954575
946,8774,239.320413,-0.470523,-3.579737,289.050522,-3.845106,134.556909,-4.291077,176.856796,-60.755579,4.191238,-1.060476,-0.600768
946,8775,212.012263,0.481107,-3.701706,-115.036577,-2.005775,-453.527478,-3.492702,114.957141,157.849343,3.368197,0.165493,0.055299
946,8776,221.571432,0.373371,-1.986938,362.408951,-1.641276,-1424.988420,-2.683623,387.996967,-16.399660,4.541381,1.675316,-1.121635
946,8777,265.158656,-1.568016,-2.393771,109.633208,-3.646722,-672.639120,-1.151943,305.410258,103.077468,3.969493,0.287030,-1.355363
946,8778,296.116221,-1.832543,-2.553999,-300.815168,-2.245326,-2.575052,-0.819590,188.144753,65.286572,3.637441,0.999356,0.903628
946,8779,154.735624,1.071648,-2.517881,-130.004720,-2.872124,-510.566421,-1.960224,128.409198,132.156223,3.901732,0.507180,0.055984
946,8780,294.672537,-0.408052,-2.985044,241.319918,-4.538414,-159.823003,-2.916481,179.718792,-148.880069,4.742145,1.258988,-0.308916
946,8781,211.743813,0.587422,-2.522291,-84.180945,-3.615649,211.610719,-1.606120,339.692684,43.102895,4.137786,0.950571,0.001495
946,8782,120.322991,0.843911,-2.799149,176.888070,-2.632459,-1200.293452,-2.940790,287.501032,26.282062,4.631810,0.804085,-0.372694
947,8783,0.697424,-1.344366,-0.192040,-0.165432,0.140177,-1.015473,-1.939605,2.300127,-0.161967,1.863468,1.619576,-0.893022
947,8784,1.149203,-3.524332,-0.917325,-1.166446,-0.558628,-0.486725,-3.301056,2.858451,0.658385,2.628086,1.765121,-1.240051
947,8785,2.347192,-3.734934,-1.834249,3.043154,-1.946450,-2.080640,-2.560064,2.315395,0.398229,2.585306,1.456486,-2.223900
947,8786,3.153056,-2.379346,-1.734067,1.047230,-0.152170,-4.317148,-1.456254,2.571792,0.558530,2.259849,0.383600,-0.502058
947,8787,2.077444,-2.070775,-2.847522,2.627118,-1.927380,-4.307560,-0.024957,1.364759,-0.411052,2.471530,1.487881,-2.805035
947,8788,3.170641,-2.524868,-1.394078,0.476887,1.155155,-2.345972,-2.182879,1.808614,1.540695,2.678404,0.683278,-0.597346
947,8789,3.853000,-2.752533,-2.914882,-1.149080,0.602173,0.760800,-3.544674,2.536252,1.279490,2.848397,1.032466,0.403713
947,8790,4.258105,-1.583555,-3.381958,0.739089,-1.457247,-1.068849,-1.750971,2.227699,-0.101603,3.648739,0.962251,-2.629022
947,8791,3.515904,-1.424696,-1.641581,1.455464,1.335600,-2.762286,-2.373035,0.994104,-0.045239,2.076202,1.561804,-1.796981
947,8792,2.404883,-0.812088,-0.439438,-0.157974,-0.504951,-0.603153,-0.842792,1.748628,1.416375,2.062822,1.813057,1.283084
948,8793,2.326428,-1.835186,-2.295257,0.818846,-0.832980,-4.314581,-1.357858,1.431099,0.060685,3.309447,1.831021,-1.785322
948,8794,2.626497,-1.334382,-1.818081,2.346253,-2.023446,-4.989353,0.260941,2.354856,0.929153,2.544248,0.481345,-1.573012
948,8795,2.836388,-1.737124,-3.108987,1.202717,-1.752678,-1.931251,-2.499721,1.139407,-1.302832,3.650406,-0.023989,-1.682832
948,8796,2.634843,-2.133776,-1.304314,-0.375462,-0.517709,-2.200655,-2.101518,3.153515,0.527295,2.401861,-0.140623,-1.001946
948,8797,3.154004,-2.032885,-2.768247,2.374640,-1.430571,-1.835529,-1.755360,2.025172,0.934596,3.571472,1.618161,-2.793370
948,8798,3.583136,-2.932083,-4.087057,-0.073912,-0.354551,-2.042435,-2.446449,3.672422,0.314076,3.846236,0.086302,-2.407583
948,8799,2.803463,-2.591713,-2.417274,3.417581,0.127974,-1.418757,0.024810,0.777121,-0.991242,2.190646,0.505490,-1.411105
948,8800,1.840247,-2.338332,-1.210269,-0.314958,-2.029980,-3.444261,-0.465067,3.729569,0.386407,1.783039,1.065027,-1.991911
948,8801,2.549736,-2.208897,-1.496183,0.101299,-1.402340,-4.899699,-0.587348,2.275374,0.926804,2.579003,0.758632,-1.103982
948,8802,2.398147,-2.613019,-1.403047,-0.082789,-2.170161,-2.891553,-3.130888,2.952993,0.451339,3.777867,0.245300,-1.237574
949,8803,3.942347,-2.515056,-2.688668,0.580523,-2.250826,-2.676215,-3.978222,3.377992,0.641625,3.334936,0.805830,-2.774507
949,8804,2.549345,-2.767789,-3.097460,-2.110246,-0.029933,-3.182851,0.506005,3.833153,0.506038,2.900323,1.823472,-0.608711
949,8805,4.541977,-3.021428,-1.911136,2.077392,-0.689747,-2.084338,-1.710875,2.427994,0.872919,3.912823,0.244331,-0.901365
949,8806,2.841791,-2.105396,-2.706700,3.286113,0.027691,-5.299131,-1.299894,3.286408,1.044628,2.868943,0.421142,-0.538010
949,8807,2.113118,-2.614256,-2.341601,0.668293,-0.317650,-4.011983,-0.515605,3.684873,-0.038392,2.792382,0.943597,-3.043100
949,8808,3.431450,-1.708348,-3.985303,0.835315,-0.637062,-1.910605,-4.262933,2.931199,-0.787336,3.668395,2.107642,-1.323895
949,8809,1.397657,-1.480842,-2.603545,2.845734,0.148579,-5.274647,0.043529,2.198894,0.025085,3.364738,0.160137,-2.692352
949,8810,2.382444,-1.512494,-1.660716,1.237556,-0.384624,-1.038839,-1.034552,0.860506,0.938564,2.370863,1.565933,-1.277287
949,8811,3.924711,-2.282952,-2.182852,1.641808,0.238195,-2.638666,-1.797113,3.043568,0.558456,3.270588,0.974934,-0.503116
949,8812,3.476285,-3.288920,0.468599,0.278904,-2.180953,-3.400468,-3.130071,2.277011,-0.569318,2.175307,0.401214,0.334236
950,8813,1.824369,-1.129814,-2.266769,2.994822,-1.497272,-1.973178,-1.929965,2.712187,0.782018,3.103788,1.880064,-1.843810
950,8814,3.105619,-2.601624,-2.959207,3.731675,-1.176958,0.199445,-0.376437,0.468637,1.427914,2.610170,0.089838,-0.148439
950,8815,1.462343,-2.265888,-3.631273,-1.420658,0.049117,-1.164425,-0.931845,1.859997,-0.069071,3.792189,1.200644,-1.858508
950,8816,4.095534,-2.477952,-1.870408,1.845368,-2.609100,-3.166779,-0.045483,1.951849,-0.019364,2.760101,0.612218,0.527984
950,8817,2.514395,-1.616621,-3.088542,-0.712485,-0.581134,0.278258,-2.231541,1.629405,1.758488,2.003627,1.762852,-2.302919
950,8818,3.595574,-0.904611,-1.923646,1.028360,-0.225679,-2.656308,-2.479564,2.694437,0.709962,2.654438,2.350122,-0.659422
950,8819,2.610364,-0.557163,-1.166442,1.025007,0.390188,-4.422266,-2.455471,2.239690,0.254216,3.761720,0.163210,-2.149211
950,8820,1.965627,-1.884336,-2.352371,2.925500,0.381971,-7.491283,-0.188508,2.891850,0.823787,2.475968,1.176649,-1.560833
950,8821,1.200614,-1.354485,-2.851421,-0.330139,-1.333954,-2.388174,-2.339483,2.804791,0.717982,2.704940,1.289187,-0.839478
950,8822,4.649787,-2.474472,-2.115838,1.087690,-1.116286,-4.795171,-1.556404,2.013012,0.291506,2.703333,0.921273,1.248906
951,8823,103.909697,0.247887,-1.948301,239.790808,-1.846664,-863.521128,-2.672347,157.574951,196.406236,3.855313,0.517502,-0.236401
951,8824,33.030937,0.330354,-1.717441,63.139107,-2.211290,-111.301866,-2.121306,221.776486,138.249156,3.951989,0.246101,1.139355
951,8825,151.824938,-0.301366,-2.074473,-96.009453,-3.656153,98.292523,-1.013477,204.868878,64.292096,3.634427,0.097743,0.046320
951,8826,200.072913,0.143740,-1.183728,-46.310332,-2.820421,278.441583,-3.182074,185.765655,311.149350,3.964144,1.403272,-0.674876
951,8827,198.374785,-0.121480,-3.572476,197.949947,-3.029527,-68.082060,-2.399562,144.420867,169.395430,4.422257,1.667389,-0.474004
951,8828,139.036539,0.587384,-1.791419,31.543691,-2.893754,-919.282672,-0.390312,345.675186,35.863046,5.149738,1.214735,-0.991331
951,8829,157.681395,-0.468404,-3.783006,-87.510626,-3.325059,-835.558610,-0.894880,248.692918,-76.587143,3.938007,0.628342,-0.573622
951,8830,116.268814,0.472956,-2.810907,-400.520895,-3.363190,-589.347396,-2.243909,229.123603,65.973426,4.035669,0.768119,-1.075371
951,8831,147.548766,0.854651,-2.487262,64.305279,-4.292916,-305.481690,-2.539409,86.843955,-38.682539,4.451317,1.711251,-1.559820
951,8832,141.270723,-0.896151,-3.277751,-6.945424,-1.539918,-432.056763,-1.804306,126.249536,148.265100,4.013026,0.573442,-0.367454
952,8833,204.071241,0.611274,-3.507512,-217.418865,-3.515072,135.312361,-3.202326,295.534530,94.593774,5.088777,0.640109,-1.203734
952,8834,181.440055,1.116747,-3.652221,-38.896378,-3.054272,-621.684540,-2.830431,415.535304,44.526669,4.242202,0.891305,-1.625634
952,8835,329.925567,-0.022889,-1.860871,221.432459,-4.281179,-1035.126225,-2.376285,117.605189,24.855202,4.796661,0.889253,0.742318
952,8836,248.778723,0.068976,-2.489552,281.430788,-3.181383,-584.525247,-2.607744,159.195428,56.321819,3.161326,1.339950,1.569890
952,8837,32.084059,-0.418559,-1.976093,299.054305,-2.370985,-348.618304,-1.844890,246.144218,5.831770,3.731847,1.098200,0.511336
952,8838,155.746696,0.267461,-3.354709,338.947406,-3.761954,-1013.806939,-2.649660,42.966653,37.517148,4.130826,1.127950,-1.139859
952,8839,121.257036,-0.956313,-1.785759,-35.852851,-3.119910,-732.169022,-3.891526,238.501828,24.459914,3.554139,0.651259,0.643119
952,8840,95.254741,0.713037,-2.738361,452.163298,-2.787324,-884.167894,-2.364787,161.656094,-80.696874,3.966627,-0.038130,-1.169922
952,8841,151.665499,0.743536,-3.496028,223.901271,-2.614358,-644.319068,-1.019395,124.021623,-97.773199,3.428739,0.617615,-0.116407
952,8842,123.492908,-0.052869,-1.754514,326.701000,-2.973704,-169.084269,-4.078694,273.879122,85.675364,3.951762,1.937305,-0.453405
953,8843,165.244227,-0.752718,-3.266995,-99.631867,-5.615997,-659.348786,-5.328845,187.943717,57.512663,3.550357,0.756538,0.428611
953,8844,198.134695,-0.453973,-3.377688,-27.464910,-2.426998,-634.577811,-1.142555,416.099867,68.988322,4.743410,1.438506,-1.162138
953,8845,140.687883,-0.465701,-2.071037,207.233836,-3.109240,-1001.855728,-3.437472,324.241866,190.085441,4.279078,0.770754,-0.877096
953,8846,321.555382,-1.536355,-3.953646,542.870814,-3.524964,-1309.263266,-1.853865,219.421560,48.022582,4.298417,0.146477,-1.726725
953,8847,112.201726,1.657506,-3.860925,-300.778867,-3.424839,-373.536962,-3.908085,336.750500,335.117503,4.088808,0.499874,0.838913
953,8848,320.779606,-0.354385,-4.354947,571.198898,-3.524873,-463.997072,-4.400962,300.854043,-145.197951,4.099897,0.188879,-0.517247
953,8849,102.288505,0.588656,-3.405164,-90.555135,-2.506582,-318.860898,-2.375529,298.158419,337.435565,4.119055,1.428289,1.936888
953,8850,128.289090,-0.427600,-1.780126,109.673814,-2.362322,-364.266682,-3.898294,197.089819,256.883901,4.774260,1.225089,-0.589725
953,8851,211.079292,0.226311,-4.569568,115.561073,-3.081258,-765.677773,-4.121544,359.249483,61.422662,3.777828,0.754108,-1.926354
953,8852,152.734947,-1.865365,-1.274685,-310.081593,-1.624791,-875.214735,-4.084512,298.078416,340.795498,5.456937,0.571785,-2.585923
954,8853,263.096395,0.330139,-3.965373,-100.123423,-3.797016,-633.199660,-3.634472,253.426505,271.055778,4.627771,0.232985,2.131623
954,8854,88.451063,-0.875435,-0.486588,178.833637,-2.059007,-366.673964,-0.738842,247.316210,-75.472134,4.582191,1.070826,-0.392487
954,8855,167.245348,-0.183929,-3.881242,-51.267409,-3.265591,-646.760046,-1.165136,335.666015,135.541505,3.567103,0.282472,-0.016896
954,8856,100.513926,-0.242376,-4.510170,98.950958,-1.733976,-343.169711,-5.420258,134.502417,195.350725,4.140464,0.940164,-1.844524
954,8857,236.039243,0.365226,-3.773741,15.730644,-3.617976,-572.235480,-3.119176,334.705663,32.173557,4.252507,0.582005,2.169240
954,8858,47.333174,-0.311958,-4.540825,110.418852,-3.715050,-242.623807,-2.636278,370.377750,35.701240,5.421881,0.805590,-1.515363
954,8859,133.446271,-0.846951,-2.496515,-44.142954,-4.012075,-1185.615109,-2.705991,358.417578,305.379990,4.992380,0.811814,-0.508701
954,8860,172.033103,0.025183,-3.397915,-135.467225,-2.968137,-582.333396,-3.151251,290.923313,220.126401,4.647035,1.008347,0.257029
954,8861,250.851459,0.343096,-3.715792,-97.267400,-2.946652,-1415.843626,-3.142455,392.543359,172.101920,4.074092,0.963257,-0.269767
954,8862,191.481102,-0.589592,-2.061847,-273.155660,-2.767247,-2025.004454,-2.951738,333.993208,197.372148,3.620313,1.168329,-0.990524
955,8863,145.169953,-0.737135,-3.827325,-107.725619,-2.762544,-519.828310,-4.260741,389.290287,165.522303,3.996697,1.368082,-0.616336
955,8864,118.531184,-0.352827,-3.295437,108.508374,-3.836467,-549.172988,-1.678229,280.622200,78.553856,3.331837,1.036448,-2.548544
955,8865,214.831497,-0.289968,-3.113231,-264.786309,-5.362249,-354.189210,-2.927668,306.797546,215.498183,4.815120,1.222904,-1.229661
955,8866,179.329656,0.626701,-3.507580,-252.454224,-4.293411,-431.476079,-1.613534,297.018520,155.100636,3.501491,0.250301,-0.359777
955,8867,196.712579,-0.775580,-2.706418,37.793362,-2.026083,-530.721394,-2.505484,222.089734,92.534276,3.556135,0.735436,-0.823891
955,8868,123.050821,-1.080494,-1.431103,296.875198,-3.695416,-868.233379,-4.459438,392.916563,102.712855,3.889380,0.085271,-0.848108
955,8869,188.760846,-0.005489,-2.107610,24.162828,-4.196458,749.998627,-3.444144,268.240722,-24.048786,3.579692,0.495279,0.657755
955,8870,185.808719,0.643967,-3.705756,-43.753637,-3.887520,-104.527035,-4.057161,33.575649,-87.931335,4.488997,0.631292,-0.487413
955,8871,281.634185,-0.098768,-1.974947,69.723725,-4.366975,-628.004285,-2.971694,451.328949,-105.617624,4.715154,1.628345,-0.242277
955,8872,186.026653,0.086580,-3.135211,-596.907485,-2.634129,-728.375364,-3.235330,303.288496,108.898866,4.054391,-0.206373,0.454556
956,8873,2.337136,-1.979608,-2.239880,-2.255745,-0.976522,-4.346711,-4.992910,0.902681,1.322570,2.377257,0.925204,-1.115899
956,8874,3.389441,-1.197425,-3.262839,0.897360,-0.450819,-3.340978,-1.444601,2.025091,-0.770573,3.146817,0.399131,-1.273660
956,8875,4.134055,-1.069022,-2.682569,2.589081,-0.725918,-0.900376,-2.537522,3.731623,0.644643,4.357920,0.371016,-3.340410
956,8876,4.549037,-2.625025,-3.468975,1.521392,-0.733499,-1.162668,-3.273858,1.961706,0.267935,3.016866,1.025644,-0.706257
956,8877,2.012533,-2.401567,-3.084163,0.335906,-2.711060,-3.350822,-1.790778,1.293984,0.893632,1.687264,0.529279,-3.587607
956,8878,2.975004,-1.961875,-1.999399,1.184596,-0.986030,-1.881152,-2.348690,2.692858,0.221243,2.343877,1.065916,-0.465356
956,8879,2.197699,-1.175122,-2.100375,-1.935410,-0.705412,-4.566769,-0.985514,2.626818,0.006503,3.745740,1.186929,-1.526176
956,8880,2.062674,-2.278979,-0.801700,1.009191,0.042822,-1.787383,-1.294500,2.079907,0.291984,3.195862,1.014309,0.576992
956,8881,0.376168,-2.056866,-2.125620,0.767651,-0.489567,-3.477705,-2.085849,-0.167049,0.055925,2.669995,0.430853,0.378216
956,8882,2.887602,-2.934849,-1.740446,-0.292956,-1.250908,-2.311385,-2.648463,2.652720,-0.150050,3.463572,1.907827,-0.257824
957,8883,2.570357,-2.121623,-1.059221,4.679062,-1.501855,-2.176282,-3.367929,3.638747,-0.823556,2.265264,0.822778,-0.643487
957,8884,1.054388,-1.444381,-3.026326,3.038673,-0.462894,-2.491986,-1.517060,2.313429,1.493247,3.317310,1.636743,-2.293431
957,8885,1.635831,-2.500193,-3.342445,3.166283,-1.560592,-1.661935,-0.453804,2.012811,0.275447,2.351650,1.744131,-0.942279
957,8886,3.650566,-1.284809,-0.626915,0.145612,0.110802,-2.221987,-3.001947,3.434683,0.399073,3.575094,1.181154,-3.822838
957,8887,2.483038,-1.734678,-1.207691,1.969346,-0.110770,-3.855195,-2.271255,2.219334,-0.465983,2.604854,1.742583,-1.915451
957,8888,2.066076,-1.775772,-3.252155,1.681364,-0.710189,-2.055929,-1.558825,2.946515,1.150280,2.507005,1.634780,0.948183
957,8889,0.945050,-1.729505,-3.714071,1.225102,-1.366532,0.556507,-2.401630,0.984872,0.458770,2.616655,1.037160,-1.743143
957,8890,1.715805,-1.562787,-1.637341,0.174727,-2.525885,-4.654231,-0.217707,1.883370,-0.503758,2.623126,1.402428,-1.856707
957,8891,4.461483,-2.957562,-3.433637,-0.274669,-0.825702,-3.946950,-2.672660,1.004978,-0.436150,3.212927,0.212358,-1.548470
957,8892,0.917852,-3.403295,-1.825343,0.321710,-0.405660,-1.554746,-1.597003,2.971435,-0.085194,3.919224,2.067874,-1.533261
958,8893,0.880745,-1.199848,-1.398186,-0.203433,-1.740791,-1.767524,-1.922140,1.899626,1.770790,3.528390,0.404103,-0.498300
958,8894,0.869282,-2.133090,-1.426311,2.600792,-1.817177,-2.513862,-1.180427,2.399270,0.851306,3.125721,0.764142,-1.055747
958,8895,3.899103,-2.486192,-1.583990,-0.939320,-0.841480,-1.549666,-2.091996,2.692891,-0.307309,2.453983,0.336331,-2.430270
958,8896,1.984435,-1.394828,-3.384432,2.561813,0.621819,-1.180653,-3.267721,2.385921,0.726512,3.155625,0.800128,0.205892
958,8897,2.344539,-2.148965,-1.020655,0.265274,-2.098742,-2.228787,-1.738157,2.312443,0.103749,2.602822,0.880653,-0.662742
958,8898,1.327442,-2.491687,-2.825603,2.350845,-0.635854,0.507366,-3.184770,1.283626,0.147066,1.892268,1.205220,-1.954283
958,8899,2.914457,-2.164912,-0.411150,0.893468,-2.767425,-1.979234,-2.457603,2.018693,1.183242,3.860318,1.248366,0.085166
959,8900,107.003215,-0.088332,-3.328358,-250.320072,-2.859208,-589.631660,-2.602924,294.075215,56.563614,3.580625,-0.209087,-1.573592
959,8901,283.966813,-0.656473,-1.629077,196.079138,-2.990723,36.260962,-5.582639,353.918729,-131.565315,4.296932,0.712787,-1.191967
959,8902,109.959399,-0.329273,-0.906517,128.798313,-3.845504,-796.740652,-2.118699,302.375707,-67.111231,3.631443,0.080491,1.036089
959,8903,138.870036,-0.728865,-4.623073,-4.678357,-3.809551,-68.809428,-2.298765,272.161795,-71.345057,4.690532,-1.498496,-0.734847
959,8904,177.325655,0.339747,-2.601887,181.884945,-2.314566,-569.212894,-1.887947,306.315831,185.697003,3.324833,1.042458,0.225995
959,8905,137.197817,-1.421398,-2.295837,98.926999,-3.960659,-608.808482,-4.501776,232.310826,147.597436,4.764209,1.807859,0.520456
959,8906,243.822585,-0.913880,-1.071198,204.721857,-2.475999,-596.762012,-0.980031,88.885163,343.445944,4.521644,0.358012,1.510842
959,8907,201.464547,-0.945772,-3.657270,194.520221,-3.204052,-501.049625,-3.793424,345.314824,194.175908,3.136082,0.784632,-1.837143
959,8908,198.181785,-0.008771,-2.408664,199.468666,-4.387285,-974.061113,-0.639672,330.436687,72.421996,4.612169,1.344681,-0.617431
959,8909,309.274037,0.557505,-1.699425,346.197164,-3.095786,-86.161113,-1.161397,316.272596,0.656365,4.196228,0.985721,-0.056623
960,8910,261.699910,0.812205,-3.726620,-132.030969,-4.424265,-643.340846,-6.887162,343.692720,128.431904,4.616840,0.740609,-1.748340
960,8911,109.530946,-0.260450,-2.331677,163.978215,-2.481325,-778.999700,-1.465150,476.486482,-47.511640,3.964608,0.642371,-1.000497
960,8912,255.589718,-0.098396,-1.806743,553.684080,-3.498400,-56.575380,-4.209027,256.598588,309.210656,4.469229,2.397327,-0.834784
960,8913,72.480793,-1.035628,-1.429742,115.852091,-4.499450,111.287768,-0.992968,302.527831,14.688051,3.473970,1.531875,-1.253224
960,8914,198.060819,1.339652,-4.758927,-184.111683,-4.322506,-451.282932,-0.463799,185.057027,-128.024350,4.803393,0.387359,-0.136071
960,8915,249.527456,-1.265065,-3.704132,243.123064,-3.027303,-520.349036,-4.134525,389.841873,-190.359984,4.369517,0.723155,1.180138
960,8916,280.131593,-1.780784,-3.837097,202.749142,-3.150602,-741.527785,-2.369078,270.859445,56.247956,5.029260,0.968205,3.209607
960,8917,187.682125,0.581750,-3.159360,71.900567,-3.728181,-933.293941,-1.089632,139.003114,216.691474,4.679919,1.460128,0.105415
960,8918,219.260423,1.046564,-3.237517,241.774905,-2.520756,-175.109400,-0.685239,347.852345,98.074913,4.829299,0.780436,-0.005442
960,8919,146.693273,0.712753,-0.741038,-205.378701,-3.007604,-377.712989,-2.451190,155.816077,-6.673080,3.885280,-0.481650,-0.735604
961,8920,85.275091,0.751712,-2.147114,-1.245727,-3.278469,-22.894409,-1.006775,184.430046,42.298316,4.638175,0.565320,0.694464
961,8921,83.279855,0.582227,-2.356753,-183.664709,-3.019680,-948.906600,-2.066552,286.515231,104.444291,4.471998,1.095485,-0.467456
961,8922,176.078086,-0.478247,-3.243526,342.781215,-4.207340,-860.832611,-4.151108,505.742766,92.741623,5.283792,1.198208,-1.063722
961,8923,169.160262,1.103349,-2.758010,32.418470,-3.299117,-845.091347,-2.657489,312.688215,145.819464,4.448255,1.252623,-1.519902
961,8924,40.802332,0.308802,-2.122847,443.005024,-1.100276,-444.928102,-2.393944,138.427857,-157.628234,3.136224,1.392230,0.285063
961,8925,163.692272,-1.045744,-3.319038,-128.147128,-3.434950,-288.360077,-4.175569,302.693231,-7.026541,3.541931,0.923760,-0.221339
961,8926,187.695067,0.016279,-3.434698,259.970959,-1.542768,-878.823559,-3.038522,166.880416,116.399736,3.426513,0.315379,0.427682
962,8927,3.016338,-1.708301,-0.669958,-1.050365,-0.806974,-4.524397,-4.123607,3.379394,1.100742,2.556791,0.453389,-0.741999
962,8928,2.059951,-2.611133,-1.825565,0.492069,0.348879,-2.652129,-1.926960,1.668222,0.540999,4.367011,0.074000,0.276601
962,8929,2.766027,-3.429891,-4.982644,1.079245,-0.029454,-2.606284,-0.082467,0.554158,0.299186,2.780823,1.871807,-0.963833
962,8930,1.744332,-1.728306,-3.545670,2.080026,0.019950,-3.066811,-0.567225,1.816178,0.255434,3.264802,1.231905,-2.376412
962,8931,4.918846,-1.824788,-2.800495,3.410319,0.182254,-0.926488,-0.356795,1.527133,0.204352,2.806718,1.447281,-0.709738
962,8932,2.731676,-3.914297,-2.289904,3.747334,-1.580261,-2.833240,-1.864787,3.437780,0.689044,2.048016,0.539994,-0.948613
962,8933,1.196174,-2.355134,-2.447746,0.036184,-0.719622,-4.758825,-0.948110,1.822534,0.158099,3.434740,2.263590,-0.206734
962,8934,1.128373,-2.772582,-2.171293,2.300344,-0.791581,-5.166845,-1.505261,1.816675,0.129014,4.214286,0.649987,-0.360370
962,8935,2.831631,-2.563044,-2.144803,1.588851,-0.973462,-0.461139,-2.264301,2.440176,1.174720,3.348394,0.645482,-0.994106
962,8936,3.510541,-0.684443,-1.549083,-0.197106,0.596012,-3.539734,-1.150983,1.451878,0.196749,2.799658,1.696586,-0.019396
963,8937,2.486000,-1.917731,-0.722154,-0.151342,-0.502469,1.484372,-3.108860,2.369802,1.413050,3.294991,1.102285,-1.945991
963,8938,2.463368,-2.698762,-2.712717,0.224426,-1.177529,-2.648049,0.733834,0.740867,0.449402,1.867863,1.401609,0.118252
963,8939,4.211815,-2.675500,-2.626799,-1.309969,-1.521524,-0.740947,-3.580791,2.321294,0.690207,3.729642,0.233844,-1.815060
963,8940,3.617394,-2.132501,-3.061570,0.407059,-1.050615,-1.572608,-3.196131,0.522315,0.665795,3.066414,1.344198,-1.910629
963,8941,2.489545,-1.169537,-0.554023,3.740999,-1.655642,-2.022494,-2.305807,1.355173,0.633488,2.764112,1.200110,-1.022952
963,8942,3.674330,-1.743169,-4.908208,0.580667,0.146320,-2.206371,-3.421189,2.681813,1.042417,3.354161,0.359941,0.316668
963,8943,2.696323,-2.205872,-1.994022,3.307552,-0.701874,-0.394875,-1.967081,2.763668,0.399386,3.317347,-0.290651,-2.377793
963,8944,1.280154,-1.291177,-2.050082,-2.487898,-0.826293,-2.881922,1.730967,3.259771,0.906054,2.982305,1.195567,-1.075352
963,8945,2.512844,-1.817078,-0.777926,0.584203,-0.526740,-2.386649,-0.520586,3.485059,1.096111,3.114086,0.859638,-2.148744
963,8946,2.800777,-1.703350,-3.807447,1.877598,0.815302,-0.990549,-1.882457,2.375676,0.450462,2.871058,0.702353,-0.987441
964,8947,2.136839,-1.353537,-2.624529,-1.831554,-0.334653,-2.910796,-1.416296,4.288503,0.447292,2.318026,1.563887,0.166147
964,8948,2.166132,-0.903844,-0.989048,0.860131,-0.383076,-3.153440,-0.388435,1.212541,0.299165,4.076465,1.346048,-1.978714
964,8949,0.966294,-2.628094,-1.731479,2.890971,0.497659,-2.221494,-3.826011,1.404152,0.906551,3.561940,1.966701,-0.977728
964,8950,1.910976,-1.749731,-1.437187,-1.733545,-0.354814,-1.658205,-3.427525,2.437038,1.543075,2.797504,0.013488,-0.322009
964,8951,0.335151,-2.015581,-2.639487,-0.468794,-0.658177,-2.731204,-0.328640,3.461857,0.248912,2.140688,1.195345,1.812579
964,8952,1.862119,-1.864193,-2.276291,1.255775,-0.638767,-3.122195,-0.204151,2.405574,0.226753,2.838334,0.815324,-0.672760
964,8953,3.427081,-2.189864,-2.177064,-0.357589,-0.714790,-2.329370,-0.783856,2.690956,0.446928,2.613719,1.389461,0.844085
964,8954,3.150891,-1.136876,-1.954369,1.879640,-1.454121,-3.240566,-1.803213,2.198940,-0.023557,3.595398,1.091087,0.708062
964,8955,2.428357,-1.350730,-2.924451,1.189105,-1.030925,-0.987320,-2.635522,1.198404,-0.496217,2.794256,-0.075917,-1.716841
964,8956,1.607492,-2.153979,-2.523723,0.706709,1.274324,-0.665923,-3.310264,1.822974,0.575741,2.391950,0.477295,-2.284330
965,8957,148.511974,1.111185,-2.036922,-282.800373,-3.119371,-863.294225,-3.766447,371.026645,248.295174,4.823841,0.654107,0.600741
965,8958,120.967298,-0.088605,-3.191405,-344.032121,-1.945016,-57.695055,-2.745731,391.185578,88.528460,4.326141,1.284867,-1.801773
965,8959,131.889109,0.559424,-2.843949,212.409639,-2.276134,-331.018332,-3.034891,509.808257,9.222866,4.377626,0.421182,-1.795428
965,8960,164.841374,0.291792,-1.962708,110.965828,-3.528783,-1017.733354,-3.642682,383.830102,-67.912977,4.638069,0.586292,1.414516
965,8961,248.421126,0.291851,-0.793466,46.992787,-3.264812,-339.475683,-2.181416,433.400530,-50.463737,5.483698,1.274736,-0.420396
965,8962,154.654816,-0.229516,-2.094776,69.691751,-4.243038,-691.715548,-2.813702,164.631770,139.216057,3.143609,0.921420,0.207154
965,8963,217.802748,-0.170861,-2.988525,-82.388930,-3.995000,-47.343155,-1.933972,216.436934,-58.620100,4.273572,0.542652,0.098916
965,8964,150.644044,-1.748440,-2.278781,30.373890,-3.099190,-1116.203646,-2.271275,242.618111,-39.280555,4.503006,1.161192,-2.659796
965,8965,192.204211,0.343530,-2.921337,-93.421671,-4.468886,-1142.657761,-1.244144,268.361076,-2.289111,4.857719,0.657763,-0.115103
965,8966,161.222996,-0.065611,-2.792143,96.513941,-2.332033,-667.100971,-3.026779,245.089908,274.576165,3.697232,1.489651,-0.422301
966,8967,3.694573,-1.334694,-1.474661,0.576768,-0.292449,-4.811161,-1.346325,0.647799,1.496782,3.531190,1.856717,-2.120281
966,8968,0.747309,-1.951529,-0.957031,-0.610625,-1.306027,-6.786932,0.826379,1.828950,0.838754,2.461784,1.222929,-1.943721
966,8969,4.119111,-1.698533,-2.291442,2.787444,-2.465216,-1.273105,-3.723312,3.394074,0.005634,4.074367,0.777982,-1.104948
966,8970,2.204413,-3.330540,-4.716660,4.186191,-0.372366,-2.821294,-2.065232,4.263369,0.439599,3.760430,1.336221,-3.000832
966,8971,1.456962,-1.527472,-2.212570,1.105599,-1.111810,-2.387185,-3.555245,3.134358,-1.053912,2.703540,1.294135,-0.402431
966,8972,1.711985,-1.463583,-1.481180,-2.679784,-1.554443,-3.560063,-3.403622,1.878270,0.878974,2.260623,1.246722,-1.808608
966,8973,1.623417,-1.990404,-2.409465,2.645588,-0.159920,-5.093169,-3.452836,2.344921,1.560458,3.323471,0.287380,-0.954631
966,8974,4.499502,-1.883760,-2.541827,0.447276,0.783340,-1.316060,-3.070700,3.068835,0.210007,2.512007,0.647013,0.348574
966,8975,2.078351,-2.142108,-2.183517,0.483995,-0.105071,-3.706789,-4.045828,1.407266,0.655076,2.279453,0.664069,-0.379811
966,8976,3.695997,-1.574203,-2.525334,3.598569,0.460600,-2.102140,-0.749959,2.134503,1.605029,2.039327,1.214933,1.412826
967,8977,191.112167,0.838515,-0.895425,155.753018,-3.589083,-788.344319,-2.718858,209.259225,67.475743,5.017712,0.230999,-1.908157
967,8978,319.770293,0.474260,-1.610044,-111.547996,-5.747497,-601.670359,-2.512100,135.769733,37.983095,3.336297,1.970073,-0.719880
967,8979,91.732430,1.275498,-2.201384,188.683774,-3.322394,-109.575032,-3.455651,202.582859,194.940420,4.248179,1.212918,-1.253670
967,8980,230.162393,-0.124070,-2.848618,643.051879,-4.172667,-790.432754,-1.751439,395.496582,35.595224,2.469368,0.397142,-2.565292
967,8981,161.884267,1.091611,-2.264407,148.471591,-2.084358,-544.550126,-3.639871,311.539377,3.332481,5.031309,0.348116,0.084391
967,8982,76.136295,-0.003127,-3.462074,166.836711,-1.626374,-323.765319,-2.988622,197.319522,-9.064386,4.031580,2.716306,0.876359
967,8983,116.406194,0.585449,-3.189046,129.854527,-2.265470,126.010447,-2.725942,214.200835,114.271388,4.234859,0.706302,-1.615571
967,8984,120.133302,-0.665596,-1.527540,61.025881,-2.682983,-1329.785115,-1.016386,331.523139,-81.061561,4.748863,1.172780,2.053315
967,8985,216.649051,0.849967,-3.012969,475.378653,-3.388080,-29.140560,-0.449926,398.651446,11.266142,4.188077,1.114462,-0.162345
967,8986,244.984527,0.567750,-3.481362,819.471170,-2.565057,-503.729735,-3.253818,203.843282,-32.307835,4.057038,0.097202,0.275881
968,8987,151.530417,0.194725,-2.899081,-395.176344,-3.228083,-328.989870,-1.118562,178.338329,154.398070,4.138935,0.449784,0.491421
968,8988,143.976792,-0.142550,-3.213750,-198.720997,-2.021741,-365.893721,-1.712038,380.254336,105.453806,5.151504,0.228766,-2.292373
968,8989,126.703170,0.501479,-0.582928,-209.179961,-2.887436,-276.143321,-2.228682,224.768059,175.279141,4.918796,1.715324,0.034649
968,8990,196.282407,0.244200,-0.698199,544.795602,-3.348906,-670.766804,-0.990385,233.230160,119.859038,3.989435,1.068945,-1.067562
968,8991,188.046203,0.241316,-4.291930,-495.734068,-3.287173,-451.733225,-2.572831,468.839898,98.282794,4.933744,0.927898,0.042560
968,8992,26.329400,-0.218321,-5.285346,20.712763,-2.867167,-479.931904,-0.891581,215.448924,-40.443124,3.892762,0.900879,-1.831451
968,8993,230.877477,-0.092941,-3.098885,0.154111,-3.560138,-709.956822,-2.879809,426.742354,89.134531,4.938115,0.358610,0.585365
968,8994,206.538636,-0.527030,-3.569242,586.777989,-4.002085,-506.022777,-4.789490,110.342989,214.317294,4.487368,0.764849,0.533127
968,8995,179.915763,0.072514,-2.037621,349.267175,-2.933026,-744.759005,-2.434645,277.428412,38.551470,3.031935,-0.661862,-1.385279
968,8996,114.219362,-0.985736,-2.393378,-231.637626,-4.018484,-592.606819,-0.931600,283.449833,34.524110,4.682201,0.116577,-1.685222
969,8997,3.001783,-2.547749,-2.612052,-0.422143,-1.273381,-1.889777,0.037347,2.954110,0.387477,2.648053,1.206476,-2.096953
969,8998,1.973813,-2.135534,-2.116531,-0.772798,-0.373106,-2.396301,-2.228192,1.904485,0.874791,3.355747,1.731352,-0.512663
969,8999,2.727596,-1.494373,-1.485232,0.864394,-1.328393,-5.941083,-4.625969,2.554674,-0.018377,3.699474,2.124831,0.328521
969,9000,0.685865,-1.698244,-3.393598,-0.400763,-1.479768,-1.813155,-1.616768,2.155284,0.668450,3.207608,0.820746,-1.185995
969,9001,2.248092,-2.764211,-2.946024,4.775502,-0.631286,1.076410,-3.730831,2.391580,-0.027150,3.124445,-0.010608,-1.525482
969,9002,2.395956,-2.378679,-2.609233,2.186498,-0.447005,-4.154722,0.080436,1.769410,0.840720,4.094424,1.093839,-1.658855
969,9003,0.258292,-2.429931,-4.315568,3.094349,-1.150034,-1.433409,-2.627746,2.898269,0.673508,2.681888,1.191585,0.330210
969,9004,3.295119,-2.268554,-1.165822,0.998984,0.089934,-3.678984,-1.867611,1.058722,0.075270,2.493453,0.932267,0.116360
969,9005,0.992829,-1.024343,-2.265465,-0.344401,-0.334174,-3.084935,-5.534109,2.510058,-0.744974,2.834186,0.943267,1.674956
969,9006,3.318242,-1.122871,-1.213661,1.716302,0.817746,-4.424105,-2.829280,1.642554,-0.369831,2.714828,0.746187,-1.047031
970,9007,2.318044,-0.706436,-1.320751,1.176954,-0.933133,-3.892317,-2.689274,2.692341,0.588298,2.681264,0.331617,2.334350
970,9008,3.504005,-0.978471,-2.579907,0.360345,-0.785608,-4.093011,-1.447124,2.273542,0.988293,3.582767,1.238622,-0.827523
970,9009,1.240684,-1.233300,-1.012306,-0.846758,-1.390139,-4.779131,0.223219,1.847744,0.403209,2.506272,1.404106,0.295910
970,9010,3.078023,-0.751742,-0.832787,1.811688,-0.397318,-4.560209,-2.635254,2.488367,-0.588346,3.569490,0.488516,-1.886476
970,9011,2.884046,-1.489244,-1.786133,-1.075840,-0.943408,-1.895933,-0.056699,1.678456,0.295643,1.992687,0.592139,-1.586680
970,9012,2.012714,-1.713218,-2.676019,-0.214287,-1.171224,-0.597442,-3.605042,3.404645,0.717500,1.923267,1.998036,-0.110175
970,9013,2.236007,-2.756758,-2.825483,-2.073399,-0.482293,-1.335884,-0.196541,2.173861,0.395038,2.937737,0.614328,-0.087795
970,9014,4.455288,-2.524284,-2.654628,-0.726118,-2.401594,-1.165893,-4.194018,1.277426,0.027235,4.214570,0.470867,-3.177049
970,9015,2.063359,-1.952462,-3.542328,2.970806,-0.788403,-3.836541,-3.704333,1.769579,0.072666,4.030856,0.813034,-1.680461
970,9016,2.504186,-2.506476,-2.345003,1.463607,0.657621,-0.924556,-1.468118,1.457235,-0.500642,2.166414,1.125082,0.495819
971,9017,2.555563,-1.819430,-1.800693,2.392011,-0.959694,-2.391842,-4.085837,1.369562,0.490136,3.030403,2.059404,-3.183538
971,9018,4.433908,-2.052964,-1.834091,-2.295563,-1.860461,-4.395006,-2.427193,3.053570,0.796439,2.648278,0.984723,-1.474733
971,9019,2.834967,-1.574843,-3.565305,-0.147369,-1.427814,-4.992380,-1.570180,2.450057,0.402986,2.245670,1.280708,1.282970
971,9020,1.827153,-2.451042,-2.354263,-1.168747,0.072321,-5.544712,-0.804497,2.043577,-0.964245,2.382697,0.455273,-0.899187
971,9021,2.044598,-1.827218,-0.708238,-1.158805,-0.346041,-0.863272,-2.091016,2.565304,1.109899,3.367197,0.110909,-0.531995
971,9022,1.594915,-2.624074,-1.669105,-1.675965,-0.557755,-0.406963,-3.323748,2.006189,0.031914,2.796139,0.335549,-1.371096
971,9023,2.411606,-0.945746,-2.775860,3.679471,0.487784,-2.406900,-2.730637,1.294107,0.331786,2.977037,0.509228,-2.346411
971,9024,0.978951,-2.015675,-2.433087,2.812476,-0.252878,-2.874915,-3.859816,1.859902,-0.356035,2.992455,0.291328,-1.115215
971,9025,2.451536,-1.003848,-0.152779,2.359681,-1.670699,0.974003,-3.800210,2.965419,1.284948,2.870221,0.586822,-1.780856
971,9026,2.528327,-1.776422,-1.983856,-0.258835,-1.109209,-4.267745,-3.896228,1.429854,1.221082,2.969146,1.561304,-2.116364
972,9027,1.361466,-1.111814,-2.630105,-1.679086,-0.440094,-2.318875,-2.494809,1.604924,0.740914,2.180507,0.857124,0.117100
972,9028,0.850531,-2.555028,-4.191185,-1.036829,-1.943106,-1.383999,-1.977556,3.454468,0.570024,3.236559,0.851671,-0.886520
972,9029,2.770134,-2.745648,-2.647772,2.517311,0.007279,-2.642981,-1.779477,1.613599,-0.171646,2.827660,1.146987,-2.927573
972,9030,1.676582,-2.222871,-1.004467,1.363788,1.709320,-3.470723,-3.643162,2.108549,0.088944,2.366324,0.372433,-1.613409
972,9031,1.286757,-3.868107,-2.712664,2.819322,-0.024067,-4.406042,-4.552820,2.278850,1.181370,3.024329,0.765361,-0.490504
972,9032,4.198287,-2.704761,0.134212,1.564021,0.057090,-2.983252,-4.789023,1.504808,1.426937,2.987580,0.789592,0.432293
972,9033,2.370638,-1.883876,-1.924828,-1.620530,-0.473470,-4.267662,-1.619584,2.703074,-0.195529,2.649198,1.706036,-1.970688
973,9034,105.078958,0.253001,-3.262223,382.988014,-3.033498,113.118711,-1.339233,253.640601,184.881293,4.419226,0.891609,0.214028
973,9035,66.515065,0.071319,-2.414692,95.297742,-3.738260,-1143.416168,-1.572227,242.290914,202.261674,5.074014,0.526795,-1.346314
973,9036,219.571935,-0.505884,-3.172572,272.880000,-2.882704,-856.402384,-0.252561,363.766987,135.234277,4.191791,1.142586,1.452969
973,9037,238.074009,-0.035571,-0.723146,-79.573644,-2.660216,-562.325011,-4.009172,249.892662,336.970171,3.237384,0.217344,-0.495857
973,9038,245.068757,-0.103005,-5.080466,-296.898304,-2.415958,-802.122592,-1.798940,456.973873,288.023379,4.724980,0.549268,-1.028705
973,9039,246.452809,0.371448,-3.016593,51.888648,-4.108843,-1063.841794,-2.147556,265.621549,69.163720,2.849193,1.399213,0.430814
973,9040,61.247195,-0.881889,-5.324537,-107.827279,-2.298660,-588.642860,0.038757,127.535752,11.254538,4.890201,1.490921,-1.978620
973,9041,205.183935,-0.037169,-2.342447,-84.649665,-4.097339,-1298.880970,-0.943709,379.768592,21.480258,3.306560,-0.282370,-1.890936
973,9042,166.064204,-0.944152,-3.864360,-103.204470,-3.919449,-414.339653,-1.643709,173.471445,68.916736,5.207596,1.042597,-1.244642
973,9043,36.865094,1.137173,-3.391227,-114.528694,-3.362551,-437.529151,-0.455085,181.530864,53.917948,5.123933,0.723966,-0.223033
974,9044,2.038171,-2.109232,-3.050899,2.559243,-0.517753,-3.892900,-2.182301,2.697874,0.471702,2.175367,1.734752,-0.640721
974,9045,1.256562,-1.018436,-2.284118,1.470344,0.741860,-0.526260,-0.967854,2.030812,0.669048,4.249255,1.071219,-1.974731
974,9046,1.554951,-2.462322,-2.814592,0.837571,-1.444498,-4.436195,-0.010313,3.063542,1.771620,4.037056,1.173523,-1.549922
974,9047,3.494120,-3.308600,-1.672039,-1.330711,-0.625857,-0.930551,-3.572975,1.775278,-0.264178,4.274110,1.061521,0.023465
974,9048,1.529231,-2.191432,-2.371507,-1.882798,-0.297348,-1.754267,-4.004098,3.425108,-0.019597,2.870889,2.112071,-2.435947
974,9049,3.143308,-2.119303,-0.584143,0.967420,-1.521238,-2.283479,-2.992907,3.827027,-0.342092,2.661424,1.670994,0.106141
974,9050,2.123413,-2.231931,-3.757221,0.895201,-0.762382,0.790704,-1.825222,3.190794,0.498283,3.610515,0.269515,-1.395705
975,9051,5.312162,-1.498560,-3.082215,3.777594,-0.281710,-3.101390,-2.823972,0.944364,0.838050,1.887157,1.047845,-2.249784
975,9052,2.143651,-2.310909,-3.538359,-1.408049,-0.713462,-3.099906,-3.386680,2.678406,-0.305948,3.134429,1.415342,-2.033574
975,9053,1.925481,-1.535475,-1.986597,3.017920,-1.969161,-1.526474,-0.624349,1.318686,0.560157,3.607771,1.357556,-0.767202
975,9054,2.611527,-1.416508,-0.614851,2.491762,-0.658560,-5.981186,-4.363045,2.484537,-0.078096,2.446642,0.725463,-0.447373
975,9055,1.967884,-1.147127,-2.052138,-0.665706,-0.476284,-0.759385,-0.614739,2.045026,-0.049053,3.039928,1.772392,-1.345993
975,9056,3.726490,-1.999406,-2.348245,-0.705505,-1.791151,-4.936356,-2.021880,1.580932,1.172795,2.023416,0.179625,-1.900992
975,9057,3.630821,-1.690362,-2.816647,1.774754,-2.017988,-0.965453,-1.074360,2.646287,0.075360,1.586328,0.578186,-0.537706
975,9058,1.884279,-1.412946,-1.416254,2.558700,-1.376842,-2.476518,-4.156185,1.896919,0.302750,2.862795,1.758850,-0.159838
975,9059,2.503151,-1.723510,-1.591764,2.195754,-0.880343,0.772438,-0.438220,2.233579,0.636216,2.670869,1.732866,0.023591
975,9060,3.030652,-1.994915,-3.930246,1.672779,-1.099211,-4.007362,-2.568208,3.135226,0.757014,2.612968,1.345262,-0.176431
976,9061,201.653176,-0.505705,-2.346000,353.231384,-3.043191,-991.281503,-4.467149,471.501051,64.839107,4.324501,1.133846,-1.029595
976,9062,308.147989,-0.085961,-3.288642,-201.794012,-2.148907,-1743.718065,-3.261010,251.267963,203.185803,3.926253,1.915538,-0.360253
976,9063,113.471266,-0.424181,-3.144508,107.690456,-4.225696,-1275.920238,-4.686206,178.896148,104.339700,4.193854,1.471076,-2.236720
976,9064,78.044181,1.492456,-1.694868,109.345179,-2.917978,-1139.148982,-2.237231,100.227872,-117.907189,4.799784,1.092785,0.669392
976,9065,190.571272,-0.332724,-1.556977,-658.397402,-3.485889,277.219937,-4.284905,317.150111,15.474967,3.578636,0.553786,-0.721155
976,9066,246.828585,-0.680747,-2.914557,398.571010,-4.220583,-395.992806,-2.360283,105.665809,123.960075,3.810557,0.064706,-0.749800
976,9067,56.093842,-0.331507,-4.940857,-482.978069,-3.315014,-318.899402,-2.290460,322.658129,48.091861,4.095424,1.124509,-0.146028
976,9068,173.655497,0.972065,-3.547382,227.874122,-3.095093,-902.036369,-2.037894,177.072999,-111.015747,4.576436,0.740442,-1.588307
976,9069,221.572125,-0.566630,-2.401051,498.388763,-3.798504,-792.506544,-2.670570,215.814483,49.107593,3.932879,1.468982,-0.371451
976,9070,167.900272,0.755234,-3.130016,270.342215,-2.464376,-1635.156444,-1.251077,376.282342,-39.943955,4.667146,1.494656,2.391664
977,9071,2.567036,-0.813451,-3.297411,3.318129,0.272348,-1.983124,-3.845622,1.616161,0.596868,3.981793,0.724540,-2.141641
977,9072,0.792146,-1.157167,-2.194165,-0.971039,-0.617845,-7.018918,-0.567066,2.288587,0.485506,3.667219,1.002494,-1.654657
977,9073,2.551215,-1.397268,-2.838838,-2.409963,-0.710487,-2.085923,-2.328845,1.349979,-0.479673,3.963468,1.295619,-0.381363
977,9074,2.797565,-2.655364,-2.962031,1.070878,-0.789907,-2.368504,-2.959834,1.219350,2.106138,3.283126,0.489952,-1.145087
977,9075,4.592666,-2.314370,-2.139942,3.308231,-1.830695,-1.700637,-1.812375,1.721473,0.885095,4.106275,0.265930,-0.262747
977,9076,1.494405,-2.223350,-0.418695,3.700377,-0.775173,-0.322342,-3.502367,1.926209,0.840305,3.190946,0.104583,-2.419939
977,9077,2.344323,-0.947077,-1.338580,2.307364,-0.655618,-1.749825,-1.263063,2.834324,1.348455,1.838591,1.651600,-2.391406
977,9078,2.520698,-1.594292,-2.364436,1.370997,-0.085492,-6.176319,-4.331919,2.246399,-0.320854,3.609237,1.053716,1.545710
977,9079,3.951109,-2.323713,-1.352796,1.217155,-0.451312,-3.972017,-4.037223,1.932575,0.091187,3.449375,0.052891,-0.097638
977,9080,2.666141,-0.301137,-1.042664,0.278796,-0.061930,1.404753,-0.747225,2.198220,0.732498,2.270103,2.299143,0.057782
978,9081,3.314573,-3.168518,-2.169927,1.839488,0.322850,-2.649228,-1.656824,2.923605,1.239611,2.154381,0.940596,-1.433500
978,9082,1.410202,-0.365204,-2.622436,1.576062,-0.259556,-5.274143,-3.545490,0.833731,-0.202884,2.924858,1.393587,-1.076181
978,9083,1.297076,-1.746599,-3.409249,1.123847,0.605445,-1.164870,-4.712232,3.879004,0.562897,3.631655,0.665466,0.169731
978,9084,3.579972,-1.548245,-2.065477,-1.523062,-1.434108,-5.780603,-3.093735,1.754625,-1.819073,3.785682,-0.247659,-3.856178
978,9085,1.329974,-1.586298,-3.345312,-1.565878,-1.026870,-5.147422,-2.292590,2.553220,0.776646,3.183617,1.217842,-1.918514
978,9086,2.080381,-2.434292,-2.087975,-0.411214,-0.641808,-4.259980,-2.475846,1.181631,0.516245,2.634742,1.819618,-0.517616
978,9087,1.669354,-2.839275,-2.457893,1.497224,-1.758987,-2.184066,-2.531354,3.308715,1.164246,3.276934,1.339338,-0.281143
978,9088,1.135164,-1.719428,-3.404740,0.965140,0.034937,-5.267740,-2.134099,2.577411,1.005813,3.307280,2.015795,-1.236628
978,9089,1.311855,-4.064024,-1.106816,-0.195987,-0.869367,-1.015074,-2.349963,1.741249,0.161613,3.304121,0.400813,-0.374345
978,9090,3.249749,-2.660951,-1.044644,-3.350542,0.268419,-5.512214,-3.285282,2.286618,0.121570,2.652471,1.125528,-1.428632
979,9091,2.800942,-1.585471,-2.532642,-1.906284,0.673834,-0.642233,-1.986708,3.191451,0.391014,2.481180,-0.046848,0.216563
979,9092,3.411917,-2.202419,-3.278043,1.565414,-2.301373,-0.628793,-2.963595,2.008992,0.191594,2.571386,0.867761,-0.373892
979,9093,1.671248,-1.811093,-3.238821,3.531298,1.100774,0.854498,-2.284529,3.882726,0.129683,2.624434,0.374616,-1.904466
979,9094,4.570535,-1.434281,-1.280445,0.660488,-1.585856,-2.012268,-1.811511,2.908502,0.286142,3.730147,1.018834,-0.231261
979,9095,1.230935,-2.111840,-3.914734,2.548871,-0.306291,-2.102917,-3.406457,2.049560,0.323680,2.718103,0.842231,-2.701888
979,9096,2.182871,-3.287590,-3.146830,3.038652,-0.772226,-1.958461,-0.933585,3.323913,0.818954,3.748296,0.255909,0.605736
979,9097,3.626842,-1.555074,-1.931169,1.778405,0.073149,1.149810,-2.631251,0.959206,1.096131,3.065075,1.156838,-0.351600
979,9098,1.768637,-1.214773,-1.674124,3.617062,0.506654,-5.051663,-2.866246,3.311860,0.820133,3.143925,0.500377,-0.975999
979,9099,1.744486,-0.684267,-2.297986,1.101581,-0.534181,1.092685,-1.842969,1.352715,-0.112785,4.520561,1.262056,-1.087423
979,9100,3.140715,-2.677820,-1.066880,2.664954,-1.056371,-0.516540,-1.519272,1.762292,0.554711,2.663463,0.944215,-1.437316
980,9101,2.139115,-2.403018,-2.879010,2.799306,-0.857576,-0.937625,-3.418492,3.257202,0.921987,3.398435,0.932868,-2.225499
980,9102,2.263261,-0.952978,-3.327684,0.995497,-1.273751,-0.577016,-2.897753,1.811048,0.196507,3.007700,0.706986,-1.659803
980,9103,2.691233,-1.747010,-2.720844,-0.692438,0.148254,-3.885154,-3.053232,2.125797,0.040240,2.668754,0.875135,-2.707667
980,9104,2.955845,-2.524306,-2.367662,1.006927,-1.400099,-4.111762,-0.678007,2.473393,1.084723,3.786564,-0.190789,-0.834430
980,9105,1.480813,-1.276312,-1.126195,-1.774965,0.346376,-1.210934,-3.234803,2.600656,-0.663620,3.274089,-0.125343,-1.037370
980,9106,2.181158,-2.670787,-1.967998,1.148644,-1.077821,-0.885449,-3.025607,1.748691,0.468649,3.762499,1.237040,-1.049540
980,9107,2.751508,-1.623135,-2.853392,1.692827,-0.519238,-2.266179,-2.027983,1.419266,0.971380,2.860358,1.078732,0.741005
980,9108,2.145496,-0.914558,-1.554669,-0.320716,-0.396045,-1.885278,-2.230021,1.942433,0.048431,3.617253,0.854664,-1.743094
980,9109,1.618569,-1.892705,-0.191952,1.090057,0.570757,-0.113310,-3.100234,-0.142086,-0.067708,2.683680,0.625533,-1.094132
980,9110,0.552073,-2.170658,-1.367308,2.203062,-1.175415,-2.230043,-2.852213,2.294444,-0.645768,3.500797,1.143399,-0.035890
981,9111,180.147313,-1.015869,-1.778498,94.199105,-3.751156,-673.527371,-0.946180,362.461784,94.169001,5.519774,1.162216,-1.173652
981,9112,188.029794,0.602327,-2.761091,-518.057352,-4.192315,-239.934779,-2.034293,322.134716,-11.971837,4.236675,-0.162512,-3.561694
981,9113,159.914022,0.290467,-4.837820,-26.723024,-2.609096,-46.354950,-2.565633,162.676659,134.397982,4.802023,0.359323,-0.494930
981,9114,199.904085,-0.873579,-5.090762,-7.183609,-3.425726,-1078.484912,-2.316421,194.642968,266.913862,4.405807,1.391681,1.037218
981,9115,228.834227,0.806933,-1.408105,51.153472,-3.123461,-420.417572,-4.361418,195.549809,128.138438,4.898156,1.361267,-2.413611
981,9116,216.312492,0.182332,-4.463258,-55.947678,-2.259056,-591.430422,-3.158963,254.750935,34.954907,4.025970,0.216110,-2.544062
981,9117,193.146828,-0.055856,-1.998365,-184.411159,-3.121571,-537.262526,-2.695215,140.983949,95.101573,4.292642,0.475555,1.207161
981,9118,227.425075,0.051039,-4.466483,54.227879,-3.134357,-358.743511,-4.109604,326.197354,163.674517,4.592127,0.767319,-0.824177
981,9119,137.917118,-0.093582,-1.204476,288.636448,-2.071874,-886.200080,-0.889526,310.167876,122.674712,5.323183,-0.435146,1.357338
981,9120,103.085243,0.599580,-4.370779,374.484827,-4.036656,-543.744984,-2.855941,142.183792,63.114251,3.722134,0.697938,0.181115
982,9121,3.004680,-2.813736,-2.494110,-0.574676,0.075072,-4.323549,-0.673661,2.419609,1.676253,3.677156,1.064875,-3.440406
982,9122,2.955426,-1.213601,-3.391084,1.008028,-1.575331,-4.108422,-3.614219,2.630448,0.447294,2.826563,1.407277,0.023076
982,9123,2.192726,-2.717980,-0.634685,-2.589233,0.025948,-0.386979,-1.277329,1.249761,1.766640,3.561066,1.177712,-1.983368
982,9124,3.566821,-1.317645,-2.437230,1.498662,-0.138847,-2.573462,0.127405,2.210305,1.546054,3.304341,0.188991,0.252654
982,9125,2.617998,-1.950239,-0.902349,-0.487150,-0.424744,-5.142735,-5.341275,2.056127,0.237088,2.228752,2.031380,-0.598614
982,9126,3.140739,-1.118511,-1.331883,2.568639,1.336723,-3.114864,-1.271790,3.114682,-0.576154,2.846379,1.508790,-1.607010
982,9127,3.125920,-2.596087,-3.063298,4.829094,-2.147345,-1.216205,-1.727271,2.192041,-0.241002,2.828696,0.730695,-3.023496
982,9128,2.186971,-2.795296,-2.725954,-0.663815,-0.691799,-0.293898,-0.149845,1.592214,0.864624,3.751740,0.900640,-0.464241
982,9129,2.211696,-1.202136,-3.597384,-0.752397,-0.519334,-2.001403,-1.951521,1.954173,-0.075663,1.398342,0.877340,0.011854
982,9130,0.692389,-3.065206,-2.135631,-0.716468,-1.862913,0.717431,-1.251264,2.372658,0.500324,3.371216,1.127820,0.556284
983,9131,1.508813,-2.743480,-2.198319,-0.832836,-1.467235,-3.565073,-1.391723,2.070574,0.645559,2.561110,1.164730,-1.073499
983,9132,3.134742,-3.125968,-2.261323,0.956693,-0.618250,-1.292417,-1.006613,4.333081,0.880286,2.673483,0.004253,-0.482810
983,9133,2.158491,-2.358314,-1.143661,-1.058595,-2.868306,-3.279392,-1.454921,1.567674,0.575492,2.620738,1.054064,-0.270000
983,9134,2.141697,-1.343784,-1.092312,-0.043626,-0.773757,-2.992345,-1.479471,1.644152,0.524349,2.817514,1.264773,0.702231
983,9135,1.879315,-2.235473,-0.586605,1.411932,-2.218235,-2.538520,-2.939826,2.713783,-0.131654,2.946191,0.793866,1.758523
983,9136,3.195477,-1.240680,-0.839553,-1.160937,-1.503609,-1.845314,-3.070525,2.301686,0.586331,3.084929,1.965605,-1.116321
983,9137,1.659628,-2.429983,-3.184339,2.485139,-0.568662,-3.669016,-3.342511,2.981300,0.906892,3.496348,1.590630,0.124050
984,9138,2.403815,-3.637462,-1.412171,2.517229,-0.508161,-4.297501,-0.270563,1.388601,-0.070675,3.091190,1.326467,-0.483597
984,9139,1.253019,-0.865067,0.088355,-1.760126,-1.826352,-4.834932,-3.622411,2.408668,-0.033496,1.842704,1.243957,-1.714755
984,9140,1.772645,-2.648111,-2.225630,-0.625492,0.494112,0.310102,-2.373224,2.165463,0.556451,3.836966,1.213084,-0.115567
984,9141,1.535276,-3.004780,-2.191210,0.347873,-0.308891,1.170106,-1.735578,0.453177,0.142889,3.428879,0.252416,-1.646815
984,9142,1.322515,-0.559569,-2.572452,-0.811740,-0.463489,-1.547690,-1.944396,1.056745,0.368699,2.834104,0.622427,1.885620
984,9143,2.558980,-1.649412,-1.989034,0.561536,-0.864949,-3.376286,-4.768980,1.869120,1.760171,2.443663,2.013380,-1.496586
984,9144,3.027732,-1.055307,-1.223431,0.137089,-0.055966,-1.927567,-1.086781,4.617975,0.870329,1.715212,1.387340,-2.245484
984,9145,2.313226,-1.688855,-1.272356,-0.544097,0.221903,-3.113865,-4.117425,1.689353,1.451483,4.002216,0.907799,-1.588577
984,9146,0.117295,-1.234407,-2.893060,4.791519,-0.193284,-3.555097,-1.465678,1.810484,0.809100,1.755319,2.010249,-1.187901
984,9147,1.706906,-1.037812,-2.236195,-4.364598,0.458392,-0.485156,-3.001988,1.304355,0.444851,2.764591,0.414254,1.264812
985,9148,1.646428,-1.092908,-3.812970,0.030019,-0.755697,-3.586481,-0.881977,2.487328,0.234877,2.461141,1.378580,0.056184
985,9149,2.808450,-2.971369,-3.556174,-0.060566,-0.715911,-2.003868,-2.648406,2.360386,0.930323,3.195704,-0.079614,-0.690119
985,9150,3.771860,-2.903378,-0.849239,-1.327068,-1.297689,-3.624075,-3.760192,3.579250,-0.866040,2.916464,0.486302,-2.157988
985,9151,2.596052,-1.679279,-1.704455,0.258413,-1.370439,-5.076237,-4.242101,1.316633,1.063959,2.438392,0.609566,-2.376960
985,9152,3.032481,-1.307271,-1.182386,2.135323,-3.065024,-5.297396,-1.541141,1.265523,0.608837,4.044510,1.091413,1.951612
985,9153,1.211760,-2.417713,-1.471740,0.268672,-2.119050,-5.748576,-2.022736,2.604367,0.425230,3.494452,1.542660,-0.366904
985,9154,0.821311,-1.642629,-3.237610,-0.154038,-0.634812,-5.496700,-4.798326,2.999063,1.268770,4.204379,0.728780,1.272176
985,9155,2.321010,-2.445269,-1.285503,4.244404,-2.471035,0.000601,-2.834137,1.443196,1.124982,2.494331,1.470912,-2.682024
985,9156,1.743443,-1.739519,-0.915472,-0.603756,-1.469842,-3.358240,-2.702439,2.931043,0.688229,3.252322,1.891958,0.753537
985,9157,1.551163,-2.489255,-1.664858,1.114205,-0.559293,-0.356887,-2.682192,2.052006,0.654361,3.292009,1.704903,-2.494789
986,9158,1.147180,-1.453490,-2.862520,0.601322,-0.763575,-1.743707,-1.859161,1.617152,1.219278,3.337780,1.454983,-2.047943
986,9159,2.301796,-1.593841,-2.345692,1.963634,-1.027650,-3.473022,-2.566867,2.001369,1.432731,2.391584,2.010911,-0.908553
986,9160,1.916484,-2.865036,-1.685840,1.168869,-0.309037,-1.848968,-1.233129,0.452012,2.069224,4.258115,1.057985,-0.736234
986,9161,2.004895,-1.690062,-0.210222,-1.144942,-0.897805,-0.756778,-3.124208,1.573092,-0.090899,3.783142,1.029207,-1.657125
986,9162,1.494102,-1.930983,-2.540205,-1.111929,-2.675510,-3.596340,-2.738084,1.625343,1.305099,3.044865,1.570123,-0.988349
986,9163,4.585886,-1.416765,-3.006197,2.609643,0.845442,-1.580636,-1.707568,0.651545,-0.312890,3.690535,0.743017,-2.019473
986,9164,2.593592,-2.527128,-1.324353,-0.824861,-2.378641,-1.030289,-2.356538,3.010435,0.054986,3.797410,0.254145,-0.761097
986,9165,1.640508,-0.682162,-2.650431,0.283869,-0.067645,-3.182167,-3.124690,1.588538,1.166017,4.038621,1.075656,1.380851
986,9166,2.440891,-2.782679,-3.856355,3.503388,-1.142632,-3.874401,-1.547626,2.838249,0.830834,4.564308,1.282381,1.039379
986,9167,1.134618,-2.229546,-2.584485,-0.690456,-1.157772,-3.236052,-1.190296,1.831702,0.721658,2.932438,1.155401,-0.742713
987,9168,170.337953,0.066798,-1.660254,318.386046,-2.170511,-1333.997824,-3.669041,310.216419,-160.810631,5.379582,0.475338,-0.245312
987,9169,124.059075,0.107201,-2.795165,-363.331067,-3.997933,-1603.484126,-1.078601,321.199555,-22.840296,4.567800,-0.224501,-1.954652
987,9170,105.870454,0.399502,-3.658626,-20.172287,-3.478685,-1857.808391,-1.070631,313.636041,147.273560,3.655620,0.677204,-0.008395
987,9171,153.290023,-1.238223,-4.081736,323.412171,-3.667031,-618.313851,-2.905887,81.348333,-35.502776,4.283814,0.486184,1.880133
987,9172,136.722151,1.487546,-2.297203,167.976028,-2.531469,-477.504407,-1.264210,307.935671,-33.868681,4.705985,2.474225,1.581316
987,9173,173.380717,-0.867350,-5.237621,362.249840,-3.863428,-648.232395,-1.394834,316.073896,63.741699,5.289760,0.694752,0.444258
987,9174,213.277114,-0.364245,-2.690137,444.474084,-2.208968,-1086.174669,-2.582210,96.534637,81.412944,4.758456,1.536629,0.767544
987,9175,204.799311,-0.663249,-1.791244,356.219425,-2.546895,-479.332656,-5.021979,301.478218,60.493810,3.522589,0.757821,0.610815
987,9176,85.884716,-0.327221,-4.370999,137.224429,-3.006029,-979.385222,-2.969028,270.758612,30.569025,4.082487,1.054687,1.239605
987,9177,81.102759,0.595902,-2.176499,153.337926,-3.912253,-761.260250,-1.738991,403.711010,-88.072958,4.302460,0.610480,-0.159172
988,9178,229.569658,-0.259211,0.197475,-334.600425,-3.517201,-1312.301375,-1.799098,109.474572,-2.162055,3.604330,1.256343,-0.592214
988,9179,134.508568,0.949083,-2.206326,151.911260,-2.649003,-1169.485664,-1.570757,342.469204,143.495400,3.832742,0.861160,-1.283097
988,9180,214.123244,0.760268,-3.139433,88.309878,-2.138912,-1107.470897,-4.532689,257.762196,230.420450,4.562870,0.640813,-1.172269
988,9181,116.366155,-0.363043,-2.841803,-319.043379,-3.735100,-832.612480,-0.707409,211.343973,67.249794,4.246710,0.981225,-0.457824
988,9182,104.618901,0.025629,-4.762387,376.274551,-4.028922,-1590.710618,-1.723052,336.425592,-31.723242,3.829691,1.237727,0.658173
988,9183,90.555041,1.040552,-2.385880,85.038906,-2.912465,-377.334197,-2.226389,401.197790,62.663196,4.047902,1.004464,-0.931120
988,9184,92.946027,0.149990,-4.641171,190.931711,-3.617800,-1026.284514,-2.140299,190.686419,108.906744,4.247968,0.100157,-0.344552
988,9185,234.558180,0.578009,-4.166950,46.081339,-2.092401,-747.139142,-1.743219,305.008755,24.635525,5.008417,0.045587,2.097832
988,9186,102.815270,0.896930,-2.298791,-84.931890,-4.035854,-468.117382,-2.359360,271.897956,23.897310,4.362915,0.727699,-0.432604
988,9187,151.908954,-0.685444,-2.651009,344.331546,-3.492490,-673.882662,-2.307810,213.116037,95.213422,5.503043,0.807763,0.247535
989,9188,3.193341,-3.011319,-2.138805,1.083660,0.900500,-2.923878,-4.720526,4.930537,1.255948,2.228982,0.467352,-0.918035
989,9189,2.585401,-1.429327,-2.699013,2.003565,-1.556023,-1.378402,-4.435498,2.520450,-0.460575,3.203429,1.793956,-0.740231
989,9190,2.045254,-2.353693,-3.104680,-2.745392,-1.310517,-2.551370,-4.235751,1.719928,1.993643,3.149713,0.940078,-2.119744
989,9191,2.237658,-1.704341,-3.444331,2.477662,-1.392114,-3.085364,-2.153740,2.032014,1.074468,3.403505,1.563737,-1.863844
989,9192,2.533293,-2.742285,-0.720922,0.258370,-1.762885,-4.387788,-2.602728,2.395080,1.000935,1.935542,1.106620,-0.036923
989,9193,0.985696,-1.849277,-4.036030,2.042687,-1.049858,-1.029495,-1.318089,2.810230,0.698571,3.499646,1.403725,-1.342725
989,9194,3.441392,0.037388,-3.876202,0.563377,-1.825715,-2.060667,-3.644633,3.428663,0.307208,4.115128,0.512518,-1.494654
989,9195,3.486530,-2.545060,-1.742733,0.208017,-0.436933,-3.091710,-1.669918,1.902070,-0.047233,3.036616,0.993767,-0.921322
989,9196,3.072335,-1.985309,-2.008604,1.624293,-1.335307,-2.428515,-1.474365,2.348589,1.082196,2.060375,1.344869,-1.852162
989,9197,2.464467,-2.765510,0.052073,-0.283587,0.780250,-3.867144,-2.089086,2.245652,0.063701,3.224241,0.997911,-1.169690
990,9198,193.535807,-1.377300,-2.358375,955.464314,-4.069070,-788.885281,-3.524495,370.090239,-58.768601,3.722382,1.239903,-0.641741
990,9199,181.830366,-0.392151,-3.627301,-59.313826,-4.144031,-820.508700,-3.009281,451.284507,200.473103,4.422589,0.599233,0.368684
990,9200,264.843497,0.158698,-3.406787,12.938190,-3.669795,0.129682,0.373446,284.244436,-30.663369,4.267329,0.701112,-0.411512
990,9201,316.734401,-0.782780,-4.156811,-217.445904,-4.333116,-505.657531,-2.865819,440.491821,-27.366009,4.413687,0.400279,-1.583177
990,9202,232.895108,0.041462,-3.232100,598.397229,-2.562336,-89.946195,-2.467133,273.231874,89.694984,5.417510,0.789351,0.691878
990,9203,71.083649,-0.850709,-5.315266,380.488394,-3.022678,-596.730617,-3.242755,141.605736,-197.979506,4.454298,1.439822,-0.725233
990,9204,227.751559,-0.245856,0.243978,-26.342053,-2.549832,-752.777237,0.056888,330.783679,43.901419,2.768300,0.556838,0.744378
990,9205,140.269548,-0.003488,-3.063541,-87.779046,-2.990794,-759.811616,-2.790762,113.089690,-71.755160,5.418651,1.129295,-0.065250
990,9206,96.062406,0.112981,-2.948622,308.969265,-2.877265,-829.339439,-2.780684,255.919065,286.186379,4.112078,1.061797,-0.098482
990,9207,295.951478,0.507558,-1.726238,675.536963,-4.318155,-920.831385,0.467911,144.334029,34.862367,4.345439,0.121692,-0.192813
991,9208,139.114541,-0.359017,-2.479318,194.379209,-3.929022,-880.656802,-1.707877,213.727515,186.940484,4.464018,0.690834,0.426079
991,9209,166.748386,-1.062921,-1.739459,126.052581,-3.330870,-434.353032,-1.660842,283.660656,-58.671683,3.484967,0.471089,0.642167
991,9210,174.286201,-0.583518,-2.026945,-15.160847,-2.787015,-1323.583979,-3.948465,262.538657,-141.226531,4.998342,0.373844,1.103094
991,9211,219.652333,0.112060,-3.167415,172.480304,-3.491646,-878.281534,-3.873300,208.088453,-76.494965,3.622839,1.461873,-1.990699
991,9212,246.700360,-0.685984,-2.568608,-114.751705,-2.265073,-819.813810,-1.590308,279.599627,-226.261662,4.287106,1.458769,0.249229
991,9213,218.064458,-0.396394,-3.286281,138.337799,-3.314757,-1336.390027,-3.935764,372.638247,156.887248,3.960279,1.316757,0.551020
991,9214,164.037560,-0.169721,-1.766632,155.092706,-2.455017,-829.063572,-4.534128,360.827068,46.566106,4.679412,0.290608,1.907104
991,9215,173.743936,-1.071498,-4.508756,-116.526432,-4.012087,-1147.008471,-1.230682,177.903603,61.394540,3.685245,1.147176,0.337277
991,9216,147.834268,0.592561,-2.596816,319.142998,-3.269118,-929.468128,-0.485728,333.952750,53.469924,5.554431,0.955682,0.627453
991,9217,98.241231,0.025391,-2.430842,-101.233174,-3.646267,-507.395489,-3.455307,209.575270,97.989197,4.828147,0.296505,0.003598
992,9218,1.491333,-1.961656,-2.279269,3.225749,-0.294921,-3.956177,-2.919064,1.622524,0.683597,4.330603,1.103900,0.171586
992,9219,2.399863,-1.854614,-1.827121,2.986378,-1.281325,-1.669532,-2.170978,0.178094,0.201691,3.683106,0.672409,-1.315609
992,9220,2.044700,-1.154928,-3.142650,-0.666034,-0.325754,-3.040601,-0.099359,1.121183,-0.006168,3.039373,0.697373,-1.772399
992,9221,2.978618,-1.009586,-0.846024,-0.186414,-0.966177,-2.985258,-4.148047,2.163861,0.678807,2.237836,1.324491,0.858271
992,9222,2.092649,-1.760037,-2.737070,2.698185,-1.464062,-3.409931,-2.885261,1.196289,-0.079365,3.314013,1.647963,0.763255
992,9223,1.821676,-2.412666,-2.902753,-0.232958,-1.364403,-0.713456,-4.350595,1.323295,1.242735,3.064761,1.647604,-1.513015
992,9224,1.420294,-1.254314,-0.941794,0.247925,-0.509726,-4.079004,-3.244369,1.904923,-0.114892,2.372853,1.088962,-1.186916
992,9225,3.063151,-1.996166,-2.295627,3.018672,0.180178,-1.824127,-4.001819,1.621990,1.270730,3.870185,1.258481,-1.180507
992,9226,2.105255,-2.213028,-2.693787,-0.702093,1.180952,-1.538047,-3.315400,3.002562,0.756376,2.697508,0.423683,0.501171
992,9227,3.988098,-1.502552,-1.782805,4.295672,-0.753505,-2.351156,-2.846722,2.921623,-0.475528,2.797265,1.044085,-2.027882
993,9228,1.586502,-1.515073,-3.665216,2.666664,-1.544286,-1.479650,-3.317026,3.237449,-0.016535,2.136874,1.158534,-3.870298
993,9229,3.305784,-2.208377,-2.124245,-0.111042,0.013546,-3.938267,-1.471538,2.315235,0.649709,2.412494,0.723793,0.074063
993,9230,1.730371,-2.113475,-2.343574,1.987160,-0.738780,-4.748013,-2.354932,1.495061,1.042723,3.804040,0.944696,-1.294126
993,9231,1.010015,-2.298247,-3.162643,1.650233,0.943305,-3.790499,-1.472953,2.833839,1.158169,2.430670,1.614844,-1.017083
993,9232,3.701555,-3.076856,-3.295401,0.974524,0.968273,-1.432899,-1.918125,3.779545,0.584529,3.328270,0.108019,-2.637608
993,9233,3.620096,-2.716077,-4.921932,1.203039,-0.379938,0.917684,-3.404316,0.970534,0.912269,3.395395,1.469040,-0.142629
993,9234,2.741675,-1.605429,-1.530140,-2.856877,-0.916146,-3.085305,-0.935936,2.418455,0.345652,3.275425,2.491170,-0.520422
993,9235,2.499998,-0.112365,-3.286185,2.575278,-1.376255,-3.776418,-0.788941,2.894039,0.160026,2.397987,0.176464,-1.370352
993,9236,2.087366,-2.615289,-0.996171,0.524173,-1.096850,-2.300245,-1.031645,1.993682,0.913137,2.467866,-0.014307,-0.050388
993,9237,2.525105,-0.970767,-3.066483,-0.851567,-0.407885,-1.982574,0.029280,2.325903,0.176004,3.612139,1.603101,-3.871494
994,9238,126.842247,-0.074006,-3.818673,-31.788197,-3.352388,-299.159889,-3.399890,422.019977,6.042484,4.996606,-0.237660,-2.782591
994,9239,228.227495,0.933007,-2.259522,129.135597,-4.021310,-674.891042,-3.200613,274.569191,107.074002,4.852547,1.046167,0.053581
994,9240,169.128699,-1.116202,-2.805857,-160.068978,-3.858896,-948.603019,-3.303103,267.431795,158.375139,3.046962,0.710261,-2.031898
994,9241,207.675177,-0.552920,-4.706634,391.153433,-2.478607,-387.991070,-2.401074,415.441093,127.586407,3.810592,0.393808,0.476649
994,9242,236.886348,-0.390682,-3.591570,-286.526052,-2.939591,-1195.941813,-3.194733,172.002425,277.539204,4.308356,0.644396,-0.941145
994,9243,184.549403,-0.002812,-2.329930,168.547585,-3.841944,-1525.021085,-4.067242,190.565550,198.191169,4.179489,1.314057,1.286895
994,9244,188.701723,0.156967,-2.355504,401.479456,-3.993673,-898.023377,-5.639033,301.826283,80.471625,4.240719,1.412381,0.028487
994,9245,141.683880,0.184891,-3.559811,-224.627628,-3.271920,-453.282086,-3.553514,132.613846,3.330474,3.888802,0.790110,2.191324
994,9246,198.468302,-0.705244,-3.540898,-25.214975,-3.799431,152.318976,-1.579130,177.462866,112.531834,3.428443,1.443598,-1.540912
994,9247,229.563498,-0.278412,-1.516848,59.012431,-3.129865,-1073.466737,-5.284951,261.649573,51.470990,4.102826,1.431779,-1.124237
995,9248,103.757155,0.633737,-3.421087,-388.087891,-2.483556,-1011.087150,-4.901910,181.603868,172.936903,2.539444,1.066495,-1.666632
995,9249,71.898655,-0.619154,-4.045779,-478.342482,-4.297687,-683.040091,-1.932934,-31.116700,136.683428,3.795727,0.772698,0.160154
995,9250,88.551133,0.206155,-3.675674,-252.791775,-3.904150,-772.270979,-1.118694,99.692350,80.155657,4.687820,0.796682,-1.633188
995,9251,290.098389,-0.233778,-1.932812,204.509932,-3.500230,-190.851188,-2.351259,140.638792,-27.801783,4.963994,1.313185,0.544908
995,9252,170.392343,-0.285090,-3.511068,-181.865063,-3.596313,-715.583317,-0.861842,198.617807,157.601012,3.978924,1.068401,-0.579511
995,9253,143.464275,0.554711,-3.239440,68.450162,-2.203039,-103.745519,0.150073,256.117370,50.717976,5.145197,1.010046,0.327730
995,9254,186.529463,-0.218391,-2.981306,212.770658,-2.098728,-701.192000,-3.401048,207.077600,279.707046,4.291467,0.656439,1.222814
996,9255,173.453668,-0.787221,-3.831660,-341.988692,-3.860157,-1478.703426,-0.640025,218.366510,-85.051103,3.632078,0.156908,1.256744
996,9256,-73.325556,2.034989,-3.225164,-332.275428,-3.566801,-65.703407,-3.214701,299.261717,91.786492,5.143459,0.678297,1.140918
996,9257,205.799846,-0.031687,-3.928617,652.779100,-3.827960,-667.461645,-2.191674,457.164666,49.415130,4.829630,0.268718,-0.905753
996,9258,206.642862,0.932965,-2.911836,335.419372,-2.622138,-1035.583303,-2.867932,284.751250,209.487122,4.596526,0.639309,-0.982925
996,9259,272.343756,-0.269074,-2.211988,-139.490464,-3.865382,-433.234131,-2.287085,168.445049,26.406404,4.056852,0.214924,-0.351115
996,9260,171.910776,-0.372638,-3.282545,71.114104,-2.396638,-1181.893268,-0.803584,239.596149,328.927179,4.474997,1.470655,-1.298303
996,9261,145.108377,0.208951,-3.496434,301.540627,-2.284521,-922.420179,-1.684777,237.179624,-19.847118,4.934412,0.917306,-0.755718
997,9262,3.584655,-2.264848,-2.486032,1.267704,-1.326350,-2.458069,-0.988963,2.426419,1.480230,3.011088,0.412582,-0.747512
997,9263,2.335979,-1.345824,-3.177660,1.896899,-1.028486,-5.068151,-1.221591,2.323214,-0.011055,3.091645,1.180124,-3.215843
997,9264,3.024366,-1.893835,-4.394622,0.381963,0.031859,-6.541125,-0.878699,0.221158,0.243652,3.957523,0.957600,-2.089124
997,9265,1.725975,-3.027775,-2.889769,-1.143747,-0.339045,-4.281282,-1.473408,2.742875,0.767666,3.047066,1.407903,-1.088969
997,9266,2.639802,-3.027814,-2.894754,-2.415963,-0.306384,-1.586380,0.361322,2.262547,0.898512,3.870149,1.145148,-1.343678
997,9267,1.713491,-1.081663,-1.271348,2.881365,-0.601834,-4.235084,-1.079380,2.151692,0.466807,2.515095,1.415742,0.161380
997,9268,2.633680,-2.470352,-3.029316,3.188663,0.735555,-4.109874,-0.734494,2.104739,-0.584140,4.182886,1.282145,-0.484444
997,9269,2.506105,-2.510814,-1.799514,0.540123,0.251292,-3.254298,-0.517543,2.848776,-0.060740,2.863625,0.249519,-0.635892
997,9270,2.030967,-0.746937,-2.792861,3.388520,-1.562647,-2.618891,-1.108282,3.190893,-0.337519,2.335818,1.193005,-0.470530
997,9271,2.807078,-2.095404,-2.461459,1.602206,-1.237100,-3.728911,-0.659103,3.699006,1.442966,2.321601,0.878279,-3.851701
998,9272,145.883993,0.625332,-1.878472,191.458244,-3.958680,-1150.498452,-1.455574,255.204317,67.574768,3.866274,0.572769,-1.180930
998,9273,165.519161,-0.644327,-0.891339,218.925609,-2.520233,-1217.737781,-3.956907,308.830741,257.438737,3.509446,0.832661,-0.130364
998,9274,153.637809,-0.457316,-3.690438,-518.257953,-2.060911,-677.139308,-4.554110,279.686183,34.026959,4.047934,-0.467030,-0.234800
998,9275,155.950935,0.024470,-2.345557,-25.653734,-4.590216,-727.073137,-0.843868,278.964083,5.821230,4.858918,1.166225,0.387171
998,9276,122.360452,0.746287,-1.573613,-276.610970,-2.802246,-201.115097,-4.056005,159.084180,245.354029,4.873073,1.025211,0.354995
998,9277,259.986571,0.110606,-2.682698,68.809024,-2.793480,-1010.933047,-0.644409,381.097510,123.000325,3.343893,0.998236,0.062751
998,9278,165.507936,0.067483,-3.065137,47.138805,-4.023526,-170.185780,-3.087405,249.157523,32.249464,3.951045,0.741946,-1.381112
999,9279,214.259128,-1.565406,-2.493603,197.595151,-4.024355,-1362.281067,-2.906835,147.724881,102.163363,4.023857,-0.118267,0.666408
999,9280,166.712999,0.596756,-3.403800,7.229571,-3.362679,-660.405043,-0.731289,231.631554,158.391036,4.609854,0.176547,0.920171
999,9281,192.136541,0.590655,-3.758084,98.698039,-3.983043,-607.881685,-2.063186,229.885514,58.768450,3.598595,0.081271,1.080102
999,9282,239.962935,0.500860,-1.159190,355.440002,-2.705282,-390.161261,-4.223217,301.360366,-39.029293,4.408648,0.171537,-0.912338
999,9283,116.201794,0.170407,-1.712260,-183.980951,-3.623668,-755.310470,-4.163379,269.282428,121.288615,3.932230,1.705120,-0.086362
999,9284,111.873239,0.494942,-2.653563,-110.979431,-2.780675,-1109.274634,-1.879982,248.480517,165.478772,3.328290,1.711916,-1.352191
999,9285,206.333300,-0.793974,-2.380353,540.238192,-4.451284,34.393739,-3.025540,200.778967,170.600715,3.636581,0.803329,1.480647
999,9286,249.812514,0.934499,-5.091186,227.819286,-2.943254,-75.620997,-2.056047,350.931425,-181.145132,3.908959,0.289420,-1.679719
999,9287,99.188940,-0.551871,-3.564466,296.072134,-2.842150,-350.400245,-2.234919,241.827651,202.324325,3.557096,0.850732,-0.013067
999,9288,99.282488,-0.322036,-1.421438,-250.279542,-3.942157,-569.129891,-3.748940,300.590352,-150.122640,4.958191,1.382727,0.173356
1000,9289,289.146168,0.637934,-3.087184,111.064189,-4.522121,-638.657958,-1.430746,431.909932,31.552802,4.399367,-0.530647,1.627391
1000,9290,175.703445,-0.263136,-2.904411,-116.114271,-3.083937,-814.837207,-0.597018,140.116576,178.516539,4.892628,0.328252,0.555347
1000,9291,169.515496,-0.255457,-0.255913,149.579098,-3.488772,-1049.789434,-3.050096,170.964328,-116.134596,5.133354,1.595732,0.247418
1000,9292,239.608461,-0.637339,-1.289878,347.381648,-4.322283,-432.446755,-5.231944,329.458416,16.395256,3.783156,0.447161,0.657557
1000,9293,184.816255,0.545072,-3.945397,-10.229653,-3.683933,335.023520,-5.069357,177.013749,341.993711,4.145136,1.179362,0.302201
1000,9294,115.473689,0.447949,-3.053482,87.848930,-2.343272,-93.634767,-1.819527,441.356936,111.847085,4.558870,0.381134,-1.148334
1000,9295,25.942678,0.335072,-2.671445,145.507681,-3.373183,-277.367630,-4.255061,199.196626,59.277737,3.872623,0.699198,-1.114620
1000,9296,98.723191,0.864679,-3.446955,-17.666412,-4.629933,-114.718644,-1.377731,229.497456,313.242786,4.767818,1.252522,-0.253551
1000,9297,162.081630,-0.085741,-4.083231,399.860916,-2.452295,-1588.106078,-3.036792,243.628822,26.937452,3.672794,0.033052,0.186108
1000,9298,204.778752,0.699659,-1.048907,133.541055,-2.706638,-953.895543,-2.382776,175.935698,147.241300,3.789822,0.090955,0.209691
1001,9299,2.675142,-1.749844,-1.949946,-0.358969,-0.229582,-3.845035,-3.047738,2.409607,0.707181,3.185924,0.927310,-0.663932
1001,9300,3.101328,-1.503652,-0.005388,1.426043,-0.534120,-5.493670,-4.561933,3.183026,0.262422,3.082068,0.967257,-0.916219
1001,9301,0.119709,-0.821876,-2.991541,-1.361278,-0.948599,-4.346612,-0.403750,0.678985,0.539765,2.358630,1.577897,-1.502164
1001,9302,3.135589,-1.956493,-1.331384,0.973462,-0.051525,-1.386683,-2.327361,1.231328,0.223076,2.118956,1.335438,0.408811
1001,9303,2.126064,-1.222036,-3.003715,-0.823312,-0.466920,-3.026217,-2.493192,1.940948,1.134072,3.582327,0.528552,0.776968
1001,9304,2.893305,-2.156883,-1.850446,-0.624342,-0.779933,-1.946770,0.452989,2.185150,0.973553,2.174486,2.178885,-0.242767
1001,9305,3.858050,-3.189009,-1.019506,3.557559,-0.730229,-3.595143,-2.631379,3.109603,-1.439464,2.937968,1.218176,-1.402150
1001,9306,2.366308,-2.064078,-2.316662,1.786275,-0.609761,-3.522069,-3.358443,1.387364,0.410237,2.066694,1.529183,-0.505190
1001,9307,1.391025,-1.347090,-1.482814,1.204707,-0.407374,-0.944367,-2.030254,1.973433,0.328600,3.414168,1.616953,-0.602392
1001,9308,3.921131,-1.765688,-4.836694,0.802583,-0.651969,-1.627882,-2.471275,2.233365,1.283176,1.630461,0.297630,-2.425740
1002,9309,1.789543,-1.715477,-1.812151,3.848670,-1.477572,-3.302415,-2.077726,2.819643,1.065036,2.225337,0.029650,-1.200324
1002,9310,2.233236,-2.672397,-3.200645,-1.645706,-1.480577,-1.274683,-0.244113,1.655624,1.307772,3.636261,0.169976,-1.720781
1002,9311,2.944607,-2.127384,-2.303918,3.654658,0.187543,-2.940752,-3.854138,2.730411,0.821918,3.906090,0.720132,-1.592075
1002,9312,2.958671,-1.127193,-2.247840,0.576181,-0.344260,-4.600346,-3.220144,1.656811,-0.016296,3.222531,0.457450,-0.324936
1002,9313,3.177257,-3.293421,-2.611283,0.214187,-0.619019,-2.277057,-0.265036,3.107401,-0.257536,3.015777,1.580588,-0.806651
1002,9314,2.625918,-2.193152,-2.189080,2.650462,-1.873206,-0.642918,-2.809824,3.175749,0.591424,2.981570,1.490966,-2.171679
1002,9315,1.592432,-1.475425,-1.245681,0.374970,-1.082921,-4.536581,-2.784863,2.770671,-0.131833,2.671907,1.088037,-2.830976
1002,9316,1.953994,-2.253851,-2.666134,1.110700,-1.710550,-4.076579,-5.481416,0.487847,0.874632,3.877197,1.075500,0.591709
1002,9317,1.655129,-1.767920,-2.523847,1.856746,-0.300136,-1.783296,-1.559281,1.271134,0.676178,2.952860,0.565335,-2.720067
1002,9318,3.264050,-2.908567,-2.677614,2.497605,-0.429365,-2.728058,-1.237086,2.359124,0.306410,2.789618,1.205130,0.045900
1003,9319,0.907339,-2.629765,-4.004434,2.117517,-0.044490,-2.595931,-2.921744,2.498940,-0.517140,3.219402,1.264052,-2.044732
1003,9320,2.298132,-2.031804,-2.822734,-1.288776,-0.781986,-4.001949,-3.215030,0.542885,0.665732,2.892203,0.913571,-1.217374
1003,9321,1.935062,-2.637727,-3.861272,2.925627,-0.686984,-2.657639,-1.738447,3.700997,0.072615,2.927536,0.489389,-1.742954
1003,9322,2.712292,-1.570500,-2.819558,-2.949338,1.012267,-4.471417,-3.108430,3.386722,0.556185,3.866161,0.826265,0.561602
1003,9323,1.755649,-1.546664,-2.753723,4.323722,-1.487118,-6.216721,-5.481728,0.989263,0.988575,3.332935,1.081049,-2.495909
1003,9324,3.444477,-2.227197,-0.622683,1.810180,-0.649104,-1.056823,-3.883198,2.675358,0.402697,2.519389,0.471830,-2.088697
1003,9325,1.887550,-1.166003,-2.325795,1.974815,-1.313977,-2.360705,-3.004435,3.376228,1.086363,2.848577,2.152571,-0.768758
1003,9326,1.610399,-1.400451,-0.469789,-0.588934,0.910158,-3.010981,-2.506130,2.142470,1.565749,2.462778,0.653910,-1.552039
1003,9327,5.245327,-2.342054,-2.976903,-1.083796,-1.970549,-3.878717,-1.653763,0.359680,0.504282,2.719334,1.421836,-1.754917
1003,9328,3.390049,-3.031170,-1.186338,-0.148141,-0.490992,-2.258180,0.008955,2.209080,-0.073993,1.744996,1.340478,0.131182
1004,9329,81.086792,0.677894,-3.614621,-455.876247,-3.985814,-595.200772,-3.110877,218.544452,120.195525,3.641886,1.109199,-0.325337
1004,9330,133.126806,-0.134504,-3.257026,-153.898363,-2.100403,-1637.391795,-3.049731,178.831474,152.001475,4.342408,1.653403,0.901312
1004,9331,160.871198,0.649451,-2.896635,457.746546,-4.011415,-302.474989,-4.350394,441.014638,160.709066,4.932012,0.044871,0.536605
1004,9332,164.559759,0.419467,-1.143992,185.763828,-1.931602,-589.912163,-1.417830,236.724030,-92.954129,4.016255,0.390923,-0.954878
1004,9333,240.941851,-0.274960,-2.308584,78.720902,-4.304167,-631.152155,-2.449685,335.163278,-230.588596,3.801741,0.857038,0.198757
1004,9334,201.470890,-0.244694,-3.202507,300.935311,-3.786712,-1402.199203,-1.981240,195.611823,306.286886,5.143727,0.570026,-1.518633
1004,9335,302.934230,-1.455235,-3.881477,130.312443,-3.804823,-1323.740548,-2.337989,219.030716,174.227432,4.696625,0.479703,0.876153
1004,9336,55.508399,-0.690302,-3.429397,185.048476,-3.265365,-966.880612,-1.151298,353.343839,173.910701,4.052487,0.537056,-0.945196
1004,9337,274.864674,0.096629,-2.630031,-69.066655,-3.632152,-164.800137,-2.492748,293.719487,-23.394466,3.932798,1.632098,1.053445
1004,9338,107.538765,0.440996,-3.450933,307.045855,-2.475482,-141.055092,-2.746984,319.790025,11.398593,4.786975,0.795079,-0.438142
1005,9339,3.400358,-1.496022,-0.831722,2.437908,-0.795842,-3.320666,-0.087863,1.846201,0.725810,2.988980,1.208120,-1.251084
1005,9340,3.357010,-2.264521,-3.559902,0.301201,0.033926,-2.163132,-2.536540,1.094888,0.170560,3.015228,0.807675,-1.068614
1005,9341,1.233553,-2.028224,-2.018547,0.897827,-0.500068,-5.429404,-2.985835,1.444549,0.661373,2.825500,1.194006,-1.923551
1005,9342,5.157819,-1.077460,-3.024771,0.248112,-2.220329,-2.840610,0.504912,1.790587,1.128236,3.177006,1.371344,-1.642852
1005,9343,2.555909,-2.399218,-2.645835,-2.887332,-1.250706,-2.989702,-2.115386,2.092366,1.259567,1.823466,1.064697,-2.941933
1005,9344,1.600224,-0.962571,-2.015125,0.833899,-0.191383,-3.219994,-4.084374,0.541484,0.556007,3.073603,1.565627,-0.358499
1005,9345,5.145952,-2.091370,-1.806474,-0.465651,-1.254773,-4.385103,-2.295994,1.176491,0.940893,2.665874,1.326435,-3.323021
1005,9346,4.445353,-2.470614,-0.403689,1.373759,-0.432449,-6.960456,-1.846873,2.926108,0.978628,4.044934,1.036402,-2.160452
1005,9347,2.867386,-2.889423,-3.044590,0.712806,-0.902898,-2.425803,-3.174716,2.189590,0.161184,3.685617,0.273694,-0.956250
1005,9348,3.137005,-1.299466,-1.479550,2.382803,-1.756884,-1.225905,-3.093002,0.304938,0.962399,2.502462,0.171125,0.039611
1006,9349,2.221877,-1.812091,-1.227554,0.228859,-0.866411,-1.319851,-4.378251,0.066660,0.945444,2.510862,0.441534,-0.193578
1006,9350,1.911062,-2.538489,-1.175192,0.849528,1.037171,-3.973736,-2.712477,0.167498,0.777936,3.971653,0.968245,-2.481896
1006,9351,3.918497,-1.599809,-1.384041,1.515822,-0.735172,-4.397467,-1.111538,0.585834,-0.069841,2.611605,1.099188,-2.388083
1006,9352,2.917626,-1.051802,-1.899395,4.114637,-0.704098,-2.677558,-0.804889,1.674786,0.188745,3.857439,0.253628,-2.149446
1006,9353,2.479523,-2.118106,-3.350245,-0.487188,-1.537914,-1.526903,-3.341584,2.625278,-0.184630,2.027119,0.699438,-1.454137
1006,9354,5.221120,-2.003638,-1.844436,-0.996284,-0.912453,-0.309406,-2.692014,2.732357,-0.494603,3.992074,1.039660,-2.219982
1006,9355,2.250001,-0.893739,-4.078998,1.021439,-0.859427,-2.598743,-1.399505,2.613378,1.580206,2.968908,0.786269,-1.487061
1006,9356,2.626311,-1.586684,-0.476702,1.625141,-0.963536,-2.156711,-4.968485,2.778349,0.894851,2.208861,0.886970,-1.661863
1006,9357,3.762545,-1.915898,-2.226200,0.568319,0.689466,-3.892357,-3.342988,2.460696,0.995105,2.396006,0.551660,-0.985083
1006,9358,2.795770,-3.127442,-1.479426,0.039591,0.592568,-1.629980,-1.782098,2.111663,-0.258042,2.910455,1.418763,-3.447982
1007,9359,3.755285,-1.618489,-1.506325,0.795335,-0.884662,-0.583664,-4.681368,2.411634,0.058689,2.794709,0.954056,-0.926495
1007,9360,2.913883,-1.788763,-2.544675,1.450157,-1.288760,-1.953633,-0.858498,3.676682,-0.734811,3.639160,0.912300,-0.840127
1007,9361,2.121550,-2.304925,-1.334394,2.834988,-1.847979,-4.712994,-2.453814,0.924609,0.655265,2.559676,1.700642,-0.903851
1007,9362,3.734689,-1.121871,-0.427209,-2.758384,1.234597,-2.130920,-1.618669,2.496041,0.005267,4.118188,0.971736,-1.744908
1007,9363,2.754078,-1.945603,-2.260932,0.635116,-1.927152,-0.636440,-2.101941,2.366501,0.516032,1.856679,0.200657,-2.265774
1007,9364,3.107250,-2.231247,-3.230536,0.813455,0.297523,-1.517113,-1.832600,1.771881,0.500229,4.231465,0.165668,-1.715269
1007,9365,3.794401,-1.640813,-3.631967,0.316342,-0.545412,-0.637908,-1.320756,3.198457,0.518419,2.932177,2.074826,-0.248356
1007,9366,2.685384,-1.187996,-3.128231,-1.587305,-0.427412,-2.407001,-1.624418,1.485776,-0.685922,2.874715,1.135666,-1.099830
1007,9367,2.349260,-1.952999,-1.372318,0.326984,-0.844538,-4.060281,-1.988225,2.533814,-0.397391,3.648855,1.299750,-2.607641
1007,9368,2.922206,-1.422616,-1.993888,-1.090999,-0.335916,-3.224460,-1.671332,2.457652,1.121362,3.133089,1.381345,-1.635571
1008,9369,2.613815,-1.277306,-1.085752,-0.396537,0.194622,0.329811,-1.220088,1.962822,-0.062836,2.763658,0.860127,-1.629052
1008,9370,2.015665,-2.079588,-2.778491,2.657661,0.004610,-3.264380,-2.303399,3.073173,0.530979,1.951959,1.059051,0.506835
1008,9371,2.690456,-2.138767,-3.215088,-1.565802,0.458567,-2.366586,-3.038752,1.607977,-0.339402,2.628838,0.702650,-3.559715
1008,9372,1.644157,-1.235241,-1.983168,1.529208,-2.013092,-4.872162,-3.713284,2.127839,0.182761,3.574342,1.656090,0.905038
1008,9373,1.788619,-1.716185,-3.721720,-1.881421,-0.046797,-1.868805,-3.237234,1.118636,0.476981,2.912341,1.185338,-1.941777
1008,9374,3.954809,-2.886273,-1.676187,1.644103,0.382044,-1.028455,-1.695681,2.728203,0.597402,1.887785,1.138758,-2.440192
1008,9375,2.472678,-1.380101,-1.946609,-1.802129,0.602488,-4.915006,-1.291402,1.523461,0.184199,3.652618,1.749258,-2.344473
1009,9376,2.270006,-1.523078,-2.766726,-2.053833,-0.224700,-3.317105,-3.578067,1.445397,0.211106,3.595655,2.022134,-1.962346
1009,9377,2.552023,-1.299686,-2.223671,-0.872294,-0.281486,0.512013,-0.965789,2.592613,0.184044,3.245694,0.705879,1.005084
1009,9378,1.924605,-2.588863,-1.926125,-1.728936,-2.231694,-4.181870,1.523130,1.353081,-0.960788,2.351376,1.711953,1.499541
1009,9379,1.942071,-2.165166,-2.801224,2.864647,-1.399167,-3.044366,-2.405884,2.278651,1.480307,2.237588,1.295421,-1.233021
1009,9380,2.523122,-1.495898,-1.764601,4.191401,-0.378032,1.439602,-2.709612,2.047897,0.965324,3.331850,0.838845,-4.258559
1009,9381,3.917649,-2.296543,-2.618187,-0.555841,-1.169721,-3.961535,-3.370806,1.902330,0.951036,1.940851,2.031690,-2.206081
1009,9382,3.431666,-0.986703,-2.594052,-0.105216,-0.139004,0.716732,-1.439379,1.703855,0.763351,2.878681,2.288400,-0.105030
1009,9383,2.375440,-1.605182,-1.025141,-1.035260,-1.241350,-4.695531,-3.228068,1.751737,0.638691,2.934449,-0.023544,-0.344524
1009,9384,3.300231,-2.377458,-2.401914,0.250974,-0.985565,-0.351175,-3.253623,2.623490,1.399329,3.372318,1.242897,-1.020628
1009,9385,2.176140,-3.206560,-1.774716,-0.172896,-0.615409,-0.542943,-1.344541,2.698242,0.983093,2.839590,0.511521,-1.865928
1010,9386,2.966701,-2.331704,-2.635044,0.783276,-0.562639,-0.600215,-1.647855,1.224049,0.524304,2.588006,1.309370,-1.517011
1010,9387,2.567298,-1.678346,-1.755714,-2.579271,-1.380183,-5.331356,-2.097332,1.477802,0.629940,3.670395,1.388803,-2.443731
1010,9388,3.004368,-2.298107,-3.768841,0.395522,-0.892565,0.394094,-2.767987,3.199214,0.361944,2.676488,1.728503,-2.146557
1010,9389,3.304812,-2.055447,-1.024423,4.199011,-2.351022,-2.714444,-3.610492,1.805791,0.475376,3.638915,1.402571,-0.640781
1010,9390,3.255960,-2.466530,-2.244169,1.659375,-1.069729,0.511352,-3.928327,2.443397,1.622386,2.718981,0.994644,-1.958797
1010,9391,4.782306,-1.637638,-0.850382,2.913078,-1.928521,-0.489949,-2.696601,1.785636,1.002794,3.491901,1.801194,-1.344107
1010,9392,1.921733,-2.070844,-1.970828,-0.415929,0.318203,-3.539171,-6.009386,2.280043,0.546575,3.418136,0.475871,-0.242161
1010,9393,2.587725,-2.216578,-1.737249,-2.501476,-0.672230,-4.934348,-1.946036,2.684910,-1.012167,2.961916,1.085869,-1.240655
1010,9394,2.633160,-1.508125,-3.636623,-2.431531,0.008508,-2.300643,-1.254486,0.964804,0.279521,3.299745,0.699299,0.287254
1010,9395,2.015873,-2.280939,-1.345228,3.472430,-1.060356,-3.384267,-1.950158,4.633527,0.033121,2.254568,0.899429,-0.682078
1011,9396,239.125067,-0.248468,-2.989105,-86.756256,-4.002488,-30.806585,-4.254401,169.765098,-32.710139,4.817064,1.868889,0.011604
1011,9397,236.088241,-0.686450,-2.549691,194.684149,-3.848053,-954.847567,-1.588006,266.156440,-10.063401,4.228566,0.914424,-1.480281
1011,9398,173.008597,0.319970,-3.396836,-97.888279,-4.151362,-939.243209,-1.296878,246.604799,149.551549,4.943415,0.145811,-0.836225
1011,9399,148.846383,-0.471829,-2.425491,221.818234,-5.060071,-34.203884,-2.420659,394.567793,187.303332,4.102542,0.878255,-1.158333
1011,9400,303.588203,-0.379939,-3.043491,308.862547,-4.984558,-536.723000,-3.241566,221.294584,158.896274,4.097339,1.203254,-1.544079
1011,9401,160.710043,0.486587,-3.352397,250.980147,-4.421820,-749.110404,-2.621656,301.376513,122.488463,3.776536,0.353307,-0.557186
1011,9402,107.722736,-1.073334,-1.575901,90.694408,-4.039973,-1462.685636,-2.037509,340.779345,-112.551266,3.803247,-0.025017,-0.390367
1011,9403,87.081728,-0.821522,-3.062447,215.417476,-3.865492,-972.599846,-1.387757,370.069837,80.595648,4.716260,0.667112,1.722586
1011,9404,105.101412,-0.745372,-4.535165,-3.450112,-3.158414,-496.059435,-2.164987,149.795535,-81.351870,4.278337,0.615042,-0.554245
1011,9405,155.891814,0.299836,-4.010786,-13.323609,-3.241216,257.128967,-2.633174,305.004467,90.897703,4.319637,0.910301,-1.259258
1012,9406,2.584365,-2.098465,-3.525354,0.706817,-1.506222,-4.294813,-2.729468,0.930313,0.223182,3.120097,0.846518,-1.435779
1012,9407,1.137449,-1.362890,-0.652499,1.814747,-0.524802,-3.467680,-1.969922,0.628860,0.122493,3.210684,1.346216,-1.547664
1012,9408,3.730285,-1.843375,-3.175511,1.606629,-0.429845,-2.284922,-2.125548,1.715108,0.760509,2.960352,0.825115,0.099700
1012,9409,1.526173,-2.375220,-2.526375,3.190267,-0.388472,-2.495231,-3.441320,2.067213,0.199890,4.370653,1.550525,-1.762488
1012,9410,0.646715,-3.355902,-2.548114,1.296576,-0.882486,-0.670438,-1.297497,3.452116,1.156562,3.758728,1.892776,-0.361209
1012,9411,0.892499,-1.872450,-0.698701,-0.079181,0.534090,-2.471721,-2.863009,2.352917,1.208618,3.388316,1.022815,-2.166108
1012,9412,1.302877,-3.284334,-1.185572,-0.168216,-0.739481,-1.653230,-1.608125,2.315564,0.832153,2.377209,1.753969,1.151187
1013,9413,3.182202,-1.943781,-1.882825,0.350401,1.055948,-5.433858,-2.609170,2.618802,-0.210084,3.503608,1.449131,-1.016428
1013,9414,1.486559,-2.918659,-1.688652,-0.875087,1.142115,-4.952033,-3.604169,1.496503,-0.284169,2.986380,1.661427,-2.233636
1013,9415,2.739181,-2.313256,0.797350,-0.663497,-1.011067,-0.162514,-0.400366,1.737820,1.216844,2.405063,1.801113,-1.855851
1013,9416,3.192077,-2.126532,-0.958197,1.166937,-1.489399,-5.008174,-6.381450,2.331384,-0.594301,1.607962,1.859915,-1.621741
1013,9417,2.383461,-2.594810,-3.150695,0.460909,0.183939,-1.463546,-0.776731,0.283753,0.569804,3.631378,0.731825,-0.102794
1013,9418,2.371353,-1.488103,-1.614848,0.165123,-0.541026,-3.711143,-1.135954,2.520386,-0.061344,3.322940,1.070878,-0.449442
1013,9419,2.439647,-2.614708,-3.829705,-1.412119,0.825344,-5.151096,-2.953332,0.099167,-0.740865,2.800995,1.220974,-0.325268
1013,9420,2.184686,-2.326454,-0.298788,1.357459,-0.640430,0.286014,-3.445212,1.769159,0.323144,3.204269,0.200657,0.249374
1013,9421,3.247047,-2.339640,-0.872260,-0.533063,-0.070411,0.400385,-1.487038,1.072094,0.068851,2.732168,1.800866,-0.510196
1013,9422,3.682582,-2.453881,-2.218983,0.751322,-1.174524,-3.813552,-3.367384,2.486037,0.192467,3.304163,0.699261,-1.438148
1014,9423,3.350846,-2.507363,-3.610340,-1.727186,-2.787983,-0.145390,-1.617469,2.364811,1.332804,2.566691,0.267723,-0.773022
1014,9424,2.464122,-1.535219,-3.834970,0.258674,-2.016934,-3.043038,-2.462562,1.551453,0.204023,3.160248,1.286635,-2.695112
1014,9425,4.707758,-2.285500,-0.955091,-0.690981,-1.727732,-3.559405,-3.189298,1.938722,0.085020,3.184470,1.721445,-1.644602
1014,9426,1.706610,-1.712766,-1.719159,1.718738,0.330852,-1.993511,-3.228924,1.892463,-0.060799,2.818487,2.364618,-0.358916
1014,9427,2.484141,-2.460201,-1.745073,0.658169,0.069827,-4.426417,-4.351247,1.802187,0.412492,2.363656,1.332445,0.303297
1014,9428,3.030917,-2.256664,-1.995444,-1.811877,-1.362985,-3.381173,-3.666156,1.690281,-0.037365,3.303511,0.397934,-0.340166
1014,9429,1.501209,-1.621263,-3.096774,1.258973,-1.661495,-3.590541,-3.452532,1.846092,0.935898,3.383913,1.062397,-1.618764
1015,9430,188.077547,-0.174634,-2.269465,-38.713881,-3.283231,-802.404971,-3.573303,404.444657,141.634987,4.698255,0.722833,-0.405441
1015,9431,209.723424,-0.197420,-3.755598,-512.884887,-5.105134,-835.623494,-1.576983,322.285994,180.626652,4.609625,0.348066,-2.497945
1015,9432,112.250127,-0.314341,-3.927324,-197.098194,-3.154252,-230.805138,-1.415183,503.430823,-113.156818,4.216852,0.225205,-0.105764
1015,9433,351.829170,0.082568,-3.791273,283.066812,-2.924467,487.832879,-1.431391,313.822025,166.420394,4.423376,1.799058,0.131593
1015,9434,212.007863,0.114112,-1.961617,-14.622071,-2.106668,-715.820004,-2.843144,252.838917,108.441402,3.123368,0.231820,0.516858
1015,9435,200.691782,-0.319979,-2.418129,-305.035953,-3.538687,-742.890690,-3.293623,239.268432,-37.692931,4.029287,1.927629,-0.595355
1015,9436,205.631185,-0.216480,-2.338241,385.391893,-3.587139,-515.790550,-3.992910,162.488445,-28.915776,3.196205,0.870423,-2.071801
1015,9437,267.820691,0.020940,-4.692059,-70.977244,-3.347267,-1791.017119,-1.539106,465.833253,117.725550,3.468706,0.462567,-0.553046
1015,9438,199.590223,-0.937104,-2.790453,165.380666,-3.346266,-596.767998,-0.826220,128.455443,-52.738243,4.467241,1.551793,-1.954962
1015,9439,128.355052,0.213387,-3.658920,-51.596148,-3.216210,-251.072414,-2.888251,88.287503,17.067382,4.563436,0.107525,0.820629
1016,9440,1.271230,-0.341313,-3.030378,-1.372052,-2.157800,-1.282296,-2.016154,0.841935,-0.255240,2.556386,2.087933,-3.065668
1016,9441,3.116184,-1.781986,-3.640150,2.792818,-0.943654,-4.551246,-4.095693,3.501408,0.319675,2.448985,0.534165,-2.001606
1016,9442,3.191459,-1.746595,-4.919770,-3.789517,-2.282172,-3.572270,-3.467076,1.096917,0.396388,2.667898,1.598453,0.228654
1016,9443,3.192566,-0.058129,-2.081137,0.174777,-0.765158,-3.042931,-3.957016,1.575089,0.544829,2.446150,1.844429,-1.271455
1016,9444,2.802098,-2.393710,-1.980803,-0.461143,-0.175816,-3.777570,-0.920044,2.260958,-0.494963,3.136931,1.231587,-3.068690
1016,9445,3.339867,-3.605946,-2.843742,-0.117668,-0.102575,-3.076958,-2.787322,1.630293,0.028262,3.468421,1.315150,0.368857
1016,9446,1.711676,-2.586976,-1.804671,0.463486,-1.856525,-3.643575,-0.489484,1.381276,-0.321170,2.527333,0.619865,-1.523367
1017,9447,2.565636,-1.548978,-1.450184,1.857298,0.267229,-1.678775,-0.821513,1.938535,0.021259,2.825798,1.615451,-0.506840
1017,9448,3.179481,-0.442503,-1.077306,2.190976,-1.376121,-3.689316,-0.815252,2.506112,0.068169,3.655280,0.013980,-0.269277
1017,9449,2.265962,-1.147934,-1.732825,2.736013,-0.531995,-0.545363,-2.310331,2.147818,-0.727929,2.720971,1.488063,0.229418
1017,9450,1.540020,-2.879336,-3.089950,-0.448986,-0.805819,-2.889566,-3.709914,2.123199,0.715700,3.851729,0.899520,0.332773
1017,9451,1.055495,-2.534767,-2.451619,2.452019,-0.557176,-2.194409,-0.254686,2.326817,0.312493,2.849033,0.537776,-0.489552
1017,9452,2.627018,-1.971326,-1.395706,-3.274212,-1.172165,-7.053572,-2.425651,1.747172,0.960122,2.696159,0.927710,0.370363
1017,9453,2.158341,-2.219036,-2.197999,1.082806,-0.771948,-0.972477,-4.542585,1.071813,0.568647,2.976653,0.857715,-1.447126
1018,9454,121.174028,0.378405,-2.765193,-44.772796,-3.745333,-179.310418,-1.655232,341.549109,-157.594155,2.676897,1.986322,0.232943
1018,9455,187.783194,-1.608064,-4.320200,-229.071208,-5.794462,-731.747938,-2.709927,361.569289,-86.004537,4.078375,1.168305,-0.695480
1018,9456,225.482058,-0.753546,-3.247194,-90.773252,-4.243204,-505.616308,-4.067085,333.383340,147.645530,4.039494,1.235927,-2.869641
1018,9457,146.112033,-0.967925,-2.120261,-224.791980,-1.838775,-655.585416,-1.137130,329.715876,244.682230,3.399928,0.974931,1.664541
1018,9458,157.509904,0.085393,-2.415902,294.461871,-3.349186,-1292.663877,-2.060645,266.426974,21.291589,4.023613,1.012439,0.419393
1018,9459,159.827081,0.479045,-3.435479,443.180644,-2.974954,-619.097586,-0.492337,370.761698,51.187611,2.851931,0.480334,-0.197583
1018,9460,22.109617,1.134222,-3.518860,-341.430870,-4.570736,-396.813760,-1.857487,157.813336,74.217375,4.746142,1.035214,-0.215328
1018,9461,91.253287,-1.349655,-3.407594,69.232574,-3.416299,-1078.146467,-3.142026,180.074150,290.955247,4.521301,0.296141,0.241683
1018,9462,231.342166,1.041944,-3.516693,478.679082,-4.615933,-1235.047566,-2.246001,381.323012,213.736545,4.590261,0.628910,0.230794
1018,9463,166.615276,-0.370239,-5.022339,-103.019490,-3.256302,-362.383556,-1.220170,282.932723,159.660872,4.206268,0.272653,-1.372618
1019,9464,2.348511,-2.015496,-3.305958,1.208557,-1.284644,-4.339234,-2.827431,2.864804,1.128301,3.016871,1.754581,0.075883
1019,9465,1.666337,-0.703372,-3.265462,-4.445385,-1.807985,1.108622,-1.431353,2.175338,0.768186,3.833833,1.298475,1.439338
1019,9466,3.377309,-2.669303,-2.707962,1.960709,-0.721741,-1.111062,-0.664807,2.754120,0.360805,3.474757,1.095522,-2.024048
1019,9467,1.992107,-3.485385,-4.335263,0.084771,-1.337226,-3.724194,-1.972241,1.491909,-0.025008,2.124480,0.147530,-1.209960
1019,9468,1.573126,-1.223658,-0.367856,-0.449600,0.167498,-6.135312,0.763205,1.271318,0.689266,3.722149,0.812259,-2.384188
1019,9469,2.466888,-0.805020,-1.876546,1.126803,-1.115641,-1.593958,-2.193244,2.046515,-0.531592,3.077099,1.883056,-1.246743
1019,9470,2.278374,-0.723302,-3.868375,1.988703,0.770610,-4.049670,-0.843989,3.473522,1.518876,2.639395,1.551155,-1.607443
1020,9471,3.596776,-1.705659,-1.122632,0.064908,-1.581649,-2.010458,-1.682080,2.616461,1.005220,2.621558,1.208456,-0.880946
1020,9472,3.707297,-3.096015,-1.579324,-2.258008,0.184401,-5.191056,-3.437312,1.015983,0.549159,2.293522,1.827310,-0.890311
1020,9473,3.620350,-2.717835,-2.214547,-1.836652,0.695551,-2.832705,-2.992758,2.320246,1.020899,2.762548,0.913011,-1.109685
1020,9474,1.423125,-2.567221,-2.266274,0.891045,-0.993499,-2.508564,-1.302667,1.924858,0.330125,3.496962,1.726350,-0.796797
1020,9475,2.984023,-1.699425,-2.500821,0.746181,0.030329,-2.744715,-1.677525,1.606500,0.984494,2.562207,0.453323,1.606427
1020,9476,2.397824,-2.416344,-1.962451,1.540721,0.459541,-4.625242,-3.105683,1.364900,0.547605,2.563770,0.366522,-2.101032
1020,9477,1.862124,-1.406472,-3.488391,-2.674149,-1.491343,-5.628350,-4.784594,4.740006,-0.024198,2.702477,1.187240,-1.322521
1020,9478,2.929835,-3.096171,-0.390316,0.617718,-1.360349,-2.863343,-1.682021,1.155900,-0.373395,2.750972,0.875683,-0.143353
1020,9479,2.726972,-1.962790,-2.571720,1.415945,-1.100095,-1.874692,-2.232449,3.060601,-0.123718,3.383723,0.593356,-3.293842
1020,9480,1.910428,-0.667045,-3.643132,0.741914,-0.968026,-3.854293,-1.950022,0.607995,0.589641,2.738669,1.594738,-0.254761
1021,9481,1.840716,-2.593327,-2.138473,1.776058,-0.713310,-1.640486,-2.594741,1.615021,-0.315272,3.863247,0.434985,-0.862865
1021,9482,1.347972,-2.376675,-2.152440,1.992656,-1.107744,-1.649569,-2.968058,3.820053,0.318002,2.953771,0.302998,-0.663825
1021,9483,2.202985,-2.339111,-0.453599,-2.425005,0.659144,-2.729278,-2.196458,1.459790,0.430203,1.989585,1.988702,-0.562917
1021,9484,2.336331,-2.564763,-1.694343,1.157520,-1.064494,0.972216,-0.901905,1.425164,0.501117,4.083487,1.009225,-1.605421
1021,9485,3.552770,-1.682390,-2.174664,0.567481,-1.378948,-1.818005,-3.925797,1.866416,0.099201,2.728401,0.410430,-2.308351
1021,9486,3.057531,-1.719649,-2.587966,-3.215938,0.184251,-1.560387,-2.279428,1.293816,0.532576,2.230178,0.757350,-2.368425
1021,9487,3.708385,-2.367150,-2.534749,1.603245,-0.943831,-3.066142,-3.792391,2.110674,0.588823,3.951090,0.446347,-0.613503
1022,9488,1.860740,-2.900949,-2.281919,3.454556,-0.168894,-6.302645,-2.785553,0.699617,0.130820,2.600787,0.930485,-1.493248
1022,9489,3.338115,-1.991806,-2.016541,2.897259,0.732184,-1.336418,-1.968813,1.402669,0.262306,2.385728,1.410940,-0.660687
1022,9490,3.341546,-2.056144,-1.386421,-1.499211,-1.237378,-2.784904,-4.938172,2.853666,-0.217777,3.603651,1.673547,-1.428508
1022,9491,3.550144,-1.819747,-1.558527,-0.942933,0.103737,1.667329,-2.696476,2.382029,0.744271,2.071352,0.948552,-1.867836
1022,9492,1.381279,-3.602205,-2.643510,1.852032,-1.949120,-3.321248,-1.500241,3.777402,0.735023,3.085420,1.068871,-2.662518
1022,9493,0.934827,-2.380575,-3.794589,1.239264,0.043963,-1.077039,-3.195559,2.426397,0.772694,2.982355,1.716539,-0.914795
1022,9494,3.579547,-2.353232,-3.379721,-1.348085,-0.215316,-4.823583,-2.629772,2.389557,1.341780,2.278863,1.032555,-0.399628
1023,9495,2.240764,-1.840994,-2.848318,-1.994381,-0.868438,-4.281564,-2.523669,3.146934,-0.170475,1.625338,1.341163,-0.155356
1023,9496,3.716852,-1.466542,-3.959502,1.277627,-1.889134,-4.019733,-1.598664,4.144546,-0.021919,3.183140,2.084419,0.937344
1023,9497,1.876263,-1.708029,-0.371297,0.599827,0.392244,-3.295614,-5.214836,1.036122,0.392456,2.253534,-0.043568,-1.054436
1023,9498,3.026365,-2.632157,-2.017073,1.636470,-1.851295,1.096589,-2.255545,3.519098,0.682888,1.597814,-0.157728,-2.429884
1023,9499,2.220754,-0.749458,-0.247740,0.462815,-0.246149,-2.813928,-1.425576,2.241801,0.202953,2.338476,0.598533,-1.989912
1023,9500,4.404100,-1.409584,-2.977359,2.941708,-0.851254,-3.067240,-2.582418,2.812180,0.287958,2.571744,1.537575,0.142288
1023,9501,2.354695,-2.820265,-2.586594,0.257853,-0.428698,-2.390141,-0.792984,2.167440,0.001681,2.360246,0.753024,-1.794922
1024,9502,2.619812,-2.139527,-1.487964,2.535793,-0.861194,-4.350947,-3.571875,1.757316,0.890590,1.713839,0.988945,-0.570509
1024,9503,3.156153,-1.298173,-0.819429,-2.512615,-0.850692,-1.833087,-1.968306,3.321991,0.266017,3.713832,1.688771,-1.441301
1024,9504,3.060061,-1.453850,-1.322128,0.650017,0.341868,-4.833759,-2.170604,2.474478,0.871380,2.223967,1.432964,-0.852569
1024,9505,2.266400,-2.350146,-4.101924,0.184063,0.233389,-3.941322,-2.524765,2.204094,0.131739,2.184122,0.406201,-0.037902
1024,9506,2.228028,-2.077541,-2.378587,-0.844944,-0.443936,-1.578060,-0.915151,2.573399,0.777922,2.919400,1.186996,-1.977488
1024,9507,2.514475,-2.306578,-0.835866,-0.321772,-0.904788,-3.299936,-2.665789,0.886655,0.214942,2.865329,1.118818,-0.217856
1024,9508,0.992343,-2.107572,-2.575734,1.207582,-0.020611,-3.275265,-1.581930,2.095728,0.611846,3.099610,1.497488,-1.303723
1024,9509,2.655945,-1.717703,-1.398619,2.925303,-0.306471,-0.268735,-3.036809,2.998673,0.754980,3.734440,1.300084,-1.807780
1024,9510,2.320476,-1.920883,-2.381751,-1.649171,-1.436069,-3.685459,-3.803151,2.759783,0.172862,2.288804,0.328208,-1.800150
1024,9511,1.428047,-2.039900,-1.713762,1.800259,-1.041086,-2.958448,-0.527517,2.464967,0.265736,3.574024,0.055646,-0.760634
1025,9512,1.607372,-1.610705,-0.671224,-1.688801,-1.258434,-5.683665,-4.790608,2.509194,1.412343,3.338741,1.004049,1.683142
1025,9513,3.531727,-1.073020,-2.031132,-1.931369,-1.920428,-0.379528,-1.639772,3.385329,0.354995,3.623777,1.343985,-0.766285
1025,9514,0.658217,-1.806739,-2.263513,0.471742,-0.050885,-3.962603,-1.538147,1.433350,1.572441,2.900822,0.057611,-1.802347
1025,9515,2.112621,-1.753385,-4.042706,0.130393,0.430914,-2.159673,0.500661,2.629452,0.139848,4.041081,1.031540,0.723393
1025,9516,2.078333,-3.307262,-2.724241,1.523855,-0.324368,-1.659893,-2.428500,2.135038,2.032835,3.245334,1.266838,0.941999
1025,9517,1.204908,-1.714288,-1.801044,2.845355,-0.856465,-3.000314,-1.961905,2.252090,0.886854,3.447467,1.732374,-1.850514
1025,9518,2.532816,-2.191636,-2.344855,-0.829687,-0.848417,-0.949272,-2.831019,2.783578,-0.153195,2.874439,1.559079,-0.264760
1025,9519,2.857457,-2.048940,-2.378382,-0.970262,-0.669548,-4.100394,-2.790996,2.300889,0.627805,2.592944,1.472231,-0.015422
1025,9520,3.578078,-2.494357,-1.111613,1.873517,0.021494,-1.115271,-2.461304,1.114805,1.599061,2.670871,0.486628,-1.213608
1025,9521,0.666997,-3.081529,-1.622340,-0.979711,-2.120259,-2.552933,0.919684,1.719302,1.065569,3.088700,0.151139,-2.613441
1026,9522,164.344948,-0.037668,-4.195403,88.188116,-3.530642,-846.139148,-1.674093,325.495413,243.808434,4.253781,0.196245,0.539498
1026,9523,157.431160,-0.395585,-3.281767,58.580668,-3.464404,-621.357264,-3.496204,294.265726,41.713009,5.501024,1.183357,2.027126
1026,9524,172.413992,1.180038,-2.459479,-179.794800,-4.404839,-575.814787,-2.075361,317.343901,-23.184880,2.731939,0.634877,0.878853
1026,9525,78.891602,0.232155,-3.471290,245.987050,-2.474693,-25.696792,-3.934357,113.611613,167.639085,4.130644,0.981056,1.308858
1026,9526,245.579554,1.328278,-2.443634,-177.566187,-2.666248,-284.080802,-0.609063,157.210140,199.041069,5.641843,1.217107,0.536111
1026,9527,119.724327,-1.354257,-4.068971,-229.117600,-3.434699,-567.442608,0.373107,214.479767,186.161437,4.250766,-0.369935,-1.589545
1026,9528,147.485956,-0.413745,-4.000028,-143.127941,-2.819660,564.124233,-2.051133,201.235137,-19.951566,3.946883,0.152200,-2.452786
1026,9529,150.012358,-0.520285,-2.918625,122.253119,-3.760262,-791.016319,-1.905388,259.376694,105.135119,4.506710,0.904901,0.453659
1026,9530,172.362751,-0.136935,-2.767274,31.544819,-2.587362,-814.980676,-3.130107,177.356015,110.780588,5.270433,0.956805,-0.539691
1026,9531,194.505247,-0.032077,-2.786568,-404.526385,-3.507647,-1061.851547,-2.770939,410.300322,100.786840,6.177371,0.659426,-1.730889
1027,9532,2.973745,-1.597688,-1.860939,3.238598,-0.916912,-5.001725,-2.224830,2.450089,1.091034,2.792419,1.984884,-2.333374
1027,9533,0.833135,-2.555347,-0.711476,1.990296,0.426723,-3.297033,-2.204187,2.288329,0.854638,2.869697,0.925548,-1.207293
1027,9534,2.677898,-1.113273,-2.032179,1.585906,-1.402630,-3.720135,-0.901740,2.263809,0.518560,2.975045,0.999762,-1.766179
1027,9535,0.934960,-2.017624,-2.103868,2.100792,-0.054704,-2.867058,-2.878809,3.225206,0.164419,4.112740,0.390629,-0.159430
1027,9536,2.845503,-2.487827,-1.254531,3.472488,-1.015649,-2.183347,-3.036163,2.666345,0.283283,3.258747,1.339294,-0.942758
1027,9537,0.400414,-1.895969,-2.539043,-1.525465,-0.972173,0.450785,-1.503211,2.320423,-0.452475,2.915634,0.658902,-1.196046
1027,9538,4.752224,-2.652658,-1.242728,0.140111,-0.820878,-7.602208,-1.754844,1.589001,0.098074,2.335376,2.137154,-1.744015
1027,9539,1.927157,-1.723879,-1.364840,1.688700,-1.682555,-0.136489,-3.314540,2.651750,1.000425,3.193913,0.586944,1.404723
1027,9540,2.797621,-1.861215,-3.752439,-1.483862,-0.252972,-0.330345,-1.649330,3.407132,1.195213,2.665208,1.602386,-3.449211
1027,9541,2.263165,-2.920928,-2.923709,-0.819045,-1.062011,-2.591302,-0.819671,2.125084,-0.431620,2.527808,1.538228,-2.450236
1028,9542,90.861217,-0.194998,-2.868965,81.804589,-3.762022,-250.612653,-0.523280,191.998209,-96.757525,3.825851,0.162018,-0.222331
1028,9543,132.243264,-0.316411,-4.109861,61.617721,-3.330809,-102.986636,-1.358857,386.425021,122.394402,4.145878,1.802039,-1.660368
1028,9544,384.363508,-0.672709,-2.686173,-50.427855,-1.593538,135.717602,-2.297269,285.856129,77.899117,4.179232,1.721725,-0.420395
1028,9545,288.288115,1.289912,-3.208570,-35.240261,-3.018312,172.767345,-3.979368,395.321005,63.114715,5.553309,0.560449,-1.113295
1028,9546,149.971425,0.195808,-3.345047,-122.919615,-4.093592,-1055.891741,-1.674387,315.839648,82.727684,3.025973,0.593125,1.303656
1028,9547,120.988998,0.255263,-3.801088,274.318109,-2.733722,-913.820525,-2.505815,368.434652,-94.125168,4.745816,1.006712,-1.107176
1028,9548,98.140572,-0.442127,-0.895278,208.980469,-4.048739,248.521905,-0.290690,328.482542,-18.741537,4.182891,1.356427,0.763467
1029,9549,0.635588,-2.426778,-2.170747,1.121568,-0.383037,-5.082977,1.462146,1.816660,0.598392,3.407658,0.891705,-1.358151
1029,9550,2.555180,-3.112590,-2.638255,2.407546,-2.236577,-1.916484,-1.717897,1.055943,-0.145836,3.307007,1.097582,-0.394408
1029,9551,1.902913,-1.161279,0.093413,1.590417,-0.867950,-3.704267,-1.412435,1.994246,0.010542,3.351735,0.710102,-0.297352
1029,9552,3.829581,-0.622413,-1.980520,0.387933,-1.642529,-2.155781,-2.595486,2.672267,-0.142811,2.796267,1.747986,-1.579940
1029,9553,2.891949,-2.140374,-2.596994,2.422084,-0.714929,0.977519,-2.487448,1.919072,0.854129,2.002209,1.672899,-2.571850
1029,9554,2.296494,-1.434021,-3.006104,0.503958,-1.848987,-2.021304,-2.126997,1.583175,0.611341,3.027100,1.960811,-0.199231
1029,9555,1.666778,-1.292285,-1.111340,-0.239089,0.620556,-3.630024,-2.312211,1.882974,-0.398086,3.553984,0.393265,-1.001104
1029,9556,0.768116,-0.436070,-1.604520,2.495866,-1.701237,-2.504219,-2.472446,2.524681,-0.053092,2.808568,0.856240,-1.693458
1029,9557,4.614084,-2.580314,-3.355319,-0.299271,-1.508392,-1.065643,-1.248133,3.057588,0.295331,1.772578,1.263277,-1.682216
1029,9558,2.961623,-1.507924,-1.839357,1.348933,1.034709,-4.965862,-3.065457,1.977288,1.004937,2.815677,0.558009,-1.445573
1030,9559,2.383975,-0.962090,-2.607784,-0.247605,0.050110,-3.897281,-1.589564,2.552440,0.686938,3.276452,0.325470,-2.765448
1030,9560,1.543855,-1.875301,-1.838927,3.363990,-0.840396,-4.803916,-0.067969,0.756958,0.314577,3.167513,1.156261,-1.251065
1030,9561,2.839698,-1.381105,-2.292549,1.361321,-1.423052,-1.373610,-1.856380,2.538951,0.655433,3.827379,1.679866,-0.307516
1030,9562,4.226680,-2.492944,-2.613588,-1.424804,-0.460366,-2.790744,-3.028252,1.384605,-0.118882,2.374913,0.839508,-2.249317
1030,9563,2.497847,-2.259501,-0.405521,-4.797316,0.152412,-0.176782,-1.827491,1.476956,0.564571,3.020893,0.964566,-0.320292
1030,9564,1.671184,-3.053906,-2.425327,5.174093,-0.459011,-5.037261,-1.996470,2.191802,-0.129188,3.256718,-0.035755,-0.915220
1030,9565,0.581400,-1.878206,-0.559076,0.272871,-1.337228,-4.140533,-2.946096,1.552875,1.403855,3.189317,1.318971,-1.057248
1030,9566,2.822179,-2.515544,-2.115018,-0.065239,-0.145196,-3.878293,-0.327348,1.825535,0.509324,3.592466,1.073933,1.825516
1030,9567,1.331075,-2.120721,-2.257032,-0.691339,-0.347707,-3.631102,-2.473063,1.939910,0.460314,3.280502,1.657993,-1.143196
1030,9568,4.490174,-2.686758,-0.735986,3.362924,0.117406,-2.165986,-3.302965,2.051690,-0.531673,2.337131,0.380763,-1.389819
1031,9569,2.926698,-3.655392,-1.285779,-0.475552,-1.596913,-3.486156,-3.731064,2.761398,0.378086,3.245966,1.957774,-0.624919
1031,9570,1.844011,-1.946201,-0.696061,3.717086,-0.380908,-2.057624,-3.719588,2.407482,1.368015,2.502462,0.806626,-0.124837
1031,9571,1.444123,-2.416488,-2.386066,1.076208,-2.655209,-2.232819,-4.097850,0.594262,0.554224,3.136364,1.138622,0.590798
1031,9572,2.163780,-2.070226,-2.334169,0.518954,0.933897,-5.070598,-3.350205,1.056952,-0.233680,2.815975,1.120852,-0.213979
1031,9573,4.025861,-1.292133,-2.814238,1.392475,-1.783348,-5.218742,-0.036677,0.836134,0.740889,3.358675,1.046377,-1.692474
1031,9574,1.780915,-1.826109,-1.436638,0.342737,-2.313259,-3.029773,-3.533043,3.159544,0.367259,2.314000,0.913206,-1.597630
1031,9575,2.643782,-2.714832,-3.972996,2.944987,-0.308265,-2.768627,-2.917642,1.033109,1.444607,2.117203,0.886024,-2.349889
1032,9576,97.939307,-0.796014,-1.617998,-111.515393,-4.133499,-266.890013,-2.075499,410.330907,139.376555,4.147853,0.823069,0.137226
1032,9577,187.123261,-1.557457,-3.631216,37.240556,-2.844967,-324.156530,-4.562413,299.496004,212.871385,4.814416,1.124096,1.111066
1032,9578,229.152493,-0.052243,-1.554338,358.588485,-2.882153,-565.467035,-1.345486,216.502429,144.504115,5.162954,0.125158,1.616311
1032,9579,203.571632,-1.641691,-2.049377,507.500710,-2.887731,-214.662822,-1.987923,351.337452,54.377297,5.311769,1.885765,-0.777977
1032,9580,178.031400,1.464566,-1.496280,197.940251,-1.512932,-1267.741250,-3.750308,302.933607,-111.765148,4.488759,1.129239,-0.635132
1032,9581,218.474876,-1.310345,-3.135419,166.557440,-3.133425,177.697418,-1.296195,429.251669,322.085800,4.110472,-0.095258,1.081971
1032,9582,273.797022,0.259742,-2.908981,-6.285154,-3.433015,-270.167660,-3.044304,308.115036,229.058423,4.777445,0.821832,0.942529
1032,9583,128.544811,-0.883328,-3.595239,-13.406730,-4.469995,-500.151500,0.233915,216.401738,341.262579,3.995098,0.826530,0.615988
1032,9584,149.004362,0.097744,-4.568667,147.005725,-2.301568,-865.977626,-1.314485,242.110056,-6.064324,4.843689,0.708826,0.246626
1032,9585,139.711017,-0.695014,-3.183394,-242.841437,-2.525266,-1372.094568,0.904145,513.251503,128.104429,4.351622,1.223856,0.059739
1033,9586,140.788770,0.165167,-3.405126,44.792367,-2.666733,-227.496796,-2.901776,262.718128,-144.883943,3.688170,0.247693,1.888770
1033,9587,283.126865,0.174592,-3.227914,22.523850,-3.075270,-378.966196,-2.957144,291.694065,91.819268,3.476261,1.449369,-0.377417
1033,9588,203.407284,0.847201,-0.915640,263.908249,-3.581448,-385.025109,-4.568985,133.869335,158.966374,4.405498,-0.181789,0.219470
1033,9589,120.976164,0.753145,-3.338682,-195.917385,-2.358816,-244.064778,-3.412953,389.233850,88.468526,3.606174,1.009030,0.165412
1033,9590,170.358109,-1.264878,-2.785948,-379.022002,-3.609213,-703.663649,-0.519607,226.985826,76.677375,4.867983,0.850807,-0.252654
1033,9591,181.510443,0.218882,-5.631693,233.553420,-3.912767,113.259087,-4.312899,400.562479,146.946890,4.072064,1.470439,0.687897
1033,9592,78.403662,-0.461009,-4.222730,221.253449,-4.113299,-247.341012,-2.271251,145.688065,53.964005,3.347639,-0.387035,-2.493776
1034,9593,149.602174,0.744675,-2.776351,-47.847743,-3.570047,-204.660467,-1.610584,356.401906,206.038692,4.221390,0.927679,0.256080
1034,9594,238.108473,0.712637,-3.892692,9.217851,-2.295132,-475.531515,-2.125022,109.041729,223.375887,3.947253,0.596075,-1.484986
1034,9595,206.626598,-0.022061,-3.042887,417.444031,-3.014285,-1001.467454,-1.944644,256.317808,165.399518,4.012949,0.605683,-0.713651
1034,9596,250.208921,-1.699407,-2.254841,259.683265,-2.333653,-485.904811,-1.936560,247.577144,56.674403,4.394291,1.073860,-1.014057
1034,9597,105.263121,-0.732507,-2.273548,-106.394730,-5.510757,-204.439794,-3.411555,211.013592,38.318803,4.649535,-0.256362,-0.188212
1034,9598,244.615032,0.641947,-3.781307,121.661095,-4.496732,-556.091118,-0.817383,529.921257,-19.268170,4.686993,1.073931,-1.739110
1034,9599,138.616391,0.412240,-2.304193,-123.568689,-3.932888,-1595.141322,-3.626821,221.466284,71.134249,5.608359,0.605800,-0.548483
1034,9600,135.807438,0.140589,-4.944730,-169.226533,-3.382900,-850.062766,-2.956069,325.720637,17.056745,4.387052,0.150129,-0.339912
1034,9601,124.886830,-0.018937,-4.262276,371.886255,-4.323558,-955.490785,-3.517707,216.709992,182.334359,3.867445,0.327729,-0.184481
1034,9602,291.377259,-0.302040,-1.673791,665.829447,-2.511769,-784.470818,-3.013695,140.875289,-61.072288,4.691859,0.323607,-0.519695
1035,9603,3.421415,-1.375817,-1.808453,-0.724816,-0.926254,-0.686781,-4.272991,1.867734,0.522130,4.014638,1.012739,-0.939439
1035,9604,0.637696,-1.914593,-0.665716,-3.192764,-0.236496,-2.616435,-4.284527,2.293392,-1.109529,2.897360,1.358660,-2.721336
1035,9605,3.795888,-1.595871,-1.910351,-1.453222,-0.652788,-3.804267,-0.782487,3.218602,-0.061753,2.826527,-0.120315,-2.121617
1035,9606,3.034768,-2.271578,-0.413152,-0.618253,-0.527172,-2.194045,-3.363238,3.440775,-0.032006,3.091235,0.266564,-1.118679
1035,9607,3.418030,-2.024158,-1.577373,2.827551,-0.558967,-1.858078,-3.874223,2.630233,0.670261,3.242575,1.346234,-2.123696
1035,9608,3.483173,-2.944001,-2.023110,-0.336918,-1.519450,-1.386454,-1.358996,1.709854,1.535856,2.556209,0.740059,0.302209
1035,9609,3.996225,-0.168044,-0.839991,-2.074128,-2.180806,-3.496085,-1.296992,1.493251,0.469749,3.048668,1.368325,0.906033
1035,9610,1.599076,-2.408944,-1.717502,1.786684,-0.330747,0.617496,-1.064808,2.136089,1.039058,2.860167,1.012119,-0.076606
1035,9611,2.331855,-1.903493,-1.480755,4.394290,-1.222529,-2.105351,-2.590719,3.490853,0.070910,2.660918,0.870998,0.339798
1035,9612,3.127664,-2.221057,-2.531702,2.105769,-1.169181,-2.030493,-2.670973,0.852070,0.369348,2.502729,1.101361,-2.185149
1036,9613,156.826028,-0.269489,-2.734924,109.747048,-2.726327,-162.918077,-2.394716,362.697183,134.491450,4.030033,0.189514,-0.059836
1036,9614,119.470050,0.352839,-5.307458,-157.011774,-4.083757,-328.045177,-0.919325,268.331071,193.509442,3.631054,0.492669,-2.622449
1036,9615,167.034152,0.013492,-3.353955,-124.640547,-3.739535,-263.078985,-0.953867,382.345846,-91.591802,3.123935,0.596506,-0.206429
1036,9616,300.860778,0.178248,-3.615742,38.660519,-2.930768,-676.235266,-1.020300,309.650172,131.234170,4.231409,0.082878,-2.126976
1036,9617,248.028459,0.122557,-2.012028,51.127848,-4.190643,-1075.355994,-4.020992,270.463755,-144.285324,2.737957,0.483797,-0.825242
1036,9618,21.980665,0.034769,-5.218823,247.368651,-3.186381,-697.134737,-4.469836,181.724448,24.613163,3.899207,1.605247,-0.331130
1036,9619,150.441652,-0.511523,-4.984540,348.048778,-3.435355,-412.307484,-3.313140,274.600811,44.328448,4.965663,0.866587,-0.930972
1037,9620,230.943864,1.159885,-3.757147,244.492069,-3.330346,-129.477309,-2.094657,230.951677,60.980198,4.059988,0.674660,0.396365
1037,9621,59.908641,0.554380,-2.789758,442.860107,-1.685441,-655.278428,-1.499444,225.461652,205.504245,3.835606,0.260230,-0.599630
1037,9622,164.472386,0.946650,-3.465667,-215.091749,-4.316602,-657.178992,-0.323580,232.787060,194.700435,3.175181,0.559621,-0.309010
1037,9623,310.301800,0.701843,-1.790314,345.470993,-4.302095,-788.160912,-2.853644,209.199813,-129.993472,4.201266,1.009871,1.658742
1037,9624,142.444591,-0.424545,-3.747307,-155.894392,-4.134162,-1428.244902,-4.317531,209.960125,293.344581,4.318871,1.318526,-0.998520
1037,9625,115.296636,0.326309,-2.975384,26.518693,-3.532174,-831.225011,-2.949888,298.022066,-40.780360,4.372074,0.482437,0.064498
1037,9626,225.124879,-0.949357,-1.978000,266.735369,-3.076043,-261.859997,-3.472815,278.525548,41.037172,3.858091,0.895389,-2.173464
1038,9627,189.336750,-0.380416,-3.631682,213.772187,-3.808553,-260.803766,-4.042288,291.245066,78.669651,4.693124,-0.034706,-0.146509
1038,9628,128.103537,-1.288436,-4.102449,472.782106,-3.544709,-398.862281,-1.248722,314.838468,203.803064,4.615803,1.572795,-1.302790
1038,9629,279.305138,-0.534302,-4.239206,206.330324,-4.031919,378.319283,-2.621402,180.312270,58.483371,4.006597,1.494736,0.223709
1038,9630,115.639384,0.365082,-2.958487,-63.217719,-2.780544,-285.042008,-2.464435,498.330395,43.522651,4.960798,0.949069,-0.723183
1038,9631,117.669412,0.238109,-3.782458,-55.005641,-3.794714,-644.998539,-1.393156,149.746712,280.961742,3.778560,0.017136,-3.886256
1038,9632,149.997201,-0.878103,-3.494622,-1.952145,-3.314154,-1745.483119,0.213653,213.700949,130.809350,4.353380,0.827344,0.049764
1038,9633,134.995471,0.307265,-1.890242,310.221676,-4.104667,306.131045,-1.117199,168.747439,114.476369,4.841138,-0.128757,2.540959
1039,9634,1.601159,-2.529382,-3.185896,2.223725,0.178178,-1.464867,-0.599995,2.188838,0.621978,3.325503,0.638070,-1.546814
1039,9635,3.135244,-1.583114,-2.224052,0.645753,-1.135257,-3.580015,-2.445143,1.927475,0.667259,2.414017,1.566771,-2.250712
1039,9636,4.203857,-1.933733,-2.407476,0.893313,-1.754682,-2.045046,-0.313045,2.998526,-0.330259,3.369358,1.342643,-2.392637
1039,9637,2.863530,-1.750186,-2.770372,-0.584594,-0.717238,-1.739843,-2.794562,2.079795,0.331092,4.225200,0.722485,-1.849909
1039,9638,2.230550,-0.702744,-1.653317,0.473569,0.997163,-4.056889,-4.636424,3.239242,0.561173,2.247347,2.311117,-1.692637
1039,9639,2.313952,-2.837721,-2.334506,3.232468,-1.244435,-6.963878,-2.460903,1.856322,0.755202,3.379940,1.943073,-1.735238
1039,9640,0.811461,-2.631398,-2.222208,-0.191128,-0.677387,-3.378104,-1.407607,3.471650,-0.089421,3.025293,1.012619,-1.344268
1039,9641,2.389988,-1.319879,-2.816056,2.572640,-2.171454,-3.095904,-1.944977,1.146159,-0.196410,2.685090,1.184847,-0.625144
1039,9642,2.659768,-1.695601,-1.945068,3.833964,-1.333014,-5.413574,-3.366885,1.510659,0.148670,2.902715,-0.093470,0.108428
1039,9643,1.734393,-1.818787,-2.364416,0.358031,0.160919,-5.465596,-4.244485,1.766560,0.919420,3.258409,1.902184,-2.076122
1040,9644,173.931936,0.058972,-3.216550,227.574484,-4.993251,-582.006853,-0.068205,214.764706,319.320714,4.692235,0.401002,0.381924
1040,9645,232.600979,0.916652,-1.982729,-70.293915,-4.732873,-1224.941056,-1.798412,146.834508,-99.164645,5.118806,0.585099,-0.208922
1040,9646,259.202494,-0.313263,-2.132032,242.070091,-3.611462,-369.644001,-3.991724,289.206767,36.904891,4.111925,0.848097,0.966022
1040,9647,185.920800,1.565066,-1.467827,214.562423,-2.250675,-969.200074,-3.047505,210.266112,130.186911,4.819372,1.628369,-2.807238
1040,9648,116.413653,0.837980,-4.013959,340.506957,-4.031094,-670.902907,-3.590679,196.309241,164.194213,5.258755,0.233197,0.931952
1040,9649,246.221987,-0.616712,-3.811654,269.727412,-3.971503,-10.418526,-3.242405,423.937056,6.914951,4.570711,2.325754,-2.449403
1040,9650,108.814572,0.594265,-1.984327,-208.478832,-3.003585,-316.632461,-3.419854,385.811909,270.355211,4.994298,1.245242,1.597525
1040,9651,147.313411,-0.978078,-2.481121,-452.044981,-3.788402,-431.312782,-1.854204,179.762613,57.086321,3.730271,0.479521,1.075946
1040,9652,198.655014,-0.079658,-0.571168,293.180111,-3.601949,-982.882918,-1.330453,219.464611,206.665157,3.306288,1.120757,-2.470866
1040,9653,204.189402,0.821532,-3.667471,183.473352,-3.272898,-340.356064,-2.492031,218.662897,239.555282,3.615916,-0.198071,-0.985726
1041,9654,3.371946,-3.048330,-2.256177,2.807265,-0.979522,-2.132027,-1.951500,1.962785,0.042043,2.382347,0.651230,0.065929
1041,9655,4.677071,-2.705275,-2.423379,0.123314,-1.056069,-2.932139,-2.595299,0.402978,0.083698,2.998544,1.238990,-1.171482
1041,9656,4.097112,-1.652430,-2.024682,0.910401,-0.753199,-0.921891,-4.560772,3.924764,0.410366,3.699103,1.412449,-0.248491
1041,9657,4.688162,-2.950853,-1.300425,-0.445083,-1.212957,-1.401081,-3.787780,1.842392,0.943833,2.562164,0.692018,-1.872281
1041,9658,-0.326450,-2.171444,-2.295145,-0.615440,-0.279592,-3.546571,-2.638222,1.365200,0.356660,2.320379,1.418728,-1.981202
1041,9659,0.979491,-3.485023,-1.426012,1.473088,0.333099,-1.616417,-1.361538,3.373920,0.471112,2.878017,1.152196,-1.605178
1041,9660,1.108967,-2.572279,-1.215400,1.452736,-2.467595,-1.887471,-1.380142,1.343565,0.669691,2.713860,0.835838,0.887541
1042,9661,2.313991,-2.845046,-2.279170,1.734095,-0.049936,-0.603689,-3.026545,2.645271,0.925345,4.239310,0.554110,-0.776531
1042,9662,2.558687,-1.174864,-1.430881,-0.582762,-0.857296,-4.141073,-2.382998,1.601650,0.362432,3.412342,1.136748,-1.344807
1042,9663,1.976553,-1.071760,-2.255892,3.730457,-0.656763,-3.652009,-2.459868,1.049179,-0.162712,3.474328,0.491050,-1.766542
1042,9664,2.817808,-2.392937,-3.373205,-0.867023,-1.777778,0.550538,-0.682900,3.598439,0.507368,2.139119,1.187476,-1.715187
1042,9665,1.832963,-3.233541,-2.684258,2.348395,-0.862839,-2.345651,-3.442293,2.305771,1.313617,2.767318,0.365733,-2.058004
1042,9666,4.054480,-1.038326,-1.774084,3.392928,-1.801357,-3.307462,-3.776874,1.767420,-0.363297,2.856217,1.109399,-2.360351
1042,9667,0.595583,-1.737721,-3.459997,-3.407189,-0.330747,-3.131966,-2.464559,0.734264,0.474860,3.090290,0.430678,-3.040483
1042,9668,2.704363,-2.667974,-2.842940,-1.155123,-0.233364,-3.154656,-1.870619,1.767176,0.310913,2.913499,1.509406,-0.299033
1042,9669,2.054465,-1.844862,-2.555915,-0.286410,0.167201,-4.300723,-1.121624,0.948217,0.240142,2.963480,0.489649,-0.284108
1042,9670,2.181043,-1.616873,-3.761049,-0.988130,-0.624132,-1.957328,-2.814266,2.816571,1.460073,2.844521,1.873377,-0.985272
1043,9671,211.838969,0.568860,-2.012535,221.631174,-3.631317,51.326209,-5.493233,386.357055,253.584168,4.860670,-0.335770,0.665807
1043,9672,171.694508,-0.438174,-1.395585,-122.946209,-2.833624,-941.900947,-0.249418,294.145663,86.690336,3.596185,0.777447,-2.937139
1043,9673,282.393527,0.940221,-0.976705,537.286039,-2.948782,-115.394962,-2.409788,181.028710,195.299366,4.690738,0.984530,-1.926101
1043,9674,62.204819,-0.217000,-2.453856,33.116150,-2.807781,-583.466969,-2.645453,367.510726,-97.182875,4.556852,-0.659053,-0.717574
1043,9675,196.911438,-0.945155,-1.461269,107.429650,-2.891285,-411.467222,-2.243632,371.341416,-3.856787,4.297138,-0.079931,-0.002318
1043,9676,144.854077,-0.197644,-4.721882,457.531820,-3.086598,-981.676831,0.117366,262.401915,73.879206,4.051677,1.230008,-0.760097
1043,9677,206.382548,-0.290834,-2.478270,116.291364,-2.546202,107.563008,-0.799583,247.506633,25.940377,4.496120,0.176998,0.597278
1044,9678,172.946818,0.116781,-2.190150,82.193987,-2.752214,-445.878383,-3.160755,111.458190,195.126706,4.306559,0.526430,0.471513
1044,9679,246.274676,-0.488826,-1.904571,57.682182,-3.408007,-218.716035,-3.956763,203.341926,175.909864,4.281954,0.565178,-0.291038
1044,9680,208.353822,-0.175785,-4.630337,-47.505420,-2.932037,-1354.463366,-2.287439,229.974895,408.195155,4.608851,0.379112,-0.123076
1044,9681,225.507210,-0.611840,-4.457289,269.969738,-3.126382,-450.732497,-4.509955,32.284093,113.773827,5.316204,0.772235,0.560347
1044,9682,222.180575,-0.770272,-0.896054,102.638256,-4.169009,-431.826940,-1.166813,197.419563,99.977630,5.320415,0.723147,-0.544390
1044,9683,130.904472,-0.840759,-2.304180,-142.443256,-4.077026,-614.382600,-2.437498,270.648600,322.811436,3.145696,1.570973,0.692962
1044,9684,215.527090,1.267782,-5.367201,63.000882,-3.202528,-764.725935,-1.068662,202.124817,-94.984267,2.284167,0.557134,1.292345
1044,9685,55.658563,0.716853,-2.383376,-9.583464,-2.950845,-812.137981,0.578363,166.574808,206.421928,3.807421,0.146655,-1.506608
1044,9686,201.502575,0.064473,-4.994759,378.361444,-3.141304,-856.614432,-0.796035,222.505243,-57.615806,4.898979,0.557849,2.128314
1044,9687,105.220589,0.023448,-2.475637,204.197526,-4.874708,-531.169848,-3.183936,493.635808,128.167593,4.217172,0.998335,-1.887355
1045,9688,3.197451,-0.995425,-2.169696,-1.417713,-0.683245,-0.665774,-0.045217,2.643731,1.100994,2.333791,0.947202,-0.370231
1045,9689,3.133234,-2.506951,-2.032810,-0.892042,-0.825741,1.125684,-1.398625,0.713020,-0.045288,2.520013,1.776505,-1.840711
1045,9690,2.561566,-3.222682,-2.963839,-0.188266,-1.518420,1.394058,-4.160098,2.866789,0.886309,3.169827,1.076029,0.057568
1045,9691,0.688400,-1.583657,-1.628536,-1.441620,0.151986,-0.806784,-2.494569,1.657006,0.288964,2.901816,0.726480,-1.092201
1045,9692,3.027853,-2.011263,-1.436436,0.104989,-1.401840,-0.368776,-2.323192,2.970064,0.724911,3.373981,0.718131,-1.221044
1045,9693,1.709554,-1.404398,-1.482951,0.563683,-1.322250,0.040691,-1.314367,0.770503,0.168349,3.661706,1.030589,-2.177036
1045,9694,2.314463,-2.741146,-2.320483,3.468193,-1.243207,-1.360134,-0.666233,1.375994,-0.145309,2.572504,0.715553,-0.720580
1045,9695,3.051794,-1.005567,-3.458560,0.264633,-0.981679,-0.737303,-1.785845,0.711884,0.863935,3.384175,0.661148,-1.029389
1045,9696,2.218412,-2.849201,-2.069330,0.041395,0.033911,0.153943,-2.329224,1.981921,0.967299,2.902183,1.175093,-0.649998
1045,9697,2.127942,-1.870946,-3.514968,-1.930634,-0.583272,-0.985679,-4.113992,0.809986,0.202125,2.478431,0.271093,0.033051
1046,9698,1.913584,-1.847139,-1.247408,2.267013,0.045713,-3.025604,-1.753965,2.669837,0.148786,2.314653,1.390777,-0.243857
1046,9699,2.849277,-3.603276,-2.857932,1.595719,-2.018854,-1.866091,-4.313066,3.413934,0.880443,3.414809,0.693831,-0.364420
1046,9700,4.153164,-2.612530,-0.364942,3.088823,-1.348216,-3.081149,-2.875984,1.444427,0.817540,1.625161,1.226223,0.372508
1046,9701,4.039160,-1.161619,-2.319266,-1.356279,-2.104677,-1.998930,-0.578813,3.282102,0.241258,1.910374,0.705749,-1.125994
1046,9702,0.501914,-0.607574,-3.404939,-0.971745,-1.662034,-2.356516,-1.982311,1.562218,0.928982,3.902253,0.213335,-2.168192
1046,9703,1.746219,-0.830229,-3.445594,-1.727835,1.762856,0.023462,-2.152073,3.065940,-0.110942,2.927741,0.733369,0.986774
1046,9704,3.569955,-2.481054,-1.700333,2.693058,0.369099,-2.947646,-2.884765,2.169772,1.502527,3.354966,1.266105,-1.486882
1046,9705,1.898292,-1.373960,-3.379740,2.498654,-0.486491,-2.474698,-2.230468,1.653534,1.003100,3.007040,0.753808,-3.272430
1046,9706,2.593492,-1.825702,-0.769800,0.278342,-2.298924,-3.995683,-3.047220,1.309274,0.192125,3.078663,1.097490,-0.328978
1046,9707,2.687324,-1.308490,-2.056060,1.570389,0.137507,-0.107878,-1.080451,2.266703,0.239434,2.523947,0.794532,1.610505
1047,9708,174.123695,-0.955682,-4.665965,138.857226,-3.226243,-494.085013,-3.123645,278.497667,127.859992,4.315737,0.148740,0.697529
1047,9709,146.735082,-0.274433,-3.916832,-302.519183,-3.702486,-536.443142,-2.264843,305.637889,-72.963248,4.351167,1.972786,-3.322124
1047,9710,229.011371,-1.062002,-2.330437,-219.961577,-4.835283,-1046.501952,-3.807099,112.281971,22.058157,5.073028,0.864907,0.541671
1047,9711,213.493587,-1.246301,-2.984300,284.220756,-4.731304,-323.658496,-3.740863,209.449808,267.966754,4.654791,-0.360011,1.105028
1047,9712,216.332341,0.859018,-3.060509,499.466066,-2.338048,-261.342462,-1.403092,322.227061,-33.945724,4.079712,0.604570,1.374104
1047,9713,129.496879,-0.686882,-1.548155,188.771415,-4.195307,-1176.064902,-1.601918,353.670567,209.482900,3.760624,0.767843,-0.813127
1047,9714,67.623902,0.448764,-4.397325,468.685679,-3.392238,-437.459909,-1.870542,391.116802,209.382261,5.131610,1.764749,0.354987
1048,9715,146.640459,0.258690,-3.118974,62.381865,-3.009739,-769.277581,-3.340723,324.471405,136.420317,3.562471,0.105913,-2.528875
1048,9716,211.189398,0.319820,-3.006363,-24.017309,-4.227791,-884.308725,-3.894427,235.027339,71.034799,3.974746,1.231782,0.154361
1048,9717,114.700273,-0.374217,-4.696640,-108.247856,-3.444207,283.714414,-4.009564,282.031708,-10.427860,5.261574,0.771861,-0.319488
1048,9718,225.020412,-0.271701,-2.193132,-170.566991,-2.906833,-273.962030,-2.641665,285.773056,184.979342,4.455631,0.005575,0.131545
1048,9719,354.349858,-1.388582,-3.612032,450.641556,-3.131974,-1288.213387,-1.127356,283.236787,179.616162,3.563323,0.795180,0.452152
1048,9720,220.510507,0.545161,-2.346856,-98.298303,-2.941461,-621.416651,-4.883156,179.537117,186.225181,4.903888,2.109152,-0.731867
1048,9721,183.200771,-0.828409,-4.076800,319.752228,-3.280096,-823.580521,-1.265732,227.591258,126.975054,3.870169,0.601999,-0.314101
1048,9722,209.413430,1.696119,-3.960350,215.249619,-2.455822,-708.267938,-1.594736,214.288391,143.543799,5.985520,0.387610,-0.009715
1048,9723,201.546304,0.558036,-2.639561,-1.704224,-1.485448,-1180.792289,-1.466199,178.983489,-116.945056,3.464631,1.706185,-0.948671
1048,9724,175.392382,-0.638280,-2.381115,306.360815,-2.997359,-942.723860,-2.624457,370.145288,63.521882,5.433132,0.003437,0.695821
1049,9725,2.125201,-2.424456,-2.521084,1.322150,-1.198702,-4.059601,-4.991531,2.022733,0.325275,3.510752,0.586649,-1.264518
1049,9726,2.929953,-1.506921,-1.037368,0.124202,0.826798,-1.331169,-3.888109,1.845333,-0.061797,2.316612,1.763732,-0.180864
1049,9727,0.928018,-1.646104,-2.102923,0.243292,0.707335,-3.223308,-2.307795,3.594553,0.897320,2.967961,0.589501,-0.888942
1049,9728,2.470993,-1.769223,-2.512568,-0.229319,0.058001,-2.531652,-3.306639,1.345906,-0.176664,2.901390,1.633203,-0.469586
1049,9729,2.118307,-2.021853,-1.872671,0.769382,-0.900474,-2.919231,-3.239732,2.932132,0.471523,2.968505,1.001514,-1.504273
1049,9730,2.149604,-1.298562,-1.114425,2.020800,-0.549517,-1.859343,-3.158648,2.539000,0.441280,3.899638,1.146775,-1.260782
1049,9731,2.810372,-3.398279,-1.663961,1.681654,-1.732289,-0.039730,-1.581807,1.133807,1.657909,2.978206,0.634469,-2.469125
1050,9732,1.896543,-1.791771,-2.744045,2.765693,-1.222211,-1.079822,-1.818525,1.427616,0.312811,2.859158,1.037255,-0.679193
1050,9733,1.609460,-1.773701,-1.186260,-0.413863,0.009182,-0.778042,-1.910321,2.343552,0.043850,2.204586,0.314931,-1.459452
1050,9734,2.276606,-1.004608,-2.580960,1.084144,-0.992302,-4.686044,-4.293916,2.083420,0.426428,3.353137,1.526738,-1.054277
1050,9735,3.043683,-2.186770,-0.343970,2.902510,-0.627516,-1.661540,-2.378633,2.154211,0.385615,2.956792,1.737421,-0.987722
1050,9736,3.189124,-1.182544,-2.890183,-0.776510,0.544877,-2.886398,-1.355495,1.550681,-0.167913,2.490003,0.622372,-3.587421
1050,9737,4.045073,-2.116805,-1.128516,-2.699723,-1.244884,-5.148477,-0.572102,1.761098,-0.520916,2.950966,1.937081,-1.476108
1050,9738,3.594970,-2.426184,-0.635165,-0.737575,0.849373,-0.404721,-2.435603,1.984341,-0.936064,3.282606,0.844257,-0.815474
1050,9739,1.455891,-1.766027,-1.285797,-0.747091,-0.522095,-3.813712,-1.612956,2.286006,0.848736,2.796350,0.196937,-0.863025
1050,9740,2.467909,-2.134701,-2.403889,1.142404,0.945496,-0.978574,-1.460056,1.359418,1.378010,3.883382,1.133688,-0.453938
1050,9741,1.208118,-1.416523,-1.862308,-0.823571,-0.459424,-4.736518,-1.935524,1.417287,1.510069,3.265702,1.369639,-2.776323
1051,9742,1.131261,-1.880356,-2.147318,0.508040,-0.022918,-4.324350,-0.535367,2.077681,0.263475,2.687998,0.347372,-1.487069
1051,9743,2.052202,-1.763894,-1.665007,-0.240076,-1.294080,-0.671796,-2.484629,0.839178,1.456617,3.109571,0.107821,-0.005276
1051,9744,2.402329,-1.779492,-3.260606,1.222229,-1.049649,-1.661622,-2.649041,0.721253,0.230940,3.596995,0.857106,-0.078555
1051,9745,0.693870,-1.848182,-2.650425,0.196213,-1.104173,-1.881014,-3.928475,2.507221,0.679122,2.678167,1.665156,-1.229780
1051,9746,1.860496,-1.563593,-2.551568,2.293678,-3.103270,-2.913311,-2.235967,1.528487,0.874191,3.154825,1.390788,-0.085592
1051,9747,3.902525,-2.941618,-2.575842,0.561791,-2.688867,-4.089629,-1.225210,0.952021,1.365250,4.057392,0.434759,-0.482927
1051,9748,4.619505,-1.415619,-2.815899,1.303710,0.618751,-0.812737,-3.344544,2.232593,0.823289,2.549314,0.059472,1.260382
1052,9749,3.144174,-3.490511,-2.725801,0.805946,0.640229,-1.522603,-2.757091,2.782541,1.381838,3.007083,1.403504,-2.239721
1052,9750,2.968665,-2.112711,-1.017845,2.495509,-0.496305,-3.285099,-2.321817,2.483431,0.004574,2.849885,1.399635,-1.721977
1052,9751,4.392081,-2.557806,-2.883286,0.519044,0.294180,-3.922669,-1.576238,3.646118,1.029467,3.054879,1.153962,0.322907
1052,9752,1.159936,-1.967777,-0.015846,0.225413,0.499019,-4.377454,-3.558414,4.290555,0.284615,3.821734,1.065726,-1.319545
1052,9753,1.425874,-1.104861,-2.540738,-1.165014,1.620687,0.548891,-4.010893,1.260080,0.983749,2.400905,1.349118,-1.998673
1052,9754,3.396399,-1.916695,-3.813802,-0.145386,-0.060163,-4.163072,-3.052341,1.729857,0.318384,3.027651,0.615483,1.799922
1052,9755,1.612706,-1.019491,-1.929445,0.298571,0.028454,-4.424029,-1.288119,3.129838,-0.171728,2.870709,1.467410,-0.925509
1053,9756,1.392725,-1.082699,-2.994697,2.870410,-1.722533,-4.480354,-3.447141,0.480311,0.409099,4.209853,0.982261,-0.845798
1053,9757,3.060399,-2.326246,-2.456977,4.108623,-1.302312,-2.304931,-1.884687,3.564023,1.309675,2.894474,1.026219,-3.550144
1053,9758,1.432670,-2.704442,-3.330444,0.558759,-0.209992,-2.487128,-4.356151,1.365066,-0.256661,3.393794,2.103106,-0.360437
1053,9759,1.921414,-1.610699,-0.508676,-0.504705,-0.564699,-0.716161,-2.156285,0.614918,0.150335,2.679332,-0.594641,-2.516955
1053,9760,0.444755,-1.633749,-1.046263,0.275367,-1.183059,-5.875402,-2.564800,1.802176,0.775402,2.321008,1.040702,-1.393094
1053,9761,4.796490,-1.931237,-2.599248,-0.720686,0.275791,-2.667017,-1.886500,2.867277,-0.336326,2.871764,2.553727,-0.707948
1053,9762,2.623072,-1.332079,-0.910181,1.127830,-1.366805,1.132437,-2.045605,2.202323,-0.425321,4.380810,1.011064,-1.126651
1053,9763,3.979337,-3.236098,-2.267686,3.948733,-0.162285,0.745830,-0.055322,2.638891,-0.494281,2.904647,0.334645,-0.773529
1053,9764,3.747179,-2.869515,-2.915949,1.217284,0.001467,-3.493552,-0.578760,3.571350,-0.141868,2.184957,1.698667,-0.598904
1053,9765,0.213853,-3.185720,-1.893404,1.254409,-0.199402,-2.911851,-2.613361,2.817116,0.488298,3.414291,0.267332,-1.033554
1054,9766,162.861274,0.387436,-2.038505,-214.260511,-1.740161,-680.143956,-1.793767,196.939032,188.695412,4.887961,2.048747,-0.427315
1054,9767,223.309216,0.693954,-3.056101,87.146593,-3.422483,35.636835,-0.241666,174.855580,-134.634147,5.018084,2.528620,-0.598648
1054,9768,300.642171,0.481921,-2.759801,4.847462,-3.289066,-669.348293,-1.620042,352.939739,188.539878,4.611897,-0.168590,-1.062930
1054,9769,186.633488,0.377027,-2.646203,-10.986312,-2.469290,-940.834676,-0.925119,128.823195,-38.483291,4.434849,0.126913,-1.126296
1054,9770,256.295397,0.760424,-1.477384,-240.549056,-3.164440,-677.575885,-1.478475,198.602451,-1.160174,4.586534,0.778622,-0.183044
1054,9771,159.017738,0.735851,-2.338635,152.722149,-3.787190,-900.110068,-3.489445,241.327763,297.719163,2.720904,0.372923,-1.366331
1054,9772,235.816369,-0.689157,-4.342718,33.692382,-4.853939,-874.462013,-3.068789,332.986104,-86.309085,4.173640,0.207598,-2.284869
1054,9773,281.208606,0.297094,-3.818947,198.469785,-2.517516,-821.351966,-3.782138,314.614341,-19.850546,3.170265,1.188889,1.265121
1054,9774,222.084305,-1.319628,-4.002948,-333.916051,-2.673454,-819.385722,-4.226431,297.080983,116.250177,4.186813,0.276446,-0.546863
1054,9775,70.808600,0.709570,-2.534958,585.343977,-4.123399,-1296.695362,-3.783003,275.031969,65.968252,4.898938,0.961638,-1.299966
1055,9776,2.381478,-3.477226,-4.136025,1.559580,1.526891,-3.962976,-3.267023,2.790498,-0.160190,2.440524,0.431996,-0.145993
1055,9777,2.743414,-2.200395,-2.394027,0.370062,-1.178424,-4.102890,-0.353565,4.039737,0.680670,1.907621,1.365026,-0.172331
1055,9778,3.528656,-2.928389,-1.025593,2.773541,0.581387,-1.565775,-1.791016,1.377681,1.066388,2.408438,1.451173,-3.162245
1055,9779,3.295923,-1.281250,-2.204893,-0.304589,-0.247471,-3.986470,-4.227735,3.069293,0.831216,3.311244,1.904662,-1.524260
1055,9780,3.503803,-2.635840,-3.151647,-4.403671,0.990528,-4.880885,-3.203384,0.074761,0.723820,3.709499,0.738868,-1.818053
1055,9781,2.498788,-2.332594,-3.089687,-3.211837,1.796398,0.145336,-1.590269,1.247836,-0.443735,3.461671,0.820247,-0.249011
1055,9782,3.355194,-2.866057,-2.761092,0.937649,-1.020271,0.397303,-4.113005,0.959324,0.849880,2.857014,1.069057,-3.082748
1055,9783,2.320852,-2.105470,-1.437681,0.187458,-1.937827,-3.148550,-4.043055,2.584737,0.340144,1.447286,1.190293,0.022672
1055,9784,3.110519,-1.501972,-1.540061,0.887879,0.715042,-6.414066,-3.997097,2.077148,-0.302896,3.976133,1.395943,-1.521615
1055,9785,2.246965,-1.029772,-3.035470,0.190964,-0.202761,-2.811655,-2.842377,2.024566,1.234208,2.702260,0.538529,-3.423803
1056,9786,119.589460,0.306371,-1.342511,545.657774,-5.036832,-385.514875,-0.542409,198.429287,175.949620,4.161096,0.424684,1.490609
1056,9787,272.846678,0.937044,-1.969306,-379.576120,-3.680924,-899.788118,-2.446925,289.935650,184.378203,3.090712,1.866338,-0.290245
1056,9788,72.109382,0.753576,-3.560248,136.901456,-2.181401,-721.839791,-2.617440,189.952097,-10.615398,4.744896,-0.280732,0.671905
1056,9789,175.655496,-0.992733,-1.981733,-14.008286,-3.429280,67.430088,0.179565,-107.067509,175.032018,4.931247,0.702509,-1.177265
1056,9790,123.957572,0.106300,-1.219582,185.727824,-4.710062,-590.867636,-2.796774,241.917802,-4.319733,4.611999,-0.376258,-0.484416
1056,9791,217.148373,-0.433398,-3.067755,18.565526,-4.077712,-1032.385459,-4.184441,300.367277,69.232644,4.206455,1.452062,-0.424902
1056,9792,143.339099,0.316413,-2.855670,-481.627733,-2.154477,-995.594974,-2.675629,489.738329,88.779287,4.071279,1.261311,0.695827
1056,9793,139.149090,0.032541,-0.962646,387.722719,-3.164466,-277.388850,-1.448396,300.382829,194.502969,4.178306,0.379897,-0.047752
1056,9794,226.191294,0.650091,-2.992319,4.158678,-2.970006,-768.030435,-1.540092,118.300191,184.002914,4.668396,1.448083,-0.149455
1056,9795,135.414430,-0.127744,-2.071839,-22.029572,-3.630798,84.607467,-2.791157,7.206747,40.401778,4.669585,-0.110837,-0.650583
1057,9796,3.592846,-0.970333,-1.449001,3.404050,-0.536872,-2.707949,-4.664669,3.854059,0.223606,3.398443,0.092118,-2.044514
1057,9797,2.278968,-2.258682,-2.333843,-0.291473,0.003780,-1.442648,-1.907917,3.014342,0.506042,3.012322,0.900057,0.314224
1057,9798,4.156456,-2.047257,-1.350480,-0.147035,0.267072,0.481735,-2.266015,2.055912,0.102476,2.443127,0.359683,0.436817
1057,9799,2.889588,-2.701459,-3.582677,2.180717,-0.656002,-1.677055,-0.453204,2.236829,0.177075,2.149931,1.782640,1.805071
1057,9800,2.620680,-3.119410,-4.611888,5.917017,-0.332631,-3.596600,-1.126069,1.720182,1.019912,2.921069,0.671533,-0.784085
1057,9801,1.606375,-2.894182,-3.149433,-0.506471,-0.254136,-2.188561,-3.090102,2.299313,-0.451096,3.942205,1.516055,-4.194228
1057,9802,3.106453,-2.397406,-1.125716,0.727752,-1.680053,-0.995537,-0.458479,2.891873,0.504149,3.392704,0.599048,-3.286276
1057,9803,2.678138,-3.304296,-3.030076,1.629807,-1.287342,-4.748781,-3.933369,2.130710,0.016336,2.708107,1.358743,-1.648098
1057,9804,3.781142,-0.692543,-1.793540,-0.476900,-0.935439,0.347867,-2.282755,1.942927,0.913956,2.633283,0.461792,-2.415841
1057,9805,2.127696,-2.114120,-1.170974,-1.712572,-0.894370,-3.625292,-1.717779,2.159542,1.444234,2.959518,0.883119,-1.681405
1058,9806,115.315040,0.132931,-2.253817,-245.470680,-2.929922,535.405045,-3.258312,291.460213,-87.087390,3.864538,1.813136,-0.812615
1058,9807,248.612168,-0.381387,-2.643077,191.054148,-2.009496,-386.223829,-2.701069,337.895343,233.125674,3.757091,1.549650,0.806440
1058,9808,209.028811,-0.255635,-2.756624,584.293427,-2.544029,-753.025000,-4.600897,320.349521,-78.395026,5.434266,1.105143,1.172811
1058,9809,126.809072,-1.434389,-1.481969,143.405641,-3.181865,-803.159679,-4.300346,353.329265,115.138419,5.033811,-0.143471,-0.182479
1058,9810,165.764366,0.264738,-1.993527,-25.110809,-4.556125,-158.982278,-1.880985,340.756002,84.498289,2.921431,0.631859,-0.644284
1058,9811,241.738177,1.251406,-4.488920,134.019653,-3.737443,-1354.429757,-1.014280,359.027522,11.187452,4.378398,1.020829,-1.557298
1058,9812,73.976167,1.081546,-3.453523,65.241410,-3.821600,-843.666484,-2.184755,322.719168,-62.884390,4.320122,0.700491,0.257351
1058,9813,241.132131,-0.325019,-2.102230,-328.505424,-2.254068,-618.437738,-0.832025,161.775921,9.667821,3.753663,1.095742,1.151224
1058,9814,204.491003,0.262623,-3.763126,-93.087782,-4.249898,-950.074300,-1.378988,276.406849,-1.632678,3.594434,0.822541,1.928203
1058,9815,188.201403,-0.561092,-2.422011,284.151341,-3.459836,-1361.408299,-3.599252,84.104082,176.928357,4.645369,0.542962,1.500640
1059,9816,1.093480,-1.893542,-1.975550,3.197862,-0.320893,1.052983,-1.401515,2.507324,1.548244,3.188277,0.884393,-1.772745
1059,9817,0.904072,-1.228401,-2.656337,1.098546,-0.453630,-2.831960,-4.362433,1.162340,-0.047221,2.641310,0.788143,-1.418560
1059,9818,1.825105,-1.176565,-1.951733,2.408543,-0.546583,-4.169772,-2.970210,1.764226,1.999327,3.539551,0.805997,-0.546889
1059,9819,2.422385,-2.436918,-1.313549,-2.576099,-0.206377,-4.576064,-2.400784,2.840458,0.527440,3.387220,1.172183,-0.367794
1059,9820,1.678165,-1.132954,-2.974393,2.539387,-0.975350,-4.644046,-2.013979,2.554113,-0.353988,2.051865,1.204354,-1.902134
1059,9821,3.307718,-2.130792,-2.305540,2.365959,-0.975920,-2.442268,-1.187706,1.632966,-0.275484,2.552401,0.299165,0.057481
1059,9822,1.978861,-1.859195,-1.460247,1.480146,-0.283084,-2.991437,-3.075109,1.232092,0.515397,3.459725,1.191663,-0.182559
1059,9823,1.820735,-1.242956,-1.938385,1.209366,-1.719569,-4.623445,-3.403082,2.813607,-0.173218,2.819005,0.969498,-1.252780
1059,9824,2.054318,-1.358227,-4.011479,3.472074,-0.395607,-0.744176,-1.578799,2.847083,0.699184,3.841741,0.833253,-2.462879
1059,9825,3.224055,-2.527959,-2.396263,2.852836,-1.305098,-3.172350,-0.493748,2.138116,0.255607,3.414674,0.884604,-0.588712
1060,9826,117.992755,0.137721,-1.984691,-136.446031,-2.845208,-1364.158624,-2.944872,161.384695,18.823016,3.908891,0.809581,-0.569000
1060,9827,86.123489,-0.436595,-2.071930,246.321776,-3.655523,-265.040800,-3.082522,177.861215,214.226902,4.253763,1.449321,0.949633
1060,9828,168.597187,-0.526536,-1.523696,209.542787,-4.141659,-586.795281,-0.908640,433.381050,172.106893,4.733246,-0.171788,0.557554
1060,9829,116.717401,0.823616,-3.936430,-48.786679,-2.386121,-486.159575,-3.044265,291.294049,54.101324,3.700650,0.666334,-0.562435
1060,9830,138.537709,1.832289,-3.416905,201.354118,-2.532130,-565.056398,-2.798606,169.929124,-70.041630,4.520698,-0.058640,-1.291740
1060,9831,146.627779,1.072664,-3.674324,35.093302,-3.340611,-329.584187,-2.134529,260.641003,-55.848261,3.564073,0.117942,-1.347916
1060,9832,270.524558,0.054720,-3.051443,54.270891,-4.424800,-183.116447,-4.120389,168.395288,240.451147,4.529791,0.423577,0.154694
1060,9833,212.276152,-0.679305,-2.571023,-70.749991,-3.800039,-1239.746663,-3.880581,344.121137,-25.795279,4.494590,1.748744,-1.543839
1060,9834,231.555136,0.930110,-3.879888,-149.868594,-2.652093,-941.139222,-1.842485,386.073403,80.835231,4.259836,0.038234,-1.229427
1060,9835,193.052589,-0.200722,-1.809969,-389.436947,-3.234044,-968.113214,-3.139891,364.842715,-183.812084,5.272136,1.138629,-0.645939
1061,9836,200.661465,-0.058845,-1.615424,256.904782,-2.078513,-526.000715,-1.442538,217.363222,191.649629,4.029086,1.134841,-0.874227
1061,9837,367.500397,-0.659924,-4.381197,112.363967,-3.280411,-774.035037,-2.686954,174.102248,250.499031,2.648791,0.408395,-0.470493
1061,9838,218.286277,-0.354485,-2.847903,307.597023,-3.765365,-581.221000,-1.517757,311.802947,140.892419,4.386332,1.065268,-0.502298
1061,9839,127.096015,0.138089,-4.146048,-33.080184,-2.234134,-259.126776,0.949226,320.933999,4.178520,4.540292,1.182087,-0.829755
1061,9840,155.373710,-0.267254,-2.247970,198.119623,-3.281533,-497.435491,-0.749985,98.313919,95.413383,3.976085,1.379460,-1.255236
1061,9841,222.420460,-0.004245,-2.217839,255.830104,-4.789502,-1.094250,-0.777802,100.357960,101.249499,5.104794,1.002173,-0.445197
1061,9842,180.548002,0.346050,-1.744180,69.265646,-1.650423,-66.004179,-3.208181,236.536540,87.214490,5.146462,1.664849,-1.854616
1061,9843,220.944189,1.225383,-3.794267,-207.362288,-2.886470,-789.651926,-0.547155,378.232020,34.610224,3.604281,0.438219,0.102714
1061,9844,288.893666,-1.244512,-3.749112,224.188418,-4.655294,-563.197598,-2.546930,366.237647,82.309164,4.359831,0.727215,-0.971318
1061,9845,87.971837,-0.270933,-2.125309,132.972031,-4.356369,-1232.664698,-4.059545,292.752061,86.603922,4.630524,0.702919,-0.115574
1062,9846,2.323524,-1.790351,-3.074172,-0.742082,0.364229,-0.795488,-1.245871,2.270778,-0.590287,1.877367,1.643484,-0.838956
1062,9847,2.373061,-1.358342,0.440191,1.365974,-1.576797,-1.655333,-2.991037,3.561060,-0.983323,3.202660,0.819853,-2.173440
1062,9848,2.123630,-2.403668,-2.849520,1.715905,0.329138,-0.796204,-1.116759,1.653976,0.238595,3.674748,1.270072,-0.052515
1062,9849,1.825582,-0.677474,-1.459427,-4.149440,-0.731243,-1.535821,0.268598,1.563113,1.383481,2.659623,1.160815,-2.359501
1062,9850,3.180612,-2.341530,-1.100788,0.595968,0.580302,-1.939449,-2.552607,2.331278,-0.686276,3.227940,1.264634,-0.656759
1062,9851,1.733287,-2.187938,-1.561093,1.019747,-0.326981,-3.962117,-1.732304,1.904627,0.414200,3.371094,1.237678,-1.440272
1062,9852,2.800669,-0.522361,0.076853,2.289178,-0.456419,-2.635602,-2.440910,1.985795,0.530379,2.851107,0.961485,0.000736
1062,9853,2.959803,-1.475127,-2.920388,-1.778913,-1.195150,0.037053,-2.945136,2.645759,0.877688,2.284885,1.052514,2.146041
1062,9854,1.226883,-2.424518,-1.640141,0.780042,1.117470,-2.666421,-1.545163,2.626219,-0.111005,2.287358,0.244848,-1.669247
1062,9855,2.924659,-1.329173,-1.670688,0.987486,0.370288,0.866438,-3.354100,3.297825,-0.060619,1.731985,1.354309,-0.687878
1063,9856,246.810518,-0.929193,-2.821615,-84.468875,-4.223844,-794.007214,-2.048946,405.765865,254.995294,3.049263,0.188402,0.358731
1063,9857,124.601514,-0.897502,-2.572035,-71.199393,-3.139657,-634.777248,-3.362783,320.198710,112.278695,3.877966,0.728238,-0.198363
1063,9858,58.116081,-1.291048,-1.295032,-45.330064,-4.063411,-1225.444578,-3.528262,207.793823,62.339381,4.536171,0.956529,-0.733141
1063,9859,255.977488,1.029173,-3.608773,354.063197,-2.487965,-156.714847,-1.968847,382.641434,182.399353,2.935036,0.842096,-0.960420
1063,9860,195.366679,-0.535329,-4.141692,233.148397,-2.343725,-398.188181,-2.977855,346.447702,178.108578,3.351760,1.179154,-2.315154
1063,9861,273.840298,-0.984575,-3.857955,31.296431,-3.821315,-133.130030,-1.032427,199.868692,44.314193,3.783054,0.491082,0.474870
1063,9862,205.473624,0.101157,-4.824315,330.528280,-3.229903,-666.624689,-0.493167,380.907023,-115.523645,4.497367,0.832128,-2.092459
1063,9863,206.848886,-0.176886,-1.295666,188.273672,-2.161468,-316.197808,-2.108193,251.364978,-74.683153,4.149855,0.188671,1.079166
1063,9864,94.390678,0.266118,-1.140790,264.143783,-3.057415,-517.373858,-0.314465,428.288343,176.164440,2.805876,1.153205,-0.257795
1063,9865,159.437362,-0.469831,-2.008426,308.828774,-5.474916,-1031.181007,-1.429058,119.159922,72.374842,4.992744,-0.557283,0.516552
1064,9866,171.991667,-0.061161,-0.802642,-46.665492,-3.420644,-436.607536,-3.584156,323.683226,297.321701,5.003619,1.056930,1.947098
1064,9867,200.251474,-0.684656,-2.555147,270.608385,-3.048726,-586.099235,-2.898193,101.455536,35.616989,4.627858,1.061091,-1.025642
1064,9868,151.765650,-0.346325,-2.123685,54.838054,-3.137875,-285.214366,-1.969709,380.840323,-59.378447,4.097741,1.683611,-0.754070
1064,9869,257.543339,-1.089838,-1.594569,-58.409975,-3.138825,-1722.591011,-2.466458,209.583188,-13.212969,3.976193,1.295780,0.991226
1064,9870,259.693717,-0.445471,-2.334612,65.739576,-4.180087,504.598736,-4.117215,392.814772,64.160725,4.450601,1.318505,-0.744904
1064,9871,236.278217,0.165096,-4.089229,-22.397991,-3.236575,-392.622596,-1.460313,161.115154,114.512711,3.732925,2.313302,0.450847
1064,9872,152.001259,-0.155376,-2.881355,-383.545827,-3.832256,-1039.558079,-3.871602,220.084315,88.662792,4.820072,1.128513,-0.919014
1064,9873,115.424275,-1.215617,-3.142934,177.376306,-2.685071,-739.310747,-0.877818,139.902858,151.208318,3.795705,0.333886,-0.069330
1064,9874,137.000654,-0.449388,-2.682016,-274.785846,-4.723277,-701.705563,-4.559779,281.094533,85.760091,3.447259,1.269863,-0.776885
1064,9875,328.959789,0.504249,-3.677813,865.717453,-1.164681,-1003.876764,-2.738295,61.707371,174.701161,4.849611,0.696690,0.507520
1065,9876,0.946817,-1.964570,-2.505862,4.285014,-0.490459,-4.625213,-1.962385,1.256853,0.108188,2.797020,1.515016,-3.189379
1065,9877,2.676240,-1.123602,-2.509906,3.291738,-0.970001,-4.656060,-1.919780,1.876348,0.535889,3.287342,1.427942,0.958180
1065,9878,3.676332,-2.439764,-2.103993,1.116709,-0.468237,-2.000470,-1.246820,1.831290,-0.356424,2.379087,1.076208,-1.605073
1065,9879,2.375312,-2.314371,-3.350040,-1.384340,0.689480,-3.135443,-2.126048,1.159908,0.239934,4.552096,0.934945,-1.829641
1065,9880,3.425575,-1.223458,-1.216541,-2.454666,-1.169811,-0.512668,-2.249980,2.554041,0.219909,2.320837,1.123039,-0.515562
1065,9881,1.397909,-0.967606,-3.483261,0.978135,-0.146697,-5.022080,-1.098533,2.314912,-0.378420,3.258150,1.219924,-0.642027
1065,9882,2.866369,-2.394891,-1.681603,-0.478400,-0.912180,-3.650964,-1.362919,2.039651,0.522353,3.132410,1.088470,-1.255983
1065,9883,2.093995,-1.666324,-2.553872,1.604749,-1.183788,-0.682756,-2.359562,0.429493,0.110938,3.329955,0.850707,-0.490073
1065,9884,1.913110,-2.408273,-1.350583,1.191353,-0.315660,-6.504454,-1.357450,0.584403,-0.514208,2.255693,-0.295318,-1.317977
1065,9885,3.036932,-1.016025,-2.057927,-0.690542,-1.459441,-1.239235,-1.200346,3.012669,1.921587,4.137562,0.712158,-1.084727
1066,9886,1.253257,-1.903449,-3.100044,-1.113916,-0.845627,-3.848178,0.116698,2.035680,1.068269,1.937587,1.180577,-0.107961
1066,9887,2.122778,-2.131775,-4.049773,1.480724,0.268521,-5.266678,-4.314747,3.230826,0.730364,3.282149,0.963999,-0.724250
1066,9888,2.404142,-0.982582,-1.941726,2.560329,0.102479,-2.332393,-1.372204,2.068251,1.007649,2.495960,0.840863,-0.547103
1066,9889,1.178616,-2.020299,-3.132925,1.572340,0.232706,-1.513182,-2.160254,2.369104,0.937965,2.821347,0.999278,-2.474393
1066,9890,2.978619,-2.645302,-3.148748,-1.728016,-2.023927,0.141799,-1.787116,2.273341,1.522147,2.434233,1.150893,-1.646662
1066,9891,2.872929,-2.054380,-0.743570,2.602490,-0.830504,-1.686612,-2.351007,1.981313,0.161442,1.569414,1.645875,-2.313538
1066,9892,2.958487,-2.362333,-0.543371,-0.978111,1.177536,0.641723,-2.949037,1.308542,1.318394,2.782373,0.793572,-0.574988
1067,9893,2.551392,-0.703804,-1.609897,-0.654410,-0.714531,-1.664481,-0.618941,1.383126,0.287207,3.703778,2.233752,-2.381409
1067,9894,2.564711,-3.001601,-2.011095,0.505591,-0.323104,-2.739304,-0.263695,1.447036,-0.478042,3.163476,0.579915,-0.962287
1067,9895,3.690148,-1.895931,-1.149340,-0.031369,-2.283311,-1.236699,-0.152644,2.313122,-0.008118,3.157491,0.354539,-1.105833
1067,9896,2.162982,-2.243818,-1.887571,-0.753783,-0.646203,-0.679700,-2.526614,1.888545,2.011744,2.608385,1.851938,0.651607
1067,9897,1.865899,-1.747737,-1.753049,0.970185,0.807104,-0.691450,-1.786327,1.740349,-0.391531,3.548453,1.121845,-1.533175
1067,9898,3.924174,-2.730797,-0.990511,2.833793,-1.516609,-0.033930,-3.699582,4.427104,0.412862,2.861545,0.718638,-2.095211
1067,9899,2.439972,-2.609615,-3.124842,0.829131,-1.973871,-2.876397,-4.182707,3.918340,0.095240,4.740140,0.993902,-1.611483
1067,9900,1.203123,-1.934507,-2.008917,1.965478,-1.686515,-3.999733,-0.672270,2.382449,1.077219,3.375545,0.784255,-0.194501
1067,9901,2.172419,-2.010247,-0.203007,-0.172260,0.982569,-5.446472,-1.296321,2.035735,-0.625864,2.918441,1.356072,0.600470
1067,9902,2.701222,-3.271480,-2.619556,-1.357193,-1.338005,-3.044135,-5.217054,2.395669,0.384266,3.102360,0.724680,-0.238657
1068,9903,162.546218,0.276649,-5.611978,319.983721,-3.724933,-534.558867,0.208379,161.504759,75.641749,3.947246,0.580322,0.695992
1068,9904,239.497569,0.573623,-3.449044,-145.526465,-3.043998,-168.144094,-0.996332,247.652741,9.835942,3.392270,-0.370043,0.921704
1068,9905,155.993394,0.894617,-2.264374,-558.751930,-3.182245,-688.363485,-2.151061,201.553182,218.643642,4.750799,0.503552,-0.116137
1068,9906,164.910089,-0.071411,-5.439347,171.877272,-3.705055,-1154.153356,-0.575959,262.132177,334.394679,3.738581,1.376899,-0.339103
1068,9907,169.504679,-1.888769,-4.251493,68.678315,-4.418963,-847.297370,-2.276767,273.899256,70.777415,4.819535,1.030084,-0.420166
1068,9908,85.033202,-0.066825,-3.049559,100.082294,-3.281034,-109.347336,-3.116647,38.457977,-52.051312,3.354394,0.925722,0.332822
1068,9909,175.020203,0.515364,-4.347150,60.266861,-2.616023,-542.369426,-3.632748,146.465894,226.629712,3.543328,1.428462,-0.865119
1068,9910,85.820503,-0.218871,-2.332867,-616.151212,-3.116411,-549.871273,-3.705990,244.588844,185.322939,3.982552,1.156477,0.192028
1068,9911,147.521851,0.494164,-3.595362,-300.600486,-1.875649,-685.692606,-3.459099,145.541627,114.927480,4.613191,-0.085912,-1.469999
1068,9912,222.954349,-0.997992,-2.368452,-252.630301,-2.472765,-920.076845,-3.991257,249.787402,-34.744334,3.870557,0.454292,0.617569
1069,9913,3.194939,-1.955360,-2.267114,-1.972308,0.369850,-2.658325,-3.917688,4.251802,-0.258120,3.527822,0.304633,-1.387691
1069,9914,2.037800,-1.657879,-2.779091,1.313789,-1.254396,-0.604718,-1.791841,3.288788,1.405259,3.505233,1.787131,-0.695186
1069,9915,1.390300,-1.324161,-0.973215,0.059446,-0.109900,-2.751319,-1.722948,3.368739,-0.433369,3.639374,1.146093,0.250530
1069,9916,3.005332,-1.822300,-3.223192,1.482159,0.181577,-3.397219,-3.142532,2.019161,0.133306,1.940683,1.706849,-1.595030
1069,9917,1.915237,-1.294298,-2.349734,0.464896,-1.721644,0.311147,-0.220276,2.340569,0.007237,2.386247,0.033644,-2.465298
1069,9918,2.460264,-2.279259,-2.033234,1.868103,-0.533068,-2.535215,-1.568948,1.049025,0.774628,2.236905,2.268931,-0.297085
1069,9919,1.451359,-1.689430,-1.845454,2.938939,-0.635398,-5.206216,-2.822453,2.001729,0.119366,3.154488,1.019857,-1.399982
1069,9920,1.470957,-1.258100,-1.925540,0.122412,-0.075164,-1.934089,-3.071556,1.051117,0.979771,2.954510,1.631395,-2.206856
1069,9921,3.898264,-1.756857,-0.883237,3.032864,-0.948690,-3.168292,-4.206247,2.589824,0.221209,2.707626,0.902142,-0.022606
1069,9922,3.727866,-1.701956,-1.010428,3.993670,1.459449,-1.504066,-1.510820,1.095122,-0.547989,2.060234,0.338561,-1.241573
1070,9923,130.550928,1.655004,-2.060454,275.601950,-2.233126,-628.744113,-1.850120,345.844920,-74.311380,4.586707,0.531158,0.671277
1070,9924,92.989390,0.154749,-3.387100,-135.998126,-3.353860,-343.023243,-1.089122,352.512638,-193.650332,4.802224,1.090109,-0.494197
1070,9925,237.338611,0.127515,-4.583707,564.497488,-1.361978,-943.017473,-1.927687,276.512903,16.191409,3.965354,1.245505,-0.825149
1070,9926,159.171722,-0.520067,-2.773520,46.561041,-4.846694,-474.297337,-1.100187,325.614637,-38.933343,4.125841,0.755496,0.072128
1070,9927,173.001610,0.308425,-3.151733,30.018552,-4.304795,-1199.789262,-1.432969,229.306537,328.109992,4.675657,-0.062826,-0.085759
1070,9928,257.937837,-0.321570,-2.781520,171.530419,-1.898756,-589.203442,-0.449749,344.918760,227.502826,4.736302,1.972674,1.407602
1070,9929,70.649577,0.243407,-3.089117,-12.830417,-3.387729,-442.791935,-3.505433,325.096083,142.147277,4.479817,0.581269,-0.771921
1070,9930,235.373753,-0.645800,-2.997105,-93.621758,-3.249961,-11.756081,-0.941453,388.410375,167.307890,3.628930,0.030915,2.202219
1070,9931,241.042561,0.303438,-4.512671,119.889338,-4.452858,-222.167079,-2.867576,313.066067,124.283325,3.360049,0.468341,0.058151
1070,9932,269.604554,0.097489,-2.109230,755.354237,-1.443147,-954.127926,-1.182217,268.671986,-117.213401,4.598479,0.422838,-2.273827
1071,9933,3.500883,-1.014707,-4.079162,-0.270195,-0.380097,-0.409965,-2.013059,3.262299,0.678846,2.399435,0.482342,-1.452968
1071,9934,3.575512,-2.483472,-3.008367,3.096231,-0.868745,-1.374362,-3.097377,2.483393,0.143946,3.284596,0.597376,0.186685
1071,9935,4.048208,-2.388777,-2.430295,-0.806714,0.088826,-4.457049,-2.604266,1.995264,-0.370931,2.085122,0.928064,-0.803749
1071,9936,0.936500,-1.601946,-1.925678,-0.625511,-1.010125,-2.868239,-1.098375,2.959017,0.377875,3.736876,0.666070,-0.522266
1071,9937,2.187818,-1.927277,-1.830893,3.000959,-0.131813,-1.866362,-2.953255,1.106319,1.518760,2.891823,0.654459,1.194026
1071,9938,0.779839,-2.312848,-2.544992,1.251865,-1.719679,-1.710161,-4.135020,2.439120,0.331141,1.910053,0.855569,0.453040
1071,9939,3.309333,-2.753875,-2.090907,-1.398520,-0.668348,-5.687522,-0.152201,2.042894,-0.841404,2.584826,0.992332,-2.149862
1071,9940,1.613117,-1.984015,-1.254882,1.921034,-2.121827,-2.044637,-0.379430,1.353461,0.590916,4.337731,0.337290,0.326761
1071,9941,2.452997,-2.742131,-1.366470,-0.973004,-0.572725,-3.845414,-4.250133,1.325061,0.649392,4.098785,1.354790,-1.285030
1071,9942,2.752070,-3.011862,-1.797885,-0.113845,-2.391087,-2.909913,-1.583001,2.245031,1.414451,2.613980,1.914025,-2.075417
1072,9943,2.558454,-2.440607,-1.648249,-2.647823,-0.434848,-2.640985,-2.130957,1.755093,0.163562,2.442664,0.785755,-0.938022
1072,9944,2.621849,-1.826093,-0.427424,-2.275198,-2.535193,-0.581915,-1.278682,3.293656,0.158015,3.299035,0.432605,-0.204526
1072,9945,2.663650,-3.256829,-2.100951,-0.033414,0.968493,-4.702192,-3.972498,1.918302,0.475946,2.920421,2.061363,-0.559947
1072,9946,2.566656,-2.112420,-1.119116,1.400127,-1.096293,-3.591822,-2.406766,-0.062446,-0.387349,2.093038,1.463671,-2.754180
1072,9947,4.003569,-1.675180,-2.578281,1.648000,-0.410767,-3.532468,-3.233993,2.191486,0.357340,2.798470,1.732122,-3.718765
1072,9948,2.873328,-0.864914,-0.797814,1.473993,-0.530561,-1.822706,-2.710437,0.205947,0.697595,3.076953,1.733534,-2.297876
1072,9949,1.783390,-2.995385,-3.991483,3.431903,-0.459813,-1.558984,-1.939901,1.092110,0.186982,2.674490,0.161548,-1.894474
1072,9950,2.592932,-2.738719,-0.507893,-2.949066,-1.471221,-1.282576,-5.223164,1.476415,0.046669,3.688511,1.282696,-0.547362
1072,9951,2.935897,-2.091346,-1.482136,2.200968,0.155595,-4.548246,-0.909157,2.148710,0.601814,4.204993,0.263565,-1.049296
1072,9952,2.276711,-0.848331,-3.056229,1.784245,0.283088,-2.575499,0.540523,1.048873,0.411245,2.793233,0.942761,1.205793
1073,9953,263.158814,0.488347,-0.116254,-189.960704,-4.063411,-522.508519,-2.428414,462.743414,-50.891992,4.477643,0.851331,0.827189
1073,9954,257.300264,-0.774377,-2.925518,-682.274741,-3.954347,198.147163,-4.950620,389.254057,309.054137,4.334285,1.411909,0.117062
1073,9955,124.831253,-0.711649,-2.965280,110.260076,-4.042712,-729.249747,-4.757521,259.416327,277.226174,3.719781,2.025908,0.229753
1073,9956,170.445490,0.442462,-2.461420,350.624511,-2.541728,95.224311,-4.033231,273.660093,47.067619,4.951870,0.398214,-0.435338
1073,9957,171.593995,-0.854767,-3.336322,197.128335,-4.803525,-955.527290,-0.020352,162.729815,102.758131,3.338277,0.493927,-1.288761
1073,9958,232.045394,-0.255833,-3.493311,241.881353,-3.678319,-1065.854308,-3.925768,136.706652,34.787167,3.126187,-0.664385,0.799542
1073,9959,236.168315,0.653388,-2.643670,626.654372,-2.490989,-735.953901,-2.573283,256.467771,102.523398,4.332421,0.979178,-0.641112
1073,9960,187.114088,-0.035993,-4.674715,104.207723,-3.007030,-248.484658,-1.632519,208.158002,136.034977,4.519846,0.162060,1.617662
1073,9961,178.628861,0.301574,-1.426937,272.575331,-3.301274,-1210.322983,-2.741282,121.624232,-64.883563,3.932600,0.043066,-1.994768
1073,9962,106.231519,0.895677,-2.888796,676.337725,-4.693002,-853.449580,-2.547871,242.681886,-6.110705,4.500054,1.222941,0.468091
1074,9963,3.002208,-1.044849,-2.453540,0.893551,0.045025,-1.218897,-2.348959,2.974705,0.016269,2.524482,0.736087,-1.708821
1074,9964,1.692406,-1.756470,-2.444708,-0.001740,-1.633467,-0.816800,-2.330135,2.181378,0.808036,2.643977,1.100488,-1.569426
1074,9965,4.120179,-2.311614,-0.741794,0.491192,-0.107020,-4.720438,-2.334195,2.640671,-0.326044,3.475168,0.842054,-0.944376
1074,9966,2.746314,-2.008925,-2.492547,-0.357347,-0.932343,-2.749089,-1.921988,2.390434,0.423974,3.663663,0.496348,-0.221229
1074,9967,2.534873,-2.421772,-1.307280,0.530763,-1.190132,-4.882946,-3.267374,2.829063,0.332655,4.030381,1.357755,-1.073043
1074,9968,3.829310,-1.563284,-1.826769,0.891890,0.070898,-1.332281,-2.560971,2.368255,-0.101881,2.470406,0.932912,-0.985106
1074,9969,2.522656,-0.515758,-0.598341,2.043997,-0.992790,-3.547030,-1.226926,2.727376,1.060764,3.365274,1.527578,1.147484
1075,9970,138.672354,0.046686,-3.368974,217.500017,-4.425518,-913.455553,0.107043,369.026428,218.135168,4.920589,0.555901,-1.160103
1075,9971,94.430810,0.129278,-2.219953,-274.797579,-5.145366,-332.227805,-2.340064,279.673800,-24.018475,4.166505,0.797537,-0.963404
1075,9972,79.215214,-0.301334,-2.608565,29.244084,-2.962369,-810.502391,-2.096159,253.847165,167.001577,3.672351,1.228155,-0.132538
1075,9973,93.985208,-0.172157,-2.556574,144.517874,-3.099109,-943.971294,-0.753082,213.998312,123.120713,3.831609,1.115501,-0.969441
1075,9974,40.233181,-0.159615,-4.712990,-240.647093,-3.640255,-140.091906,0.215645,348.918645,78.915950,4.187331,0.468692,-2.048901
1075,9975,214.374212,0.119303,-3.534820,115.595345,-3.218068,-329.646253,-4.150525,189.245319,212.777926,5.252701,0.550837,-2.503692
1075,9976,-58.603605,-0.330913,-3.599081,559.045046,-3.328121,-471.126657,-2.728400,322.382859,120.439622,3.322576,0.666360,-1.129935
1076,9977,2.268694,-2.588088,-1.983508,0.736043,-1.396426,-0.480452,0.904221,2.406314,1.153323,3.726178,1.396603,-1.928974
1076,9978,4.520009,-2.589772,-2.155210,0.667834,-1.130022,-1.145006,-0.494410,0.255951,-0.015022,2.736511,1.496128,0.502394
1076,9979,1.702894,-2.609209,-1.259160,-0.248495,-0.482985,-3.275811,-0.911325,1.391013,0.590580,2.215897,1.658552,-1.886973
1076,9980,2.297115,-0.674869,-2.758877,0.522193,-1.320943,-2.331747,0.017359,1.591474,0.654292,3.286966,0.689503,-2.070491
1076,9981,2.198994,-2.990963,0.535885,3.148435,-0.657139,-6.291403,-1.186470,2.321966,0.795422,2.711992,0.966828,0.074357
1076,9982,4.523320,-3.059747,-3.358121,2.614413,-0.566621,-0.975622,-1.292492,1.579373,0.410529,2.910210,1.290423,-0.867756
1076,9983,3.277352,-1.989201,-0.097222,3.222814,-1.662526,-1.676350,-2.940703,2.066921,-0.882841,2.975533,1.350179,-3.565404
1076,9984,-0.078921,-1.256235,-2.098658,2.001644,-0.216996,-1.693253,-1.873707,1.758897,0.151455,2.647660,1.265630,-3.223756
1076,9985,2.501792,-3.345972,-2.650950,-1.448197,-0.815994,-5.497406,-3.562106,1.996116,0.650462,3.403479,0.568818,-0.907103
1076,9986,1.038409,-1.641540,-2.454170,-0.451846,-0.673657,-4.682690,-2.834761,3.126972,0.267269,4.070440,1.445683,-2.143703
1077,9987,2.055694,-1.280848,-1.057030,1.454485,-2.265101,-3.138384,-3.468163,1.818405,0.832149,2.165822,1.817737,-2.188052
1077,9988,3.631765,-0.718831,-2.306891,-0.063939,-0.795118,0.224413,-2.071353,0.371556,0.422867,2.040430,0.397566,-1.097346
1077,9989,2.874116,-1.875320,-2.237980,3.276455,1.207136,-0.604954,-0.253279,3.933798,0.304084,2.809178,0.995003,-1.356083
1077,9990,1.080678,-1.388951,-1.550442,-3.892171,-0.109230,-3.997316,-2.874031,1.721400,0.079498,2.595608,0.333909,-1.343882
1077,9991,2.555546,-2.701775,-2.288922,-1.819601,-0.776902,-4.252314,-0.686660,1.342659,-0.022547,2.151422,1.065567,0.312013
1077,9992,2.963825,-1.898659,-5.724745,1.733031,-0.298917,-1.514086,-1.719044,2.739170,0.242507,2.699852,0.641400,-0.742323
1077,9993,1.814906,-1.452449,-3.978482,-1.931635,-1.202804,-3.909213,-2.416386,1.872220,1.122540,3.417235,1.304015,0.668836
1077,9994,3.067355,-1.324896,-1.894931,1.344460,-2.116067,-0.485864,-2.891874,3.081862,1.164360,3.202658,1.748251,-1.906859
1077,9995,3.848681,-1.041734,-0.526847,-2.813769,0.966573,-1.128848,-1.939799,1.930734,0.229188,2.754541,0.377126,-1.810180
1077,9996,2.313167,-1.837643,-3.488204,-1.636181,-0.559313,-1.038463,-2.727329,2.362030,0.045370,2.038839,0.185741,-0.731649
1078,9997,173.261295,-1.502453,-2.990688,116.304792,-2.480966,-164.638743,-1.782018,278.205474,57.493521,4.816174,1.359834,-1.004409
1078,9998,167.741683,0.259100,-2.571458,237.671786,-3.563210,-121.110031,-1.648040,361.612238,61.702787,5.093595,1.336011,-1.213305
1078,9999,201.693388,0.655999,-2.613843,78.460964,-3.148853,-486.888363,-2.063654,474.777253,-49.149284,4.095827,0.857589,-0.998444
1078,10000,30.519682,0.192086,-1.970318,-310.545604,-3.252329,-288.895735,-2.449610,216.968486,77.361689,5.019780,0.119834,2.383995
1078,10001,129.075038,0.244061,-1.520483,282.954394,-2.361517,-1106.611019,-1.472947,309.770484,80.446574,4.017308,0.349098,-0.967640
1078,10002,142.772567,-0.415771,-1.448360,-46.481297,-3.480173,-114.259780,-0.349738,254.901455,18.982731,4.113613,1.258004,-1.313857
1078,10003,144.737795,-0.677522,-2.927094,-298.391450,-4.271680,-578.350021,-3.754918,378.250756,180.968350,4.021256,1.794338,0.594975
1078,10004,209.297788,1.455692,-2.223036,-112.289919,-3.623831,-270.271345,-3.354229,266.135915,58.654362,3.833927,0.392030,0.983134
1078,10005,234.895570,-0.538215,-5.762507,190.726704,-4.943984,313.674658,-4.987858,385.203167,80.181235,3.862503,0.859290,-0.773217
1078,10006,193.202395,0.047538,-1.970993,-477.541807,-2.820405,442.856019,-1.841203,339.451777,130.186215,3.730322,0.261651,-0.403406
1079,10007,3.396791,-2.552778,-1.357871,0.045456,-0.200563,-3.052705,-1.946481,3.013285,0.390367,3.794399,1.624692,-0.667176
1079,10008,3.357513,-3.110691,-1.230313,-2.078513,0.467112,-2.379297,-1.894526,1.690073,-1.550536,1.837727,0.788765,-2.179341
1079,10009,2.673319,-2.432395,-0.867490,0.649220,-1.293389,-2.631213,-1.780396,2.957497,0.731946,2.458414,0.788068,-0.951276
1079,10010,2.540477,-3.039776,-1.925411,-0.449718,-0.131600,-1.149281,-4.987298,2.441412,0.404785,2.670344,1.061241,-0.297647
1079,10011,-0.030145,-2.157766,-0.148536,-0.066681,-0.028655,-4.732923,-5.054710,3.408722,0.226384,2.298134,1.617308,-0.819570
1079,10012,3.207992,-2.247739,-1.660081,0.759409,-2.601226,-2.104187,-0.618962,2.775629,1.705514,2.966091,0.775305,-2.338227
1079,10013,1.668035,-2.865968,-2.348123,2.221040,-1.279794,-3.024977,-2.266724,1.994894,1.189175,3.422293,1.348918,-1.582017
1079,10014,1.684841,-0.667500,-2.411453,0.565566,-2.308423,1.814773,-1.842109,2.142834,1.680699,3.644860,0.519269,-2.194496
1079,10015,1.850003,-1.439069,-3.315342,0.232694,-0.359262,1.323242,-2.853980,1.160241,0.625845,3.645101,1.232021,0.789119
1079,10016,2.567212,-1.860107,-1.394956,-0.228966,0.293544,-5.276117,-1.548589,2.528805,-0.338596,2.709792,-0.166533,-2.943177
1080,10017,3.586620,-3.021754,-3.840272,-2.012998,-0.796564,-3.733719,-3.498536,2.809166,-0.047227,2.940239,2.285477,-0.226721
1080,10018,2.753608,-0.862097,-0.530370,0.805045,0.257815,-3.888870,-2.687966,2.669105,0.981335,3.231015,0.884087,-0.592414
1080,10019,2.177558,-1.448013,-3.928829,0.117417,-0.298079,-2.250290,-2.911867,3.181275,1.271107,3.471353,0.399664,-1.303519
1080,10020,2.783747,-3.124927,0.061849,2.790982,-0.677194,-2.034593,-1.940074,2.378576,0.509018,2.267678,1.202432,-0.600846
1080,10021,2.553320,-2.959386,-3.296575,0.072722,0.555159,-4.462213,-4.598446,1.803393,0.418882,3.807507,0.780069,-1.003453
1080,10022,4.990886,-1.882040,-2.490094,1.402205,-1.842270,-0.517428,-1.972361,2.566560,0.378235,2.707392,0.820078,1.833685
1080,10023,2.058259,-2.617139,-1.595725,2.728073,1.180329,0.993720,-1.177982,1.468588,-0.181104,3.340940,1.688764,1.100652
1080,10024,0.845238,-2.225352,-1.760445,-2.339846,-1.190614,-1.997906,-0.880046,2.339627,1.662861,2.079251,0.983679,-1.932353
1080,10025,2.730487,-0.953489,-1.551530,0.014855,-1.646784,-4.734538,-1.286724,1.986751,-0.000371,2.451041,1.146440,-2.338273
1080,10026,3.792556,-2.532901,-1.172328,-1.591079,-0.542889,-2.514074,-0.759185,1.366043,1.390778,2.439811,1.129034,0.740566
1081,10027,3.126012,-2.376953,-3.656223,0.847702,0.160520,-3.557900,-1.418914,2.544401,0.651945,1.261372,0.909195,-1.522172
1081,10028,1.437727,-2.476722,-3.435148,0.547674,-0.984172,-2.570934,-1.632245,2.754493,0.336673,2.402183,0.614209,1.369511
1081,10029,4.375890,-1.572496,-2.742979,1.227867,-1.906136,-0.185991,-3.509450,1.501272,0.159785,4.010181,0.476078,0.118245
1081,10030,3.013701,-2.066451,-1.772046,1.380799,-0.999515,-7.582101,-1.987747,2.129002,0.289485,2.644077,1.270471,-2.014631
1081,10031,2.845329,-2.608001,-2.423097,2.024584,-0.634163,-3.963274,-1.212470,1.279590,0.665339,3.606736,0.878129,-1.552820
1081,10032,3.220074,-2.489056,-3.001296,1.619358,0.159250,-1.541804,-2.082505,1.543171,0.626930,3.615916,1.029217,-1.442362
1081,10033,1.860778,-1.957750,-2.558889,-0.590463,-0.395742,0.687508,-2.501690,2.271670,-1.139590,3.359214,0.557093,-1.028124
1082,10034,2.552103,-2.534243,-1.357140,0.083632,-2.520191,-5.107242,-2.218479,2.577643,0.518416,1.258670,-0.110219,0.151280
1082,10035,1.721441,-3.281035,-3.601983,-1.655718,0.165965,-0.558735,-1.468315,2.258499,0.788977,1.976195,0.593563,-0.481821
1082,10036,2.820587,-1.778226,-0.767934,-0.723467,-0.891847,-4.215166,-2.052346,2.761519,-0.123236,3.643203,1.230830,-1.693693
1082,10037,3.187094,-3.301126,-2.783404,-0.541704,-0.983294,-5.165613,-3.105732,2.283875,0.008373,2.995360,0.988229,-1.391234
1082,10038,2.403010,-0.803751,-1.942777,2.743779,-0.568561,-2.141044,-0.469259,1.462299,1.515286,2.845112,1.395345,0.557502
1082,10039,2.346137,-2.422157,-1.682457,0.942202,-0.669443,-2.636451,-2.549360,3.001989,-0.325317,2.491823,0.816039,-1.732279
1082,10040,1.571122,-3.509893,-1.688040,0.065599,-0.960344,0.306990,-2.015790,1.946798,0.384288,2.729235,1.011154,-0.326795
1082,10041,1.517387,-1.448480,-3.115164,1.937993,-2.254341,-3.027506,-2.922401,2.519177,1.743779,3.028301,1.051395,-0.218142
1082,10042,2.018751,-1.144958,-2.391753,1.409307,-1.246284,-0.035599,-1.604959,1.740865,-0.404385,2.796164,0.820877,-1.856270
1082,10043,1.372105,-1.754799,-3.337738,0.466247,-0.391943,-3.467699,-2.242996,3.884322,0.273598,1.883428,0.917570,-1.768169
1083,10044,2.339769,-1.511492,-0.702551,3.724550,-1.000080,-0.640272,-3.542483,1.139629,0.945092,3.781888,1.779036,-1.205129
1083,10045,1.786041,-2.046520,-2.763967,0.027405,-0.369515,-0.307251,-4.036815,2.474042,-0.337463,3.058579,0.461509,-1.754475
1083,10046,2.876869,-1.084302,-2.526843,-0.774227,-1.333773,-2.982092,-3.903769,1.239414,0.509455,2.902045,0.405157,-0.014952
1083,10047,-0.448956,-2.130671,-2.810854,1.148144,-1.144198,-3.415858,-3.033310,1.754758,-0.370179,2.881661,0.967997,-0.681336
1083,10048,2.016570,-2.086517,-1.316371,4.407118,-0.472695,-3.216486,-1.373136,4.008462,0.179126,4.284708,0.593461,-0.570431
1083,10049,2.154929,-2.734151,-1.034827,0.422952,-0.690255,-2.113285,-2.153066,1.545176,0.518340,3.162317,0.627136,-2.436223
1083,10050,1.201985,-3.507590,-1.725799,0.289851,-0.714535,-0.632053,-2.172174,3.231834,0.054967,2.675728,0.521618,0.336541
1083,10051,3.423612,-0.953882,-2.833012,0.572232,-1.301755,-0.994017,-4.152341,3.042051,-0.352429,2.432610,1.806796,-0.573001
1083,10052,1.430622,-2.291885,-2.269246,0.709475,-1.597848,-3.310621,-2.114570,1.738531,1.235733,3.037542,1.800046,-1.603416
1083,10053,3.346057,-1.945154,-1.648964,-4.558958,-1.001244,-3.291201,-1.866928,1.614139,0.541078,1.421163,0.355779,-1.380903
1084,10054,1.959465,-0.176194,-3.483306,-0.662868,-1.785824,-4.699126,-2.336669,3.282888,0.796850,3.268711,1.847245,-2.233403
1084,10055,2.003201,-2.350904,-0.894051,3.055691,0.025058,-3.466598,-3.029405,2.062730,-0.314302,2.557116,0.855820,-2.761366
1084,10056,2.466172,-2.151489,-3.473227,-0.690559,-0.553634,1.307525,-1.556651,3.058148,0.243858,2.644520,1.955170,-1.572356
1084,10057,1.902223,-3.085871,-1.560888,-0.881632,-0.847213,-5.045497,-2.964092,3.021521,0.194050,3.647714,0.897116,-5.052795
1084,10058,2.364475,-1.644607,-3.592649,2.601155,0.340788,-4.689527,-3.388935,2.428254,0.932723,3.687478,0.701546,-1.765837
1084,10059,2.842106,-1.295194,-2.778115,-0.004200,0.330603,-0.893843,0.141483,2.201301,0.850178,3.052555,-0.050229,-2.554250
1084,10060,4.711166,-2.067425,-2.822750,-2.075700,0.723706,-1.343032,-2.458676,2.777454,0.889475,2.473639,0.687380,-1.042944
1085,10061,2.627197,-2.541688,-5.341369,-0.877410,0.028300,-1.337463,-0.390773,3.037109,0.784993,3.544278,-0.280970,1.211515
1085,10062,1.710116,-1.338786,-1.251597,-0.717893,-1.956494,-2.518848,-1.561169,2.516566,-0.081788,2.099683,1.071814,0.476876
1085,10063,3.258134,-3.204639,-1.225020,2.831745,-1.112537,-3.992440,-1.029337,1.364288,-0.027144,2.662800,1.084531,-0.412805
1085,10064,2.315454,-0.837444,-2.598770,0.794292,-1.462837,-0.966805,-3.767990,2.339917,0.120126,2.683838,1.173042,-1.234292
1085,10065,1.650516,-1.848743,-3.035855,-0.549807,-1.227318,-1.125054,-3.357418,2.338271,0.026946,3.072624,0.992882,-3.235241
1085,10066,1.860073,-2.463001,-1.818320,-0.723877,0.278991,-3.522127,-0.787956,2.266144,0.600022,3.609059,1.100895,-0.259050
1085,10067,1.192908,-2.719113,-1.289432,2.162185,-0.046878,-3.263028,-1.656195,1.908585,1.123635,3.047959,0.765575,-0.068027
1085,10068,0.699351,-1.804204,-2.297854,0.018903,-1.544145,-5.089460,0.048215,2.505887,0.265738,2.299977,1.383737,-0.377668
1085,10069,3.630492,-2.607271,-2.075537,-0.417315,-0.364102,-3.769932,-2.152301,2.505482,0.963730,2.130914,0.761962,-1.120967
1085,10070,2.086226,-1.237791,-3.235710,1.989336,0.666136,-3.841236,-3.202563,1.836439,1.144051,3.208956,0.907746,-2.441288
1086,10071,1.141327,-1.353838,-2.721484,0.158503,-0.566269,-2.590724,-3.400292,1.311248,0.858672,2.230741,1.014745,-0.844522
1086,10072,1.566683,-0.870103,-1.786649,-0.152349,-1.279913,-2.403571,-1.639050,0.153265,0.711316,2.882829,1.663917,-0.280865
1086,10073,3.634520,-2.091912,-2.947524,2.017036,-1.526911,-0.879298,-2.874277,3.159640,0.434742,3.448664,1.076157,0.668014
1086,10074,2.729764,-1.260978,-3.002428,3.813395,-0.719977,-3.944343,-1.917584,3.090156,0.402505,2.954612,0.808117,0.775010
1086,10075,3.395449,-1.648477,-2.497752,-2.588111,-0.645106,-0.848804,-5.121961,3.311958,0.025643,2.555356,0.852429,-1.272021
1086,10076,2.751853,-1.538181,-1.567231,0.103682,-0.607388,-3.147843,-1.735482,2.571595,-0.060814,2.365529,0.608359,-1.572096
1086,10077,2.230478,-2.495514,-2.404259,1.079323,0.511667,-2.663786,-1.077576,2.190685,0.517813,4.818103,0.564278,-1.419421
1086,10078,3.339656,-2.212654,-1.267454,2.286388,-3.421381,-3.076215,-2.066448,0.797295,0.800063,3.519288,0.490629,-3.333885
1086,10079,2.025795,-2.118058,-1.842494,1.839968,-1.495290,-2.941112,-1.686475,0.588472,0.594712,2.464222,0.502151,-0.991399
1086,10080,2.513640,-1.175409,-2.232890,-0.464801,-0.933017,-3.605915,-4.747217,3.068525,0.179280,3.973309,0.746311,-2.537658
1087,10081,128.283878,-0.070707,-2.987823,-163.415146,-4.025266,-482.389771,-4.710425,361.808747,-2.409070,4.151336,0.526454,0.773481
1087,10082,121.076954,0.124234,-3.697925,369.791267,-3.701658,-421.227075,-2.931615,206.785859,354.593312,4.973048,0.203938,-0.344679
1087,10083,216.784353,0.258376,-4.524163,253.994388,-3.711845,-152.839284,-3.084070,373.398934,139.763397,4.218848,-0.016039,0.830498
1087,10084,268.303420,0.081202,-1.670915,-13.443758,-3.606557,-528.491956,-1.378852,448.261710,58.743637,5.645952,0.311172,-0.499613
1087,10085,113.310486,0.407676,-4.666369,31.089265,-3.724163,-861.098050,-0.994996,188.861976,130.125927,4.913532,1.177469,-0.579886
1087,10086,153.351242,0.973451,-3.876927,189.276230,-4.200827,-719.604612,-3.946829,121.771921,125.201715,4.039440,0.554999,0.934177
1087,10087,254.608522,-0.177618,-2.736338,-208.881714,-4.962706,-85.899276,-1.619725,161.350471,262.757044,4.915052,0.473961,-0.541317
1087,10088,190.438920,-0.434893,-4.039114,-179.503632,-3.069195,-599.658388,-2.599175,379.138565,-20.445810,3.625650,1.715285,-2.410685
1087,10089,117.716101,1.383471,-1.176635,231.665186,-3.832171,-842.924843,-1.450047,128.621222,-193.068528,4.227667,1.850361,-1.864036
1087,10090,102.729219,-0.117867,-2.666513,233.623326,-2.401318,-270.783585,-3.377397,154.679256,39.251979,4.113867,0.445339,-1.651254
1088,10091,1.788779,-1.991429,-2.366271,1.842029,-0.193364,-3.113437,-1.789494,2.728326,0.048847,3.749725,0.475783,-1.574080
1088,10092,2.644512,-1.051161,-1.835593,2.729700,-0.415254,-4.361043,-4.152502,3.386239,-0.317286,2.656962,0.143628,-0.385886
1088,10093,1.736675,-1.296796,-2.012906,1.362840,0.581386,-0.593516,-3.828909,2.252478,0.677162,1.957642,0.221133,-0.057178
1088,10094,0.982828,-1.961993,-0.143645,3.642882,0.835386,-3.628402,-2.296123,1.537228,-0.318697,2.250174,1.952171,-1.525183
1088,10095,2.003189,-2.994597,-2.819794,-0.031531,-0.038687,-0.476980,-3.394226,1.600892,0.167026,2.987527,1.667479,-2.133071
1088,10096,2.443436,-3.739189,-1.984915,-2.824894,-0.314592,-1.079445,-3.495519,2.601242,1.568655,2.852729,1.814102,-0.493160
1088,10097,4.935717,-1.856836,-1.341086,-0.248975,-0.672369,-2.189892,-2.039510,3.100628,1.264214,2.844698,0.673223,1.546710
1089,10098,4.404680,-3.352373,-3.161180,-1.606948,0.960606,1.573907,-3.336804,2.070541,0.955553,3.827453,0.789850,-0.821623
1089,10099,3.787448,-1.920398,-2.258359,-1.426102,-1.021445,1.185511,-2.851904,3.775725,-0.053781,2.185068,0.596304,-2.486496
1089,10100,1.188935,-1.076368,-1.399746,2.363511,0.697967,-3.252048,0.502241,2.709059,0.455682,1.794201,1.033823,-2.517114
1089,10101,3.121179,-2.747716,-2.042592,4.014506,1.030400,-7.477577,-2.061952,1.119288,1.324872,3.367938,1.173809,-1.721401
1089,10102,2.974564,-1.983416,-0.992234,2.101734,-0.455384,-1.748434,-1.969934,3.454936,1.606718,2.365446,2.066637,0.382286
1089,10103,2.041264,-2.379449,-1.564699,-0.679394,-0.433309,-2.867247,1.179375,1.972623,0.303566,2.797477,0.563963,-1.031970
1089,10104,2.187733,-1.694683,-3.197849,-1.917665,0.816450,-1.322071,-1.771763,1.803175,0.155538,2.647766,1.377344,-0.956584
1089,10105,3.960729,-2.753815,-2.946302,0.222256,-0.742267,-5.596248,-2.527429,1.287685,-0.158631,2.419950,1.711427,-2.446227
1089,10106,2.859729,-2.261748,-1.669677,0.208743,-2.320269,-5.307576,-3.625038,1.828832,1.193374,2.924239,1.062760,-1.029259
1089,10107,1.937444,-1.546821,-2.028067,-2.085518,-2.539431,-2.354641,-0.194768,2.209736,0.851391,3.547672,1.661198,-1.291723
1090,10108,282.587243,-1.269991,-2.556053,322.113949,-4.002526,-772.726276,-0.742465,459.450480,-30.370517,4.409692,0.516043,0.503419
1090,10109,84.693324,-1.064599,-1.764867,-50.425357,-2.705084,-546.245160,-1.611494,533.466865,199.798924,4.320663,0.768854,-0.494399
1090,10110,164.758241,-1.159861,-2.848198,200.466815,-2.744876,-76.012579,-2.482423,364.199397,106.849512,3.978264,-0.105583,-0.315762
1090,10111,211.538369,-0.922798,-3.504765,248.913735,-3.407057,-1257.706150,-2.866004,456.124854,69.364148,4.805776,0.732122,-0.470742
1090,10112,330.638917,1.212600,-3.491039,-190.240433,-2.692057,-731.916425,-2.958668,368.990025,325.386559,4.216648,0.447617,-3.435868
1090,10113,75.116347,0.139883,-3.334388,-201.709605,-2.708509,-1282.787825,-2.407526,200.516558,133.060966,4.424874,1.713715,0.712598
1090,10114,168.858991,0.758262,-3.368406,-55.042685,-1.945737,-735.067744,-2.644601,228.112046,116.576999,4.415486,1.204385,-0.021240
1091,10115,1.138272,-1.562759,-2.292543,2.195154,0.119047,-2.821330,-2.447361,0.936470,0.365069,2.895766,0.464007,-0.699698
1091,10116,1.209400,-1.702187,-1.290784,0.950800,0.376773,-0.509016,-2.976338,3.524411,-0.345206,3.398942,1.686086,2.806970
1091,10117,1.573420,-1.359536,-2.665000,1.542911,0.007499,-5.397477,-2.243039,1.070171,0.355393,2.882243,1.153056,-0.454589
1091,10118,3.262800,-1.463518,-2.125020,-2.391534,-0.899812,-1.618540,-0.356987,2.165777,-0.272215,3.754103,0.471401,0.178200
1091,10119,0.093322,-1.384596,-2.651782,0.391674,-0.851544,-4.820599,-1.733706,3.639674,2.684581,2.632824,0.992013,0.299674
1091,10120,2.611755,-2.110175,-2.168550,2.890631,0.481284,-2.747817,-1.604562,3.083540,-0.802067,2.938559,1.413084,-0.518315
1091,10121,2.985553,-2.121524,-3.567545,3.306665,-0.360847,-5.797667,-2.953512,3.103900,0.655716,3.543756,0.855771,-1.555309
1091,10122,5.583049,-2.197466,-1.744445,-0.504094,-0.692500,-4.651789,-1.276878,2.478563,-0.828355,2.418301,1.106924,-2.401376
1091,10123,2.301377,-3.105758,-2.187302,2.447572,-1.373255,-5.447252,-1.485762,1.349453,0.885429,2.923828,0.386561,-1.740588
1091,10124,3.975592,-2.663847,-1.917478,-0.371060,0.246845,-5.774044,-1.563467,1.082250,0.829331,1.789953,1.132369,0.722208
1092,10125,3.974098,-2.312031,-4.092459,0.552530,-2.104627,-3.069399,0.718002,2.953378,2.115450,2.482712,0.519701,-0.936402
1092,10126,1.717121,-1.967153,-2.235528,1.069241,-2.235054,-0.883780,-0.961550,1.905360,0.854194,3.452481,1.360325,-0.607995
1092,10127,2.395686,-2.052444,-2.127510,0.679759,0.303754,-3.649400,-1.834358,2.325955,-0.409240,1.960460,1.453973,-0.890017
1092,10128,2.482442,-1.203849,-1.740001,1.847054,-1.424966,-4.542025,-0.449527,2.442140,0.483059,1.567674,0.983271,-2.410561
1092,10129,2.548035,-2.588541,-1.469104,-0.768636,0.223310,-4.183644,-3.862580,2.025956,0.480378,3.278863,0.356078,-0.481248
1092,10130,3.724938,-3.148752,-1.898841,3.021263,0.881535,-2.262444,-3.528096,1.606247,1.798777,2.212546,0.913504,-0.969855
1092,10131,3.413714,-2.216507,-1.904878,1.481555,-1.759120,-4.752307,-2.688108,1.972129,0.168971,1.865186,0.359181,-0.001863
1092,10132,5.189276,-2.148124,-1.600242,0.206312,-0.029655,0.975110,-2.585572,1.001731,-0.026114,3.552502,1.196552,-0.750558
1092,10133,3.155000,-0.636258,-1.294879,2.205710,-0.429031,-2.931061,-1.141240,2.171393,1.468601,2.069514,1.066121,-4.345380
1092,10134,2.661626,-2.126435,-1.974681,2.221474,-2.130755,-3.357454,-2.532230,1.634419,-1.853026,2.983342,0.812315,-1.455619
1093,10135,200.161176,0.226167,-1.382839,30.421292,-3.704369,-1333.096413,-3.357549,261.740735,112.257711,4.202181,0.836709,1.394492
1093,10136,84.355819,-0.900527,-3.537548,315.593996,-3.452827,-838.493230,-1.585014,61.100009,63.322013,3.006561,2.313385,-0.413082
1093,10137,246.104931,0.156099,-2.378984,204.199189,-2.177750,-127.816348,-1.369425,221.922828,241.817635,4.335711,0.615694,-0.621375
1093,10138,256.344558,-0.323557,-2.504319,120.950148,-2.944922,-628.803870,-1.168260,191.794549,-13.641487,4.075095,1.285549,0.685457
1093,10139,175.020434,0.567927,-2.027876,418.202815,-3.375594,-653.898856,-2.992421,428.217829,106.326720,4.354482,0.854658,0.057780
1093,10140,171.119655,0.172407,-2.670532,547.023616,-3.581358,-358.029200,-0.360799,184.802108,79.579903,4.325993,1.173789,0.490359
1093,10141,98.549911,-0.327038,-2.356505,151.290047,-1.370209,294.671427,-3.098148,415.799553,124.094610,4.239206,0.590834,-0.007543
1093,10142,202.209055,-0.807100,-5.055562,163.492850,-5.860008,-816.846306,-0.579050,365.356296,-263.799432,3.670340,2.247392,0.094860
1093,10143,115.087857,-0.657793,-2.929947,177.579854,-4.848710,-807.610258,-5.582140,369.487515,-7.974137,4.734073,2.076429,0.032938
1093,10144,218.248311,-0.251547,-2.091360,-260.372633,-2.447422,-1635.384008,-3.672867,313.169858,-59.248940,3.965239,0.953583,1.614736
1094,10145,21.476901,1.104534,-2.665727,61.342707,-2.542506,-1374.748433,-2.938477,308.017610,6.958176,3.619989,1.187989,0.946857
1094,10146,57.817403,-0.769129,-2.335066,-83.006648,-3.806255,-1130.040689,-2.954573,371.757580,-38.151818,4.591852,-0.334783,-0.033381
1094,10147,251.950403,-0.597846,-2.118477,-162.571638,-3.805088,-312.195175,-4.406963,202.705638,124.841561,3.954205,0.689054,-0.484333
1094,10148,291.626824,-0.573798,-2.525584,-207.709406,-2.290883,-338.206506,-2.815721,248.350441,33.850040,5.170271,0.323478,0.769883
1094,10149,163.919181,-0.029653,-2.784306,-219.432069,-3.832069,-163.793346,-3.710977,396.285940,-113.030463,3.619601,0.940513,-1.399763
1094,10150,159.654300,-0.214872,-2.704084,405.224401,-3.432385,-498.581591,-0.729657,113.322423,294.954823,4.262881,1.830968,-2.839711
1094,10151,136.733823,-0.556763,-1.212548,-107.498178,-3.302486,-866.145064,-2.124884,243.900637,202.613430,4.325345,0.680283,-0.484757
1095,10152,236.996653,-0.969995,-4.648140,197.903491,-2.387345,-876.272330,-2.451319,190.696777,4.180705,2.933297,0.320304,-2.330187
1095,10153,144.306171,-0.691745,-2.782133,-130.909621,-4.162447,-370.142310,-3.231264,223.247936,14.964990,5.576172,1.132115,1.450771
1095,10154,132.985390,0.683442,-2.347141,22.547927,-3.034216,-384.931344,-2.067701,317.237834,111.675450,3.500521,-0.080356,-2.179020
1095,10155,213.520231,0.057289,-3.672742,325.425561,-4.897543,-795.833653,-2.576732,332.547613,355.716881,3.789314,1.331843,-0.891157
1095,10156,302.697709,0.144043,-2.125251,-139.230147,-2.463822,-249.769838,-2.819175,339.471796,-76.699105,4.440033,0.773778,-0.983308
1095,10157,210.874262,-1.384928,-4.601358,-35.340510,-3.424948,-59.511296,-3.748877,97.624253,93.047855,3.959815,1.312839,1.400596
1095,10158,151.440027,0.552173,-2.523651,116.761964,-4.392385,-149.876003,-2.048704,287.767565,97.905535,4.778457,0.885897,0.654053
1096,10159,122.131228,-0.140698,-1.041131,82.699375,-2.723899,-606.302969,-2.220902,330.072198,107.388138,4.416538,1.366973,-1.669378
1096,10160,197.504754,0.718340,-2.356674,152.505306,-1.788852,-407.038839,-2.279163,271.311331,-227.047840,3.463444,0.270760,-1.108722
1096,10161,261.279594,-0.707552,-2.546380,-167.670525,-3.219506,-861.433691,-0.847350,382.573203,88.925101,4.643292,0.751015,-0.731573
1096,10162,113.052448,-0.745769,-3.127781,230.989120,-3.729470,-649.104814,-1.063820,382.380367,174.328490,4.734351,0.231011,-0.413210
1096,10163,133.296417,0.059776,-2.179312,288.841716,-4.299057,-807.164240,-1.599409,98.898864,14.959657,4.460291,-0.949399,0.959726
1096,10164,251.796401,-0.629205,-3.795457,197.997756,-2.149713,-810.360531,-3.037968,278.304945,23.804359,3.519946,1.534955,1.859108
1096,10165,105.378709,0.619508,-1.535680,-69.677652,-3.777968,-439.480932,-2.052837,109.540993,149.302941,3.752422,0.045800,0.622302
1096,10166,236.864002,0.386690,-3.399583,-119.773319,-2.662400,-916.860616,-1.953139,242.960042,180.546097,3.142881,0.162837,0.574134
1096,10167,69.646340,-0.392415,-3.752617,324.803151,-3.428610,-664.152559,-1.780608,363.569001,229.158217,4.305284,0.908748,0.724633
1096,10168,84.703911,-0.993302,-2.693867,293.578495,-4.431501,-1248.008987,-2.671436,171.616218,-95.545203,3.785631,1.283904,-1.638317
1097,10169,162.317833,-1.378978,-3.249139,183.501763,-3.710754,-1137.753493,-2.990775,315.699348,-65.002160,5.346021,0.449678,-0.783291
1097,10170,70.865224,-0.447427,-0.613995,529.508979,-2.937223,-1255.848837,0.104687,250.661000,201.208963,4.371654,-0.200691,1.256050
1097,10171,207.977792,-0.505731,-3.880197,7.438212,-4.613200,110.029630,-3.362429,237.252430,-51.357266,3.060260,0.334698,-0.338152
1097,10172,257.678717,-1.303163,-3.545732,196.614004,-3.342815,-306.839888,-3.758459,395.825061,-137.350244,5.345386,1.391202,0.874438
1097,10173,58.225196,0.061406,-2.544083,322.623732,-3.494264,-249.447024,-1.670770,183.933160,33.319076,4.143227,0.498808,0.573118
1097,10174,167.451169,-1.022109,-1.581632,74.655035,-2.931783,-866.160417,-2.752972,177.885093,-68.306353,4.256982,1.095021,0.607158
1097,10175,234.107568,0.048630,-3.685997,211.729920,-2.566722,-379.046867,0.735229,322.874416,-147.180015,4.148977,-1.009067,-2.096556
1097,10176,258.318639,0.309086,-2.683708,103.670869,-3.000166,-1115.607160,-2.991743,272.035527,-203.915946,4.055947,0.389579,0.451416
1097,10177,277.380719,-0.461252,-3.484764,-87.208157,-2.139697,-454.324162,-3.111597,312.557672,80.438794,3.371334,2.047465,-1.243707
1097,10178,266.260468,-0.455751,-3.544530,251.196168,-1.701740,549.239132,-1.321572,450.450291,87.476959,3.646138,0.886603,0.534369
1098,10179,311.538711,0.282499,-3.999956,-132.069339,-2.381257,-902.246958,-2.675912,313.930531,-5.227080,4.310690,0.214097,0.488603
1098,10180,170.788234,-0.344276,-3.998544,-67.670694,-4.152489,-532.638112,-2.808512,272.574004,153.918198,4.486886,0.631059,0.179491
1098,10181,193.144327,0.854518,-1.817713,607.202650,-3.719293,-350.970727,-0.925918,317.266035,249.124490,3.334548,1.257401,0.310692
1098,10182,185.940655,0.570979,-1.933851,299.258698,-5.151886,36.232166,-1.983276,228.335930,-21.688520,4.045803,0.758066,-1.394565
1098,10183,138.573014,-0.118831,-3.016699,-146.290798,-3.727447,-895.267136,-1.364062,314.131472,90.616088,4.282474,1.010384,0.470124
1098,10184,105.901682,0.657124,-2.099257,212.507569,-2.178061,-738.894183,-2.419223,161.980169,151.596096,3.241763,0.709187,-0.844641
1098,10185,194.162120,-1.148207,-4.412124,76.721915,-3.965284,-1173.856210,-1.712693,398.510876,-6.237711,4.244712,-0.039942,1.000065
1099,10186,2.562605,-0.946886,-2.831427,1.342432,-0.405318,-1.096157,-0.513990,1.797909,1.673244,2.972939,1.239579,-1.530976
1099,10187,1.691726,-0.704227,-1.759167,1.080839,-1.671051,-1.399203,-3.187890,4.595620,0.506327,3.163885,1.075452,-1.858851
1099,10188,2.019039,-0.489437,-2.286059,0.642636,-0.958536,-6.704321,-0.853151,2.291907,-0.309017,1.944423,1.301540,-2.093619
1099,10189,2.072251,-2.146718,-1.958833,-0.331841,-1.389807,1.557933,-0.169689,3.040614,1.014203,3.513626,1.049656,-2.522103
1099,10190,2.441661,-1.511477,-2.370490,1.203448,0.100776,-0.051920,-2.931983,2.328436,-0.380491,2.821954,1.866603,-2.106162
1099,10191,3.447232,-1.623262,0.062451,0.142004,0.000031,-5.170182,-3.923116,1.827983,-0.411154,3.493838,1.566953,-1.500437
1099,10192,2.075486,-2.791152,-2.710136,0.105824,-1.356206,-3.482750,-1.961587,2.531134,0.819667,3.276468,2.175873,-0.517081
1099,10193,0.939049,-1.418133,-3.328163,-1.469087,-0.900005,-2.410015,-4.806862,1.712988,0.083705,3.519409,1.821443,-0.508831
1099,10194,2.315773,-2.030772,-3.659134,1.951606,-3.039751,-2.528586,-0.168002,1.769052,1.594592,2.260214,0.783998,-0.525791
1099,10195,1.722805,-2.258650,-1.762920,0.959559,-1.744952,-5.776012,-0.293491,1.825813,0.084416,2.420827,1.324250,-0.981008
1100,10196,2.143343,-2.131456,0.456684,-1.473236,1.229300,-3.506103,-0.523490,1.349590,0.210693,3.347058,1.166791,0.196328
1100,10197,3.058524,-1.330069,-1.136704,1.270863,-0.491092,-4.836370,-2.351434,0.683202,-0.085270,3.034771,1.311775,-1.712270
1100,10198,2.553252,-2.060431,-1.777411,-0.886102,0.601745,-4.464914,-1.965840,0.552124,-0.183800,2.592410,1.013323,-0.761214
1100,10199,2.589063,-0.979206,-1.838247,-0.691680,-0.584465,-2.424697,-2.763975,2.222627,0.052863,3.434661,0.828555,-1.385526
1100,10200,3.730972,-2.117134,-2.286503,0.124851,-0.980737,-1.199422,-2.420250,2.708733,0.840006,2.166814,1.031430,-3.007059
1100,10201,1.801218,-2.006146,0.534507,-1.470924,-1.322487,0.709073,-1.144895,0.855000,0.574377,3.135856,1.161069,-2.710788
1100,10202,1.731624,-2.210857,-3.169716,-0.337637,-1.169572,0.742152,-2.244007,2.550101,0.026347,3.252501,1.231905,-3.616838
1100,10203,2.521289,-2.779354,-1.302339,0.541947,-1.561112,-4.350383,-3.037560,2.392013,0.185977,2.501482,1.071104,0.106996
1100,10204,2.667862,-1.648465,-1.764882,2.786939,-2.010210,-2.521378,-0.662516,2.360890,0.194553,3.154771,-0.138305,-2.304948
1100,10205,4.038714,-1.376506,-1.320736,2.382321,-1.269574,-4.795869,-2.304096,3.268931,-0.168113,2.746506,0.494587,-0.256932
1101,10206,4.078478,-2.214995,-0.664582,2.113755,-0.320576,-0.249649,-1.721863,2.154954,0.719029,2.336102,0.718137,1.785512
1101,10207,3.302318,-2.142780,-1.324846,2.517217,0.780783,2.079949,-0.796940,2.449986,0.553226,4.244809,0.832110,-0.559067
1101,10208,2.977729,-1.998551,-2.490269,1.880848,-1.391933,-3.642585,-3.586499,3.766245,0.778877,2.818356,1.415099,-4.071973
1101,10209,2.566073,-1.846844,-3.460883,2.262955,-0.866445,-1.324059,-5.413065,4.256579,0.203428,3.080968,1.543857,-0.844086
1101,10210,3.076263,-2.831317,-1.192064,1.563532,-1.302451,1.251868,-2.630202,2.121699,1.321095,2.696282,1.133752,0.296291
1101,10211,4.336814,-2.091262,-3.353476,2.346519,0.250213,-4.776735,-5.016817,1.975332,0.472656,2.751508,1.395257,-0.672156
1101,10212,3.658422,-1.653898,-3.145340,4.722927,0.547206,1.138097,-0.066412,1.667649,-0.103734,3.284335,0.764318,-0.432080
1101,10213,4.234026,-1.420758,-2.041253,-0.462698,-1.132157,-3.746097,-1.672715,3.145475,0.635974,3.314916,0.688393,-2.699284
1101,10214,3.469682,-1.443914,-1.320835,0.333258,0.080263,-5.643555,-3.184660,2.775420,0.427152,2.871280,0.444766,0.513674
1101,10215,2.154570,-1.237591,-2.317610,1.009018,1.544466,-3.801310,-2.585503,1.941170,0.394589,2.861291,-0.359996,0.035554
1102,10216,1.291180,-2.467684,-3.012940,-0.967898,-0.479531,-3.242024,-2.754998,2.517810,-0.067741,2.727315,0.553731,-1.161170
1102,10217,2.268924,-0.754428,-2.930836,2.594501,-0.251377,-2.471400,-0.290033,3.330780,0.032809,2.939021,1.148447,-1.796043
1102,10218,1.900616,-0.565872,-1.717294,-1.557062,-0.046740,-0.124936,0.229829,1.112012,0.494436,3.028966,2.076459,-2.472360
1102,10219,2.529320,-2.251758,-1.173082,-0.590371,0.725485,-3.022254,-1.733531,1.432588,0.586597,2.568178,1.277580,-1.313978
1102,10220,2.324428,-2.087778,-2.886439,3.134606,-0.579474,0.252108,-1.687422,3.331027,0.741316,1.563704,1.393708,-0.376350
1102,10221,2.786386,-3.164781,-2.530576,0.355253,-0.825761,-5.034872,-4.302752,1.472322,-0.012760,3.285871,1.475176,0.554788
1102,10222,3.292784,-1.991462,-2.848401,-0.876900,-0.014418,-2.037993,-3.328620,-0.433855,0.162976,2.642405,0.900480,-0.615257
1103,10223,162.766501,-0.046256,-2.387782,-110.943839,-3.602763,-76.192651,-3.304627,510.628806,-107.568192,4.028704,0.993662,-1.643183
1103,10224,175.400367,0.448652,-2.984250,-356.902627,-2.908962,-76.999477,-1.491866,377.403535,210.477849,4.461465,-0.004769,1.357825
1103,10225,198.376141,-1.509696,-2.212767,-308.486072,-2.236823,-848.409305,-3.714213,164.331876,405.083227,3.422663,0.761357,2.680901
1103,10226,219.269005,-0.285162,-1.053950,-169.267245,-4.772446,-1416.501369,-3.738901,198.768097,91.335976,4.617519,1.250785,-0.538084
1103,10227,193.721844,-0.761668,-1.360390,-102.895622,-3.004918,-969.842311,-1.631786,154.790583,101.537581,3.731347,0.603802,0.303594
1103,10228,153.125721,-0.964900,-1.710183,122.838104,-2.945133,-129.298763,-2.992963,331.226396,212.986703,4.129221,0.753771,-2.676338
1103,10229,187.900264,-0.106588,-3.474668,428.942249,-2.551810,-1078.106469,-4.393811,312.610919,66.444315,3.406452,1.389461,-0.476521
1103,10230,87.101839,0.547329,-3.274130,-358.824300,-4.517770,-792.184909,-2.360472,260.466679,124.097294,5.239467,0.143624,-0.778621
1103,10231,209.231470,-1.132485,-3.139708,-43.376911,-3.171241,-1256.574589,-0.492686,156.804627,44.882373,4.979730,0.326586,-0.267571
1103,10232,133.788083,-0.119980,-2.594208,-104.841057,-2.669015,-624.544673,-1.769210,161.430138,66.036662,5.116672,-0.082189,-1.381966
1104,10233,2.218630,-1.436938,-3.188183,-0.382163,0.116180,-5.157982,-1.497922,2.634498,0.416005,2.527305,0.714155,-0.814776
1104,10234,2.852815,-2.821863,-1.463606,-2.108736,-1.142800,-0.794175,-2.407805,3.610992,0.523678,2.714863,0.266706,-0.836299
1104,10235,2.446814,-1.889076,-2.377017,0.373048,-0.927741,-4.016123,-3.515727,2.540919,0.964550,2.619590,0.083062,-0.885844
1104,10236,2.535262,-1.334027,-3.092826,1.289510,-0.197557,-6.451814,-1.633758,2.253418,0.623122,2.848786,0.592208,-0.508600
1104,10237,1.999184,-2.151190,-2.543125,0.751222,0.508416,-3.970377,-5.944686,1.429864,-0.115303,2.363963,0.227546,-1.244041
1104,10238,1.967486,-1.873992,-2.985630,-2.175225,-2.121066,-4.248051,-2.946336,2.564605,0.220595,3.108127,0.668036,-0.521599
1104,10239,1.644025,-2.521730,-3.039706,-0.777103,-0.802794,-2.740305,-2.985730,1.684446,0.054124,3.321007,1.869398,-0.734719
1104,10240,2.384840,-2.157781,-3.092501,0.846446,-0.960269,-1.790871,-2.014543,1.452749,0.547769,3.532117,1.295034,0.018590
1104,10241,3.379238,-1.443646,-2.130232,4.178620,-0.786082,-5.675216,-3.241677,3.214795,-0.719912,3.835047,-0.035635,-1.718400
1104,10242,3.483994,-1.567017,-2.368196,-2.019845,-0.192107,-3.617981,-1.578335,1.879601,0.552789,3.527806,2.463835,-0.105702
1105,10243,252.366183,0.478607,-1.524003,539.323583,-3.937230,-1016.017289,-1.897275,103.939567,204.887606,4.225130,0.965268,-0.721705
1105,10244,195.554497,0.063736,-1.366316,252.822741,-2.630194,-1163.463220,-3.367351,278.193290,193.127670,3.835261,1.250732,-1.961395
1105,10245,70.993325,-0.369823,-2.400834,249.915648,-3.604463,-921.713902,-2.017052,169.766184,115.278906,4.128827,0.219682,-0.962777
1105,10246,77.460033,-0.202261,-3.316235,-39.787470,-5.181414,-985.665151,-2.977627,385.761026,285.527999,3.425577,0.229003,-1.125748
1105,10247,224.859684,-0.657496,-3.027167,200.195485,-3.403454,-1060.439308,-2.684195,211.318685,140.046161,3.755637,1.006118,-2.147882
1105,10248,200.903555,-0.771943,-3.920949,117.292370,-3.149837,-1106.085773,-3.567035,241.237590,262.951834,5.548604,1.313685,0.255764
1105,10249,269.726804,0.195511,-2.679733,574.922181,-2.610019,-389.457080,-3.276067,347.506134,-96.690932,4.349475,1.705865,0.518945
1106,10250,2.494475,-1.308801,-0.888327,0.546564,-2.088835,-1.109223,-2.787424,2.410522,1.159727,2.364504,1.258350,-1.230831
1106,10251,1.674443,-2.044207,-2.377444,-0.149581,1.105345,-2.373914,-1.169596,3.574795,-1.059064,3.322336,0.907573,-1.387509
1106,10252,3.243220,-1.278810,-2.946008,1.735214,-1.597659,-2.415434,-3.068387,1.357856,0.488813,3.083171,1.827926,-0.926722
1106,10253,2.306268,-0.911398,-2.008160,-0.230737,-2.346873,-2.770110,-1.371764,1.206554,0.043202,2.284694,0.419092,-2.048456
1106,10254,2.523484,-1.571998,0.096136,-0.493986,-0.408811,-2.515458,-1.457021,1.286120,1.211772,1.576179,1.226057,0.250117
1106,10255,2.178367,-1.035029,-2.276437,1.332110,-0.643989,-0.563278,-2.447716,1.832782,-0.426043,2.925059,1.229644,-1.571260
1106,10256,3.117955,-2.119837,-4.178893,-0.964760,0.171391,-2.967509,-0.683904,2.528380,-0.099866,3.771688,1.052119,0.845251
1107,10257,4.069335,-2.646978,-2.693521,0.241199,-0.066793,-0.516794,-1.456407,1.848542,1.633625,3.215132,0.753485,-1.359161
1107,10258,2.321684,-2.151186,-3.055936,1.627063,-1.944704,-2.025746,-2.343743,2.642455,0.256695,3.881641,1.363394,-3.321029
1107,10259,2.846550,-2.900361,-2.865310,-1.813828,0.244088,0.397980,-3.395983,1.949468,1.296580,2.305223,1.204938,-0.294285
1107,10260,4.351422,-1.678047,-2.366515,-1.014754,-1.744290,0.099336,-3.143000,1.055805,1.829725,4.145354,0.129803,-1.662819
1107,10261,2.068256,-1.549268,-0.766977,-1.383190,0.155469,0.737281,-0.676925,2.519300,0.612249,2.232250,1.710922,-1.633400
1107,10262,1.884525,-2.072822,-0.022524,1.563127,-1.508250,-2.841453,-3.877072,2.240983,-0.239468,1.625009,0.688414,0.453265
1107,10263,2.756321,-1.890077,-0.766724,1.647644,-1.759604,-0.787860,-3.547616,1.897715,-0.430740,1.654683,0.375879,0.780546
1107,10264,2.868749,-2.488008,-2.502173,1.188056,-1.055946,-0.356904,-1.706181,2.880922,-0.273473,4.198625,1.611843,0.485444
1107,10265,1.957977,-2.134887,-4.467144,2.665631,-0.045857,-2.602790,-2.726360,1.500115,-0.503307,3.501575,1.699887,-1.767283
1107,10266,2.042721,-1.459650,-0.554504,0.853035,-1.866299,-2.061453,-1.052342,2.641298,-0.318285,3.825146,1.469542,0.641583
1108,10267,2.263909,-1.454652,-2.503922,1.598617,1.431023,-3.347386,-6.261723,3.023791,1.497446,3.288088,1.983479,-1.259068
1108,10268,2.492986,-1.069955,-1.723987,0.573251,0.475137,-2.712984,-3.422001,2.215815,1.235546,1.932475,0.529995,-2.393006
1108,10269,1.659837,-1.142997,-1.866306,0.201944,-1.027647,-3.897908,-2.448384,2.509518,0.822799,3.908701,1.207299,-1.364138
1108,10270,3.249021,-2.275727,-0.622531,1.246956,-2.375159,1.482061,-4.224373,3.034422,-0.007253,3.548386,0.101148,-2.727838
1108,10271,2.767153,-2.109607,-2.887821,-0.414855,0.431623,-2.168782,-2.416090,1.792050,-0.499319,2.533092,0.656705,-1.778457
1108,10272,2.301820,-1.774273,-3.182502,-2.099940,1.545626,0.731534,-3.413090,1.985052,0.911732,2.164626,1.892222,-2.321419
1108,10273,3.383407,-0.951701,-1.214969,1.889399,0.885261,0.157697,-0.483228,2.211418,-0.041267,3.441254,2.222501,-0.175750
1108,10274,0.859496,-3.238244,-1.703989,3.244289,-1.169954,-4.312961,-2.173335,1.524337,0.480035,2.650794,0.487383,-1.171837
1108,10275,0.587155,0.450075,-4.001706,0.824860,-1.540611,-2.361336,-1.632266,1.706307,0.892722,3.316600,0.499167,-2.668506
1108,10276,2.716279,-1.016421,-2.545408,0.125946,-0.048325,-1.715379,-2.071038,2.280406,0.984101,2.465186,1.554792,-3.027662
1109,10277,3.073586,-2.787266,-1.584209,-1.574525,-2.459612,-3.416663,-2.939643,1.974648,0.718045,3.959343,0.718017,-1.187335
1109,10278,1.315614,-2.624761,-3.193059,-1.826584,-0.939421,-2.912168,-2.171915,0.407571,0.550594,3.577410,1.473909,-0.006045
1109,10279,-0.498151,-0.824909,-2.498350,1.564757,-1.814411,-1.525769,-3.129118,2.908414,0.159628,3.070645,1.249360,-1.230177
1109,10280,1.765265,-2.594630,-2.092010,-0.738601,-1.606438,-4.898225,-3.975329,2.126125,-0.125394,2.961662,-0.077361,-2.036654
1109,10281,0.447523,-1.303494,-1.757794,2.121851,0.351118,-2.588379,-1.911430,0.686236,0.920534,3.390037,0.863446,-0.979001
1109,10282,3.470974,-1.575095,-3.043781,-1.771461,-1.765968,-0.758403,-2.309279,2.388033,1.284830,1.952802,0.742355,-2.451327
1109,10283,3.323126,-1.759474,-1.639273,3.391396,-0.693356,-2.032002,-3.577456,2.629231,0.285986,3.250531,2.216376,-1.868819
1109,10284,1.764882,-1.507018,-2.807069,-1.949295,-0.451247,-2.588792,-0.991469,1.063839,1.052114,2.237297,0.928285,0.880096
1109,10285,0.885158,-1.726661,-3.378599,-0.686017,-0.572162,-3.556294,-2.339411,1.007146,1.347379,3.106530,1.010883,-0.337557
1109,10286,2.026527,-1.609820,-2.380370,2.626079,-1.366493,-3.555918,-3.124269,1.076752,1.118473,1.368045,1.753327,-1.234980
1110,10287,131.353358,-1.146966,-4.520925,231.947072,-3.007018,-600.468354,-2.556948,352.423532,213.794047,3.979853,0.019640,1.528791
1110,10288,176.244111,1.019827,-0.349684,-235.276599,-4.201522,-753.127225,-2.303580,339.056986,-5.020268,4.403335,0.674759,1.746255
1110,10289,158.720748,-0.365959,-3.446893,-72.413969,-3.969209,-1183.352302,-4.857376,283.046876,-101.660275,4.349957,0.184343,-1.532638
1110,10290,202.255836,-0.747800,-3.435085,-222.146044,-1.476536,-1099.808739,-1.478569,158.144908,9.361551,4.066768,0.571066,0.054330
1110,10291,93.117291,-0.232537,-3.971882,94.918190,-3.269186,-470.747330,-1.342539,299.169533,92.734771,5.105776,0.715215,-0.592067
1110,10292,178.562227,-1.228881,-3.722470,19.652977,-2.328043,-934.315492,-3.708170,232.178283,199.748908,4.257394,1.276841,-0.885736
1110,10293,227.854376,0.812126,-3.809469,59.487035,-4.138133,-652.939857,-1.537279,224.767776,174.107075,4.591677,1.037370,1.337861
1110,10294,192.098741,-0.518751,-3.948845,152.153107,-4.985746,-314.156944,-0.337897,330.143737,34.035927,3.920013,0.504850,-1.545036
1110,10295,99.188320,-1.129683,-2.790716,-55.818175,-4.866114,-450.996933,-3.921027,71.465309,-64.569870,4.467041,0.445748,0.835702
1110,10296,98.853383,0.286862,-2.301662,162.509024,-3.546887,-374.979588,-1.823449,220.421568,215.501005,4.796578,0.888604,-2.040949
1111,10297,1.991306,-0.842222,-3.382488,-0.413751,-0.923748,-2.811482,0.139409,1.699456,0.423987,3.124790,1.124757,-1.793147
1111,10298,2.243950,-1.356361,-3.531372,2.005512,-0.771977,-2.772995,-1.420251,3.291275,0.570761,2.143568,1.097555,-1.729443
1111,10299,1.888830,-3.208427,-1.364354,-0.799374,-2.673237,-2.830669,-0.367001,1.218022,1.826292,3.256640,1.057123,-0.318815
1111,10300,3.875349,-1.672084,-1.037225,0.017030,-0.220865,0.676397,-1.919064,1.740900,-0.385212,2.899502,0.755927,-1.270261
1111,10301,2.193340,-1.558433,-2.662022,1.872936,0.052156,-4.154270,-2.858657,3.588209,0.298311,1.285613,1.707111,-1.279758
1111,10302,2.924442,-2.534652,-4.309585,0.627901,-0.677526,2.163742,-1.194982,1.414049,0.434302,3.226902,0.932947,-0.389722
1111,10303,0.692879,-1.409471,-3.001320,-1.472775,-0.852694,-2.385862,-0.509575,3.852210,0.847838,2.353889,1.999559,0.481532
1111,10304,2.443549,-1.683786,-3.023324,0.153998,-1.864791,-6.037743,-0.209419,2.716502,-0.548438,1.835229,-0.102974,1.694701
1111,10305,3.088498,-2.302737,-2.014811,-0.524535,0.377299,-3.022544,-3.015528,1.054363,0.180251,3.482084,1.513544,-1.289290
1111,10306,2.182554,-2.655021,-2.235003,-0.214630,-0.684594,-5.127744,-3.150879,1.665116,0.495613,3.203846,1.617072,-2.029286
1112,10307,197.872479,-0.770919,-1.838735,-230.304629,-3.377616,-442.282828,-3.354730,118.307292,19.909984,3.291621,0.971335,-0.036890
1112,10308,153.023148,0.916979,-2.714392,281.826572,-3.950162,-526.524084,-3.524636,426.174657,217.559476,3.922455,0.667379,-1.284610
1112,10309,190.907057,-0.717464,-2.453291,94.000579,-1.741939,-485.306359,-2.745985,195.289706,124.233306,4.260347,0.840181,-1.324430
1112,10310,284.969335,0.582602,-1.653310,18.323447,-4.268371,-1012.689757,-1.526368,277.598393,190.572697,4.813511,0.072560,-0.228401
1112,10311,149.389423,-0.335443,-3.380357,251.683417,-3.671788,-557.637751,-2.712629,320.022467,120.032923,4.690774,0.576451,0.495914
1112,10312,124.163747,-0.970443,-3.079070,15.703615,-5.098094,-498.564049,-1.456638,155.514849,33.984347,3.740234,0.848204,0.228776
1112,10313,217.614494,0.062500,-1.439259,-35.807057,-3.379390,-1271.695774,-3.172878,155.490704,301.450531,4.495396,1.507706,-0.797990
1112,10314,191.269374,-0.598468,-2.047979,35.266734,-3.785692,-595.571079,-1.001030,143.756424,133.161113,3.608998,1.973004,-1.524706
1112,10315,139.678116,-1.671106,-0.779164,480.654959,-4.629722,-621.592687,-0.252939,246.014262,159.281963,5.687001,0.422218,0.843403
1112,10316,223.150156,-0.710958,-2.964413,-177.048025,-2.646789,-526.061143,-4.450658,282.331434,-95.926141,4.708226,0.261043,0.537242
1113,10317,3.331492,-1.954406,-0.882883,1.395133,-1.038899,-3.126298,-3.488712,2.571810,0.079493,3.738505,1.736212,-1.868738
1113,10318,3.093945,-1.430544,-2.144497,1.566683,0.298445,-1.387173,-3.757612,2.012662,0.149325,3.235332,1.135298,-0.546036
1113,10319,2.961169,-1.773890,-1.713012,2.224699,-1.758589,-2.871610,-2.064042,3.277102,0.817915,2.837875,0.808200,-0.924531
1113,10320,2.650495,-3.193429,-3.222441,1.020721,-0.407147,-4.283386,-4.575378,2.938336,1.088635,3.444968,0.306532,-0.077539
1113,10321,2.027204,-0.443974,-1.351054,0.144645,-0.962924,-2.001626,-1.133625,0.736769,1.785285,1.971096,1.038071,-1.326712
1113,10322,2.827033,-2.200400,-3.588792,0.991471,0.427483,-4.077725,-2.956082,2.069241,0.926337,2.372437,1.058475,-0.448757
1113,10323,1.710764,-1.381543,-3.769444,0.531123,0.416670,-3.192917,-1.169633,1.259317,0.320473,3.594740,0.429777,0.009333
1113,10324,1.938969,-2.750696,-2.109626,-0.853066,-1.398901,-1.494139,-1.722151,1.516913,0.254290,2.744251,1.459677,-2.597794
1113,10325,3.595877,-1.911018,-1.768308,2.879240,-2.610075,-2.148982,-1.025261,1.811078,1.539346,3.070349,1.137457,-1.161026
1113,10326,2.977916,-0.958319,-2.349196,0.504265,-1.772913,-6.790232,-2.425980,1.937770,1.857535,3.289826,1.329330,0.314380
1114,10327,1.670109,-2.083685,-0.238089,-1.588841,-0.713158,-2.764215,-0.922421,2.308017,0.926158,3.787043,0.208555,-0.554490
1114,10328,4.969563,-1.434348,-2.822725,1.465793,-0.682061,-2.282390,-1.278297,1.120561,-0.276217,2.591496,1.709389,0.493110
1114,10329,0.210286,-2.331734,-1.802741,-0.521278,-0.886759,-3.546869,-5.722052,2.358085,-0.001363,2.008078,1.020186,-0.145924
1114,10330,2.714206,-1.357989,-0.375702,2.202810,-0.352505,-1.231175,-3.354924,2.076333,-0.744328,2.776039,1.084026,-1.274992
1114,10331,2.426661,-2.763850,-2.117889,-0.338777,-1.269968,-4.224855,-1.854607,2.399450,0.959258,3.281553,1.316616,-3.071063
1114,10332,2.486520,-2.587950,-1.372449,0.246559,-2.661066,-0.723216,-2.148445,2.337850,0.399144,3.449046,1.142221,-3.620431
1114,10333,4.204377,-1.938190,-3.841269,0.925296,-1.825951,-3.623665,-3.050399,2.378637,1.125033,2.645291,0.980003,-1.349387
1114,10334,2.258997,-2.544608,-0.729230,-1.012837,-1.431333,-4.056802,-4.031166,2.444023,0.451568,2.956587,0.878501,-1.094605
1114,10335,3.784130,-2.185060,-1.587090,0.596591,-2.149652,-2.196827,-2.367290,0.575856,0.597089,2.973868,0.626644,0.102330
1114,10336,2.684685,-1.646869,-1.189181,0.661412,-0.863793,0.220373,-4.440938,2.433305,0.354178,3.639652,0.929610,-0.714818
1115,10337,2.482456,-2.253778,-2.214578,-0.535291,-1.543731,-2.306594,-3.318364,2.148282,0.510125,2.960496,1.935885,-1.009336
1115,10338,3.368692,-1.354057,-0.378958,-2.008620,-1.196087,-7.745125,-1.992057,3.213265,0.306592,3.177992,0.631406,-0.538569
1115,10339,3.829138,-2.866675,-1.923177,2.765750,0.103261,-1.487574,-2.729685,2.033307,0.786702,4.119281,-0.257623,-0.837052
1115,10340,3.166030,-1.333853,-0.935040,-0.069124,-2.200459,-3.310715,-1.231640,1.588052,0.546397,1.779586,1.595705,0.617879
1115,10341,3.250100,-3.006061,-1.720589,1.550953,-1.135250,-3.935963,-2.244947,2.052362,-0.089650,3.263406,0.419259,0.162741
1115,10342,2.070075,-3.115259,-0.361982,1.015461,-0.996584,-0.611448,-1.339021,3.322929,1.609349,3.062915,0.485478,-0.381191
1115,10343,5.066371,-2.963258,-3.058020,-0.988459,-1.364046,-3.141267,-2.184663,2.052017,0.313630,2.823370,1.109709,-2.266941
1116,10344,0.908848,-1.176865,-1.357387,0.135302,-0.175132,-5.331624,-3.749913,3.996147,0.639838,2.920310,0.345901,-2.021433
1116,10345,1.150762,-2.632056,-2.036955,-0.215413,-0.813437,-3.345863,-1.017081,2.843599,0.656450,3.278740,0.707802,-1.814759
1116,10346,2.856455,-1.911367,-1.089915,1.839414,0.109810,-3.294230,-3.011113,2.769569,-1.023246,2.981352,1.839356,-2.408761
1116,10347,3.185896,-1.796057,-2.478451,-1.419362,-1.025488,-3.881646,-0.055459,1.983763,1.334865,2.800397,1.586940,0.848986
1116,10348,2.314719,-1.441218,-0.630867,-1.577090,-2.247254,0.090186,-0.944621,3.025018,0.332976,2.611494,1.215185,-0.955133
1116,10349,3.161029,-2.044381,-2.526651,-0.508120,-0.312619,0.235182,-4.272587,2.565085,0.341197,2.745795,1.032572,-1.512212
1116,10350,1.961928,-2.048791,-2.954547,0.096694,-0.716832,-0.283481,-1.022422,2.389038,-0.028746,4.437727,0.392916,-2.474539
1117,10351,288.698811,0.873046,-2.976344,170.963321,-4.109669,-265.983042,-3.213389,116.708890,50.518739,4.997857,2.499829,-1.341849
1117,10352,209.838980,-1.083940,-3.477966,-225.973850,-3.533572,-473.696946,-3.365094,226.971156,288.988433,3.361380,1.445245,-1.511397
1117,10353,334.910116,-0.356173,-3.222822,-405.181837,-4.218209,-1116.750365,-0.979864,228.054065,217.847630,3.256765,1.057014,-0.928565
1117,10354,134.021702,-0.457617,-1.074877,-151.227434,-2.732580,-718.354596,-2.176102,243.873572,58.126280,5.725406,0.631080,-0.452308
1117,10355,290.398178,-0.639744,-2.156704,97.642569,-3.309817,-851.258118,-2.378015,167.602164,312.743290,3.581034,1.225985,-1.773396
1117,10356,300.851288,-0.037526,-2.988524,-4.761232,-3.625201,-242.103742,-1.621033,206.677851,-85.959926,4.070256,0.862160,-1.238022
1117,10357,63.952050,0.053864,-4.225419,275.179729,-2.864491,-225.669682,-2.810163,187.924023,-92.089395,5.725262,1.056647,-0.654745
1117,10358,197.469501,0.257109,-3.537758,-193.550169,-3.142745,-568.802481,-0.868435,189.510953,110.950654,4.735964,-0.055259,3.085273
1117,10359,200.437223,0.498720,-1.066930,99.064108,-3.355588,-727.658257,-5.123420,42.342046,-24.932256,3.599794,0.580715,0.004483
1117,10360,134.072858,-0.849472,-3.506794,164.818974,-3.076110,-874.247774,-1.915720,226.811350,-82.303823,4.441080,0.124945,-0.700788
1118,10361,304.307673,-1.378216,-3.891212,218.427865,-3.145130,-537.252917,-2.232702,103.108538,204.928279,3.964107,0.577699,0.255738
1118,10362,197.671696,-0.288381,-6.116521,107.867963,-3.118475,120.565738,-3.079009,352.795158,-7.475623,5.074728,1.190654,-1.508788
1118,10363,153.785870,-1.166365,-2.270766,36.638912,-4.965572,554.787780,-2.276689,342.521427,151.515062,5.436433,0.795603,-0.389484
1118,10364,193.883159,-0.326888,-3.755960,178.066662,-2.416809,-1156.449468,-1.807135,235.481702,30.341229,4.995679,-0.321125,-0.056208
1118,10365,230.972740,0.750357,-4.816994,-74.265806,-3.088141,-588.926669,-2.284619,326.556791,79.633559,4.020842,0.028040,-0.752994
1118,10366,81.369322,-1.069096,-3.896650,327.806040,-4.595782,-596.268161,-2.723905,298.312737,26.699625,5.531845,1.558691,0.592769
1118,10367,133.194297,-0.119854,-3.264334,205.876794,-2.809924,-117.556539,-2.194738,156.703971,83.295430,4.392975,0.695398,1.128769
1118,10368,151.685272,-0.953456,-4.189487,393.551927,-3.261863,-185.214085,-3.917520,219.085534,163.639198,4.930684,1.183619,1.136566
1118,10369,309.368585,-0.865555,-3.429482,-180.417379,-3.898801,-583.698395,-1.865127,157.600180,35.584015,3.215202,1.157747,0.612563
1118,10370,293.443266,-0.011694,-3.082929,310.947946,-3.332332,-166.005255,-1.520915,193.233255,65.275611,2.920327,1.105334,-0.767124
1119,10371,2.635295,-2.019783,-1.023577,0.015850,-0.129949,-2.256775,-2.130704,2.480640,-0.341928,3.010980,-0.650404,-1.646762
1119,10372,3.176617,-1.936123,-1.712945,-0.279124,-1.762612,-2.186962,-2.479833,1.694488,0.003185,2.157965,0.794285,-1.633023
1119,10373,4.168263,-2.034269,-2.678717,-0.816465,-0.752129,-2.659120,-1.252486,2.108123,0.472056,2.624483,0.852634,-1.243369
1119,10374,1.034887,-2.099592,-0.957906,-2.039519,-1.807160,-0.400004,-4.009323,1.690139,0.085138,3.273009,0.641184,-2.174294
1119,10375,5.558595,-1.309150,-3.228654,-3.282879,-1.399925,-0.499017,-4.083561,1.595113,0.451574,2.931247,0.804184,-0.924651
1119,10376,2.335898,-1.321678,-2.747890,0.952002,-1.121355,-4.006475,-2.271208,2.822653,0.433052,2.419059,1.036228,-1.537034
1119,10377,1.383221,-2.466133,-2.570523,1.842071,0.255318,-0.383489,-1.523011,3.073327,-0.426155,2.766990,0.933459,-2.581859
1119,10378,2.758341,-1.851098,-0.525884,1.647039,-1.342776,-1.800577,-3.552541,2.353239,0.660558,2.587722,1.689309,-1.369079
1119,10379,3.571928,-1.577482,-3.360758,0.321482,-0.955562,-0.579811,-2.020226,3.471370,0.268015,2.326171,0.944974,-3.804731
1119,10380,3.047336,-2.028964,-0.821947,-2.599553,-0.169370,-1.257788,-1.960881,0.049569,0.717447,3.738359,0.694165,-1.281997
1120,10381,256.671709,0.603984,-2.132373,47.972743,-1.753218,-958.977570,-1.563335,379.517476,-78.195663,3.964123,1.322516,-0.217572
1120,10382,209.033032,-0.441888,-2.983711,156.329488,-3.298243,-490.964611,-3.046645,364.894427,198.099940,3.991784,1.534025,0.613886
1120,10383,213.801407,-0.130457,-3.528711,-9.950665,-4.101751,-612.490949,-1.268183,258.799853,251.419783,4.740311,0.023645,-0.489963
1120,10384,323.499526,-0.303557,-2.495733,-302.116177,-4.452686,-599.003788,-1.790354,311.602499,-124.325513,4.114510,0.475135,-2.002837
1120,10385,137.331209,-0.284678,-1.626843,397.837232,-2.403220,-1034.641589,-1.746202,275.874710,263.052923,5.061874,0.857449,0.093106
1120,10386,128.070915,0.196675,-2.423497,-140.222759,-2.601471,-920.309578,-1.625857,219.531346,-19.175779,5.180468,0.596181,-0.943802
1120,10387,111.058603,-0.219037,-4.867863,53.096554,-3.916445,-1182.069710,-3.486094,370.582735,5.657409,3.250528,0.206869,1.546273
1120,10388,52.388965,-0.376190,-1.796669,11.769805,-2.113528,-556.187574,-4.884663,298.761415,113.904644,4.488965,0.700436,1.294372
1120,10389,171.541639,-0.285217,-2.588510,268.162012,-3.235640,-573.163019,-3.210298,179.689134,87.785124,4.392057,0.535022,-0.391548
1120,10390,148.888636,-0.787699,-3.540015,242.665475,-3.423482,54.223612,-1.707417,113.088442,52.452761,4.775760,0.590673,-0.049993
1121,10391,196.688086,-0.519359,-2.432232,-296.361590,-4.166281,-1099.265536,0.021603,228.710153,155.593347,4.800627,0.505325,-0.852536
1121,10392,194.603115,-0.857529,-3.368429,88.541859,-4.242767,-195.011841,-0.668124,222.302672,198.673289,4.284861,0.972855,2.432778
1121,10393,247.061392,0.767989,-3.069903,-316.299378,-4.129750,-761.138259,-2.850127,276.980669,-35.760472,3.676763,-0.655131,-0.216110
1121,10394,79.725538,0.921544,-2.201879,358.905587,-2.901468,-979.700613,-3.126780,275.528206,191.921025,4.284794,1.008200,1.102290
1121,10395,147.147770,0.000233,-3.481932,160.084009,-4.340854,-580.022222,-1.261855,280.314204,83.821525,4.812344,0.641292,-1.279469
1121,10396,201.412370,-0.596992,-2.273745,325.668184,-2.268763,-637.222144,-2.622548,266.711343,4.048856,4.102414,0.906171,-1.167021
1121,10397,101.283111,-1.092701,-4.947514,105.067880,-2.224215,132.311408,-3.242032,451.513289,10.340003,4.470583,0.857636,-0.074185
1121,10398,97.053476,0.786982,-2.035505,-15.962720,-3.628728,-523.265484,-3.308937,233.363521,-1.705145,4.156092,0.938824,0.042285
1121,10399,199.531084,-0.922021,-3.262182,168.896740,-3.465540,-468.110819,-0.133726,47.767961,-281.596567,4.543168,1.767718,-1.185907
1121,10400,178.572187,0.684595,-3.560277,-48.665199,-4.170681,-292.325362,-3.510945,228.944741,108.722833,3.268472,0.524477,0.480150
1122,10401,3.772005,-1.490679,-3.344681,1.259749,-0.579124,-2.204430,-1.751928,2.533717,0.482071,3.587979,0.844446,-1.009229
1122,10402,2.148210,-1.847773,-3.425557,2.102976,-0.476389,-3.186928,-3.852076,2.399497,0.860164,3.629843,1.417220,-1.449958
1122,10403,1.758154,-1.875623,-1.158297,0.687411,-0.961562,1.087862,-3.396686,2.900153,1.013249,2.420937,1.150529,-2.071238
1122,10404,3.120646,-2.513770,-0.286416,-0.330990,-0.515426,-1.727218,-2.431621,2.036402,-0.066289,3.257148,1.085782,-2.338660
1122,10405,1.594540,-1.502855,-4.335383,3.835251,0.224442,-4.552931,-3.257906,4.522358,-1.286083,3.554923,1.225981,-0.858870
1122,10406,2.203897,-1.950535,-3.196823,4.386292,0.480117,-1.186351,-3.636373,1.753759,1.298892,3.000855,1.128403,-2.189766
1122,10407,2.185178,-1.945743,-3.617161,3.461952,-0.085341,-3.355605,-4.597845,2.261328,-0.061968,2.470064,0.073559,-0.265277
1123,10408,1.966768,-2.021804,-1.595144,0.550868,-0.474349,1.691969,-2.384033,1.110913,0.382243,2.988944,0.476103,0.049332
1123,10409,2.967614,-3.031744,-1.957537,3.054031,-1.994535,-2.441206,-0.751299,2.092518,1.139065,2.917067,0.242136,-1.060593
1123,10410,2.933965,-2.628554,-3.824008,-0.489335,0.124339,-4.411943,-3.313260,1.836096,0.610455,3.185347,1.173897,-0.733497
1123,10411,3.270272,-2.491813,-1.593557,-0.403232,-1.545867,-4.018768,-1.590581,1.982257,0.343996,3.469023,-0.139063,-0.477738
1123,10412,1.512678,-2.379935,-2.448945,1.995933,-0.569252,-3.519043,-2.113290,2.370771,0.818124,3.546688,1.031909,-2.273734
1123,10413,0.249448,-1.038882,-2.291151,1.874433,-0.623802,-1.601026,-2.048173,1.745908,0.526371,2.750601,1.756787,-2.861977
1123,10414,0.756837,-2.139320,-1.742448,3.521361,-0.683769,-4.197926,-2.838030,3.592160,-0.119966,2.831444,1.068886,-3.907967
1123,10415,2.593982,-1.871991,-2.536354,0.881330,-0.948703,-3.270201,-2.227012,2.232147,0.302624,2.825002,1.002886,-0.498530
1123,10416,1.977210,-2.141171,-1.929925,-2.773353,-1.892022,-2.646943,-4.609633,2.511592,0.168924,2.308526,1.332039,-0.279572
1123,10417,3.679662,-1.854575,-2.913192,0.427506,-0.801497,-0.691671,-0.236610,1.751198,-0.188615,3.551443,1.807330,-0.001940
1124,10418,2.197055,-2.998718,-3.678928,0.265718,-2.046991,-0.117334,-0.965921,2.287654,0.308783,2.030291,1.363133,-0.378978
1124,10419,1.798795,-1.792044,-1.478547,0.936535,-0.566992,-1.197104,-2.944643,2.522618,0.517006,2.812384,0.372457,-0.638145
1124,10420,2.013369,-1.945642,-3.346606,3.416395,0.167882,-1.294157,-5.766550,0.899202,-0.441149,2.320697,2.412823,-0.069222
1124,10421,1.726304,-2.058286,-0.771256,3.679434,-1.518520,-5.031636,-2.213481,2.278510,1.779917,2.100672,1.804427,-1.085422
1124,10422,2.982029,-1.878730,-1.949607,0.605630,-0.164212,-1.789215,-3.687832,1.669414,0.669605,2.601824,1.124741,-0.108700
1124,10423,3.246287,-2.351858,-1.630173,1.440049,-0.940862,-4.348797,-2.076564,1.012749,-0.048451,3.490431,1.744410,-0.099458
1124,10424,1.016627,-1.600998,-1.566742,1.769739,-1.158271,-4.304043,-2.578351,3.932074,0.675333,2.664945,1.531122,0.477424
1124,10425,1.544604,-1.749611,-0.659608,-2.136787,-1.627377,-3.035012,-1.875542,1.711798,-0.233290,2.862175,1.854232,0.122337
1124,10426,3.465895,-3.058745,-2.558039,1.377509,-0.282327,-2.385114,-3.026041,1.173472,1.297202,3.186075,1.523594,-0.835093
1124,10427,1.113910,-2.709543,-3.191109,-0.973787,-0.486578,-4.218417,-4.225116,3.377254,0.542332,3.020164,0.770168,-1.630230
1125,10428,1.769627,-3.133608,-2.363831,1.043153,-0.707019,-2.430457,-2.244328,2.402990,0.890022,2.845634,1.285750,0.143673
1125,10429,1.031295,-1.130722,-5.080045,-1.475769,-1.573613,-3.533073,0.295059,2.187487,0.932823,3.646053,1.002416,-1.054108
1125,10430,3.941885,-2.019498,-4.481816,0.701883,-0.465298,-2.831740,-2.328202,4.266178,0.313815,2.808626,1.372256,-1.233737
1125,10431,2.290904,-0.684955,-1.710512,-0.894688,-2.369005,0.394159,-1.085464,3.595771,0.618664,2.964008,1.364566,-1.306869
1125,10432,2.773851,-1.612025,-3.541531,3.187753,-2.074396,-0.487938,-2.896663,2.246723,-0.426670,3.024297,0.420191,0.084581
1125,10433,0.953568,-1.549157,-1.217687,0.463689,-0.023210,-3.196998,-3.125143,0.669994,0.289673,2.680098,1.030490,-0.946927
1125,10434,3.225618,-2.533029,-1.683889,3.512065,-0.107531,-3.516395,-1.540625,1.473137,0.469327,4.109394,1.978827,-1.545820
1125,10435,2.590542,-2.384961,-2.964349,-0.360221,-0.837726,-4.253180,-1.412144,1.485242,1.224368,4.062970,1.693058,0.050636
1125,10436,2.935504,-2.328363,-3.122417,1.556194,-0.628141,-4.075042,-1.560681,2.199089,-0.293095,3.025765,2.106573,-1.156008
1125,10437,3.220207,-1.935963,-1.327848,1.165176,-1.129030,-4.603737,-2.341151,1.435191,-0.196633,3.325089,0.992425,0.494843
1126,10438,1.963972,-3.754851,-2.119917,-0.946691,-1.268697,-1.968291,-2.839030,1.802893,0.229785,4.741987,2.016457,-2.288217
1126,10439,1.809292,-1.879710,-0.880427,2.109518,-0.794402,0.873300,-1.679916,1.023582,0.832646,3.409232,1.484208,0.499726
1126,10440,2.887614,-2.667397,-0.921909,-1.312589,0.452127,-4.474723,-2.300920,2.583857,-0.703707,3.715360,0.856849,-0.757368
1126,10441,1.840964,-2.421640,-0.303305,2.666849,-1.064831,-5.307444,-3.068955,2.189244,-0.437713,2.640945,1.015567,-1.274800
1126,10442,1.366391,-2.297235,-1.877724,-1.915210,-0.095368,-3.715154,-1.986666,2.934256,0.815027,3.996729,-0.163287,0.400098
1126,10443,2.166312,-1.798761,-2.311311,0.092614,0.391127,-2.766668,-1.118939,1.644739,1.455762,2.864129,1.265477,-1.234423
1126,10444,3.698113,-1.545012,-2.300390,0.579118,-1.315815,-4.147832,-1.075399,2.577901,0.636011,1.940993,0.884813,-2.886091
1126,10445,2.562176,-1.311547,-3.474776,3.005204,0.069377,-4.654545,-3.653998,-0.027379,0.243360,2.743900,0.289297,-0.703603
1126,10446,4.139665,-2.542382,-1.792839,1.532204,-1.202362,-2.413913,-1.350867,3.189470,0.344461,3.734219,1.200688,1.111572
1126,10447,1.278947,-2.213605,-1.244874,0.993269,-2.096681,-3.577717,-1.895985,2.209704,-0.127758,3.477048,0.105111,0.446737
1127,10448,30.164761,-1.485534,-3.936759,133.283578,-3.965584,-899.888118,-2.734681,227.654114,191.343439,4.201787,0.841633,0.150029
1127,10449,153.326217,-0.104163,-2.251602,181.320519,-3.027364,-473.213413,-5.951473,212.505625,41.175373,4.090812,0.935588,0.468360
1127,10450,259.480432,-0.524994,-2.824315,-1.796118,-3.798942,-1006.483563,-5.232493,244.587887,108.062884,3.479009,0.553735,1.572473
1127,10451,222.886000,-0.066479,-1.003467,157.988385,-3.529586,-385.063737,-2.194386,154.026130,265.681649,4.864289,0.238818,0.056710
1127,10452,56.122076,-0.298128,-3.211268,358.930471,-3.074175,-463.187878,-1.658997,364.043948,33.290799,4.933728,0.768924,-0.016368
1127,10453,86.826846,0.083756,-3.021692,-259.155080,-3.211415,-591.483476,-1.988568,276.213893,367.102235,3.979927,0.967137,-1.813497
1127,10454,112.299512,-0.592043,-1.692837,42.968932,-3.107975,-730.369531,-3.414043,266.950687,252.761513,4.356271,0.694571,-1.938671
1128,10455,-23.840476,0.797939,0.570288,159.843426,-1.807369,-543.859532,-2.707631,301.589517,53.770103,4.532826,0.312671,-0.369770
1128,10456,78.458015,1.064811,-2.262348,-209.380663,-3.705747,-523.001960,-1.499656,361.502129,83.527541,3.394757,0.886428,0.782292
1128,10457,246.349818,-0.270866,-2.760843,453.461390,-4.502886,-282.340934,-3.536252,365.442867,114.371246,4.421810,0.465204,-0.497337
1128,10458,226.123994,1.115086,-2.797790,42.029546,-3.506654,-324.583057,-2.030914,216.783205,0.661909,4.050503,-0.087465,-0.108810
1128,10459,259.133945,0.054507,-3.338597,307.192794,-3.284537,-1069.457210,-1.318195,233.343581,37.647697,3.126003,0.848020,-1.516112
1128,10460,291.817484,0.428712,-4.008420,59.119725,-3.268923,-152.286609,-3.329546,139.063288,157.246654,3.462409,1.382583,-1.355845
1128,10461,169.955631,0.827829,-2.012933,380.205740,-3.931555,-1091.003204,1.635440,183.304893,-110.203588,4.160802,0.950847,-0.257544
1128,10462,43.051566,0.857569,-2.498546,421.450925,-3.099834,382.346840,-3.251537,268.328648,152.375876,4.960347,0.759287,-1.054072
1128,10463,222.721437,0.234235,-2.428836,122.367077,-3.785922,-839.179764,-1.450547,250.740884,-174.177466,3.365297,-0.295520,-0.456532
1128,10464,62.774366,-0.942701,-3.594402,-197.929924,-2.879294,-1073.335788,-2.657858,410.861812,102.038038,3.769452,1.056523,-1.023541
1129,10465,0.604525,-2.022548,-1.120280,-2.289664,-0.717739,-3.696921,-2.690470,1.253042,0.091040,3.492421,0.208133,-0.290631
1129,10466,3.219001,-1.793470,-2.322230,-1.449242,-0.894114,-1.196867,-1.987106,3.215331,0.533421,3.431600,0.834350,-2.230158
1129,10467,2.073524,-2.536594,-0.303957,1.312104,-0.406768,-4.038210,-3.661063,1.813359,1.007466,3.854226,0.612038,-0.858645
1129,10468,3.383047,-2.614381,-3.627503,1.349900,-0.061122,-1.382763,-1.644153,2.316158,0.926501,2.446823,0.769061,-0.296487
1129,10469,2.185753,-2.324056,-1.551274,0.340664,0.039958,-1.641626,-2.084779,1.831568,1.291630,2.777014,0.836734,0.402956
1129,10470,3.420980,-0.776469,-1.274931,1.113358,0.210014,-1.947085,-2.885829,3.775648,1.271258,2.634062,0.820956,-0.450859
1129,10471,1.692399,-1.878232,-1.060108,1.040849,-1.428473,-3.999620,-3.170675,1.548202,-0.013330,2.995835,1.039963,-2.278877
1129,10472,3.664988,-2.040297,-1.950205,1.732509,-1.134054,-2.524160,-2.698007,3.236393,0.591925,2.466015,0.778134,-0.472101
1129,10473,3.424627,-1.447399,-2.669840,0.996074,-1.191292,-3.596610,-1.418158,1.823187,-0.252407,3.155004,0.886899,-0.922949
1129,10474,3.282328,-2.637646,-2.743118,-1.563345,-0.526605,-4.880555,-1.189960,2.786919,0.265136,2.563157,0.469622,-1.345753
1130,10475,120.062055,-0.573973,-3.182296,10.988017,-2.889323,-113.771015,-3.251188,94.727811,139.470679,3.621386,1.676491,-0.028675
1130,10476,141.258392,-0.195301,-2.190026,-326.084389,-4.573669,-1170.356355,-1.386449,335.508188,217.923760,3.867436,1.124191,-2.282755
1130,10477,116.530020,-0.177738,-3.758430,-187.364967,-3.378001,-310.718800,-1.438626,523.352973,358.781270,3.870594,1.411871,0.129169
1130,10478,97.854169,-0.273702,-2.867455,-175.241478,-3.956939,-1370.169651,-1.744348,80.414524,111.282896,3.845298,1.046204,1.559854
1130,10479,144.980596,-0.298443,-1.829414,-288.418259,-3.701314,-643.687934,-1.663429,91.755981,76.322880,3.520536,0.094168,-0.923249
1130,10480,185.984106,-0.838903,-4.767696,-137.242943,-4.739151,-1233.451209,-3.130804,210.702108,0.455748,3.573048,1.825134,2.546878
1130,10481,136.513747,-0.331123,-3.643881,217.141656,-1.687998,-625.161040,-2.747603,172.791771,208.845820,4.161631,0.978361,-1.680078
1130,10482,17.183131,-0.397666,-5.294789,186.898500,-1.660860,-696.665480,-0.607461,185.062595,68.518771,5.250805,1.369433,-1.397429
1130,10483,132.454240,-0.502074,-2.405263,63.917117,-4.956882,-248.046637,-1.959832,186.714628,-21.004103,4.173684,0.970424,0.525562
1130,10484,158.517848,-0.057921,-1.772040,92.824105,-3.036300,-306.016097,-3.650280,205.037105,176.959323,4.927014,0.476539,1.144051
1131,10485,1.534767,-2.337699,-2.913946,1.067072,-0.974249,-2.951546,-1.267919,1.932436,0.125895,2.939765,1.546386,-2.638618
1131,10486,1.899460,-1.692050,-2.953593,-1.607791,-0.100203,-2.931806,-1.831624,3.093486,0.502065,3.868045,1.009056,0.921759
1131,10487,3.449171,-0.593808,-1.192319,0.381466,-0.385722,-1.613628,-2.831618,1.707949,-0.501079,2.842069,1.144071,-1.907334
1131,10488,2.710524,-1.470435,-2.164815,-1.582812,-1.436640,-1.933416,0.974515,2.080839,1.416784,2.679644,0.656095,0.152646
1131,10489,2.202217,-2.340750,-2.299996,0.091376,-0.900263,-0.658315,-4.402104,2.495443,0.796851,3.677937,1.611583,-1.608117
1131,10490,2.164568,-2.703008,-0.878238,1.471826,-0.859317,-3.257674,-5.375487,1.130009,0.611322,4.191690,0.592112,-1.991015
1131,10491,3.363784,-2.231462,-2.035290,0.246202,0.049065,-4.695049,-1.235944,2.282010,-0.261932,3.191394,1.416518,0.356085
1131,10492,2.686657,-2.242938,-2.136961,1.607664,-1.599293,-2.158097,-0.543802,1.904560,0.301326,2.489136,0.223095,-3.466043
1131,10493,0.622990,-2.829581,-0.780920,0.877279,-1.737144,-0.223926,-1.742992,2.464896,1.543548,2.333116,1.900921,0.915154
1131,10494,3.114578,-1.863162,-2.280012,0.022765,-1.873261,-3.453085,-3.945432,2.804097,0.439406,3.234718,0.756156,0.812410
1132,10495,169.619748,0.036278,-3.178808,239.310253,-2.398963,-456.267288,-3.014132,108.814376,-91.944165,4.574255,0.730508,-0.552871
1132,10496,200.814729,-0.946617,-3.830898,116.604479,-3.861750,41.138598,-0.795411,248.372796,68.719837,4.378246,0.723004,0.468737
1132,10497,190.905435,-0.387910,-2.220008,328.058096,-2.299656,-138.287766,-2.325541,230.635398,183.602077,3.769775,1.960444,0.673388
1132,10498,66.815252,-0.401789,-3.204176,110.409012,-2.934912,-404.202846,-2.118716,254.557034,-63.966147,3.462854,1.879126,-1.129268
1132,10499,262.161826,-0.645089,-3.563493,-30.420068,-2.728142,-1513.691876,-1.435930,186.613403,116.558865,4.342668,1.702242,-0.742497
1132,10500,117.007429,-0.231071,-3.459545,89.401923,-2.598291,-540.148860,-2.694079,407.049097,191.508170,4.712267,1.240269,0.677793
1132,10501,129.324147,0.445642,-2.462203,172.927190,-3.884625,-387.069779,-0.945141,283.541318,88.376413,4.664413,0.931219,1.680980
1132,10502,-35.795425,0.641751,-1.616935,123.347687,-3.709958,-636.580434,-2.765371,250.225869,-16.034506,4.353789,1.156620,1.474663
1132,10503,138.823920,-0.322153,-2.718764,-150.165547,-3.817468,-1364.053648,-0.176501,243.050110,72.470537,3.571162,0.568285,-1.176833
1132,10504,240.327992,0.093454,-3.606395,-271.897946,-4.340649,-740.498159,-1.782747,271.087742,208.096433,4.953376,1.527689,-0.478534
1133,10505,4.408126,-0.624831,-0.999835,3.519412,-2.381630,-1.738461,-2.254278,3.090800,0.408497,2.980002,0.742170,-1.555285
1133,10506,1.941744,-2.924626,-1.750493,6.457124,-1.146445,-2.788291,-2.722805,3.065519,-1.107651,3.389591,0.708896,-2.245958
1133,10507,2.073186,-2.602662,-3.088908,1.506032,-0.793211,-2.486014,-2.433343,1.830462,0.568163,3.065525,0.957832,-3.335213
1133,10508,0.379378,-2.433928,-1.694437,0.546858,0.663471,-1.622301,-1.509055,3.536408,-0.392955,3.613229,1.789989,1.516300
1133,10509,2.314674,-1.782442,-2.837673,-0.711456,-0.191072,-0.984216,-2.237980,0.850629,0.647854,1.963369,0.372646,-1.289798
1133,10510,1.141905,-1.032724,-2.204578,1.025954,-1.403263,-2.530961,-2.572434,2.368850,0.434340,3.523731,-0.362799,0.365508
1133,10511,1.231943,-2.696470,-1.608431,2.196756,-0.897836,-0.567602,-3.464847,0.623480,0.229676,3.070088,0.313561,-1.612485
1133,10512,2.364621,-2.543206,-0.885256,0.847310,-2.128334,-1.818323,-3.381151,2.160614,1.092563,2.274841,0.638482,-0.473820
1133,10513,1.560457,-1.855707,-1.280657,1.609846,-0.896556,-2.923582,-2.953187,2.051581,0.703652,3.403510,0.775601,-1.079359
1133,10514,3.464905,-1.049191,-1.818239,1.286597,-1.272949,-1.550885,-2.568952,1.706044,0.558326,4.031980,0.434528,-0.052225
1134,10515,70.044008,-1.111701,-1.768753,162.937844,-2.325526,-1342.445338,-3.767300,317.669012,135.793583,4.479482,1.192733,-0.799662
1134,10516,113.599680,-0.591669,-2.402605,207.974710,-2.356856,-1064.924524,-4.869911,367.692307,68.868067,5.150654,1.122438,-2.408429
1134,10517,146.199658,0.620377,-3.725766,-31.031333,-3.496932,-1130.844795,-2.855005,264.014468,352.595546,3.774066,0.680632,-0.638906
1134,10518,119.503726,-0.112773,-1.838352,213.274788,-1.586431,-196.494894,-0.791201,351.649078,-29.441552,4.176249,0.696020,-1.143085
1134,10519,131.394002,-1.100947,-4.186743,123.956068,-3.959037,31.068291,-2.624092,250.740717,143.068601,3.662013,1.593294,-1.563800
1134,10520,265.342464,0.031248,-4.607827,-241.827341,-2.751002,-284.338897,-3.565118,372.299004,213.590590,4.440084,1.497733,1.610986
1134,10521,264.299002,0.253034,-2.402062,550.785934,-2.904124,-117.547762,-1.855188,224.955287,276.787337,4.307403,0.848596,-2.219869
1134,10522,130.874644,-0.123797,-3.668209,-95.523495,-4.344477,-1151.262178,-1.428464,399.735328,281.552147,4.747733,0.250572,0.420550
1134,10523,227.431528,-0.150539,-2.623384,-115.586489,-3.199629,-441.513944,-2.104185,393.362784,169.404019,4.313515,0.835419,-1.347832
1134,10524,230.915422,-0.398176,-4.636371,217.714604,-3.603021,132.471741,-2.834596,229.912756,76.861082,4.626885,-0.111212,-1.960718
1135,10525,2.505006,-1.837233,-0.892057,0.473817,-1.408901,-5.249980,-1.994200,2.371531,0.938874,2.137540,2.341061,-0.719208
1135,10526,1.264662,-1.033451,-2.268307,-0.307285,-1.289771,-2.496993,-2.684904,3.080286,-0.124470,3.254183,1.865116,0.199595
1135,10527,2.824667,-2.374191,-2.349489,2.150203,0.661176,-0.891339,-3.526507,2.835744,0.288625,2.285661,0.497154,-1.427569
1135,10528,3.192478,-1.843845,-3.538952,-0.732236,-1.735096,-1.966665,-2.341103,2.138066,0.380116,2.127744,1.423716,-0.459385
1135,10529,3.255899,-1.605576,-3.485371,-0.546359,-1.116056,-1.615105,-1.551505,2.137874,0.146068,3.259582,1.299539,-2.773517
1135,10530,0.798167,-1.574641,-2.395337,-1.016633,-0.720226,-1.723241,-2.946005,1.352427,-0.270477,2.748357,1.848881,-3.344090
1135,10531,3.359117,-2.317131,-1.691927,0.632835,0.135704,-1.929629,-0.413117,2.915497,0.071503,3.047639,0.741412,-2.284322
1135,10532,1.501183,-1.950826,-1.511387,1.747201,0.231709,-3.350989,-3.806911,1.908972,0.303351,2.935610,1.486546,-1.984662
1135,10533,2.412346,-1.885854,-2.374774,1.917354,-0.432687,0.438669,-1.528068,0.275428,-0.682281,3.811949,0.922209,-0.439492
1135,10534,4.633644,-3.067682,-3.723754,0.839035,-0.354171,-2.684658,-2.852257,2.025688,-0.462782,3.018170,1.164889,-3.604342
1136,10535,201.813698,-1.191501,-3.153763,172.621273,-3.287731,-748.666287,-2.261855,231.125248,-19.704304,3.505649,0.740871,-0.736275
1136,10536,282.812022,1.348263,-2.183467,-114.430153,-3.869143,-1011.279404,-0.272911,341.216682,-47.636090,4.300506,0.617841,-1.062379
1136,10537,159.842711,0.333330,-1.776211,122.083903,-3.790217,-934.079037,0.703214,260.974755,-35.518213,3.094458,0.397837,-0.855717
1136,10538,98.560206,-1.149258,-2.686787,156.704983,-3.043404,-660.432275,-4.201133,525.004558,23.054826,4.566165,0.476099,-1.523788
1136,10539,224.043012,-0.660353,-0.870364,-255.972997,-3.880209,-767.545616,-2.489184,360.130147,154.556172,5.111308,0.987282,0.696070
1136,10540,150.889195,0.281920,-3.139599,-188.977358,-4.123423,-1150.979578,-1.997397,384.450008,10.402657,5.084770,1.322183,0.891481
1136,10541,172.458178,-0.116935,-2.233732,-38.893056,-3.796526,-1354.552069,-1.775299,472.637901,204.331433,4.623393,1.084536,-0.744787
1136,10542,216.798997,-0.332703,-2.893316,89.074853,-2.827052,-226.024360,-2.347023,504.674926,55.758094,4.474834,1.523366,0.908119
1136,10543,235.567501,-0.467595,-1.100361,165.306747,-2.845091,-246.255274,-4.423079,70.300960,131.362516,3.733550,1.326079,-0.149594
1136,10544,135.567813,-0.463954,-1.147896,125.204103,-3.873170,-757.886239,-2.386388,291.586550,141.377163,4.999389,0.789591,-0.469057
1137,10545,204.947677,0.436385,0.031583,108.460048,-3.608261,-304.531369,-0.378142,256.125366,178.944043,4.004719,0.812195,1.221726
1137,10546,136.483979,-0.482828,-3.277315,260.516130,-3.028172,-501.967843,-1.135994,333.040678,57.929325,5.465045,1.587586,0.396913
1137,10547,77.590308,-0.570045,-4.122595,564.062900,-3.515775,-896.662820,-2.274543,398.020417,109.024303,4.821337,1.802454,0.125990
1137,10548,209.758159,0.678754,-3.229430,111.824788,-3.631583,-590.944417,-2.353671,212.834837,-70.513863,4.507785,1.037720,0.393213
1137,10549,127.144148,-0.545239,-4.559540,391.812649,-2.664046,-70.209247,-1.286453,249.184866,157.723605,3.498142,0.951752,-3.279909
1137,10550,228.697001,-1.008789,-2.181946,662.588969,-3.410534,-1363.557115,-1.768759,186.875182,113.306660,5.123705,0.921147,-0.005049
1137,10551,226.154770,0.022898,-1.906983,397.702898,-2.576171,-367.873714,-1.692235,187.607350,187.854904,4.411247,0.614842,-1.022662
1138,10552,4.612918,-1.683739,-2.588924,-0.664637,-0.104187,-3.982692,-0.429564,1.531027,0.252412,3.944882,0.766035,-1.287012
1138,10553,2.738623,-1.236563,-2.189490,2.733746,0.379514,-1.145321,-3.164828,1.689503,0.461456,2.559446,0.412566,-0.552554
1138,10554,0.695650,-1.664357,-1.524662,-0.246023,-0.876565,-0.065386,-0.194895,3.308784,-0.167428,4.395936,0.797161,0.203575
1138,10555,2.217305,-2.959739,-3.830844,1.027032,-0.626119,-3.191873,-2.390783,2.870395,-0.606269,3.802608,0.648611,-1.056709
1138,10556,3.770749,-1.985960,-2.217473,3.931219,-0.405377,-2.184080,-2.430512,2.211341,1.381446,2.785917,1.199920,1.015708
1138,10557,3.741743,-1.108298,-3.492263,-1.352087,-1.030812,-1.071644,-2.475637,2.095090,0.563753,2.845310,1.369763,-0.382626
1138,10558,4.318738,-2.406694,-2.009939,2.164904,0.497249,-3.743568,-2.022411,0.682567,-0.674693,2.883997,0.925593,-1.605763
1138,10559,1.115444,-2.135620,-3.275209,-2.597935,-0.712183,-2.486351,-0.303626,3.356943,-0.128676,2.600157,0.887589,-0.723541
1138,10560,1.766659,-1.812056,-2.527638,-0.900746,-1.743961,-1.930412,-2.137383,1.692223,0.610960,3.187997,0.641398,-0.477134
1138,10561,4.348413,-1.599578,-0.852870,1.226432,-0.878116,-4.725645,-1.520742,1.964480,0.048789,1.218300,0.721231,-1.431192
1139,10562,195.882767,-0.500815,-3.826492,465.546790,-3.531390,-560.105651,-4.159210,391.194607,153.104936,4.738707,1.407117,0.204590
1139,10563,179.546492,-1.593240,-2.294034,188.204038,-2.210434,-823.801130,-2.240956,322.722351,-78.297517,3.861573,0.759826,0.098001
1139,10564,160.578646,0.294264,-2.452648,-172.400273,-3.540143,64.422107,-1.677725,258.958044,77.754552,5.048459,1.277877,0.486565
1139,10565,229.275235,-0.516137,-2.903277,18.801283,-3.804680,-7.717589,-2.118103,354.935804,211.704380,4.709550,0.621559,-1.438339
1139,10566,92.478921,0.303066,-2.244580,391.509366,-3.949052,-228.812414,-2.662146,193.031967,-48.053807,4.527633,2.605505,-0.330357
1139,10567,99.962912,0.095264,-2.484379,22.927052,-4.127403,-456.454626,-1.454402,363.370460,-36.675502,3.794569,0.009572,-1.397403
1139,10568,165.969658,-0.591834,-2.928645,-63.496471,-2.921347,-453.161597,-0.200720,214.485220,-41.499539,5.177560,2.095050,0.035204
1139,10569,237.494740,-0.433052,-3.390786,-164.019911,-3.695307,-877.822724,0.681284,251.524707,171.738675,3.506275,1.009098,-1.086748
1139,10570,220.386590,0.185131,-3.090049,29.890051,-3.268237,-91.523738,-1.374646,330.064929,-21.822439,4.371675,1.699296,2.476690
1139,10571,227.159305,0.095366,-3.569243,335.931694,-3.559454,-743.585320,-0.876605,388.595069,152.061628,4.072280,0.801969,-1.514157
1140,10572,5.011335,-2.351059,-3.392465,0.676743,0.159265,-2.771558,-3.500586,2.093433,-0.113574,2.657920,1.044843,-1.967449
1140,10573,1.167921,-3.133462,-1.791844,0.981842,-2.675911,-2.395589,-3.681930,1.842694,-0.065144,2.729022,1.226923,-2.645657
1140,10574,2.624438,-2.770114,-1.189117,2.680594,0.539167,-1.964114,-2.210621,1.687465,0.707768,3.625559,2.102043,-0.375150
1140,10575,0.382179,-1.247845,-2.819779,1.146776,-0.545271,-1.442561,-4.822452,2.073687,0.267746,2.404297,1.650238,0.344899
1140,10576,2.358380,-2.067084,-0.586902,-3.357592,-0.302865,-0.796063,-3.457288,4.072387,0.529801,2.791681,1.361733,-1.596196
1140,10577,0.480187,-1.683263,-1.849475,-0.694989,1.363476,-0.762421,-1.625510,2.155637,0.754939,1.926824,1.623708,-0.215474
1140,10578,2.384164,-1.882598,-2.768462,3.219629,0.664641,-3.271039,-1.074230,1.834612,-1.378422,3.079525,0.372566,-1.632005
1140,10579,-0.066706,-0.942359,-2.601424,3.519646,-0.110337,-2.300392,-0.899415,1.188191,0.008330,3.185140,2.241485,1.134720
1140,10580,3.738774,-2.004641,-1.686344,-1.211535,0.181825,-2.859686,-2.914047,1.921108,-0.028406,3.850953,0.172462,-0.442172
1140,10581,2.369485,-2.421181,-0.204947,2.364963,-0.681832,-4.655293,-2.573421,2.975152,1.028435,2.907192,1.224616,0.859996
1141,10582,1.846865,-0.155885,-1.218444,0.083585,-1.195884,-4.261559,-2.463301,2.754526,0.381272,2.990911,-0.397908,-0.488672
1141,10583,1.719973,-2.765293,-1.848618,-1.012232,-0.546680,-0.785745,-1.813838,1.908072,0.158439,2.727939,1.740582,-1.608960
1141,10584,3.122090,-1.114299,-4.028428,0.972664,0.042942,-3.743585,-2.635384,2.042980,0.925190,2.034854,0.919763,-3.633040
1141,10585,3.197374,-1.505036,-2.990182,0.275959,0.402326,-3.744404,-2.498708,1.669940,0.309114,2.836230,1.939754,-0.209172
1141,10586,1.434444,-1.967575,-0.669291,1.602509,-1.585007,-1.404077,-1.049313,2.705095,0.171257,3.592818,0.784158,-0.761243
1141,10587,3.380891,-2.227427,-1.757159,-0.166546,-0.748939,-3.534688,-2.114148,2.485757,1.517738,3.451486,0.382712,-1.824681
1141,10588,2.332075,-2.444462,-2.224902,0.598469,1.342068,-3.094123,-1.882557,1.951830,0.496842,2.937430,1.636519,-1.827487
1141,10589,2.007026,-1.534126,-2.778866,1.294085,0.378759,-1.384348,-2.324529,4.232381,0.418912,2.191455,0.739341,0.678199
1141,10590,2.722951,-2.791466,-2.190665,-2.155890,-0.505036,-4.820931,-1.826299,3.111560,0.646717,2.774076,1.339866,-1.818540
1141,10591,3.063785,-2.839949,-2.177136,-1.202657,-1.159789,-3.682536,0.298079,2.007809,-0.136959,2.687230,0.034717,-2.204615
1142,10592,252.310368,-1.002822,-1.368848,285.830370,-3.528108,-42.941991,-1.904225,183.116834,71.504403,3.702794,1.084633,0.340578
1142,10593,180.967365,1.009961,-2.811017,-92.757017,-1.872026,-965.439171,-4.094124,168.541993,-304.995886,3.631048,-0.315494,-1.447397
1142,10594,96.455061,-0.107931,-4.462216,445.898894,-1.966320,-453.179834,-3.841461,253.520666,253.286865,3.659647,-0.285368,-1.808230
1142,10595,246.079217,-0.559834,-4.847617,-144.449009,-1.323551,-350.771754,-4.873923,67.840734,305.730846,4.064266,0.617481,-0.884677
1142,10596,290.039565,0.929955,-3.574067,100.925368,-3.439829,-765.968711,-2.325077,201.041512,-24.011591,4.637924,-0.204111,-1.817044
1142,10597,131.477062,0.491257,-3.119495,-267.016652,-3.456389,-667.045735,-0.645920,262.204189,144.225040,3.935900,-0.033762,-0.628361
1142,10598,236.344201,-0.787530,-3.507152,-120.827143,-3.436871,-575.770893,-2.394557,210.638011,-26.240061,4.060405,1.071131,1.996785
1143,10599,105.469013,0.115795,-2.889174,233.317392,-3.585886,-204.834577,-1.998938,194.789949,20.922761,5.101206,-0.346235,-1.300234
1143,10600,181.054458,0.574496,-3.280738,-203.915996,-4.879326,-1361.518192,-5.132881,224.191453,102.899778,3.939384,1.846127,-1.317753
1143,10601,197.499935,0.228835,-1.957613,177.129019,-3.815282,-159.966159,-3.732608,269.933233,-167.810694,3.992418,0.359903,-0.549529
1143,10602,223.669348,-0.908872,-3.721534,-61.881770,-2.210727,-1087.636273,-3.438182,122.160933,102.736544,3.912932,1.444272,-1.104807
1143,10603,152.233890,-0.386891,-3.755363,59.175672,-3.638401,139.643251,-2.144182,222.425890,-27.273560,3.501854,0.049267,0.603948
1143,10604,238.903892,-0.140899,-1.127596,24.487028,-4.013250,-130.504004,-2.146076,228.189465,84.875013,4.360068,1.935511,-1.102975
1143,10605,111.515200,-0.045170,-2.598056,-296.402557,-2.383855,-931.967248,-3.963387,490.802867,89.144062,3.795299,1.392281,-0.367588
1143,10606,81.529990,0.871222,-2.453284,50.163339,-4.259181,-997.654009,-2.625340,324.796008,87.049369,5.340795,0.387348,-1.585374
1143,10607,143.116576,0.508260,-3.061627,470.961767,-2.318286,-543.875830,-2.613462,411.136076,91.935547,5.208788,0.766707,0.663210
1143,10608,176.585944,0.117079,-2.816131,518.718860,-3.163144,-519.370589,-1.070265,268.669317,105.331895,3.528625,1.659979,0.785686
1144,10609,318.108592,0.556711,-2.102395,-73.263272,-4.154556,-720.455010,-3.926669,294.992919,31.221450,4.069932,1.466356,2.172291
1144,10610,220.290862,-0.285186,-2.383499,194.727279,-3.984403,-1134.412037,-2.160634,300.622655,133.930293,5.141261,0.480392,0.127445
1144,10611,207.005402,0.157194,-3.504649,471.067545,-2.203900,-508.257866,-3.308916,280.860829,186.820377,4.400790,0.500011,1.415568
1144,10612,207.488741,-0.090998,-2.210578,-136.747656,-2.883253,-107.027333,-1.328286,64.146919,212.950064,5.663587,1.018643,-1.240680
1144,10613,151.583257,-0.731066,-2.827283,308.456407,-2.650844,-60.142541,-2.990070,241.591183,433.532981,4.296546,1.078174,-1.516908
1144,10614,32.562932,-0.089289,-2.264192,156.166024,-2.707029,-627.884045,-2.628489,284.934114,40.785722,4.184737,0.623219,0.418848
1144,10615,59.365981,0.779543,-2.574426,215.730919,-3.189131,-510.182045,-2.645778,356.743307,116.230491,4.206933,1.234569,0.423399
1144,10616,75.438442,-0.450069,-3.578408,184.828713,-2.743767,-1414.663051,-2.179604,94.295418,135.653620,4.576293,2.524924,-1.142963
1144,10617,144.759692,0.156619,-2.730731,144.775917,-2.559130,-738.385871,-1.306532,207.611889,5.909353,3.865967,-0.121850,-1.106219
1144,10618,317.355956,-0.109935,-3.385033,257.302080,-3.853914,-471.107072,-0.786473,151.622823,189.242414,4.666523,1.088714,1.597619
1145,10619,127.753471,0.639058,-2.535164,-114.791483,-3.558666,-796.212300,-2.381791,174.794907,82.055556,5.204900,-0.392657,-0.661367
1145,10620,235.296113,0.170748,-1.769946,-67.050032,-2.196545,-745.458480,-3.038255,45.960192,-116.505055,3.851384,0.323117,-0.038215
1145,10621,75.780366,-1.025927,-1.935984,69.853818,-1.762047,-371.845497,-1.793276,157.549781,52.532883,3.274739,0.541670,-0.911749
1145,10622,234.265229,-0.247996,-3.742641,-139.722940,-2.828866,-706.516861,-2.338952,239.414751,30.375779,4.379918,1.051031,-1.159455
1145,10623,143.227034,-0.762394,-3.669221,123.138784,-4.420789,-1063.982829,-4.288840,169.138642,83.248624,3.597672,0.387705,-1.872846
1145,10624,299.739243,1.933576,-2.435705,-315.888100,-2.680249,-71.989678,-1.828771,262.004312,62.103664,3.163030,1.914307,1.247250
1145,10625,190.324782,-0.409910,-2.116277,223.885864,-3.927899,-609.973669,-5.386211,135.201330,8.083397,5.140174,0.765583,0.680242
1146,10626,1.376923,-1.578336,-2.226091,3.389389,-0.121118,-4.857614,-2.406396,2.123280,0.592343,4.929515,0.733862,1.176992
1146,10627,4.632385,-0.964586,-2.294789,0.803725,-1.088034,-4.603284,-2.722141,1.994585,1.400499,3.689490,1.021503,0.350284
1146,10628,3.333540,-2.385954,-2.909846,2.659110,-3.102227,-4.709911,-2.613936,1.759286,0.144785,2.536582,0.745108,-0.465709
1146,10629,3.388259,-2.283125,-1.394690,-0.648000,0.652302,-1.920615,-2.614346,2.083438,0.476958,3.137156,1.420123,-0.995975
1146,10630,0.801033,-1.701110,-0.707945,1.163593,-1.332746,-3.450376,-2.328506,1.656399,-0.050118,3.249482,1.437266,-1.329693
1146,10631,2.224817,-1.171726,-1.404464,3.559232,-0.682170,-4.312218,-1.293649,2.360187,1.843314,2.499654,1.511510,-0.917120
1146,10632,1.165586,-2.819104,-2.198802,-3.124856,0.223545,-4.141205,-1.324424,3.488223,0.719940,2.707730,0.401157,-0.997278
1146,10633,4.260837,-1.710360,-3.172314,0.093936,-1.232255,-0.227685,-1.093836,2.472075,0.122468,3.807403,1.847919,-2.335003
1146,10634,3.281363,-2.046835,-1.659667,-0.886558,-0.862754,-0.655300,-0.726011,1.871643,-0.015202,2.548452,1.463569,-2.522654
1146,10635,3.038853,-1.446607,-2.261594,-0.116285,-0.726569,-0.350490,-2.664099,2.224577,1.110555,2.429263,1.465296,-0.601337
1147,10636,144.780467,0.423562,-2.041599,18.441402,-4.491508,-846.304259,-2.746470,243.829950,-90.418519,3.956354,1.238314,1.129535
1147,10637,259.147100,-0.530025,-3.511829,-233.184590,-2.978422,-513.680458,-1.052141,357.430922,264.750856,4.403442,-0.542062,0.282880
1147,10638,262.746551,-0.022390,-1.111896,45.028649,-2.158528,-406.437525,-4.767604,364.591202,117.642778,4.870408,1.554785,-3.405098
1147,10639,31.115628,-0.160204,-2.087144,407.921765,-4.003972,-352.895615,-2.041395,252.063571,3.605077,4.811357,0.800955,1.294645
1147,10640,207.634345,0.404844,-2.084628,-104.254698,-2.882257,-597.915269,-1.786011,185.757066,104.895083,4.201927,0.679491,-0.746496
1147,10641,163.224619,0.202363,-1.571893,187.760773,-4.026472,-927.604107,-1.461269,402.987155,-47.532409,4.811787,0.720983,-2.333205
1147,10642,130.368844,-0.917030,-1.730685,432.362252,-3.833078,-289.802693,-2.310627,31.078791,80.243525,5.387958,0.596694,1.075893
1148,10643,2.615086,-2.132941,-2.524550,3.399132,0.735419,-2.102893,-3.308927,1.516972,0.472822,2.689251,1.347079,-0.530639
1148,10644,0.760665,-1.967771,-2.198116,2.036692,-1.335489,-2.685559,-2.650524,2.367095,1.170960,3.812327,1.639448,-2.023781
1148,10645,3.215256,-3.372192,-0.872093,1.052886,-1.166487,-0.312903,-1.798967,1.076394,-0.449803,4.008314,1.798887,-1.477952
1148,10646,2.824673,-1.439471,-2.239557,1.438344,0.830929,-2.429427,-4.308003,0.525118,0.309308,2.663621,0.939175,0.483384
1148,10647,4.269315,-1.381119,-1.136499,4.754032,-0.760110,-1.134090,-1.160345,2.761327,-0.008764,2.672761,0.518313,-1.060098
1148,10648,1.313563,-1.445625,-3.686169,1.165061,-0.272497,-0.683547,-1.715366,1.100099,1.403185,3.998240,0.828421,-0.652126
1148,10649,1.817045,-1.544730,-3.580472,0.637086,-0.564884,-4.720874,-1.808166,0.631731,-0.199093,2.904702,1.886665,-3.511396
1148,10650,0.743210,-1.819231,-2.622049,3.899004,-0.023666,1.470891,-2.558685,0.901965,0.740599,3.707581,0.231231,-0.905983
1148,10651,2.614759,-2.257527,-1.742050,-1.131745,-0.913176,-3.115117,-3.472523,1.793664,0.683714,3.107310,0.906249,-1.773772
1148,10652,1.492628,-1.154155,-1.466887,1.419842,-1.834827,-3.313505,-3.157049,3.278591,0.195689,2.786960,0.478256,-1.353898
1149,10653,2.572146,-2.480978,-0.694445,2.679630,-0.348711,-5.143582,-0.931242,2.420648,0.411636,3.139597,0.209744,-3.162160
1149,10654,2.809680,-2.054643,-1.620866,-2.381652,-0.954319,-1.636629,-2.598663,2.771749,0.286796,3.573357,0.519351,-1.612583
1149,10655,3.063594,-2.874632,-2.486995,-3.214423,-2.187453,-0.652859,-0.063617,1.741604,1.418654,2.483505,0.987620,-0.607464
1149,10656,2.714393,-1.513707,-2.079787,3.339701,-1.250198,-6.566122,-2.995982,1.677504,0.138235,3.524150,1.377685,-1.560689
1149,10657,2.473714,-2.105819,-2.807251,1.123449,-0.354494,-0.024006,-3.169301,2.717857,1.027195,2.399589,0.907621,-0.659049
1149,10658,3.116095,-2.142180,-2.480702,-2.055344,-1.944299,-2.471982,-2.458211,2.210191,-0.211747,2.403817,1.640834,-1.714440
1149,10659,3.880481,-2.222268,-2.333525,0.727461,-1.551701,-1.807218,-3.654625,1.496532,-0.226067,3.784583,1.046182,0.284466
1150,10660,2.955126,-1.135032,-0.143491,-1.283637,-2.685386,-4.498993,-0.750700,0.236520,0.912986,2.917133,0.418875,-1.487279
1150,10661,3.069269,-1.364906,-3.526445,-0.784195,-1.083642,-2.016030,-2.595086,1.060891,0.737611,2.312957,0.847801,0.597873
1150,10662,0.506644,-2.209831,-1.052172,-0.616956,-1.309181,-5.663798,-3.526641,1.735316,0.161698,3.068014,1.464551,-1.488735
1150,10663,3.350751,-2.913214,-2.598251,2.058169,-0.698263,-2.347779,-4.033899,1.356004,0.455445,2.245566,1.364033,-1.440999
1150,10664,2.983519,-1.260515,-1.290787,1.047251,0.074057,2.123438,-2.391607,3.190321,-0.132111,2.240363,1.129133,-2.409502
1150,10665,3.475940,-3.717417,-4.120368,-1.283423,-2.441597,-3.014563,-5.286138,0.459186,0.365934,2.856277,1.671324,1.081124
1150,10666,3.662709,-2.581483,-2.436804,1.710932,-1.071921,-7.113775,-3.648053,2.534661,1.832319,3.187846,1.036192,-1.230070
1150,10667,0.913810,-4.153096,-4.909861,0.030522,-0.565978,1.203193,0.252696,1.608427,0.244298,3.720162,0.873672,-0.725474
1150,10668,3.330095,-1.578029,-1.718926,-0.896199,-0.980351,-0.439919,-2.282443,2.244862,0.601988,2.350671,1.544649,-1.336193
1150,10669,3.143651,-2.660175,-2.384668,1.768702,-1.294379,-3.790444,-4.124555,1.124799,1.323588,3.552681,1.035462,-0.606250
1151,10670,178.769256,-0.275093,-1.385304,201.989682,-4.291434,-529.723526,-4.552850,290.239064,133.504212,3.472556,2.122051,-1.725677
1151,10671,104.069325,-0.054767,-3.002673,256.341351,-2.125414,-797.185992,-4.425058,385.161600,254.566724,3.630477,0.306451,0.920113
1151,10672,102.027758,0.147635,-3.876787,-261.272108,-3.913425,-165.054349,-1.699592,200.959499,60.261621,3.071072,0.278568,-0.304599
1151,10673,107.988125,-0.262212,-3.692800,871.165102,-2.074276,-760.392916,-3.297808,160.295913,-13.839715,3.706184,0.190685,0.571565
1151,10674,145.349629,-0.724605,-3.744815,-266.247102,-2.933482,-527.795473,-2.488889,210.262952,22.134182,3.128845,0.976759,0.858996
1151,10675,120.763375,-0.663035,-0.988806,-44.992790,-2.348354,-332.771385,-3.384054,353.060044,36.567025,3.251967,1.521524,2.188433
1151,10676,263.468452,-0.302607,-3.096438,-615.021666,-3.277069,-82.624803,-0.689042,443.640826,73.199675,3.362397,0.583102,0.845573
1151,10677,362.578015,-1.029458,-3.502914,659.752028,-2.316979,-620.418462,-3.678152,337.772725,-88.526430,3.568226,0.972349,0.033393
1151,10678,59.216445,0.063937,-1.981575,291.817847,-3.774053,-300.407551,-4.623258,72.712198,150.196549,4.813326,1.594837,-1.949008
1151,10679,154.270547,-0.508904,-2.915755,34.463472,-3.173863,-493.970343,-0.930056,317.197461,-36.318056,3.951942,0.494711,-0.668775
1152,10680,1.923389,-2.313382,-3.112849,-0.694474,-0.970098,-2.527367,-1.755009,2.366032,-0.336227,3.683045,0.297375,-0.748705
1152,10681,2.444676,-2.275332,-1.208836,-0.492614,-0.134060,-1.838185,-2.758081,1.286787,1.347813,2.187005,1.610593,0.725618
1152,10682,2.327154,-1.302698,-1.943486,2.044401,-2.398999,-1.374398,-2.610237,1.982590,0.854395,1.359673,1.094734,-0.731339
1152,10683,2.965683,-0.574126,-2.192127,-1.412341,-1.834371,-0.315368,-2.345724,2.354364,1.179796,1.922416,1.869788,-1.562125
1152,10684,3.002224,-1.681928,-2.483352,1.897130,-1.422275,-2.537701,-2.583496,2.353417,0.199353,2.939916,1.571028,-2.514660
1152,10685,2.145548,-1.121020,-2.169999,1.562651,0.285908,0.199090,-1.097096,1.954310,-0.670752,2.706279,0.841346,-0.855203
1152,10686,2.216280,-1.426950,-1.353680,3.023931,-1.731540,-3.700020,-3.374576,2.773670,0.609716,2.321189,0.686578,-1.416556
1152,10687,1.377479,-2.203557,-2.882183,-1.839968,-0.998889,-5.916376,-1.612634,1.186347,-0.244490,2.812079,0.680077,-3.006296
1152,10688,2.390859,-2.016385,-3.038528,0.221194,0.080666,0.273408,-2.988953,3.012434,0.150583,2.502714,1.733906,-0.734005
1152,10689,2.997930,-2.598022,-1.320577,-0.833094,-0.038816,-3.262308,-2.777268,3.131406,0.096591,2.740009,0.457967,0.364766
1153,10690,3.644692,-0.824930,-2.148021,1.706555,-0.589512,-2.782377,-3.008978,2.653795,-0.726014,3.091753,1.569516,-3.087526
1153,10691,3.192054,-1.701719,-3.030135,0.523574,0.329925,-4.773808,-2.441859,2.199438,0.504995,4.307874,2.213263,-2.110870
1153,10692,1.285071,-1.904286,-1.241202,-1.087156,-0.723413,-2.284452,-1.643222,3.510030,0.410764,2.711256,-0.806821,-0.847494
1153,10693,1.065947,-2.039490,-2.509402,2.528795,-0.744123,-0.916237,-2.439704,1.450466,0.597541,2.525737,1.982208,-0.431057
1153,10694,2.968337,-2.374301,-0.262796,2.432040,-0.479728,-4.342296,-3.089558,2.429596,0.643880,3.550427,1.255379,-1.207314
1153,10695,2.932086,-1.266518,-1.629851,2.606102,-0.300040,-3.809744,-0.891898,2.300718,1.153770,2.101712,1.378721,-1.540121
1153,10696,1.817049,-1.880996,-2.186186,0.060569,-0.118477,-1.074866,-1.112207,2.182317,0.711274,2.480340,0.666360,-2.624053
1153,10697,2.033051,-2.845319,-2.464063,0.443229,-2.143436,-2.805591,-3.243741,2.539880,0.235588,3.721498,0.483627,0.342115
1153,10698,2.227031,-1.907081,-1.685939,2.487018,-0.953661,-3.603054,-0.138893,2.313587,0.463962,3.082972,1.435799,-2.610453
1153,10699,1.373314,-1.834272,-2.994451,-0.000721,-0.085451,-1.045361,-1.947944,1.040981,1.473931,3.063997,0.345950,0.534985
1154,10700,147.189830,0.326507,-2.400877,179.098344,-1.902192,-1002.749337,-1.371860,349.593046,128.159380,4.485693,0.992547,-0.554027
1154,10701,237.147471,-0.530762,-5.200696,-195.458666,-4.289300,-522.670285,-1.442692,283.649865,15.791375,3.474019,0.954916,0.567815
1154,10702,232.963293,0.357028,-3.233354,38.335673,-3.126372,-330.235834,-2.484392,358.810518,66.563215,3.437849,0.339843,1.034642
1154,10703,206.835779,-0.227904,-1.955340,-127.848756,-3.310676,-1126.467736,-3.066142,202.146019,-149.926352,4.507899,0.543276,-2.152992
1154,10704,99.088630,-0.298292,-1.394012,-123.333317,-3.465021,-226.836026,-3.189493,503.725320,-46.081379,3.830409,0.313323,0.847148
1154,10705,183.182605,-0.132799,-3.213651,80.190537,-4.266431,-611.891141,-2.922116,245.984746,79.319772,4.708088,0.266423,0.588129
1154,10706,164.975146,-0.304057,-3.361444,454.192478,-3.457778,-858.921325,-2.680232,334.451353,297.491730,4.792616,1.792719,-0.517759
1154,10707,225.332721,0.044961,-3.236291,-7.026313,-3.178422,-845.856442,-4.071769,193.777687,-7.269318,3.469185,0.874665,-0.039276
1154,10708,275.484342,-0.523910,-1.645067,31.100132,-4.019653,-624.117104,-1.653536,309.084304,101.415218,4.670542,0.691447,-1.397933
1154,10709,294.993868,0.301152,-0.891224,308.034409,-3.231504,-836.862581,-1.945542,124.128523,-97.876828,4.122866,0.546397,0.549368
1155,10710,1.344722,-1.766225,-1.839377,1.929632,0.473062,-2.165979,-2.088376,1.869683,0.141547,2.618624,1.270568,-0.543247
1155,10711,2.193784,-2.302490,-2.037568,0.487566,-0.196465,-3.824480,-0.722387,2.133161,0.338453,3.478392,1.173168,-0.295331
1155,10712,2.882694,-3.033282,-2.805509,0.934949,-0.798552,-3.354743,-1.362557,0.835505,0.568574,2.052075,1.314086,-1.090047
1155,10713,2.083997,-1.585768,-0.395674,3.885936,-1.006853,-5.561934,-3.018697,2.109167,-0.342437,3.009967,1.609045,-0.039475
1155,10714,2.170289,-2.169142,-2.487750,1.374516,-0.034858,-1.493068,-3.919305,2.635048,0.435783,3.008116,0.956105,-1.031899
1155,10715,2.062339,-2.663130,-2.353305,-0.750808,-0.824250,-0.420552,-0.280342,1.382893,0.354997,2.442774,0.191513,-2.152952
1155,10716,2.938410,-2.206040,-2.381943,3.566059,-0.737769,-1.298399,0.098617,1.785121,-0.037152,3.250106,1.102063,-0.523404
1155,10717,2.972181,-1.397704,-1.440511,-0.280209,-1.751039,-1.649059,-3.129294,3.171882,1.211597,3.464854,1.395639,0.016700
1155,10718,3.337365,-2.257099,-3.222527,0.963301,-0.538621,-3.657675,-0.202223,2.991779,0.747961,4.280579,1.261694,-1.588172
1155,10719,3.871903,-3.536473,-0.592682,3.630581,1.594374,-1.153217,-3.529216,1.307395,0.444882,3.695425,0.617619,-2.292418
1156,10720,120.197658,-0.825424,-5.009870,-40.027101,-3.622493,-1049.311096,-2.898140,340.762583,-144.892935,4.445489,0.964879,1.527564
1156,10721,211.799634,-0.599729,-2.933998,186.302288,-1.608461,-539.898552,-1.420474,198.100648,180.682416,5.109914,0.706463,0.354089
1156,10722,195.749606,0.723600,-2.499916,343.603596,-3.172976,-690.668591,-1.885123,361.132521,56.448140,5.073758,0.569384,0.366724
1156,10723,170.711095,0.148494,-3.294062,156.186686,-2.254007,-75.438006,-2.393516,189.473772,30.749634,3.966298,1.400302,-1.666489
1156,10724,99.144068,0.166921,-2.988833,-78.345821,-3.638604,-1127.500469,-3.393885,206.226261,26.834207,4.304473,0.703874,-0.611090
1156,10725,214.579482,-0.703018,-2.236535,145.742340,-4.258655,-899.915004,-2.914168,214.496762,277.126762,4.123834,0.484102,-0.543574
1156,10726,135.710112,-0.398988,-2.778798,176.352087,-2.875476,-55.934359,-2.900479,91.814632,146.373125,5.101699,1.157687,-0.014201
1156,10727,155.087789,0.328573,-3.876821,252.061075,-3.700334,-450.593888,-2.915380,271.104753,181.103310,3.988013,1.419533,1.639215
1156,10728,193.487179,0.379841,-3.663964,383.003011,-4.092040,-174.533758,-2.386581,413.120193,139.426132,5.525288,-0.255832,-2.273975
1156,10729,134.526069,0.220815,-2.601379,181.490206,-3.459879,-517.017356,-4.086688,400.436224,235.555972,3.934684,0.943827,0.391268
1157,10730,282.146229,-0.570195,-2.130020,-48.130668,-2.554286,-743.680779,-0.398801,119.226211,358.078803,3.867482,0.500653,0.093786
1157,10731,160.334740,-0.656514,-2.825947,11.509581,-3.896748,-1235.867453,-3.161098,242.764738,111.766350,3.687653,1.874432,-0.964188
1157,10732,144.484705,-0.835718,-3.411921,104.756908,-3.863770,-666.241370,-3.652124,302.361556,-8.958103,4.481844,0.428967,0.076863
1157,10733,139.326909,0.424329,-3.015390,66.617344,-4.155393,-425.658744,-1.816321,251.073413,30.586136,4.795815,0.514091,-1.019603
1157,10734,150.923395,0.387361,-4.046141,-347.118112,-2.220158,-1137.925334,-1.495948,287.037503,-2.191044,4.199967,1.332247,-0.174569
1157,10735,205.499286,-0.471266,-2.066837,250.856703,-4.136331,-1272.884497,-2.644192,211.382746,203.232138,3.559736,1.776690,-0.746780
1157,10736,330.364040,-0.236501,-1.426489,34.584641,-3.138442,-611.892525,-3.994225,313.216457,148.220975,4.477565,0.360010,2.393628
1157,10737,148.746532,-2.017489,-3.437024,226.069399,-3.371722,-264.764194,-2.613150,152.602020,164.524721,4.584818,1.116561,-0.261083
1157,10738,189.145603,1.976044,-2.152703,270.766862,-2.681989,-466.424838,-3.868149,213.857351,13.871561,4.668624,0.822933,-0.460775
1157,10739,107.192538,-0.938639,-1.862227,515.376424,-3.934592,292.980449,-0.429500,420.953656,128.076891,4.377331,0.197120,2.964930
1158,10740,5.577391,-1.301606,-0.969393,1.102857,-0.161867,-2.288991,-2.554502,1.871212,-0.301213,3.921070,1.203926,0.967676
1158,10741,3.166971,-1.900212,-3.877301,1.782699,-0.588020,-3.289899,-5.644876,2.034716,0.054536,2.604626,0.350384,-0.031486
1158,10742,4.551254,-1.744630,-1.865617,0.228693,-0.897236,-1.375229,0.084196,2.943999,0.718728,3.228568,1.323623,-1.135107
1158,10743,1.829873,-2.472859,-1.683288,1.275905,-1.183840,-0.565955,-2.776697,2.522657,-0.002672,3.394629,1.064612,-1.114457
1158,10744,3.640228,-2.094108,-1.449262,0.940870,-0.411300,-1.876487,-2.479378,1.931864,0.920413,3.159773,1.461325,0.094776
1158,10745,3.455205,-2.043705,-1.612135,-0.518654,0.299842,0.498041,-1.223421,2.218703,0.989523,3.070328,-0.345619,-0.316319
1158,10746,1.979310,-1.968231,-0.954186,-0.566009,-0.942129,-0.350008,-4.545588,2.619397,0.166747,3.024331,1.587726,-0.114262
1159,10747,159.781227,-0.964806,-4.435186,-99.358728,-2.342867,-789.034476,-3.314623,206.636549,171.811335,3.900891,0.287701,0.399348
1159,10748,150.973473,0.772083,-3.150751,270.084577,-3.619110,-751.545988,1.658938,216.815254,-21.822326,4.779917,1.052979,0.064585
1159,10749,79.462387,1.333513,-3.296668,365.247531,-3.283037,153.096963,-2.270822,402.096655,152.727958,4.006508,1.617575,0.348122
1159,10750,38.715281,0.941764,-3.360173,566.456396,-2.401962,-127.775354,-3.569991,260.974703,-19.989949,3.121786,0.922181,-0.855415
1159,10751,322.522183,-0.969207,-4.244455,34.206174,-3.491860,-1314.854890,-2.265940,230.544510,370.132796,4.534938,0.764538,1.048401
1159,10752,151.539117,0.249808,-1.860224,-16.861675,-2.975827,-115.963898,-2.052481,153.310108,-44.664324,4.369274,0.196914,-0.720289
1159,10753,3.016348,0.112183,-3.184420,34.995628,-2.625754,-1515.600593,-3.088302,158.131654,167.991020,4.384802,0.330227,0.851466
1159,10754,245.131935,-0.306717,-3.648449,260.147744,-4.257370,-881.058280,-4.622317,268.899826,1.427514,4.498567,0.445292,1.565119
1159,10755,157.190774,0.587154,-0.836457,-335.658814,-3.465040,-1166.799296,-1.425580,114.694745,240.670220,5.017985,1.241161,-0.164898
1159,10756,158.296686,-0.288944,-2.129537,75.959234,-2.372384,-982.401363,-3.050121,483.614165,54.477232,3.063579,2.378742,0.672859
1160,10757,223.650596,-0.130404,-2.427856,103.544771,-3.565998,-678.123954,-1.382599,436.717807,1.885963,3.877693,0.496304,-0.644482
1160,10758,123.963103,-0.800371,-1.974045,222.539789,-3.982019,-511.649166,-1.701302,379.737637,-41.978476,4.629752,0.911013,-0.563403
1160,10759,171.636752,-0.039713,-6.262419,-379.754196,-3.661748,-167.349421,-3.174612,146.154975,195.806539,4.493703,1.198427,0.210418
1160,10760,169.964761,0.165637,-1.836565,-339.912005,-3.368256,-934.838407,-2.324985,292.342964,-57.307926,3.722793,2.080584,-1.426081
1160,10761,174.524508,-0.553036,-1.976946,612.732321,-2.373964,-882.507435,-3.230473,340.191303,287.471254,4.028975,0.408296,-0.013889
1160,10762,129.632737,1.389726,-1.958750,220.336734,-3.963159,-494.110671,-1.748755,475.981501,-18.898874,5.007707,0.972743,-2.173075
1160,10763,169.542614,1.130834,-2.166353,-125.660447,-3.297470,-977.511038,-3.752518,302.730082,-59.626536,4.031077,0.191885,0.165694
1160,10764,291.487248,-1.000511,-3.304875,405.065788,-2.875544,-944.602604,-3.988149,154.844149,-162.381841,5.519399,0.500319,-2.808973
1160,10765,125.187695,-0.186922,-4.301724,-650.410451,-4.356642,735.797880,-2.359983,175.892597,205.876366,4.566856,2.124482,0.600226
1160,10766,187.831968,0.129806,-2.817483,102.003222,-1.628261,-1066.009066,-3.180632,178.775623,108.392145,4.109468,0.273391,0.344161
1161,10767,221.744242,-0.231042,-2.622256,232.041029,-2.986264,-1034.302177,-3.879935,230.737103,48.954775,3.855152,0.607643,1.657476
1161,10768,230.836825,0.346405,-3.204141,-262.716804,-2.883092,-368.571721,-3.126850,208.155618,127.724826,4.687855,1.527648,0.401007
1161,10769,147.017471,0.656095,-2.190277,135.511225,-1.727665,-565.682191,-1.201834,82.728307,191.070567,4.066457,0.760775,2.435982
1161,10770,216.001810,-0.903339,-3.705016,129.848851,-3.735268,-361.795713,-2.502708,312.859828,145.547830,4.985168,1.426789,-2.226471
1161,10771,156.944870,0.067030,-3.495156,473.973391,-2.861270,-583.215964,-3.061465,310.633312,-62.046992,4.607130,1.149699,3.369144
1161,10772,145.653820,0.267301,-3.857054,55.098939,-2.747376,14.267321,-2.415395,192.420093,139.454499,5.049934,0.715313,-0.437059
1161,10773,98.588195,-0.077608,-2.802724,460.941433,-3.321744,-604.466543,-3.488219,-13.793021,1.887854,4.762187,0.699072,-0.339483
1161,10774,255.130669,0.747015,-3.560035,-176.640635,-2.762361,-675.747806,-4.536888,258.802524,255.508367,4.313857,-0.646022,0.172063
1161,10775,137.562112,0.611819,-3.184327,-237.603297,-4.437896,-251.160644,-0.814044,396.587650,92.652960,5.097927,0.578121,-0.244743
1161,10776,49.564108,-0.344335,-3.058724,-42.285062,-4.548504,-423.380103,-1.000630,455.746818,165.578881,5.547086,1.184603,-0.010223
1162,10777,284.793951,0.121233,-1.969976,580.517018,-3.632738,-525.392479,-1.275554,299.460255,138.964714,4.527017,0.733649,-0.618218
1162,10778,23.844728,0.424932,-1.431294,65.318641,-4.421406,-923.685529,-0.995352,338.758337,-33.375291,4.304875,1.159914,1.672190
1162,10779,249.140633,0.551972,-2.725479,-170.142725,-3.161262,-711.163857,-3.566998,309.616454,257.032077,3.956344,2.134238,-1.326370
1162,10780,36.644282,-1.032060,-2.193017,287.904401,-4.749612,159.713208,-2.035203,341.312345,-175.378844,3.083836,1.915783,-0.051807
1162,10781,310.181632,-0.547765,-2.004723,481.651387,-3.329972,187.773962,-2.514268,435.216465,109.717517,4.991281,0.815025,2.092469
1162,10782,151.789761,-0.596858,-2.303485,184.352664,-4.372296,-711.469517,-3.671185,271.738256,36.720021,3.771004,0.861429,1.039090
1162,10783,169.686846,0.049964,-1.256252,-389.344305,-3.838500,-713.809619,-3.795883,294.699762,-35.528754,3.344924,0.631611,-2.157604
1162,10784,122.395603,-0.301324,-2.169779,-40.126468,-3.587738,-541.589624,-2.477486,219.858834,112.438502,5.017909,0.605212,0.061259
1162,10785,160.234849,1.382474,-2.765871,-38.262390,-4.611633,-1411.775026,-2.441830,309.613448,97.454709,3.392936,-0.100233,-0.387089
1162,10786,162.776766,0.828484,-2.879758,-33.843327,-2.347191,-497.890317,-2.948914,315.722967,267.661604,3.699380,0.112128,-2.157345
1163,10787,121.527452,-0.149752,-2.317321,180.266235,-3.380655,-598.179742,-3.421855,66.122838,208.760444,4.632977,0.926359,-0.720265
1163,10788,110.552827,0.806446,-1.987003,-131.778953,-3.233268,-591.109262,-2.162497,177.347901,40.742826,3.696859,0.929623,-0.054790
1163,10789,137.689569,-0.794883,-3.108763,437.499174,-3.094575,-732.927988,-1.339219,186.806075,166.606449,3.613545,0.939741,-0.348465
1163,10790,236.632870,0.520623,-1.313872,564.260896,-3.846763,-608.584342,-2.388893,271.863686,272.302737,3.667439,-0.026529,-0.288370
1163,10791,247.575787,-0.174279,-2.892244,-27.291250,-3.132458,-274.217770,-2.848481,174.669724,202.967506,3.717001,1.147901,0.267016
1163,10792,196.405655,0.074875,-3.892597,341.722916,-2.827153,-359.084557,-3.361951,493.877388,35.889558,4.774737,0.133602,0.638723
1163,10793,153.078193,0.301226,-4.422305,798.829420,-4.630888,-1016.019055,-3.009661,75.686007,417.405961,5.507276,0.811632,-2.106482
1163,10794,126.954992,-0.728154,-2.671382,-150.494118,-2.698914,-590.555156,-3.824190,160.396837,211.070429,4.652481,0.830251,0.154804
1163,10795,88.988589,-0.526611,-3.604175,-58.965588,-1.902882,-563.254813,-1.236697,226.135352,66.945419,4.515127,0.381602,0.518819
1163,10796,154.997829,0.628755,-1.614229,167.675090,-3.537760,-660.490043,-3.735341,79.144586,59.508020,4.656498,0.921006,-0.114155
1164,10797,231.226314,0.177431,-1.920216,-209.372264,-3.043891,-977.709408,-3.818220,275.459481,239.673551,4.853981,1.056155,0.855523
1164,10798,197.271836,-0.927778,-3.362789,85.240751,-4.012413,-639.869005,-2.890561,353.993035,124.990877,4.230961,1.433593,-0.471073
1164,10799,115.147075,-0.154345,-3.852834,385.277409,-4.399903,-251.762985,-3.309233,72.821814,128.084422,4.923396,1.064888,-1.076009
1164,10800,144.081077,0.367023,-1.284064,-175.270763,-3.023008,-343.307038,-1.840507,285.722012,145.278419,3.885816,0.960527,-0.601150
1164,10801,178.277028,-1.259700,-1.787390,-3.512165,-4.507822,-194.653340,-0.037608,183.582707,224.764075,5.381827,0.600963,-0.971191
1164,10802,106.370109,0.141199,-0.575204,364.567178,-3.658880,-871.347736,0.883684,263.183799,34.805099,3.652218,2.022929,-0.813048
1164,10803,218.376812,-1.828507,-3.542456,-26.909709,-3.120216,-764.610202,-2.815486,218.269508,13.131172,3.538496,0.730319,-1.957706
1164,10804,300.840089,0.750977,-4.156021,-399.663391,-3.723733,-398.803688,-2.587793,290.172815,73.211078,3.841172,0.948477,-1.585716
1164,10805,180.865692,1.053579,-3.065984,-215.439515,-4.865474,-576.352452,-2.969949,302.341006,111.358144,4.113093,0.265678,-1.740709
1164,10806,178.580298,0.353069,-1.486134,422.647766,-4.979359,-578.438264,-3.277632,268.600722,76.987270,4.618011,0.864554,-0.076275
1165,10807,3.570717,-2.225720,-2.689861,-0.256147,-1.912388,-3.870828,-1.278706,3.115879,0.529191,2.804757,2.311847,-1.247875
1165,10808,3.314772,-2.515539,-1.444285,-0.324946,-2.017648,-1.684460,-3.902909,1.919440,0.323476,3.001114,0.159118,-2.484723
1165,10809,2.278864,-2.583164,-3.091079,0.216814,-1.414441,0.152142,-0.508810,3.339794,1.170168,2.851712,0.435486,-2.075363
1165,10810,3.218265,-2.595604,-3.284296,0.595472,-0.085205,-4.954094,0.558739,1.802181,0.873096,3.126816,1.016530,-2.217393
1165,10811,0.086010,-2.199439,-2.170841,1.866777,0.316419,0.042655,-1.398626,1.598926,0.403071,3.027235,1.250887,0.819726
1165,10812,1.281851,-0.913242,-1.815620,1.766814,-1.407415,-3.710006,-1.313893,1.028381,0.530127,2.254970,1.462085,-1.321697
1165,10813,2.123759,-0.955715,-1.262987,0.738014,-0.789228,-1.498942,-2.651447,1.380610,0.305968,3.149088,0.609085,0.415450
1165,10814,4.004840,-2.811915,-3.137267,1.458428,-0.054087,-1.406991,-2.206647,0.268680,0.004161,2.711112,0.101624,0.359666
1165,10815,2.758330,-2.514122,-1.333913,0.395061,-0.858013,-3.746449,-1.215201,1.214206,0.824299,3.394973,1.322613,-1.266024
1165,10816,0.742555,-2.781718,-2.248026,2.761480,-1.055236,-2.404363,-1.631840,1.360759,-0.568009,2.070893,1.740127,-0.821730
1166,10817,2.269325,-1.331996,-2.537919,-1.714384,-0.467606,-3.380420,-2.906627,2.334443,0.060619,2.888829,1.122986,-2.327833
1166,10818,1.473407,-1.568085,-3.087998,3.497223,-0.923851,-4.361716,-4.029104,2.262633,-0.075513,2.668193,1.765383,1.695944
1166,10819,2.718333,-1.281087,-1.210424,2.891580,-1.733481,-4.993619,-2.267075,2.308139,1.184476,3.349788,0.537726,-0.569457
1166,10820,2.302456,-2.196321,-0.176808,-0.224028,-1.516548,-1.378849,-3.683533,2.363066,0.489770,3.318076,0.827756,0.879632
1166,10821,1.660019,-2.342295,-2.115803,-2.600501,-0.122124,-1.275880,-1.021760,1.444227,1.185926,2.390203,2.277066,0.227755
1166,10822,2.522482,-2.366428,-2.267802,2.024529,-0.624372,-4.250975,-3.441622,1.817389,1.588712,3.396227,1.124301,-1.265237
1166,10823,1.606349,-1.962670,-2.447015,2.552411,-0.581533,-1.862854,-3.322703,2.467848,1.211809,2.428348,1.049558,1.121946
1166,10824,3.216761,-2.040310,-1.988797,0.763130,0.164206,-2.443872,-1.088081,4.276493,0.734876,3.598433,2.128501,-0.059622
1166,10825,2.125179,-1.897172,-3.596480,0.680979,-0.772366,-2.299594,-3.875574,1.245663,-0.107716,3.130498,1.194012,0.104227
1166,10826,3.408789,-1.434185,-0.693551,2.928938,1.371194,-4.064964,-3.842364,1.362950,0.926567,3.211800,0.631816,-3.330840
1167,10827,163.049722,-0.134135,-1.609008,-217.545196,-3.755816,-717.809196,-1.358165,223.007482,34.464990,4.615619,1.219311,-0.539387
1167,10828,109.000030,-0.242415,-4.238554,-86.961588,-3.020859,-1783.051906,-2.210361,368.427368,26.491477,3.744807,0.633278,-0.792022
1167,10829,219.748834,-0.561508,-0.957041,-286.238122,-3.509245,-83.612114,-4.390687,285.195842,-80.659240,4.562686,0.336298,0.567150
1167,10830,193.784290,-0.365289,-1.855277,13.676286,-2.349391,-762.966433,-2.338216,252.471637,170.396800,3.160720,1.337885,-2.420754
1167,10831,246.401374,0.408867,-3.634600,-79.280744,-5.537775,-414.412035,-3.610236,31.483000,155.536205,4.507859,0.403965,-1.089956
1167,10832,115.921264,0.823239,-3.194546,-201.868631,-3.513416,-863.557759,-1.387136,132.707198,63.941834,4.932375,1.652771,-0.852369
1167,10833,231.752026,-0.537409,-3.595893,183.099974,-1.328265,-710.454187,-4.923463,230.914332,144.152482,4.444836,1.095196,1.114932
1167,10834,164.536074,0.271777,-4.724157,-62.285652,-4.063149,-705.032137,-2.740576,634.393562,-12.589041,5.224916,0.962573,0.904249
1167,10835,156.936204,0.115000,-3.647808,33.233815,-3.974603,-1061.384934,-3.460295,111.695811,19.645107,4.633445,0.743049,-1.427493
1167,10836,166.773317,-0.963928,-1.917031,-51.337161,-3.757956,-824.877540,-0.769562,378.473326,133.980613,3.612799,1.118253,0.210214
1168,10837,107.347644,-0.045861,-3.178395,238.731824,-2.607639,-95.864401,-5.526159,227.278119,109.254816,3.624833,1.886702,-0.184237
1168,10838,194.138015,-0.039690,-4.411577,-181.969089,-2.855420,-327.369080,-1.659048,317.482567,147.771196,3.914560,1.330991,-0.386768
1168,10839,185.967394,-0.230882,-3.130379,283.021735,-3.839323,-452.479432,-2.890943,138.334691,40.067022,4.369816,1.874924,0.150719
1168,10840,88.346821,-0.571897,-1.972203,249.873192,-5.018321,-437.025565,-3.622889,331.035416,77.169890,5.302356,1.102710,-1.586613
1168,10841,256.691129,-0.698402,-4.848133,166.020029,-3.070521,-854.719151,0.078162,189.554820,90.928844,4.873153,0.472803,1.012977
1168,10842,234.969735,-0.017018,-3.669999,-3.180480,-3.546200,-1262.573699,-3.055312,182.208477,300.207605,4.677978,0.461957,-2.268542
1168,10843,136.484212,-0.629455,-3.417316,-59.492428,-4.282255,-723.286225,-1.972087,416.752049,192.164277,3.364435,0.824180,-1.356598
1168,10844,293.924644,-0.697848,-2.530545,-112.293913,-3.375141,-671.032456,-2.319410,351.229043,-38.765118,3.286158,0.527258,-0.140368
1168,10845,46.235711,0.228517,-4.779927,235.670948,-2.951980,172.954741,-2.948428,165.647614,44.563461,3.797716,-0.175151,-0.158255
1168,10846,212.597683,-1.163163,-2.065087,569.432944,-4.194779,-492.698382,-2.469416,107.875838,136.142437,3.428709,0.640483,-0.743265
1169,10847,47.421792,-0.142602,-0.435078,-55.494556,-3.400799,-338.224885,-4.069215,224.230751,212.164717,3.932284,1.151414,-1.215087
1169,10848,122.378631,0.086509,-2.881270,79.412013,-3.728769,-650.051348,-1.219643,246.007602,-17.050227,4.658975,1.093637,0.976816
1169,10849,94.194271,0.021971,-3.182160,445.576901,-3.131926,-623.563699,-1.659503,357.917899,99.079158,3.549348,1.238406,-1.436035
1169,10850,84.134640,-0.083009,-4.827146,183.728903,-3.651356,-716.954579,-2.105616,354.045976,-27.189129,4.428924,0.858276,-1.184482
1169,10851,193.964511,-0.453233,-3.636098,-39.944684,-3.726756,-352.071669,-2.182958,237.912159,114.735382,4.426778,1.673941,-0.392365
1169,10852,174.530427,0.963209,-3.785990,427.579140,-3.685801,-1130.939629,-3.092184,308.961693,-170.140358,5.423051,-0.135144,-0.594727
1169,10853,147.019822,0.105254,-1.179632,321.034205,-3.275747,-421.626417,-2.522695,444.870557,31.013153,4.815374,0.398266,-0.294211
1170,10854,2.897455,-2.616183,-2.890986,-0.274385,0.224048,-1.317841,-1.820324,4.235368,0.900339,3.005017,1.109597,-2.170720
1170,10855,2.475716,-2.942084,-2.357838,-0.448646,-0.395218,-4.068666,-4.199151,1.858602,-0.489180,3.787723,1.577186,-1.318047
1170,10856,2.764506,-1.705496,-2.197643,-0.400757,-1.756000,-4.108889,-1.170919,3.154905,0.271833,2.380176,1.831575,-1.987759
1170,10857,2.417892,-2.365422,-1.940918,-0.958951,-0.306833,-1.380302,-3.192533,2.267815,0.143134,2.797242,2.318980,1.023345
1170,10858,4.486580,-2.697128,-3.059519,4.241733,-0.409328,-4.361116,-2.119436,1.748278,-0.018658,3.198275,1.601112,-3.472052
1170,10859,3.067126,-1.645613,-0.418588,0.896695,-0.515886,-1.556380,-1.849155,3.400472,0.624431,3.855530,1.213911,0.126763
1170,10860,2.091009,-1.865537,-0.877283,-0.867209,-0.949175,-3.470201,-1.269629,2.823749,1.325535,3.106839,1.374646,-0.658245
1170,10861,2.963837,-1.810707,-1.537044,-0.075877,-1.578262,-3.146269,-1.081731,2.736912,0.281888,3.210792,0.930921,-0.245988
1170,10862,2.034040,-1.730418,-2.088322,-2.927642,-2.004665,-4.484514,-0.658786,0.852260,0.755121,3.385158,1.307318,-0.644187
1170,10863,1.418297,-1.442536,-4.059581,-0.589406,0.473318,-0.451499,-2.895766,2.009091,0.407206,3.356490,0.620095,-2.360841
1171,10864,2.711210,-1.812018,-1.284880,-0.834254,-0.609402,-0.727621,-4.205568,2.049336,0.574270,3.823144,1.064545,-3.539258
1171,10865,2.471519,-1.812154,-2.932825,1.751105,-1.887869,-3.588280,-1.059973,1.451980,1.029875,3.108911,1.096104,0.083057
1171,10866,2.996884,-1.071929,-2.652168,2.641004,-1.061693,-3.432294,-1.900241,3.271653,0.713804,2.715749,-0.501565,-3.335606
1171,10867,2.722025,-0.995674,-2.609845,0.010564,-0.663617,-5.331429,-3.133982,2.521045,0.050378,2.447170,1.310600,-0.422098
1171,10868,1.950778,-2.072559,-2.952267,-0.632716,-1.929980,-2.660690,-2.903386,3.602009,0.077515,3.200430,0.909347,-0.889476
1171,10869,3.540743,-0.603533,-0.905683,2.640246,-0.884638,-3.568478,-3.067114,2.359365,0.769238,3.511962,2.126782,0.768300
1171,10870,2.822717,-2.984293,-4.865650,-0.170595,-0.978525,-1.344938,0.050704,1.374168,1.932367,2.615637,1.174139,-0.373009
1171,10871,-0.016658,-2.881890,-2.703437,0.962504,0.245029,-3.198306,-3.283332,1.751704,0.078864,2.889776,0.080954,-2.409084
1171,10872,2.543492,-1.655105,-3.011510,1.525618,-0.773906,-2.870031,0.786461,2.896312,0.574897,2.223034,1.018289,-1.644946
1171,10873,2.125098,-2.383588,-0.335262,2.321402,0.527485,-4.139578,-1.930875,3.013469,0.770449,3.229708,1.086204,-1.957430
1172,10874,3.236925,-2.134734,-2.550067,1.723351,0.444977,-1.724586,-3.405234,0.742437,0.388299,2.451718,1.278289,-0.259740
1172,10875,2.726742,-2.804393,-2.315422,2.569140,-0.109821,-0.069871,-2.440638,1.316122,0.296752,4.070454,1.587534,-0.934670
1172,10876,2.944338,-2.769533,-1.999294,-0.598211,-0.246075,-1.193671,-3.691723,3.422157,0.167579,3.456018,1.243744,-0.584143
1172,10877,2.158356,-2.477288,-1.712097,2.252598,-1.503796,-7.432665,-3.695521,1.026659,0.629265,2.444905,0.453671,1.157559
1172,10878,4.316744,-1.525498,-3.386880,-0.272965,-2.215461,-1.430615,-0.839882,1.971906,-0.152200,2.350141,0.490635,-0.331621
1172,10879,0.952740,-2.256053,-2.085068,0.818430,-0.661636,-1.733337,-1.262482,1.606287,0.785897,2.003246,1.527673,-1.700601
1172,10880,3.209719,-2.447862,-2.003540,3.224055,-0.765034,1.936294,-2.806848,1.896942,-0.525980,3.168000,0.514607,-1.859427
1172,10881,3.763740,-1.904234,-3.255000,-1.125277,-0.117693,-3.672812,-2.289944,1.504674,0.700783,3.749637,0.865721,-1.717804
1172,10882,3.758275,-1.224222,-3.984573,-0.198038,-0.824353,-5.068078,-2.532872,2.148204,-0.486931,3.574405,1.863775,-3.151507
1172,10883,4.751957,-1.996751,0.021468,-2.033095,-2.520438,-2.735654,-4.212264,1.654955,-0.426967,2.766203,1.181468,-2.884049
1173,10884,3.705868,-1.750936,-1.198483,1.024963,-0.851443,-1.240520,-3.007566,2.259796,0.145006,2.308698,1.474744,-1.852801
1173,10885,4.236923,-1.139421,-2.846531,-2.548684,-0.955854,-3.114399,-1.725217,2.613714,0.178838,2.274378,2.706486,-0.921919
1173,10886,1.652234,-2.049376,-0.594720,-1.202485,-0.518926,-0.457775,0.234048,1.611018,0.081443,3.738609,-0.232685,-2.737942
1173,10887,2.169175,-1.951110,-1.359743,3.337030,-0.161239,-0.682870,-0.617468,2.778675,0.130607,3.503706,1.074339,0.462023
1173,10888,2.272450,-2.651304,-1.842523,-2.007620,-1.643787,-2.193620,-2.990702,1.197563,0.547139,2.241546,0.935117,0.644999
1173,10889,2.632101,-2.907294,-2.251405,-0.056507,-0.994859,-4.385404,-0.979962,0.746526,-0.707762,2.735286,0.318038,-2.955681
1173,10890,2.872925,-1.334983,-2.406891,1.505254,-0.923363,-1.603725,-3.043749,3.988301,0.034738,3.620943,1.129442,-1.331235
1173,10891,3.095690,-1.949812,-0.463461,1.121339,-3.166695,0.484568,-1.586948,1.263838,0.870551,3.008927,0.293062,-0.694549
1173,10892,1.805343,-1.499680,-1.858205,-0.493052,-0.623864,-4.728400,-0.714137,2.850063,0.406648,4.055644,1.435274,-0.971536
1173,10893,2.806574,-3.656409,-2.291551,-1.661344,0.401524,-2.472256,-0.109576,1.866029,0.473108,2.698002,1.325018,-3.489406
1174,10894,1.829558,-3.050294,-1.320037,2.126092,-0.597474,-0.691834,-0.975954,2.504843,0.155339,3.476361,0.494881,-2.142085
1174,10895,2.281022,-2.794610,-3.517162,1.002504,-0.018091,-2.677371,-0.154784,2.955887,-0.015005,2.880227,0.230165,-0.732965
1174,10896,2.892479,-2.043358,-2.923635,-1.766076,1.018491,-5.110131,-4.613658,1.157297,-1.238782,3.181653,0.909646,-0.626169
1174,10897,4.529727,-1.764639,-1.546309,0.121918,-1.851160,-4.874383,-1.389541,2.599496,-0.199369,3.844402,0.592824,-1.642776
1174,10898,2.766870,-1.731655,-1.859817,1.966065,-0.555944,-2.514476,-1.427947,1.064557,1.792165,2.047979,2.246585,-1.171331
1174,10899,2.807641,-2.829007,-3.550284,-1.934802,0.353167,-3.599633,-1.200984,0.256135,0.900398,3.497214,0.631098,-0.456287
1174,10900,3.025631,-2.353939,-1.638869,0.836756,-0.155308,-0.053298,-1.296497,-0.014577,0.133761,1.739323,1.312507,-1.664649
1174,10901,2.314830,-1.776634,-2.464572,0.514052,0.531816,-3.325035,-2.909379,3.734643,1.354059,2.874811,0.067181,-0.651811
1174,10902,2.926392,-2.683086,-2.959602,2.232736,-0.655077,-2.181912,-3.139420,1.455873,-0.193399,2.951391,0.519064,0.090551
1174,10903,0.967398,-3.004702,-1.706975,2.150077,-0.835179,-3.344251,-2.123785,2.426089,0.658608,3.782591,0.528162,0.178632
1175,10904,163.921607,-0.852814,-0.899041,654.660144,-3.326009,-1187.276185,-1.904031,185.780896,141.102377,4.769101,1.003004,1.286258
1175,10905,75.097614,0.459226,-2.109083,-27.903438,-2.134226,-892.548571,-1.801662,303.431973,85.806787,4.531181,1.327546,-0.899464
1175,10906,119.864886,0.609875,-2.146199,-74.080303,-2.256879,-699.701068,-2.021010,299.650519,-16.288992,4.030863,0.630579,0.015550
1175,10907,181.156888,-0.633766,-4.159508,-216.101219,-4.875806,-86.177686,-1.246652,349.158940,-10.575559,4.300637,1.075211,0.553155
1175,10908,103.889200,-0.535617,-2.736738,33.805287,-3.884395,-799.192858,-1.731715,344.012766,114.430726,3.232969,2.299389,-0.014874
1175,10909,44.192152,-0.412908,-3.779313,79.564815,-4.119251,-673.821307,-2.497238,291.569378,-49.562870,4.252481,-0.558662,-0.084096
1175,10910,169.905267,-0.054873,-2.652078,-270.438305,-3.000004,-534.712961,-1.441377,254.073948,266.636056,4.492646,1.195901,-0.789848
1175,10911,143.926389,0.244148,-3.029236,426.771319,-3.093019,-780.956567,-2.655375,291.768821,364.790419,3.623373,-0.309143,-0.415886
1175,10912,246.800490,-0.047773,-4.100782,-8.110797,-3.612932,-639.890961,-1.644368,179.469391,265.363971,3.356921,1.507186,-1.281646
1175,10913,87.008194,-0.383883,-3.652929,76.752791,-2.006602,-1049.612794,-3.455023,359.782597,-6.543382,3.905974,1.198055,0.479809
1176,10914,2.958154,-3.174987,-0.735116,0.193927,-0.227943,-0.460005,-4.943335,1.921172,0.901682,3.078179,1.117954,-1.333999
1176,10915,1.581927,-1.091737,-2.571544,-0.592788,0.813506,-2.716280,-4.273002,0.862295,0.834665,3.578470,0.495111,-1.405116
1176,10916,2.900058,-3.470277,-0.242974,2.500886,0.201568,-3.230040,-0.673635,1.629744,1.289305,2.556279,2.058925,1.572565
1176,10917,1.599688,-2.566872,-0.709115,1.248973,0.373668,-2.865705,-2.216333,0.651987,0.707444,2.352106,2.018387,-0.930281
1176,10918,1.548240,-2.625141,-0.308689,2.458849,-0.476010,-1.935504,-3.130895,3.148638,0.111526,3.094856,1.169475,-1.149001
1176,10919,2.374043,-1.109318,-2.869109,4.500274,1.059689,-1.743970,-3.829243,2.784036,0.442730,3.483632,1.030903,-0.929389
1176,10920,1.053933,-0.564346,-1.926636,-1.333583,-3.477421,-2.433020,-1.351059,0.834361,-0.222962,2.906390,0.855649,-1.824524
1176,10921,3.585302,-2.484874,-1.632141,-1.903191,0.454873,-4.350694,-1.920316,2.111384,-0.040328,2.423682,1.379252,-1.090964
1176,10922,1.939963,0.160804,-0.389285,1.586726,-0.248837,-2.678980,-5.217362,2.563134,0.375461,2.813474,1.225733,-0.682033
1176,10923,2.178347,-2.434837,-2.715725,0.680294,0.315806,-3.691035,-3.676638,3.044465,-0.624877,2.315732,1.196965,0.294479
1177,10924,4.584477,-2.368868,-2.853230,2.027517,-1.071607,-0.370093,-3.046732,2.535385,-0.302833,2.275205,0.953652,-0.573771
1177,10925,1.612976,-1.730423,-3.015208,1.063522,-1.406320,-1.465053,-2.597724,1.839588,-0.499382,3.388784,1.892242,-1.589444
1177,10926,1.674820,-2.104071,-1.686047,0.389478,-0.257695,-3.668556,-1.626898,2.769100,1.210919,3.814311,0.942430,-0.697316
1177,10927,2.836038,-2.071857,-2.222416,1.974953,-1.343032,-0.999715,-2.031532,1.349815,1.249681,1.877285,0.726924,-1.995333
1177,10928,2.599703,-1.585350,0.960554,1.346490,-0.672438,-0.154240,-2.090351,3.221338,0.802787,2.910560,1.090627,-0.750410
1177,10929,2.732777,-2.019656,-2.356580,1.732571,-1.488951,-2.612588,-4.219961,3.122540,0.622099,3.873624,0.871813,0.297172
1177,10930,0.749453,-1.427457,-2.899287,2.314795,-1.450599,-1.573409,-4.132347,1.993939,0.922646,2.071834,1.402950,-0.874170
1178,10931,140.336845,-0.381636,-2.835826,-220.251513,-3.401232,-1156.076062,-3.205692,211.679150,173.328293,4.553478,1.263162,-1.257706
1178,10932,241.652810,-0.747704,-3.088126,-18.075410,-3.935464,-1743.865508,-4.318986,355.226810,45.833189,4.390140,0.627564,-0.650604
1178,10933,190.141708,-1.590793,-1.521072,-135.242032,-1.855424,-879.289458,-3.664697,164.085158,-37.201016,3.714893,0.059847,-1.117887
1178,10934,224.843167,-0.043256,-3.353619,198.863605,-3.062438,-825.714539,-2.673903,345.276126,32.207350,4.646197,0.685187,0.679034
1178,10935,151.133214,-0.376775,-1.561011,430.821530,-4.294962,126.492872,-3.159066,311.639297,-185.755585,3.688874,0.923354,0.620575
1178,10936,237.316228,-1.037831,-1.221882,-303.443249,-3.440863,-39.676565,-1.164968,371.001381,253.127769,5.322023,1.269751,-1.171226
1178,10937,187.531884,-0.039302,-1.637428,116.567383,-3.120896,-401.032014,-1.468264,339.970148,134.083330,4.319375,1.961174,0.064721
1179,10938,2.364271,0.238896,-2.153251,-1.677340,-1.880283,-1.323004,-4.357233,2.715363,1.626909,2.665918,1.081637,0.102190
1179,10939,2.681453,-0.478439,-1.400771,0.335965,-0.918830,1.490306,-1.491468,2.720244,-0.554424,2.978604,1.466000,-0.156295
1179,10940,2.996006,-1.303645,-0.827018,-2.583420,-1.721186,-4.889745,-0.462662,3.317374,-0.406620,2.867716,0.360467,-0.852172
1179,10941,1.389902,-2.034294,-3.532328,-3.162042,-0.459021,-1.298182,-0.130297,1.933078,0.115652,3.351218,1.439364,-1.251188
1179,10942,3.925425,-1.739395,-0.785607,0.603574,-0.611167,-4.887821,-2.514886,2.787564,0.101639,2.755465,0.579676,-1.354258
1179,10943,1.326134,-2.637402,-2.607173,2.742376,-0.962038,-1.804144,-3.695806,0.759391,0.014955,2.460870,1.322669,-0.178734
1179,10944,2.418171,-1.833158,-2.484619,0.557112,-0.640860,-3.098733,0.662438,3.168737,-0.822533,2.513245,1.935242,-2.040533
1180,10945,0.448959,-2.323129,-3.188052,3.330310,-0.542026,-6.394889,-2.480348,2.427291,-0.214305,4.048145,0.174540,-2.415881
1180,10946,2.304028,-3.823344,-2.400779,-1.792974,-1.193455,-5.790503,-1.512803,3.051424,1.040177,3.106507,1.798070,-0.879785
1180,10947,1.683455,-1.602049,-2.953325,0.736209,-1.240581,-5.348198,-1.174098,2.495219,0.445597,2.668029,1.877897,-0.925283
1180,10948,1.775606,-2.464999,-1.194901,-2.041267,-0.039537,-1.426535,-1.562482,2.327175,0.327281,3.601770,1.437039,-0.441840
1180,10949,3.701156,-0.647678,-3.001527,5.193426,-0.791227,-2.755040,-1.934835,1.315919,0.630330,2.370095,0.407138,-1.140699
1180,10950,3.102789,-2.022964,-2.645103,1.121123,-0.919911,-0.816538,-2.813118,1.320547,-0.225973,2.580057,1.064033,-1.132871
1180,10951,2.930787,-1.161989,-3.635915,-2.486653,-1.179934,-4.925913,-2.485328,2.141447,-0.311254,2.999322,0.302813,-0.781696
1180,10952,4.421645,-2.273545,-2.118852,0.626885,-2.279793,-3.233599,0.396506,2.640968,0.836532,2.489750,0.560651,-1.184548
1180,10953,2.559350,-1.631589,-2.212463,0.180151,-1.006585,-1.769999,-0.989446,1.113169,-0.091722,2.558957,0.784090,0.039167
1180,10954,3.265530,-1.190085,-2.922627,-0.301741,-0.991196,-5.408275,-1.131491,1.148979,0.366737,2.921549,0.458454,-1.054726
1181,10955,2.866325,-1.771238,-1.921171,-3.083223,-0.167794,-4.434304,-2.801130,2.903515,0.840128,2.623306,2.033062,-1.710765
1181,10956,4.044200,-0.687712,-0.605773,0.486563,-2.732443,-5.358837,-4.243794,2.195432,1.234715,4.028892,1.377364,-2.364330
1181,10957,2.833223,-0.898399,-2.635095,-0.398885,-1.299808,-0.781720,-2.926185,1.100957,-0.747768,2.596285,1.363627,-2.655947
1181,10958,2.645940,-2.792298,-2.210826,0.144484,-1.547926,-2.603811,-2.720989,2.819722,1.025490,2.647115,0.659288,-1.764778
1181,10959,2.433177,-2.299905,-1.563484,-0.064089,-1.089136,-6.029958,-3.970447,2.983094,1.029077,2.793502,2.034829,-0.594741
1181,10960,4.155767,-2.504133,-0.631956,-1.841922,-1.436220,-3.927759,-4.199386,1.676185,0.280037,3.019338,0.472182,-1.766175
1181,10961,0.620242,-1.839009,-1.663515,1.123120,-1.080652,-2.280753,-1.829113,2.485843,0.036927,3.796481,2.422947,-1.318840
1181,10962,2.710459,-1.572093,-2.001794,0.684135,-1.790658,-4.400805,-0.801619,3.706776,0.763289,2.444240,0.173376,-0.281139
1181,10963,1.693065,-1.988958,-3.498518,-0.153895,-1.159931,-0.748726,-4.153399,1.082239,0.111214,4.549582,0.812444,-1.848663
1181,10964,1.664128,-1.432105,-2.404281,-0.126437,-0.741387,-6.693273,-1.583546,1.700093,0.048214,3.150614,1.112508,-1.404449
1182,10965,126.623004,0.194884,-3.426043,380.622001,-3.568780,-1062.896176,-1.254252,338.702136,61.279058,3.803385,1.447899,-1.860469
1182,10966,221.418921,-0.221795,-3.002285,-203.184152,-1.258010,-887.056905,-0.352664,335.778848,29.811798,5.486278,0.904727,1.120569
1182,10967,104.117967,-0.509823,-2.048236,16.983700,-4.238779,-800.661763,-3.426240,227.395583,7.998858,4.284414,0.582946,0.130629
1182,10968,121.098255,-0.457406,-3.909869,-515.970967,-3.022564,-1511.045932,-3.036757,325.925257,86.511522,3.671828,1.223402,-0.867314
1182,10969,244.484945,-0.124563,-1.758608,371.745438,-3.997601,-1125.631746,-2.619406,200.942539,84.650027,5.215445,0.814769,0.663561
1182,10970,124.684376,-0.942593,-2.578531,514.346509,-4.463657,-897.123236,-2.925335,305.550965,179.132016,4.215500,1.197676,0.490897
1182,10971,196.299552,0.140059,-3.289532,-14.420730,-2.869928,-891.213655,-2.250968,236.528436,192.005562,3.718366,1.016188,0.634997
1183,10972,263.944604,-0.742957,-3.694080,105.173215,-5.185570,-603.722527,-3.783676,256.303463,134.684947,4.940469,0.920167,-3.450391
1183,10973,137.890384,0.013240,-2.778047,292.226480,-2.346341,-248.433727,-1.230433,354.248818,259.297541,4.509470,0.079588,-1.185644
1183,10974,94.266329,-0.134749,-2.509850,88.868683,-3.488589,86.801876,-1.414338,129.343021,-38.470664,3.187354,1.517547,1.271368
1183,10975,185.642677,-1.139512,-3.549462,21.498982,-3.860188,363.886362,-0.907343,481.722689,101.857634,6.245728,0.648929,-0.923894
1183,10976,77.977255,-0.042564,-4.791247,376.245739,-2.733347,-232.128854,-2.390433,346.158918,166.709310,3.155952,0.977625,-1.123260
1183,10977,117.909798,-0.146152,-2.221539,-92.197571,-3.191111,-673.432296,-4.363215,175.832623,219.484925,3.415762,1.494974,0.141651
1183,10978,146.894199,0.934791,-3.180533,35.201192,-4.518275,-95.820988,-0.270949,292.479599,43.684973,3.663436,0.637338,0.469092
1183,10979,172.773293,-0.284110,-1.343273,162.135903,-3.602595,-164.053918,-3.929860,304.441895,293.789524,3.986816,0.421065,-0.950744
1183,10980,137.501925,-1.036081,-3.831014,-84.225341,-3.487151,-974.650089,-2.588878,365.995857,305.257546,3.695457,1.171092,0.975392
1183,10981,151.810569,-0.977284,-1.688231,163.195938,-4.428561,-1038.770281,-1.826144,323.638416,221.425948,4.263252,0.948852,-2.169145
1184,10982,3.321594,-1.975329,-1.358572,0.427308,-0.460167,-2.951226,-2.958485,2.575634,1.226731,3.514057,1.013667,-0.765711
1184,10983,3.093479,-1.905952,0.307125,-2.924035,-0.783962,-0.913034,-2.881141,3.446389,0.777776,2.647757,1.019550,-0.325531
1184,10984,3.128631,-1.272358,-1.886127,-1.471893,-0.312484,-0.005231,-0.574578,3.335345,-0.336934,3.101151,1.129111,-1.563792
1184,10985,2.302310,-1.723605,-2.828443,2.899650,0.165896,-5.744502,-1.127250,1.796616,-1.225937,4.023305,0.992088,-2.858377
1184,10986,2.919562,-1.030506,-1.655784,2.709226,-1.215040,-2.073153,-0.477114,2.089009,0.732080,3.968909,2.128940,-2.659023
1184,10987,1.446815,-0.693761,-1.050372,0.338114,-1.043618,-4.925952,-0.327052,1.289800,-0.180220,2.919466,1.407525,-1.611924
1184,10988,2.216792,-1.251270,-2.316019,2.821830,-1.219495,-4.007698,-3.031084,2.431816,0.281185,2.467239,1.249937,-0.587527
1185,10989,3.445356,-1.619425,-3.959177,-0.926513,-1.460298,-1.310063,-1.464469,2.482851,-0.056803,2.163285,-0.282139,-0.844597
1185,10990,3.710160,-1.614855,-1.797574,-0.508890,-0.602327,-5.851908,-2.432303,2.166469,-0.815394,2.228399,1.576990,-1.731384
1185,10991,1.931453,-1.998024,-0.477294,0.648139,-0.267347,-5.657829,-3.853593,2.247906,1.027093,1.837184,0.522947,-0.453162
1185,10992,3.360811,-0.860306,-2.484612,-0.561858,-0.139334,-1.200194,-2.602635,3.121842,-0.736279,3.762530,0.832920,-1.023987
1185,10993,2.512410,-1.939628,-2.481335,-1.520176,-0.531427,-6.748440,-2.437520,1.928346,0.840211,2.669404,0.965451,-0.756684
1185,10994,2.946046,-2.307738,-3.188142,2.167244,0.248528,-3.798877,-2.685808,1.376696,0.474250,2.836860,1.542280,-1.518945
1185,10995,1.152816,-1.868632,-1.370980,1.798522,-0.774849,-3.330944,-2.581269,1.263224,0.963121,1.828775,0.706694,-1.635764
1185,10996,3.259249,-0.843534,-2.638465,-1.011468,-0.416339,-1.998528,-1.498422,3.165586,0.331100,2.641233,0.948137,-2.802364
1185,10997,1.675121,-1.368798,-3.660518,3.780966,-0.575418,-2.766184,-1.675395,3.198224,0.224975,2.456650,2.781874,0.275705
1185,10998,1.285110,-2.615049,-1.992841,-0.831746,-0.654474,-3.531832,-2.441738,3.172069,1.309003,3.482405,0.360722,0.096267
1186,10999,2.396157,-1.036829,-0.750861,2.777341,-1.881723,-3.728978,-0.969272,1.755402,0.262778,2.128424,0.898580,1.034875
1186,11000,2.643040,-2.146171,-1.994932,1.735368,0.417730,-5.339372,-2.298127,4.122055,-0.467027,3.023521,1.221988,-1.922566
1186,11001,0.331306,-2.248935,-0.433578,-1.675658,0.095726,-3.116637,-4.429184,2.835989,-0.562178,2.470255,1.297374,-1.119698
1186,11002,4.149793,-2.458094,-0.955470,3.312874,1.730824,-3.889209,-0.972308,1.480503,0.212448,2.660845,0.304744,-1.417584
1186,11003,2.595474,-2.178624,-2.580360,0.098864,-0.385425,-2.477527,0.271788,2.854017,1.386273,3.722009,0.530486,-0.911939
1186,11004,0.416576,-1.492781,-2.796864,1.218811,-1.383987,-5.478132,-0.089046,3.109132,1.331527,3.214007,1.016780,0.016613
1186,11005,2.344973,-2.196810,-0.469306,-0.221685,-0.347410,-3.108391,-3.690200,1.412201,0.790967,2.573448,1.502158,-1.651681
1186,11006,2.066491,-1.851019,-3.187033,-1.048493,-0.963282,-3.226389,-0.639922,0.648376,1.122157,2.608921,0.612344,-2.221309
1186,11007,1.596121,-2.212967,-3.291436,-2.380658,-1.444592,-1.730335,-0.692912,3.123798,0.114089,3.721424,2.224661,-0.232810
1186,11008,3.096923,-3.352293,-2.725944,0.191684,0.902247,-1.343895,-2.276104,1.350947,1.165314,2.568623,1.013468,-0.329911
1187,11009,2.315344,-1.071856,-1.916977,2.035389,-0.744205,-2.963553,-3.806552,1.645649,0.405130,4.131633,1.215705,-1.728941
1187,11010,1.529592,-1.419578,-1.629021,-1.078944,-0.311793,-2.223773,-3.964742,2.784722,-0.091188,2.961388,0.280482,-1.173978
1187,11011,2.715657,-2.095034,-0.817810,2.323030,-1.695007,0.709784,-2.941832,1.998490,1.265662,2.877300,0.027710,0.219362
1187,11012,3.615702,-2.246603,-1.979212,-0.934481,0.946555,-4.778358,-2.841151,1.089499,0.574083,3.207213,1.526409,-0.713480
1187,11013,0.500068,-1.971941,-1.149109,-1.695313,-0.489196,-3.015722,-5.514158,1.155474,0.266297,2.564156,1.580936,-0.781592
1187,11014,2.545059,-1.802966,-1.597297,3.257784,-1.087765,1.115094,-2.165534,2.523811,-0.285416,3.416839,0.271960,-2.159853
1187,11015,2.135835,-2.669932,-1.549679,-0.584141,-0.413835,-4.215325,-2.284684,2.278415,0.347441,3.961757,1.357271,-0.979987
1187,11016,2.730019,-2.343124,0.252350,3.877861,-1.413142,-1.952108,-1.277089,1.879050,-0.386182,3.060034,0.717790,0.937613
1187,11017,2.046980,-1.762769,-0.652607,2.712992,-1.491345,-1.738783,-3.831209,3.532880,0.188185,3.614445,1.501866,-0.553822
1187,11018,2.343907,-0.903951,-2.314075,2.737936,-0.942071,-1.026780,-2.429783,1.379391,0.545058,3.963241,1.423839,-3.122530
1188,11019,1.343882,-2.884617,-0.831905,0.778954,0.413527,-1.767973,-1.115306,2.926056,0.509055,2.959265,1.514880,-1.443537
1188,11020,1.483291,-1.389048,-2.719491,1.936207,-0.883037,-1.643942,-0.874194,1.151998,0.486249,3.191833,1.994455,0.425543
1188,11021,2.204980,-1.158626,-3.925221,0.704047,-1.621894,-4.437098,-2.270544,2.428797,0.578716,2.362741,0.381710,-2.609554
1188,11022,1.854985,-1.503464,-0.958979,-1.548905,0.186420,-3.833110,-2.232595,0.925717,0.633718,2.541666,1.574332,-0.099882
1188,11023,1.891779,-3.361821,-1.456781,-1.715656,-0.845619,-0.986657,0.331709,2.577200,0.277136,2.389522,0.511863,-1.335722
1188,11024,3.106626,-1.522454,-3.022498,-1.022570,-2.075658,-2.266663,-1.546471,1.861522,1.505433,3.375957,1.360831,-2.116043
1188,11025,1.396132,-3.820851,-0.483242,-1.121154,-0.514253,-3.434935,-3.186926,2.611848,0.810321,3.053257,0.464313,-0.775014
1188,11026,3.360842,-1.139103,-0.855892,4.871039,-1.654725,-3.762036,-0.605516,2.183388,-0.237101,2.453052,0.585868,-0.864996
1188,11027,2.517712,-2.121826,-1.206403,-0.872855,-1.028923,-3.138403,-1.688970,2.606606,0.087100,3.131459,0.996999,-1.100115
1188,11028,2.790298,-1.529628,-1.785984,3.727955,-2.065627,-3.917599,-3.949520,2.106909,0.537782,2.468204,0.818657,-1.673327
1189,11029,182.457690,0.653639,-1.903252,155.992242,-3.900787,-968.380701,-1.480650,320.415180,259.586710,4.286118,0.813232,-0.092443
1189,11030,179.335198,-0.239766,-3.840653,353.513537,-1.312245,-211.761340,-3.514760,137.417144,282.655528,5.435703,1.603811,-0.082764
1189,11031,174.584021,-0.142356,-3.652625,284.067756,-4.821152,-15.207068,-0.914669,232.656370,-43.758157,4.595331,1.418581,-1.471414
1189,11032,233.277776,1.244394,-0.477587,188.122012,-2.783603,-843.659968,-1.699980,210.855328,1.229747,3.520520,0.489707,-1.918641
1189,11033,290.920502,0.759319,-3.454833,166.328904,-3.726101,-310.681848,-2.764173,292.336236,100.797597,3.621275,0.519309,-0.177015
1189,11034,168.206663,-0.311402,-2.309928,407.154723,-1.761935,-1039.096352,-3.281743,431.134584,-4.521479,4.737186,1.061821,-0.772318
1189,11035,169.595438,-0.300055,-2.420082,215.395272,-2.411370,-443.316097,-1.441905,278.457756,64.405438,4.268887,0.700426,1.971209
1190,11036,2.736106,-2.853007,-0.754814,0.075529,-0.395828,0.178586,-1.693503,2.666740,-0.152399,2.817986,0.803569,0.124453
1190,11037,2.234470,-2.424531,-3.489755,-0.667546,-0.458937,-2.538448,-3.453396,1.787808,0.112853,3.484905,1.291560,-0.469844
1190,11038,2.636685,-2.334373,-3.644155,-0.176566,0.174689,-6.211762,-1.137776,1.650700,1.731078,3.417347,0.852174,-1.268420
1190,11039,4.197500,-2.031941,-2.164359,-2.489414,0.227960,-0.118603,-4.627097,2.578086,0.076033,3.718941,1.722587,-0.831695
1190,11040,1.991726,-1.464707,-0.922785,2.068872,-1.486502,-1.803929,-2.985078,2.045348,0.775324,3.115804,1.562837,1.127639
1190,11041,2.354810,-2.739602,-3.256779,-1.607546,0.823561,-1.703312,-4.475119,1.565307,0.624792,3.449799,0.412674,-0.861435
1190,11042,2.937423,-1.633931,-2.869255,1.200385,-0.737187,-3.412731,-2.823653,2.188075,-0.798221,2.590372,0.885930,-1.450340
1190,11043,2.838596,-1.692806,-3.310015,-1.521755,-2.664057,-1.710334,-4.352357,1.491463,0.554008,3.437117,0.904192,-1.315685
1190,11044,1.635584,-1.615570,-1.418438,2.146593,-0.832485,-2.951628,-3.288231,0.988414,0.741067,3.596135,0.868752,-0.408346
1190,11045,2.026669,-2.289819,-4.678839,-1.344590,0.415985,-2.437123,-2.856471,4.120238,-0.291992,2.838695,0.751285,-1.310767
1191,11046,4.375975,-2.068534,-2.257297,1.397018,-1.839540,-2.008391,-2.637338,0.557288,0.567418,3.224075,1.011715,-0.318162
1191,11047,2.705473,-1.872674,-2.339442,-0.466786,0.260094,-5.540820,-1.422456,1.106614,1.438736,3.910097,-0.201623,-2.481138
1191,11048,3.578772,-1.757795,-1.366270,1.119110,-1.462319,-1.656358,-4.415705,2.808636,-0.774448,2.484050,0.530458,0.598344
1191,11049,2.378588,-1.913967,-0.531905,3.070459,-0.213901,1.645109,-4.980484,3.832185,0.452677,2.763837,0.299081,-1.734035
1191,11050,3.014065,-2.813245,-1.426805,1.459448,-0.152927,-1.956348,0.083939,0.887315,0.832712,3.397881,2.268400,-0.824880
1191,11051,3.268470,-1.380516,-1.496446,3.754399,-2.574750,-0.532768,-1.806124,2.698745,0.024508,2.333943,1.690761,0.196596
1191,11052,0.872381,-0.784652,-1.391893,-0.443009,-0.726015,-4.578528,2.035708,2.149482,-0.407855,2.789776,0.475469,-1.309704
1192,11053,277.998059,1.120953,-3.525911,-288.113140,-3.180187,-46.341103,-1.518147,281.108171,205.830368,4.350745,0.768419,1.269513
1192,11054,146.373488,0.507954,-1.079582,-155.263139,-2.870278,-990.416458,-2.597463,102.941484,172.763976,3.500307,1.482875,0.440214
1192,11055,278.623533,-0.812602,-5.589828,475.991752,-4.793896,381.837362,-1.535402,301.353170,73.323838,4.020435,1.432613,-0.708398
1192,11056,194.367352,0.670776,-2.465416,146.998488,-2.688012,-173.043847,-0.875581,198.060346,112.627587,3.734618,0.389624,-0.810684
1192,11057,110.703478,-0.695614,-4.596717,-29.509167,-4.081825,-1053.385751,-2.285466,262.159915,-20.545307,3.762935,0.332595,0.069113
1192,11058,130.262089,-0.601734,-0.714063,-225.269299,-3.798050,127.303625,-4.692853,105.992619,31.601929,3.725574,1.072409,0.634164
1192,11059,134.626798,-1.563892,-2.405855,-278.910579,-4.473982,-1362.032281,-1.580134,167.137385,132.701153,4.369905,0.088922,0.300190
1192,11060,164.630682,-0.647879,-2.412008,-12.145021,-2.482837,-918.410196,-1.260166,276.202847,265.653518,4.325280,1.470749,1.502033
1192,11061,215.263575,1.281391,-3.481507,-222.459514,-3.389828,-1140.320615,-2.428409,109.364129,170.492246,4.449822,0.289977,-0.950590
1192,11062,223.346119,-0.699233,-2.156308,195.416321,-4.340692,-810.751756,-2.435301,288.027695,68.620580,3.870271,0.725880,-0.980130
1193,11063,1.668850,-2.387518,-3.871546,-0.831867,-1.433262,-1.486894,-3.814751,2.986739,0.771158,2.727951,0.786273,-1.043902
1193,11064,2.805237,-2.503021,-2.544502,1.693534,-0.399641,-5.210567,-2.094475,1.451157,0.308676,2.436951,0.805931,-1.855110
1193,11065,2.105908,-1.850502,-3.219847,0.021488,-0.936053,-1.387135,-2.491075,1.524085,0.377023,3.019835,1.246467,-1.346825
1193,11066,3.927316,-2.898057,-2.107848,1.269748,-0.759853,-4.564667,-3.014939,2.661030,-0.043314,3.389080,1.785356,-0.166623
1193,11067,2.093122,-2.844101,-2.605689,-1.315814,-0.151901,-2.217055,-2.544765,2.219940,0.378181,2.553976,1.429642,-2.504002
1193,11068,2.061131,-3.103260,-2.016953,1.587265,0.094757,-3.331080,-2.556064,1.603997,0.947178,3.278817,0.898246,0.077100
1193,11069,2.365270,-2.037080,-1.490131,0.043497,0.424639,-1.343242,-0.526235,1.574579,0.372129,3.568496,1.154230,-0.557194
1193,11070,1.351589,-1.543551,-1.337520,-1.197395,-1.095661,-0.267251,-1.144810,1.209285,0.026950,2.342783,0.293059,0.625400
1193,11071,2.248584,-2.838824,-1.856295,-2.175980,-0.322001,-1.031405,-1.642792,2.454997,1.287719,3.313814,-0.037198,-1.188195
1193,11072,3.116645,-2.999827,-2.972108,1.885250,-0.534182,-6.476612,-1.575386,2.178915,0.852488,2.789929,0.267636,-0.210392
1194,11073,3.121838,-1.275010,-3.529557,-0.433932,-1.281099,-1.313287,-3.486872,2.010781,0.764401,2.943465,-0.270884,-0.560313
1194,11074,1.825000,-1.278825,-2.260615,1.716744,-2.215087,-3.273994,-3.101126,1.634657,1.560051,2.901089,0.323647,-0.646808
1194,11075,2.204142,-1.662890,-0.738367,-0.652614,-2.384457,-5.552446,-0.996647,2.164671,-0.536666,2.585210,1.098536,-2.771748
1194,11076,2.408267,-2.382630,-0.456257,0.160458,-1.862256,-3.472001,-0.968534,1.562642,1.105563,4.351769,1.256279,-1.040305
1194,11077,2.494156,-1.632154,-0.380738,-2.893297,-0.845664,-2.236385,-2.669285,2.980811,1.008193,2.749868,0.623593,-1.656666
1194,11078,0.955394,-2.336883,-2.408593,-0.061912,-0.049285,-5.445115,-1.832745,1.148460,2.081817,2.552629,1.443231,-1.251394
1194,11079,2.959991,-1.775445,-1.912997,0.125939,-0.631609,-5.034177,-1.551409,2.108089,0.538835,2.852970,0.971826,-1.539416
1194,11080,2.312755,-3.300414,-1.545864,0.079980,0.132115,-0.150621,-0.842535,3.884629,-0.181308,2.227333,0.435259,-1.492538
1194,11081,4.824065,-2.522494,-3.276279,-1.599024,-0.523691,0.330296,-1.768925,2.670779,1.646495,3.331646,1.409545,-0.985178
1194,11082,1.642538,-2.088249,-4.185755,-3.249490,-1.232730,-3.828545,0.804360,3.039231,0.609262,3.497320,0.541103,-0.425438
1195,11083,3.817480,-1.575783,-2.506935,2.921440,-0.152099,-4.599553,-1.474012,2.000052,0.324269,2.782619,0.082616,-1.688878
1195,11084,1.808742,-1.458992,-2.112767,0.820976,-0.229555,-0.847177,-2.277307,3.115177,1.114445,2.076424,0.575207,0.962085
1195,11085,2.948334,-1.874495,-2.419004,1.380502,0.267021,-3.070662,-2.884847,3.443192,-0.097975,1.884408,1.556064,-0.682881
1195,11086,0.818996,-2.575242,-1.776525,-0.237488,-1.199717,-6.613413,-3.634507,1.259649,0.903709,2.534167,0.498450,-2.289305
1195,11087,3.717019,-2.069766,-2.499687,3.363005,0.697568,-0.415239,-2.359776,1.590586,1.831491,3.570982,0.387535,-0.232790
1195,11088,2.114434,-1.741300,-2.463220,1.563341,-0.158977,-2.105556,0.472239,2.959754,0.241549,2.606113,0.810268,-0.923932
1195,11089,2.271824,-2.872477,-2.218557,1.464112,-1.002889,0.056612,-1.844037,1.485331,0.314119,3.399239,1.486077,-2.476727
1195,11090,3.520228,-2.115387,-1.545640,-0.386015,0.491661,-2.105249,-1.609129,1.697904,-0.773227,4.144299,0.733474,1.951512
1195,11091,3.640603,-1.228573,0.446055,1.746167,0.382433,-1.516683,-1.851281,2.401746,0.353421,3.417304,1.278839,-0.637436
1195,11092,2.341860,-1.608986,-2.122988,-2.257311,-0.417250,-2.719702,-3.445544,2.751425,-0.054149,2.889630,1.523583,-1.595837
1196,11093,1.842289,-1.601955,-2.483657,1.482945,-2.940902,-2.931219,-3.197580,2.549044,0.455338,2.979063,1.473743,-1.542233
1196,11094,4.309020,-1.495447,-3.959295,2.223775,-1.229019,-2.544505,-0.066353,3.647459,0.514969,3.377738,0.996313,-1.585892
1196,11095,0.974340,-1.852084,-1.006973,2.226208,-0.943425,-6.516210,-1.414821,2.453918,0.427425,3.004949,1.946118,-2.769135
1196,11096,1.915972,-1.683985,-2.483946,-0.617946,1.028061,-0.631631,-1.761224,2.828494,1.083534,3.367826,1.452297,-0.260213
1196,11097,2.014117,-2.440530,-2.404743,3.669387,0.325395,-2.267558,-3.269554,1.465800,1.146011,2.431315,0.263418,0.312050
1196,11098,1.736581,-2.783910,-3.370298,0.580685,0.640593,-2.570003,-4.944295,2.406031,0.199456,3.488733,0.289977,0.321707
1196,11099,1.571701,-2.259709,-1.582995,0.627059,-1.985464,-4.865676,-1.397207,1.824787,-0.185679,3.097963,0.650104,-2.675166
1197,11100,2.839536,-3.780661,-4.243456,1.005866,-1.920118,-1.474898,-3.941767,2.489183,-0.703645,3.568787,1.666207,-0.830199
1197,11101,2.109431,-1.719717,-1.748004,-0.911494,-0.608105,-0.756733,-2.217243,3.376640,1.492760,2.919287,0.079671,-2.109154
1197,11102,2.022628,-1.486618,-1.747262,0.431149,-1.948511,-2.490782,-1.707033,1.673091,0.479014,2.550338,0.761849,-0.182062
1197,11103,1.915255,-1.587788,-2.804864,1.119120,-1.912218,-0.880891,-3.071686,2.016444,0.246776,2.049184,0.970545,-1.470469
1197,11104,2.363536,-2.296390,-3.012006,0.526725,-1.934470,-0.948511,-3.621516,2.545695,-0.347902,2.956901,0.723166,-0.989440
1197,11105,1.874599,-2.688984,-1.915995,0.477021,0.292570,-2.132359,-2.540345,2.206889,1.590320,1.728143,1.629052,-2.886016
1197,11106,0.756877,-1.103306,-2.425575,1.072022,0.071003,-2.212093,-2.733490,2.584536,-0.973376,3.138512,0.558672,1.491850
1197,11107,2.179063,-1.932952,-2.849406,-0.146150,-1.134195,-3.072220,-3.461715,2.502568,0.963195,3.231161,1.070470,-1.408275
1197,11108,2.531728,-3.094913,-0.469363,0.193430,-1.181992,-6.198063,-2.007324,2.828490,0.807554,2.118068,1.691001,-0.320000
1197,11109,1.839850,-1.962459,-2.465742,1.544568,-0.141663,-4.089509,-2.579242,1.926389,0.156727,3.916173,1.312812,-1.872941
1198,11110,165.928359,-0.864566,-3.426729,-189.077255,-3.637828,-404.812743,-2.789144,301.831470,-16.061032,5.268173,0.861241,1.842117
1198,11111,204.576068,-0.921987,-2.728419,-44.445900,-3.562284,13.664164,-2.670598,183.287582,-86.281562,4.827986,0.848499,0.864901
1198,11112,258.467365,-0.084757,-4.078304,230.045881,-3.495054,-1019.063800,-2.841921,231.594906,266.954897,3.953668,1.707843,-0.632710
1198,11113,48.322272,0.572639,-1.916875,47.819691,-1.805235,-370.608149,-3.429642,403.080219,-92.904629,3.084212,1.484982,1.825909
1198,11114,124.929170,-1.270529,-2.915684,-270.372940,-2.628007,-388.718571,-1.329797,338.943782,100.280298,4.850032,0.983170,-2.940074
1198,11115,242.766364,0.753372,-3.875852,76.649939,-3.238469,-1224.212021,-1.476343,154.833677,32.801590,3.729889,1.195669,1.849448
1198,11116,207.121629,-0.033755,-5.213454,-178.754436,-4.678994,-1025.782710,-1.644401,259.153513,292.391935,4.256784,-0.323718,0.777143
1198,11117,71.950403,-0.129143,-3.685348,160.035146,-4.799268,-278.603515,-2.382179,292.386408,126.630801,5.569121,1.604534,-1.069244
1198,11118,193.589831,-0.495447,-2.278430,-498.706734,-3.678693,-701.314740,-2.692710,354.219077,-56.810561,4.187368,0.482674,0.615168
1198,11119,163.640043,-0.336653,-2.486420,-214.415386,-1.804377,-206.003974,-4.476341,349.150643,-5.874499,4.014050,1.586203,-2.139455
1199,11120,1.380191,-1.300654,-2.522593,-0.164477,-0.792317,1.433414,-4.806894,1.804632,-0.173489,2.112408,0.343568,-2.089759
1199,11121,3.223711,-1.743044,-2.490053,2.355421,-0.262354,-1.046287,-2.494690,0.741031,0.636970,3.146484,1.258287,-3.874930
1199,11122,2.480874,-1.764556,-3.726396,3.005220,-0.011767,-1.438223,-2.148865,2.610785,0.992809,2.830289,0.384841,-0.335907
1199,11123,5.214175,-1.647677,-1.896482,2.464372,0.937644,-2.364952,-3.444405,1.899192,0.282319,3.466670,2.434988,-1.375792
1199,11124,3.476686,-0.380014,-0.526740,2.306730,0.417446,-0.968361,-1.310195,2.886341,0.918012,2.768911,0.270579,-0.335570
1199,11125,2.597895,-3.532387,-3.391495,-1.583518,-1.526738,-1.881866,-1.751896,2.085352,0.397153,2.470995,-0.194569,-1.000624
1199,11126,2.432814,-1.724065,-2.890387,2.764136,-1.144324,0.682081,-0.948637,1.368154,0.219466,3.084618,0.609967,0.389900
1199,11127,2.257024,-2.544744,-1.784847,2.594706,-1.880500,-3.514473,-1.110684,1.308998,0.885178,2.740946,0.589768,0.503248
1199,11128,2.256125,-1.581510,-2.269478,0.967712,0.882080,0.514148,-0.704244,2.201892,0.815931,3.447775,1.701526,0.297125
1199,11129,4.042727,-1.340115,-3.315329,1.654517,-0.504439,-3.524975,-2.103923,2.670648,0.796592,2.206074,0.128301,-0.208458
1200,11130,2.625634,-1.437358,-2.713934,-2.615281,-1.359634,-2.334766,-3.863049,2.966442,1.097557,2.883948,2.024068,0.245612
1200,11131,3.150999,-1.444266,-1.784664,-1.107224,-1.559393,-2.794647,-3.786883,1.706122,0.943499,3.371796,1.887545,-2.947372
1200,11132,3.441800,-2.059918,-1.485603,5.055231,0.279116,-3.618273,-2.163457,2.334720,-0.259958,3.157043,1.158410,-3.023925
1200,11133,1.970942,-2.493353,-1.740992,3.789905,-1.056632,-4.088171,-2.081254,2.334766,-0.161347,2.529878,0.571937,-1.372960
1200,11134,2.002127,-2.001392,-2.817211,-1.402386,0.684253,-4.026078,-1.813537,1.091631,0.850166,3.357682,1.178322,0.617261
1200,11135,2.957574,-2.019188,-4.073173,-0.394509,0.317144,-1.555289,-1.467392,0.045305,1.436719,2.898748,0.847312,-1.012449
1200,11136,1.425497,-1.580637,-2.146861,0.523123,-1.431573,-2.471939,-2.442197,0.355628,0.348282,1.873463,0.653855,-2.403702
1201,11137,22.719509,0.312544,-2.888781,-66.181819,-2.199438,-1260.830275,-1.241658,323.711066,88.286460,4.948868,1.692902,-0.471982
1201,11138,130.779902,0.146380,-2.488811,398.000466,-3.299546,-693.455950,-1.277333,375.372986,92.318277,4.562604,0.957984,-0.537675
1201,11139,288.502440,-0.828235,-3.169453,355.751139,-2.134916,-372.850738,-4.300771,333.158626,296.423051,5.438958,1.138669,0.179943
1201,11140,216.811165,0.281920,-3.397624,99.523463,-2.485865,-530.101619,-3.381476,254.720692,55.523360,4.811648,0.368112,0.014522
1201,11141,195.910884,-0.142568,-4.603689,-364.348313,-3.280596,-1031.614038,-1.403749,225.597135,179.134470,4.129942,1.242086,-1.314801
1201,11142,319.361819,-0.030453,-1.446780,248.311083,-3.169849,-356.064821,-2.703109,234.853499,78.071555,2.816394,0.585554,-1.863967
1201,11143,232.322739,-0.097059,-2.695081,-163.849549,-2.821485,-275.866183,-1.345489,280.134069,167.564784,4.776210,0.394559,2.022785
1201,11144,222.218628,0.026218,-3.561599,-162.763120,-3.053462,-730.268440,-2.882061,236.738854,80.213490,5.026256,0.336162,1.862052
1201,11145,182.877324,-0.118730,-1.247566,40.500870,-1.797499,-611.586336,-2.629774,251.292304,-104.197978,4.443862,0.526096,-0.099145
1201,11146,152.203352,-0.030543,-4.200679,168.107543,-3.387565,-374.179277,-1.426130,232.938851,-41.730820,4.249229,0.013447,-1.732186
1202,11147,203.641149,0.667285,-2.864529,-34.185908,-2.820196,-1425.734497,-2.946529,295.759062,243.958942,4.805398,0.999480,0.731857
1202,11148,136.561907,0.519035,-1.821804,-213.550078,-2.381842,-862.159045,-1.893781,243.298645,324.467893,2.933155,0.557276,1.330170
1202,11149,215.191500,-0.936700,-3.112683,184.038919,-2.163174,-439.420919,-1.938693,350.106485,95.047033,3.789453,0.878830,-1.083269
1202,11150,145.860385,-0.603928,-4.095355,662.897796,-3.874238,-60.015657,-1.774067,423.598702,167.993131,4.089117,-0.050568,-0.007874
1202,11151,247.634282,-0.058011,-1.734831,101.029301,-1.949581,-518.735211,-2.462421,394.402843,-10.584655,3.693428,1.434981,0.842996
1202,11152,125.055197,-1.692466,-3.283111,480.226899,-3.584317,-1004.424272,-2.234397,184.031112,294.246037,4.355012,0.306769,-0.301947
1202,11153,187.210958,-0.019440,-3.569707,307.034055,-3.686772,-107.237094,-3.008309,418.440940,156.837637,4.196252,1.304799,1.844269
1202,11154,95.468357,-0.755697,-2.670773,126.081071,-3.434907,-662.408800,-0.562749,402.583298,-8.056769,2.765414,0.851979,0.829188
1202,11155,109.959994,-1.892150,-3.228079,-47.566502,-2.261273,126.405922,-4.967135,233.159089,252.531479,3.419473,1.356793,-0.251931
1202,11156,207.558594,-0.493249,-2.537076,38.865679,-3.266374,-826.427417,-3.456098,540.421879,206.898102,3.794988,1.448730,-0.551839
1203,11157,4.870041,-1.744222,-2.835482,2.004758,-0.809987,-5.688977,-4.553424,1.945174,1.002173,3.319324,0.929114,-0.600254
1203,11158,2.197626,-2.464408,-2.209099,3.811754,-0.371903,-1.420645,-0.095370,1.446880,1.483851,2.293688,0.776422,0.721962
1203,11159,1.640855,-0.782155,-1.577241,-0.093502,-0.447531,-1.498440,-3.056554,0.494262,-0.401786,2.316103,0.316468,-3.418386
1203,11160,3.313287,-2.012038,-3.354125,2.940460,-0.448376,-3.017636,-3.394337,1.510622,-0.059942,2.098496,1.509030,-2.647936
1203,11161,1.753227,-2.214976,-2.028099,-0.437757,-1.497432,-3.265160,-4.147205,3.478818,0.176756,2.775603,1.913091,-1.318270
1203,11162,2.593705,-2.203535,-2.638891,0.448047,1.561919,-2.532574,-2.502140,1.398251,0.718277,2.863888,1.678167,-2.077058
1203,11163,3.152635,-1.718805,-2.480034,4.611774,-1.349070,-4.025456,0.255726,3.414381,0.480403,2.666016,1.973962,-0.374401
1203,11164,2.313429,-1.117827,-3.409073,0.131041,-0.417616,-6.118146,-2.842998,2.337357,0.318148,2.260467,1.100272,-0.476477
1203,11165,0.989503,-1.317580,-3.744967,1.646029,-0.607654,-3.942197,-2.132281,2.521386,0.604023,2.956611,0.708046,-0.707537
1203,11166,3.024078,-1.363525,-1.130801,0.229452,-0.873712,-1.522404,-2.288496,2.071516,0.035859,2.656148,0.214116,-0.675369
1204,11167,149.467853,-0.663679,-2.907131,-78.948528,-1.925355,-702.655533,-2.659696,389.132887,117.755240,3.863236,1.102225,0.421950
1204,11168,297.038845,0.377407,-3.300122,293.589481,-1.136625,-1395.833926,-2.968576,270.193473,-178.962802,4.502627,0.641525,0.473711
1204,11169,137.073511,-0.148430,-2.026369,276.173342,-4.833361,-1440.578380,-2.158616,144.337588,94.143063,5.457503,0.288881,-1.331717
1204,11170,231.060873,-2.047320,-2.271087,300.623344,-3.724790,-520.352637,-1.649260,236.423585,139.116302,4.245624,0.894857,0.076987
1204,11171,126.589786,-1.134267,-2.622812,118.314962,-3.983713,-159.793352,-1.624831,428.455505,79.682372,4.904241,0.859866,1.433079
1204,11172,221.401043,-0.145403,-2.715244,242.641489,-2.143888,-941.707568,-2.366666,207.593269,179.271375,3.317652,0.875738,-0.314033
1204,11173,93.979662,-0.470749,-2.019906,108.674068,-2.593267,-578.638059,-2.476071,206.079403,135.844520,4.992698,1.249251,1.110384
1204,11174,91.084471,0.149509,-2.110022,131.325531,-3.018175,-892.111664,-1.815307,296.818771,-3.858228,4.492362,0.722795,1.669220
1204,11175,216.891491,-0.575390,-2.302050,22.958248,-3.694784,-276.677982,-2.001852,316.173538,-89.483032,4.025244,1.568404,-2.722254
1204,11176,229.164358,0.572526,-2.857723,113.277319,-3.057693,-239.402688,-1.209703,174.002256,-38.303098,4.088145,1.021014,1.231314
1205,11177,3.107104,-2.231459,-1.268713,-0.855633,-0.951450,-3.386367,-3.531543,1.173007,0.490925,2.151300,1.462703,0.133713
1205,11178,1.705242,-1.818233,-3.212847,2.869232,-0.875725,-3.280944,-1.210115,1.924695,0.388191,2.048850,1.129979,-1.590774
1205,11179,1.823233,-2.680297,-2.190537,0.590894,-0.476812,-8.408367,-2.354350,2.536259,0.009752,3.607582,2.226946,1.059892
1205,11180,1.378714,-1.532218,-2.179044,1.781211,-2.016905,0.544586,-4.286856,1.342031,0.564020,3.942191,0.954782,-2.035768
1205,11181,1.012900,-2.488777,-1.660998,0.532551,-1.141718,-4.052523,-0.740275,1.038703,1.566009,3.301391,1.434690,-1.089778
1205,11182,1.334338,-3.075291,-3.615058,-2.472446,-1.980290,-2.402933,-2.441088,1.766649,0.234083,2.781166,0.935671,0.569792
1205,11183,4.503550,-2.532804,-2.792089,3.161985,0.276208,-0.592558,-2.935009,1.248456,-0.062760,2.323229,1.903093,1.344828
1205,11184,2.336341,-0.526136,-1.786516,3.131006,-0.281045,-1.768696,-2.055005,1.656498,1.499660,3.309459,0.325433,-1.626494
1205,11185,1.827708,-1.626122,-2.193333,-0.755053,-1.307214,-1.816427,-2.308192,2.813214,-0.925101,2.892007,0.452495,-0.971471
1205,11186,1.923683,-2.782036,-1.690699,4.352872,-1.829969,1.214770,-0.438042,2.166341,-0.075548,3.515664,-0.158370,0.610759
1206,11187,144.198505,0.420952,-1.561668,199.499778,-3.868448,-891.136714,-3.635563,286.243240,183.324875,4.304973,1.472446,0.646033
1206,11188,88.681667,-0.125811,-2.577013,169.889581,-3.371539,-149.489117,-4.478703,235.478673,-90.106157,3.878212,0.318493,-0.087136
1206,11189,94.486633,-0.338521,-2.798735,78.198756,-4.464500,-350.942255,0.650772,311.017415,32.682523,4.155501,0.870372,-2.280051
1206,11190,147.365442,-0.178417,-1.665709,175.466189,-3.741943,-214.640451,-1.999580,159.760034,180.735551,4.263580,0.591511,-0.611738
1206,11191,269.001402,0.631760,-2.023785,508.898683,-2.102451,-202.083977,-2.147646,242.866174,-176.993010,4.051402,1.368978,1.427921
1206,11192,176.213357,-0.784726,-6.070485,-83.432117,-2.452619,73.691579,-2.337265,298.110634,-41.441909,3.523159,-0.124076,2.099001
1206,11193,260.640230,-0.223930,-2.762650,665.693217,-4.142316,-216.164524,-1.114826,227.756209,136.002248,3.057905,-0.111826,-0.532288
1206,11194,143.445165,0.421656,-1.727151,225.505372,-3.634110,-524.834272,-1.785443,174.361535,-8.570319,2.377437,1.103626,1.825591
1206,11195,217.603819,-0.762774,-5.255243,-197.552874,-4.703781,-286.593169,-3.463891,295.249856,127.886132,3.963352,0.519537,-4.140918
1206,11196,81.857506,-0.390511,-2.127835,285.427116,-3.572081,-483.914135,-3.340834,415.947496,118.450284,3.173390,0.440731,-1.012436
1207,11197,2.992886,-2.359108,-1.517516,-0.329408,-0.195934,-1.519427,-1.539691,1.927175,-0.319720,3.721186,0.185473,1.207008
1207,11198,3.019224,-1.778726,-5.409361,2.571741,0.176789,-2.574718,-2.789083,2.680451,0.497474,3.179709,0.664207,-0.682960
1207,11199,3.006658,-2.428084,-0.543076,2.544422,0.073764,-0.807106,-3.266456,0.275989,0.374941,2.421210,1.426862,-1.975408
1207,11200,2.683499,-1.023327,-4.105917,-0.221432,-0.155739,-2.821587,-0.559957,2.246306,0.745338,3.239336,1.243693,-3.182486
1207,11201,2.385659,-1.094119,-1.254645,2.238654,-0.620299,-2.030185,-1.503875,1.734743,0.495076,2.719334,0.402712,-1.318140
1207,11202,2.795262,-1.789550,-2.537957,-1.815239,-2.049380,-1.189603,-2.957499,2.702905,0.195745,2.006341,0.461759,0.183552
1207,11203,0.612112,-1.403485,-2.339573,0.919510,-0.810422,-4.984455,-0.827046,3.050180,0.634553,3.153681,0.916316,-0.871685
1208,11204,3.442237,-2.188659,-1.782549,3.167965,-1.157058,0.603993,-3.608079,2.245078,0.738926,2.484273,0.727311,-2.535487
1208,11205,2.253817,-3.266893,-1.988928,-0.992460,-0.983522,-1.505448,-2.175938,1.269349,0.692530,3.069568,0.641841,-0.780720
1208,11206,1.276727,-2.254624,-0.918847,2.284128,-0.962318,-4.010016,-1.804012,1.694644,-0.619305,2.891665,1.141879,-0.445823
1208,11207,3.197312,-1.417931,-2.737102,1.034936,-1.851422,-3.665335,-2.701641,2.276657,-0.355549,4.063446,1.639042,-1.755869
1208,11208,2.808554,-2.593541,-1.997783,-0.315911,-1.162642,-0.731825,-1.020057,1.175248,-0.804556,3.124063,2.281320,-1.298187
1208,11209,2.746375,-2.033425,-3.601823,1.384007,-0.875319,-3.498320,-1.175959,3.027166,-1.457795,2.629921,0.235626,-1.953328
1208,11210,2.539317,-1.990602,-2.386258,2.821818,-0.076812,-3.858341,0.201207,1.927527,1.283131,2.903664,0.675346,-1.525046
1208,11211,3.780923,-2.836185,-4.422267,2.247923,-0.865465,-3.043002,-3.465136,1.224635,0.591111,3.748176,1.217819,-0.752095
1208,11212,1.727378,-2.459641,-2.713602,-3.420578,-0.914851,-3.222913,-1.942652,1.384074,1.068431,3.387749,2.613427,1.851753
1208,11213,0.263727,-1.869807,-1.790672,-0.570472,-0.102042,-3.280506,-0.866557,1.798788,0.378346,3.082923,1.375763,-1.118239
1209,11214,2.110504,-2.246850,-2.069308,3.360248,-0.394605,-3.052236,-2.408906,2.419187,-0.215541,3.002571,0.624796,0.318695
1209,11215,1.356967,-1.463621,-1.241019,-1.026910,-0.931178,-3.460142,-2.245983,2.754077,0.580981,2.945494,1.585864,-0.186585
1209,11216,2.895660,-3.975909,-3.369594,1.526644,-0.372402,-2.973606,-2.606165,0.313888,-0.041089,2.138521,1.842860,-0.473209
1209,11217,1.218853,-2.250324,-1.417865,-1.951867,-0.975836,-3.863542,-3.091861,2.726429,0.942960,2.852127,0.538515,-1.417749
1209,11218,1.972338,-2.665793,-1.052713,0.800077,-0.536811,-2.761986,0.008704,2.170117,1.305160,3.339902,1.111198,-2.074510
1209,11219,0.959862,-2.421155,-3.294244,1.362369,0.279909,-2.749438,-1.356032,1.438896,-0.270980,2.622361,0.459786,1.384254
1209,11220,4.453928,-2.570220,-3.011422,1.150847,-1.474414,-1.810154,-1.898640,2.342191,0.085059,3.568888,1.078085,-1.254297
1210,11221,2.165975,-3.326362,-1.910726,2.447901,-2.294025,-5.010416,0.080165,1.984247,0.369339,3.155680,-0.157180,-2.090618
1210,11222,1.764927,-2.378074,-1.959956,0.836411,-2.011006,-1.844653,-0.633386,2.887288,-0.030317,2.002155,0.761328,2.735825
1210,11223,2.663384,-2.060616,-3.347794,1.467176,0.219478,-1.836982,-3.625192,2.170523,0.037297,3.833897,1.124505,-0.521348
1210,11224,0.851889,-1.877820,-1.954255,0.042642,0.362483,-2.371098,-2.154626,1.070230,0.396274,2.700630,0.678450,-4.957080
1210,11225,2.648829,-2.086582,-3.791689,2.690963,-1.610689,-2.360390,-2.516960,2.122779,-0.623248,1.807193,1.140705,-0.723501
1210,11226,0.682857,-1.487554,-1.101205,0.296036,-0.131226,-1.320132,-0.881048,1.984921,0.870599,2.760788,0.808022,-2.238579
1210,11227,1.606300,-2.091826,-3.123644,3.421841,-2.276435,-5.252365,-1.765057,1.665509,0.383480,2.101575,1.360644,-0.047838
1210,11228,2.517744,-1.794009,-3.422722,0.192553,0.334245,-3.349054,-1.642385,2.238341,0.126763,3.607881,0.641850,0.033213
1210,11229,2.932231,-1.070123,-3.118555,-0.391607,-2.150934,-3.975559,-3.071714,1.535546,0.611660,2.960803,0.766015,-1.107043
1210,11230,2.970556,-2.892693,-2.553442,-1.300736,-1.018381,-2.318688,-5.082750,2.826710,0.126841,3.821189,1.715586,-0.795786
1211,11231,2.217559,-1.541313,-0.411637,-1.156407,0.350333,-2.669673,-1.997210,1.186264,1.515122,2.490051,1.977845,-2.266099
1211,11232,2.176999,-1.720556,-1.859292,0.855653,-0.948935,-2.149972,-1.246750,2.780917,0.150593,3.564828,1.282963,-1.942300
1211,11233,4.227564,-2.257555,-1.903183,0.507565,-0.985888,-1.455311,-2.030542,0.579599,0.294268,1.688186,1.116770,-1.354746
1211,11234,3.714801,-1.786860,-2.209132,2.713103,-0.976950,-3.013368,-2.061635,1.970853,-0.460821,2.180139,0.558328,-0.606383
1211,11235,2.619014,-2.288672,-1.341163,-0.259671,-0.909116,-2.546293,-1.896295,0.586337,0.527277,3.560902,0.638177,-2.237851
1211,11236,2.100585,-1.660275,-2.605180,0.857230,-0.686683,-3.243396,-4.315412,2.649419,1.210692,2.927542,1.276839,-2.655866
1211,11237,1.834865,-2.131825,-0.067298,0.746068,-0.141014,-2.371330,-3.264209,2.439533,-0.040809,2.651194,0.605143,-1.271236
1212,11238,1.913398,-1.151107,-2.015384,-0.039105,-0.496947,-2.260571,-2.268305,0.875948,-0.238428,3.352965,0.463581,-1.700587
1212,11239,-0.534751,-1.362014,-2.971388,-0.297010,-0.783198,-3.888219,-1.868741,1.993313,0.254686,2.792368,1.360036,-1.763939
1212,11240,1.173637,-1.958099,-2.855039,0.760536,-1.036088,0.633195,-2.608437,2.491411,0.031610,3.012782,1.209742,-2.300189
1212,11241,1.665848,-2.477585,-1.364025,3.204331,0.173867,-4.690232,-1.967006,1.681715,0.318284,2.930848,1.782729,-1.005641
1212,11242,2.844968,-1.582633,-1.489510,2.708200,-0.828192,-3.103487,-1.276389,1.181656,0.492733,3.494034,0.282055,0.639693
1212,11243,2.217343,-1.525201,-1.201144,-0.772797,0.153167,-1.081532,-2.462319,2.469672,1.456661,4.123214,0.244000,-1.267149
1212,11244,2.705477,-2.985491,-0.362218,-0.783026,0.462731,1.291952,-2.093868,2.032014,0.806804,3.740513,0.772176,-1.413818
1212,11245,1.647511,-1.333385,-1.327158,0.522569,-0.145362,-2.433866,-1.767479,2.024264,0.346879,2.528064,1.422987,-0.204916
1212,11246,1.348097,-1.041999,-1.685233,1.730851,0.136942,-0.903040,-4.989171,1.330309,1.104567,2.266993,0.310170,0.140691
1212,11247,3.666305,-1.555629,-2.685249,0.731597,-2.476221,-4.284798,1.220486,2.154641,0.490493,3.213008,1.317745,-2.872151
1213,11248,2.927983,-2.145754,-2.639090,-0.631300,-0.297009,-0.728749,-1.790985,3.720012,0.378266,2.007336,0.807068,-2.750267
1213,11249,2.572109,-2.970657,-1.571102,4.190110,-0.742454,-2.061803,-4.071792,1.442960,-0.479874,3.753412,0.943105,-1.136693
1213,11250,3.979423,-3.378809,-1.627855,-3.117147,-0.319732,-2.831381,-4.744393,1.322093,0.016111,2.584837,-0.356336,-0.597584
1213,11251,2.533798,-2.748026,-3.730948,1.821287,-2.729889,-5.806217,-2.774342,0.260290,0.253992,3.021568,0.721047,-2.554608
1213,11252,2.347744,-2.923268,-1.839356,3.377357,-1.094206,-4.276218,-1.914715,2.459651,0.512492,2.003370,1.291324,-2.400484
1213,11253,2.086976,-1.532695,-2.178721,-2.855095,0.526600,-1.255865,-2.959486,2.083954,0.706971,3.181664,1.378689,-0.881492
1213,11254,0.828459,-1.921962,-2.160232,0.689944,-0.772677,-2.547083,-3.183603,2.364262,0.177399,2.381160,0.653161,-0.741476
1213,11255,0.635602,-2.105461,-2.563011,0.577688,-1.678309,-5.875332,0.032542,2.204389,-0.744051,2.294119,0.421627,-0.158543
1213,11256,2.407650,-1.537181,-2.679265,0.256924,-0.890883,-1.120601,-2.542728,1.812684,1.320617,3.118995,0.223850,-1.678386
1213,11257,2.896059,-2.697334,-3.156287,2.046467,-1.506939,-2.053341,-1.149990,2.508580,1.143227,3.084502,0.864050,-2.538955
1214,11258,3.941749,-2.733436,-0.534349,2.434611,-0.726406,-1.918306,-3.379492,2.645001,1.177982,3.237714,0.630532,-3.037491
1214,11259,-0.109829,-1.072037,-1.799684,4.367005,-1.784991,-0.728323,-3.557387,0.655754,1.422430,2.669120,0.719029,1.478102
1214,11260,1.545265,-2.078085,-2.974411,-0.920731,-0.574422,-2.573035,-1.706823,2.256257,0.457196,4.069231,1.160535,-0.872336
1214,11261,0.610252,-1.716677,-2.928277,-3.208280,0.477927,-4.620257,-1.433854,2.112321,1.260808,2.596237,0.869997,-2.429713
1214,11262,2.831151,-0.870656,-1.283367,-1.160762,-0.395224,-1.466494,-0.743493,3.489870,-0.293114,1.883797,1.072660,-1.833950
1214,11263,2.023811,-2.620305,-1.615631,0.588718,-2.177120,-2.822031,-0.505274,2.078578,0.151412,3.691803,1.460509,1.768048
1214,11264,1.465317,-1.272798,-2.850269,-0.029751,-1.074987,-2.451734,-3.190119,0.680547,-0.438578,2.754985,1.466098,-0.842568
1214,11265,2.051599,-0.875394,-2.346564,2.357579,-0.995739,-1.048785,-2.243342,1.646226,0.762344,1.778283,2.359431,-1.561277
1214,11266,1.599530,-1.336153,-3.140805,1.602803,0.474397,-1.446784,-0.456998,3.299604,-0.095926,3.660998,0.657828,-1.724566
1214,11267,2.125416,-1.012507,-1.690956,-0.657624,-1.054098,-5.174556,-0.882008,2.157470,-0.399548,3.081497,0.223578,-2.209693
1215,11268,201.173628,-0.848215,-3.131185,213.629949,-3.489468,-228.991451,-2.884404,245.049847,10.316580,3.758938,0.682399,1.049754
1215,11269,242.750029,-1.084938,-2.182514,449.769289,-2.355245,-808.678056,-4.673085,224.117423,92.849673,4.814029,1.354901,1.092030
1215,11270,164.397269,0.609406,-4.201521,-385.254691,-2.868615,-506.633125,-2.953009,206.672345,186.988646,3.358990,0.053861,0.196175
1215,11271,265.373726,0.590086,-4.420272,257.566731,-3.507274,219.298771,-3.132066,267.277544,-63.512755,4.141429,0.107763,2.125942
1215,11272,-30.425383,-0.141867,-3.686133,216.304821,-2.462499,-889.077844,-1.741246,221.616012,157.387475,5.007489,1.090609,-1.472879
1215,11273,160.111458,-0.230984,-4.789804,328.286320,-4.154538,-243.809756,-3.254331,183.030191,171.611186,4.811596,1.747945,-2.472425
1215,11274,99.873971,0.600835,-1.899501,-239.812317,-2.493201,-1237.702077,-0.677182,265.008570,262.350063,3.734455,0.245070,-0.988671
1215,11275,217.409823,-0.713312,-3.288455,304.149012,-4.031943,-143.334605,-1.210919,330.425836,-89.921754,4.960996,-0.033462,-1.559997
1215,11276,132.480249,0.233583,-3.703764,293.528139,-2.319854,-1036.828497,-4.857498,229.435335,150.668784,4.928887,1.650887,0.818780
1215,11277,277.003476,-0.362859,-3.387724,-15.801834,-3.623548,261.177997,-2.991069,353.621078,164.983607,4.943272,0.807706,0.485915
1216,11278,1.906330,-2.221203,-2.786068,0.784105,-2.240167,-4.051481,-1.673198,3.263726,0.481549,3.660197,1.651680,-1.994375
1216,11279,2.126264,-3.317664,-1.312970,1.985257,-1.175443,-3.023814,-1.804264,1.844422,0.482760,2.880496,1.854191,-1.880577
1216,11280,3.538436,-2.309136,-4.638021,2.809608,-1.206528,-4.029524,-1.400216,3.308948,-0.171957,1.931906,0.631051,-1.357981
1216,11281,3.462531,-2.004558,0.826353,1.699488,-0.787697,-1.374368,-1.780803,1.948237,0.473683,3.446232,0.318039,0.604051
1216,11282,2.736219,-1.799042,-3.436067,-1.365129,-1.756221,-0.380974,-2.061195,4.186971,0.413634,3.133547,0.128086,-0.735947
1216,11283,2.107704,-2.690384,-4.412738,0.616683,0.338515,-3.913668,-1.765740,0.709009,-0.456415,3.375567,0.966094,-0.562497
1216,11284,1.937693,-1.546613,-1.525514,0.945223,-0.791964,-3.649958,-0.321649,2.066966,0.418839,2.820714,1.538069,-2.142714
1216,11285,1.987362,-1.198407,-3.629735,-3.177588,-0.481768,-5.002329,0.055177,2.662508,0.652291,2.919667,0.486080,-1.385283
1216,11286,3.210548,-1.756638,-0.394435,2.252699,-1.898314,-2.332316,-3.331091,3.144370,0.752440,4.465717,0.612149,0.395268
1216,11287,0.828352,-2.619905,-2.295733,-1.499148,-1.455865,-5.882382,-1.463910,0.969478,2.004802,2.763166,1.159614,-1.514195
1217,11288,157.615272,-0.202396,-3.884077,365.770959,-2.724950,-636.427417,-0.242626,69.230456,216.088697,4.103046,0.835487,-0.857157
1217,11289,195.606876,-0.113640,-3.794207,282.684203,-4.176455,-350.563188,-1.614469,387.802746,83.996438,4.053635,-0.161885,-0.631853
1217,11290,122.704278,-0.612005,-3.304754,54.235600,-4.648964,-154.391079,-1.815010,248.209941,38.053383,3.895150,0.100509,-0.735169
1217,11291,225.587442,-0.628967,-3.183844,670.859427,-0.857792,-912.182272,-1.137447,266.362027,65.373034,2.672604,0.363367,-0.440662
1217,11292,65.849546,-1.046757,-1.571541,-316.074731,-2.653118,-617.904497,-2.506718,73.909944,62.956718,4.153965,0.891019,0.224217
1217,11293,196.043510,-0.874758,-3.786574,41.878698,-1.132348,-497.804038,-2.994759,396.596538,-83.212017,4.649286,0.963540,-0.893645
1217,11294,221.617341,-0.675460,-4.189388,205.470839,-3.884275,-493.202759,-1.087288,404.974168,121.851443,4.735036,2.008421,-1.495865
1218,11295,3.638309,-1.845592,1.319273,0.325800,0.867440,-3.061493,-3.316509,2.333115,1.703702,2.651255,1.379184,-2.643071
1218,11296,0.691577,-1.698276,-3.235977,2.318166,-0.167551,-1.350207,0.821873,1.401045,1.186976,2.526966,1.189275,-0.904917
1218,11297,1.709890,-2.266004,-1.885419,0.238625,-1.317533,-3.386308,-1.634229,2.049305,-0.133646,2.459350,1.167775,-2.410554
1218,11298,3.157697,-1.215879,-3.436149,-2.992696,-1.716931,-3.222860,-1.557914,3.132924,0.470218,4.303667,-0.179255,-0.345558
1218,11299,1.016772,-2.381733,-0.931131,-0.984200,0.087899,-1.819258,-2.933758,1.665966,0.110259,2.507438,0.922125,0.034993
1218,11300,1.846703,-2.433163,-1.606700,-0.082669,-1.527264,-2.742680,-1.019150,2.207366,-0.012254,2.296460,1.589572,-0.577827
1218,11301,1.668161,-1.891559,-0.720733,0.800487,-2.158081,-1.106071,-3.673059,1.347828,-0.334720,2.519907,0.873857,-1.115548
1218,11302,2.792384,-2.138028,-1.773474,2.069213,-1.826253,-2.079758,-2.980192,2.936624,-0.999354,3.560442,1.257348,-0.322253
1218,11303,2.967339,-2.163953,-1.668617,0.054329,-0.173088,-7.217225,-3.915693,0.919915,0.146472,3.299541,1.151284,-0.507210
1218,11304,2.107372,-2.142862,-0.159248,3.858931,-1.782822,-1.193871,-2.784415,2.206024,1.088880,3.209167,0.074806,-1.947499
1219,11305,74.532887,1.441320,-3.277273,484.234511,-4.033231,-756.402993,-3.244878,168.677514,106.799775,4.517828,0.133852,0.660662
1219,11306,179.181214,0.576465,-2.686461,222.096228,-2.979234,-126.628994,-1.401702,153.641540,-147.870704,4.445679,0.591334,-0.833816
1219,11307,215.478630,0.356118,-1.696364,-35.237626,-2.403071,-347.973122,-2.099447,389.350726,-65.683851,3.607325,-0.050762,-0.312571
1219,11308,203.195856,-0.244271,-3.656575,-322.634364,-2.952257,-870.260041,-0.914414,289.810140,47.497301,4.451640,0.897473,-0.865373
1219,11309,172.421101,-0.740180,-3.705706,203.020743,-2.246725,-1006.354343,-2.146417,204.689316,261.924305,3.813433,1.032585,-1.988990
1219,11310,179.752868,0.300939,-2.331320,-109.883037,-3.214491,-540.425722,-0.943673,2.082984,-68.171139,4.328485,0.954994,-2.026886
1219,11311,261.049175,0.674071,-3.092453,202.022164,-3.074296,-582.410679,0.136566,326.624407,497.099889,4.892339,0.429136,-0.348372
1219,11312,167.262884,-0.017592,-4.849872,-86.369547,-2.728347,-4.741761,-1.697396,12.980811,-56.749492,3.996007,1.610512,-0.612112
1219,11313,184.565213,-0.094827,-2.223392,370.226498,-4.171929,-720.643609,-1.822196,455.894437,12.278802,4.603813,0.439855,0.857834
1219,11314,227.102982,0.872823,-3.865620,-182.248355,-3.816639,-234.828557,-2.368298,196.661930,-55.360434,4.918775,0.975307,0.305965
1220,11315,160.084634,-0.961509,-2.632546,72.959149,-2.643228,-1420.186380,-2.577822,328.779684,-5.749917,5.207899,0.576870,-0.186719
1220,11316,182.147470,-0.048371,-4.150044,-468.856489,-3.244834,-16.956831,-3.657677,206.728747,105.191841,3.979471,1.041243,1.666144
1220,11317,74.874338,-1.264749,-4.116632,-499.301378,-4.632626,-916.422181,-2.497924,178.424527,136.073941,4.572116,0.273677,1.347837
1220,11318,150.357026,-0.904719,-4.007604,185.703314,-4.423448,-133.304185,-2.916609,460.154371,-1.259626,5.320586,0.794142,-0.647038
1220,11319,221.115691,0.421830,-0.728524,-176.596419,-3.341315,-587.486155,-1.934768,179.243219,53.546459,4.488847,0.783760,-0.015631
1220,11320,262.519291,0.432847,-3.300988,127.397104,-4.245740,-761.000560,-2.549671,321.306086,-135.504572,4.472700,0.983406,0.753257
1220,11321,111.979393,-1.108513,-3.754398,-38.684735,-3.397936,-1178.661909,-0.626880,269.916038,185.151563,4.744661,1.113229,-0.795292
1220,11322,227.020055,0.526010,-2.092355,370.495842,-3.294796,-904.558344,-1.106868,322.497634,198.646487,4.181554,-0.186622,2.490314
1220,11323,232.343756,-0.190250,-2.862885,-212.398689,-2.998024,667.293465,-2.453362,231.229219,125.976033,4.784863,0.227372,0.586426
1220,11324,370.856706,-1.301634,-2.846991,348.619258,-3.684790,-865.763179,-3.903242,273.020885,70.542415,3.807211,0.149880,0.622683
1221,11325,191.099916,-0.819315,-1.733738,325.627477,-3.154997,-473.728998,-3.324219,117.922657,80.627153,4.277790,1.007242,-1.460327
1221,11326,53.942144,0.382556,-5.290792,-166.023499,-2.512895,-418.872321,-2.689875,137.681471,148.937920,3.352931,0.560184,0.475536
1221,11327,260.281379,0.672181,-3.533142,216.313753,-3.755341,-255.324333,-1.922845,299.487946,187.926082,4.012687,1.429940,0.422636
1221,11328,143.966653,-1.041022,-2.029541,202.190819,-2.546160,-367.023278,-2.210691,225.041685,55.367883,3.957175,0.951751,1.185919
1221,11329,227.638662,0.626733,-3.413121,219.792398,-3.668625,-375.569169,-2.865377,339.986515,130.500093,4.285930,1.049007,1.275087
1221,11330,98.914690,0.355093,-4.141764,19.683887,-3.204484,-648.992694,-3.377015,273.708566,-26.692405,4.815410,1.005353,-0.661096
1221,11331,205.064740,0.185605,-4.702625,-276.546546,-3.437869,-734.215003,-2.203136,117.549784,117.201760,4.504420,1.097910,-0.414540
1222,11332,3.113351,-1.071984,-3.432360,1.507342,-1.560645,0.514905,-4.694473,2.061474,0.102612,3.467088,0.758177,-1.173149
1222,11333,4.226712,-1.655574,-3.621958,1.851335,0.552144,-5.916261,-0.575089,3.733680,0.817231,3.758349,2.144115,-4.953046
1222,11334,1.262967,-1.707445,-2.797763,-0.250048,-0.181536,-4.093973,-0.585160,2.141322,0.278208,3.224996,0.955104,-1.746936
1222,11335,2.091055,-1.368703,-1.726351,1.132304,-0.552101,-1.853203,-1.811521,2.448045,0.043050,3.607558,0.174109,-0.417145
1222,11336,2.279092,-2.536097,0.056155,-3.451666,-1.069725,-2.239340,-2.628254,1.544693,0.527970,3.857122,0.438446,-2.068519
1222,11337,1.946196,-3.621167,-1.280122,-0.577493,-1.071570,-0.380751,-4.024571,2.607446,1.024121,3.157345,1.409088,-0.376212
1222,11338,0.981449,-1.090467,-1.283304,0.218065,-2.328017,1.349706,-1.843463,1.679575,1.114482,2.502624,0.450007,-1.188348
1222,11339,0.399240,-1.584565,-1.880646,3.501592,-0.224649,-7.258684,-1.904124,2.582630,0.819417,2.257661,0.968819,0.484498
1222,11340,1.697404,-1.930822,-1.501232,-1.246771,-0.441063,-3.045367,-3.286160,1.348169,0.815060,2.523685,2.762937,-2.818004
1222,11341,2.466364,-2.424752,-1.769501,-1.786127,-0.282896,-3.262684,-3.819072,1.188764,0.844525,2.814546,1.878232,-1.570317
1223,11342,1.844239,-1.522162,-2.196621,-2.228775,-0.137489,-1.365839,-3.434921,1.090677,0.713754,3.136426,0.807241,-1.202633
1223,11343,2.536769,-2.347477,-2.820077,1.740669,-1.129943,-2.204648,-2.074602,2.461367,0.253772,3.111690,1.762467,0.099904
1223,11344,3.683466,-2.437606,-1.304568,4.262742,-0.438914,-1.266082,-3.481470,3.364530,0.637846,3.635054,1.389585,-0.595222
1223,11345,1.892398,-2.841056,-0.678373,-1.909438,-0.484195,-4.301020,-1.151618,1.670024,1.188428,3.705466,1.589386,-0.724733
1223,11346,0.578606,-2.865179,-2.508754,1.193181,-0.931825,-2.552157,-1.028863,0.870946,2.193448,3.401602,1.028796,-1.981656
1223,11347,1.713550,-2.696086,-1.358763,-1.525243,-1.752274,-3.261904,-0.294714,1.390817,0.676454,2.762104,1.540807,-0.350748
1223,11348,2.460906,-1.958392,-1.825706,0.784166,-1.494201,0.157001,-3.946217,1.584371,0.084776,3.009397,1.704923,-2.654304
1223,11349,2.547902,-2.007133,-2.273892,1.692063,-1.601812,-4.603959,-3.101487,1.031879,1.665424,3.605701,0.635426,0.711177
1223,11350,2.063651,-1.960976,-2.566706,-2.367285,-1.738199,-0.868723,-1.871868,1.664911,0.893352,2.577307,1.086001,-3.416818
1223,11351,2.453790,-1.830499,-3.810304,-2.138568,-1.560609,-2.808968,-0.222106,3.142765,-0.287983,3.637851,1.208535,0.581931
1224,11352,4.084050,-1.531978,-4.066515,1.530203,-0.212279,-1.387163,-1.233912,1.892774,0.654731,3.068365,0.605512,-1.193705
1224,11353,3.648562,-2.117547,-2.200111,3.466643,-1.377215,-2.045186,-1.006210,3.243392,0.625581,2.532539,0.708963,-1.843332
1224,11354,2.804578,-1.747319,-1.701441,2.088065,-1.740716,-2.750526,-0.095600,2.730352,0.295834,2.269534,1.271181,-0.973367
1224,11355,2.818280,-1.995172,-1.387803,-0.842252,-0.144589,-5.426361,-0.449203,1.929256,-0.506713,4.000226,0.138702,0.265763
1224,11356,2.682974,-2.280799,-2.666017,0.973209,-0.094567,-6.249076,-3.725538,1.847158,0.425924,3.043062,1.367393,0.388920
1224,11357,1.720755,-2.873776,-2.293139,0.602952,-0.185231,-1.539671,-3.355868,1.280603,-0.402687,3.298569,1.202131,-0.121815
1224,11358,2.026929,-1.462685,-1.531406,-0.826842,-0.533102,-1.436126,-1.265014,2.372678,0.877081,2.527514,0.958937,-1.533355
1224,11359,1.801626,-1.216389,-1.453855,0.779572,-1.111413,-4.585821,-1.937188,2.692489,0.496383,2.029239,0.388890,-1.390412
1224,11360,1.444088,-0.608268,-2.650297,-0.049948,-0.486776,-3.076630,-2.119043,1.779224,0.441386,3.328700,1.032275,0.162839
1224,11361,2.306260,-2.249008,-3.642093,-0.592369,-2.367863,-2.667155,-1.255139,3.030304,0.964368,2.012207,1.286794,-1.214982
1225,11362,193.583501,-1.121035,-3.251058,43.936529,-2.494592,-614.294790,-2.852043,143.695160,179.886380,3.792390,-0.176579,-1.566002
1225,11363,174.192888,-0.436639,-4.681301,401.871359,-4.557622,-1219.474494,-1.074494,106.525707,-159.473666,4.845177,0.160179,-0.154804
1225,11364,155.154537,-0.253206,-3.054997,129.734080,-3.148789,-1334.452113,-2.343965,257.723851,285.660312,4.097476,0.326761,0.015595
1225,11365,301.151551,0.116764,-5.489618,307.824501,-3.964589,-559.928414,-2.593668,323.178013,337.317578,4.623573,1.405757,1.369475
1225,11366,183.264593,0.104380,-2.883851,31.890458,-3.062094,-1075.824994,-1.194905,42.675255,33.489845,3.815251,-0.064009,-2.303260
1225,11367,96.002383,-1.052264,-2.949536,514.356308,-2.910119,-618.304818,-1.249927,175.527173,317.859023,3.714873,0.874351,-2.123166
1225,11368,263.671856,-0.325654,-3.077137,-166.466424,-2.705522,-258.354206,-2.821460,306.313960,47.415691,2.761412,0.681698,1.747456
1225,11369,103.299340,-0.772180,-3.068573,234.018690,-4.450522,-1028.543734,1.108895,423.471589,81.151713,5.102609,2.591112,-1.712878
1225,11370,116.069019,-0.595063,-1.740941,297.509228,-3.218327,-1282.333981,-2.425020,250.584496,-68.885955,4.195093,1.268516,0.184896
1225,11371,88.965245,-0.252338,-2.881136,7.995853,-3.499454,-779.641193,-0.453059,228.540602,120.345741,4.853987,0.600375,0.024027
1226,11372,191.458878,-0.417669,-1.428344,-133.717716,-3.472525,-973.442857,-2.955028,296.719030,227.047009,4.524718,0.955197,-1.624825
1226,11373,99.365973,-0.548350,-2.544159,-67.002720,-2.917433,-219.868366,-3.045826,373.443922,347.547372,4.075978,0.924634,1.409974
1226,11374,120.401469,-1.521488,-1.701670,-177.647297,-3.479166,344.155558,-2.676320,215.053612,134.651621,4.161173,0.732377,-1.916319
1226,11375,239.522387,0.063445,-0.899581,294.891675,-2.519812,-977.726711,-0.830739,302.255107,184.891779,4.647126,1.778444,1.780095
1226,11376,165.010695,-0.791919,-3.563527,321.308797,-2.960225,-120.784818,-4.099328,328.809177,73.794339,4.983676,0.283855,-0.978032
1226,11377,197.187591,0.287918,-2.689227,106.415703,-3.084258,-1328.920407,-2.366497,507.407018,189.399144,4.514348,0.870089,-0.592420
1226,11378,63.612289,-0.563189,-2.669982,-82.033003,-2.728360,-875.458073,-2.729771,293.475690,65.292454,4.483634,0.271272,-2.793597
1226,11379,119.053304,-0.643353,-1.845348,375.847249,-2.895138,-1070.353589,-0.881105,280.824582,126.709541,4.020357,0.615627,-2.426763
1226,11380,233.970676,0.684270,-2.051161,350.145975,-3.278481,-707.685845,-2.157686,156.355270,172.962087,5.321963,0.246443,-1.821773
1226,11381,203.133820,-0.421893,-2.500212,228.904701,-2.782912,-538.567994,-1.950917,328.765377,154.749671,4.648926,0.659299,-0.234573
1227,11382,2.353987,-1.778348,-1.995415,3.262482,-2.133611,-2.016457,-1.786137,1.143231,0.012650,2.757388,1.716196,-0.129126
1227,11383,3.276728,-2.020582,-3.767423,2.097568,0.928300,-4.747620,-1.111494,3.629878,0.696324,2.609260,1.204122,-0.586051
1227,11384,0.848358,-2.246384,-2.954450,1.265548,-0.480245,-3.724677,-5.262888,3.227901,0.461706,2.317744,0.125880,-0.063635
1227,11385,2.748343,-1.280191,-2.797274,-2.734903,-1.932799,-0.267204,-1.851305,0.334742,0.869737,3.559511,1.377743,-0.703679
1227,11386,1.991577,-1.857247,-3.548607,-1.309791,-0.878601,-1.207211,-2.906609,3.128554,0.500342,2.615999,1.187554,-2.689353
1227,11387,0.716686,-0.887955,-2.845903,0.945553,0.089358,-2.735779,-1.174018,3.697349,-0.253737,2.963849,0.557262,-2.780843
1227,11388,2.507400,-0.599133,-0.245074,-0.826574,-0.554845,-1.045572,-1.169811,2.851895,-0.146471,3.148286,1.512902,-3.188003
1227,11389,3.994620,-1.679261,-2.586149,2.209729,-0.050090,-3.988739,-2.794084,2.629669,-0.441842,3.266847,0.666399,-0.264446
1227,11390,1.670486,-2.879609,-2.969548,-1.177708,-1.008572,-3.725972,-5.044900,2.368779,1.088726,3.023746,2.317007,0.334293
1227,11391,0.632982,-1.772059,-0.998794,1.226619,-1.185410,0.988631,-1.561335,1.111411,-0.468476,2.343015,0.977968,-1.254082
1228,11392,140.915802,1.231098,-2.619661,231.244953,-3.181203,-871.992134,-1.973300,462.680138,126.047346,3.747279,0.383700,0.540841
1228,11393,250.360537,-0.396054,-4.339260,112.911367,-3.102159,-285.592315,-3.503945,231.615356,-212.578163,2.841918,0.969999,1.347326
1228,11394,57.257872,0.641614,-3.870713,382.414435,-3.105925,-54.448449,-3.557832,272.038936,194.317140,3.691951,0.637144,0.379701
1228,11395,191.267086,-0.063565,-3.132740,-233.615518,-2.945935,-1388.827105,-2.731965,153.700281,232.240539,3.686988,1.366756,0.806910
1228,11396,163.184515,-0.244040,-3.122693,-10.105396,-2.387989,-454.869314,0.178896,218.127532,228.185986,3.416365,-0.018606,-3.174314
1228,11397,168.904056,0.923733,-3.512815,277.447310,-2.718166,-466.696567,-3.951650,473.947680,69.696374,3.829525,1.147011,0.486120
1228,11398,173.130513,0.663637,-2.989290,464.334692,-3.136099,-1380.219558,-2.716893,228.531498,-52.232992,4.187527,0.969924,0.407439
1228,11399,169.884090,0.248883,-3.856536,101.277764,-2.656054,-257.608017,-2.494357,347.393414,-119.507613,3.942042,0.939397,-0.322761
1228,11400,119.455074,-1.547267,-2.698560,14.184628,-3.752312,-588.241287,-2.456404,309.422741,22.456017,4.589940,-0.061239,-0.450252
1228,11401,247.844755,-0.184645,-2.574612,93.728353,-2.271030,-845.006574,-3.612418,471.910931,131.340960,4.355638,0.867616,-0.138677
1229,11402,218.090071,-0.486452,-2.636181,256.566092,-4.135442,-39.618970,-3.150248,277.284199,144.379940,3.609919,0.934363,-0.498446
1229,11403,198.800894,-0.008534,-1.354278,-109.341667,-2.586811,-235.501680,-2.783309,96.355824,-35.899662,4.080729,0.820825,-1.436210
1229,11404,211.434249,-1.023175,-3.324491,413.551792,-2.719218,-948.261397,-3.864536,213.716694,250.072352,5.192622,1.563019,-0.756468
1229,11405,153.854005,1.170212,-3.129750,85.785729,-3.296185,118.949455,-2.550263,330.662789,78.016673,5.202591,0.702875,-2.871119
1229,11406,124.423335,-0.241069,-2.509436,-322.595142,-4.471613,-846.482497,-2.085992,88.823678,231.589991,3.639299,0.780413,-0.451013
1229,11407,287.015708,-0.449311,-4.744968,13.314450,-3.199291,-219.899482,-3.407038,481.250931,214.926777,4.712634,-0.230705,-0.171686
1229,11408,167.195857,0.519977,-3.126781,179.402005,-3.099419,18.373601,-1.997411,329.606941,48.594894,3.999771,0.817792,2.053136
1229,11409,122.995336,1.462451,-2.926830,174.322109,-1.539511,-167.610203,-2.025997,357.591564,152.079962,3.980956,0.401077,-1.587762
1229,11410,278.857852,-1.691713,-2.441211,-243.032334,-3.189512,-1137.079472,-3.059144,448.396979,116.997202,2.410044,0.647015,-1.399884
1229,11411,118.376866,0.160657,-0.251839,319.623618,-3.216192,-764.656357,-3.450131,151.704810,97.303957,5.341326,0.783100,1.191129
1230,11412,116.441707,-0.896341,-1.438355,93.782519,-4.270883,-762.537998,-2.228353,521.322355,126.214000,4.666291,0.319575,1.340287
1230,11413,212.293870,-1.086034,-3.016982,-230.556229,-4.331268,-2023.414003,-3.204313,208.988490,187.511808,4.414172,1.175262,-0.185838
1230,11414,180.714969,-1.015227,-4.682181,190.784279,-3.590621,-602.470305,-3.281965,72.017967,106.151670,4.017252,0.374931,-1.194616
1230,11415,347.036783,-0.327464,-4.423371,52.262754,-3.637933,-312.946065,-1.440615,331.686680,196.909534,5.529231,0.709432,-1.917667
1230,11416,149.099777,0.483240,-3.131131,814.975156,-1.835170,-381.663587,-1.720661,91.822173,158.305839,3.769813,1.740566,1.116265
1230,11417,165.305503,0.539985,-3.016746,195.016939,-3.069086,-373.119566,-2.183224,382.142404,-129.108876,4.150317,1.379710,0.366721
1230,11418,222.708161,-0.030501,-1.942157,272.057286,-2.806217,-629.657656,-2.588347,218.202647,202.075021,3.339490,0.717285,-0.276178
1230,11419,178.879700,0.685964,-3.187813,-107.324694,-3.650251,-222.306399,-1.820437,205.397793,156.197923,4.044187,0.856994,-0.448410
1230,11420,223.236822,-0.346359,-2.401854,-152.300863,-3.192402,-814.256213,-3.212928,223.264891,200.330450,4.276056,1.082885,-1.555182
1230,11421,260.675507,-0.793981,-4.731139,-235.064143,-4.652431,-707.713612,-5.602823,404.375249,141.839083,4.030530,0.756832,-2.401616
1231,11422,3.554853,-0.813875,-1.679772,0.237613,-1.241117,-0.756436,-2.290353,2.572786,0.361016,3.438775,0.138237,0.037341
1231,11423,4.039538,-2.005384,-1.430323,0.420770,0.807177,-3.866480,-4.086756,1.306366,0.756574,3.442092,0.593895,-0.920545
1231,11424,1.312417,-3.474920,-2.536965,-2.229960,-0.381743,-1.613553,-2.824969,2.317315,1.446960,3.160651,1.947649,0.638232
1231,11425,1.818584,-1.389089,-4.002378,2.431914,-2.652564,-0.004905,-2.363352,2.382982,0.804557,2.086013,0.506401,-1.746564
1231,11426,2.605233,-2.753937,-1.467915,1.972067,-0.938185,-2.625231,-3.914139,1.093200,1.167405,3.213364,2.164020,-0.666320
1231,11427,3.186581,-1.379844,-2.210324,1.653263,-0.818149,-4.317656,-3.175775,2.071442,-0.044112,2.609679,0.387353,-1.059452
1231,11428,2.441601,-1.754113,-0.964841,-0.453774,-1.192438,-0.418311,-1.953058,1.085219,0.845678,3.506473,1.402827,0.856058
1231,11429,4.268365,-2.704745,-3.602504,-1.244621,-0.857401,-2.058634,-3.884004,2.762934,0.511036,4.028535,-0.078762,-0.051251
1231,11430,3.139030,-1.840510,-2.595017,2.465187,-1.375716,-4.609954,-1.302554,0.888988,-0.010291,4.275655,1.418086,0.376155
1231,11431,1.717547,-2.662565,-2.179468,3.116976,0.016487,-4.313337,-3.238012,2.884499,1.284437,3.049228,0.817384,0.825499
1232,11432,236.411879,-0.207676,-1.652003,284.283855,-2.607108,-638.744506,-4.082222,324.560625,36.193681,4.313502,0.773300,-1.772653
1232,11433,200.574687,0.294165,-3.549003,-135.082860,-4.822481,-499.132590,-0.721162,281.315852,21.440225,3.959481,0.239211,-0.433970
1232,11434,133.534956,0.644971,-5.759654,-242.740611,-3.485055,-982.831778,-3.561091,313.774362,72.180576,4.830432,0.651920,-1.241676
1232,11435,136.079155,-0.964654,-3.113457,244.023848,-3.969609,-304.661411,-4.732802,418.028086,235.155386,4.171432,0.716177,1.252672
1232,11436,210.482416,-0.442306,-2.980045,-24.953762,-3.587216,-1351.835725,-1.358868,344.890755,-161.815582,5.322723,1.595031,-0.053664
1232,11437,78.217891,-0.285215,-4.286831,-227.048349,-3.120823,-704.619358,-2.840751,274.405283,88.271573,4.349226,0.092061,-0.948414
1232,11438,288.801536,-0.427797,-1.048317,116.753205,-2.629235,-872.773530,-0.647166,198.676496,60.960307,4.401944,0.643315,0.687498
1232,11439,126.591670,0.067223,-4.451587,18.295613,-3.428562,-29.803307,-0.449914,211.942720,324.821418,3.650954,0.539512,-0.499129
1232,11440,185.871571,-0.001017,-2.914308,178.804169,-2.701166,-1149.597324,-2.342839,380.371174,125.946851,4.506066,0.417240,-1.326655
1232,11441,115.315416,-0.186034,-2.944362,-163.183581,-3.390956,-536.127238,-3.247428,317.930898,175.899659,3.939163,1.078922,-0.522910
1233,11442,3.093738,-1.380069,-3.345510,-1.256224,-1.211632,-2.475008,-2.969140,0.853183,0.026800,2.505704,1.077897,1.878313
1233,11443,2.949272,-2.981961,-2.413315,1.898341,-0.630346,-1.558513,-3.958867,1.312483,0.450940,3.760081,1.540823,-2.275217
1233,11444,2.300335,-2.530643,-1.797349,-0.271263,-2.078776,-1.618390,-0.850915,1.350065,0.133893,3.628062,1.073952,-1.434103
1233,11445,3.683563,-1.836352,-3.136700,0.512985,-0.748819,1.398415,-1.846446,1.478463,0.256129,2.686769,0.777492,-3.553672
1233,11446,1.978781,-1.818450,-2.039949,0.715803,0.027987,-1.952765,-1.946573,1.390551,0.424454,3.341646,1.335546,-5.411412
1233,11447,3.058527,-2.075462,-1.982479,0.575065,-0.063895,-0.872458,-3.141218,2.084619,0.116344,3.648055,0.725603,-0.760929
1233,11448,2.950544,-1.366364,-1.648895,1.549154,-0.240465,-3.975250,-1.409194,2.841886,0.673819,2.789937,1.256238,0.714562
1234,11449,3.880720,-1.533699,0.252187,0.774091,0.023525,1.367156,-1.232385,1.466931,-0.106800,3.904116,1.903083,-2.156900
1234,11450,3.660864,-2.732256,-1.197048,-2.865967,-1.394609,-2.984406,-1.550490,2.224030,0.155358,2.307081,0.751927,-0.819872
1234,11451,3.028737,-2.203209,-4.095923,-1.724229,-0.798294,-0.198674,-4.780211,2.241915,1.355141,2.509769,0.606813,-3.159486
1234,11452,2.169755,-1.756039,-4.678005,2.222831,-0.827806,-2.768184,-1.004829,1.439544,0.269205,3.049413,1.752745,0.603997
1234,11453,3.219594,-1.292487,-1.369129,2.219528,-1.709322,-4.058756,-0.883719,2.192975,0.695863,2.858483,1.442947,-2.659076
1234,11454,2.543217,-2.281937,-4.233956,-0.507326,-0.091672,-6.161264,-0.426976,2.027112,0.504287,2.578617,0.057556,-1.533691
1234,11455,1.691915,-2.048939,-2.369463,1.512901,-0.468603,-1.435918,-2.872056,1.973310,-0.010835,2.329145,1.122896,-1.304601
1234,11456,2.124104,-1.652644,-1.438433,1.211668,-0.692001,-2.617787,-2.783978,3.333235,0.295806,1.946126,1.283535,-2.513894
1234,11457,3.005988,-0.822896,-1.680891,2.071678,-1.467297,-4.101600,-4.009584,2.287982,-0.556092,3.434442,1.350116,0.376057
1234,11458,3.054310,-2.201950,-1.385571,1.922207,-0.319652,-2.836595,-0.874694,4.008043,0.841323,1.743203,2.079025,-0.091029
1235,11459,1.919948,-3.475935,-3.196667,-0.126366,0.191305,-5.463614,-3.199702,3.830551,-0.412032,3.699120,0.916134,1.161318
1235,11460,3.484991,-2.496133,-2.603763,0.686337,-0.901385,-2.494573,-3.618520,1.580179,1.763463,1.789224,0.116373,-0.623092
1235,11461,5.344976,-2.045225,-2.195171,-0.759652,-1.281145,-3.506408,-1.671036,4.274496,0.828232,2.912778,1.312807,0.658037
1235,11462,3.177933,-1.479238,-2.793329,-1.882531,-0.339325,1.677694,-2.497819,2.142003,2.261013,2.477367,0.948325,-1.969312
1235,11463,4.173566,-1.882487,-3.264766,3.370923,-0.249350,0.079303,-3.627234,0.350319,0.432101,3.073512,1.359515,-0.384476
1235,11464,1.752526,-2.283868,-2.227201,-0.589198,-0.519095,-2.051101,-2.786154,0.795354,-0.271209,3.156034,0.902574,-0.885838
1235,11465,4.421616,-1.981498,-0.149568,0.718163,-1.205437,-3.702319,-2.013928,0.580468,0.754098,3.232002,1.169829,-2.263087
1235,11466,2.980601,-1.858001,-2.075921,2.654316,-1.817331,-5.666231,-2.421478,0.773093,-0.458672,4.182351,0.335314,-2.088727
1235,11467,3.521548,-1.810214,-2.241458,-0.803558,-0.176706,-5.537971,-2.419831,1.878258,0.029470,2.932998,1.271220,-0.661979
1235,11468,3.495385,-2.185454,-1.104587,-0.294191,-0.778697,-2.507533,-3.779854,1.495475,0.786824,2.136230,1.509113,-0.473775
1236,11469,3.165316,-2.303496,-3.095185,-2.901412,-1.108086,-4.062936,-1.815171,2.754328,0.932359,2.108913,0.920349,0.270691
1236,11470,1.327947,-2.617729,-2.820389,-0.003338,-0.857298,-0.691457,-3.933865,2.667845,0.218228,4.207841,0.927680,-1.159315
1236,11471,1.580102,-2.378690,-2.203240,-0.323037,-1.140058,-4.032908,-1.656835,2.596661,0.195059,1.782978,1.293276,-3.087315
1236,11472,0.947735,-2.747897,-4.020068,3.009372,-0.780222,0.618676,-1.645625,1.360012,0.750499,3.212676,1.294114,-1.908657
1236,11473,1.780659,-2.127653,0.101840,-1.868240,-2.470601,-2.245192,-4.364518,2.585048,-0.138812,3.541248,-0.429040,-2.658230
1236,11474,0.627328,-1.987786,-1.561011,1.076847,-1.487432,-4.563390,-0.610451,3.386575,0.295907,2.586434,1.514681,-0.945334
1236,11475,3.021935,-1.086559,-1.691445,2.807247,-0.689520,-4.091511,-4.150602,1.751290,1.074874,1.951962,0.605378,-0.681160
1236,11476,1.023181,-2.885663,-3.066137,2.575446,0.739869,-4.465288,-2.417183,3.169789,-0.943836,2.577351,1.484679,-2.715039
1236,11477,0.456877,-3.105476,-2.558483,-1.820958,-0.982749,-1.344722,-2.289184,1.925765,1.812866,3.355169,1.685534,-3.614762
1236,11478,2.388784,-2.234730,-2.175722,-0.966219,-2.357582,-6.296525,-3.697801,2.283811,0.571184,3.030432,1.025593,0.066925
1237,11479,232.501110,-0.387463,-2.211659,-47.271376,-4.131618,-613.453691,-4.317649,284.353716,145.878321,4.612236,1.192363,2.612432
1237,11480,110.439986,-1.365509,-1.072029,-124.466724,-3.355562,-891.276687,-0.527012,76.112177,92.452787,4.497180,-0.105667,1.314568
1237,11481,215.651692,-0.570548,-3.128673,-211.926033,-1.727671,-785.851343,-4.664921,378.874302,-51.426721,4.919464,1.897923,-0.308906
1237,11482,120.558933,-0.586824,-1.965052,-53.556026,-2.883757,-530.537676,-1.662597,403.924620,-55.970930,4.254139,1.513412,0.147290
1237,11483,197.493328,-1.274383,-2.297058,267.935765,-2.458947,-373.002481,-2.506606,242.264994,9.211912,4.470575,0.843591,1.756829
1237,11484,153.968592,-0.066039,-4.130571,0.367512,-4.152413,-546.023034,-2.265942,370.243114,138.171407,4.019875,0.773796,-0.698717
1237,11485,196.209452,0.054856,-2.681597,292.525952,-2.304934,-707.872123,-1.762222,30.765589,53.564369,4.040607,-0.305073,-0.915142
1237,11486,140.895803,-0.405099,-2.932048,399.349762,-2.719035,-456.429572,-2.520756,258.430587,117.678614,4.214403,-0.078420,0.330587
1237,11487,195.731992,1.197374,-2.597067,109.532805,-3.514348,-170.293091,-0.615197,350.280121,176.326957,3.925234,0.524762,-1.796044
1237,11488,109.911963,1.398084,-1.576753,-72.695053,-2.503871,-1450.489490,-2.630654,231.630846,134.511346,4.754306,0.644019,0.608651
1238,11489,1.092717,-2.090400,-1.718496,-1.820502,-1.528514,-4.918077,-3.091953,2.607015,0.028742,3.433438,0.740266,-1.160455
1238,11490,3.139751,-1.642458,-0.532482,-0.118753,0.658628,-5.922822,-0.116265,1.955750,1.025342,3.154978,1.687935,-1.259972
1238,11491,2.676062,-3.312496,-0.899929,1.339862,-1.504490,-1.093198,-1.787117,-0.662944,1.316414,2.959280,0.565126,1.479415
1238,11492,3.084832,-2.581766,-3.480770,3.584922,-0.604851,-2.465847,-3.912141,2.787855,-0.550082,3.721000,1.853486,-2.124311
1238,11493,2.107313,-1.946849,-2.577981,-1.246348,-0.215037,-1.712819,-0.259374,2.365947,0.096744,3.271749,1.308850,-1.666200
1238,11494,3.507545,-1.006247,-0.550094,-0.146570,-1.703164,-0.576654,-0.154851,2.391478,-0.445837,3.251193,1.131351,-0.283325
1238,11495,1.454099,-1.536417,-0.445272,2.579162,-0.017077,-4.598209,-3.210314,1.093892,0.777959,3.474889,0.668693,-0.477123
1238,11496,1.807788,-2.603660,-2.780473,2.266069,-2.002758,-4.440003,-4.922658,0.777367,1.137493,1.796261,1.579716,-2.928695
1238,11497,4.124562,-2.737930,-3.073596,1.657433,-0.138870,-0.509184,-1.532375,1.737108,0.129299,2.076444,0.910204,-0.659109
1238,11498,2.830455,-1.980179,-3.635788,1.183029,1.533967,-3.001053,-1.216862,1.909613,-0.052198,1.972733,1.231881,-1.969786
1239,11499,4.746513,-0.720133,-2.191073,0.174387,0.237655,-3.714785,-1.611681,2.224356,0.533088,4.002761,0.493573,-2.268587
1239,11500,3.863955,-1.315371,-3.551457,2.547739,-0.656118,-4.000261,0.060254,1.887568,0.443606,3.369227,1.125629,-1.820793
1239,11501,-1.000150,-1.113972,-1.973507,0.047244,-0.140410,-6.781903,-1.516780,2.411591,-0.428799,3.089009,0.600662,-1.089610
1239,11502,2.323793,-1.728307,-2.133072,1.843129,0.301208,-6.261883,-0.715795,2.892110,1.243487,2.976739,0.277279,0.554295
1239,11503,2.168969,-0.796003,-2.718140,2.078224,-0.805333,-0.988142,-2.346023,2.173384,0.084722,2.244523,1.130293,-1.878929
1239,11504,1.410117,-0.976600,-3.385841,2.471285,-0.408380,-1.416074,-3.598579,1.448814,0.459875,3.787271,0.760352,-1.442351
1239,11505,2.242005,-2.183275,-3.613515,-0.199232,-0.739584,-0.851397,-0.600979,3.290374,0.830230,3.556167,0.715540,-0.443861
1240,11506,42.695073,-0.903870,-2.095605,81.319097,-3.005083,-843.664926,-2.812391,176.130624,-44.311196,4.067627,0.476547,-0.096409
1240,11507,161.340747,0.632084,-3.775135,764.213492,-3.420540,-864.069185,-0.895710,329.444551,52.811268,4.193542,1.330474,0.223136
1240,11508,185.265210,-0.236192,-3.155752,519.373578,-2.488283,-816.895939,-1.496130,479.950624,49.595100,3.997118,0.889615,-1.646646
1240,11509,121.678566,-0.682633,-3.377665,-60.316752,-4.466696,-162.744653,-4.157516,302.124441,84.325993,4.994659,1.293328,-0.456715
1240,11510,209.912393,-0.657264,-2.055082,389.677141,-4.272089,-471.150862,-4.342517,157.381367,154.101157,4.779705,1.620987,-1.921324
1240,11511,221.750688,0.648422,-1.837555,125.667603,-3.705728,-925.507009,-4.226336,415.782150,152.418337,4.086605,0.017599,0.298218
1240,11512,295.780578,-0.038550,-2.754674,-136.498964,-3.366855,-959.570776,-1.120165,202.349871,49.139013,4.253935,0.342973,-1.230635
1240,11513,173.400135,0.195521,-0.800266,58.937775,-5.882098,-244.104384,-2.801522,215.956113,129.616924,4.428484,1.070950,-2.133291
1240,11514,126.217272,1.103593,-2.040342,-63.261113,-3.381959,223.252866,-2.918830,393.815186,56.034719,4.659212,1.255866,0.716307
1240,11515,42.962936,-1.088829,-3.427940,152.574169,-4.220569,-1326.673682,-3.447181,45.605503,-61.675066,5.626324,0.188784,1.053370
1241,11516,3.025080,-1.807002,-1.538081,3.153470,-0.153553,-5.820994,-2.770875,2.097422,1.303063,3.878886,-0.210341,0.741730
1241,11517,4.452712,-1.317977,-3.521406,0.668865,-0.192951,-3.220534,-3.685354,2.114935,0.965945,3.232433,0.208599,-2.249966
1241,11518,1.219344,-2.081766,-2.457390,-0.878359,-0.501804,-3.402079,-1.705749,1.867274,0.472954,3.067779,1.382711,-0.043444
1241,11519,2.398630,-0.723797,-2.272626,0.031228,-0.390927,-3.934682,-1.212617,0.835238,-0.219094,2.810632,1.234761,-2.108875
1241,11520,2.507030,-2.367541,-3.160367,0.758350,0.635530,-1.437114,-2.674191,2.044030,-0.063684,2.032402,1.694336,-0.944078
1241,11521,1.034806,-1.494358,-3.506717,2.756430,0.938350,0.549530,-1.046068,1.701267,0.064129,3.741033,1.609288,-0.904851
1241,11522,3.766155,-1.944601,-2.668103,1.032983,-0.526161,-0.473937,-3.046441,2.948084,-0.318185,3.422533,0.556255,-0.171356
1241,11523,4.484358,-2.938341,-2.498036,1.528932,-0.597506,-4.098319,-1.538850,1.188148,-0.605944,4.056157,0.376252,-0.867496
1241,11524,2.679974,-1.234774,-1.371563,1.785414,-0.671893,-4.100579,-1.741135,2.499233,-0.245702,2.861319,1.213105,-1.172233
1241,11525,-0.037497,-3.368073,-1.392272,3.486315,-1.951318,-3.727634,-4.497162,1.864522,0.439685,3.088427,0.196146,-1.564464
1242,11526,2.902306,-2.710848,-3.787239,0.764039,-0.677221,-2.167876,-2.279758,2.723861,0.102696,3.043332,1.197614,-0.832856
1242,11527,4.548659,-2.252536,-1.433870,-1.136555,-2.644037,-4.967325,-1.170572,2.748683,-1.228756,3.733082,0.204738,-1.735817
1242,11528,2.761093,-2.752152,-3.876951,0.058095,0.040313,-0.344145,-4.132118,3.445806,0.041912,3.971959,0.478505,-1.923845
1242,11529,3.517366,-1.528192,-2.167913,4.752932,-1.604356,-3.036151,-2.283927,1.288996,0.789488,3.216964,1.426845,-1.997705
1242,11530,3.186173,-1.975867,-1.548357,0.406405,-1.098541,-1.084457,-2.980675,2.814453,0.486319,2.739685,1.776276,0.278712
1242,11531,1.201388,-1.527282,-2.086346,1.205529,0.800665,-1.805932,-2.696777,2.097108,0.458100,2.307470,2.190680,-0.391300
1242,11532,4.207303,-2.383948,-2.171286,0.937138,-0.145565,-2.929195,-2.128889,1.871085,1.069920,2.292467,0.172017,-2.499248
1242,11533,3.211670,-2.889798,-3.877829,0.827904,0.381038,-0.655276,-2.266081,2.761963,0.594445,3.607510,1.079211,-1.793508
1242,11534,2.638042,-1.147889,-2.714137,0.733352,-0.048789,-3.867549,-1.416785,2.709807,0.172497,2.830751,0.129384,-2.728169
1242,11535,2.989817,-1.518596,-1.418387,0.922522,-0.271193,-2.997403,-3.603780,0.567776,0.327948,2.866517,0.662549,-0.623941
1243,11536,2.267296,-1.742186,-1.876293,1.443456,-0.247847,-2.360159,-3.755467,1.218390,0.462733,3.397476,0.605457,-1.973234
1243,11537,2.083080,-2.010114,-2.568724,1.811014,-1.860079,-2.327001,-2.267641,2.036589,0.637435,3.069292,0.353141,-2.327445
1243,11538,1.948560,-1.033452,-3.952692,-0.063883,-0.863628,-2.194797,-1.465592,2.675439,0.433005,3.310804,1.390509,-3.013832
1243,11539,2.684616,-3.790475,-2.388716,0.800032,0.241091,-3.559319,-0.002104,3.283374,0.790596,3.234761,1.689729,-0.405349
1243,11540,1.579402,-2.657910,-4.705450,-0.861891,-0.086976,-3.745392,-2.286581,2.664753,-0.361616,3.751259,1.170421,-2.667844
1243,11541,2.863718,-3.607916,-2.194220,2.131586,-1.070549,-4.656419,-1.611980,1.818675,0.973056,3.333268,1.440232,-0.610387
1243,11542,2.227587,-2.530480,-1.622459,0.222987,-0.021067,-4.194262,-2.513327,1.613017,0.231837,3.214047,0.219629,-0.716105
1243,11543,3.631337,-2.359076,-2.677159,2.302547,-1.563963,-4.715974,-4.361853,3.465982,0.081959,3.097180,0.381565,-2.344662
1243,11544,2.091100,-1.890779,-1.431870,-0.925427,-1.305827,-1.601331,-4.346357,1.997576,1.526673,2.980347,1.010273,-2.541934
1243,11545,2.416682,-1.695347,-1.438046,-2.088056,-0.519478,-1.894373,-4.054373,2.160963,0.785498,1.603174,0.593365,-0.895570
1244,11546,1.622065,-2.327555,-2.302653,0.692049,0.401148,-2.937698,-3.118661,1.927282,2.289756,2.660113,1.469069,-0.592474
1244,11547,4.462193,-2.107101,-2.832952,-1.226530,0.693873,-2.987764,-2.357240,2.602437,0.717162,2.719092,0.139785,-0.629989
1244,11548,2.936491,-1.635120,-2.412765,1.318648,-2.466507,-0.821650,-0.945263,1.902387,0.697570,3.680424,1.304953,-0.548868
1244,11549,3.705167,-2.925980,-1.713345,1.646742,-0.516918,-2.324553,-3.027236,2.740930,-0.221742,2.817070,0.946911,-1.236254
1244,11550,2.002636,-1.713843,-0.893598,0.290097,0.204278,-3.846610,-0.380613,1.805102,0.784592,2.719820,1.211175,-0.200327
1244,11551,1.559520,-0.940982,-1.072184,1.914101,-0.581441,-1.938566,-2.252743,0.144007,-0.374066,2.450311,1.059970,2.324979
1244,11552,2.668284,-0.292134,-2.325422,-0.573057,-0.319032,-2.516524,-3.095514,1.889840,0.191091,2.622945,0.782659,-0.599888
1245,11553,2.662953,-2.219275,-1.152646,0.980297,-0.821907,-0.318536,-2.006549,2.573490,-0.134855,2.247801,0.632839,-2.135435
1245,11554,3.411901,-2.084617,-2.623909,0.824527,-0.397012,-0.563288,-2.644674,1.938905,0.422322,3.024844,1.686453,-1.847060
1245,11555,3.666492,-2.234181,-2.092229,-2.310986,0.086627,-1.941595,-4.546817,1.194521,-0.164836,1.798713,1.156254,-1.150171
1245,11556,1.346973,-3.374790,-0.933812,-0.812331,-0.578025,-3.385550,-1.092038,2.160588,-0.392709,3.550732,0.734984,0.119388
1245,11557,2.760538,-1.655573,-3.926224,1.674288,-1.565435,-1.560652,-1.326874,1.968143,0.179057,2.237915,0.314189,-0.889793
1245,11558,2.071243,-2.337671,-3.123188,3.264665,-1.960551,-2.765441,-1.331643,1.587525,-0.489471,2.615779,1.194652,2.701232
1245,11559,2.662971,-1.413063,-1.705928,-1.633618,-1.669543,-0.621560,-3.769351,3.486287,0.492596,2.262362,0.651652,-1.276750
1245,11560,3.360298,-1.948838,-4.494121,0.472612,-1.451162,-1.603161,-4.150714,2.637288,-0.677103,2.873429,1.511458,-2.249331
1245,11561,4.151045,-2.569225,-3.021289,0.792942,-0.126086,-2.726931,-1.640555,1.109049,0.634345,3.089818,0.956804,-2.379513
1245,11562,2.411705,-1.408681,-4.113559,0.421455,-0.784651,-4.283534,-3.844683,1.307234,0.736446,3.064911,0.844226,-3.661836
1246,11563,253.256839,-0.697790,-3.469189,496.870298,-3.852973,74.618417,-3.765301,317.907792,-58.373333,4.062207,1.602598,1.299498
1246,11564,296.523002,-0.714522,-2.427156,270.440836,-3.726808,-440.911351,0.360075,249.505127,146.127286,3.702675,1.047199,-1.287255
1246,11565,135.953053,-0.119223,-5.037346,77.959788,-2.337914,-713.747515,-1.149526,313.791117,-26.628462,4.244294,0.045740,1.762828
1246,11566,286.982054,0.038764,-2.549859,-105.003260,-2.796461,-90.815250,-4.008932,447.760085,53.801335,4.347198,-0.192639,-2.056002
1246,11567,233.542337,0.495540,-4.400042,-280.592061,-3.285115,-399.222194,-2.835373,189.801771,77.770047,4.401900,0.410627,1.138098
1246,11568,148.225691,0.064007,-3.601756,-50.863575,-0.905514,-595.446909,-0.817864,309.216284,126.298662,4.394967,0.748022,0.815361
1246,11569,229.157437,-0.700738,-2.625878,-40.524668,-2.905721,-310.048849,-0.244037,83.399801,-45.455456,4.067650,0.698157,1.329185
1246,11570,158.616757,0.275932,-1.751050,-24.789678,-4.854127,-626.591716,-0.525745,224.623294,276.950196,4.891791,0.735536,-1.160564
1246,11571,156.983876,0.526680,-2.018705,33.091665,-3.205504,-600.843952,-3.619795,150.552484,74.693896,3.732029,0.977710,1.453650
1246,11572,180.045956,-1.337686,-3.351375,14.075213,-3.566477,-973.399099,-1.489428,268.489417,-72.061027,4.240664,1.396527,0.534891
1247,11573,81.592021,-0.002347,-3.811121,-152.788987,-2.726176,-1284.830402,-2.691824,174.206807,108.389871,4.607818,1.695152,0.069263
1247,11574,282.763210,-0.096503,-3.635022,-7.600749,-3.438318,298.521650,-4.180778,287.160553,123.219643,4.869713,1.156074,-1.724284
1247,11575,263.263416,-0.228251,-2.830137,-125.681853,-2.125383,-15.339889,-0.078721,186.118652,8.696037,4.147635,0.741745,1.035689
1247,11576,78.490674,-0.381407,-3.082782,-47.910955,-2.463995,-195.961730,-1.162313,241.310497,219.756198,3.668510,0.518085,-0.323668
1247,11577,179.017908,0.570738,-2.219686,106.965411,-3.726539,-189.469601,-0.289709,243.387531,-52.365155,5.009204,0.387724,-0.089801
1247,11578,162.809855,0.002408,-2.390130,-39.922122,-3.142819,-550.052114,-0.899522,167.333314,242.832256,3.408336,1.842925,0.006761
1247,11579,249.555266,-0.223805,-2.033849,-85.510133,-2.381779,-1293.499613,-2.260894,213.978247,-50.265418,5.034680,1.106268,-0.959436
1247,11580,152.165858,-1.293814,-3.530519,293.571315,-2.155999,-1303.379204,-1.441549,262.760797,135.554891,4.834128,0.589476,0.631923
1247,11581,136.275633,-0.775327,-4.129885,849.599407,-3.478742,-287.774148,-1.890619,222.626176,-128.863942,4.120855,1.394660,0.161309
1247,11582,111.320594,-1.018493,-4.203440,203.628462,-4.964524,-763.657384,-2.954296,140.419873,-28.904088,3.786245,0.662655,0.179738
1248,11583,3.484288,-2.244213,-3.138605,0.228269,-0.510135,-0.063880,-1.243557,2.801914,-0.890918,3.156752,0.906337,-1.545806
1248,11584,2.777780,-2.186967,-2.500900,0.974894,-1.969694,-2.017280,-3.665707,4.113015,0.110231,3.466254,0.788228,-2.070390
1248,11585,0.827073,-2.054014,-3.254668,0.425576,-1.314101,1.035346,-3.432222,2.245810,-0.572124,1.726756,0.216038,-1.069182
1248,11586,1.732449,-1.832098,-2.800318,0.660036,-0.215506,-1.255511,-0.662346,0.642216,0.823903,2.144738,1.386878,-1.904615
1248,11587,1.860249,-0.026182,-2.953946,0.763576,-0.277498,-4.338905,-3.951140,0.912242,-0.277054,2.294413,0.616483,-1.750040
1248,11588,2.717731,-1.186421,-0.988390,3.189631,-0.653090,-1.593693,-2.945137,2.337065,-0.061266,3.585969,0.883920,-0.496973
1248,11589,1.769853,-1.031195,-2.935836,3.565418,-1.295937,0.973711,0.145394,3.237928,-0.129689,2.574879,1.237232,1.026314
1248,11590,3.133934,-1.782150,-2.864928,-1.073918,-0.114254,-2.321126,-2.073598,0.772810,-0.294398,3.250273,0.839095,-3.727377
1248,11591,2.607289,-2.582382,-3.305951,0.898885,-1.200612,-3.996415,-1.880165,3.055774,0.375002,2.943657,0.729641,-1.511041
1248,11592,3.173033,-1.086442,-4.311219,2.551861,-0.244709,-7.625350,-2.718065,0.829297,0.917400,2.312593,1.406784,-0.789869
1249,11593,129.432367,-1.835436,-1.329047,-94.158263,-2.220127,-1402.056319,-4.895800,294.390308,208.812689,3.427328,1.055264,-2.617378
1249,11594,198.235065,-0.270772,-2.345143,195.510858,-3.779481,-584.655092,-5.142005,301.425154,-162.325266,4.878500,0.888888,0.300710
1249,11595,242.080267,-0.290063,-4.481731,7.213290,-3.506390,-554.741910,-4.262345,280.881312,-78.036476,4.540498,0.372210,-2.587754
1249,11596,338.344759,-0.046395,-1.172273,-24.013657,-5.400980,-474.508544,-0.047966,212.768988,70.224279,3.833717,1.047751,-0.306438
1249,11597,167.520563,-0.828679,-2.847483,83.791593,-4.335945,-855.976431,-3.941249,329.020801,30.743054,4.683175,0.543495,0.932086
1249,11598,158.358885,-0.684683,-2.461898,208.582102,-3.420370,-636.331583,-2.525969,324.973652,-176.199871,4.344744,0.152169,-0.179363
1249,11599,209.986672,0.278734,-3.106831,77.547944,-3.356845,-996.639653,-1.848124,297.267097,225.578933,3.423820,1.762737,-0.545393
1249,11600,288.889084,0.266730,-3.208563,405.804411,-1.874061,200.722858,-4.963472,370.877679,153.064512,4.325351,0.107711,-0.630596
1249,11601,228.463636,-1.000029,-1.590806,-106.822267,-1.964418,-717.142297,-5.198239,153.885457,74.002305,4.882275,1.097004,-1.587788
1249,11602,70.119174,0.080839,-2.632531,-82.071626,-5.047193,-1002.841118,-2.204983,344.611133,163.616460,3.262144,0.751615,0.245712
1250,11603,2.568915,-1.917938,-2.230299,1.078544,0.532505,-2.800346,-0.279307,2.600704,0.555846,2.908368,0.524725,-0.830751
1250,11604,2.940720,-3.000377,-2.449132,-0.838523,-0.291964,-4.820040,-1.804174,2.097933,-0.294943,2.326151,-0.285032,1.446114
1250,11605,2.463275,-2.371111,-1.682656,1.616022,0.641641,-3.240249,-2.445053,2.850773,0.340505,2.003608,-0.496491,-3.176814
1250,11606,4.909490,-2.584011,-2.962175,-0.886964,0.151842,-3.066517,-0.836247,1.391114,0.027499,2.568506,1.777772,-0.582132
1250,11607,1.458419,-2.401887,-1.591494,0.774411,0.066459,-1.721516,-3.110063,2.239251,0.681192,3.369405,-0.034307,-0.334978
1250,11608,2.378876,-1.532274,-2.061547,2.793835,-1.946570,-3.877994,-1.947754,0.729062,0.198504,2.465418,0.555580,0.998534
1250,11609,2.545766,-3.133127,-0.000942,0.746788,0.272070,-4.261237,-1.369758,1.783670,1.242999,3.258633,1.149990,-0.418029
1250,11610,2.863643,-0.703809,-1.874361,0.593021,-0.522225,-1.775606,-3.653024,2.923280,0.952716,3.843001,1.545363,-2.701798
1250,11611,2.625857,-1.862337,-4.104526,0.572551,1.075292,-2.752236,-1.640355,2.832943,1.182443,3.362735,0.644787,1.687304
1250,11612,1.272475,-2.150147,-3.492649,0.318915,-0.828074,-0.919974,-1.408403,2.047680,0.704031,2.920692,1.829282,-0.946952
1251,11613,188.997960,0.695542,-1.622165,539.683202,-1.262534,180.686397,-1.000859,107.915495,59.169020,3.782037,-0.006921,-2.016287
1251,11614,194.632327,0.867884,-4.039477,-117.986924,-2.677745,-679.401053,-1.618414,421.733237,242.904856,3.466735,0.234317,-0.556359
1251,11615,78.340656,0.460874,-3.303322,-395.525453,-2.868781,-338.029294,-1.909959,345.629466,9.204164,5.644049,0.987847,0.849858
1251,11616,230.830787,0.062492,-1.817136,150.086734,-4.000557,-345.145560,-3.102909,177.691467,9.542652,5.012082,1.644540,0.411460
1251,11617,71.254074,-0.993550,-2.762635,-73.588167,-3.428360,-1063.735605,-1.919020,213.692358,-94.456706,5.373448,1.372886,0.203029
1251,11618,234.644283,0.485334,-2.604035,96.409386,-4.255032,-1177.152364,-4.339809,253.905554,238.770843,4.826984,1.276432,0.723554
1251,11619,165.698730,-0.552082,-3.661717,118.407601,-1.288984,-649.491817,-2.419791,305.526113,183.755050,4.044085,0.070600,0.517784
1252,11620,1.325621,-3.295451,-3.266280,-0.489364,-1.917352,-2.576400,-3.402021,1.229084,0.488538,2.881917,0.469126,1.427109
1252,11621,1.826645,-1.948508,-3.785712,0.828536,0.307373,-1.525887,-1.958393,2.325646,0.072450,2.370010,0.025884,-2.738343
1252,11622,1.868815,-1.968270,-2.369530,4.399703,0.352982,-3.167224,0.843995,0.963347,0.028778,3.462073,0.676472,-0.938655
1252,11623,2.149349,-1.948666,-2.610008,0.381776,-1.780964,-1.173990,-1.245672,2.743244,1.316188,1.916814,1.798769,-1.897342
1252,11624,1.341398,-2.180065,-1.350985,-1.782448,-1.094964,-0.878764,-0.231404,2.783441,0.202682,3.114601,0.224928,-0.724889
1252,11625,2.878855,-2.761622,-1.222411,4.531095,-1.093627,-1.312340,-2.357845,1.767028,0.811795,2.118334,1.239451,1.824743
1252,11626,2.787501,-2.181912,-1.243343,2.905186,-0.546179,-1.404790,-1.864763,2.335581,-0.381269,2.543194,1.345763,0.191871
1252,11627,2.465027,-1.569812,-1.056165,-0.157699,-0.254876,-3.072990,-1.781898,2.368740,-0.805547,0.822147,0.633426,-1.386155
1252,11628,0.826381,-2.295379,-2.042263,2.977526,-0.528236,-1.940389,-1.866498,2.587360,0.005867,3.105291,1.012930,0.427029
1252,11629,3.336138,-2.155089,-1.801062,2.265125,1.374195,-2.942539,-2.267353,2.180129,0.189660,2.540510,1.472053,-1.534015
1253,11630,271.303425,-0.224433,-1.762072,-66.768960,-2.137490,-864.263293,-2.162137,247.791845,45.934234,5.599305,0.675505,2.094318
1253,11631,175.461847,0.749064,-4.346680,1.267859,-3.708571,-759.356972,-3.409749,444.219798,15.696636,4.470879,1.339719,0.532170
1253,11632,73.923377,0.486295,-2.070601,-203.609577,-3.261199,-816.454509,-2.054314,302.319191,212.465834,3.135145,0.821225,0.869817
1253,11633,158.517968,0.115242,-2.618780,-77.741975,-2.629972,-850.046222,-3.659500,211.133711,57.478550,4.977509,0.416172,-0.696511
1253,11634,182.980486,-0.996186,-2.204075,98.925199,-0.901058,-986.001633,-2.096922,372.295717,83.878834,4.084295,1.351079,1.076877
1253,11635,191.269461,-0.636990,-3.235236,342.134850,-4.061712,-244.946939,-3.415986,167.311962,101.243795,4.605477,0.845242,0.189983
1253,11636,215.127905,-0.184998,-1.408144,23.646868,-3.837920,-223.515132,-4.534127,215.993802,204.885656,4.363488,0.135181,-0.639264
1254,11637,2.278628,-3.295649,-2.992671,3.607910,-0.189923,-1.685032,-2.252982,1.923852,0.484150,2.518892,0.462676,-0.357262
1254,11638,4.524314,-2.254353,-1.925578,-2.264734,-1.958808,-3.249260,-1.522720,1.427773,0.864029,1.919666,2.194271,-0.958982
1254,11639,2.435491,-2.115555,-3.495141,-0.373889,-1.123484,-0.505994,-3.064089,2.087133,0.559006,3.088084,0.954442,0.172816
1254,11640,1.183594,-1.619572,-2.973247,-1.662652,-0.588426,-3.417866,-1.943599,1.798511,0.081275,2.431527,1.418236,-0.537247
1254,11641,1.333057,-2.752946,-1.538885,-1.906623,-0.458605,-3.721189,-0.365359,1.471293,1.429781,3.118481,0.852123,0.861484
1254,11642,1.450337,-2.129854,-2.821597,1.768764,-0.986070,-4.333986,-2.250196,2.271581,-0.860720,3.305617,1.120855,-0.228282
1254,11643,4.048537,-3.165365,-1.447115,-0.290357,-2.619917,-4.147218,-2.380762,0.873932,0.441022,3.437962,1.442198,-0.302319
1255,11644,3.497619,-0.736590,-3.184929,-0.568672,-0.567127,-2.014093,-3.391465,2.703764,1.542792,2.824071,1.219619,-2.289510
1255,11645,2.799155,-2.589913,-2.352237,0.737820,-0.896010,-3.202519,-1.763744,2.451797,-0.255655,2.975152,1.224345,-1.988783
1255,11646,1.768475,-1.371686,-2.286899,0.013179,-0.898114,-3.682741,-3.535851,2.988093,1.144633,3.819638,1.085705,-1.455206
1255,11647,2.534830,-2.961895,-1.036903,-1.111041,0.408977,-1.636823,0.583137,1.737151,1.057543,3.484406,0.358554,-1.223907
1255,11648,2.982049,-1.722853,-1.804611,2.592506,-0.777491,-0.480521,-2.720218,2.090868,0.349224,3.707985,1.558657,-1.707181
1255,11649,1.617299,-2.154298,-3.138143,1.366355,-0.920743,-1.241942,-1.367801,2.267211,0.969725,2.659814,0.742478,-1.628730
1255,11650,2.326004,-2.750226,-2.179395,0.404151,0.405232,-4.072592,-3.316155,3.376913,-0.231835,2.613006,1.964011,-1.168656
1256,11651,104.889158,-0.097719,-2.617917,575.941832,-2.338266,-1260.396044,-3.696820,209.660680,220.917120,3.576215,0.127630,-1.477309
1256,11652,179.893945,0.016556,-3.256924,-161.088635,-2.666038,-486.659885,-3.418625,429.005979,-20.884349,4.770379,0.242854,-0.348484
1256,11653,220.583877,-0.080328,-2.190020,-28.865159,-3.511099,-842.976701,-1.923741,346.880274,270.871338,5.044039,0.313213,-1.287537
1256,11654,116.669662,0.191315,-3.830072,-59.336070,-3.211541,158.017489,-1.815529,193.261157,-32.460297,4.183701,1.450900,0.082062
1256,11655,306.507391,0.924596,-1.932024,245.254123,-2.703103,-853.319565,-3.914254,190.700839,34.784395,3.832792,0.603475,1.766795
1256,11656,111.545413,-0.417304,-2.678817,-48.265085,-2.149993,-933.339777,-1.194099,352.703635,-31.712747,3.229665,-0.570323,-1.803552
1256,11657,119.744938,0.259842,-2.316620,372.690021,-2.391762,-839.045529,-3.753839,437.301391,82.755841,4.671389,0.049842,-0.466739
1256,11658,268.570614,-0.135617,-2.053417,-43.612833,-2.041212,-335.881179,-1.020292,401.347551,68.959582,3.491974,0.522576,-0.193223
1256,11659,151.955560,-0.043926,-1.954603,-91.275300,-2.850216,-836.368975,-2.544964,300.175390,106.411971,4.135612,0.429261,1.059778
1256,11660,58.693934,-0.376765,-0.987606,471.854912,-3.490565,-551.591413,-1.976165,189.704067,-24.059717,3.196112,2.309407,2.453861
1257,11661,2.509278,-2.443895,-0.857799,0.556355,-2.214185,-4.102278,-5.935399,0.863100,0.733187,3.669823,0.463519,-0.587059
1257,11662,2.691117,-1.896241,-3.657264,2.912414,-1.186835,-6.315073,-5.462736,3.557791,-0.154576,3.184005,1.222781,-1.023954
1257,11663,2.145151,-1.888289,-1.869438,-2.809802,0.165410,-0.896222,-2.018145,2.304557,0.140928,2.888982,1.193308,-2.242864
1257,11664,1.779041,-2.274329,0.034389,-0.008794,-0.542774,-4.364566,-4.661465,2.853988,0.008474,2.718164,0.196593,-2.599883
1257,11665,2.736805,-2.193754,-2.022065,1.304726,0.656318,-2.569849,-2.565202,3.254261,1.517545,3.562041,2.264758,1.568551
1257,11666,3.488650,-1.968272,-1.753005,-0.939508,-0.941277,-1.717139,-1.144377,1.475795,0.336866,2.387070,0.694942,-2.657510
1257,11667,3.808616,-2.091477,-2.412498,1.644345,1.183762,-4.075024,-1.110500,1.743690,0.851308,2.191846,1.787607,-0.871976
1257,11668,1.636584,-0.799625,-3.550913,1.598201,-0.531395,-3.988506,-2.474245,2.457255,0.197402,3.143002,1.019261,-2.084936
1257,11669,2.062922,-2.207914,-3.337666,3.351619,-1.683481,-2.477173,-1.156008,3.123242,0.250142,3.568292,1.979347,0.557984
1257,11670,2.118317,-2.625345,-3.695720,-1.223455,-0.993959,-3.232519,-0.140944,1.669003,0.425190,3.451593,1.085101,-1.256666
1258,11671,2.365281,-1.948584,-2.580517,0.309405,0.780300,-0.843115,-2.399749,3.338305,0.414974,2.345452,-0.019654,-1.738144
1258,11672,1.941152,-1.766895,-2.471090,-2.210658,0.435800,-1.237844,-3.303535,3.163779,0.859586,2.844381,0.324544,0.303238
1258,11673,1.538972,-2.478332,-0.945168,2.581473,0.477809,-2.865207,-1.806114,2.210282,0.067648,2.352432,0.135278,-2.547332
1258,11674,3.713268,-1.499790,-2.176212,-0.352934,-1.456764,-3.212424,-4.050084,0.970916,-0.340363,3.383739,0.581530,-2.739821
1258,11675,1.664631,-2.260932,-2.861624,-1.804125,-1.587676,-4.025849,-0.700344,2.320163,0.797209,2.967162,-0.050466,-1.397565
1258,11676,2.188960,-0.835536,-1.473207,3.022842,-1.624730,-4.750256,-0.907151,1.611535,-0.028324,3.371276,0.856298,-1.372244
1258,11677,3.404074,-0.874262,-2.763868,3.754472,-0.295455,-1.181503,-3.313200,0.654935,0.185055,2.647366,1.191678,-1.981431
1259,11678,1.775095,-1.537991,-1.918238,0.418612,-1.535589,-5.883629,-5.507512,2.844630,1.013209,2.771108,1.178079,-1.465758
1259,11679,2.813298,-1.248894,-2.958754,4.052547,-0.640509,-0.476886,-1.733732,2.296829,1.366733,3.303557,1.439807,-1.872159
1259,11680,1.685639,-1.976535,-1.779905,2.718885,-1.772325,-4.865061,-2.709802,3.158844,-0.666975,2.920769,1.348153,-1.709754
1259,11681,2.290960,-3.346294,-3.179389,-1.674417,-1.139966,-1.750593,-4.254118,2.229268,0.530226,2.502964,1.705270,-3.080776
1259,11682,1.257856,-2.242083,-3.491449,0.310052,-0.584724,-2.321501,-2.263322,2.311234,-0.134654,2.266421,1.119055,1.661862
1259,11683,4.462359,-1.317809,-2.054325,-1.284813,-1.268339,0.889222,-1.069637,2.649933,-0.193809,2.551377,0.330513,-2.501095
1259,11684,2.226026,-1.753310,-3.096626,2.895986,-0.874733,-3.682177,-1.001152,2.635782,0.518390,3.190072,0.349014,-2.301754
1260,11685,1.351846,-1.487676,-2.821639,-0.264406,-0.262388,0.146580,-1.920192,3.076659,-0.876524,2.425505,1.560883,-1.701370
1260,11686,1.345172,-2.501436,-3.702292,0.049649,-0.292807,-1.761330,-1.871570,0.190266,0.078006,2.725899,0.805302,-2.463721
1260,11687,2.294654,-1.875480,-0.931280,-0.414657,-0.348524,-5.029383,-0.480060,4.289077,0.787068,2.275135,0.794338,-0.787007
1260,11688,2.536076,-1.617096,-3.187587,-0.749463,-2.082947,-0.984444,-1.642511,2.683691,-0.344326,3.183766,1.428624,-0.553172
1260,11689,3.105777,-0.745565,-2.919317,2.891406,-1.873571,-2.595223,-1.320844,0.995552,-0.414156,3.653874,1.263910,-1.437446
1260,11690,1.352706,-1.833008,-2.271207,0.531300,-0.115325,-0.235563,-2.663787,1.727831,1.116663,2.092053,0.804930,-0.299573
1260,11691,2.647810,-3.566323,-1.635606,2.398677,-0.638569,-1.052822,-1.872936,0.999860,1.128037,1.983075,1.203393,-0.116783
1261,11692,205.198574,-1.261294,-1.752098,-115.585584,-2.427870,-1249.841128,-1.614935,177.687135,20.987815,4.279273,1.501240,-2.357709
1261,11693,118.325322,0.028676,-3.433453,93.319023,-1.838473,-765.224928,-1.959811,279.581192,34.298276,3.644921,0.357070,0.462482
1261,11694,62.559714,0.063983,-3.819144,169.035694,-3.012987,-149.647474,-3.189625,224.004626,-129.192205,3.576771,0.284283,-1.416659
1261,11695,239.199300,-0.030307,-4.071094,429.565463,-4.221802,-823.621216,-3.211220,220.096258,244.873786,5.195836,0.818685,-0.385322
1261,11696,213.266299,-0.151344,-4.084155,355.667342,-2.685634,-1763.624507,-2.665320,228.039342,271.302026,4.732100,1.259929,-2.219024
1261,11697,243.030260,0.045972,-0.933869,387.219242,-4.388592,-1332.064950,-2.609430,283.043636,27.693029,4.279564,0.584071,1.757586
1261,11698,175.322600,0.690279,-3.196293,242.695851,-3.193282,21.216502,-2.144168,341.275230,120.167206,4.081803,0.198764,-0.695650
1261,11699,226.404769,-1.240944,-1.019663,43.868334,-2.789835,-448.789335,-4.144761,214.077645,150.827618,4.442384,1.110681,0.679786
1261,11700,182.773745,0.120378,-2.737084,-61.229790,-3.053680,-480.628064,-2.460593,266.848889,82.189222,4.439971,0.915569,-0.533449
1261,11701,152.418637,-0.475620,-3.188148,514.610024,-2.823426,-1111.611242,-2.910536,262.236925,22.581747,5.574169,1.399285,-1.390066
1262,11702,3.350945,-1.790389,-2.571112,1.157675,-0.292995,-1.820904,-2.141603,1.768673,0.672072,4.563976,1.729933,-0.824931
1262,11703,3.210993,-2.020955,-2.034795,-0.007201,-1.211070,-4.945787,-2.440245,3.022127,-0.459965,3.205816,1.176853,-1.547190
1262,11704,3.664716,-1.380625,-2.100326,-0.407695,-0.355118,1.181567,-2.407125,1.828497,0.083468,2.611721,1.943654,-2.104443
1262,11705,2.321099,-2.417257,-2.990478,4.582135,0.587460,-4.402093,-5.636833,1.757739,0.432743,3.502322,0.814306,0.430258
1262,11706,2.767534,-1.047847,-2.458005,1.764014,-1.185673,-0.741112,-3.158771,2.293806,0.483001,2.639655,0.796133,-1.361351
1262,11707,1.820711,-1.264931,-3.315995,0.692567,-1.074913,-1.253524,-2.250654,1.550923,0.394446,2.612824,1.698809,-2.946858
1262,11708,2.883718,-1.506908,-0.506648,1.998153,-0.965938,0.151819,-2.792640,3.087954,0.074391,1.897064,1.702505,-2.406261
1262,11709,1.683980,-2.922721,-3.607132,0.469451,-1.236007,-0.807229,-3.980178,1.502242,0.592369,3.300844,1.025310,-1.084824
1262,11710,3.289522,-2.184574,-2.989479,0.483997,-0.362642,-3.097842,-2.382853,3.350322,0.397022,3.358396,0.644492,-1.391351
1262,11711,2.205670,-2.439276,0.026947,3.273394,-1.170820,-5.641362,-3.277148,2.753822,0.097006,3.691682,2.528927,-1.164750
1263,11712,2.625285,-1.838854,-2.199568,0.122636,-0.487018,-1.689913,-1.297359,1.987688,0.978744,2.629697,1.807157,-2.285517
1263,11713,2.967786,-2.981979,-3.750632,0.823218,-1.126142,-2.247376,-2.268440,2.494185,-0.258965,2.572875,1.230093,1.929358
1263,11714,3.074902,-2.119960,-3.164608,3.018947,-0.962012,-5.321224,-2.481736,3.730742,1.406621,3.104878,1.002372,-2.753647
1263,11715,2.757310,-1.232005,-2.635164,-1.171423,-1.059524,-3.366558,-0.182849,1.400053,0.473854,1.413871,1.104804,-2.722980
1263,11716,3.692096,-2.460004,-1.464139,1.776742,0.191683,-5.105503,-0.077084,2.228742,0.779727,2.414728,0.621714,-1.773187
1263,11717,3.059729,-2.651658,-1.729314,1.418993,-1.071101,-0.411221,-0.969811,1.367334,0.033880,3.954917,0.249610,-0.206262
1263,11718,2.289886,-2.471168,-2.697916,-2.168271,-1.347433,-4.039389,-2.946305,1.657576,0.612814,2.460679,0.958741,-0.189785
1263,11719,3.226723,-4.131001,-3.080417,2.444043,-0.109699,-2.869521,-2.741320,1.825131,-0.970071,2.151971,0.441855,-2.525575
1263,11720,1.227964,-1.401438,-3.501890,0.645789,-0.967464,-3.242250,-1.272091,4.196325,0.200713,2.396767,1.058169,-0.847389
1263,11721,4.377328,-2.951253,-2.606701,0.784603,-0.946677,-2.954614,-2.857042,3.268317,-0.093796,3.471886,0.944148,-1.939848
1264,11722,2.482056,-1.757570,-1.576523,-2.809092,0.022882,0.605632,-3.164612,2.048193,0.678595,2.742090,1.219690,-2.892159
1264,11723,0.187039,-1.004750,-3.349886,1.519592,-0.622492,0.937410,0.202946,1.910510,0.477072,3.004428,1.593812,-0.991798
1264,11724,4.385309,-1.031728,-3.420821,1.227616,-0.228356,-3.665828,0.007199,2.198594,-0.205659,2.879550,0.562185,-0.977899
1264,11725,3.342289,-2.720122,-0.225308,2.004491,-1.255710,-1.449071,-3.642158,2.911133,1.459700,3.437133,1.170345,-0.456758
1264,11726,2.648616,-1.978577,-2.870297,2.154201,-0.279612,-1.717787,-1.056121,2.849854,0.424362,3.110259,0.083937,-0.517222
1264,11727,2.604116,-2.418148,-1.771835,3.530685,-1.295518,-2.334751,-1.776522,1.987871,0.496836,1.608594,1.080955,-0.221660
1264,11728,2.125151,-2.385676,-1.825576,-2.005240,-0.914712,-5.269141,-3.811063,1.859491,1.492150,2.453078,1.725002,-0.724031
1264,11729,1.545041,-3.069276,-3.461162,1.035184,-1.360832,-0.754016,-1.996569,1.664960,1.133102,3.874458,0.504275,-1.810653
1264,11730,2.187342,-2.359366,-1.048176,-0.533298,-0.534639,-1.842767,-5.049474,0.563084,-0.227304,3.408180,0.902517,-0.296941
1264,11731,2.292812,-1.385156,-2.261763,1.102996,0.176284,-2.453166,-1.484031,1.991425,1.067822,2.656674,2.439106,-1.528527
1265,11732,2.363219,-1.080192,-2.777255,2.802887,-0.323994,-4.341644,-2.206548,3.402470,0.315046,2.909836,0.635957,-1.202615
1265,11733,1.527096,-1.248214,-2.015569,0.977041,-1.394004,-2.169208,-1.017900,3.373418,0.480809,2.638855,1.148698,-1.599568
1265,11734,2.099391,-1.603529,-2.106714,1.331878,-0.621300,-1.687282,-3.619441,0.072471,0.921629,3.424106,0.913969,-1.499640
1265,11735,3.234030,-1.289020,-2.729929,-0.137063,-0.062058,-3.897825,-2.403603,2.037059,0.016087,2.469865,2.491368,0.749852
1265,11736,3.323461,-2.075937,-2.006890,0.757949,0.603790,-1.591470,-2.633293,2.053580,1.069145,1.810007,-0.063295,0.173831
1265,11737,2.449831,-1.623015,-1.062730,-3.310534,-1.588815,-2.882465,-1.853034,2.402095,0.621012,2.754870,0.410176,-1.582757
1265,11738,2.592613,-3.678403,-1.204832,2.913173,-1.398961,-0.418819,-1.826708,2.288890,0.328962,2.799015,1.523502,-2.337185
1265,11739,4.392864,-1.556124,-2.142200,-1.397301,-2.209276,-7.913204,-1.141212,1.205261,0.765666,3.116721,0.836512,-0.560618
1265,11740,3.457105,-2.718880,-2.292275,0.509734,-1.949642,0.161634,-0.970019,2.874295,1.980385,1.551005,0.900609,-1.225441
1265,11741,1.469876,-2.487237,-0.295135,-0.667518,-1.115740,-2.820883,-2.309064,2.719681,0.297117,2.250008,1.704322,0.950973
1266,11742,209.565922,-0.618095,-2.052325,200.341668,-2.143520,-1012.418507,-1.719633,187.941800,-6.144197,4.823369,-0.373177,0.106018
1266,11743,233.015975,1.007277,-3.697290,1.856477,-4.019932,-1854.511847,-1.448754,206.358489,-75.765512,4.708792,-0.125496,-0.879716
1266,11744,91.713494,-0.104841,-3.442401,33.514133,-4.752872,-486.667116,-3.711182,197.356149,-0.427932,4.636446,0.931644,1.077403
1266,11745,156.533619,0.185261,-2.631873,547.324363,-1.594177,-1292.439994,-2.275017,356.737594,-57.182081,3.652940,1.154988,-2.544379
1266,11746,119.712732,-0.807977,-2.966356,288.990428,-3.043872,-148.536905,-2.306038,147.801757,159.340889,5.174483,0.479797,-0.654879
1266,11747,221.520527,-0.785489,-1.363558,268.772098,-2.967809,-814.658639,-1.222485,209.905998,55.092764,3.216480,0.407892,0.108257
1266,11748,159.793721,0.530822,-1.841167,12.674848,-2.437557,-892.723361,-1.977054,166.968216,125.420460,4.214510,1.015991,-0.048584
1266,11749,132.807344,1.098784,-1.615565,-261.876104,-4.039606,-566.889095,-1.552142,67.721320,-11.170826,4.529300,0.904144,0.360411
1266,11750,228.784771,0.604198,-3.920856,-35.999041,-2.416642,-689.424071,-3.122853,379.825546,-66.643356,4.222436,0.841440,0.766775
1266,11751,350.383717,0.400426,-2.408973,177.696835,-3.131946,-804.764724,-0.644265,321.244992,260.529698,4.505441,0.681478,-1.139724
1267,11752,1.709381,-1.186706,-1.691381,1.395936,-1.479948,-0.851034,-2.027899,0.617909,0.603528,3.241356,1.262734,-2.051151
1267,11753,2.305618,-0.646851,-1.793770,4.105007,-0.149510,-3.381314,-1.805463,2.092207,0.957503,2.550588,0.588438,-2.169478
1267,11754,2.072867,-2.195780,-3.880855,2.083027,-1.000577,-4.811233,-4.389063,2.679771,0.766490,3.267495,1.917192,-1.452659
1267,11755,2.352768,-2.510835,-1.619978,-2.463825,-0.240874,-4.377634,-2.470604,0.910530,-0.330415,3.281711,1.677398,-0.596708
1267,11756,1.521696,-2.016566,-0.388296,1.819792,-0.080520,-1.289228,-4.336064,1.501367,0.290633,4.047254,1.129225,1.230704
1267,11757,3.653534,-1.117472,0.091334,1.538697,-1.238102,-3.690038,-2.554255,2.405692,0.067113,3.641070,1.539207,0.017505
1267,11758,1.498423,-2.222905,-1.606765,0.631556,-1.281727,-2.826615,-0.937387,2.681796,0.200039,3.313847,0.366316,0.325384
1267,11759,2.506055,-1.787588,-2.779122,1.137786,-0.587036,-6.781543,-2.920039,2.523351,0.097847,3.239691,0.555415,-2.716788
1267,11760,2.364930,-1.657156,-3.122455,1.538497,-0.624466,-6.127031,-2.233264,3.431179,1.480579,2.929802,0.668821,-0.382165
1267,11761,1.998700,-2.846023,-2.967019,1.484301,0.389894,-3.712215,-0.299681,2.798182,0.570854,2.937069,-0.046025,-2.075087
1268,11762,2.718290,-2.286842,-0.605177,-2.942212,-1.456926,-1.474367,-2.308963,3.554916,0.934263,1.784865,1.399963,-1.214206
1268,11763,2.332692,-1.773827,-1.978392,-0.925210,-1.108650,-0.774937,-3.067698,2.165424,0.814774,3.166442,1.139123,0.654072
1268,11764,2.111941,-3.086647,-3.125125,2.839090,-1.777751,-0.019921,-1.258222,1.946341,0.440867,3.460031,1.085281,-2.414095
1268,11765,3.738834,-1.411632,-0.943168,-0.142889,-0.403810,-6.034279,-0.555706,1.677881,1.274591,3.550631,1.117765,-0.726402
1268,11766,2.592362,-1.093742,-3.766659,1.106741,-1.234683,-0.877164,-2.209072,2.677249,0.778760,3.341160,1.063788,1.142703
1268,11767,2.887470,-2.896012,-3.290337,-0.747356,-0.003843,-4.569056,-3.761159,1.804960,0.486350,3.487829,1.160140,-1.097815
1268,11768,2.796852,-2.330043,-2.492479,3.215788,-2.193591,-0.947098,-3.594123,1.101136,0.939413,3.106032,0.091899,0.333155
1268,11769,2.310705,-1.781815,-2.145045,3.649050,0.408467,-2.370820,-3.355337,2.134808,0.475773,2.395311,0.745197,-2.285324
1268,11770,4.109323,-1.449326,-2.169472,0.707198,-0.551666,-6.502951,-1.025930,2.926990,1.058129,3.143214,1.031109,-2.616163
1268,11771,1.604254,-2.199775,-1.492854,-0.497991,0.033175,-4.645088,-0.778385,3.466436,0.647830,2.330804,0.582398,-1.157116
1269,11772,169.952151,-0.864753,-3.136880,357.301287,-3.362530,-542.249821,-1.592862,308.678094,50.496263,5.149889,1.846644,0.093398
1269,11773,116.567434,-0.517868,-3.338711,-4.067685,-3.166225,-202.473177,-2.965878,295.922197,-139.816056,4.231835,1.000492,0.370478
1269,11774,305.731833,-1.014589,-1.771055,-256.999664,-2.722853,32.800512,-3.618250,263.292956,174.901244,4.301770,1.059664,0.603831
1269,11775,146.963476,0.087438,-3.163397,-87.724648,-3.985894,-1735.931537,-2.487243,281.363163,49.476214,3.696992,1.376007,-0.057438
1269,11776,111.723030,0.133942,-2.247410,12.125466,-3.952385,-629.913590,-1.499419,135.889504,85.405221,4.283096,1.462379,-0.764265
1269,11777,102.848745,0.024401,-3.484471,-137.917371,-3.828908,-751.083896,-2.428523,301.213333,-22.296755,4.728457,0.412637,-0.515957
1269,11778,240.638952,-0.029363,-2.996097,-148.257554,-3.783893,-306.295657,-1.733445,257.352689,163.781295,5.174638,0.311629,-1.729963
1269,11779,145.972185,-0.660163,-2.874485,-0.991074,-3.723831,-208.302450,-3.027670,370.232295,71.242025,3.211741,1.148497,-2.300745
1269,11780,216.013389,0.092886,-0.733930,-9.578959,-3.479815,93.238114,-3.295468,70.108616,27.874743,5.258545,1.412298,0.601887
1269,11781,222.057163,-0.173079,-4.120671,409.629694,-4.330932,-168.872452,-2.715657,413.914875,16.599496,4.094387,0.888776,0.044484
1270,11782,170.350426,0.104934,-3.136061,278.878906,-2.900803,-122.759374,-2.143278,313.595740,94.602957,4.070528,0.138752,-0.465660
1270,11783,169.645233,0.071312,-4.216549,-236.952531,-1.844756,-1026.515655,-3.338946,85.609344,53.509679,3.790255,0.861616,-0.338483
1270,11784,194.235674,-0.544533,-3.084989,245.978840,-3.089243,-740.388994,-1.876603,313.828907,-39.294723,4.807963,1.075075,-0.626434
1270,11785,144.848815,-0.992216,-1.822418,370.058617,-3.568355,-203.250540,-3.407819,118.675894,115.218768,4.022865,0.752436,-0.615834
1270,11786,93.128036,0.011505,-2.401057,-243.279393,-3.068848,-1126.669210,-2.475777,147.424714,304.934138,4.332551,1.230008,-0.389580
1270,11787,231.480351,0.366542,-4.444062,-73.746013,-2.242917,-386.384129,-1.787810,71.170732,-170.373924,3.936214,1.011825,-1.267471
1270,11788,190.521941,-0.253574,-5.136202,163.208942,-3.524941,-1344.818394,-2.572541,230.778601,72.922581,4.663191,0.677215,-0.761712
1270,11789,191.889051,-0.941604,-3.943970,744.565060,-3.604843,-880.328366,-1.596531,465.442968,115.610529,4.666213,0.792387,-0.170176
1270,11790,189.093189,-1.471247,-2.821447,-221.671781,-3.121422,-750.470412,-2.416812,308.054778,168.666827,4.096032,0.525965,0.475694
1270,11791,148.317474,-0.971794,-2.054529,-27.828623,-3.800467,-165.940323,-6.158831,216.515503,149.238298,4.277258,0.203214,0.008035
1271,11792,1.970477,-1.072279,-2.064599,3.638349,-1.498090,-1.983939,-0.397548,3.304974,0.239694,2.176686,1.063560,-0.202756
1271,11793,2.949062,-2.998985,-2.828983,2.599151,-0.145577,-3.916335,-0.976412,1.494081,0.631647,2.722361,0.085121,-1.035213
1271,11794,2.967495,-2.449003,-2.918229,1.813306,-0.884013,-1.907454,-2.196703,1.927462,1.415050,1.658549,1.482143,-1.071193
1271,11795,2.452609,-1.070420,-4.177561,0.088460,-1.472849,-0.953510,-1.964437,1.517308,1.521607,2.368199,1.630060,-2.668841
1271,11796,1.756847,-2.693213,-2.131682,0.846765,-0.134337,-0.785839,-3.500191,2.482198,0.424972,4.120884,1.823869,-1.768038
1271,11797,3.051052,-1.344554,-1.646821,3.069862,0.317170,-2.780367,-2.857901,1.846761,0.103620,2.395351,0.630344,-0.721418
1271,11798,2.479134,-1.684779,-2.034505,-0.841857,-0.383054,-0.523728,-3.257440,2.209858,0.770815,3.422945,1.649802,-1.555441
1271,11799,3.702757,-1.770836,-2.063956,2.992585,0.018871,-0.290157,-3.248005,2.507315,-0.538800,2.491783,0.160389,-2.065305
1271,11800,2.189398,-1.160492,-0.472205,0.566615,-0.279611,-4.706319,-1.830810,2.558410,-0.665497,2.374806,0.385492,-0.184813
1271,11801,3.213246,-2.720780,-1.005565,0.508953,-0.779021,-3.423360,-3.965632,1.923074,0.609530,2.293822,1.083232,-1.338644
1272,11802,1.444068,-2.464068,-2.870345,0.269696,0.527430,-0.615267,-1.294177,2.681254,1.125281,3.205585,1.356555,-1.488822
1272,11803,2.319509,-1.792452,-2.552625,-0.698497,0.136421,-1.329909,-0.857912,1.429707,0.262010,2.707638,1.040606,-0.741652
1272,11804,2.028951,-1.775980,-1.122981,1.199653,-0.446151,-2.707324,-2.289906,1.716868,-0.410332,3.571672,0.928530,-2.534053
1272,11805,3.821260,-1.644900,-3.410483,2.510914,1.474581,-1.803225,-0.222001,2.528870,0.322313,2.361432,1.509043,-0.587906
1272,11806,2.316185,-2.473854,-0.994760,1.541764,-1.862290,-4.831258,-2.536172,1.270485,-0.311244,2.704047,0.502564,-1.516081
1272,11807,1.655707,-2.180188,-0.859058,0.599533,-0.026240,-3.782707,-2.294802,2.107671,1.004827,4.002017,-0.302610,-1.079927
1272,11808,1.995670,-2.252554,-2.195375,-1.788579,0.626398,-0.015358,-1.375645,4.047237,-0.147942,2.203321,0.702960,-1.669270
1272,11809,2.695142,-2.530628,-3.314426,-0.383369,-0.264577,-4.219913,-2.971531,2.411813,1.701358,2.664635,0.966341,-1.011233
1272,11810,3.227460,-2.475812,-4.339261,1.678126,-0.466101,-0.751937,-3.665139,2.689890,1.141446,2.817347,0.873454,-0.944823
1272,11811,2.622791,-0.868899,-2.696542,0.037910,-1.084001,-2.795641,-1.305593,2.689434,1.126699,2.790260,0.987946,0.261646
1273,11812,120.298239,-0.273794,-2.016058,-53.502202,-3.226588,-114.449374,-2.380482,135.751553,-47.493285,4.731095,0.984283,-1.821942
1273,11813,77.442266,0.134784,-3.793228,371.881386,-3.315650,-1091.626950,-1.423472,265.741081,222.199953,3.335188,1.518778,-0.352007
1273,11814,221.604440,-0.174384,-0.469417,-333.057907,-4.121882,-950.720382,-2.818522,334.707046,174.628554,4.449467,0.680538,0.026884
1273,11815,163.594737,-0.226729,-2.025962,-17.660139,-4.421546,-315.146573,0.205857,390.525301,444.121519,4.652547,-0.480922,-2.442243
1273,11816,143.427788,-0.049245,-2.589141,262.588427,-3.706253,-578.148480,-2.923347,210.270206,309.340068,4.662656,0.312051,-1.562842
1273,11817,127.709251,-0.534871,-2.598977,136.724357,-2.723480,-505.071709,-2.441349,241.635218,133.609421,4.482042,0.571394,1.113574
1273,11818,241.414866,0.498010,-2.529534,-131.479313,-2.989605,-579.620381,-1.784723,286.671025,43.886471,3.912071,0.832563,0.217935
1273,11819,172.205426,-0.372662,-2.847073,36.367520,-3.099596,-588.040195,-2.769490,297.875289,95.294007,5.373542,-0.069173,1.838729
1273,11820,306.500867,-0.523465,-1.671539,56.337723,-3.943834,-1072.836348,-3.402034,201.139408,-75.893830,4.382118,1.190109,0.050007
1273,11821,125.199140,0.301287,-3.031932,254.735971,-3.912594,-841.472249,-2.452269,238.581463,76.652679,4.221552,0.154397,-0.796279
1274,11822,165.766662,0.326488,-3.068802,-191.770749,-1.776268,-246.625199,-4.127644,230.668674,165.809788,4.383941,0.974512,1.266073
1274,11823,148.031691,-0.072099,-2.584536,150.917745,-3.594581,-749.331932,-3.167953,387.197104,-10.418000,4.060687,1.713529,0.782814
1274,11824,184.481020,0.177523,-3.489127,-102.849235,-2.401910,-327.741447,-2.472779,303.842088,-98.052653,4.154025,1.046738,-2.399620
1274,11825,91.228855,1.026082,-0.403083,584.396494,-3.317195,-332.838123,-2.987129,211.543670,87.235383,4.922017,2.347872,0.865841
1274,11826,273.857552,0.632071,-1.644074,-320.934320,-3.563921,-731.363777,-1.875869,275.288241,202.591848,4.048093,0.653645,-0.266606
1274,11827,84.679852,-0.937722,-2.047771,242.666366,-3.142848,-1269.217735,-0.354584,264.644318,120.143999,4.428734,1.909283,-1.144510
1274,11828,157.455401,-0.188392,-3.090642,55.687014,-2.145559,-513.070740,-2.066850,95.948472,185.096714,4.925729,0.734395,-0.556509
1274,11829,251.193873,0.816385,-2.164324,-146.424887,-3.775783,-447.336617,-3.421802,186.613653,221.761581,3.785617,0.928384,0.881974
1274,11830,212.871393,-0.064147,-2.506760,-157.953589,-3.747583,-736.788246,-2.834139,331.200724,14.380454,4.421236,1.430498,-1.996364
1274,11831,189.837358,-0.879558,-1.998177,-388.333072,-2.565195,-838.208740,-2.671987,192.405272,109.375531,3.406263,-0.079215,-0.819721
1275,11832,2.263962,-2.333602,-2.821207,2.397230,-0.807547,-2.033135,-0.968899,3.841458,1.445384,3.900485,0.594470,-1.578931
1275,11833,3.260468,-2.537757,-2.007948,2.804633,-0.608474,1.176653,-4.042931,1.250199,0.612024,2.175297,-0.341920,0.471106
1275,11834,4.082714,-2.175274,-4.102540,1.043634,-1.090612,-0.162584,-0.563620,1.986652,1.117655,2.543664,1.154161,-0.755719
1275,11835,1.098494,-3.173579,-3.197920,1.840894,-0.704186,-3.746147,-1.888574,3.418298,0.368165,2.185304,1.001355,-1.574579
1275,11836,2.592640,-1.734280,-2.180702,-0.160141,-0.790712,-3.523475,-1.105757,3.216778,0.205260,3.813429,1.752407,-2.155125
1275,11837,1.824961,-1.427267,-2.517937,-0.521970,-0.589011,-4.575077,-4.402928,2.898840,-0.819906,2.773811,0.923599,-1.068218
1275,11838,2.242479,-2.787446,-0.882764,1.768845,1.278277,-1.167603,-0.644677,2.625445,-0.438929,3.890905,1.168976,-1.653634
1276,11839,3.650423,-1.810408,-1.683649,-3.730482,-0.430218,-1.167589,-2.908659,1.527283,0.160451,2.107999,1.290167,-0.393535
1276,11840,1.814962,-2.019070,-2.737965,1.131925,0.288386,-2.537738,-1.187652,1.952747,-0.377443,2.386869,0.546206,-0.262926
1276,11841,2.304601,-2.024299,-2.485222,-0.021757,0.095541,1.539241,-3.997928,2.780296,1.118444,2.199879,0.896540,0.244145
1276,11842,3.713439,-1.566496,-3.030730,1.217288,-1.830661,-1.853843,-2.464182,2.798099,0.600760,3.442270,0.937097,3.016580
1276,11843,2.352647,-2.361778,-2.795418,-0.723357,-1.367688,-1.110491,-5.010873,2.641536,0.579877,3.378552,1.172197,-0.988272
1276,11844,3.112913,-0.350717,-3.461103,3.724221,-1.169579,-2.152392,-3.200503,0.476541,0.274389,3.697472,1.581688,-1.699313
1276,11845,3.702716,-2.556415,-1.462843,-0.845696,-1.473032,-3.363953,-2.082421,2.352215,0.286693,3.217631,1.631750,0.257581
1276,11846,1.500839,-1.149218,-3.031856,0.208367,-1.695653,-3.349189,-3.863923,1.165764,0.691677,2.738774,1.821722,-0.033216
1276,11847,2.556620,-2.787849,-1.161241,2.843947,-2.165725,-1.434693,-0.268516,0.644915,-0.291620,3.379229,0.136095,-0.999616
1276,11848,3.469872,-2.911213,-2.185443,2.835620,0.028630,-0.261057,-4.771241,1.970650,-0.765620,2.514739,0.399323,-1.726462
1277,11849,246.558507,-0.811011,-3.148377,52.969020,-3.092440,-609.697661,-3.184542,420.066814,-4.763968,5.518318,1.137374,-2.361934
1277,11850,201.970304,-1.293716,-1.959562,-382.666022,-4.433788,-284.664576,-2.032490,164.808718,-0.882641,4.244724,0.695572,0.193177
1277,11851,203.659536,-0.797747,-4.100886,268.542345,-4.492532,-1340.985244,-0.840079,374.531412,146.262141,4.356250,0.372740,-0.349324
1277,11852,191.928188,-0.857943,-0.338550,107.741729,-2.216840,-565.871262,-4.318623,241.692939,-58.806778,3.912440,0.839786,0.267891
1277,11853,189.300204,0.296314,-3.563522,279.777575,-1.678235,-447.492426,-2.493490,215.539763,328.181671,4.120736,-0.026482,0.282686
1277,11854,95.055058,-0.821936,-3.442825,165.076467,-2.530202,-92.550358,-3.330310,179.343480,-38.723347,5.143786,-0.110083,1.230968
1277,11855,228.670035,-0.389213,-3.438861,24.610281,-2.049832,-910.977568,-2.815509,116.684324,-17.491662,3.500898,0.779639,-1.616731
1278,11856,237.100392,-0.105556,-0.404398,171.510116,-4.408732,-861.679985,-4.559582,150.274180,-212.431117,3.546562,-0.272966,-0.656306
1278,11857,245.813783,-1.079335,-1.653647,129.380466,-4.579978,-341.281954,-2.121111,282.768322,149.459582,4.383905,1.890934,-0.214031
1278,11858,249.399657,-1.056366,-0.075810,578.215254,-3.277042,-903.818523,-0.462572,286.113438,124.301183,4.077704,0.147501,-0.516162
1278,11859,68.244356,-1.240190,-2.517808,294.486057,-2.821780,147.392442,-3.310072,358.348887,39.386737,3.825156,0.742942,0.973693
1278,11860,193.181084,-0.886514,-1.908325,72.428360,-2.738879,-1287.795964,-2.967843,217.727454,10.027269,3.947871,2.217589,-1.959741
1278,11861,164.077950,-0.358727,-2.537061,26.762341,-2.693642,-606.413308,-2.875566,502.256094,70.832554,5.248315,1.973781,-0.694993
1278,11862,186.752605,-0.531402,-4.454870,347.557068,-2.166805,-1147.186704,-3.532075,335.181491,106.687736,4.524971,0.560791,0.151543
1278,11863,153.515108,-0.382121,-3.393467,63.089365,-2.989273,-787.410366,-2.935762,233.684978,189.227100,4.389993,0.190669,-2.658240
1278,11864,87.042773,0.612506,-1.821028,-78.777008,-5.212409,-607.749525,-4.605990,276.222708,-14.735191,3.476943,0.400104,0.903549
1278,11865,215.009498,-0.621731,-3.454194,159.511475,-2.336177,-335.426969,-1.732195,286.163637,88.654094,4.971957,0.992417,1.488743
1279,11866,2.614004,-1.240979,-3.050678,-0.301675,-1.466966,-3.449742,-1.675568,1.751707,-0.951150,4.410543,1.389467,-1.638116
1279,11867,3.898055,-2.145504,-2.092183,0.191809,0.177105,-2.876794,-1.871614,1.783852,0.968509,2.331409,1.301351,-2.279153
1279,11868,1.479479,-2.027214,-1.401850,-1.006347,-1.746695,-3.882439,-2.805191,2.764531,-0.546493,3.013424,0.499137,-3.580544
1279,11869,2.218125,-1.855117,-1.931033,1.738488,-0.151550,1.649075,-1.453678,2.576032,0.346167,4.571306,1.681801,-1.453603
1279,11870,2.126163,-3.149317,-0.225264,1.212125,-0.671515,-0.740534,-2.483151,3.172658,0.281702,2.242593,0.792066,-2.917916
1279,11871,2.843943,-2.088461,-1.286549,4.743129,0.164863,-4.562816,-2.318201,2.499510,0.761134,1.998473,1.582536,-0.229687
1279,11872,1.203994,-1.960944,-3.936587,1.459630,-1.407142,-1.798658,-1.276886,1.182172,1.134276,3.326167,1.955811,-0.974705
1279,11873,2.211331,-2.355872,-4.881044,-0.302474,-1.091542,-1.449006,-0.852805,2.380965,0.833507,2.859750,0.510224,0.169193
1279,11874,3.356619,-1.842007,-2.356375,4.363845,-1.003786,-3.026860,-1.682671,2.196471,0.670398,2.253418,0.596608,0.651631
1279,11875,2.512618,-2.883347,-1.410955,-1.538474,-0.872022,0.302222,-1.600832,3.077926,0.035709,2.218591,-0.212911,-1.806367
1280,11876,252.674771,-0.117657,-1.658000,-189.488401,-3.737127,-429.597531,-1.944298,263.038828,-49.957768,4.288459,0.695223,-0.028618
1280,11877,149.716484,0.192548,-2.457852,181.376050,-2.036382,-830.931423,-1.342428,366.589617,44.097560,3.785818,-0.011571,-2.171993
1280,11878,120.542846,-0.340372,-2.473700,236.328248,-4.172627,-456.170310,-0.962344,340.663807,268.128814,3.637772,0.501577,-0.523358
1280,11879,178.439872,-0.555434,-0.162260,-69.710629,-3.029328,-910.876780,-1.687724,371.595802,16.576593,4.557855,1.040641,0.013196
1280,11880,205.240976,-0.216897,-2.501298,116.760757,-4.083297,74.477837,-2.172491,188.007370,79.715881,4.204318,0.993250,-1.024363
1280,11881,238.614931,-0.089134,-2.104870,-14.213651,-1.905512,-291.842874,-0.313949,296.861176,178.424667,4.448814,0.723282,1.381184
1280,11882,93.128673,0.523354,-4.519534,-389.769487,-3.126943,-573.768933,-2.755582,366.976466,-35.600840,5.780396,0.771337,-2.631926
1280,11883,233.406436,0.475479,-2.816943,-53.485468,-3.977790,-816.621752,-0.505874,402.428425,55.406571,5.288987,1.647655,-1.658960
1280,11884,230.030435,0.513723,-2.428959,28.051921,-3.264800,-950.180765,-4.328092,261.858314,-18.358130,4.808265,1.482686,-0.861984
1280,11885,265.439796,0.480638,-2.334186,290.769356,-3.153198,-829.945187,-3.692156,293.557602,189.150872,4.767720,2.313022,-1.397962
1281,11886,2.561810,-2.561590,-1.159072,-0.901266,0.551276,-2.208598,-4.683017,2.495193,1.095122,3.457904,0.494627,-0.911458
1281,11887,0.637082,-2.524899,-2.239987,-0.626618,-1.824113,-2.131148,-3.068193,2.614015,-0.458414,3.781355,0.484511,-1.164470
1281,11888,3.090077,-1.527197,-2.142139,2.264538,-1.192694,-2.490560,-2.327704,1.335378,-0.045639,2.914887,0.921158,0.351115
1281,11889,2.006782,-1.066111,-1.780408,1.863881,-1.086992,-3.591680,-2.631661,1.813693,0.812620,1.625345,1.223251,-2.670510
1281,11890,2.648066,-3.162571,-3.485147,2.994632,0.236832,-0.361664,-2.348700,3.281569,0.782537,2.945454,1.919104,0.176163
1281,11891,2.370351,-2.059333,-3.459007,-0.306035,-0.845802,-0.959506,-1.675563,1.625278,0.862990,2.661056,0.984903,-5.303182
1281,11892,2.907082,-1.239127,-3.357755,0.443850,1.194850,-0.100512,-3.599399,1.282401,1.211839,2.176487,0.898782,-1.333165
1281,11893,2.904998,-1.886178,-2.938527,-0.088716,-0.703882,-4.662077,-0.085477,2.784762,0.067798,3.128378,1.092256,-1.460189
1281,11894,1.868450,-2.631892,-0.987253,-1.122113,-1.073788,-3.606535,-1.930680,1.009735,0.453343,2.929983,1.740775,-0.845017
1281,11895,2.367346,-1.616702,-2.749031,-0.833645,2.345957,-3.034911,-4.101740,2.319876,0.005379,1.907450,1.235045,0.617998
1282,11896,2.198950,-2.077497,-2.545030,0.769117,0.835591,-2.846680,-3.717735,2.666021,0.139369,1.299620,1.106073,-0.987575
1282,11897,4.581585,-1.374473,-1.247391,-0.513159,-1.901184,-2.391293,-0.798904,3.689949,-0.007144,2.887241,0.268168,-0.147851
1282,11898,3.821057,-1.959971,-1.748084,3.286216,-0.354983,-4.664843,-4.159193,2.901782,-0.079586,2.440720,0.372991,0.501435
1282,11899,3.880408,-1.089840,-1.721981,0.933753,-1.119479,-3.146398,-1.624240,2.820123,-0.442692,2.208672,0.063066,0.272861
1282,11900,3.378480,-2.072422,-1.693859,2.306427,-1.959830,-2.556163,-4.898352,2.716349,0.969490,3.407102,1.382420,-2.129559
1282,11901,1.560356,-2.411034,-3.869814,0.823988,0.218677,-2.219884,-4.104805,0.521100,0.453626,2.727641,0.662538,1.337524
1282,11902,3.123185,-2.967177,-2.643085,-0.474653,-2.058638,-2.328080,-1.780647,2.647271,1.334733,2.953356,1.076305,1.124602
1282,11903,2.984883,-1.538285,-1.491022,0.100727,-0.500677,-3.950712,-2.705544,2.202971,0.920372,1.934863,0.598879,0.573654
1282,11904,3.185003,-1.496796,-3.117412,3.365303,0.887834,-4.900611,-0.985270,1.305763,0.138745,2.502589,0.941005,-2.373253
1282,11905,3.193790,-2.281700,-2.913947,-1.345052,0.364064,-5.817277,-2.709965,2.569310,-0.159947,3.119533,0.732858,-0.191425
1283,11906,1.906699,-1.362553,-2.418377,-1.284926,0.249999,-1.039496,-1.315779,1.686288,0.236866,3.122355,1.171178,-0.577703
1283,11907,2.223366,-0.797266,-0.410970,3.170954,-0.392236,-3.192211,-4.784980,4.201676,-0.024750,3.049816,0.635730,-0.108393
1283,11908,3.355208,-1.190785,-1.096833,2.382670,0.041515,-4.475330,-2.414319,1.100019,1.075667,3.189005,1.960372,-0.346762
1283,11909,0.984479,-2.141305,-2.621199,0.733992,-1.283478,-4.923909,-3.757145,1.941023,0.136864,1.986895,0.606386,-0.598002
1283,11910,3.308506,-2.414720,-1.905188,0.214828,-1.226501,-4.010557,-1.388034,1.454237,1.287910,2.199045,1.396067,-1.808454
1283,11911,2.506560,-1.539046,-1.225374,1.547006,-0.353608,-3.042429,-2.466829,2.296690,0.961289,3.475205,1.818870,-0.130696
1283,11912,1.692314,-1.625129,-1.658331,-0.407790,-0.875470,-2.241840,-3.102295,2.041019,1.854918,2.193380,0.960832,-1.577254
1283,11913,1.016992,-2.468415,-2.542736,1.402611,-1.033493,-3.783084,-3.572088,1.851551,0.393560,2.605835,2.050173,-2.123259
1283,11914,3.808777,-1.836749,-2.463135,-1.068291,-1.369341,-3.314722,-2.016616,3.180371,1.019435,2.604309,1.010698,-0.577852
1283,11915,1.416447,-1.485242,-2.406023,0.456460,0.986612,-2.849795,-2.743895,1.617978,0.667315,2.537369,1.310467,-1.327531
1284,11916,193.087948,0.237407,-4.023842,247.196817,-3.318962,-680.173817,-2.540769,369.623622,58.205336,6.023021,0.085783,0.278663
1284,11917,114.380791,0.822299,-3.179041,-45.951407,-2.598152,-1180.643688,-3.498226,167.312495,-9.302547,4.489519,0.936731,2.244029
1284,11918,231.490272,0.808806,-1.897369,-109.700641,-2.970239,-812.003155,-1.945703,314.389375,88.888274,5.235802,0.618968,-0.299523
1284,11919,201.912555,0.259229,-2.940252,-104.080785,-3.521352,-354.138353,-1.582130,224.015072,-57.205459,5.086837,0.970834,-1.079131
1284,11920,158.463821,-1.298623,-2.891190,426.326821,-3.423352,-963.671867,-1.205866,335.711223,233.794765,4.605163,0.405717,1.401353
1284,11921,185.517811,1.824460,-4.239617,-307.376248,-2.037953,-776.418750,0.944387,262.458163,351.980209,4.634086,0.578452,0.911594
1284,11922,245.424846,-0.233534,-1.845812,-30.261627,-3.483830,-409.659907,-2.771357,230.904855,142.551531,4.805201,0.201123,-0.785093
1284,11923,229.696274,-0.101295,-3.219853,198.497193,-2.807142,-756.323138,-2.682421,120.732600,141.029912,4.837850,1.713788,-0.044498
1284,11924,287.620896,-1.124656,-3.974317,177.305770,-3.942931,-400.083796,-3.990229,92.060660,464.767003,3.945049,0.156423,-0.117087
1284,11925,215.183988,-0.712646,-4.358361,135.105876,-4.918195,-483.166781,-1.659149,389.780055,94.588971,5.022665,1.204190,0.340477
1285,11926,2.972421,-0.361870,-1.424439,-1.001305,-0.131719,-3.096217,-2.062433,0.934038,0.165635,3.415445,1.351378,0.123314
1285,11927,2.736598,-2.334397,-2.199214,2.562311,-1.935334,-4.821373,-2.366148,3.039743,0.009189,2.525025,0.065131,-1.327250
1285,11928,3.295318,-2.558567,-2.400417,-0.847895,-0.272256,-3.802737,-2.942311,1.285678,0.322725,1.422099,1.527049,-0.822694
1285,11929,3.216130,-2.603505,-1.156415,1.398818,-1.584522,-1.400687,-1.362739,4.056405,-0.336451,3.349038,0.668002,0.282117
1285,11930,2.412605,-2.416411,-2.399841,-1.422754,0.020606,-2.562002,-2.493525,0.668193,-0.879961,3.476949,1.228556,-2.519315
1285,11931,3.442886,-1.247768,-1.967768,1.942359,0.323275,-3.343081,-2.224544,1.754175,0.562633,3.339995,1.008250,-1.705391
1285,11932,3.609664,-1.729050,-3.395478,-3.542957,-1.448968,1.293334,-1.284466,2.165105,0.294153,3.093018,0.952379,-0.182693
1285,11933,3.324516,-1.221078,-2.826118,-0.152010,0.913108,-1.551137,-3.791188,3.394294,1.191009,2.682027,1.201323,1.207514
1285,11934,4.052945,-1.583708,-1.572082,0.968124,-1.266242,-4.896513,-3.315289,2.378545,-0.599292,3.280874,0.536202,-1.791333
1285,11935,3.119099,-2.512624,-2.740805,-0.263695,-0.958632,-2.632230,-2.886744,2.182670,0.329180,2.590346,0.946907,-2.249303
1286,11936,175.622429,-0.857459,-1.286903,903.111535,-3.822505,-1259.449234,-2.001704,183.960065,71.359146,4.484865,0.497918,0.233837
1286,11937,298.292448,-1.544395,-4.703291,-111.602802,-3.419120,-1033.057889,-4.325519,210.051324,-0.793186,3.430237,1.384562,0.161111
1286,11938,154.495135,-0.678013,-3.206867,225.314409,-3.110797,-595.921704,-2.743644,207.139606,239.482031,3.438615,1.243108,-0.306321
1286,11939,209.427203,0.997365,-1.400040,-117.009564,-2.811818,-1232.777868,-0.731014,150.170233,188.130184,4.448670,1.112462,0.661194
1286,11940,213.418040,-0.364370,-3.373069,-171.139435,-2.028228,-1085.874961,-3.545119,305.424119,234.803830,3.548990,0.680679,-0.294673
1286,11941,220.356885,1.217364,-2.491404,194.478317,-4.558781,-587.579602,-5.115272,37.960092,-2.387050,4.621970,2.029229,-1.232626
1286,11942,212.630139,-1.344547,-2.650901,-9.385265,-4.823338,136.935293,-1.645870,293.210305,179.499748,4.049274,0.630860,0.034308
1287,11943,197.360719,0.096312,-3.144539,-160.122130,-3.070686,-777.696316,-2.010018,303.057659,94.863730,4.577929,0.910512,-0.935023
1287,11944,234.490895,0.415777,-3.540365,-33.463785,-1.739134,-959.329729,-3.095999,511.139093,129.180449,3.366839,1.539507,-1.277306
1287,11945,91.329440,0.239804,-3.434251,-50.089939,-2.966820,-585.508320,-4.151255,303.762384,-188.061720,5.253891,2.310343,1.254683
1287,11946,33.806186,-0.721402,-2.945836,496.100001,-3.561496,-1461.706358,-2.123648,145.718966,287.306472,4.940363,0.827389,1.276951
1287,11947,174.208051,0.108193,-3.997123,297.333748,-3.422056,-1257.795277,-0.620823,164.718991,276.458466,4.943734,0.216809,1.199082
1287,11948,185.616898,0.815658,-2.704266,54.458916,-3.641902,16.187589,-3.344388,271.484164,72.559529,4.603657,0.217303,-1.658554
1287,11949,170.921659,0.864665,-4.007540,91.596992,-3.779714,-839.329037,-4.505151,281.736361,-96.355524,4.826148,1.184025,-0.486201
1288,11950,3.133307,-2.851693,-2.325240,0.670291,-1.740711,1.335772,-2.529119,2.312167,-0.085592,3.163830,0.615466,-0.966082
1288,11951,2.937543,-2.638968,-2.099921,0.183800,0.272628,-4.345942,-1.903653,2.413206,-0.306806,3.135087,-0.318254,-0.716515
1288,11952,2.128668,-2.125129,-2.036122,3.829619,-0.753249,-3.301284,-1.323172,0.710326,0.438098,3.675749,1.479365,-0.997446
1288,11953,3.325578,-1.340897,-3.805387,-0.956983,-1.923673,-4.013379,-1.852352,2.408705,1.169395,3.744554,0.499741,-2.454927
1288,11954,2.322522,-1.571508,-2.699480,2.019584,-0.626861,-4.244739,-2.416575,0.478562,0.387565,2.265012,0.975445,-3.242696
1288,11955,1.032351,-2.083062,-1.811960,0.206821,-0.406269,-3.541404,-1.254227,3.031981,0.304192,2.131934,1.341455,1.084442
1288,11956,4.365428,-1.902955,-1.422038,0.536883,-0.226663,1.676840,-2.589999,2.044676,0.054470,3.165387,0.734961,-2.657708
1289,11957,3.267918,-1.727417,-1.811331,-1.438765,-0.915142,0.299290,-0.703877,1.848108,0.977278,3.427405,0.337291,-0.541111
1289,11958,1.325644,-1.291974,-3.804215,2.695365,0.012492,-3.783373,-1.001054,2.740620,0.142058,2.904336,1.003682,-0.549637
1289,11959,1.316346,-2.308773,-2.360185,2.829250,-0.922589,-1.907186,-1.902506,2.426149,-0.424311,2.891749,1.567616,-0.225699
1289,11960,2.065737,-1.636236,-0.916097,-1.906908,-1.754936,-5.449361,-1.619361,3.363847,0.262316,2.615011,2.003906,-0.844321
1289,11961,2.085418,-1.693032,-0.347188,-0.750803,-1.301388,-2.861880,-3.150645,0.962270,0.312324,3.067416,2.211025,-0.296852
1289,11962,0.841232,-0.692094,-0.832246,0.345677,0.331032,-1.371144,-3.169009,4.321362,0.822047,3.239161,0.871012,-1.361379
1289,11963,1.951520,-2.316872,-1.958090,0.651044,-0.370727,-2.759947,-3.692100,2.121890,1.652618,2.165009,0.864984,-0.951273
1289,11964,-0.498584,-1.409408,-2.309295,-2.671160,-0.433618,-2.164950,-2.856256,2.137489,0.380384,1.645191,0.654812,-3.610706
1289,11965,1.353681,-2.602097,-3.079959,-0.984698,-1.312163,-1.652671,-2.062371,2.148780,0.854197,3.260804,1.018845,-0.915378
1289,11966,1.221243,-1.931816,-2.425097,4.297880,-0.931420,-7.118498,-3.868194,2.604422,0.433590,2.926435,0.927960,-2.769092
1290,11967,3.704939,-1.970363,-4.032898,0.494169,-1.064047,-2.823444,-1.266619,2.150887,0.492597,3.070509,1.815552,-2.153649
1290,11968,1.754808,-1.136762,-1.073594,-1.023101,0.268779,-2.149923,-1.301638,1.555815,0.452357,3.552980,0.479129,-0.621017
1290,11969,1.853106,-2.019323,-2.524621,-0.184907,-0.965308,-4.981956,-5.126894,2.738081,0.595516,2.122280,0.466402,-1.182587
1290,11970,3.265705,-1.746690,-3.116604,0.099315,-0.682372,-2.810438,-1.451538,2.248706,0.649439,2.949325,0.564118,1.006694
1290,11971,2.500949,-2.280446,-1.502153,2.503095,-0.484803,-5.583636,-2.245977,1.620605,1.386724,3.244039,0.128884,-3.026180
1290,11972,1.696003,-0.977269,-0.754677,0.284924,-1.071633,-1.673640,0.189680,0.959635,0.528860,2.580300,1.448058,0.001837
1290,11973,4.054662,-1.015204,-2.477456,-1.674938,-0.960717,-0.791174,-2.305923,0.864314,0.595641,2.702536,1.451744,0.394979
1290,11974,2.969349,-2.158169,-2.396002,1.017494,-1.356267,1.040146,-0.631731,2.484812,0.411595,3.159878,0.815068,0.016782
1290,11975,2.592918,-3.074003,-2.575586,-0.607276,-0.232578,-4.605808,-0.739725,3.618151,-0.422342,1.720088,0.758511,-1.092823
1290,11976,4.494254,-2.196657,-1.384031,0.268611,0.118082,-2.089093,-3.738739,1.323445,0.765765,3.173616,1.773104,-2.195807
1291,11977,3.687982,-3.046254,-1.493931,1.715717,-0.285254,-1.178290,-0.239946,2.060696,0.635611,2.216533,0.534665,-1.984013
1291,11978,2.221646,-1.324018,-1.369320,-1.920365,-0.648230,-5.149241,-2.210755,2.526188,-1.133644,2.844588,2.173148,-0.368867
1291,11979,2.769480,-1.350333,-1.940538,-1.730388,-1.101858,-4.984546,-4.095975,3.210286,0.475742,2.781768,1.563919,1.497001
1291,11980,4.443144,-1.810092,-1.957783,-2.277777,-0.062393,1.631838,-2.783069,2.765262,0.077307,2.828836,0.769841,-0.109397
1291,11981,3.119715,-1.466476,-3.638203,1.494956,0.970192,-4.046441,-4.133480,2.563402,1.114154,2.836662,1.106088,-0.616660
1291,11982,2.997888,-2.246069,-1.195908,5.082015,0.286769,1.111928,-2.985776,2.327348,0.256681,3.215910,1.285858,-1.534396
1291,11983,3.223078,-1.558592,-1.950533,3.102091,-1.059189,-5.529296,-2.336454,1.082842,-0.052449,2.343393,1.044010,-0.637354
1292,11984,2.593578,-0.478928,-2.505111,3.284415,-1.547461,-2.691092,-1.704938,1.638443,0.199457,3.569751,0.587804,1.463020
1292,11985,0.932557,-2.584010,-3.288557,1.173441,-1.667024,-4.669041,-2.576676,2.547843,0.060187,3.149053,0.394233,-0.286263
1292,11986,3.460811,-2.223874,-1.268403,3.402443,-1.537092,-1.217095,-2.810423,2.028637,0.857213,3.212893,0.763140,-0.587948
1292,11987,2.517822,-2.170589,-1.979652,0.174658,0.483525,-1.866152,-1.011878,3.373653,0.362676,3.651705,1.069764,-0.942426
1292,11988,2.334926,-3.112736,-2.327575,-0.450868,-2.210298,-2.765358,-3.931100,2.610232,1.305826,3.365754,0.344735,-1.895278
1292,11989,1.953191,-1.402445,-1.677819,-3.441745,-1.015613,-4.887600,-0.583100,2.246073,-0.213724,2.266906,0.139158,-2.747887
1292,11990,2.667540,-0.581320,-1.483718,2.940684,-0.741482,-0.935755,-0.063552,1.701955,0.034995,2.422119,1.054203,-2.306168
1293,11991,128.791465,-0.697585,-3.604902,35.940515,-2.480566,-1647.278924,-4.139607,320.049279,46.985439,4.781237,0.471294,0.565166
1293,11992,201.884136,-0.222308,-3.792125,-90.347668,-2.545664,-487.481184,-3.844183,249.634342,256.990641,3.999684,0.228233,-0.230246
1293,11993,226.455566,-0.511872,-1.683771,96.725983,-3.382839,-513.042421,-4.334277,414.200516,-60.929450,4.456189,0.309760,0.727539
1293,11994,145.205086,-0.646692,-3.021963,-0.761266,-4.610576,-278.028941,-3.628604,247.262721,228.138090,5.457225,1.668375,-0.026709
1293,11995,122.829940,0.176815,-2.106293,301.271111,-2.647940,-339.831625,-3.345158,167.271458,218.156100,4.239512,0.438183,0.583638
1293,11996,203.453894,-0.408595,-1.884622,119.057462,-3.388094,-702.726453,-4.477336,297.193579,6.426332,4.250744,-0.729544,-1.388607
1293,11997,65.672378,-1.192621,-2.959985,111.146720,-3.584773,-556.239766,-1.243863,370.692642,139.110283,4.321009,2.030897,-0.139775
1294,11998,3.910549,-1.959247,-3.374967,-0.413671,0.212691,-1.136610,-3.202223,1.112828,-0.217019,2.747231,0.517108,-1.807390
1294,11999,3.469946,-1.384593,-3.876126,-0.287245,-2.432843,-1.285708,-4.108103,3.144507,1.122781,2.243751,1.992205,-0.547002
1294,12000,1.682427,-2.077335,-3.472442,0.960979,-1.168858,-6.390586,-3.285940,1.028822,0.779281,2.504705,0.239707,-0.114334
1294,12001,1.637497,-2.576313,-0.081059,-2.023905,-1.698584,-2.350037,-3.499226,1.673419,0.551160,3.134571,0.494742,-3.165661
1294,12002,2.909213,-2.871663,-1.593847,-1.763751,-1.592652,-5.913474,-3.058291,1.132848,-0.762986,2.801903,2.026629,-1.658610
1294,12003,1.163727,-2.852887,-3.133641,-2.460331,-1.619942,-1.851820,-2.711737,2.509929,0.994346,3.054380,0.309352,-0.824340
1294,12004,2.168690,-0.646327,-1.990134,-0.256508,-1.073400,-2.649140,-2.594167,3.546837,-0.652495,2.546888,0.044347,0.569207
1294,12005,3.445589,-1.926203,-2.820842,-0.451041,0.205993,-6.561384,-1.022845,2.239567,0.618061,2.079586,0.961678,0.292171
1294,12006,1.858790,-1.988075,-2.033133,0.285650,-1.072865,-2.402706,-1.997791,1.122495,0.404406,3.604999,1.035608,1.667451
1294,12007,1.563863,-1.929780,-1.341959,1.597679,-2.314095,0.053414,-2.787987,3.753438,1.202951,2.050688,1.654240,0.992700
1295,12008,2.262486,-3.157318,-2.917258,-2.056968,-1.466175,-4.188106,-3.124543,1.148573,-0.440475,3.204220,1.789331,-1.217197
1295,12009,3.508040,-3.178725,-4.270912,-1.145140,-0.558804,-1.824373,-2.720493,1.054595,0.269667,2.195975,1.311099,-0.911264
1295,12010,2.377172,-1.446477,-3.176262,1.231235,-0.889113,-0.312713,-1.460646,3.118540,0.231877,4.198793,0.417204,-0.351089
1295,12011,2.777862,-2.585308,-2.472874,0.771864,-0.902647,-3.924685,-3.141788,1.194045,0.490960,2.784390,0.485388,-2.191320
1295,12012,2.064894,-2.034467,-1.988346,0.955737,0.825671,-2.381176,-2.757731,2.324995,0.501364,3.044966,0.206472,0.192294
1295,12013,3.745145,-2.399298,-3.534372,-2.372888,-1.799929,-2.207902,-2.616193,1.848990,0.697980,3.970447,1.183132,-1.393223
1295,12014,1.146978,-1.690401,-3.049410,1.014583,-0.941736,-3.329610,-0.596296,0.306396,0.099200,3.933022,0.267244,0.171967
1295,12015,1.046594,-1.581740,-2.703130,-1.204500,0.712253,-4.220103,0.109205,1.936415,1.359634,3.712911,0.938600,-0.840302
1295,12016,3.145680,-3.063012,-2.806691,-1.075450,0.344855,-4.747325,-1.232784,1.577622,0.490049,3.257939,0.437516,-1.925741
1295,12017,3.123735,-1.279300,-1.148067,-1.762122,-0.706831,-0.941850,-0.088118,2.776538,0.716544,3.212739,1.378126,-0.522780
1296,12018,1.828163,-0.653263,-2.071401,-2.830310,-0.362546,-3.771526,-2.172388,1.380458,0.357876,2.889487,0.113082,-0.671810
1296,12019,1.196821,-1.535084,-2.447105,1.629220,-0.210677,-1.322211,-2.652646,2.210316,-0.116012,3.148447,1.688709,-1.528305
1296,12020,3.723902,-2.404546,-2.116356,3.071581,-1.654268,-0.650500,-3.257451,3.636555,-0.377402,2.592786,0.733983,1.742502
1296,12021,3.081185,-1.076441,-2.870717,0.064136,-1.360684,-0.287163,-2.202747,0.871363,0.485521,3.016803,0.677999,-2.942349
1296,12022,2.880506,-2.049802,-3.210734,1.571653,-0.769508,-3.115236,-2.692463,2.336221,0.541031,3.438382,0.865232,-0.373688
1296,12023,0.606480,-1.021572,-2.129140,2.745916,-1.829931,-2.967215,-2.484755,2.975448,0.452143,3.466468,1.879188,0.215941
1296,12024,2.814696,-1.031422,-0.668911,-3.628141,-0.091368,-2.393163,-4.006970,1.553149,-0.253751,3.265623,-0.026386,0.626898
1296,12025,3.260361,-3.217485,-2.238436,-0.422146,0.033019,-1.493214,-3.993063,2.410726,0.457067,2.509575,0.610747,2.285672
1296,12026,3.408407,-3.399300,-0.659477,-0.193888,-1.660855,-1.330569,-2.283092,2.430099,0.812412,2.599429,1.496061,-0.632431
1296,12027,1.886000,-1.517029,-0.610162,-2.058346,-2.560205,-4.670054,-2.980833,2.075917,0.961742,4.156705,-0.033746,-2.064787
1297,12028,162.952914,-1.132002,-2.468596,462.936956,-3.031399,-82.485322,-2.740785,248.949297,292.300643,4.696468,0.099923,-0.596913
1297,12029,127.974177,-0.176924,0.222425,18.902885,-1.152877,-923.626257,0.490786,393.720595,-94.515582,4.681238,0.615087,-0.211358
1297,12030,136.545082,0.261820,-2.670335,92.417544,-3.240202,-806.300255,-1.908935,251.655403,73.275567,5.103194,0.385289,-0.217839
1297,12031,222.121981,0.574400,-3.292541,-112.005521,-1.787314,-862.683535,-2.193052,294.631324,-101.177618,5.125780,0.115788,1.322155
1297,12032,84.298868,-0.780246,-3.333999,17.724453,-3.590677,-230.570274,-2.326774,355.870754,75.064202,4.781594,0.506695,0.679620
1297,12033,125.000241,1.153793,-1.861806,282.417209,-3.665273,-619.058553,-1.154355,176.707815,200.229025,4.253809,0.293397,0.755508
1297,12034,120.024362,-0.027781,-3.366154,559.604854,-4.060641,-1294.465365,-3.969416,319.479161,126.903161,5.160732,0.659534,0.547725
1297,12035,30.532657,0.267619,-2.421668,56.332396,-3.561726,-1063.852144,0.115367,284.611400,2.904753,3.853713,2.485702,-1.740945
1297,12036,145.213770,1.435737,-3.613225,322.689186,-4.074351,-520.366374,-0.357316,367.344406,157.213531,4.476331,0.553019,-2.949837
1297,12037,250.197454,-0.493175,-3.808853,255.573815,-3.024901,-618.007159,-4.369795,85.457646,64.850874,3.477431,1.325220,-0.970110
1298,12038,3.126815,-1.162478,-3.510750,0.506335,-0.849778,-3.192861,-3.612938,1.606040,0.133406,2.312180,0.997845,0.696048
1298,12039,1.167171,-0.350523,-1.572892,-1.162472,-1.754346,-2.275662,-1.967666,2.096251,-0.028479,2.620123,1.779391,-0.451554
1298,12040,1.677009,-0.331567,-2.015429,1.976620,-0.366563,-3.754512,-4.766941,2.902095,0.427402,4.281415,1.032256,0.339948
1298,12041,3.406330,-1.728498,-3.937357,-0.421166,-1.516373,-4.692850,-0.768265,2.274929,0.407172,4.330160,-0.172158,-3.887165
1298,12042,2.548642,-2.126849,-1.279556,0.823803,-1.514408,0.573378,-1.284562,2.475712,-0.282435,3.296271,-0.088984,0.619763
1298,12043,0.107862,-1.147131,-0.151586,0.244412,-0.975601,-1.452857,-3.399809,1.838194,0.697270,3.796962,1.371888,-0.010538
1298,12044,3.700134,-1.874707,-2.707626,-1.168236,-0.562009,-0.681711,-4.039846,1.937023,0.068747,1.950043,1.793953,-1.701994
1299,12045,146.684779,-0.481707,-1.957653,216.578662,-2.230332,-454.328296,-2.298262,253.182711,-170.284952,3.890713,0.458625,0.311174
1299,12046,69.811848,-0.430062,-3.569285,-179.989337,-2.675060,-776.433843,-0.510291,135.874304,94.645031,4.279736,0.521194,-1.342760
1299,12047,59.453155,-1.042385,-4.389647,-118.438877,-2.183323,-648.623323,-0.085500,307.475472,109.149037,3.294633,0.213724,-0.029744
1299,12048,137.246951,-0.085427,-2.856686,-71.381668,-2.468151,-537.098485,-2.081684,139.574684,141.778647,4.259285,-0.982662,-2.368696
1299,12049,236.004557,0.378340,-2.435724,115.131387,-3.793759,-223.929614,-4.385744,311.324178,29.842856,2.835510,0.973661,1.523845
1299,12050,273.127058,-0.515873,-2.467376,290.117665,-4.656637,-811.063356,-2.889215,247.497027,153.750844,4.454065,0.996516,-2.258189
1299,12051,273.128460,-1.258465,-3.827631,-38.759042,-3.173767,-636.146402,-2.485359,387.479882,188.489563,3.241264,1.113569,0.094621
1300,12052,2.497999,-1.758858,-1.776627,1.254080,-1.456301,-1.528565,-1.512211,1.903665,0.890124,3.997157,0.803010,-1.858343
1300,12053,1.643303,-1.664368,-0.669459,-0.117030,0.642649,-1.991515,0.028658,1.494699,-0.221050,2.414075,1.536713,-0.181271
1300,12054,-0.256527,-2.877146,-2.039936,0.897920,0.173839,-0.789293,-4.153083,2.650790,-0.678962,2.297476,0.158051,-0.513686
1300,12055,2.433671,-1.621555,-0.319547,3.523928,0.302888,-3.712192,-1.730388,2.819981,0.301837,2.255726,0.462561,-1.595388
1300,12056,2.687087,-2.497009,-2.191281,0.626035,0.330175,0.744592,-0.095259,0.860419,0.961542,3.443879,0.246784,0.051142
1300,12057,2.411586,-1.622741,-0.956441,2.256715,-0.505852,-1.621961,-2.653742,1.554842,1.416124,2.367571,1.217209,0.929103
1300,12058,3.066083,-2.187514,-1.902088,1.150467,0.133894,-2.957535,-1.294672,2.889705,1.893154,3.141200,0.525580,-0.377193
1300,12059,1.793165,-1.816708,-2.017875,2.239535,-1.490066,-3.804620,-2.471975,3.357848,0.144915,2.224021,1.514210,-0.118167
1300,12060,1.302532,-2.831164,-2.110634,0.817928,-0.455004,-2.170119,-0.866556,2.686070,0.633925,1.696025,1.238337,-3.640355
1300,12061,1.648245,-1.508492,-2.629582,1.958453,-1.223467,-4.155636,-1.522939,3.562515,0.415971,2.591863,1.619171,0.151364
1301,12062,427.599579,-0.212171,-2.741494,-237.595755,-1.439109,-1158.085582,-2.336443,310.412072,132.101445,4.353072,0.547805,-1.175561
1301,12063,373.014838,-0.060363,-3.302873,-143.727291,-2.298093,92.150358,-2.804484,119.471641,47.784818,3.461446,1.315574,0.198878
1301,12064,361.595403,0.598700,-3.469712,355.466955,-2.836160,-964.905619,-2.487278,72.337896,-56.831519,4.658072,1.199454,-1.789999
1301,12065,272.380735,0.000477,-1.418110,15.672646,-3.805026,-918.268281,-0.752022,330.670374,141.558881,4.410865,1.919853,0.114366
1301,12066,229.328702,-0.151450,-4.233503,411.889063,-2.890714,157.645688,-2.249536,311.228957,76.216030,3.499000,0.720644,0.801775
1301,12067,296.153818,0.025903,-4.286430,36.586901,-2.944663,-293.099950,-3.471429,168.522257,164.640866,5.003205,0.206834,-0.207776
1301,12068,53.082643,1.091029,-3.081206,91.443867,-2.906907,-897.977700,-3.804707,320.255593,170.856911,3.802563,0.610780,-1.789592
1302,12069,1.126979,-1.553100,-3.018568,1.661173,-0.900696,-2.453218,-1.900936,2.051493,0.519298,3.320828,1.296355,-0.503438
1302,12070,2.405070,-2.176875,-0.848564,-1.093925,-0.265896,-1.783053,-0.033949,1.898919,0.074409,2.090403,1.271698,-2.783279
1302,12071,0.581433,-1.664022,-3.457909,2.873272,0.166793,-1.922144,-2.259274,1.934301,1.400393,2.271971,1.567312,-0.280454
1302,12072,3.345564,-3.161535,-2.226583,3.333542,0.052098,-2.703672,-2.944104,1.496959,0.186855,3.069132,1.937716,-0.117595
1302,12073,1.607846,-2.266868,-4.135163,3.244367,0.415103,-2.296200,-1.226745,2.374940,0.617433,3.228568,0.870580,0.734598
1302,12074,2.514437,-1.668414,-3.237334,-0.551772,0.189146,1.015685,-1.611447,2.424451,0.094293,3.356496,0.548071,-0.006513
1302,12075,1.221406,-1.994617,-3.696649,2.095592,-0.411653,-5.090720,-2.979781,2.273195,0.701497,3.972324,2.502214,-1.127802
1302,12076,1.306745,-3.022279,-0.547073,-0.056281,-1.717853,-4.973285,-1.636680,0.998096,1.230862,3.555347,1.955068,-0.560014
1302,12077,1.417305,-1.781659,-1.935636,2.805370,-1.344232,-4.505285,-3.778458,2.821565,0.475615,2.525260,0.668454,-1.029580
1302,12078,1.513419,-2.148595,-3.823671,-1.857854,-0.912805,-2.150825,-3.048408,2.666327,1.276838,2.944748,2.097880,-2.392545
1303,12079,3.137090,-0.292542,-2.359866,4.979064,-0.850904,-4.202089,-4.388636,2.263372,-0.162009,4.337954,0.780651,-0.331691
1303,12080,1.945598,-3.099429,-3.347827,-1.434463,0.293210,0.155201,-2.243452,2.734848,-0.114001,2.846478,0.650669,-2.402794
1303,12081,2.335847,-1.978378,-2.032633,2.131908,0.280544,-1.443786,0.537485,3.211828,-0.766920,2.574925,0.736299,-0.914194
1303,12082,-0.228152,-1.489369,-2.712964,-0.067678,-0.836950,-3.205130,-1.905066,1.268348,0.845815,2.455063,0.582506,-1.536543
1303,12083,1.680410,-1.906052,-2.307352,3.064184,-1.425103,-4.388196,-2.798535,2.481648,0.823581,3.125891,0.024301,1.731013
1303,12084,2.350851,-2.906245,-2.522749,-1.308781,0.615092,0.105740,-3.584592,1.950670,1.170591,3.275710,1.426126,-1.559207
1303,12085,2.257364,-1.513357,-3.267058,0.243347,-2.097943,-0.558544,-2.094806,1.151495,-0.141780,2.518332,1.621582,-2.865199
1303,12086,2.297267,-1.189305,-1.877457,1.979718,-0.009019,-1.415917,-2.093043,1.907506,-0.173370,4.041706,1.447015,0.970545
1303,12087,3.502148,-1.454214,-1.693741,1.450884,-1.638694,-3.326537,-3.240093,0.915180,1.776051,3.319678,0.784490,-1.551836
1303,12088,1.684895,-2.896397,-3.641291,-2.654473,-1.408680,-0.104774,-3.287210,2.312946,0.989926,3.784829,0.503045,-0.851132
1304,12089,1.834955,-1.254542,-2.207164,-0.526293,-0.168690,-0.175287,-0.462804,2.480746,0.928189,2.774909,0.700040,-1.984650
1304,12090,2.602621,-1.463342,-1.608478,2.345483,-0.448692,-2.244928,-2.399499,2.176431,1.203629,2.592769,0.744732,-0.706010
1304,12091,3.183010,-2.177366,-1.773366,1.623324,-0.410574,-2.111619,-1.671744,1.448536,0.702633,2.626585,1.877017,-0.943100
1304,12092,1.422689,-1.879631,-2.811962,1.159597,-0.872288,1.673346,-2.136820,3.241080,-0.108216,2.119433,1.325884,-1.488214
1304,12093,3.159818,-2.013835,-3.219592,4.133979,-0.822466,-1.720731,-3.107100,2.763425,0.236001,2.875351,-0.409370,-1.868591
1304,12094,2.427126,-2.189259,-1.941805,-3.953134,-0.825143,-2.118422,-2.270659,1.830025,-0.267878,3.140247,0.341795,-0.324099
1304,12095,0.779293,-3.001533,-1.890718,0.387942,-1.093539,-2.501665,-3.542307,2.959456,0.800317,3.129066,0.727873,0.868684
1305,12096,139.956125,-0.016886,-2.948114,-257.174687,-3.594958,-672.760557,-4.203445,41.658149,104.790624,6.036392,0.749348,0.826718
1305,12097,105.321309,-0.177383,-1.706205,-261.388170,-4.437139,-795.583060,-2.245728,242.734679,65.552627,4.714707,1.143408,-0.250918
1305,12098,38.737901,0.346792,-3.135570,250.868571,-3.292521,-462.761650,-2.238611,389.207979,141.547230,4.510401,1.045384,0.481087
1305,12099,145.608980,0.288984,-2.930873,92.408770,-3.017150,-826.189965,-1.624811,232.566661,150.723597,5.739360,2.244630,0.052143
1305,12100,202.173272,0.435557,-1.576621,346.978657,-3.213577,-95.614856,-0.983895,398.538104,24.395904,4.946311,0.913332,1.420068
1305,12101,217.216741,0.030269,-2.363831,448.756946,-4.254060,-47.680981,-0.914448,221.431756,30.260742,4.056162,1.138840,-0.846893
1305,12102,193.396038,0.115545,-3.561674,-379.727610,-2.965201,-774.261042,-3.900187,194.145472,148.720730,5.586762,1.132152,0.534378
1306,12103,228.667637,-0.641404,-3.220274,-190.799620,-3.533474,-1770.228263,-3.386770,363.389378,-7.775450,5.100032,1.233599,-0.302845
1306,12104,292.080815,0.699781,-2.814471,-6.158088,-3.069403,-629.865178,-3.134174,233.831936,-147.001687,3.274025,-0.094599,1.452739
1306,12105,211.714753,0.758424,-3.027502,431.912311,-4.919447,-580.837474,-4.700782,129.931761,-90.065959,3.495737,1.337378,-0.129278
1306,12106,232.413034,-0.715695,-3.361203,17.220505,-3.835711,31.544656,-2.941784,95.874538,154.933151,3.360908,0.411669,-1.521828
1306,12107,135.114205,0.051197,-2.186212,-105.892647,-2.862380,-548.606597,-3.473300,551.152985,-118.553148,4.052357,0.904533,0.993928
1306,12108,198.949134,-0.804308,-3.514947,28.015712,-3.348259,204.593397,-2.233009,363.859722,90.939171,4.505682,0.314756,-0.373606
1306,12109,111.529533,1.000817,-3.394803,-200.312640,-3.113240,-711.803009,-1.400157,240.112558,66.419161,4.555571,-0.109899,1.758023
1306,12110,234.538774,-0.697075,-2.950930,-341.453236,-1.822421,-967.045532,-3.288458,190.575472,58.819096,3.753143,1.011045,-0.787968
1306,12111,134.006506,0.699684,-2.988700,407.760862,-3.785987,-942.715317,-1.583693,201.507899,-77.113503,3.122879,1.387216,-0.114166
1306,12112,208.134080,0.877657,-2.989692,118.855042,-3.483559,-166.109429,-3.743056,215.714071,227.523216,3.949767,0.901267,-1.992569
1307,12113,94.300386,-0.572525,-3.901681,286.368209,-3.155634,-451.469095,-1.596201,285.643080,80.641834,3.574422,0.674110,-0.457864
1307,12114,195.174360,-0.118562,-4.081995,-189.922313,-3.600213,157.323607,-0.258665,188.514418,276.801882,3.313071,0.452109,-0.430370
1307,12115,190.095848,-1.239523,-1.277649,115.463692,-3.249427,-1075.688660,-2.403499,293.459134,28.323564,3.878195,1.017234,0.825122
1307,12116,124.920058,-0.607359,-3.571749,-153.836596,-3.286427,-231.901988,-0.421899,287.523972,-42.702172,4.310313,1.665626,-3.217991
1307,12117,165.035185,1.101209,-1.402794,-12.529257,-2.997287,-744.593206,-3.002975,228.545947,-11.210546,4.750124,0.673203,0.883002
1307,12118,187.109764,0.370863,-4.258745,-148.276776,-2.970631,-1391.765057,-0.927570,228.729581,-111.969074,3.753717,0.750779,0.865627
1307,12119,201.691561,0.406504,-2.655870,90.834682,-2.370198,-1044.777988,-1.861695,204.398806,75.101557,3.979523,1.473132,1.423456
1308,12120,225.110149,0.197999,-4.430761,6.413902,-3.003701,-1209.820932,-3.840672,249.302999,103.631602,4.180934,0.541057,-1.679876
1308,12121,98.654410,-0.589269,-4.187730,401.720360,-4.354821,-754.855082,-2.581257,404.228637,-0.012578,4.528449,0.323983,-0.124515
1308,12122,143.312083,-0.289632,-5.679965,0.878673,-2.517160,-1073.138295,-4.201163,313.114229,157.044634,3.635876,0.524062,1.943455
1308,12123,75.901205,-1.148392,-3.774404,41.387903,-3.176491,621.552021,-1.562953,157.946957,-37.117872,4.579291,1.272688,-0.378857
1308,12124,181.110697,-0.890456,-3.721009,60.689675,-4.625056,-880.606680,-1.307105,331.618707,-10.596582,4.300851,1.188709,-0.753480
1308,12125,97.263782,0.499828,-3.481750,-42.687286,-2.544777,-568.585529,-2.974103,368.755356,52.148180,4.571443,1.041450,1.246865
1308,12126,248.580647,-0.653623,-2.657582,50.269516,-2.941363,-597.093695,-4.999985,323.939513,312.858316,3.487887,0.490897,-1.444236
1309,12127,1.667088,-2.385397,-3.232231,0.145466,-0.432750,-1.765768,-1.478679,1.749539,0.979965,4.107810,-0.012122,-1.080789
1309,12128,2.933526,-1.641944,-2.756363,2.337181,-0.939349,-0.081612,-2.693706,2.059618,-0.392080,2.748847,0.853470,-3.058578
1309,12129,3.040788,-1.716303,-1.698436,-0.230684,-1.394424,-1.433477,0.456697,2.322548,0.300953,2.268990,0.765280,-0.599696
1309,12130,2.791615,-1.640595,-1.098824,1.183126,1.009040,0.275164,-3.164775,1.474844,0.481119,2.694633,0.947113,-1.382420
1309,12131,1.518601,-2.563349,-1.715477,0.025370,-1.766750,1.786222,-0.851837,1.794278,0.691992,3.117026,0.214291,-1.094661
1309,12132,4.595339,-2.408005,-1.384392,0.391374,-1.331009,-2.641685,-1.570630,3.168491,-0.748657,3.520775,1.214252,-2.965579
1309,12133,2.976308,-1.920325,-3.916271,1.607310,-1.251009,-2.173844,-1.677332,0.499753,-0.041333,3.101475,1.051379,-1.487786
1309,12134,3.586693,-1.044985,-1.583023,-1.191618,-0.961781,-0.889338,-3.401007,1.882881,0.364169,3.131136,1.813267,-0.856752
1309,12135,3.341201,-1.259494,-2.772427,2.666556,-1.370386,-1.377288,-4.315292,1.223732,0.392105,2.507019,-0.096706,-0.522373
1309,12136,1.939285,-1.955362,-1.382234,-2.147157,-1.622473,-0.508587,-0.620789,1.866794,-0.012953,3.665199,1.877442,-0.739577
1310,12137,2.170859,-1.001472,-1.330098,2.137630,-0.661860,-2.676206,-2.660297,2.549680,0.602851,2.751568,1.188198,-2.827294
1310,12138,3.663273,-1.409857,-0.637779,0.524829,-1.311978,-2.544351,-0.924336,2.047300,0.830682,3.401010,0.012033,-0.980912
1310,12139,3.564474,-0.261710,-2.973777,3.498291,-1.269803,-4.290271,0.165771,1.160576,0.898791,2.921657,0.986651,-3.191480
1310,12140,2.196648,-3.224911,-3.383596,2.918845,0.003307,-1.637001,-3.299212,1.518040,0.546012,3.410733,0.834174,1.432370
1310,12141,2.264940,-2.142277,-2.900103,1.862699,-0.894199,-2.025799,-0.436282,2.276608,0.187433,4.500172,0.360082,0.159339
1310,12142,4.191664,-2.238378,-3.702439,-1.574319,-1.989482,-0.898448,-2.767323,2.518307,0.873831,3.705739,0.986693,-0.538487
1310,12143,1.378772,-1.199363,-4.306488,-1.877862,-1.665854,-1.949938,-2.521240,3.279034,0.361819,1.781145,0.999633,-0.450240
1310,12144,1.475653,-2.508473,-0.888413,2.578196,-1.218347,-1.508606,-1.808613,1.626904,1.547798,4.943049,0.493108,-1.210645
1310,12145,2.044830,-2.604543,-0.965217,2.175036,-1.828805,-2.375266,-1.392897,2.773526,0.410860,3.122815,1.163301,-1.668959
1310,12146,1.980323,-1.239073,-1.355768,0.172250,-0.774319,-6.348420,-2.452573,2.519403,0.533263,2.971403,0.473636,-3.320179
1311,12147,206.942323,-0.634631,-3.088243,-183.693027,-2.488231,-1248.167149,-2.417904,358.043602,219.728966,4.742586,-0.028598,-1.181370
1311,12148,290.755730,0.161189,-4.893797,-459.343387,-3.600415,-1509.254158,-1.859602,149.928715,42.517567,4.136304,1.550591,1.330671
1311,12149,229.063843,-0.949517,-3.114265,-463.614583,-3.483128,-684.258522,-1.450962,141.426375,5.716624,3.143989,0.897293,-0.798078
1311,12150,167.760899,0.123285,-3.903255,-16.551362,-1.736350,-354.927841,-3.197390,82.344344,57.971782,4.713443,0.912631,0.372420
1311,12151,187.516530,0.111049,-2.543831,653.343744,-2.821658,-953.349719,-3.562334,313.672092,208.809777,2.767398,0.776118,-0.035683
1311,12152,142.826931,-0.614926,-3.700424,127.385870,-3.545467,-1317.773880,-4.212900,198.841538,-103.461073,4.185404,0.787656,-0.659580
1311,12153,184.380313,0.626729,-3.248876,51.535059,-2.902859,-316.055229,-0.485947,372.706131,114.554591,4.688972,1.996152,0.792377
1311,12154,236.448959,-1.555483,-4.045559,-15.321563,-4.406686,-425.830985,-1.695177,174.779032,93.254364,4.417821,1.425366,-0.737198
1311,12155,213.884864,-0.894677,-3.475944,688.008674,-3.574570,20.356668,-2.097272,370.656889,-135.727644,3.909826,1.422723,0.926438
1311,12156,240.288503,-1.360608,-2.314450,-20.721138,-1.857503,-565.428120,-2.770781,150.212288,152.410218,4.199366,0.948752,1.311739
1312,12157,2.374273,-2.458151,-3.527576,2.434122,0.360767,-1.382475,-2.879525,0.691552,-0.087283,2.723606,0.858344,-0.194351
1312,12158,2.532769,-1.323492,-1.258849,0.989211,0.821141,-3.855430,-2.620645,2.302174,0.051244,3.545002,1.491867,-1.412579
1312,12159,2.787433,-1.616923,-1.332673,3.372031,0.608708,-4.434289,-3.556488,0.159958,0.395005,2.391897,1.874937,-3.779060
1312,12160,2.332319,-2.500389,-0.952198,-0.704614,-0.483515,-5.055555,-3.020940,1.292712,0.420145,2.815532,0.811221,-0.582015
1312,12161,3.926425,-3.009883,-2.261064,-1.999164,-1.317906,-3.045744,-2.295810,2.445290,0.424875,2.817041,0.817661,-1.702586
1312,12162,0.768086,-0.956841,-1.538524,-0.056517,-0.663730,-3.895997,-1.771625,4.259116,-0.241857,2.919919,0.778627,-0.087687
1312,12163,2.500144,-1.752058,-2.394380,-1.326327,-0.779646,-4.339687,-2.732359,3.350049,-0.128020,2.313555,0.872617,-4.158021
1313,12164,138.108890,-0.122560,-2.259179,78.761607,-2.799487,-1224.759606,-4.714491,287.666561,44.899211,3.323709,1.942566,-0.998307
1313,12165,200.065022,-0.767012,-3.081011,140.225698,-3.416844,-629.363381,-2.369703,316.624309,226.780067,3.273828,0.829864,-1.128427
1313,12166,60.719788,-0.476713,-2.278757,-2.719332,-3.486936,-431.504699,-1.682916,191.131945,311.804477,4.377290,1.180796,-1.322171
1313,12167,240.584218,-1.145611,-0.913634,210.523839,-1.023172,-509.084322,-1.256681,193.625656,198.047661,3.497835,0.897602,-0.031402
1313,12168,229.837820,-0.667491,-4.056341,-54.181162,-2.215968,-545.957289,-2.484722,372.222041,33.131298,4.240937,0.562257,1.086376
1313,12169,84.015918,-0.123860,-2.190313,30.389669,-2.549046,61.926422,-1.422457,263.556434,-19.061772,4.572814,1.155964,-0.163522
1313,12170,179.120163,-0.050205,-3.328651,359.984786,-2.510690,-1346.262281,-1.460491,159.552912,-50.478205,4.561119,0.843517,-1.803029
1314,12171,108.130934,0.836986,-2.132486,-153.248820,-3.110153,-862.515885,-1.564075,455.716427,-15.920750,4.855682,1.245971,0.063725
1314,12172,230.202798,-0.140884,-3.828257,16.493510,-3.559684,365.230449,-2.529214,243.001739,55.340847,4.566073,-0.548776,0.606055
1314,12173,140.934518,-0.800540,-3.244138,-38.808927,-3.639013,-1523.709298,-3.902811,182.855409,9.082716,3.389596,0.581856,-1.120265
1314,12174,186.955883,-0.985668,-3.885948,-74.338441,-2.728263,136.522929,-2.751474,171.936341,23.242096,3.368891,1.337658,0.549946
1314,12175,169.337196,0.163095,-2.206860,-18.221034,-2.335623,-1031.217634,-1.716353,336.127411,194.502469,4.800799,-0.343973,-0.479847
1314,12176,169.580924,-0.427948,-4.232444,164.148770,-2.571763,-473.622221,-2.352891,313.942773,206.480541,4.688202,2.104661,-1.318025
1314,12177,113.151648,-0.736776,-2.917265,163.398160,-2.915957,-1337.978749,-1.266499,279.682986,142.965470,4.439534,0.469048,-0.245735
1314,12178,147.870324,-0.147978,-3.056471,603.143490,-4.148921,-203.773399,-3.902231,237.630088,160.113576,4.330644,1.009561,1.264818
1314,12179,205.159076,-0.425773,-1.505273,-262.595189,-3.914292,-597.375559,-2.797437,188.789016,-127.656278,4.338424,1.787900,1.745797
1314,12180,124.605776,-1.110397,-4.691082,-261.071670,-3.668660,-438.283547,-3.363996,145.619257,77.314295,3.643895,-0.333318,-1.882324
1315,12181,139.553851,0.210333,-3.372849,823.905762,-2.401712,113.372029,-3.004325,139.306072,-102.538094,3.881518,0.429912,-0.452195
1315,12182,179.692618,1.301805,-2.989617,645.034928,-3.449462,-682.815980,-4.437601,161.021540,123.269887,4.046242,-0.219088,1.121997
1315,12183,207.253423,1.470608,-3.311912,-67.798012,-1.427475,-974.037076,-2.705427,198.541449,23.957696,4.349723,0.589102,-1.058295
1315,12184,135.814326,-0.454283,-1.708436,-253.956099,-3.184782,-1306.903491,-3.387826,190.400565,248.555052,4.186154,0.887840,-0.850425
1315,12185,248.658727,0.250242,-2.123683,-128.937860,-4.306834,-532.010084,-4.108989,214.594391,135.765863,5.056554,0.090846,-1.201874
1315,12186,162.594354,0.022719,-2.749249,551.053967,-3.646808,456.029080,-3.199073,246.226505,178.468996,4.607504,0.604632,1.434927
1315,12187,228.622837,0.221736,-3.234508,-93.977437,-2.865617,-572.599020,-2.927484,215.647526,120.087935,4.922189,0.547987,0.050844
1315,12188,208.677891,0.610227,-1.295428,131.836866,-2.551936,334.101699,-1.658382,286.441880,-67.554160,3.828450,0.659373,-1.854485
1315,12189,125.769237,0.100252,-2.686571,653.007675,-3.115020,-546.617489,-1.233265,128.368388,-26.874276,5.060322,1.926425,-0.581599
1315,12190,108.278121,-0.622162,-3.293235,247.365395,-3.603703,-181.303518,-0.978413,237.897669,-92.611245,4.505610,1.586510,0.010469
1316,12191,2.859695,-2.485516,-2.441674,-0.951752,-0.509933,-4.464732,-3.001658,3.319698,0.243642,3.044709,0.574533,-3.134947
1316,12192,0.571525,-1.893533,-1.130572,2.776687,-1.830906,-0.717421,-2.555418,2.747439,0.603727,3.288835,-0.066090,-0.605043
1316,12193,2.189825,-2.338965,-2.619819,0.008665,0.013309,-3.594690,-2.817288,1.265794,0.974187,3.142460,1.031355,-1.045995
1316,12194,1.419762,-2.507269,-3.060637,0.962222,-2.553057,-0.187114,-2.248385,2.980623,1.125211,2.954484,1.356778,-1.704627
1316,12195,1.109926,-2.181644,-1.732107,3.228570,-0.109926,-3.881909,-3.810142,2.102604,0.690558,2.145164,1.154981,-2.623006
1316,12196,3.714847,-2.262803,-2.584074,-1.606961,-0.234178,0.275682,-0.937674,2.329777,0.788666,3.445671,1.542545,-4.408838
1316,12197,2.607928,-1.979363,-3.353611,1.358846,-1.004087,0.036769,-1.442646,1.227113,0.504987,1.980337,1.766345,-1.449425
1317,12198,1.366062,-1.509683,-2.354152,0.453231,0.910549,-4.074918,-4.199350,5.113411,0.583234,2.534415,1.251362,-2.004690
1317,12199,3.086276,-1.788763,-1.237698,-2.654683,-0.129860,-1.272180,0.425777,1.538716,0.157082,2.129217,1.312854,0.519401
1317,12200,2.255744,-1.795056,-1.303012,0.683937,-1.820065,-2.597081,-2.091378,2.511994,0.221012,2.880213,1.096590,0.101166
1317,12201,2.755851,-1.472648,-2.073198,0.264728,-0.588620,-1.234311,-3.456934,2.090646,0.672092,2.706146,0.478871,-2.465405
1317,12202,1.483631,-2.009270,-1.217340,-2.199841,-0.958425,-2.278030,-3.321522,2.314860,0.816696,2.774271,1.339419,-0.516754
1317,12203,1.969548,-2.717893,-4.228261,1.251898,-0.390439,-3.270443,-3.293644,1.539575,0.390221,3.575394,0.777727,-2.133294
1317,12204,3.379954,-2.288215,-2.084029,3.000635,-0.034739,-4.486439,-1.381383,1.553348,0.957664,2.659494,0.287463,-2.034775
1317,12205,2.084675,-3.640015,-2.299922,-1.427296,-0.995245,2.983881,-1.703495,2.721223,1.611908,4.089775,0.911393,0.475771
1317,12206,1.968620,-2.721889,-0.598876,-0.870344,-0.944027,-2.831662,-2.957547,1.760966,1.423195,2.653058,1.547697,-1.372150
1317,12207,1.063617,-1.995339,-1.605812,2.031384,0.067191,-3.068243,-1.953320,3.160869,0.189459,2.936220,1.223414,-1.952588
1318,12208,1.851102,-2.322007,-2.534189,0.254420,-1.425159,-3.659914,-1.768965,2.090677,1.170969,1.853992,0.588968,-1.804476
1318,12209,3.217702,-1.637188,-0.679816,-2.180767,-1.099774,0.088329,-1.761704,0.202794,0.094412,3.611601,0.533505,-3.109289
1318,12210,1.568907,-2.164515,-2.715392,0.606045,0.046419,-3.701287,-2.659859,1.570792,0.507910,2.457642,0.793892,-1.375710
1318,12211,2.440015,-2.162209,-2.141829,-1.684733,1.467690,-3.054149,-2.816072,0.588051,-0.231840,2.461113,0.657805,-0.394110
1318,12212,0.031974,-2.055521,-2.148908,2.665090,-1.435208,-3.253250,-1.037951,2.232330,0.498425,3.074648,0.770726,-0.233486
1318,12213,3.464542,-0.866542,-3.793922,-1.072916,-0.746846,-2.341644,-1.195197,2.458174,0.634855,2.254915,1.072310,1.200338
1318,12214,3.025244,-2.965877,-3.300218,-0.478610,0.485732,-2.201539,-2.163733,1.695407,1.488120,3.081920,1.036893,-1.565360
1318,12215,4.023434,-2.378238,-2.791368,1.952233,-0.486523,-2.856903,-2.159721,1.721092,0.119548,2.524589,0.723025,-2.655752
1318,12216,2.535590,-1.848583,-3.498718,3.135529,-0.185032,-3.121212,-2.340586,1.954525,0.772240,3.263977,1.031066,-0.720189
1318,12217,1.304329,-2.107038,-3.013860,-3.410587,-1.709543,-0.846710,-3.767745,1.961534,0.175163,2.388565,0.326925,-0.336961
1319,12218,155.490317,-0.821724,-4.768853,127.966047,-2.261981,138.566287,-1.224373,149.045265,18.163369,4.811526,1.147512,-0.404755
1319,12219,177.308638,0.804058,-3.348261,85.602164,-3.584066,-866.724961,-0.863288,341.827419,127.074743,3.796654,1.231377,-1.533758
1319,12220,233.825156,0.499950,-2.415089,-192.623471,-3.920590,-1380.463743,-2.527348,328.881157,48.366878,3.706809,1.287857,-1.159068
1319,12221,291.081047,-0.867559,-4.548101,424.279601,-2.445881,-325.925373,-2.089198,153.308984,-39.833669,4.334162,0.551302,-2.002952
1319,12222,234.697423,0.013872,-2.234013,123.806137,-2.846064,-227.964178,-3.472652,342.274250,-70.713348,4.049414,0.364268,-1.622540
1319,12223,133.733352,-0.415520,-4.647832,343.181843,-3.387064,-1211.448215,-4.598003,335.639981,95.458907,5.246000,1.305884,0.916455
1319,12224,136.711131,0.135899,-1.613402,455.150171,-2.323526,-493.193732,-0.472160,98.730349,212.771222,3.751374,0.602896,1.077273
1319,12225,135.091362,-0.779210,-3.090575,-83.570423,-3.123832,-676.712291,-3.194477,382.065293,55.939031,4.201484,0.990889,-0.270589
1319,12226,118.092947,-1.495361,-1.866125,302.386922,-1.667183,-910.013900,-2.950852,184.707967,1.580859,4.127536,1.144112,-1.243216
1319,12227,221.099808,-1.803285,-2.187716,797.444155,-2.075633,-552.037080,-2.692124,227.159340,90.000501,3.371644,2.119219,-1.404157
1320,12228,3.222567,-2.626221,-1.221306,-0.041297,-0.706086,-2.414652,-1.890204,2.204218,0.343396,2.706275,0.598083,-1.128257
1320,12229,2.386825,-2.056396,-1.874174,1.884301,-0.531150,-2.135194,-5.984998,2.870485,1.653354,2.427685,2.367545,0.234300
1320,12230,1.377326,-1.831397,-1.949011,-2.321692,-0.303862,-3.129367,-0.632062,2.336363,-0.073777,2.040819,1.641665,-0.670358
1320,12231,1.067024,-2.113661,-2.054711,-0.316699,-1.723507,-0.907916,-1.132529,2.584333,-0.057793,2.126970,1.851335,2.045819
1320,12232,3.275273,-2.713952,-3.446311,0.262724,-0.643983,-0.992636,-3.401904,1.786566,0.625274,2.661240,-0.220013,-1.469293
1320,12233,0.320845,-1.057790,-2.151809,4.424738,-1.864454,-2.017439,-2.838538,2.310662,0.831115,3.975518,1.862701,1.870102
1320,12234,3.345195,-1.752181,-1.369518,-0.303557,-0.771972,-3.716191,-1.515656,1.363002,0.807723,3.547364,1.051616,-1.640653
1321,12235,188.656062,-0.550684,-2.317703,175.998713,-1.307671,-610.458422,-3.726550,293.869002,59.933827,4.055267,0.527249,-0.894817
1321,12236,216.935301,0.614766,-2.170908,176.965225,-3.745016,-908.325181,-2.831308,146.883141,-19.334265,3.736571,0.456954,-2.382942
1321,12237,296.737571,0.196595,-2.783036,168.607379,-3.239271,-273.514835,-1.009606,263.691620,85.601943,3.548708,0.277531,0.690115
1321,12238,161.544675,-0.719459,-3.556537,197.750673,-3.412346,-1028.329317,-1.766925,276.765421,175.516832,3.481464,-0.293668,-0.508922
1321,12239,197.366258,-0.071529,-3.577743,-214.129277,-2.010686,-1106.669924,-1.342249,73.511832,-85.938126,3.757577,0.696395,0.815714
1321,12240,271.109303,0.537268,-3.639237,517.233469,-2.427768,-1092.093199,-1.517303,271.577672,29.748242,3.648624,0.250286,0.683837
1321,12241,199.952983,-0.890756,-2.968522,-8.045737,-4.275510,-993.824515,-2.431931,356.949378,205.861134,5.019878,0.818205,1.718933
1321,12242,166.527143,0.109451,-3.196755,-129.579242,-4.028817,-601.712389,-3.212301,332.891170,381.338265,4.055285,-0.004250,0.227057
1321,12243,324.352048,0.719728,-3.188916,277.775398,-5.327631,-525.566917,-0.603341,317.984797,-64.742309,4.441312,-0.224042,-1.825969
1321,12244,310.125697,-0.187659,-3.339671,221.284829,-4.516851,-800.422828,-0.900086,81.040977,62.911125,3.988255,1.156446,-1.047584
1322,12245,252.496174,0.365333,-3.531433,103.364230,-2.536318,-776.481763,-3.168651,27.861772,-90.527570,3.484885,0.714100,-0.809988
1322,12246,28.724363,0.552358,-2.380630,9.135482,-2.667645,-701.064517,-3.012299,353.687746,-13.667064,4.122782,2.019812,0.397449
1322,12247,154.361232,-1.365072,-1.750186,-138.933068,-2.534092,-680.540013,-2.068794,84.578887,244.326298,3.349485,0.006809,0.713548
1322,12248,158.740182,-0.436582,-3.340406,-44.959282,-2.246937,-637.405176,-2.402792,263.423774,174.689505,3.392013,1.308508,-0.827763
1322,12249,188.409799,-0.573278,-2.931934,-300.539531,-3.679137,-312.561071,-2.564077,281.758668,69.581552,3.577335,0.573944,-0.684508
1322,12250,262.251304,-0.271408,-3.055697,124.711851,-2.745082,-913.694218,-3.428345,305.545662,-18.790492,2.402636,1.089693,0.522511
1322,12251,238.201241,-0.020806,-2.949845,-267.364076,-3.257020,-415.423585,-1.623975,160.620017,123.027506,5.018465,0.859766,0.680463
1323,12252,62.170864,0.003092,-3.332623,-182.930793,-3.092287,-962.690390,0.084010,314.957788,15.100727,4.228972,-0.634029,-0.987131
1323,12253,99.013792,-0.576801,-3.800632,-197.989926,-2.141166,-870.354831,-2.575898,260.277064,75.971256,4.990001,0.919713,-1.012550
1323,12254,191.363120,0.022209,-2.899697,37.347691,-1.650354,-400.692578,-3.017617,316.479215,-26.166845,3.797489,1.289789,-0.858253
1323,12255,195.248354,-0.472998,-4.008684,79.113892,-3.489006,-639.234759,-3.734078,194.472877,96.640733,4.701836,0.946668,0.387920
1323,12256,199.361561,0.403392,-3.983646,185.704063,-4.064446,-831.696927,-2.401676,363.873038,-184.367425,3.432855,0.766443,-3.335632
1323,12257,201.869175,-0.343997,-2.956505,271.097861,-3.004963,-1171.154748,1.022972,126.688108,-13.946619,4.555487,1.124056,-0.403788
1323,12258,116.305197,-0.956253,-2.259004,-142.756103,-2.927419,128.525445,-1.507678,352.573047,109.904503,3.405935,0.834706,0.794011
1324,12259,149.506542,-0.717455,-3.171247,25.302577,-3.549119,-562.956469,-3.771205,272.064294,113.971959,4.887643,0.678521,-1.088633
1324,12260,122.412215,-0.328562,-2.386495,130.917173,-5.269101,-974.417012,-1.807666,166.559700,101.465000,4.446980,-0.374297,-1.315151
1324,12261,98.486998,-1.153626,-3.232984,-203.730721,-2.705401,11.770441,-4.192528,335.748378,429.508662,5.438224,-0.374512,-0.808729
1324,12262,57.040307,0.507373,-3.281879,317.256247,-3.902146,190.306422,-3.295186,245.269756,139.263674,3.814416,1.705136,-0.230634
1324,12263,226.497210,0.099668,-2.035607,343.283924,-2.761367,-1406.850451,-1.724674,124.397965,196.672905,2.621562,0.532154,0.246968
1324,12264,183.906338,0.730886,-2.772777,59.240834,-2.063721,-1562.525351,-2.604647,205.583986,-28.721057,4.237240,0.190726,-0.236676
1324,12265,209.491074,0.938532,-2.031313,659.474507,-2.677918,171.795072,-3.580126,294.480018,-26.050435,3.775625,1.661896,0.310037
1324,12266,231.823111,-0.048535,-1.014937,189.327852,-4.054088,-119.778398,-0.457433,418.047602,-124.247630,3.958083,0.873096,-1.953248
1324,12267,56.194294,-0.757755,-2.305978,190.023543,-2.616235,-1332.003892,-4.340896,30.142092,-7.550810,4.501704,0.599917,-2.718721
1324,12268,292.944749,0.027728,-4.944504,364.780695,-1.248573,-93.119426,-2.699501,286.876180,93.147549,4.817413,0.266112,0.365842
1325,12269,3.591046,-1.633221,-1.221307,1.152037,-0.498149,-1.711564,-2.675148,2.962374,-0.296448,3.470516,0.332882,1.590479
1325,12270,1.549469,-0.833084,-0.607283,0.594154,-0.070115,0.167283,0.927854,3.220027,-0.361512,2.933600,1.105206,-2.496710
1325,12271,1.897453,-2.958634,-2.721081,1.780064,-2.024791,-0.821559,-1.442508,3.474283,0.797809,2.120933,1.334316,-2.179929
1325,12272,1.794450,-3.644617,-2.997688,0.505923,-0.183694,-5.481982,-0.920960,2.078235,-0.545136,2.687453,0.297827,-0.490408
1325,12273,3.252058,-1.240295,-2.337708,2.974514,-0.901788,-1.567657,-3.032255,0.444335,0.088526,3.050954,1.437831,-1.175964
1325,12274,3.465121,-3.217593,-2.771787,1.757561,1.195471,-3.715274,-2.029280,2.525339,-0.730737,3.367966,1.599376,-2.454134
1325,12275,2.518184,-1.868951,-3.789929,0.873821,0.107831,-1.904826,-3.555961,0.760334,1.924406,3.036185,0.572611,0.175025
1325,12276,-0.953539,-2.800033,-1.712503,3.302553,-1.240970,-2.819899,-1.348893,1.370711,0.268495,2.580197,1.455324,-1.265292
1325,12277,2.742827,-2.063722,-2.835055,1.594891,-1.058940,-2.429500,-1.743544,1.785584,1.886462,2.880968,0.960056,0.526927
1325,12278,1.319375,-1.365233,0.144619,1.853372,-0.305538,-0.436619,-6.013484,1.246427,0.041145,4.652645,0.654473,-1.246808
1326,12279,173.849665,-0.912355,-2.294314,14.785807,-3.663854,-605.664780,-3.433899,198.121564,171.236309,3.983422,0.504217,0.023491
1326,12280,236.853533,-1.083095,-2.310405,18.888468,-3.608308,-485.663743,-1.172058,348.990874,-177.549404,3.910657,0.578627,-0.265889
1326,12281,231.583124,-0.889600,-1.605884,43.778123,-4.742626,-1200.423155,-0.978165,285.003761,-143.044640,3.501741,0.416985,0.095371
1326,12282,117.963719,-0.476668,-1.452149,217.951207,-2.285835,-1309.537399,-1.211155,253.837036,-192.348914,4.355873,0.870263,2.195280
1326,12283,184.051357,0.858682,-4.895744,-110.490740,-4.817502,-219.470736,-1.477514,215.765267,96.968265,2.549937,1.496058,-2.113412
1326,12284,110.592167,-0.582377,-4.140201,247.291530,-2.360492,-705.982791,-2.005580,371.087241,47.157493,4.763718,1.398147,0.986794
1326,12285,129.456590,-0.378995,-3.211822,873.161250,-2.184788,-546.414874,-3.874351,102.702970,50.247787,4.508985,0.396101,-0.653419
1326,12286,120.580879,0.005491,-3.633796,-218.831242,-2.658372,-216.244554,-2.111480,420.273772,45.994505,4.853681,-0.189007,0.798611
1326,12287,321.215927,0.084221,-4.247427,-307.019131,-3.148436,-274.945256,-1.699110,187.859265,87.499864,4.755462,1.009902,-0.202827
1326,12288,147.886117,0.219596,-0.289867,-95.884273,-2.946132,11.089913,-1.182281,322.855681,73.476198,4.579226,0.443013,0.142764
1327,12289,307.644698,-0.515469,-3.583443,-121.321267,-3.580529,-211.207741,0.720775,273.735634,161.035138,2.985997,1.035795,-0.342496
1327,12290,142.062426,0.318981,-2.103261,234.184457,-3.212700,-175.363357,-2.384542,266.902273,16.769413,3.930079,1.327729,1.593125
1327,12291,191.646535,-0.182461,-2.359475,43.036800,-2.618950,-631.912691,-0.034110,189.330008,138.265910,4.178410,1.549241,-0.038924
1327,12292,145.532561,-0.018326,-2.603298,200.853453,-3.092181,-485.332127,-2.605917,264.272740,-181.067741,4.802042,1.812235,-1.095647
1327,12293,320.851797,-0.108526,-4.409240,126.964605,-2.064424,-402.025386,-2.826648,108.936768,-169.177445,4.136880,0.866847,-2.374223
1327,12294,238.308196,0.742937,-3.454033,219.075057,-4.542752,335.377322,-1.398005,190.869312,208.544904,4.375471,0.771604,0.996589
1327,12295,207.308400,-0.726164,-4.103464,263.093990,-1.272908,-155.968676,-0.791551,144.917988,182.139825,3.260432,1.454379,1.836230
1327,12296,59.799951,0.651318,-3.536134,-161.146573,-2.923446,-856.664069,-3.740898,169.730526,109.995112,4.471435,0.377645,-0.880328
1327,12297,153.391354,0.047222,-4.100603,273.202450,-2.347098,-635.207557,-2.345852,431.428116,86.539325,4.531763,0.968190,1.887941
1327,12298,163.748692,-0.226311,-2.926371,62.846751,-3.921637,-473.577327,-2.254385,279.776903,51.032197,4.179638,1.173010,-1.649479
1328,12299,3.442803,-1.119568,-3.437719,0.419977,-1.213949,-0.872502,-2.423530,3.481095,0.249515,3.040832,1.367468,0.284844
1328,12300,2.923825,0.491381,-2.860923,-1.516192,-1.250075,-3.111692,-2.635494,0.089190,1.248052,1.823725,1.641683,-3.763238
1328,12301,1.710958,-1.902559,-1.878314,-1.030090,-1.526452,1.048721,-2.245723,1.330768,0.968078,3.175194,1.028608,-1.734461
1328,12302,2.533396,-2.446023,-2.405235,1.133875,-0.249817,-4.220072,-3.821004,2.265251,-0.334165,2.873497,0.957005,-1.159866
1328,12303,1.245310,-2.400037,-2.545502,0.949241,-0.019988,-3.460757,-2.166875,1.679232,-0.611667,3.364268,1.744486,-1.909891
1328,12304,2.916164,-2.895628,-2.196997,-1.326199,1.355175,-0.274045,-1.544708,2.584633,0.850060,3.721583,1.762578,-0.705674
1328,12305,5.004218,-1.688115,-2.181566,1.889051,0.364992,-4.215644,-3.435006,3.534149,0.002870,3.510853,0.706583,-0.834831
1329,12306,202.623973,-0.817454,-4.076301,-198.831136,-2.455034,-814.799921,-0.649462,235.692809,239.674294,3.914287,1.648319,-1.277612
1329,12307,390.425354,0.725057,-4.639763,239.686547,-3.098337,-189.144176,-3.475985,166.183396,-142.343811,3.639120,-0.090302,-0.221772
1329,12308,95.074442,0.141987,-2.272676,-110.240690,-3.439388,-898.503740,-3.757059,272.087333,110.761624,4.239960,0.748124,-0.359432
1329,12309,189.332416,0.734632,-3.818885,-453.505166,-2.081532,-639.715444,-2.262108,204.187160,75.350546,4.371596,0.603894,0.199523
1329,12310,188.171142,-0.184132,-3.680271,-122.144173,-2.891087,-1176.686452,-1.278018,373.934614,20.981977,4.082759,0.989776,0.886921
1329,12311,154.589260,0.333892,-3.234757,217.263083,-1.903281,-1193.584769,-4.255153,212.397296,219.580186,4.796182,1.152099,0.001429
1329,12312,241.281308,-0.788341,-3.151078,224.336617,-3.338482,-996.970113,-2.846102,235.291405,152.560257,4.851407,1.252900,-0.325261
1330,12313,208.381355,-2.081113,-2.632066,194.710864,-2.492266,-943.434520,-3.364869,195.672289,105.251838,3.849362,0.985795,1.198708
1330,12314,203.098799,0.453694,-2.078300,615.374984,-4.955129,-277.889523,-2.127619,307.833646,146.099919,4.459556,0.314801,0.816276
1330,12315,305.942028,0.813520,-1.486238,287.655535,-3.370153,-1507.192445,-1.826797,279.317783,214.404974,3.668471,0.787999,-0.065578
1330,12316,111.937323,1.395019,-3.156133,251.362382,-2.847081,-1.518930,-7.041968,358.041403,114.236258,4.290115,0.621773,-0.133321
1330,12317,241.095885,0.270266,-3.572938,-409.319172,-2.304076,-777.895492,-2.474515,172.608797,212.963085,4.749550,0.582486,1.610529
1330,12318,204.027304,-0.671415,-4.186992,210.459779,-3.645717,-726.578667,-3.703464,289.055662,148.663791,3.659628,0.120077,-0.708075
1330,12319,124.406650,-0.928881,-2.719417,479.908950,-3.282005,-241.747627,-2.859526,472.698799,32.858086,4.616763,0.831582,0.364334
1330,12320,242.980943,0.405676,-4.096778,403.666344,-3.400859,-213.352848,-1.708182,100.865116,71.025782,4.812616,1.132993,-0.097707
1330,12321,267.529983,0.497185,-2.231002,409.064217,-4.183549,-1048.438748,-2.778310,243.364302,95.491647,3.977237,1.156804,-0.184661
1330,12322,172.732085,-0.235828,-2.169209,-146.031691,-4.473713,-697.154088,-1.165491,211.979982,230.397185,4.550759,1.740467,-0.063608
1331,12323,62.142714,0.241374,-3.002606,74.225467,-4.031123,-328.030440,-1.128152,247.202574,292.944141,4.253921,1.305081,-0.474497
1331,12324,140.641633,-0.581600,-1.777086,-78.854572,-3.166948,-559.375669,-2.756781,132.036573,133.633783,3.633259,0.428312,1.932039
1331,12325,152.510408,-0.295521,-2.343069,702.457984,-3.487454,-492.622622,-3.713380,220.185542,132.317412,3.184669,1.289035,-0.211273
1331,12326,166.313771,-0.807460,-2.169428,-53.721341,-2.652999,-329.531612,-2.752696,233.258778,267.490576,4.907310,0.520046,1.469899
1331,12327,124.268813,-2.055167,-4.844565,-489.066378,-2.710371,-921.256533,-1.059675,197.895747,239.451113,3.975324,0.623129,-0.538363
1331,12328,133.777501,1.332533,-3.459829,-175.589870,-5.930187,-281.247647,-3.152507,359.575148,-106.304918,4.002934,1.142664,0.540810
1331,12329,113.954427,-0.227400,-0.999995,-29.055582,-3.342670,-992.704232,-3.097907,249.597845,368.283475,3.691080,1.142942,0.423815
1331,12330,131.119622,-0.080467,-4.350841,84.311227,-2.943879,-599.296086,-2.011108,330.650938,73.030299,4.856675,1.286277,1.001703
1331,12331,95.523612,-0.354681,-2.203379,88.186920,-3.651915,-176.668235,-2.917472,273.720861,-60.072269,5.079727,0.501353,0.162725
1331,12332,157.468460,0.360683,-3.495117,165.612421,-2.337227,-426.121470,-1.373615,266.040142,145.369051,4.039294,-0.013087,1.209581
1332,12333,183.677233,0.807034,-3.352577,-371.981487,-2.599436,-468.832783,-4.467018,354.314350,53.390242,4.170234,1.028757,0.238557
1332,12334,218.652426,-0.088959,-3.528132,58.615389,-3.016844,-892.330302,-4.767820,335.731214,12.048473,3.727860,2.066581,0.300780
1332,12335,169.164262,0.630575,-2.676036,106.042885,-2.562486,-225.120008,-2.546382,234.511816,127.022355,3.318096,1.693074,-1.274284
1332,12336,176.514169,0.465326,0.195906,9.169420,-2.821552,-261.742288,-4.328607,277.269920,24.937425,4.802449,1.140919,-1.086716
1332,12337,181.169094,-0.059275,-1.965534,121.102757,-3.640923,-695.218512,-2.692226,263.891426,-54.903345,4.174735,1.148409,-0.191463
1332,12338,36.959230,0.140067,-3.520505,-36.755004,-2.496573,-753.891073,-2.968100,334.555738,39.899624,4.727777,1.888237,-2.207698
1332,12339,214.003741,-0.791171,-2.308691,0.644734,-4.148487,128.188961,-1.526881,466.942537,120.976128,4.548296,0.706393,0.142912
1332,12340,244.813270,0.318786,-1.469233,172.912821,-2.884696,-846.038120,-4.227576,470.863857,108.264747,5.676099,0.081815,0.631621
1332,12341,169.697204,-0.148104,-2.680297,40.383555,-4.237634,-540.334567,-2.017376,389.665801,128.168588,5.132476,1.199943,-0.355428
1332,12342,133.667086,-0.663266,-2.504065,-427.714868,-3.807735,-346.584793,-4.034131,433.335648,137.190741,4.910682,1.111568,-1.434269
1333,12343,200.672779,-0.152420,-2.873533,63.139597,-4.409571,-732.214056,-2.796395,334.267776,-110.501315,3.925105,0.871508,-1.824999
1333,12344,220.031548,-0.535998,-2.505041,368.175096,-2.530160,-562.071175,-0.535830,161.186603,229.854851,4.488171,0.957140,-0.698729
1333,12345,90.615293,-0.630823,-2.366614,372.923472,-4.389138,-411.675083,-1.852654,384.127804,46.397861,5.663877,0.785128,1.386743
1333,12346,106.243362,1.317031,-1.333897,100.057565,-3.001662,-725.898720,-3.850847,463.645945,247.857513,4.678960,-0.212142,-0.855198
1333,12347,215.735504,-0.168833,-4.097357,7.488841,-1.844366,-444.807623,0.467675,214.435644,-30.212680,4.261669,0.734596,-0.856980
1333,12348,246.563392,-0.199480,-3.208351,325.875454,-3.439439,-438.023727,-3.889260,262.068134,43.664514,4.462984,1.201149,2.208690
1333,12349,388.616286,0.612509,-4.164623,63.605248,-2.578326,-667.007760,-3.100895,-50.560596,198.122668,3.589462,0.939570,-2.520602
1333,12350,168.803912,-0.001505,-3.279181,211.715240,-3.573233,-720.842378,-1.922455,200.304388,135.604103,3.649039,0.569167,-0.900160
1333,12351,212.763435,0.165786,-2.821149,145.073307,-4.020729,-1247.183120,-3.359020,365.959611,24.226168,3.619377,0.968227,1.464854
1333,12352,204.363405,-0.818078,-1.183278,127.949746,-3.259473,-340.729952,-4.838134,199.069190,8.243033,5.208784,0.990380,0.535010
1334,12353,3.276978,-2.678877,-0.371987,3.633479,-0.647156,-1.137865,-2.907723,2.325540,0.503519,3.346254,1.567400,-1.796783
1334,12354,4.237354,-1.896702,-2.230306,0.892729,0.093593,-2.901617,-2.512825,1.258143,0.505052,2.689642,1.078342,-0.720605
1334,12355,2.855339,-1.491214,-4.477382,0.973359,-1.152080,-3.363812,-3.543746,1.685374,0.613265,2.895144,2.060892,-0.507815
1334,12356,1.876544,-2.881866,-2.537431,0.949533,-0.115786,-1.304342,-1.809998,1.681497,1.106499,2.689435,0.927067,-2.725106
1334,12357,3.004221,-2.372922,-2.085455,-0.081833,-0.895253,-2.781039,-2.217828,1.276175,1.446495,2.454935,0.221731,-1.478077
1334,12358,2.762997,-2.773373,-1.982996,0.457566,-1.490973,-0.029861,-2.248100,3.142398,1.031196,3.324000,0.817759,-0.537166
1334,12359,3.725747,-1.661610,-2.886341,-1.404580,-0.123299,-3.433506,-1.117525,3.320218,0.882399,1.228256,0.243412,-2.352235
1334,12360,0.506051,-2.393340,-0.464408,3.414260,-1.022989,-4.049311,0.061203,0.867149,1.878743,2.335681,0.589004,-0.713018
1334,12361,1.061473,-3.099669,-2.852493,-0.929906,-0.656087,-3.685784,0.111962,0.720851,0.311915,2.141200,0.891546,-2.075867
1334,12362,2.765289,-1.405773,-2.177079,1.618927,-1.038776,-1.840933,-1.288709,3.257107,0.730918,1.736092,0.747922,-0.064108
1335,12363,0.268603,-2.157961,-2.251491,1.245815,-0.275545,-3.741123,-1.696286,2.421584,0.663384,3.421507,1.676949,-1.552891
1335,12364,2.411205,-3.319527,-3.135239,2.973471,-0.644580,-4.529464,-1.095730,2.720098,0.957008,3.567648,1.713413,-2.126972
1335,12365,2.003846,-2.085500,-1.193018,-2.381025,-0.957341,-1.959774,-2.815385,2.388049,1.191239,2.977450,1.311028,-1.382426
1335,12366,1.908219,-2.280182,-1.585859,2.150807,-1.078168,-1.125641,-2.388403,1.469003,-0.497580,2.507534,1.825915,-0.763815
1335,12367,2.073860,-2.129922,-2.957887,1.427093,-1.141093,-4.045242,-2.139050,3.531398,-0.136174,2.901895,0.884770,-0.153392
1335,12368,1.508248,-2.784308,-2.299528,1.803660,0.404321,-4.518510,-3.945947,1.788476,0.531554,2.355768,0.030036,-1.267069
1335,12369,1.743208,-0.437136,-2.157206,0.311765,-1.376940,-4.617062,-0.944007,2.203928,1.372042,3.894933,0.776573,0.250876
1335,12370,3.724170,-1.329992,-2.394963,0.757082,1.032729,-2.226889,-4.780092,2.675517,-0.098402,3.115606,0.992094,-1.463498
1335,12371,2.954311,-2.897444,-1.955177,-2.351602,-0.996755,-2.364964,-1.548897,1.689918,0.066169,3.623907,0.596036,-1.792454
1335,12372,1.374574,-3.223911,-1.903297,-0.003929,-0.603066,-4.717291,-1.213017,1.635279,-0.579392,2.857946,0.942878,-0.930676
1336,12373,82.443514,-0.913333,-3.333827,392.068301,-4.240814,-1191.411575,-2.972904,144.250449,100.152906,3.860121,-0.066328,0.822004
1336,12374,155.804188,-0.073309,-0.731733,42.863287,-3.812751,-815.202278,-2.413412,-43.306433,195.922502,4.234000,1.350133,-0.901297
1336,12375,219.246064,-0.412925,-3.776716,271.149672,-2.768032,-1425.464107,-3.215285,226.717339,181.012682,4.858150,0.809428,-0.217489
1336,12376,247.689896,-0.884728,-2.192632,-87.919445,-2.179227,-134.082014,-2.610110,45.317506,-108.316770,4.237085,0.849322,-2.319255
1336,12377,211.041734,0.253153,-2.195319,-341.223586,-2.540359,-812.622286,-3.817410,275.073015,62.213879,4.766232,1.107038,0.521355
1336,12378,152.770770,-0.023994,-2.268823,-7.038222,-4.659410,-882.424929,-1.383175,242.608033,35.833347,3.866078,0.762500,-0.335307
1336,12379,104.896035,0.156705,-3.560566,166.924944,-3.557976,-706.499248,-1.708356,350.348660,-23.254376,4.029403,0.301525,1.635715
1337,12380,97.313878,0.140921,-3.896398,-88.181325,-2.901421,-709.176778,-2.751376,284.501439,101.971303,3.630370,1.067293,-0.988580
1337,12381,221.707895,-0.716990,-4.449978,290.936294,-2.662353,-580.405802,-1.996991,162.994699,307.403770,4.265738,0.652723,-0.296033
1337,12382,201.734654,0.718751,-2.388817,481.172970,-3.896848,-1108.729499,0.105257,306.867590,318.842861,4.632962,0.995002,-0.780754
1337,12383,112.190504,0.253857,-2.298575,95.955160,-2.781479,-986.731381,-2.378199,402.841031,157.037607,4.549221,1.271820,0.156845
1337,12384,170.884881,-0.490790,-3.046931,72.854922,-2.367552,-1225.646653,-0.561329,232.409676,34.522385,4.592896,1.184771,-1.013323
1337,12385,280.000400,0.047281,-2.973025,493.316009,-4.563863,-1124.498985,-2.608009,223.888332,-147.610850,3.450116,1.287894,-1.667425
1337,12386,137.153753,0.167325,-3.707893,32.813471,-4.546973,-104.031650,-2.526525,437.097187,-36.581353,4.432160,1.147543,-1.294330
1337,12387,151.623365,0.388538,-2.224983,360.145752,-1.989905,-924.469378,-1.814665,360.676615,80.975961,4.322229,0.644456,-0.512444
1337,12388,214.961222,-0.644550,-2.632324,-200.005758,-3.363638,-755.887828,-1.210690,246.101499,253.303795,4.011239,1.216611,-0.438234
1337,12389,209.903183,0.335035,-4.812245,-25.269782,-3.092066,-1145.271930,-3.183897,244.537113,139.709643,3.553798,0.904580,-0.475647
1338,12390,3.641081,-1.921061,-3.532130,0.009879,0.596136,-4.175111,-3.374693,4.129594,-0.348220,2.728156,1.573978,-1.547842
1338,12391,2.140283,-2.341510,-2.941396,0.205338,-1.176101,0.645569,-4.768285,1.977957,0.598069,2.399126,1.042043,-0.669359
1338,12392,1.381925,-3.448693,-1.773704,-0.303632,0.880782,-6.161342,-2.975867,0.751779,0.362467,2.761845,1.262234,-1.388422
1338,12393,1.261753,-2.801710,-0.834581,1.435882,-2.030196,-1.889283,-3.422500,2.108699,0.969540,4.048524,0.647908,-0.327738
1338,12394,1.569165,-1.677146,-2.614712,0.695081,-0.045303,-7.022234,-1.122817,4.022001,1.187078,2.250571,0.269789,-3.758176
1338,12395,3.419008,-1.860515,-0.727788,2.706722,-0.894004,-5.123329,-5.317706,2.281045,1.456023,1.702056,0.680462,0.680403
1338,12396,0.526148,-0.866377,-1.096921,0.164433,-0.674382,-2.462395,-1.623987,1.921085,0.732539,1.553210,1.104366,-2.403268
1338,12397,4.009926,-1.748193,-0.371082,3.916435,-0.482161,-2.761091,-1.794920,1.733799,0.500307,2.275779,0.845972,-2.929056
1338,12398,1.651468,-3.281267,-4.181970,0.273949,0.838749,-3.844378,-2.686901,1.938805,0.327718,2.656743,0.767577,-2.367742
1338,12399,1.710683,-2.641593,-1.042394,-0.512763,-1.468618,-1.842929,-2.935472,3.136958,0.030068,3.883116,0.656426,-2.023232
1339,12400,3.366430,-2.276853,-1.648840,-2.195705,-1.340646,-1.752596,-0.482933,1.113531,-0.145745,2.373368,1.139440,-1.413743
1339,12401,3.162469,-1.897021,-1.360858,0.736998,-0.926787,-2.093523,-1.930664,1.298292,0.679721,3.125008,0.970453,-0.278253
1339,12402,1.485685,-1.148240,-1.337762,0.823397,-0.267573,-0.779013,-3.128143,1.311711,0.777168,4.206840,0.739106,-1.329571
1339,12403,2.477186,-2.749770,-2.261181,0.589474,-0.986530,-3.083389,-1.616640,0.726055,0.081072,2.902748,1.147281,-1.619739
1339,12404,3.058831,-1.949389,-3.151492,-0.289864,-1.263926,-4.383776,-0.794821,1.036919,1.528273,2.601697,0.965471,0.929598
1339,12405,1.749169,-2.281428,-2.272962,1.310106,-0.309866,-4.900996,-1.726936,3.082329,0.975559,3.381178,1.820775,-1.832187
1339,12406,3.023666,-2.628886,-0.311709,-0.995364,-2.526770,-2.185219,-2.638415,2.414651,0.346885,3.753161,1.250725,-0.348932
1339,12407,3.926137,-1.964993,-3.159497,-2.375737,0.272978,-0.472481,-2.137641,0.936355,0.249830,4.067062,1.880257,-2.645451
1339,12408,1.225787,-1.261718,-1.229951,0.581346,0.408149,-2.174001,-3.564287,2.164311,1.625796,2.720658,1.175725,1.420371
1339,12409,1.711049,-1.491318,-1.931625,2.725251,-1.092693,-0.325118,-1.851389,1.258254,-0.215300,3.129102,-0.675849,-1.524997
1340,12410,52.351662,-0.705019,-3.861156,-85.797713,-2.710062,-647.913296,-4.204871,109.681275,165.545789,4.267315,0.911529,0.741360
1340,12411,154.389904,-0.367694,-1.829828,291.296867,-3.217295,-1040.361623,-1.193760,284.726326,126.534443,5.440439,1.351563,1.496957
1340,12412,185.060549,-0.075865,-3.933925,250.060904,-1.922176,-272.288395,-3.867976,321.756499,349.095479,3.961756,1.648035,-1.919795
1340,12413,199.891705,-1.453477,-2.840034,-61.835625,-2.786564,-208.362251,-1.317287,240.176880,243.167327,4.192682,0.567661,3.477278
1340,12414,150.714882,0.137586,-4.232749,415.276905,-3.978376,-776.463513,0.244424,160.828354,115.337769,4.667998,0.433691,-0.049273
1340,12415,200.187206,0.626649,-2.075335,19.563419,-3.659207,-588.633940,-1.888177,281.295547,217.322424,3.369841,1.524068,-2.456402
1340,12416,226.561934,0.382817,-3.077257,-146.111910,-2.586142,-396.441939,0.044901,236.712259,109.963931,4.603072,1.452755,-0.712855
1340,12417,146.085509,-0.564969,-3.211735,145.579510,-3.341227,-1508.302034,-4.289146,202.194984,172.891748,4.441797,0.087341,-1.935404
1340,12418,115.828339,-0.648011,-3.261675,227.468576,-3.730927,-511.352372,-1.147233,310.739161,56.547434,4.716329,0.724109,-0.466668
1340,12419,189.517747,-0.802213,-4.040801,-101.751407,-3.236650,86.594195,-0.319143,371.986751,226.375866,4.467887,0.488428,-0.724537
1341,12420,2.154801,-2.751629,-3.121926,-0.586646,0.470536,-2.708638,-0.540633,2.890138,0.005710,3.267958,1.134813,-1.213066
1341,12421,4.216397,-1.788193,-2.592082,0.277861,-1.111541,-4.837954,-1.560123,2.231617,-0.277459,3.170839,0.896324,-1.261651
1341,12422,1.518123,-1.506270,-2.476154,-0.445222,0.032110,-2.665963,-2.215395,2.757212,-0.088225,3.064609,1.255871,1.568548
1341,12423,4.212376,-1.427811,-2.070956,-0.076983,-2.058400,-2.384090,-2.516708,1.805047,0.073059,3.744947,1.677031,-1.744144
1341,12424,2.046252,-2.186675,-2.441431,-3.472484,-1.931280,-3.410201,0.118507,2.966154,-0.029167,2.694925,1.177793,-1.298365
1341,12425,2.737190,-2.842218,-2.566133,-0.142738,-1.582674,-3.084191,0.102967,2.427257,0.631815,3.248400,0.005312,-2.103456
1341,12426,2.670870,-2.315589,-2.657294,-1.604191,0.265358,-2.545367,-3.263999,2.050827,0.128420,1.974177,0.701384,-0.145886
1341,12427,1.757941,-1.797696,-0.979466,2.559738,-0.054637,-2.789447,-0.436302,0.556569,-0.406817,2.146478,2.093634,0.648538
1341,12428,1.768189,-2.208888,-1.543870,3.182010,-1.268451,-1.948999,-3.919374,0.893236,0.709967,2.905343,0.360488,-1.135586
1341,12429,2.339036,-2.298511,-1.558695,-2.331988,-1.589299,-2.576052,-1.451972,0.386292,0.589896,3.003422,0.452355,1.434689
1342,12430,1.861803,-1.466054,-1.290142,2.315986,-1.287876,-1.640686,-2.244538,2.230281,1.140428,3.474858,0.422698,-0.961291
1342,12431,1.150823,-2.132709,-3.263102,0.257428,-0.635620,-1.450007,-4.065940,1.728404,1.042517,3.137649,1.095783,-1.988074
1342,12432,1.372597,-1.316553,-0.559196,0.256996,-0.949357,-5.136130,-2.376520,2.710101,0.494256,3.079661,1.466623,-0.481536
1342,12433,3.687622,-2.217932,-2.237458,2.667195,1.514210,-2.916284,-2.644819,1.384711,1.026986,2.474169,1.450328,-1.147973
1342,12434,1.126061,-1.563083,-2.869682,2.606035,-0.583226,-2.562927,-2.332132,2.242678,1.034102,2.830983,1.648653,-0.465066
1342,12435,2.381768,-1.567745,-1.703758,2.523997,-1.913251,-2.691145,-3.096739,2.741508,0.867141,2.528747,1.729111,-1.906943
1342,12436,1.710947,-0.741347,-2.264966,0.171504,-1.236651,-1.999554,-1.521951,3.113275,0.092265,3.400993,0.960911,-2.889971
1342,12437,1.773415,-2.320009,-2.972706,1.407557,-1.033112,-0.188745,-0.687578,2.301602,1.658557,2.775209,2.405222,-1.644217
1342,12438,2.833927,-0.260018,-3.383461,3.491492,-0.709855,-3.272260,-1.744828,1.963908,0.525314,2.154307,1.507867,-2.568134
1342,12439,1.583097,-2.590210,-1.031446,-1.913855,-0.377348,-4.040179,-2.087911,2.528406,1.852317,3.022367,0.414311,0.809609
1343,12440,2.795340,-1.992524,-3.273992,-0.983981,0.059228,-3.689604,-3.425335,2.353182,0.680705,2.699464,1.882150,1.811069
1343,12441,4.182489,-1.156640,-2.815400,1.625606,-2.269577,-3.065445,-3.788924,3.226826,0.123444,1.939337,0.485108,-1.947679
1343,12442,3.506765,-2.217229,-0.858984,0.459909,-0.384329,-3.564533,-2.641195,2.804162,-0.925095,3.651979,0.224671,-1.412358
1343,12443,2.722939,-1.557353,-1.445076,2.333083,-0.630306,0.930895,-1.215855,2.206996,0.073571,3.438863,2.031271,-1.591535
1343,12444,3.095064,-1.957099,-2.186343,3.258997,0.277786,-4.268518,-1.810413,1.224851,2.109163,2.902027,1.468452,-0.393760
1343,12445,3.281864,-2.213623,-1.085062,1.015899,-1.482216,-2.212450,-1.428257,1.723289,0.069065,3.828651,0.487931,-1.599508
1343,12446,2.742002,-1.498763,-0.510757,-0.073231,-1.083228,-6.330459,-3.122452,1.652576,0.476180,3.023620,1.080275,-1.188385
1344,12447,1.254806,-1.865678,-0.798280,-1.996306,-0.741223,-1.060264,-0.119292,1.024566,0.115915,2.196846,0.938356,-1.201837
1344,12448,1.860506,-3.168755,-0.764810,-0.483339,-1.208130,-3.107189,0.121638,3.026474,1.043174,3.481796,0.638450,-1.318449
1344,12449,1.832190,-2.479185,-2.643974,-0.417928,-0.942517,-2.026207,-2.025428,2.027786,0.248471,2.936420,0.216748,-1.244280
1344,12450,1.865158,-2.541055,-2.035199,-0.333880,-0.175366,-0.068770,-3.537412,2.610168,-0.111384,3.362592,1.606074,-0.319194
1344,12451,2.298754,-0.849955,-4.255581,1.110076,-0.537102,-3.836774,-2.196828,4.198320,-0.119480,3.020894,1.742487,-1.355052
1344,12452,3.760177,-2.254124,-1.071306,-2.739864,-2.004643,-1.185361,-1.515945,2.459151,0.518033,2.891874,1.585134,0.535199
1344,12453,1.661902,-2.556768,-0.590373,0.985202,-1.856407,-2.626907,-1.351622,2.426843,-0.161686,2.888583,1.630056,-2.533183
1345,12454,170.029022,-0.251717,0.619127,-528.713186,-3.630170,-296.070621,-1.714218,141.925968,36.352462,2.315669,0.065574,0.699808
1345,12455,142.464493,-1.483452,-3.329087,-168.007336,-3.543896,-266.551290,-0.740654,296.137865,-65.946754,4.103665,0.902752,-2.209451
1345,12456,152.468077,-0.014071,-3.052632,265.316372,-3.169799,-314.284738,-1.728260,159.217178,198.257568,5.147257,0.535232,-0.295018
1345,12457,150.608034,0.020513,-2.821472,2.715677,-2.983895,-262.766867,-2.336376,339.579667,112.112444,4.279691,-0.411463,1.589092
1345,12458,205.994781,1.113624,-2.610848,134.175897,-3.332624,-706.316432,-1.494866,358.326183,276.306405,4.459817,0.349521,-0.498318
1345,12459,216.676492,-0.022060,-3.431122,131.300213,-3.697306,326.766915,-2.265276,166.344245,149.825548,4.378890,0.969488,1.571483
1345,12460,124.579114,-1.521969,-3.820678,205.106019,-3.771704,-346.762039,-3.040819,192.654672,-6.277680,5.580129,0.488799,1.512904
1345,12461,177.109562,-0.549554,-2.063045,-18.498235,-4.451480,-14.477094,-0.803356,251.499425,69.290662,3.644642,1.075472,-1.171045
1345,12462,177.615557,-0.551783,-2.693430,205.184953,-2.546817,-744.626323,-2.940366,158.983210,81.864343,4.115377,1.653057,0.104602
1345,12463,213.265454,1.094765,-2.845330,438.609692,-3.892880,-517.939300,-3.582415,387.053514,62.575132,3.954837,0.270997,-0.404524
1346,12464,227.098782,-0.197802,-1.912115,-353.672158,-3.706588,-371.135394,-5.910342,498.758893,84.664647,4.225524,1.536225,-0.652569
1346,12465,230.948648,0.292361,-3.238725,188.697123,-2.246831,-610.023115,-2.815064,241.384175,61.106777,4.105957,1.181389,-0.304102
1346,12466,55.890112,-0.197433,-3.177014,-594.337758,-1.828422,-632.040498,-5.688908,193.518457,242.323001,4.711438,0.413316,1.264396
1346,12467,232.333253,0.360777,-4.842327,139.301498,-2.915079,-361.061265,-2.023176,273.722253,134.654293,4.688660,0.610881,1.652757
1346,12468,75.376645,0.017451,-4.687376,105.001810,-2.269644,-343.359691,-3.588637,281.699920,180.066202,4.039643,0.840853,-3.262170
1346,12469,92.949321,1.134998,-2.295485,356.455206,-3.132830,-738.407214,-4.151779,408.784766,-21.650589,5.109338,1.155698,-1.427804
1346,12470,242.922624,0.360405,-3.307810,416.757943,-4.136735,-185.262848,-2.531266,182.268871,233.140786,3.856540,1.400245,-0.913351
1347,12471,-0.640231,-1.786917,-1.784229,0.864681,-0.121924,-2.087851,-2.726172,2.899302,0.379064,3.941477,1.005388,-1.150979
1347,12472,1.265174,-2.823540,-1.201889,-0.097515,-1.203886,-2.504684,-4.345655,1.269009,0.183296,3.501518,0.881125,-2.173252
1347,12473,3.153228,-0.305338,-0.627729,4.300345,-0.024026,-0.991588,-3.914589,1.410363,0.283464,3.291601,1.620755,-1.267039
1347,12474,3.805950,-1.914758,-1.252625,0.294896,-0.433772,-5.133794,-2.584902,1.494662,0.623565,2.523027,1.785767,-0.517461
1347,12475,2.627135,-2.374254,-3.126558,-0.094651,-2.570064,-0.244371,-2.322724,0.410948,-0.273808,2.873794,1.246768,-2.484579
1347,12476,2.624661,-2.224192,-1.558968,1.484611,-0.991149,-4.471679,-1.411378,2.692329,0.658976,3.402578,0.933131,-0.898886
1347,12477,2.114256,-1.868005,-0.749137,-1.911150,-2.111686,-1.700612,-3.736193,1.284333,1.313057,2.255418,1.110960,1.036392
1347,12478,3.074886,-0.459803,-1.304127,1.512309,-1.159880,-2.737990,-2.061114,2.495150,-0.707396,3.134806,0.987268,-3.493635
1347,12479,1.105537,-1.073106,-3.221719,0.157381,-0.989399,-3.605294,-2.875390,1.716798,1.272030,2.024811,0.579583,-0.373308
1347,12480,2.412948,-1.240510,-1.142404,1.161714,-0.906664,-5.597696,-1.920001,3.031679,0.379848,3.325463,-0.267457,-1.106378
1348,12481,0.751991,-2.172187,-2.496341,0.205630,-0.949122,-3.853806,-1.549864,2.356201,-0.424956,3.435968,1.438102,-1.374863
1348,12482,2.991391,-1.948521,-2.595779,-0.506078,-0.312674,-1.085806,-0.679343,2.977178,1.034871,2.371463,1.427472,0.445939
1348,12483,3.092515,-0.034726,-2.672333,-0.997489,-0.736163,-3.107747,-2.594167,1.780648,1.545837,3.077096,0.764942,-1.222497
1348,12484,2.692121,-3.090669,-1.981502,-2.240710,0.031714,-3.552392,-1.916703,1.410972,2.156725,2.443805,0.290894,-2.573386
1348,12485,3.544675,-2.202569,-2.210187,0.335867,-2.140013,-5.674940,-1.672914,2.790327,0.721992,1.885405,1.130086,-1.118135
1348,12486,2.186170,-2.197341,-3.630153,-0.125421,0.083746,-1.072208,-2.892727,3.117085,-0.647874,3.422646,1.167598,-1.312984
1348,12487,3.523184,-2.104812,-3.123064,1.977580,-0.197094,-8.011220,-1.126587,2.507749,1.464173,2.292036,2.370233,-0.498624
1348,12488,3.330354,-1.820747,-3.560387,0.326882,-1.237189,-1.472552,-0.927941,1.485056,0.825531,2.529401,1.189258,-1.762883
1348,12489,4.987468,-2.610724,-3.788675,-1.662561,-1.191066,-3.712269,-1.226621,1.469168,-0.237687,2.980775,1.084456,-1.253577
1348,12490,2.460067,-1.746338,-0.900495,1.215840,-0.484849,-4.237519,-2.765454,1.723121,-0.054844,3.593028,0.947974,-0.586275
1349,12491,314.842769,-1.190062,-3.309330,-222.448481,-3.045744,-424.266441,-1.356246,184.673667,196.940900,4.982500,0.980860,-1.153876
1349,12492,133.267777,0.062723,-3.493643,203.589084,-3.141250,-667.961209,-3.433180,146.213711,-134.386211,4.548787,0.026486,0.424291
1349,12493,141.747660,-0.473313,-2.760319,-90.702877,-3.321091,-245.974763,-2.877762,314.664086,75.364914,4.087100,0.524484,0.156333
1349,12494,184.399595,-1.530908,-2.225079,-204.230139,-3.656653,-1211.058568,-1.733784,226.038610,145.083323,3.683041,1.060500,-0.097437
1349,12495,286.383514,-0.950609,-2.289859,317.164005,-3.190892,62.305462,-3.372704,199.859936,-9.156418,4.653969,0.838962,1.252649
1349,12496,110.897251,1.963151,-3.599375,-264.350724,-3.699621,-456.142169,-1.462511,503.478258,152.091390,4.397173,1.097430,0.395038
1349,12497,125.235864,0.191146,-3.361340,197.885235,-2.980011,-1034.947864,-1.688706,455.954143,30.879225,5.468695,0.955690,0.205165
1349,12498,80.132509,-0.618950,-2.610830,135.881717,-3.269028,-982.194692,-3.646815,308.246949,155.549372,5.466423,-0.782060,-1.274100
1349,12499,118.611434,-0.801608,-3.722992,385.704892,-4.654596,-671.051060,-2.131413,232.244398,217.455680,4.116122,0.309381,0.626254
1349,12500,96.685108,-0.255382,-4.252124,199.985103,-3.242230,-12.237100,-2.317656,336.715384,-28.866587,5.003103,1.165329,0.686879
1350,12501,1.692641,-2.636328,-1.423207,-0.272272,0.757066,-3.460044,-1.155026,2.087228,1.022127,2.689825,0.951779,-1.336082
1350,12502,4.568746,-1.805871,-1.455410,-0.935060,-1.808804,-1.939122,-2.110557,2.945034,-0.370125,2.268583,0.693759,-1.589693
1350,12503,3.510252,-0.627364,-3.400195,1.349515,-0.892582,-6.790379,-0.486443,3.224552,0.120418,3.121373,1.488403,-0.405219
1350,12504,2.922421,-2.622733,-2.842739,5.755949,-0.640544,-2.158698,-1.557116,2.278615,1.181321,3.537844,1.726489,-1.561867
1350,12505,1.551544,-1.819611,-3.922355,1.710636,-0.295635,-2.929732,-3.919113,2.699325,0.828948,2.210545,0.583968,-2.172890
1350,12506,2.983404,-1.818617,-2.618263,1.078196,-0.655471,-5.163403,-1.486207,3.320331,-0.350420,3.705383,1.753722,-2.158793
1350,12507,2.494375,-2.535280,-2.666831,-0.277068,-0.658778,-0.901915,-5.262521,2.436077,1.710730,2.207896,1.157538,-1.860736
1350,12508,1.524142,-1.409164,-0.947152,-2.116849,-1.760686,-7.112718,-4.340548,1.102738,-0.327421,2.865143,0.179647,-3.340261
1350,12509,1.702684,-1.126075,-0.357684,-0.198171,-0.277397,1.033847,-1.493565,2.461285,0.333532,3.314432,0.939099,-0.915399
1350,12510,2.135774,-1.919410,-2.583248,-1.711330,-2.159947,-1.718169,-1.632732,1.304125,0.338282,4.049487,0.785836,-1.753265
1351,12511,56.174143,0.320369,-2.581367,-33.803675,-2.314048,-297.457679,-2.928617,323.957357,236.943986,3.332763,0.839012,2.621278
1351,12512,238.426653,-0.501555,-2.977981,434.210994,-4.636214,-431.650501,-3.634348,136.198786,70.844533,4.346447,1.835562,-0.699548
1351,12513,118.207296,-0.692814,-3.554220,419.930297,-3.337093,49.876503,-5.413452,194.313593,80.780242,4.041590,0.528490,-0.208383
1351,12514,231.328752,0.510807,-4.030132,73.622267,-3.766634,-1018.639288,-3.758825,381.437885,158.349983,4.394957,0.703548,1.159776
1351,12515,219.548193,0.136923,-1.360615,206.572360,-3.988768,-815.445506,-0.051763,144.727524,36.363513,4.121373,0.179956,1.638846
1351,12516,189.408980,0.210687,-4.336949,58.955419,-2.343555,-302.191336,-1.462335,297.549358,-38.150510,3.899176,0.832493,-0.272376
1351,12517,110.969790,0.861639,-1.980266,342.203348,-3.702941,-506.938138,-3.580521,456.576762,68.755281,4.982761,1.096055,0.083455
1351,12518,238.645984,1.180386,-3.646113,430.470726,-3.428003,-754.987430,-4.979261,262.112031,248.572238,5.106042,2.000871,-0.976369
1351,12519,1.744650,-0.500256,-1.866798,245.846995,-1.830790,-801.304389,-2.505443,321.564461,176.917098,3.852532,1.387099,-2.070813
1351,12520,377.094505,-0.034621,-1.726032,120.157239,-2.993332,-508.704320,-4.142308,253.834157,136.672904,4.016397,0.231491,-0.070689
1352,12521,229.877984,-0.861175,-2.043464,98.690623,-2.862914,-566.447925,-2.454627,154.377156,57.293395,5.354318,0.419293,0.599871
1352,12522,154.132650,0.175290,-2.939618,-181.391589,-3.722557,475.643169,-2.969865,95.550142,272.450189,4.177536,1.180471,0.150547
1352,12523,27.959074,-1.708747,-0.914171,298.946894,-4.475582,-228.264000,-3.289725,237.192436,188.716722,4.830931,0.284741,0.886556
1352,12524,149.663935,0.160801,-3.495412,116.104374,-3.357245,-688.746365,-2.308971,231.241814,105.866920,4.306215,0.397508,0.421425
1352,12525,211.941573,0.462610,-1.609789,-110.361718,-3.653115,-688.004788,-3.736315,187.167482,-3.888671,3.615205,0.447252,-1.142585
1352,12526,146.933170,0.185304,-3.360793,272.127653,-2.156669,292.067039,-0.750583,367.298100,95.848611,4.761913,0.630753,-1.407557
1352,12527,157.873998,-1.095333,-1.297372,677.556308,-1.990378,-749.039474,-0.257421,245.665357,108.275668,3.520531,0.648399,-0.912661
1352,12528,218.821872,-0.446088,-1.684463,537.390593,-4.801429,-454.858328,-1.346537,189.369119,217.824824,4.487012,0.898976,0.591954
1352,12529,149.294206,0.413018,-2.190953,-294.013937,-2.669497,-384.636930,-2.825807,373.219048,161.152749,4.613055,0.613077,-1.882748
1352,12530,-41.360813,-0.332538,-2.412868,-178.677914,-2.571514,-845.391149,1.066830,283.723319,21.534633,3.816306,0.274616,-0.764196
1353,12531,3.176397,-2.356497,-2.015565,0.408205,-0.758233,-4.505583,-3.690041,2.767245,0.470245,2.031774,0.959799,-3.962022
1353,12532,2.196970,-2.295810,-2.579601,-1.578581,0.178658,-3.591237,-0.843705,2.204019,-0.420553,3.698448,1.890358,-1.671599
1353,12533,3.085842,-1.989111,-3.783060,-0.553239,1.043885,-0.200282,-2.536289,2.736088,0.402389,3.403475,1.596522,-0.428414
1353,12534,0.673172,-1.156491,-3.875088,2.138870,-1.524553,-2.255558,-2.018867,0.821518,0.560405,1.508697,-1.029707,-1.322281
1353,12535,1.223760,-1.988637,-3.034215,2.727811,-1.160368,0.583740,-2.291796,1.619026,-0.374125,2.666516,1.865331,0.178800
1353,12536,2.199817,-1.506465,-2.727836,0.678803,-0.823518,-3.771489,-2.394779,2.364103,0.172405,1.900974,1.543025,0.154793
1353,12537,4.126950,-2.134249,-1.125358,1.668096,-0.074279,-2.560754,-2.058988,1.512985,0.940261,3.790351,0.567286,-2.155828
1353,12538,1.042657,-3.031966,-1.464545,-2.237582,0.013543,-5.000704,-1.865357,2.401473,0.454310,2.299740,0.479088,-2.711954
1353,12539,2.217008,-2.064333,-3.512328,1.396333,-0.352733,-1.559051,-3.791745,2.620966,-1.076285,1.777666,1.580683,0.503348
1353,12540,3.159516,-2.628682,-1.753983,-3.310089,0.276088,-1.942905,-2.594171,1.453519,1.150091,3.176534,1.120653,-3.468854
1354,12541,173.843761,0.895320,-3.868297,85.438007,-4.451713,-418.591914,-3.396546,187.507050,375.461073,4.392761,0.778542,-1.492955
1354,12542,222.135536,-0.863352,-1.827622,122.258116,-2.031733,-35.439024,-1.044535,188.140950,69.119458,3.717887,0.388212,0.434621
1354,12543,160.079291,1.259249,-3.502372,157.508609,-3.296240,183.485615,-3.178959,121.914956,-7.643035,3.923878,0.666204,-2.028840
1354,12544,157.495167,0.313589,-2.764604,87.624772,-3.651145,-1670.514179,-1.793864,311.451083,101.647296,4.271765,0.187672,-1.662685
1354,12545,200.558011,0.788893,-2.743232,67.804628,-2.455923,-723.148320,-2.743101,367.975421,85.953486,4.582104,0.784278,-1.522136
1354,12546,209.880568,-0.232813,-2.910694,204.605961,-3.332248,-303.914451,-3.066585,277.786973,115.270015,4.600943,0.457958,0.223640
1354,12547,140.965229,0.482284,-2.397394,711.212258,-3.255309,-84.798483,-1.265984,348.407349,161.585502,4.131663,2.035917,0.068456
1355,12548,2.413642,-3.184306,-1.580743,-2.816799,-0.316873,-5.419832,-2.185529,1.532000,-0.459829,4.099314,0.710211,-2.395203
1355,12549,1.475789,-1.937160,-1.471976,-0.529816,-1.990362,-3.879166,-1.156008,1.196343,0.107832,3.583001,1.327843,0.613158
1355,12550,0.953792,-1.010737,-0.769661,0.486384,-1.223569,-3.274993,-0.511971,4.249706,0.752174,1.846755,1.873035,-3.367035
1355,12551,3.056001,-1.269456,-2.866650,-0.053457,-0.920275,-0.820924,-1.835179,2.765461,-0.040414,2.700048,1.479344,1.079165
1355,12552,2.636701,-1.721164,-1.254330,3.099255,-1.036852,0.253249,-2.264182,1.014293,0.174009,2.113882,1.419124,-3.295168
1355,12553,2.199137,-2.973506,-1.198287,0.263521,0.453999,0.418595,-1.754737,0.487623,0.493560,1.865213,1.356816,-0.868149
1355,12554,2.639459,-2.139262,-1.268827,-0.643829,-0.834217,-5.484369,-1.218004,2.431551,-0.474662,2.935973,1.772125,-1.439433
1355,12555,3.112502,-1.546565,-1.151007,1.936019,-0.001240,-3.936256,-4.206657,1.037306,0.927178,2.482451,0.960870,-2.284255
1355,12556,3.828855,-2.369687,-2.537701,1.127640,-0.673538,-0.029456,-2.289211,1.955866,0.484909,2.700071,0.692868,-0.963030
1355,12557,3.083725,-1.271443,-2.924297,-0.237239,-1.526775,-4.893455,-5.104156,1.122667,0.221219,3.659244,0.865871,-1.228671
1356,12558,4.160254,-1.117725,-2.169537,-1.462093,0.372970,-1.137834,-3.171700,2.162415,0.431307,3.055288,1.259857,-0.376525
1356,12559,3.655546,-0.509753,-2.002152,1.144398,0.015700,-1.181148,-4.373408,2.448878,0.379776,3.882884,0.964296,0.000363
1356,12560,1.620086,-0.773514,-1.631359,-0.110052,-1.551674,-2.706366,-1.170056,3.090765,0.333578,3.740667,-0.573033,-2.293032
1356,12561,3.760144,-2.396190,-2.446854,1.269124,0.306415,-0.617016,-2.640105,1.522319,0.399822,2.742131,0.574511,-2.680122
1356,12562,1.296138,-2.399640,-2.218860,1.668060,-1.548365,-0.810472,-2.863563,2.499981,0.681920,2.475532,2.830516,-2.545623
1356,12563,4.811367,-3.081641,-2.758311,1.466427,-0.292815,-2.833648,-2.708720,2.573161,-0.491884,2.875891,0.686829,-1.795675
1356,12564,3.094612,-2.703180,-4.145161,3.093941,-1.304443,-6.177767,0.345568,1.883700,1.341258,2.260247,0.672338,-0.551373
1356,12565,3.878169,-0.507917,-3.478367,4.125717,-1.704414,-4.475655,-1.203366,3.688468,1.750524,3.430803,0.809699,-1.476159
1356,12566,1.873327,-2.223382,-1.029139,-3.728460,-0.719658,-6.785864,-1.699612,2.196482,-0.316613,3.321135,1.433557,-1.899543
1356,12567,3.408452,-3.171642,-2.153515,-0.141062,-1.361451,-2.645293,-4.456641,0.786726,-0.173645,2.442301,1.204464,0.571832
1357,12568,106.798085,0.126912,-3.204670,260.157104,-3.995734,-1182.007674,-0.956183,331.392776,240.659649,4.217349,0.848756,0.994699
1357,12569,208.826550,-0.346594,-3.652121,95.761782,-2.180386,-1374.014103,-3.367752,97.608322,91.993536,4.048816,0.917260,-1.482271
1357,12570,258.426725,0.067639,-2.865167,168.176303,-3.019661,-448.257069,-2.744404,219.224137,197.723384,4.577316,1.095563,0.080510
1357,12571,134.386669,0.264295,-2.087309,-78.679532,-3.841096,-1413.778981,-0.811389,254.295032,103.627028,3.628588,0.845744,0.765268
1357,12572,149.897611,0.575414,-2.972903,-469.216460,-2.317828,-448.856115,-3.655681,134.055644,95.093859,3.796233,0.608650,-0.425761
1357,12573,181.508171,-0.089367,-2.085372,-335.206559,-1.980554,-402.978861,-1.023809,394.819477,104.978235,4.600322,1.121033,-0.248946
1357,12574,99.705576,0.003883,-3.044233,121.061926,-3.141339,-474.818249,-3.754393,355.149706,15.137152,4.509809,0.497248,1.382953
1357,12575,267.476527,0.177450,-2.937647,152.260457,-3.242593,-805.693916,-3.257529,275.913621,251.764467,5.262696,1.250083,-0.194436
1357,12576,125.806151,0.228222,-3.955887,134.129894,-1.973654,99.487180,-2.564281,127.033879,-99.391468,3.580901,1.040632,0.956432
1357,12577,93.030370,0.382215,-3.480523,128.664392,-3.050194,61.626338,-1.163470,154.075079,280.109674,4.495519,0.022391,0.173574
1358,12578,3.118634,-1.911420,-2.532164,1.043942,0.376082,-2.931934,-2.020203,1.563408,0.735994,3.425932,0.668412,0.508539
1358,12579,1.883220,-2.878905,-2.400001,0.157683,-2.175830,-2.126309,-2.258818,1.758390,1.014363,3.458332,0.510144,-2.611089
1358,12580,4.536552,-1.621930,-3.168124,3.313097,-1.671659,-2.994166,-2.179993,3.804227,0.207890,2.266909,1.222933,0.616607
1358,12581,1.376919,-2.222551,-1.430688,1.064315,1.008946,-5.144739,-0.213247,1.917439,1.075177,2.699312,1.733725,-1.986495
1358,12582,1.784793,-2.457336,-0.759485,0.379434,-1.064171,-1.292455,-2.351394,3.053402,-0.229061,3.236095,1.445861,-0.244201
1358,12583,2.602572,-3.389344,-2.398954,0.306862,-1.037782,-2.711423,-4.150404,1.194666,-0.830782,2.868578,0.992157,-1.290890
1358,12584,3.675637,-0.865122,-3.210458,1.173339,-0.800042,-3.937727,-2.592223,2.986736,0.654422,3.051231,1.839270,-0.568422
1359,12585,4.226120,-1.527508,-1.944372,1.269471,-0.578228,-2.302530,-3.621214,3.261594,0.512204,3.670792,1.112654,-1.310424
1359,12586,1.729970,-2.437496,-0.688977,3.173343,-1.583671,-3.550926,-2.678259,1.414028,0.623461,4.424404,0.983080,-0.053801
1359,12587,2.990857,-1.741277,-1.101674,1.675755,-1.173616,-1.648850,-1.450601,2.748907,1.125309,2.281177,0.625881,-2.689239
1359,12588,3.190880,-4.224672,-1.267577,-1.990637,0.073398,-2.080429,-3.476856,1.996099,0.541790,3.280592,0.988234,0.433644
1359,12589,0.301167,-1.516404,-4.254284,-0.728658,0.517369,-3.831864,-2.679237,1.466890,0.014472,4.326188,0.186136,-1.648134
1359,12590,4.344451,-2.353331,-2.175003,-0.026892,-0.366151,-1.756109,-2.593413,1.645185,0.399316,1.700922,1.095201,0.894791
1359,12591,0.782594,-1.517297,-2.738353,1.737311,-1.930632,-0.674323,-0.623057,-0.163648,0.870373,3.760598,1.456317,-2.346955
1359,12592,1.324547,-1.617008,-1.554101,-0.855038,-1.158491,-0.968910,-4.566993,1.438296,1.326214,2.593213,1.836213,-1.358668
1359,12593,2.848739,-2.244454,-2.081968,0.979100,-1.176725,-3.149092,-4.016356,1.350696,0.713333,1.816759,0.870595,-1.989232
1359,12594,2.759079,-0.937484,-1.399655,-1.123995,-0.108595,-3.717743,-1.783857,2.271367,0.186373,3.878386,1.164841,-0.696466
1360,12595,1.862886,-2.957376,-2.252744,1.218542,-0.243720,-1.137139,-4.164849,3.100971,-0.385489,2.195547,1.730915,0.814808
1360,12596,2.589588,-1.476681,-2.541504,0.167914,0.741532,-0.513251,-2.493715,2.224154,-0.573989,3.527300,0.705497,-1.455924
1360,12597,0.718302,-2.143551,-1.851634,2.739890,-0.163469,-1.607448,-3.507471,3.426952,-0.571002,3.058699,1.130212,-3.092155
1360,12598,3.236524,-1.477862,-2.647878,-0.703093,-0.789856,-1.840062,-0.527243,2.356100,0.817092,2.842201,1.032545,-1.123449
1360,12599,3.098554,-2.142715,-2.816932,0.564767,-0.952676,-4.688539,-0.018874,2.775783,0.484224,2.962184,0.926444,0.538567
1360,12600,3.623151,-2.078134,-3.880082,1.731809,0.062302,-3.749766,-2.402300,2.158203,0.455907,1.827968,1.375388,-1.331362
1360,12601,1.361336,-0.067791,-1.759872,4.298991,-1.919139,-3.808919,-4.053381,1.267310,0.684401,2.815829,0.284240,-1.005263
1360,12602,2.006896,-0.815616,-2.970005,1.495021,-1.342233,-3.502372,-0.641835,0.656742,0.240262,2.520748,1.426941,0.211166
1360,12603,1.498570,-1.659541,-2.319324,5.049573,-1.359438,-4.635433,-0.618896,3.047086,1.288855,3.291243,2.316083,-2.037116
1360,12604,2.779292,-2.651688,-0.283876,4.006697,-1.169748,-3.066479,-0.161225,2.709980,0.175058,1.912090,0.676592,-2.597269
1361,12605,2.378931,-2.852133,-3.501760,4.251645,0.015064,-4.942686,-1.855627,3.710620,1.129441,3.132506,0.867426,-1.305533
1361,12606,5.017736,-2.593060,-3.741325,-1.590381,-0.005138,-3.204674,-3.378325,1.405784,-0.069444,3.470219,0.409512,-1.714743
1361,12607,3.120166,-1.684546,-2.970778,1.248081,1.307059,0.017361,-4.460057,2.240221,0.199599,3.485579,0.688948,-1.133447
1361,12608,3.603326,-1.723281,-2.026858,0.501981,0.051440,-1.225778,-3.961741,2.252461,0.998357,3.416805,1.451264,-0.208917
1361,12609,2.338386,-1.527341,-3.201507,2.053646,-0.703447,-4.943465,-4.035157,2.745333,0.780495,3.028376,0.614360,-0.047460
1361,12610,2.622790,-1.639154,-2.246998,1.282442,-1.327404,-4.924751,-4.673889,2.854339,0.566055,3.992162,2.609347,-3.155259
1361,12611,2.801581,-1.127097,-2.800451,-1.349137,0.239717,-4.879118,-1.858630,3.328130,-0.303720,3.015985,1.444144,0.455396
1361,12612,2.207535,-1.714022,-2.932498,1.180207,-1.983548,-1.337561,-2.257069,4.287383,1.244531,2.557309,1.266357,-1.319899
1361,12613,3.110644,-1.657970,-0.356764,0.854722,-0.224819,-1.768975,-3.133029,2.625629,0.208494,2.832143,0.991101,-0.850018
1361,12614,2.557283,-1.124846,-1.127050,0.162075,-0.041672,-3.196102,0.065518,2.242872,0.458727,4.192297,0.941261,-0.731782
1362,12615,155.260103,-0.708174,-2.480919,-267.235885,-4.010531,-327.642792,-3.290108,344.321581,89.278807,4.010619,0.479995,-2.114365
1362,12616,39.119206,-0.409099,-2.053336,253.510438,-3.304493,-769.251533,-2.896591,192.566156,115.098694,3.319856,0.393027,0.524303
1362,12617,61.737464,-1.174167,-2.180065,236.574610,-4.200970,-819.495830,-1.897256,285.526170,91.875911,4.359358,-0.359177,1.048127
1362,12618,252.547954,-0.749576,-0.928760,525.005590,-3.149006,-521.770291,-2.686395,247.065301,-3.725647,3.376066,0.948246,-1.571957
1362,12619,151.344406,0.001713,-3.215715,-528.195710,-4.416620,-1231.086163,-4.329669,235.124523,-116.048709,4.823058,1.208634,2.033166
1362,12620,216.231580,-1.952023,-2.717218,-46.364225,-3.371052,-1609.779715,-4.239186,263.178490,49.487218,5.214352,0.955019,0.456502
1362,12621,80.593962,-1.130629,-4.336857,-6.335936,-5.461614,-830.339946,0.436113,263.465849,171.124271,3.271146,1.172632,2.628529
1362,12622,173.912466,0.607772,-3.715166,391.378691,-3.403092,-611.204781,-2.749975,251.282210,217.699804,3.556168,1.284020,0.261141
1362,12623,97.443873,-0.547879,-3.200874,-258.972105,-3.260983,-496.737489,-1.083329,128.909471,-132.054397,4.687096,0.657448,0.131298
1362,12624,152.569211,-0.267056,-1.478988,196.256035,-2.357654,-325.930138,-2.760798,304.126956,7.373770,5.118284,0.893391,-1.350428
1363,12625,197.708374,0.220781,-3.119062,-433.854053,-3.176624,-919.216698,-0.800184,242.455675,13.887188,5.256617,1.119815,-2.495990
1363,12626,271.845524,-0.281391,-3.164411,-107.647464,-3.288805,-537.692112,-2.204303,369.231178,157.899786,4.478263,0.168136,0.457244
1363,12627,165.380278,-0.468506,-2.461999,-15.935365,-2.743471,-276.853191,-2.859118,240.124837,124.632808,4.518506,0.742005,0.464106
1363,12628,208.118689,1.171968,-3.244046,212.711382,-4.401500,-869.135582,2.416005,41.491195,239.634740,3.490221,0.812888,2.052636
1363,12629,138.337358,0.569123,-3.144432,-438.011694,-1.906560,-66.492146,-2.231840,226.110727,219.956002,4.931656,1.853396,-1.118382
1363,12630,157.046874,-0.007434,-2.459168,148.531986,-3.016886,-690.298918,-2.130170,236.146193,-52.323577,4.382011,0.112045,0.109769
1363,12631,97.176747,0.164226,-3.851372,-108.720396,-4.006934,-154.483152,-2.030440,264.087380,69.304631,3.379662,0.189482,0.103418
1363,12632,95.708070,-0.257738,-3.646710,187.166816,-3.987683,-839.404735,-4.090487,337.177057,57.170676,4.228326,0.969926,-0.610027
1363,12633,172.512823,-1.666901,-2.928769,89.971633,-4.091818,181.567589,-2.386141,97.970856,6.384833,4.764217,0.862806,0.235609
1363,12634,184.175199,-0.270526,-3.255626,-22.189412,-3.441688,-837.777258,-3.421120,350.351370,197.482345,4.235919,0.344950,1.080634
1364,12635,176.509902,0.095859,-4.281226,257.428006,-3.135735,-84.102538,-4.055750,121.336599,214.537369,5.137837,-0.375305,-0.079623
1364,12636,128.859805,0.304442,-2.953126,-38.545293,-3.858676,-1641.717809,-2.929916,212.821805,-56.333351,3.558346,0.353150,0.755856
1364,12637,183.861582,0.025142,-3.098997,-298.165662,-2.208091,-548.464642,-0.913928,459.709046,63.578107,5.068738,1.294637,-0.883255
1364,12638,338.141537,0.878089,-3.262914,261.654396,-2.412812,-776.892947,-4.395338,272.612436,-36.627661,4.379650,1.738544,-1.545474
1364,12639,123.457679,-1.162954,-3.741310,206.014106,-3.041568,69.584803,-1.803139,359.720929,-16.844809,4.377809,0.154549,1.940104
1364,12640,151.072055,0.451970,-4.832661,639.992292,-3.838737,-706.450211,-3.239533,245.791680,-98.909970,3.888903,0.462271,-0.950609
1364,12641,166.920720,-0.602735,-3.476046,-30.480056,-3.060512,-256.913047,-1.615843,196.137111,4.244455,4.403927,0.551698,1.039477
1364,12642,77.864878,-0.350226,-3.064395,-27.736052,-4.301352,-417.022076,-1.644272,425.373865,-55.991800,4.100603,0.356534,-1.165434
1364,12643,279.746024,-0.112030,-3.092375,262.617005,-2.535623,-889.900764,-4.410325,277.719357,102.979462,3.843701,-0.215509,0.099289
1364,12644,88.074574,0.118497,-3.698397,-280.219921,-3.046329,-1316.139259,-3.447609,196.183694,19.384483,3.682277,0.383324,1.183041
1365,12645,135.478047,-0.422360,-1.844998,265.651427,-2.451493,-1183.563123,-2.765944,350.596082,126.975185,4.859908,0.775838,-0.740579
1365,12646,139.456830,0.827401,-2.916284,475.967417,-4.466272,-816.090066,-2.152239,372.588691,1.243173,5.013170,1.545942,0.361518
1365,12647,227.426585,-0.095472,-2.346327,118.473344,-2.788564,-670.430483,-2.264054,258.792245,139.453752,3.508477,0.261227,-1.213676
1365,12648,180.986557,-0.966329,-3.093965,334.719599,-2.789962,-498.899005,0.168754,343.675306,280.892509,3.859359,0.875917,-0.489119
1365,12649,213.697022,0.085940,-2.915481,-142.759137,-4.930937,-1104.874783,-1.277052,232.323483,-28.813670,4.876201,1.077769,1.481210
1365,12650,258.466433,0.107214,-2.387058,92.358613,-2.593762,-973.916565,-3.125419,320.876365,88.195829,5.086366,-0.044679,-0.599828
1365,12651,25.767377,0.100608,-3.186813,349.144948,-2.713458,-768.142265,-2.107391,231.211751,178.013457,4.650367,-0.032191,1.050942
1365,12652,166.177008,0.181724,-2.672480,-9.127150,-2.775927,-819.555502,-2.802424,447.718792,71.990527,4.281534,0.767280,-0.640005
1365,12653,73.310737,0.070205,-2.705010,367.150057,-3.301866,-508.515458,-2.471086,201.775790,131.738431,3.237179,1.131050,-0.829492
1365,12654,197.682051,-1.152175,-3.462546,335.391785,-3.053583,-736.831920,-1.422057,469.527799,64.629081,3.516010,1.223195,0.268122
1366,12655,1.948448,-2.547841,-3.060559,0.305161,-0.467532,-2.074676,-3.106580,3.000801,1.535951,2.660303,1.455532,-0.060750
1366,12656,1.941940,-2.869420,-3.081158,3.188077,-0.091724,-4.651861,-3.452065,1.369276,1.032090,3.233446,1.149020,-2.645670
1366,12657,3.382296,-2.865814,-3.392356,0.312023,-0.123861,-3.060178,-5.235568,1.810261,-0.417854,2.459081,0.922956,0.543134
1366,12658,1.461696,-1.468713,-2.814470,0.761948,-0.852952,-5.080863,-2.450679,2.419372,0.724182,4.089333,0.727443,-1.322651
1366,12659,1.410048,-1.359684,-3.296755,-0.233710,-0.638489,-2.293933,-0.435452,2.191055,1.269391,3.443400,1.058479,-2.131236
1366,12660,1.912055,-2.377961,-2.474512,-1.036488,0.220466,-4.197052,-0.030289,3.141443,0.463001,3.590094,-0.017334,-0.740375
1366,12661,3.630754,-0.964274,-2.921437,-4.499755,-0.852713,-1.960298,-3.523610,4.374551,0.176649,3.541596,1.423872,0.097404
1366,12662,1.859273,-1.491414,-2.374406,0.358478,-1.307775,-4.463348,-1.125141,1.981757,1.770172,2.350690,0.237625,-3.336872
1366,12663,2.899924,-2.048350,-2.643115,3.590746,-0.465280,-4.565529,-3.011387,2.353448,0.835221,2.957473,1.085099,-1.164074
1366,12664,1.215347,-1.733771,-0.219545,-1.730175,-2.012617,-4.900905,-1.903635,2.268004,0.552523,3.661007,1.647553,-2.592373
1367,12665,2.038402,-0.753684,-2.891751,0.038427,-0.130187,-2.344452,-2.386782,-0.060869,0.784514,2.787691,1.143672,-2.570502
1367,12666,2.815032,-1.600696,-4.197473,1.595725,-0.290116,1.596023,-2.959204,2.918198,-0.104735,3.473161,1.454674,-0.961328
1367,12667,3.917123,-1.080606,-2.246588,0.000936,-0.054743,-3.884920,-1.937377,1.704598,0.089311,2.388359,1.056106,-1.945163
1367,12668,5.253598,-1.357926,-2.783465,1.078531,-1.208615,-1.353620,-3.385305,2.688290,0.332982,1.926882,0.924702,-2.294055
1367,12669,0.587871,-2.413679,-1.203556,2.583377,-0.910259,-1.407399,-4.190938,2.020277,-0.450749,1.681839,0.614287,-2.961486
1367,12670,2.125790,-2.068630,-2.170206,3.241089,0.223096,-3.746759,-1.462608,2.535645,0.368328,2.901548,-0.199072,-1.960931
1367,12671,2.029972,-3.738665,-3.595623,-2.166703,-0.725247,-3.560201,-4.437376,1.136347,-0.258597,4.230544,1.225646,-0.335209
1367,12672,2.823659,-1.961316,-3.973254,-0.649480,-0.696616,-4.445954,-5.056034,1.727952,0.696290,2.791649,1.703730,0.127315
1367,12673,2.357129,-2.141473,-0.411499,0.730077,0.900679,-6.111124,-0.149923,3.102286,0.654305,3.343107,0.817735,-0.975636
1367,12674,2.700487,-1.626310,-2.456018,1.645271,-2.397561,-4.252637,-2.941493,2.479461,1.616406,3.379014,0.196299,0.345423
1368,12675,0.394671,-2.773339,-1.836169,-2.887597,-0.713545,-0.195836,-2.043418,1.743021,1.214658,3.013114,1.062557,-1.723031
1368,12676,1.351684,-1.739922,-1.037284,2.909531,-0.916196,-1.146797,-0.574849,4.016752,0.657803,2.731726,0.917069,-0.853020
1368,12677,3.616313,-2.366585,-2.549538,1.088654,-0.419116,-3.535435,-0.738310,3.651470,-0.076260,3.480895,0.710819,-0.632466
1368,12678,2.392678,-2.323797,-0.962450,0.279724,-1.899168,-4.173734,-1.319759,2.821283,0.582192,3.111601,1.203304,-1.408253
1368,12679,3.077049,-2.160578,-3.167531,-2.353142,-1.643711,-0.980733,-3.392494,2.895180,0.964602,3.637473,1.583304,-1.535901
1368,12680,2.993394,-2.336531,-1.508795,-0.799251,-0.494806,-3.451123,-0.452326,1.968691,0.483477,3.371475,1.214199,0.260908
1368,12681,2.598059,-2.625808,-1.663507,2.458469,0.546311,-1.261598,-2.732033,3.053116,0.405666,2.753199,0.920138,-0.467157
1369,12682,172.205099,-0.292397,-2.604603,445.339410,-3.775245,29.220644,-3.279456,244.714973,-73.233965,3.911846,1.161280,-0.231582
1369,12683,183.415338,-0.747158,-3.336720,328.957231,-3.039368,-194.457678,-2.060095,217.564326,97.203072,4.595603,0.909948,-1.095384
1369,12684,90.577372,-0.639475,-2.593360,42.531098,-2.909536,-922.427389,-3.664337,179.976121,132.894262,4.750147,1.076638,-0.483884
1369,12685,141.321834,-2.216187,-4.033654,162.396075,-3.703023,104.325984,-1.641050,340.833046,77.342362,4.536766,0.282853,-0.061591
1369,12686,177.227945,-1.055589,-3.598662,-328.610718,-3.699094,-775.722018,-2.159288,232.362649,36.555672,4.093051,0.909174,-0.237664
1369,12687,174.965067,-0.190453,-2.550051,545.592579,-3.196738,-475.462029,-2.481934,274.969555,327.714336,3.706640,1.085779,-1.923439
1369,12688,198.513715,-0.639323,-3.465754,-81.329937,-2.860571,-121.874076,-1.805326,336.354000,55.694920,4.383900,1.238553,0.598875
1370,12689,178.428480,0.134389,-2.738195,-170.934503,-3.327733,-515.295273,-2.083220,265.818958,56.184680,3.853139,0.927817,-1.985676
1370,12690,158.498009,0.769765,-3.947105,-39.977577,-2.717359,-1291.566692,-4.291631,381.476458,97.340482,4.466693,1.220402,-0.091913
1370,12691,214.363112,-0.506173,-2.893880,318.598124,-3.615454,-234.827990,-3.729131,204.796610,52.155312,5.194635,1.294565,-2.618833
1370,12692,136.493134,1.061172,-1.171943,-104.000743,-2.876642,-338.318559,-2.870447,117.944998,-7.738325,3.456335,1.372300,-0.345796
1370,12693,198.491977,0.197193,-2.269962,367.358961,-2.867501,-749.933579,-4.479955,370.425225,71.237910,4.648914,1.490191,0.669922
1370,12694,249.118998,0.315947,-2.388048,-239.050267,-3.894249,149.213601,-2.172047,328.009136,107.889632,4.613097,-0.118451,0.686419
1370,12695,167.935512,0.030852,-3.330028,559.962034,-2.222281,-365.643137,-1.248956,126.249590,206.090127,4.208875,0.124710,-1.330189
1370,12696,195.184367,-0.705315,-3.647556,-127.264784,-4.728198,-354.197849,-2.756393,418.417163,354.664994,4.631892,0.080274,-0.925688
1370,12697,189.818957,0.049022,-4.144711,6.004975,-3.173726,-341.221190,-1.155766,125.993152,181.338344,4.375153,0.788400,1.227818
1370,12698,230.923970,-0.123247,-6.303254,148.588313,-2.306040,-765.777596,-1.231777,108.800064,161.233109,4.645137,1.090988,0.102391
1371,12699,172.261604,0.044882,-1.134537,-126.339746,-2.944836,-281.121671,-2.199856,218.203323,136.904746,4.224776,1.680979,-0.546988
1371,12700,273.586755,-0.027569,-2.575371,-33.510975,-3.412016,148.014879,-0.559141,286.061652,160.188663,4.908643,1.596159,-1.072594
1371,12701,222.500613,-0.625139,-4.354078,353.518779,-3.422681,-947.903501,-3.913474,178.267626,52.772954,4.575495,0.930223,-0.444790
1371,12702,183.632592,0.063194,-2.030931,437.856600,-3.517028,-1555.311439,-1.829318,267.501471,-0.723358,4.304519,-0.129396,-0.281028
1371,12703,220.221332,-0.255429,-5.203201,204.757542,-1.337598,-859.414571,-4.504190,299.795044,191.686089,4.259399,1.073204,-1.480127
1371,12704,282.391052,-0.062222,-3.678304,-71.533883,-4.261069,-858.763613,-3.023098,198.691694,257.331481,3.834860,0.478144,-1.227655
1371,12705,272.144850,-0.327468,-2.837145,240.767674,-2.533287,-866.817819,-0.515094,261.110904,67.745659,5.157474,0.541635,-0.906289
1371,12706,220.502119,-1.190548,-2.705841,230.257199,-3.410466,-1207.331089,-2.007160,248.829528,268.489904,4.507480,1.732289,0.812201
1371,12707,168.062893,-0.290858,-1.911159,-56.221689,-3.472307,-673.533968,-2.947499,265.368115,-216.444232,4.765818,1.630634,-1.488522
1371,12708,169.209998,-1.021408,-3.920886,-45.245859,-2.847407,-906.423947,-2.026268,228.625939,63.578275,3.802663,1.246428,0.034070
1372,12709,2.926083,-2.879153,-1.981512,2.003375,-0.764395,-4.804710,-0.977724,1.292561,0.277530,3.017723,0.661252,-3.923525
1372,12710,2.659565,-1.692768,-1.492687,2.716281,-2.022163,-3.861311,0.303717,3.016823,-0.044557,3.121164,0.678918,-0.387788
1372,12711,-0.503958,-0.425260,-0.492080,-2.196932,-0.055246,-2.193787,-3.120136,2.654043,1.405856,4.106438,1.011788,-0.928586
1372,12712,1.823920,-2.749230,-1.692986,3.736636,-0.533569,-2.143044,-3.040009,3.571780,0.466405,2.784348,1.222474,-0.190486
1372,12713,1.961669,-2.540262,-1.582021,0.752802,-1.454740,-2.686849,-5.014292,2.935912,0.424347,3.420755,0.934053,-1.541564
1372,12714,5.276492,-2.277587,-2.721602,1.797554,-1.321409,-1.613610,-2.177863,1.792561,0.337721,3.490864,1.866346,-1.433270
1372,12715,4.240096,-0.804250,-4.061356,0.611743,-1.102552,-1.635201,0.104503,2.280202,0.080233,3.249859,1.549948,-4.313987
1373,12716,229.859268,-0.577325,-2.180410,276.776880,-3.763575,-403.809672,-3.923582,284.885810,-153.726558,3.762483,0.980701,-2.070767
1373,12717,282.952837,0.243376,-2.598340,-261.258881,-3.512483,-1121.004178,-2.262524,318.227348,45.358683,5.088020,0.582653,-0.040612
1373,12718,254.401319,0.687580,-6.683971,342.456386,-2.635499,-305.870499,-3.610771,183.047232,127.054350,4.172448,-0.175049,-0.925439
1373,12719,280.199438,-0.424605,-4.031611,266.722838,-2.783816,-331.662715,-4.874049,402.606861,35.151502,3.962841,2.086222,-1.018156
1373,12720,156.081014,0.332002,-1.229417,314.394985,-3.399624,-732.010655,-3.576654,345.873439,102.514339,3.121382,0.921896,-0.781641
1373,12721,207.566642,0.561961,-1.812135,4.655632,-2.982764,221.123444,-2.723101,411.777875,-15.695623,4.765250,1.515522,-0.071330
1373,12722,242.384337,-0.624919,-4.810648,151.147066,-3.802477,-387.450645,-1.706474,359.905569,-19.270177,3.179027,0.446538,-0.097539
1373,12723,155.839204,0.416523,-4.598482,424.576961,-3.863378,-575.849265,-2.030019,275.432626,-43.660227,4.448877,0.844883,-1.491321
1373,12724,66.141535,-0.175628,-3.417048,-315.656614,-3.925310,-335.196799,-3.580945,165.554909,165.226642,4.002099,1.719095,-2.015131
1373,12725,249.254594,0.080380,-1.410547,-314.479986,-3.520658,-854.650469,-1.917272,187.890554,59.502427,4.367486,1.075108,-3.079488
1374,12726,1.289869,-1.866355,-1.394540,-0.467292,-0.671017,-0.932273,-1.698678,1.899766,0.088916,2.990026,0.868856,-2.364336
1374,12727,2.048592,-2.110331,-2.127141,0.505759,-1.044015,-1.180100,-1.978347,1.778764,-0.710527,3.487423,0.867282,-0.768298
1374,12728,1.711278,-1.268419,-3.347553,0.232977,-2.338015,-0.968419,-1.799427,2.159147,-0.148149,4.003414,0.797887,-0.396746
1374,12729,1.587326,-2.685324,-3.161242,0.019653,-0.025823,-0.502588,-2.893138,2.735689,-0.010659,3.840992,0.736119,-2.672768
1374,12730,0.518981,-3.079189,-3.965285,1.334664,0.346345,-1.706957,-2.605721,2.805507,0.034262,2.691549,1.070758,-3.498965
1374,12731,1.859041,-1.751463,-3.577384,-0.926228,-1.482568,-1.588796,-3.299534,2.944551,-0.561940,2.951224,1.438298,-0.437032
1374,12732,1.730288,-2.237197,-2.940086,-0.107319,-1.375736,-3.382788,-2.500506,1.964389,0.438267,3.154451,1.115869,-2.097687
1374,12733,1.052645,-1.740512,-1.823125,0.637405,-0.836705,-3.956695,-3.612050,1.226009,-0.188634,3.286278,-0.021805,0.161612
1374,12734,2.469651,-1.940447,-2.632161,0.948364,-0.692779,-2.519557,-2.051582,2.912897,1.021574,2.262452,1.049082,-1.966401
1374,12735,2.355013,-2.032752,-3.057855,-0.256895,0.154491,-2.087980,-4.699811,2.052965,0.649725,2.618412,0.726480,0.259450
1375,12736,3.215126,-1.601650,-4.656695,1.054858,0.083864,-3.352769,-2.007134,2.425212,1.223060,3.224661,1.029085,-0.518176
1375,12737,1.540238,-2.492089,-3.240809,-0.727893,-1.306841,-1.336851,-1.465098,2.824067,0.233748,3.242782,1.604568,-1.746000
1375,12738,2.579885,-1.695380,-2.447354,0.634550,0.097068,-2.178764,-0.958838,2.220319,0.121730,2.831184,0.540454,-1.806350
1375,12739,3.633041,-1.980894,-1.869066,-0.400441,-1.623951,-3.681977,-3.490067,2.826200,0.855602,2.623067,0.834426,-1.876157
1375,12740,3.338447,-3.412102,-2.069424,1.905634,-0.048286,-2.393483,-3.984988,1.860925,-0.174978,2.869436,0.496122,-0.584366
1375,12741,2.650675,-0.429839,-1.887422,-1.861147,-1.578106,-0.901415,-0.433838,2.260495,0.440174,3.933558,0.967595,-1.018014
1375,12742,1.530354,-2.562438,-1.440038,1.482060,-0.802693,-2.478360,-2.025413,2.315208,-0.216108,2.549950,0.512901,-1.393948
1375,12743,4.062323,-2.079481,-3.814385,-0.830298,-1.494960,-1.377867,-1.431719,0.878861,0.806921,3.092407,1.416646,-2.012495
1375,12744,2.732842,-1.651315,-1.153102,4.764890,-0.642225,-3.236861,-4.086230,1.402946,0.344896,2.434725,0.328171,-0.150061
1375,12745,2.162906,-1.170116,-0.844481,-1.615061,-1.209771,-3.002985,-1.216998,3.963166,-0.724122,2.443284,0.458461,-0.581572
1376,12746,154.252576,-0.261214,-2.755440,-30.846860,-4.472885,-768.619121,-3.300293,196.085574,164.349297,3.633959,0.571984,-0.857235
1376,12747,193.270791,0.580344,-3.831271,108.599523,-3.551240,-1113.373908,-3.125031,215.307865,150.747818,4.955255,0.894059,-0.513345
1376,12748,283.902967,0.051277,-2.387619,184.401014,-2.220018,-807.394835,-2.523666,292.999325,-178.610119,4.054565,1.429146,0.860677
1376,12749,176.277164,0.133002,-5.026092,103.921665,-5.314515,-708.833190,-3.629357,86.363028,366.306413,4.781972,0.318436,0.235051
1376,12750,101.786377,0.687941,-3.065572,-83.336700,-3.079002,-56.265519,-2.975167,318.445156,-37.715818,3.955977,0.519576,-1.732511
1376,12751,159.780881,-0.387105,-1.653085,32.544609,-4.140520,-279.677095,-5.775091,446.456519,76.330727,5.947572,0.565406,0.684935
1376,12752,224.028776,-0.272377,-0.995393,282.936577,-1.976062,-1671.718831,-4.099124,222.452907,87.956800,4.165145,0.813680,-1.280017
1376,12753,250.345518,0.527418,-2.619892,438.200237,-3.008204,-262.765695,-3.336889,279.455128,90.664783,4.744819,1.400515,-0.133393
1376,12754,232.900743,0.116075,-3.446004,-196.751446,-4.201762,-836.296618,-0.861784,265.585372,283.619705,4.563922,0.515390,0.505202
1376,12755,252.770197,-0.785526,-3.578102,51.906020,-2.790700,-969.525273,-1.647864,85.402835,26.335590,4.332805,0.354247,0.839801
1377,12756,3.447732,-1.382755,0.234114,0.777183,-2.130818,-4.287531,-3.493810,1.521324,0.245013,3.575081,0.651078,-2.605529
1377,12757,1.991534,-0.744236,-1.976267,1.291263,-1.798032,-4.023915,-2.765279,2.034964,0.720879,3.159300,1.102731,-2.467304
1377,12758,4.273921,-2.136458,-2.779838,-0.799661,-0.184871,-4.856275,-1.594250,3.176895,-0.476495,1.456362,1.020248,-0.676754
1377,12759,0.756307,-2.334137,-0.233984,-0.609010,-0.961361,-2.089338,-1.087222,2.179616,0.468490,3.292222,2.646769,-0.053969
1377,12760,2.601311,-3.027553,-1.395834,3.928845,0.559015,-5.818801,-4.609629,2.392614,-0.068302,2.828019,1.943966,-2.510528
1377,12761,2.343292,-2.730376,-2.390597,0.190233,-0.351509,-5.637325,-2.026722,2.356153,0.892026,2.382383,1.236216,-1.933697
1377,12762,4.017918,-2.041954,-1.034060,3.658089,-1.296040,-4.076884,-2.581302,2.199226,0.374483,2.889281,1.841354,-1.443029
1378,12763,3.349334,-2.896888,-1.282773,1.567871,-0.753381,1.194172,-3.638068,0.209711,-0.008791,2.833116,0.998729,-0.637611
1378,12764,0.753576,-0.895857,-2.208547,0.469368,0.827589,0.374111,-3.576910,3.002783,0.592115,3.386452,1.644249,0.299906
1378,12765,0.798695,-1.311833,-3.005360,1.945806,-1.531479,0.287360,-3.023876,1.337730,0.590188,3.270187,1.219275,-2.020692
1378,12766,3.161669,-3.186066,-3.840763,-0.239075,-1.103098,-5.517766,-2.449765,2.446012,0.229708,3.579897,1.193289,-0.907806
1378,12767,2.308800,-2.094194,-0.455029,3.470574,0.860639,-6.279024,-1.131102,3.532149,0.616854,2.904599,1.686907,0.112027
1378,12768,1.664954,-2.233212,-3.584820,2.065090,-0.882231,-1.309283,-3.478961,2.276337,0.861973,3.192466,0.773158,-1.824530
1378,12769,2.719222,-2.161666,-2.279697,-0.077750,0.247680,-3.755301,-1.867492,2.628206,1.296211,1.817406,0.874154,-2.131995
1378,12770,2.101095,-1.791230,-4.501314,0.066744,-0.967619,-6.264971,-2.887589,2.232406,-0.163387,5.229597,0.762102,-2.313532
1378,12771,2.745109,-1.413712,-1.733364,3.740247,-0.576423,-1.882322,-3.882975,2.264961,0.159178,2.598971,0.647631,-1.711288
1378,12772,2.736266,-2.013458,-0.707027,2.149629,-0.904766,-1.856142,-1.867238,2.738977,-1.007299,3.760371,0.462974,-0.713997
1379,12773,153.766109,0.640135,-2.535147,276.481459,-1.614019,-573.121577,-2.878405,91.889200,157.366503,4.285008,-0.193371,1.138155
1379,12774,217.725954,-0.335252,-3.138861,35.262610,-3.270359,-145.796121,-1.779074,60.891597,-65.853274,5.158291,0.902383,-1.509061
1379,12775,35.674162,-0.306419,-2.059628,31.643334,-4.213515,-192.291393,-0.715991,180.237671,4.234501,4.516920,0.824694,-1.717696
1379,12776,125.232930,0.500258,-3.343777,470.575879,-4.793703,-764.586337,-2.417550,187.299048,-13.780678,4.159118,1.024894,1.740838
1379,12777,205.771536,-0.500392,-2.833301,-225.824191,-3.315300,-976.347951,-3.066896,119.286354,102.351758,3.805478,1.647554,-0.118447
1379,12778,139.645690,-0.166547,-3.001701,-224.156139,-3.612257,-13.709504,-0.415692,224.015814,-24.723581,4.744565,1.100796,0.024121
1379,12779,48.505915,-1.032899,-2.973129,205.416855,-5.149888,-948.411560,-3.504175,350.246617,68.217155,4.008284,1.486834,1.156323
1379,12780,269.016346,-1.603438,-3.672682,352.867284,-2.768192,-190.133342,-1.653663,309.200668,147.681699,4.178997,0.224604,-1.106134
1379,12781,324.427926,-0.820176,-4.560689,159.316730,-3.947388,-709.534190,0.432299,146.103305,113.623216,3.992011,0.511913,0.617435
1379,12782,233.525296,2.179678,-3.220915,94.352619,-2.227820,-1042.639034,-2.392631,260.744675,-209.774847,4.759458,0.580911,-0.788087
1380,12783,195.758187,0.821547,-3.269998,62.516187,-3.791188,161.071681,-2.416991,330.085600,33.850327,5.008167,0.890787,0.445797
1380,12784,150.320059,0.017279,-4.560835,591.346554,-3.359766,-1261.138741,-4.176038,300.226507,375.315450,3.068274,0.638113,-1.312947
1380,12785,114.285766,-0.463174,-1.333377,182.046335,-3.915765,-656.749029,-2.617763,359.072308,74.412245,3.845081,-0.047251,-1.360900
1380,12786,151.204366,0.169855,-2.081769,-123.690764,-4.179123,-669.075325,-2.660890,296.568980,16.530407,4.340890,1.231445,-2.347861
1380,12787,315.787261,-0.688890,-2.455424,-51.116249,-3.851521,-330.092259,-1.990443,439.193065,-14.821520,3.236814,0.659565,-0.508408
1380,12788,95.026646,-0.098659,-1.526020,275.582081,-3.828014,-215.798958,-1.663096,84.534871,-78.908295,3.968736,1.501152,1.035105
1380,12789,208.535392,-0.154966,-3.958354,-254.661935,-2.662170,-615.652856,-2.605585,279.228732,50.025229,4.619323,0.889140,0.493654
1381,12790,295.999766,0.290176,-2.445837,-370.342875,-3.514053,-1140.703209,-2.301543,333.386697,48.951211,4.717942,1.070322,1.432692
1381,12791,109.229028,0.314797,-2.928417,-110.847230,-3.016687,-677.074714,-2.620472,243.024820,-175.396473,4.274703,1.350768,-0.099047
1381,12792,166.433812,0.761565,-2.359466,156.879117,-4.299833,-303.718088,-3.295302,252.985760,314.793875,4.488275,1.341995,0.060725
1381,12793,147.423336,-0.301772,-2.319929,225.418152,-4.484139,-260.682516,-2.991778,265.053428,312.811387,4.192993,1.434157,1.273533
1381,12794,157.322773,0.817528,-2.628439,185.703283,-3.694294,-1051.937408,-2.915225,197.364609,49.345274,4.589011,1.496457,-0.836608
1381,12795,238.822228,-0.360008,-1.750575,128.136495,-2.336111,-1212.895722,-2.584487,341.361113,86.600838,3.217763,0.674206,0.497414
1381,12796,177.926755,-0.845629,-3.848275,-123.287241,-3.132722,-1067.747675,-1.816418,207.519175,93.491981,2.985689,0.446205,0.299180
1381,12797,221.699026,0.851863,-3.498261,-134.337692,-3.135648,-353.021087,-2.137697,449.478274,57.052027,3.605782,0.128737,-1.237421
1381,12798,150.948177,0.436272,-3.722727,210.168928,-1.993170,-205.289384,-3.819854,387.039067,115.179925,3.760183,0.793257,-2.076730
1381,12799,175.586778,0.604103,-2.189775,218.565016,-3.370069,-671.791019,-1.154721,219.297466,-131.011723,4.487533,0.498168,0.401726
1382,12800,2.329677,-2.275835,-3.276680,1.516159,-0.856425,-0.818670,-1.897833,2.267159,0.359176,3.684739,0.737322,-0.303145
1382,12801,3.859421,-1.993871,-2.320952,0.546133,0.324207,-0.002865,-2.723455,2.631495,1.166787,2.591466,1.482368,-1.204250
1382,12802,3.828386,-0.717651,-2.187088,3.454604,-0.630344,-4.108037,-2.270223,2.151824,1.200294,3.088731,0.747191,-2.391902
1382,12803,1.326123,-1.390627,-3.095357,-2.354680,-1.978166,-1.768567,-2.531780,0.924439,-0.139843,2.762567,1.989520,-1.130801
1382,12804,2.037843,-3.695746,-1.183742,-0.835756,-1.829634,-2.228939,-2.804012,2.601531,0.112177,3.405384,1.598815,-4.593929
1382,12805,3.878208,-1.200142,-2.911637,-0.009306,-0.357663,-3.287667,-1.763962,4.121289,2.192551,2.523410,-0.321384,-0.411352
1382,12806,3.065474,-1.807337,-4.690464,0.032950,-1.725540,-1.583315,-0.758138,1.805516,1.697533,2.822383,1.230238,0.078333
1382,12807,1.887135,-1.532519,-2.215199,2.813400,1.179307,-2.544236,-1.814678,1.957433,-0.803603,2.963627,1.547156,-0.895589
1382,12808,3.194128,-1.893171,-1.152261,2.308595,-0.760465,-2.032698,-2.016421,1.970009,-0.076429,3.408933,0.599790,-2.865890
1382,12809,1.940742,-0.831089,-1.540056,3.898838,0.431687,-3.471457,-2.196402,3.499565,-0.118904,2.682236,0.983699,-0.387417
1383,12810,2.779204,-1.159736,-0.367402,1.074151,-2.271439,-2.535393,-3.437226,3.634514,0.209127,2.410069,1.675837,-1.506452
1383,12811,1.018090,-1.600832,-2.289246,0.561011,-1.852577,-3.137849,-2.726944,1.145617,0.151421,3.009055,1.822996,-1.068371
1383,12812,2.476025,-1.263281,-4.050677,-0.450960,0.355666,-4.397984,-2.758277,1.390454,1.219202,3.094364,1.739280,-3.729488
1383,12813,2.317693,-2.136581,-3.347540,0.416780,-0.688832,-5.993929,-4.431329,3.812857,0.696119,3.229144,1.752581,-1.362189
1383,12814,3.173513,-1.773105,-1.764040,1.139742,-1.713400,0.449341,-1.353568,1.824465,-0.490387,3.695304,0.268603,-0.162575
1383,12815,2.328543,-2.924410,-1.968385,3.318268,-1.067670,-4.605325,-1.489138,0.822724,-1.460907,3.963390,0.660971,-1.555165
1383,12816,4.403708,-1.416362,-2.808305,2.750951,-1.442896,-5.645788,-3.359055,2.200921,0.205765,3.010512,0.392336,0.650930
1383,12817,2.873913,-1.651544,-2.669045,2.763924,-0.074152,-5.049974,-2.120607,2.085812,0.947905,2.597466,0.965368,0.677393
1383,12818,2.855809,-2.359285,-1.934380,3.728062,-0.931262,-1.101218,-3.307531,1.951144,1.213648,3.245497,0.359797,-1.603656
1383,12819,3.252574,-1.314941,-1.303921,-2.042045,-1.188506,-1.449265,-0.726901,1.035559,-0.077077,3.466193,1.411444,-0.284985
1384,12820,158.540020,-2.004564,-4.464758,36.303426,-4.062431,-717.993671,-2.070729,157.712371,-5.533426,4.620189,1.446787,-2.288867
1384,12821,225.249907,0.095069,-4.587437,91.492840,-2.220989,-310.400635,-3.809448,325.942853,97.306104,3.896999,1.036038,-0.093721
1384,12822,230.389867,0.356112,-2.076808,-145.978415,-3.248336,-934.445133,-1.465687,401.780629,133.722296,4.997523,0.531165,0.538905
1384,12823,112.656230,-0.416786,-1.976741,-163.521043,-5.292661,-1057.709835,-2.528014,319.268425,215.325533,4.204785,0.751615,0.245730
1384,12824,196.978731,-1.174443,-1.820830,60.590326,-1.312917,-738.609158,-2.941739,182.948130,37.113102,4.525695,0.207895,-0.631656
1384,12825,268.029306,-0.222073,-4.347643,-500.605014,-4.025217,-1270.476696,-1.977936,193.913478,62.171009,5.265639,0.989010,1.275193
1384,12826,103.053894,-0.005904,-2.671528,-231.583543,-3.361847,286.273417,-3.421337,240.141696,101.970431,4.308131,1.571290,1.336326
1384,12827,149.955869,-0.447734,-1.562317,-136.804379,-3.819962,-696.197813,-5.171881,197.723427,-86.411954,4.098596,1.515984,1.023689
1384,12828,203.992929,-0.772000,-3.324530,325.815016,-1.993098,-404.944677,-2.752718,354.177513,60.928533,5.012138,1.215478,0.469212
1384,12829,197.224371,-0.470931,-2.664104,422.063679,-4.324790,-906.141229,-0.400550,297.030011,302.089906,3.266364,1.574546,1.067797
1385,12830,3.142583,-2.302471,-1.363537,-0.623351,-0.111687,-2.090146,-2.082546,1.223042,0.306893,2.755163,1.573687,-2.064246
1385,12831,1.788396,-2.880199,-1.900620,3.477822,-2.320317,-3.459753,-1.667009,0.258424,0.980053,2.522750,-0.210155,-0.444125
1385,12832,0.761896,-2.782478,-3.681883,3.039848,-0.173546,-2.728356,-2.393965,2.623363,0.831510,1.992922,-0.118230,-3.030440
1385,12833,1.775302,-0.941693,-2.020264,1.460375,-0.352197,-2.475239,-3.837597,2.164953,-0.383490,2.830076,0.899910,-4.864871
1385,12834,2.902284,-2.294522,-2.463196,0.255115,0.081673,-1.710696,-0.798657,2.332327,0.199825,3.316020,0.161625,-1.511456
1385,12835,1.976247,-2.863915,-0.069012,3.007502,-0.586616,0.648290,-3.438489,2.670442,1.746512,2.413189,2.199585,-0.941537
1385,12836,3.829963,-2.325470,-3.217379,3.137239,-1.345613,-2.460971,-1.060321,0.615438,1.214637,2.280134,0.677040,-1.533174
1385,12837,2.077127,-0.535718,-1.342877,1.008986,-2.672134,-4.922334,-1.302143,1.795522,0.378835,2.492235,1.494733,1.874134
1385,12838,1.674129,-2.817537,0.174758,2.811127,0.493248,-2.713266,-3.485699,0.770024,-0.588194,2.431982,1.734967,-1.609272
1385,12839,3.135077,-3.095131,-3.640640,1.049836,0.642423,-1.238767,-2.571669,1.450369,0.629249,2.763573,1.320427,-1.025933
1386,12840,2.746186,-1.889320,-2.860663,2.209286,0.648689,-0.456159,-1.381176,3.588130,0.701044,4.115656,0.390543,-2.146152
1386,12841,3.027717,-1.884802,-1.406421,-0.167387,-0.861507,-0.890584,0.636289,2.984041,0.507479,2.135557,0.773819,-0.699263
1386,12842,2.453716,-1.651063,-1.227347,0.800225,-0.630303,-4.268215,-2.788387,1.243434,1.062302,4.133061,1.367310,-2.245578
1386,12843,1.334504,-2.036990,-2.571365,3.440761,-0.441527,-4.661967,-2.648420,2.880553,0.318707,2.583020,0.478456,-0.732731
1386,12844,2.852581,-3.302759,-2.534864,-1.720251,-0.316179,-2.069907,-1.932046,3.249517,-0.308431,4.130166,1.633418,-2.826119
1386,12845,2.212269,-2.869670,-4.113029,2.604146,-1.877067,-2.864710,-1.197200,2.808013,0.668535,2.542748,1.213079,-0.103236
1386,12846,3.608998,-1.196666,-2.568145,1.100242,0.770131,-0.854364,-3.706815,3.690866,1.458595,3.293709,0.857098,-1.996773
1387,12847,2.106351,-1.453737,-1.234910,0.238993,-0.290381,-3.090062,-0.532699,2.551289,0.518941,1.972208,0.572032,-3.396648
1387,12848,2.923704,-1.710819,-1.747085,2.853836,-0.355320,-1.848584,-1.379104,2.080374,0.401604,2.886588,0.860491,-1.814595
1387,12849,2.698792,-2.614531,-0.371658,3.431099,-1.531451,-1.673987,-0.404339,3.122163,0.920068,3.631338,2.095991,-0.781786
1387,12850,2.354639,-1.894594,-4.583171,-1.444827,-1.363851,-2.696473,-4.361409,2.591442,-0.281528,2.802631,1.489691,-3.276248
1387,12851,2.041522,-2.010462,-1.895277,-3.824959,-0.998474,-2.594635,-2.354467,0.998838,0.305308,2.249033,0.837153,-2.160750
1387,12852,1.094557,-1.698294,-3.936320,2.908025,0.596413,-2.149587,-3.427212,2.481619,0.731098,2.726605,1.320955,-1.578898
1387,12853,2.311459,-1.319973,-1.278946,-0.224492,-1.609910,-0.877112,-1.116758,2.133074,0.886840,3.113547,1.303598,0.124569
1387,12854,2.155329,-1.325492,-1.813298,-1.780949,-0.651640,-2.463647,-0.753801,3.917261,-0.570459,3.332065,0.931422,-1.200260
1387,12855,3.490303,-1.857194,-2.503201,2.708236,-0.351092,-2.822662,-1.183846,2.186909,1.067514,3.153533,2.338070,-0.364376
1387,12856,2.273787,-1.083854,0.045554,-1.241458,-0.350336,-0.812235,-2.495401,1.829888,0.220638,2.474448,0.335352,0.535739
1388,12857,129.763121,-0.043055,-3.686488,-205.372937,-2.730578,-1301.659180,-1.875253,254.268980,-46.069898,4.392262,0.846800,0.939886
1388,12858,109.219632,-0.923577,-2.593355,-77.342370,-3.705126,-1011.415726,-1.005861,320.654150,-237.155023,2.863644,0.414395,-0.034052
1388,12859,117.537287,0.008128,-2.728642,-334.728765,-3.560651,-880.523672,-0.653971,225.244013,66.075192,2.841442,1.274681,-0.548202
1388,12860,150.400482,0.124314,-1.210200,405.860410,-4.074363,-1032.791605,-2.580494,249.114519,-13.094056,4.075292,0.624966,0.411987
1388,12861,109.125948,0.109547,-1.072964,-70.482476,-3.604155,-995.887810,-0.690482,163.556366,343.144885,3.977807,0.506085,-0.693014
1388,12862,161.068417,-0.229021,-2.871499,130.828153,-3.343286,-1330.338662,-1.699143,288.796405,129.223520,4.043265,-0.226704,-0.148462
1388,12863,148.531625,-0.697450,-1.473135,20.916882,-2.667213,-851.254893,-1.640072,186.218356,183.840413,5.087067,2.014853,-0.539425
1388,12864,282.155984,-0.322111,-2.403455,437.573247,-3.868654,-557.963098,-0.971908,393.169658,-65.709120,4.460536,0.146922,0.057847
1388,12865,180.855232,-0.037037,-3.091084,211.041422,-3.831195,-912.710663,-3.480092,395.061148,235.112264,3.946141,1.093947,-1.637697
1388,12866,168.781936,-0.531903,-3.000745,-83.147943,-2.816611,-718.766672,-0.507984,120.488466,-8.224573,3.454836,0.460192,-1.540311
1389,12867,3.306941,-2.000165,-0.743757,0.829144,-0.094838,-3.283356,-2.763197,3.786725,1.290656,1.482517,0.719751,-1.317691
1389,12868,2.378238,-1.905708,-1.658695,2.011228,-0.426886,-4.497412,-4.081273,2.865873,0.818822,2.439715,1.392997,-2.240588
1389,12869,1.498357,-0.864147,-2.754750,-2.462112,-0.705550,-3.893975,-4.336547,3.128162,0.487939,3.192172,0.500395,-2.043380
1389,12870,3.113098,-1.982048,-1.409979,2.503366,-2.473805,-3.037869,-2.285136,1.032076,1.010948,3.012550,1.544713,-3.382268
1389,12871,0.903771,-1.022816,-2.498860,2.905338,0.701001,-3.432549,-3.516147,2.120220,0.971391,4.071672,2.001849,-1.220380
1389,12872,1.488561,-1.795073,-1.683512,-0.686649,-0.631083,-0.885626,-1.197537,1.006203,0.821267,2.518585,0.148299,-3.012219
1389,12873,2.183084,-0.175062,-1.880899,-2.466713,-0.987646,-3.554575,-3.097592,2.740312,1.851610,3.588800,1.192215,-2.595768
1389,12874,3.106632,-2.283563,-1.016051,5.457150,-0.054763,-4.221662,-2.856375,2.525998,1.348623,2.481731,0.899035,0.400377
1389,12875,4.467349,-1.700009,-1.787687,-0.218642,0.056145,-2.551345,-3.114510,2.149901,0.546440,3.420915,1.928871,-3.722752
1389,12876,2.363315,-2.218845,-1.503431,0.888593,-0.741374,-1.977795,-1.115234,1.904362,-0.151688,2.595169,1.370843,-1.359105
1390,12877,200.480708,1.303928,-2.756302,272.332250,-3.969565,-910.518491,-1.433128,282.603418,145.484802,4.180423,0.710187,-0.439383
1390,12878,185.072853,-0.980137,-3.130446,-7.779865,-2.397310,-214.441473,-1.900450,352.146498,38.079686,4.940716,1.181809,2.209122
1390,12879,252.530098,0.421228,-2.674581,310.114508,-3.560580,-241.174396,-0.315821,240.613997,136.372586,4.417793,0.488641,-2.285874
1390,12880,328.599752,-1.156336,-3.148898,628.946676,-2.526850,-935.772506,-4.746377,178.643265,-12.963492,5.829224,-0.143839,0.128938
1390,12881,367.835389,1.178340,-4.084506,80.583753,-3.148402,-180.005042,-1.296084,319.656771,194.281048,3.787847,1.562697,-1.271307
1390,12882,178.616457,-0.554323,-3.729365,57.552955,-2.461159,-521.441357,-3.651262,300.342584,17.126433,4.443367,-0.206730,1.074612
1390,12883,232.734059,-0.245854,-1.447794,-339.700979,-4.017529,-582.650660,-1.706601,246.967022,128.067048,4.457116,0.508873,-1.172230
1390,12884,223.637493,-0.449530,-3.341771,606.048823,-3.134150,-927.010441,-2.091144,147.449200,73.577534,4.538641,1.056021,-0.015772
1390,12885,218.479330,-0.913844,-2.979705,94.409770,-3.091814,-896.534107,-3.233603,212.984743,212.297877,4.816854,0.650037,0.501271
1390,12886,139.283412,-0.825698,-4.364028,301.145127,-3.072842,-1494.643674,-4.202924,304.292073,65.991272,4.819610,0.875277,1.389733
1391,12887,239.158084,-0.309553,-2.045315,276.971037,-2.690534,-464.845135,-2.232213,173.867115,137.833991,4.381424,-0.065627,-1.184171
1391,12888,154.626203,0.099645,-2.749884,-340.018589,-2.460080,3.557425,-3.119689,302.740700,82.628102,4.926806,1.703484,0.297667
1391,12889,150.207320,-0.816429,-2.711291,138.072095,-4.926862,-489.732884,-2.495581,190.258013,273.264957,3.885693,0.631872,-1.996353
1391,12890,173.379428,-0.406945,-4.330491,-2.897174,-3.303223,-167.348540,-2.383641,366.140385,29.726614,3.722444,0.893954,-1.187294
1391,12891,344.626300,0.908888,-2.420858,31.445758,-3.710260,-408.570097,-2.772304,396.958687,148.497865,4.406649,0.691307,-2.104500
1391,12892,160.518213,0.042205,-4.733230,192.118135,-3.164543,-1677.423917,-2.363764,269.034985,130.053394,4.503484,0.744291,0.299717
1391,12893,122.434113,0.052825,-5.299327,170.440528,-3.735323,-556.511799,-4.678852,398.514719,57.935869,3.935085,0.679847,0.450182
1392,12894,160.758417,-1.215196,-1.418932,-192.682534,-3.291807,-962.084941,-3.231667,107.192374,-71.756238,4.751093,0.950834,0.335120
1392,12895,317.460799,-0.793220,-4.430334,40.365690,-4.303572,-260.431632,-0.502018,313.541597,287.700133,4.593048,1.031392,0.981220
1392,12896,239.264107,-0.894223,-5.141163,47.722951,-3.511758,-1079.194209,-1.235312,433.897746,86.252840,4.201216,0.809980,1.343143
1392,12897,63.586614,-0.645230,-4.688741,72.304786,-2.886947,-759.546417,-2.020017,445.722385,91.190373,4.494987,1.304379,1.248879
1392,12898,104.226911,-0.282010,-3.372515,61.209757,-2.703169,-1179.735994,-0.720941,74.351318,-12.437214,5.090134,0.050873,-1.426218
1392,12899,244.740522,-0.189050,-2.819571,390.152108,-3.172775,-1178.200708,-1.862531,294.231235,80.431226,4.628392,1.035820,0.711382
1392,12900,200.108003,0.581252,-1.291875,99.183970,-2.486708,-481.678681,-1.858665,154.305565,-17.517378,3.772668,1.922438,-0.344978
1392,12901,91.153891,-0.690113,-2.872695,169.864940,-1.609829,-557.082139,-2.005451,297.765921,234.670463,4.823735,-0.089431,-0.926148
1392,12902,246.539301,-1.227804,-3.011898,24.002597,-3.826239,-466.198172,-1.572530,380.432537,285.916201,4.365443,1.305229,0.019870
1392,12903,162.985802,-1.362642,-2.237080,193.071310,-5.230245,21.769679,-0.283698,172.648898,-91.118452,3.050600,-0.054940,-0.279609
1393,12904,226.086718,0.689016,-2.703084,24.787952,-1.799588,-441.095962,-1.739045,304.006245,148.627799,4.338753,0.245245,-0.621502
1393,12905,196.088213,-0.496382,-4.263452,44.774423,-4.330218,-148.372390,-3.385577,420.230845,304.559924,4.903677,0.750404,2.984973
1393,12906,169.017617,-0.267681,-4.115358,58.541809,-2.816846,-81.415595,-2.914383,219.098984,-132.947388,4.290978,2.533445,-1.091319
1393,12907,103.935036,-0.260455,-3.551566,-79.399734,-3.983445,-303.289008,-1.253191,463.684541,-148.826616,5.287624,0.504933,0.231966
1393,12908,246.489682,0.208939,-3.713526,23.231394,-3.344822,-269.355547,-3.202290,389.759541,45.887561,3.216122,0.103320,-2.201362
1393,12909,268.626401,-0.745670,-4.916214,310.976982,-2.597096,-561.205130,-3.789698,207.615623,112.480798,4.545520,0.976726,0.135949
1393,12910,268.448535,0.096764,-2.686060,1093.599886,-3.788962,-634.916709,-3.508150,285.468902,103.239580,4.289156,0.230964,0.684102
1393,12911,142.121827,-0.409421,-4.203784,351.151913,-3.127183,-910.983747,-2.553547,197.067143,130.935155,4.095406,0.179498,-1.377787
1393,12912,213.295860,-0.800758,-3.206325,19.057042,-3.091065,-1280.809381,-1.588266,132.153502,113.482870,5.103105,0.465421,-1.532118
1393,12913,143.057972,-0.422418,-2.723956,272.360978,-3.314726,-1881.325335,-2.215569,201.210511,25.323386,4.483729,0.192878,0.161499
1394,12914,2.905920,-1.938856,-1.316602,0.979480,-0.009324,-4.078510,-4.174528,3.293920,1.328716,2.488353,1.458385,-2.254776
1394,12915,3.105218,-3.165391,-4.041296,4.740703,0.904739,-4.555639,-1.481086,2.695489,0.433063,3.347859,1.695490,-1.444062
1394,12916,2.344700,-2.349962,-3.958591,0.525601,0.359609,-3.607569,-1.947136,2.674793,-0.148765,3.135132,1.318681,-0.035705
1394,12917,4.207881,-2.165575,-0.533939,1.376137,-1.346121,-0.526582,-2.360800,2.608237,-1.520615,1.690773,0.300997,0.466231
1394,12918,2.173354,-0.899798,-3.422466,3.579489,-1.655931,-0.330522,-1.313490,3.446903,0.273438,3.446893,1.480630,-0.884461
1394,12919,3.360252,-1.139240,-0.873873,-1.143434,-0.502872,-2.028623,-2.163078,3.104694,0.881489,2.045012,0.646841,-1.845906
1394,12920,1.793719,-1.564040,-0.518596,2.204164,-0.983898,-1.157771,-2.195312,1.573981,1.001475,2.664117,0.574316,-1.517061
1395,12921,2.963687,-2.065987,-2.502592,1.109086,-0.906453,-6.460193,-1.214187,1.899125,0.500948,3.819435,2.003389,-0.742602
1395,12922,2.584948,-2.346158,-2.770766,0.102053,-3.013200,-3.925670,-2.214174,2.451066,0.153882,2.862200,1.324516,-1.284804
1395,12923,3.082053,-3.560814,-2.336804,2.665196,-2.195963,-0.738165,-1.740458,1.983727,1.709355,2.662940,0.665123,-1.184538
1395,12924,3.283646,-1.543936,-2.054229,2.704978,0.337138,-0.369937,-1.711099,3.243715,0.170900,3.620733,1.899138,-1.663465
1395,12925,2.345217,-2.331009,-0.767826,-1.904806,-0.629064,-3.946392,-0.919192,1.706049,1.668924,2.310582,0.028839,-3.096134
1395,12926,3.492138,-2.314243,-1.215520,-2.482007,-0.522412,-1.029342,-1.752534,2.552396,-0.436713,2.667669,1.285208,1.086147
1395,12927,3.615972,-2.324936,-2.621517,-1.624047,-2.080648,-2.395076,-1.597402,2.137333,0.712117,2.579809,1.196908,-0.692019
1395,12928,2.481093,-2.085875,-1.742462,-0.496009,-0.534374,-2.770576,-1.549043,1.543848,-0.016501,1.692188,0.820934,-0.448905
1395,12929,1.194576,-1.210995,-1.682185,4.696835,-1.372598,-1.621355,-1.393824,2.181843,0.517711,1.535703,1.302795,-1.794031
1395,12930,1.901529,-2.351887,-2.200946,1.250579,-1.771108,-5.501340,-4.814721,3.182539,1.148580,2.704048,0.626226,3.298716
1396,12931,2.696495,-1.110733,-2.655555,-2.797674,-1.161428,-1.781172,-0.950005,1.487416,0.620658,2.990718,1.344171,-0.313804
1396,12932,3.459258,-1.822534,-2.392949,3.534369,0.351390,-2.005677,-1.975696,3.240194,0.331910,2.104945,1.138656,-2.764966
1396,12933,1.469222,-3.048063,-3.842805,-2.249430,-0.239335,-3.816227,-2.233553,4.368128,0.455995,3.482091,0.060262,-2.469139
1396,12934,1.936145,-1.512318,-1.823089,-1.623247,0.350565,-1.443341,-1.871275,2.195620,0.208955,2.621621,1.535067,-0.741124
1396,12935,2.602521,-3.759883,-3.591617,2.126372,-0.043836,-2.814215,-0.931933,1.926106,1.535140,2.839226,0.991963,-0.861710
1396,12936,1.776534,-2.212881,-2.851738,2.170138,-0.200987,-4.383645,-2.627220,2.259170,-0.192070,3.321449,2.087124,-2.002483
1396,12937,2.096481,-1.615135,-2.986258,-0.062026,-0.646345,-3.876854,-1.158827,2.111364,-0.134043,2.795675,1.055325,-0.113089
1397,12938,147.022348,-1.012526,-2.442405,16.188283,-2.346473,-446.508033,-2.048426,221.679540,39.553912,4.022273,0.155285,0.279288
1397,12939,221.507138,0.960904,-3.760168,-75.832857,-2.666576,-563.066280,-0.199987,335.806995,-52.975133,4.931059,1.062136,1.427694
1397,12940,249.772491,0.772119,-2.385476,309.926991,-2.781032,-781.711535,-4.415358,273.140035,44.199989,4.654100,2.232937,-1.700859
1397,12941,174.081682,0.426130,-3.007695,341.450365,-2.126813,-1430.410235,-3.608240,177.919184,-81.432932,4.388744,0.978180,-1.683860
1397,12942,179.913313,-0.068006,-2.843682,-2.875943,-3.082353,-722.461150,-4.877052,227.365019,100.459133,3.387646,1.472195,-2.245962
1397,12943,168.600308,0.757266,-2.472091,-136.588079,-4.402979,-384.862112,-1.577554,204.509948,-104.094728,3.924391,0.416431,-1.101267
1397,12944,103.229868,-0.091972,-2.700259,22.695296,-3.716211,-233.047349,-3.456399,503.186677,-193.078805,4.285159,-0.880213,1.166700
1398,12945,2.866567,-2.152008,-0.998533,1.677101,-1.693206,-2.417551,-0.168108,3.034345,2.293488,3.086243,0.497742,-0.383217
1398,12946,1.367207,-1.895985,-0.870546,-1.034447,-0.602697,-2.849742,-3.089568,2.460327,0.658664,3.043216,1.402916,-1.575057
1398,12947,0.871060,-2.266073,-2.510177,1.775799,-1.691870,-2.948345,-1.467949,1.421965,0.518912,3.350942,0.652946,-1.202786
1398,12948,3.098103,-2.235738,-2.201916,2.857049,-1.298983,-2.552160,-2.146422,2.298284,1.206378,2.182053,1.347185,-1.191205
1398,12949,0.288787,-1.758952,-3.370928,-0.321880,0.052348,-0.381220,-4.248214,2.265478,-0.467166,2.482517,0.199177,-0.695768
1398,12950,1.829436,-2.894996,-4.659377,1.654238,-0.542233,-3.359607,-4.136372,3.345310,0.588009,2.883190,-0.041131,-0.569580
1398,12951,3.052633,-1.560122,-2.288965,-1.822937,0.559682,1.222813,-2.787062,1.884604,0.409329,3.359604,0.725139,-2.854140
1398,12952,1.252914,-2.682886,-2.969782,1.252301,0.177178,-0.938821,-4.333988,3.315094,1.097820,2.561301,0.898399,-0.632645
1398,12953,1.038891,-2.145871,-0.851382,-1.817265,-0.722128,-3.590966,-2.655203,2.434652,1.251944,3.202140,1.025743,-0.254769
1398,12954,1.619133,-2.505278,-3.196811,-0.031710,-0.971891,-4.465583,-1.937722,1.588841,1.044734,1.574747,1.647514,-2.456288
1399,12955,178.270826,0.064884,-2.844354,-11.953383,-3.967933,-1380.202467,-3.845111,289.621941,50.887015,4.905069,1.398709,-0.631805
1399,12956,279.671852,-1.057150,-1.890376,110.517189,-4.539405,-85.753646,-3.010179,191.765188,70.787375,3.499184,0.132138,0.244268
1399,12957,136.795742,-0.483483,-3.327942,485.262451,-3.297554,-992.860071,-4.045712,303.063765,84.390178,5.100354,0.219039,0.524972
1399,12958,186.267984,1.551647,-3.223127,56.780309,-2.768294,-686.936481,-1.105759,191.267251,78.502006,3.930216,0.622631,0.264729
1399,12959,166.678841,-1.438418,-2.920383,348.951045,-3.621754,-1387.886594,-1.763707,316.011674,292.858939,3.773258,1.161608,0.029463
1399,12960,214.010808,-0.299189,-2.028950,74.501983,-3.324954,-615.815333,-2.189633,200.649362,-154.221092,4.255194,0.870144,0.157389
1399,12961,258.684922,-0.334197,-2.749065,78.318133,-4.035134,-1161.266929,-1.260745,250.224262,-141.064314,2.488547,0.032251,0.137253
1399,12962,145.424812,-1.469887,-1.862687,-19.924950,-2.486959,81.349032,-2.120310,365.858960,-109.309823,4.819185,1.395077,0.667887
1399,12963,243.755775,0.271581,-2.495611,3.097853,-2.874757,-274.900179,-2.471319,380.755956,80.644976,3.940812,0.637760,0.318963
1399,12964,149.180307,-0.270367,-3.412468,-561.058918,-2.519902,-69.245413,-4.408293,365.175924,171.114326,3.869312,0.994679,1.187962
1400,12965,3.713315,-2.127863,-2.587883,2.969985,-0.073717,0.102705,-2.063037,3.413324,1.104386,3.938243,1.893886,-1.639760
1400,12966,1.790092,-2.109886,-2.842793,2.001281,-1.691679,-1.776418,-2.186986,2.685786,-0.676154,1.842694,1.121217,-0.681482
1400,12967,0.990532,-2.096349,-1.740874,0.360636,-0.110181,-3.525216,-2.070603,1.389334,0.441401,3.303888,0.930809,-2.001093
1400,12968,2.598855,-2.561152,-1.712551,0.140863,-1.431594,-2.867188,-3.776038,2.477411,0.085763,3.082092,3.183741,-1.851407
1400,12969,3.319977,-1.841629,-2.386287,1.762279,-0.581487,-3.703661,-0.510637,3.063367,0.651120,1.347723,1.300342,-3.455298
1400,12970,3.015667,-1.763558,-1.543267,2.805803,-0.514661,-2.654205,-1.369248,2.862751,0.042108,2.074736,1.006747,-2.802147
1400,12971,3.498742,-1.194957,-1.803452,0.010693,-0.360875,-0.581510,-2.140155,2.210767,1.366535,2.720276,1.138505,1.242138
1401,12972,3.661294,-2.116765,-2.891763,0.240562,0.053868,-4.824287,-1.751453,3.565767,1.003493,2.129584,0.711749,-2.547538
1401,12973,2.867237,-1.218845,-1.471988,4.229021,-0.348876,-3.981151,0.137074,1.596666,0.822208,3.773336,1.407896,-1.375033
1401,12974,0.946389,-1.491965,-2.480366,1.022651,-0.785353,-1.387069,-1.765282,2.012665,0.859815,2.820781,0.695869,-1.364722
1401,12975,0.470452,-1.680019,-2.375610,0.707825,0.126939,-0.100362,-1.705636,1.209850,1.759050,2.873728,1.243402,-1.234709
1401,12976,3.984448,-3.142605,-2.727981,3.062023,-0.785377,-2.677035,-1.238909,2.479577,0.239859,3.917891,0.237376,-2.266821
1401,12977,2.718963,-2.636028,-0.872232,0.570272,-2.459327,1.728171,-1.789276,2.845422,0.469543,3.036659,0.112920,-1.338238
1401,12978,2.557921,-2.236375,-0.914582,-0.236619,-0.423387,0.632207,-2.113930,1.445730,0.334479,2.564601,0.913361,-0.248917
1401,12979,3.238231,-1.233175,-2.399121,3.967657,-0.797084,-4.324567,-2.604420,1.305971,0.760117,3.261028,0.316064,-0.200107
1401,12980,1.738788,-1.477891,-2.939360,-0.950326,0.019755,-3.649912,-1.865161,1.696009,0.503210,3.333596,0.237915,-0.386678
1401,12981,1.590351,-2.768553,-1.532715,-0.188478,0.039620,-3.758665,-1.338661,2.350120,0.617978,2.706076,1.479252,-0.614746
1402,12982,1.074167,-2.209665,-2.189808,3.268231,0.390709,-4.820963,-1.773427,1.782102,0.690001,4.113851,0.925279,0.350908
1402,12983,1.005966,-2.144662,-1.134801,0.587909,-0.944312,-2.262993,-1.399604,0.800567,0.179541,2.371025,-0.057769,-1.460735
1402,12984,1.929395,-1.459217,-3.927270,1.033535,-1.151962,-4.120147,-2.328676,2.089351,0.458770,2.787760,0.601837,-1.187029
1402,12985,2.072282,-2.289783,-1.783414,-1.050754,0.361672,-0.646085,-1.539568,2.771155,0.691437,2.632543,1.313459,-2.469172
1402,12986,2.006646,-1.742261,-2.897259,1.504191,-1.178358,-1.357990,-3.284054,1.680599,0.346121,3.113396,0.845912,-0.242793
1402,12987,0.420130,-1.397019,-1.365595,0.969177,-0.504502,-1.244866,-3.815600,1.261341,0.726289,3.186501,1.523552,0.670818
1402,12988,3.083152,-1.796099,-1.378821,2.767050,-0.120053,-4.188846,-1.227313,2.029634,0.814770,2.876034,1.340555,-2.455578
1402,12989,4.588236,-2.806146,-3.438649,0.015696,-0.981979,3.885704,-2.048413,1.862874,0.406214,3.623891,0.768279,0.339809
1402,12990,3.219619,-2.772401,-2.900141,2.379792,-0.949161,-3.639979,-0.997185,4.090766,1.767359,3.431827,0.383705,0.112289
1402,12991,3.199482,-2.213095,-2.017268,0.409454,0.057355,-0.671709,-4.065544,2.594315,1.267189,2.112118,1.166171,-2.275410
1403,12992,117.342765,-0.521776,-2.361466,169.064893,-2.399704,-310.230649,-3.581519,210.628246,-4.427931,5.194010,0.640512,0.218333
1403,12993,72.574391,-0.919504,-3.469919,308.300975,-2.878609,-1203.758706,-4.597476,304.203559,67.566335,4.189706,-0.035874,-3.026298
1403,12994,170.624751,-0.676946,-3.143845,-73.821201,-3.112465,-162.131406,-2.033973,380.902407,137.502081,3.139572,0.795882,0.103494
1403,12995,167.337422,0.896030,-4.371364,204.927115,-3.773487,-1611.319926,-2.548656,263.483865,22.041110,3.158594,0.210076,-0.989297
1403,12996,168.600608,0.324149,-1.455132,-125.039184,-4.140714,-647.706551,-3.047238,262.583689,172.349687,3.997825,1.533934,-2.646936
1403,12997,315.912829,0.129229,-3.061632,171.013165,-2.075625,-390.248880,-3.884811,-13.275228,49.498658,4.305682,0.729685,1.719857
1403,12998,311.137802,0.893147,-2.893253,377.110544,-3.955205,-715.529911,-4.084568,237.869030,-161.572599,3.546500,1.204653,-0.391286
1403,12999,218.494452,0.673456,-2.152918,164.496658,-3.841165,-998.776938,-2.728250,225.942859,196.998956,3.932984,0.808043,1.190939
1403,13000,172.959465,0.187519,-2.436311,161.367791,-4.430691,-1009.609028,-2.642448,350.682912,-211.604697,4.461928,0.345034,-0.842405
1403,13001,189.740591,-0.332545,-2.629418,-189.097421,-3.192680,-946.896797,-4.236019,335.895649,-19.857000,3.730248,0.411476,0.435602
1404,13002,2.864475,-2.203664,-3.196320,1.007288,1.349720,-2.675404,0.821773,2.261288,0.289408,2.678666,1.120197,-0.043433
1404,13003,3.153986,-2.315985,-0.695731,0.717858,-0.972358,-1.099993,-0.610575,2.456214,1.054976,2.948168,1.545837,-2.297008
1404,13004,3.547925,-3.541762,-1.861300,2.642666,-0.183984,-1.817083,-2.310929,1.000694,0.120979,2.554796,1.067870,1.522420
1404,13005,2.534795,-2.372940,-1.852224,-0.165248,-0.128486,-2.657240,-0.469354,0.157316,0.536750,2.223611,2.295776,-0.039239
1404,13006,3.422293,-1.914674,-3.722205,-2.669624,-0.026969,-1.707948,-0.607885,0.988296,1.496701,3.418266,0.922707,-2.376164
1404,13007,3.006766,-1.931406,-2.236212,-0.485743,-1.360820,-2.217149,-1.109693,2.692143,0.343700,2.073676,1.042028,-3.146450
1404,13008,1.801322,-2.210494,-0.981243,-0.989254,-1.834200,-3.845695,-3.383794,0.769028,0.431385,3.595765,0.537268,-3.817042
1404,13009,1.044093,-2.069930,-3.601736,4.506563,-1.332833,-6.720445,-3.807697,2.747432,0.460649,2.174213,1.273901,-2.778725
1404,13010,2.573791,-2.301765,-3.142972,0.654664,-0.633872,-1.746305,-2.810637,2.157040,0.494830,3.995330,0.590404,0.577974
1404,13011,2.009796,-2.918657,-2.309380,0.934144,0.194517,-6.239570,-3.450917,3.869390,1.073521,3.358043,1.679360,0.673400
1405,13012,156.345283,0.036302,-4.211041,298.787749,-2.000744,-651.788563,-3.809355,156.641979,9.719651,3.649213,0.485469,0.031680
1405,13013,194.398353,0.020046,-2.543886,61.965027,-3.171953,-527.353316,-1.286284,272.831485,70.096791,3.716432,0.794074,-1.078356
1405,13014,162.238833,0.900466,-2.371496,261.419517,-3.158781,-317.832016,0.562509,74.412557,73.216429,4.285581,1.616137,0.547309
1405,13015,133.389264,-0.536772,-2.428196,-29.495294,-3.038799,-600.810792,-1.631458,246.975430,-90.680472,4.103157,1.684923,0.252820
1405,13016,62.990005,1.240894,-2.104494,113.442473,-3.874923,-884.340569,-3.871398,-30.002766,151.119549,4.706665,1.384786,-1.333125
1405,13017,121.890939,1.218524,-3.601068,443.304072,-3.221543,-542.750321,-1.253444,297.884299,112.393649,3.611658,1.302295,1.419472
1405,13018,264.097546,-0.230705,-3.633677,83.099545,-3.849797,-1394.214908,-1.955569,239.546909,289.159249,4.469612,1.248288,-0.373752
1405,13019,347.983883,-0.935433,-4.565575,300.734075,-3.966170,-605.991413,-2.187984,145.118825,117.256137,4.513850,0.233324,-1.881392
1405,13020,169.017812,-1.403657,-3.425323,285.686177,-2.343920,-124.231654,-2.934566,161.319102,-50.371238,4.819216,1.787982,-2.265283
1405,13021,75.533046,-0.370007,-1.135078,-148.238892,-2.954792,-1151.979012,-3.845090,244.119194,176.167356,3.743766,0.311031,0.188060
1406,13022,189.478987,-0.298097,-1.105670,-148.641770,-3.968464,-698.797461,-1.289330,438.556325,-47.737124,5.052698,1.581919,0.770086
1406,13023,96.456130,-0.470412,-2.816220,38.790862,-3.120136,-915.952193,-1.522050,314.078331,-38.459769,4.990470,1.975981,0.938659
1406,13024,134.993028,-0.283147,-3.017222,503.128568,-3.017954,-213.578718,-0.697180,191.408426,179.166692,2.525043,0.623738,-1.830975
1406,13025,247.600079,-0.437366,-1.490068,-152.444546,-2.928672,-881.207130,-1.391095,288.468532,-1.546700,3.585111,0.844721,0.628921
1406,13026,119.597372,-0.249570,-2.898733,43.681662,-2.307413,-1074.132342,-0.947651,11.804761,17.446047,3.393587,0.978729,-0.616288
1406,13027,251.122509,0.114854,-1.634862,-94.313598,-4.580364,748.559537,-2.989872,308.294109,112.896549,3.676341,0.853536,0.258169
1406,13028,177.140260,1.163719,-2.702709,353.478728,-3.164817,-1477.368484,-5.460982,393.130159,198.440529,3.946132,1.574288,-0.354201
1406,13029,374.840668,0.101332,-4.280337,101.269224,-4.531668,-1003.880367,-0.292516,146.104122,66.134904,4.831364,1.386399,0.373993
1406,13030,197.805906,-0.101035,-2.629876,-38.804169,-4.102894,-913.037767,-4.372063,388.036682,114.387803,4.667718,0.918743,-1.084317
1406,13031,122.068355,1.126866,-2.575295,-463.288301,-4.204314,-710.527114,-0.946029,335.291505,116.466239,4.342718,0.869032,-0.249828
1407,13032,2.197037,-3.333376,-2.656881,0.873132,-0.632178,-2.165443,0.222339,2.913745,0.103539,3.307468,1.054599,-4.248695
1407,13033,1.540006,-1.581110,-1.946030,-1.580781,-0.021540,-0.826655,-2.371137,1.856972,1.673129,4.568371,0.709685,-1.843475
1407,13034,1.710870,-2.103006,-2.327362,2.056311,-0.000191,-4.490665,-2.250809,3.938809,0.386778,2.340463,0.603635,-0.602959
1407,13035,2.149132,-2.247057,-2.470780,0.048506,0.219204,-5.218504,-2.127042,1.506660,-0.326013,2.817180,2.193432,-1.912667
1407,13036,1.791839,-2.109109,-2.147377,-3.979918,-1.070344,-1.282128,-4.594143,2.466773,-0.225862,3.601652,1.329318,-0.556355
1407,13037,2.495702,-2.403453,-3.628064,0.738404,-0.055034,-1.323909,0.391854,4.044552,0.124633,2.249050,1.132748,-0.227381
1407,13038,3.693922,-2.436404,-1.723033,0.640329,-1.083497,-3.275816,-3.071708,2.089895,1.330009,2.745640,1.399710,0.904371
1407,13039,2.880162,-1.663651,-2.099979,-0.998452,0.340329,-2.747511,-0.236635,2.510615,0.157567,3.809439,0.976176,-0.044235
1407,13040,1.892935,-3.108557,-2.351615,3.928239,-0.327215,-0.525652,-2.070154,2.867379,1.084823,1.482324,0.938042,-1.919909
1407,13041,5.048850,-2.480253,-2.878054,-0.344785,-1.038978,-2.005554,-2.786949,1.605705,-0.353066,4.990864,0.920933,-0.863592
1408,13042,142.273392,0.760728,-3.046340,76.126987,-3.379609,-897.173541,-1.744390,230.523887,124.143181,4.554867,1.500502,0.404605
1408,13043,167.738373,0.866168,-4.952219,235.544265,-3.481652,-1046.877718,-2.257914,342.325125,119.095826,4.312974,0.876136,1.561699
1408,13044,131.166009,-0.805670,-2.873790,111.830965,-3.062001,-558.651395,-4.437520,305.667174,22.192812,4.088335,1.759465,-0.962717
1408,13045,140.865456,-0.002550,-2.148969,79.505504,-2.781747,-49.900847,-1.768849,104.607897,257.240524,3.250473,1.012656,-0.327789
1408,13046,121.432757,-0.425300,-3.055780,-243.652218,-2.793390,-858.359339,-1.028441,273.066341,57.408623,5.101035,1.662242,-1.031923
1408,13047,145.213555,1.554285,-3.888499,-18.543254,-4.293384,-1320.421655,-1.661256,492.816497,38.246798,3.415825,0.591259,-0.352071
1408,13048,163.322135,0.128639,-3.274301,-116.246106,-1.935566,-520.622209,-0.894263,204.319126,-13.760495,4.077884,1.280290,0.738322
1408,13049,214.796432,-0.427164,-2.459075,161.673535,-3.512386,-448.606507,-1.643059,203.157004,42.158211,3.781679,0.869708,-0.832102
1408,13050,87.024775,0.683895,-4.430548,401.385587,-3.413566,-965.703201,-2.117076,324.932217,-3.547964,5.465671,0.721938,0.908048
1408,13051,165.806712,-0.753558,-2.183239,151.395546,-3.129665,-398.221910,-0.915248,241.950347,173.580203,3.554666,1.486799,-0.089135
1409,13052,100.137636,-1.818079,-4.295432,-8.407150,-2.429864,-277.909748,-1.478359,331.160252,-37.003668,4.320431,-0.345286,1.022092
1409,13053,123.401116,0.250759,-3.524528,247.918765,-2.541555,-1411.207299,-1.393636,376.367869,24.221656,4.102580,1.087480,1.035614
1409,13054,214.684319,-0.080063,-3.725232,123.693953,-3.779429,-728.254209,-1.406939,240.068182,197.171063,3.510769,0.666632,-0.438389
1409,13055,148.730720,-0.060327,-3.215678,-442.636529,-3.276539,-711.748517,-3.998690,302.046324,163.550504,4.681643,0.944458,-1.019365
1409,13056,292.894111,-0.850628,-4.742525,-254.135926,-3.788374,-721.696363,-1.906973,308.846656,12.380304,3.935996,0.348384,-0.769408
1409,13057,233.187906,-0.580473,-3.502985,-41.364847,-4.479969,-499.590062,-3.337599,201.207161,155.730789,4.119315,0.216450,-1.534500
1409,13058,110.707428,0.098536,-1.913049,-141.218935,-3.058358,-154.105745,-2.904648,385.697675,-42.991400,4.308993,-0.150561,1.199880
1409,13059,244.666923,-0.010984,-2.367636,19.892943,-3.553078,-447.901868,-0.942682,270.638280,-81.353926,4.044216,0.446353,-0.475972
1409,13060,69.731569,-0.223397,-4.845660,75.287435,-2.917156,-932.601370,-1.668835,343.833125,150.105674,4.823277,0.330715,-0.839712
1409,13061,177.401491,-1.119094,-2.645982,617.042890,-2.274896,-278.123870,-2.507734,137.547065,-16.749022,3.093424,0.970443,-0.762239
1410,13062,233.800387,-0.140596,-3.269546,-264.363362,-3.676496,586.527004,-0.934817,342.600028,-76.369127,4.774549,0.407225,-2.867046
1410,13063,-35.047144,-0.690075,-2.867803,210.764579,-3.630399,-1086.168398,-2.881059,217.778107,253.638871,4.091703,0.215938,-0.062736
1410,13064,228.420579,0.050142,-3.541652,-15.780895,-2.965143,-133.429389,-2.515186,268.020751,-137.094151,3.496983,0.163166,0.755267
1410,13065,168.006929,0.020767,-2.835224,237.642765,-3.068255,-881.999168,-1.179069,89.884534,0.592390,3.877939,0.772195,-0.710302
1410,13066,166.957009,0.239077,-3.966702,345.410866,-2.859606,-885.287623,-3.840856,180.492406,52.143786,4.754505,1.425667,0.837005
1410,13067,272.700185,0.021001,-2.303004,409.117791,-4.170983,-641.922590,-0.059853,239.979255,-62.071183,4.877058,0.800108,-1.445488
1410,13068,209.880268,-0.555192,-2.454185,-175.544625,-3.233313,-497.595539,-4.894926,148.048749,-1.565538,4.333187,0.566904,-1.109386
1411,13069,3.629823,-1.822236,-1.094316,0.680932,-1.068214,-0.804142,-3.905878,0.897690,-0.098562,3.383209,0.969133,-0.134184
1411,13070,3.154084,-2.332036,-2.322990,2.051402,-0.707806,-0.337370,-3.112488,2.271023,1.110155,3.758860,0.129602,-3.320498
1411,13071,1.089096,-1.032917,-3.343959,-0.272528,-0.040229,-2.409277,-1.335903,2.908115,0.665632,2.376701,0.497487,-1.173653
1411,13072,3.566395,-2.396675,-2.813011,-1.175772,-0.262274,-2.283743,-1.892135,1.526727,1.255438,3.461134,0.895671,0.150256
1411,13073,3.018306,-1.546750,-3.888702,0.186231,0.225740,-5.065628,-2.074857,2.885150,0.423104,3.520228,0.616436,-1.841755
1411,13074,3.157416,-2.500616,-3.110225,-0.684382,-1.602719,-4.362816,-3.467544,2.451475,-0.454537,2.629676,0.903812,-1.103855
1411,13075,0.867059,-2.050489,-1.657325,0.218817,0.156021,-1.542900,-2.847815,1.418901,1.321943,2.740985,0.549899,-0.734571
1411,13076,2.757761,-2.365097,-0.862299,-0.441907,-0.993963,-0.320630,-4.538236,2.245895,1.135371,3.614327,0.811868,-2.284702
1411,13077,2.370850,-2.909968,-3.631832,0.157708,-1.328943,-4.358887,-3.606979,1.855308,1.323219,1.183129,1.160448,-1.034327
1411,13078,1.668954,-2.564720,-2.336617,-1.047478,-1.095078,-2.606205,-1.690447,2.707900,1.214716,2.286902,0.984916,-0.496148
1412,13079,1.901292,-2.308421,-2.482809,2.984725,-1.210043,-0.746687,-3.427965,1.943218,-0.257235,1.814129,0.781969,-0.607074
1412,13080,2.056778,-1.943453,-2.892070,3.241991,-1.082333,-2.574282,-2.668158,1.050214,-0.146943,3.098802,0.798479,-1.937705
1412,13081,3.698812,-1.945559,-1.868889,2.352334,-0.756079,-1.649121,-1.888717,2.278924,1.147399,2.758964,1.115473,0.941603
1412,13082,3.676554,-2.492072,-0.134653,3.633576,-0.249951,-2.711368,-0.765814,2.829383,0.990646,2.349385,0.316004,-0.807502
1412,13083,3.938087,-2.186678,-2.745206,-0.437934,0.134624,-3.531396,-4.694881,3.146802,0.479848,3.357518,1.368342,0.301355
1412,13084,3.394297,-2.901335,-3.102782,0.327545,-1.148976,-0.512083,-1.501786,1.833050,0.016514,3.043661,1.268083,-1.988578
1412,13085,0.884726,-0.917263,-4.427738,-4.320531,-1.007298,-2.238781,-3.731538,2.842621,0.084016,2.939886,0.999190,-1.966632
1412,13086,4.137372,-1.345739,-2.032223,1.770264,-2.298209,-5.468773,-2.134399,1.723419,0.235168,2.696772,1.396651,0.214040
1412,13087,3.142627,-1.310108,-3.421947,1.282947,-0.386959,-0.708149,-2.129982,1.915337,0.664567,3.778105,1.230985,-0.561679
1412,13088,1.256976,-1.477765,-3.390647,1.476827,-0.163244,-2.686588,-2.654011,2.599432,0.510312,2.484146,1.113679,-0.561651
1413,13089,213.615746,-0.118878,-3.322432,-294.723716,-3.466725,-1512.114317,-3.821141,346.914024,254.196330,4.493456,0.295482,-0.049788
1413,13090,141.190406,-0.420721,-2.619351,186.922730,-2.832503,-982.551265,-3.398437,363.081862,220.127124,4.251911,0.317226,-0.913194
1413,13091,123.474578,0.358126,-3.407370,76.765638,-3.482890,-284.217829,-4.195602,296.171244,143.477988,3.695023,1.067514,1.256369
1413,13092,79.473715,-0.996745,-3.924095,-45.314824,-3.902137,-235.765949,-1.053912,413.726137,229.543004,3.328756,0.334399,1.485720
1413,13093,194.206149,-0.774534,-1.052334,262.293360,-2.762448,-1053.267057,-4.478954,348.325975,13.004498,4.616348,1.810290,0.769584
1413,13094,40.340145,0.328361,-3.571680,25.679002,-3.395303,-705.473957,-3.344346,302.549273,64.073885,4.087342,0.958876,0.789900
1413,13095,376.494728,-1.371829,-3.098149,128.464352,-4.043854,-953.575452,-1.133499,309.605616,113.499379,4.818608,0.367137,-0.203650
1413,13096,140.443793,-0.072314,-2.507821,386.881904,-4.378245,-964.821458,-2.925422,194.961130,148.778677,4.117856,-0.236034,-0.002467
1413,13097,78.204584,-0.727127,-4.392797,363.350799,-2.363700,-1020.988388,-3.077668,413.319146,16.142622,4.712670,1.458342,-0.357553
1413,13098,159.309244,-0.346606,-3.591647,-26.011558,-4.985032,-472.038423,-1.752632,364.990020,268.244770,4.121152,1.060529,1.385417
1414,13099,152.080202,1.294800,-2.599052,85.891060,-3.714164,-585.811202,-2.535572,247.967814,157.393748,5.182235,0.480685,-0.587449
1414,13100,247.945730,0.428521,-4.766617,86.160441,-3.160970,-763.496526,-2.840123,406.063286,72.039013,2.884423,0.446308,1.261202
1414,13101,194.670612,-0.051212,-4.285819,697.831511,-3.358147,-974.867670,-2.582781,219.925796,-74.429253,4.624000,0.369216,1.347736
1414,13102,193.917344,-0.806739,-0.210015,471.918650,-3.659856,-579.813942,-3.201766,295.827911,-65.320300,4.745905,0.261698,0.958865
1414,13103,143.596816,0.686891,-5.481207,363.498923,-3.726726,-553.849833,-3.582591,255.681144,-78.311240,4.151920,0.434721,0.492930
1414,13104,221.764157,-0.174261,-4.384484,-141.663996,-3.784629,-1111.887579,-0.697790,239.397050,41.516564,4.361372,1.216462,0.216589
1414,13105,164.304955,-0.401580,-1.840157,404.689934,-3.231979,-316.609239,-2.289868,215.083518,-32.929232,4.631827,1.543271,1.531612
1415,13106,3.354634,-2.404609,-1.729837,1.109694,-1.549628,-2.825659,-3.146244,1.291783,1.005807,2.578949,1.338783,-0.987059
1415,13107,1.601024,-1.024440,-4.114365,2.894723,1.181494,-1.784413,-2.038201,3.466469,0.932522,2.246432,1.133329,-1.689727
1415,13108,1.099211,-1.874440,-1.903747,-2.501729,0.217184,-0.814149,-1.780394,2.099410,0.293554,3.153950,1.253625,0.015047
1415,13109,2.724381,-2.570470,-1.752147,0.918078,-0.322494,-3.797621,-3.527216,1.988258,-0.605635,3.521231,0.172259,-1.663934
1415,13110,2.555838,-2.813780,-1.800126,-1.556048,-0.204936,-2.802564,-0.459353,1.903717,-0.121714,3.572890,1.667161,0.473331
1415,13111,-0.341873,-0.556803,-0.841729,0.403081,-2.262158,-3.967583,-3.409669,3.101410,0.262771,2.371895,1.123256,-2.314807
1415,13112,3.858029,-1.958488,-1.993776,0.234936,0.739407,-3.447872,-1.930568,1.593151,0.649431,3.414920,0.944995,-0.463402
1415,13113,2.173403,-2.427472,-2.214337,2.077470,-0.699036,-3.595409,-3.208729,2.646656,-0.302701,3.345863,0.674869,0.396162
1415,13114,1.906142,-2.222184,-1.577966,0.005434,0.471344,-1.996828,-1.041269,1.005501,0.170221,2.809654,0.427768,-0.720755
1415,13115,1.487269,-2.299450,-2.838817,-0.320352,-1.650643,-4.335702,-3.807928,1.814216,1.116383,3.279983,0.717220,-4.198625
1416,13116,32.907577,-0.138548,-3.129958,205.599761,-2.598804,-278.503615,-1.306993,218.327623,-40.007175,3.671061,1.624186,0.683793
1416,13117,235.810683,0.157737,-0.943584,-9.353888,-2.785691,-409.675239,-3.233501,214.077709,68.803784,3.853128,0.305572,-1.605189
1416,13118,114.351741,0.793167,-2.535804,19.913958,-3.178090,-672.230576,-4.087456,246.139231,-134.225211,4.535190,1.537839,-1.209373
1416,13119,144.073270,-0.308728,-1.495936,317.223523,-3.929640,-1166.173328,-3.830596,325.473948,207.720474,4.158662,1.312662,0.160767
1416,13120,156.920466,0.768354,-1.841522,132.414051,-4.630944,-743.267641,-2.596559,190.384389,222.716826,4.405150,1.575630,-1.067182
1416,13121,189.689904,-0.865956,-1.202828,466.475082,-4.001462,-658.136464,-2.295776,264.646250,119.496922,4.241340,0.319153,-0.714506
1416,13122,190.843404,-0.214266,-2.200615,-21.457138,-2.093072,-538.066601,-3.058570,404.585209,-117.094382,4.314037,1.608234,-0.272551
1416,13123,175.299796,-0.343429,-3.019866,5.457181,-2.916692,-512.054460,-0.724993,171.960764,-44.231500,5.306701,1.108170,-1.748468
1416,13124,223.922007,1.125537,-2.114366,153.032925,-4.339903,-1437.670425,-2.286271,359.398550,219.711706,3.431438,0.719949,0.006455
1416,13125,119.334567,-0.938088,-3.552060,353.559995,-3.661120,-575.660294,-2.795577,194.843478,227.982714,3.496360,1.625260,-0.217651
1417,13126,171.904825,-0.465593,-2.739750,-229.976349,-3.987272,-36.932918,-2.270226,215.706955,151.944115,3.959765,0.045705,-1.458694
1417,13127,106.504491,-0.196383,-4.250781,-501.660132,-2.446599,-1344.118956,-4.424058,354.338831,21.315404,4.128385,1.349070,-0.295345
1417,13128,46.009016,0.410296,-1.233312,369.121141,-3.534974,-706.894306,-2.719653,241.412028,34.290045,3.656540,1.244558,1.324018
1417,13129,301.723698,-0.708416,-2.724078,236.978137,-3.479522,-646.816574,-2.998429,88.575875,-134.797555,5.146159,1.301204,0.329235
1417,13130,206.849802,-1.413949,-2.477762,-18.938374,-2.691465,181.694554,-2.428945,181.014411,-152.394517,4.484407,0.967447,-1.193139
1417,13131,204.605765,0.830138,-1.215999,-170.232839,-2.655650,-1001.166825,-4.047083,372.226910,135.188343,4.234240,1.272431,-0.993471
1417,13132,9.087609,0.256710,-4.081350,-257.609994,-3.410142,-666.531342,-0.554789,409.308129,-46.025471,4.515018,0.132815,-2.899309
1417,13133,229.282300,-1.739940,-2.632805,274.821921,-3.192096,-935.298405,-2.849445,-68.603343,156.070406,3.012392,0.521495,-1.579970
1417,13134,211.564684,0.819862,-3.149071,99.367016,-5.259796,-88.582051,-1.681858,397.663738,-48.492096,3.732473,1.300213,-0.200953
1417,13135,156.369870,-0.693231,-3.701634,-90.563169,-1.566466,-1141.040823,-1.491416,328.338842,102.101864,4.369893,1.073796,1.187015
1418,13136,1.343663,-2.075956,-2.687263,3.058584,-1.784190,-3.524603,-1.500052,2.594945,1.099054,3.195611,1.683468,-2.097490
1418,13137,2.318531,-0.123722,-1.898769,3.551156,-1.570468,1.612134,-2.053094,2.267477,0.038148,1.998922,1.165109,-1.687963
1418,13138,2.197358,-0.769982,-1.006858,0.445337,-1.023640,-1.312521,-4.545049,2.517504,0.966288,3.782740,0.642841,0.200392
1418,13139,3.286921,-1.963331,-2.058819,-2.122746,-1.602340,-2.553804,-2.619119,1.846131,0.113153,1.851050,0.887365,-1.849457
1418,13140,2.660994,-1.913048,-1.895363,1.939841,-0.954584,-1.205819,-0.522092,2.073725,0.778872,2.847189,0.651564,0.975818
1418,13141,2.911634,-1.843782,-1.747779,1.619715,-0.512243,-5.686051,-3.830632,1.391419,0.524148,2.655876,0.876904,-1.129688
1418,13142,1.951473,-1.500147,-3.972142,-1.329972,-0.669148,-3.665300,-4.539708,1.609942,0.624337,4.557768,1.352742,0.065244
1419,13143,1.862193,-2.903323,-1.981871,0.445217,-0.934227,-3.365136,-1.873444,3.660674,0.850061,3.502493,1.093112,-1.234222
1419,13144,2.949433,-1.226776,-2.594098,2.021501,-2.069798,-5.971252,-0.731061,2.924723,0.397063,3.604361,0.731975,-1.131343
1419,13145,0.776965,-3.213783,-1.651544,1.740913,-1.042445,-3.369630,-0.484037,0.991482,0.513938,2.766155,0.312842,-0.294049
1419,13146,2.438270,-0.990423,-1.741240,-2.000962,-1.261474,-2.403830,-3.964981,2.462503,-0.283472,2.599901,1.029617,0.603170
1419,13147,0.904239,-2.309673,-1.846360,-0.811796,-0.898810,-3.537361,-4.506526,1.471866,1.442408,3.155653,1.160485,-3.410377
1419,13148,1.935988,-1.836305,-1.190193,2.412600,-0.499316,-2.298793,-2.212342,1.162217,0.268901,3.257756,0.303908,-1.410115
1419,13149,3.261361,-2.203815,-4.292746,0.785470,-0.502493,0.267478,-6.657191,1.778821,0.867244,3.885936,2.393178,-0.806334
1419,13150,2.807599,-2.700338,-0.691075,-0.646671,-1.078338,0.436164,0.055892,1.790847,0.483877,2.196666,1.602619,0.186304
1419,13151,3.277073,-0.844452,-1.874493,1.773455,-0.420372,-1.549824,1.046817,2.915437,0.105360,3.243552,0.564096,-0.588980
1419,13152,2.976876,-2.233208,-1.041753,2.434526,0.473008,-2.820940,-2.859464,1.672138,0.708307,2.411260,0.207563,0.526525
1420,13153,1.020484,-1.749828,-2.833386,-2.142637,-1.549642,-2.712254,-1.111466,2.548273,0.799569,2.540340,0.994078,-1.516610
1420,13154,2.985839,-1.343812,-2.692348,2.820403,-1.750183,-2.366836,-0.357537,1.052147,1.057315,1.970376,1.112514,-1.109272
1420,13155,2.809749,-1.570105,-0.757207,1.050946,0.496477,0.943038,-2.836630,1.082981,0.410916,2.344057,1.860309,-1.365589
1420,13156,2.825733,-2.354747,-2.409314,1.791876,-1.048177,-4.839960,-3.487383,2.055624,-0.376423,2.689340,-0.843842,0.530055
1420,13157,-0.456783,-1.330754,-1.140108,1.566530,-1.353448,-3.586530,-2.495824,3.064853,0.314836,4.852829,1.095946,0.002979
1420,13158,3.837012,-1.325701,-2.453465,1.419437,-1.628964,-4.845276,-1.168672,2.013740,1.002197,2.146318,1.119654,-0.555413
1420,13159,3.230324,-2.538330,-3.662661,2.955672,0.783057,-2.899978,-3.054957,2.807734,0.766705,3.375895,0.516709,-1.823492
1421,13160,3.102970,-2.388821,-2.343097,0.087660,-1.617561,0.021614,-0.660537,2.099145,0.214279,3.187717,1.503453,0.967034
1421,13161,0.885514,-1.210630,-1.226774,3.529416,-0.495291,-1.227152,-1.541164,1.996058,0.060466,2.682114,1.242355,0.603266
1421,13162,1.313128,-1.406226,-1.361575,1.931437,-1.390934,-4.802894,-4.196286,1.352671,-0.852753,4.050140,1.391619,-0.145056
1421,13163,0.367492,-1.547208,0.258510,0.523218,0.117816,-0.940082,-2.801179,2.870745,0.037303,3.280554,0.279263,-1.263823
1421,13164,0.731598,-1.955516,-1.106826,1.359818,-1.084116,0.387308,-1.759918,0.833188,0.480734,2.984669,1.507957,-3.029965
1421,13165,3.669063,-2.563416,-2.113834,1.873067,-1.983915,-1.978498,-1.149258,1.717609,0.717488,1.780246,1.478054,-0.015009
1421,13166,2.145892,-2.761774,-5.555603,2.117285,-1.732687,-1.196228,-2.814739,2.300642,-0.056289,2.473618,0.645135,-2.186202
1421,13167,3.619874,-2.522274,-2.656321,0.389800,-0.654130,-1.104325,-2.171230,3.140624,0.216970,2.642475,1.178228,-1.195497
1421,13168,1.987039,-2.529610,-1.563308,1.213127,0.357515,-2.145471,-0.521621,1.612061,0.746938,3.102814,0.905047,-1.569667
1421,13169,3.253343,-2.518448,-1.336008,-0.119791,-1.785917,-3.697440,-1.733078,3.226358,0.429403,2.429402,1.317552,0.212598
1422,13170,1.321313,-1.774397,-1.483977,2.397183,-0.468432,-1.651279,-2.136062,3.386010,-0.046123,2.998967,0.334139,-1.250159
1422,13171,1.122565,-1.348742,-2.522571,2.862444,-0.450665,0.213364,-3.881520,3.479745,0.171294,3.259649,0.742850,-2.011531
1422,13172,3.719487,-2.117000,-3.094872,0.838510,0.800457,-6.100702,-2.467424,2.659588,1.001669,2.839338,1.503975,0.344584
1422,13173,3.430705,-0.743375,-2.134970,1.167693,-0.079479,-0.651176,-2.828628,1.750589,0.474816,3.313943,0.988828,-0.045340
1422,13174,3.433044,-1.694679,-2.707575,0.128438,-0.666189,-2.927351,-0.499240,2.396701,0.888474,2.308099,0.367436,-0.895366
1422,13175,1.677970,-2.344373,-2.920889,1.412079,-1.531112,-0.594928,-1.850503,1.906630,-0.422641,2.801377,2.435188,-0.795242
1422,13176,0.886624,-1.589689,-3.447982,4.026656,0.141759,-1.565028,-2.356018,2.729647,0.845937,4.296217,1.256302,-1.158888
1422,13177,1.975447,-2.954022,-3.366778,0.671020,-0.819300,-3.363462,-1.440193,2.270401,0.801423,3.595418,1.685129,1.858755
1422,13178,2.518626,-1.070507,-1.599439,3.029612,-0.669880,-1.589667,-2.630979,0.908597,0.014107,3.359327,0.199989,-1.002693
1422,13179,1.258160,-0.734756,-2.626792,1.614011,-1.037632,-2.330975,-2.034349,0.685959,0.674312,3.646719,1.577255,-0.825626
1423,13180,3.056562,-0.517145,-1.156141,1.073152,-0.475411,-1.017617,-3.278471,1.290324,1.165199,2.736751,0.262057,-1.726409
1423,13181,2.469000,-1.796756,-2.800377,1.981006,-0.559915,-2.669777,-3.166750,2.091375,1.554215,3.799369,2.039192,0.187825
1423,13182,2.202870,-2.171425,-3.772445,-0.026534,-1.521969,-2.057384,-2.230933,3.551185,-0.473904,4.268953,1.443948,-2.709132
1423,13183,2.658763,-1.949428,-1.963667,0.806011,-0.882763,-2.086668,-1.615971,2.159134,0.632560,3.340825,1.293592,0.316569
1423,13184,0.383189,-2.235754,-2.197823,-0.253227,-0.664239,-1.234980,-0.804885,1.213034,-0.343125,2.989015,0.698693,-1.327842
1423,13185,4.137005,-1.014298,-2.736920,2.638629,-0.349638,-3.652706,-1.844930,2.613566,0.289722,3.832409,0.105362,-0.838802
1423,13186,3.517434,-1.694775,-1.741227,0.737347,-2.708235,0.318843,-0.651060,1.960732,0.773797,1.906161,0.760937,-1.511858
1423,13187,2.123504,-2.802200,-2.269940,0.111929,0.521527,2.692108,-1.531682,3.944112,1.499158,2.265140,0.616689,-0.177401
1423,13188,1.645277,-2.356998,-1.419372,1.424275,-0.238272,-6.994082,-1.740035,2.951467,0.943163,3.208098,1.758926,-2.392216
1423,13189,3.087318,-1.217724,-2.689323,1.452691,-0.942741,-4.159276,-2.091163,3.377732,0.726967,3.381119,0.325956,-0.943246
1424,13190,2.585596,-1.191259,-3.558480,0.265052,-0.627467,-4.871081,-3.396780,3.616117,0.407916,2.398168,0.842440,-1.304512
1424,13191,2.284153,-3.095924,-2.298925,2.954718,-0.125148,-6.765379,-0.003358,1.397157,0.890635,1.876207,1.339638,1.213180
1424,13192,2.199954,-2.789839,-3.590815,-3.467153,-0.751153,-1.454945,-2.302347,2.296826,-0.346144,2.933195,1.669161,1.761272
1424,13193,1.084369,-2.917630,-4.698334,0.271833,-0.958526,-2.339499,-2.355024,2.028901,0.576219,2.170570,0.055246,-1.158106
1424,13194,1.072079,-3.470995,-3.210243,-1.904600,0.608772,0.086847,-2.570664,0.452256,1.065414,4.532124,1.615197,-0.482972
1424,13195,3.452032,-1.376939,-1.306297,0.612232,-1.272014,-2.073840,-1.825951,2.767954,2.004385,4.048364,1.100042,-2.116708
1424,13196,3.209302,-1.985906,-3.233026,-0.166686,-0.523007,-1.658040,-2.901618,4.166238,0.757053,3.883825,0.448409,0.050547
1425,13197,1.458425,-1.384240,-3.128739,-0.445329,-1.102545,-3.299149,-2.059156,1.320127,1.194164,3.059191,0.611807,-1.315456
1425,13198,2.803093,-1.276944,-0.780252,0.579906,-0.187151,-1.927424,0.628713,2.692017,1.186563,2.997387,0.299925,-2.864919
1425,13199,1.820389,-2.931747,-3.478984,0.384936,-0.853946,-2.779007,-5.763752,3.663877,-0.889558,2.900803,1.531872,-1.674424
1425,13200,2.922774,-3.120859,-3.002817,2.210384,-0.239575,-4.094438,-2.356395,2.177827,0.464718,3.561781,0.969228,-0.674574
1425,13201,1.611080,-3.243467,-1.770201,3.626831,-0.839183,-4.272768,-3.182944,2.844305,1.656993,1.564050,1.211330,-0.580680
1425,13202,2.104690,-1.139704,-3.754219,3.024874,-2.310274,-4.243070,-0.280008,2.909913,0.806830,2.086561,0.812518,0.356790
1425,13203,3.545064,-1.921325,-1.635995,1.377338,0.129443,-1.126140,-1.420436,3.185721,0.156529,3.084472,0.181241,-2.196218
1425,13204,2.973093,-2.585286,-3.542559,1.354253,-1.699858,-5.869409,-3.475034,1.349990,1.124688,2.889214,1.612614,-1.725342
1425,13205,3.150003,-1.553832,-1.920393,4.375128,-1.104380,-6.337009,-4.583087,1.341709,0.051464,2.262887,1.106075,-1.441849
1425,13206,0.774658,-1.169872,-2.318723,0.307027,-0.477413,-1.740935,-1.782529,1.563399,0.189370,2.534253,1.634181,-1.162852
1426,13207,123.283766,-0.353027,-2.468500,12.812381,-3.518720,-1531.346978,-1.871766,251.737691,180.793845,4.622803,1.323531,0.610029
1426,13208,222.084764,-0.517375,-3.777159,-48.061820,-3.562760,-698.631011,-2.805604,189.316661,160.802313,3.997264,0.974813,-0.618655
1426,13209,96.408081,-0.204102,-1.118168,4.290705,-3.904555,-1048.415393,-1.394925,323.430573,78.147261,4.096547,1.097419,-1.311309
1426,13210,252.676404,-0.829615,-3.444566,271.550303,-1.981920,-695.492344,-0.584800,329.114406,23.993891,2.887658,1.476025,-3.184475
1426,13211,256.467134,1.049500,-1.297188,232.214449,-3.166998,501.476934,-2.786636,366.631887,132.124992,4.366638,0.251071,-0.890406
1426,13212,323.425954,-0.082954,-5.395959,512.402591,-2.011011,-693.950740,-2.444465,128.165506,122.295452,3.959936,1.553583,-0.342664
1426,13213,143.657364,-0.517370,-1.943499,78.339573,-4.259447,-801.167815,0.176945,437.692298,146.012765,4.288514,0.301181,-1.137142
1426,13214,324.608164,-0.097125,-3.072197,-45.575306,-3.040196,-791.471899,-2.971363,271.923722,155.097140,4.349919,1.344844,-1.100594
1426,13215,282.409390,-0.236219,-3.588649,197.693621,-3.388888,-1375.692113,-3.717889,158.522233,109.577798,4.183211,0.457978,-1.893941
1426,13216,202.508492,0.790497,-1.903221,-224.283681,-3.877189,-392.611652,-1.587558,330.830780,121.247040,5.024160,0.379874,-3.039527
1427,13217,4.162070,-1.275001,-2.183302,0.783526,-1.018588,-1.880910,-0.917018,4.056602,0.300697,3.698865,1.218497,-3.773973
1427,13218,0.126542,-0.976835,-2.706692,-0.752556,-1.321808,-2.472879,-3.900825,1.680578,-0.353158,3.102978,0.335692,-1.140468
1427,13219,1.585915,-1.916378,-0.180168,-0.614879,-0.030852,-1.765517,-1.532950,2.148178,0.069519,4.095019,0.455184,-0.636338
1427,13220,2.986709,-2.697633,-4.024282,-0.002988,-1.220442,0.630288,-0.799659,2.712917,0.659758,2.169145,1.240927,-1.440727
1427,13221,3.344779,-2.712356,-2.410532,-2.021032,-0.917934,-3.955529,-2.701411,2.804795,0.665044,3.129377,1.242732,-2.574353
1427,13222,0.715006,-0.781201,-4.066161,6.661152,-0.247023,-1.999869,-1.643893,3.011435,1.847731,3.359964,0.284558,-0.958509
1427,13223,1.979716,-1.661231,-1.200977,0.214231,-1.065448,0.700078,0.680144,3.373228,0.860373,3.410462,0.663757,-1.621212
1428,13224,-5.092208,-0.137109,-3.403648,-47.111969,-3.095649,-612.148455,-3.466849,242.024620,25.642062,3.629527,0.822920,0.468357
1428,13225,212.181909,-0.277798,-3.739372,-118.785263,-3.945119,-795.513544,-2.107859,171.866885,-37.177424,5.249103,0.161366,0.164848
1428,13226,205.800448,-0.569865,-2.911509,423.578909,-3.217010,-1024.959366,-4.050824,124.766243,195.510902,4.355597,1.054610,0.420048
1428,13227,220.417488,-0.665915,-3.248475,-294.226969,-4.196105,-693.498635,-1.928768,441.079835,188.180583,4.196104,0.213895,-0.845090
1428,13228,166.282458,-0.801670,-3.172909,-54.002382,-4.135389,-997.281471,-1.976184,90.180427,51.783387,5.732739,0.166367,-0.329314
1428,13229,224.960049,0.071682,-4.279033,235.266522,-3.071688,-524.604372,-2.109970,253.618712,88.464739,4.567727,0.087583,-0.455886
1428,13230,177.006311,-0.121759,-2.890279,-148.038531,-2.989765,-604.390347,-1.564167,147.629881,86.743931,5.622369,0.553720,1.019454
1429,13231,385.369639,-0.136874,-2.220897,124.042892,-4.365993,-264.157736,-3.194027,173.889485,73.098084,3.769703,0.942863,-1.798893
1429,13232,128.247433,-0.334768,-3.674333,107.636982,-4.990296,13.926001,-1.718950,332.402837,252.088046,4.543147,1.619087,-0.339855
1429,13233,176.898055,0.598227,-4.165757,134.024447,-3.732607,-571.985944,-2.648566,151.656178,59.086250,4.144961,1.727178,-0.239272
1429,13234,280.545370,-0.890191,-4.478513,-226.980427,-3.469931,-1085.824942,-1.513583,142.354162,-10.657673,4.115439,0.983560,0.764103
1429,13235,190.951624,-0.488084,-1.587010,76.964871,-2.936100,-317.262621,-3.203038,207.918757,79.446123,4.368112,-0.166283,0.582225
1429,13236,215.045796,-0.784548,-4.187084,117.834729,-3.333339,-272.881448,-5.019049,314.263151,224.395050,4.169722,-0.106696,2.320219
1429,13237,217.540916,-1.541803,-3.585103,-212.900601,-3.941767,-1932.072721,-1.569905,194.038982,24.076131,4.003586,1.521023,-0.812263
1429,13238,255.504096,-0.413308,-2.892533,-5.377024,-2.968518,-687.756659,-2.143864,236.385587,-191.695748,3.937017,1.096311,2.310787
1429,13239,220.271215,0.965213,-3.664583,290.763533,-4.234546,77.808015,-3.507746,153.459702,194.795221,5.029071,-0.061089,0.335347
1429,13240,54.073020,0.067732,-2.507347,-144.432812,-3.252952,-623.847403,-2.654312,198.087481,-14.089641,3.278739,0.851410,-1.618293
1430,13241,3.461117,-1.423110,-3.194417,0.150748,-1.566677,-4.065317,-3.501384,2.648791,0.394542,2.837390,0.276793,-0.726917
1430,13242,0.783083,-2.623675,-1.060970,2.075657,-0.005780,-1.764499,-4.234038,1.488495,0.693004,2.437744,0.587111,-1.682168
1430,13243,0.760420,-2.568102,-2.207952,2.585839,-0.515494,-6.661470,-3.813054,1.685660,0.684317,3.496134,1.634301,-1.249752
1430,13244,1.915650,-0.680291,-2.873035,0.888541,0.868843,-4.550763,-2.783567,2.027836,0.837268,2.703691,0.644031,-0.600521
1430,13245,2.526862,-1.585103,-4.044192,-0.127770,-1.250995,-5.723255,-2.116505,2.955784,0.403283,2.672612,0.869693,-0.961413
1430,13246,2.370272,-2.398822,-1.271021,4.395815,0.131941,0.580438,-2.886860,1.790700,-0.164012,3.882588,0.566486,-2.944279
1430,13247,2.102079,-2.327697,-2.322402,1.960933,-0.189413,-3.877247,0.422230,0.983217,-0.737438,2.862893,1.351266,-0.006898
1431,13248,201.307735,-0.078855,-2.329346,307.601697,-2.749403,-769.718552,-4.256912,357.350106,130.339922,3.507731,-0.178590,-1.683427
1431,13249,148.733401,0.521005,-1.918402,-245.658174,-2.996574,-1240.306172,-1.421372,133.613522,115.947649,4.048385,0.693471,-0.230883
1431,13250,289.868120,-0.605833,-3.914389,-165.807873,-3.109058,-597.269146,-3.414985,105.523737,172.104787,3.353042,0.765142,1.249464
1431,13251,273.627740,-0.812121,-4.238175,-171.622059,-4.158634,-1240.062048,-1.453647,217.293454,296.533434,3.761203,0.633737,-0.869122
1431,13252,250.687054,0.331216,-3.393562,142.752218,-1.406509,-981.061879,-3.879581,346.353404,202.860406,3.813230,1.107596,-0.424285
1431,13253,253.919052,-1.372502,-2.298390,177.771264,-4.824949,-1100.576346,-2.214153,277.592007,40.378743,2.988574,-0.335743,-0.527050
1431,13254,274.203026,0.606948,-3.326996,36.794506,-4.137474,-206.558428,-1.699521,374.396571,91.854777,3.501513,0.709379,-0.620866
1431,13255,114.420156,-0.188959,-3.644043,158.794216,-1.946543,-806.869987,-2.423578,341.908574,93.859102,4.276568,1.746895,-0.863772
1431,13256,163.482637,0.135884,-1.437790,-90.409240,-2.691063,-731.390932,-4.566574,246.208591,-90.562874,4.952861,1.067001,1.937177
1431,13257,321.615552,-0.547100,-0.885339,306.377015,-3.201946,-792.517374,-0.394273,401.477657,287.578675,5.349445,0.641553,-2.379101
1432,13258,85.556190,-0.243309,-1.206378,170.225611,-3.058613,-880.864750,-1.522473,319.018864,18.850720,2.955395,1.103092,-0.819330
1432,13259,193.508413,1.667387,-1.948774,-280.966394,-3.077888,-939.904943,-2.048115,146.754835,317.148554,3.621807,1.189510,2.329175
1432,13260,264.835841,-0.247342,-3.986791,267.384099,-2.807630,-449.576508,-5.198612,360.928716,274.566276,4.485236,0.850436,-0.651587
1432,13261,232.073236,0.246829,-2.812972,-481.733013,-3.487840,-762.132636,-1.678039,288.133029,-10.773628,5.732941,0.534563,0.905153
1432,13262,222.557161,-0.445067,-2.955249,-217.418329,-3.330776,-540.271962,-1.669409,161.945091,-63.986580,3.701274,1.542741,-1.063353
1432,13263,152.325811,-0.223126,-2.996955,290.427701,-3.819159,-190.773402,-6.100133,222.240561,95.936470,3.611052,0.762891,0.038599
1432,13264,130.839314,0.233181,-1.490119,110.569568,-4.522329,-1011.245874,-0.836860,238.987477,39.704996,3.688950,0.655388,-1.711671
1433,13265,3.216220,-2.897081,-1.269653,2.849222,-1.126868,-3.358717,-2.440695,1.530672,1.045357,3.485927,0.565737,0.147443
1433,13266,2.211105,-1.279293,-2.593808,0.396357,-0.671150,-3.550070,-0.760471,1.856238,1.207693,2.723855,1.196401,0.682723
1433,13267,2.757193,-1.713786,-1.052260,-0.890181,-1.419297,-2.857133,-3.973811,2.067608,0.371296,2.335782,1.947590,-2.161291
1433,13268,2.615917,-2.109926,-2.963108,-0.217657,-0.998284,-2.555796,-2.356774,2.831825,1.278624,1.952716,1.053677,-2.592693
1433,13269,3.738835,-1.604607,-2.551419,0.074394,0.529033,-0.335422,-2.475355,4.359736,0.755020,1.855215,0.429015,-0.124989
1433,13270,1.549669,-1.874949,-1.151087,3.994309,-1.744279,-5.904888,-2.920919,3.289936,0.396506,3.165497,0.800410,0.125847
1433,13271,2.120039,-2.713695,-3.202000,0.726371,-1.659418,-4.025730,-2.944867,3.611157,1.786433,2.837744,1.272018,-4.027912
1434,13272,132.338701,0.148504,-3.726771,-196.799161,-5.182189,-1149.294497,-5.340428,284.216211,-23.481094,3.848450,2.001196,0.033098
1434,13273,249.564737,0.559801,-0.751235,176.742108,-3.381204,-181.609511,-3.315787,219.622656,-30.291313,5.692638,0.699269,-0.598722
1434,13274,177.499420,0.594163,-1.781094,-161.364701,-3.081329,-411.705685,-4.313244,220.345977,49.278147,3.771762,1.246659,0.944336
1434,13275,162.752965,0.018642,-4.066874,86.686098,-2.055460,-609.424672,-4.851277,226.260104,-13.052155,5.443261,0.554465,-0.511285
1434,13276,126.240821,-0.224476,-2.342345,-53.980793,-4.591788,159.935178,-2.864767,201.562479,260.271545,3.761177,0.849828,-0.498661
1434,13277,241.714971,0.558526,-2.402059,372.701921,-4.167130,-1070.700229,-4.183589,351.347847,225.984921,4.970177,-0.078599,-1.887611
1434,13278,181.135551,-1.375346,-4.843737,291.018853,-2.787986,-797.778034,-5.712902,359.672943,156.836587,5.214828,0.798763,0.959617
1434,13279,196.131561,-0.937709,-3.584843,277.019054,-3.253371,-879.485433,-0.937474,293.565790,-78.342670,4.365122,0.838238,-2.033601
1434,13280,260.423822,0.806479,-5.266122,367.389299,-4.237151,-542.864805,-1.492251,183.348027,218.126113,4.402546,-0.095847,-3.347632
1434,13281,101.032193,0.047445,-1.748348,-563.196222,-3.236241,-210.994180,-1.374713,248.428648,-9.077374,3.549042,0.836045,-1.686666
1435,13282,191.978996,-0.781444,-1.715249,417.584176,-4.495868,-640.207967,-4.288753,405.165193,18.552013,4.940349,0.203238,-0.702250
1435,13283,210.507343,0.107570,-1.889010,-161.503437,-3.923522,-715.183665,-3.544927,387.232131,40.061304,2.809785,1.410374,-0.610805
1435,13284,78.073240,0.912184,-2.956392,125.336306,-3.469652,-983.296339,-2.470971,321.702016,79.800448,5.273475,1.407550,-0.087868
1435,13285,99.115838,1.414560,-1.552257,245.292181,-3.439153,-216.981515,-3.748847,182.037900,153.514700,3.504590,0.863304,1.075854
1435,13286,124.366742,0.561070,-3.524183,-198.006746,-3.943444,-1450.377909,-2.649029,279.329425,-86.024474,4.562007,0.116460,2.043888
1435,13287,186.266518,0.278020,-1.087260,-87.417558,-3.825370,-427.072847,-5.459212,341.115978,47.485597,4.458248,1.230764,-1.176887
1435,13288,169.771850,0.112433,-4.541919,-423.159222,-3.095723,-509.431596,-2.946519,26.688173,101.559577,4.368098,-0.108986,-1.406364
1435,13289,166.318233,-0.531620,-2.057417,57.615095,-2.180906,-528.922666,-3.212257,346.884135,34.022905,4.134864,1.403051,0.562244
1435,13290,99.883729,-1.614680,-2.922498,-51.697282,-2.765958,334.210511,-4.246072,24.994571,-216.497303,3.481674,-0.430242,-1.231448
1435,13291,207.393301,-0.945979,-4.577573,67.910205,-4.734045,-487.483695,-2.983143,301.609108,-129.645122,4.964159,0.686166,0.868931
1436,13292,4.103066,-1.018610,-2.356862,1.827693,1.068219,-3.363761,-2.202870,2.408354,0.027442,3.444875,0.560778,-2.818424
1436,13293,1.536140,-1.572913,-2.815630,-4.721212,-0.809694,-4.598364,-3.205422,1.682492,0.150003,2.786019,1.189560,-1.565654
1436,13294,3.001347,-2.652072,-2.138085,1.901246,-0.825571,-0.588977,-3.244688,2.761037,1.125175,3.473318,1.949483,-1.714717
1436,13295,1.893776,-0.967340,-1.721038,1.674651,0.150118,-3.909879,-2.179690,1.908860,2.401649,2.562182,1.109005,-0.249435
1436,13296,2.264843,-2.014483,-3.095157,2.775677,1.273289,-1.918008,-4.487490,1.883392,0.469821,3.452547,2.249861,-3.323751
1436,13297,3.900058,-2.522028,-1.594111,4.423262,-0.106684,-3.384248,-2.471876,2.443939,0.478221,2.704197,1.290170,-2.071440
1436,13298,2.670071,-2.231247,-2.305295,-0.929188,-1.146670,-0.326228,-1.562725,2.499056,0.414928,3.443343,0.865208,-4.109437
1437,13299,174.073150,0.147003,-2.691921,66.308807,-2.530223,-524.331591,-4.727660,450.790718,70.369503,3.870823,1.114964,-0.309808
1437,13300,210.194469,-0.329898,-2.319877,225.425868,-3.840895,-769.740216,-1.088642,229.582708,117.691707,5.225402,1.200208,0.893935
1437,13301,187.897488,-0.867598,-2.068257,-123.875560,-4.411604,264.504610,-0.951772,419.094552,62.243730,3.927140,-0.604131,-0.583376
1437,13302,127.105951,-0.407615,-3.002456,428.895695,-2.793187,-94.108322,-5.567866,54.460431,165.116183,2.438152,0.362703,0.850538
1437,13303,135.999907,0.118726,-4.011822,-469.178262,-3.134723,-312.420999,-2.080076,106.877115,-49.138821,2.855096,0.955615,-0.784050
1437,13304,194.242404,0.640052,-3.286138,-11.999572,-2.521653,-1004.891775,-1.065265,362.421070,171.989030,4.882030,1.058269,1.805329
1437,13305,264.776106,-0.227759,-1.518889,617.729605,-2.973092,-804.182941,-1.564346,190.434647,-67.490054,3.816986,0.601914,1.130534
1438,13306,1.468321,-0.731186,-3.758910,1.277713,-0.754660,-2.200190,-3.286653,1.268167,1.115006,3.691252,0.524113,-1.857257
1438,13307,3.208588,-1.724261,-3.148170,-2.488993,-0.337053,-3.087197,-3.961766,1.321808,0.326689,3.611192,0.729451,-3.359718
1438,13308,2.597206,-1.480589,-0.302348,-1.201165,-0.809857,-5.705365,-1.214321,2.054795,0.336560,2.581472,1.720582,-1.681416
1438,13309,3.316705,-2.549057,-3.354308,0.357641,0.540516,-1.864542,-4.146017,1.604486,1.439262,3.907724,0.879263,-0.521245
1438,13310,3.261787,-2.127343,-1.490519,-1.232006,0.169265,-1.568632,-1.672266,3.148013,0.580583,3.547996,0.949178,-1.198431
1438,13311,2.342937,-1.491857,-3.186406,-0.034638,-1.381502,-1.506511,-3.694587,0.952129,0.753441,3.323305,0.821634,-0.817609
1438,13312,1.425276,-1.169694,-2.227896,-1.769684,0.240732,-1.138701,-2.087173,2.475625,0.458095,3.187602,0.690833,-2.003590
1438,13313,2.476890,-1.331327,-1.844631,2.712885,0.280843,-5.684783,-4.224138,2.268625,0.926079,2.494180,0.808993,-0.383681
1438,13314,3.188759,-0.513308,-1.085046,3.207232,-1.359995,-3.187079,-1.139946,0.989134,-0.806896,2.287253,0.426946,-2.100420
1438,13315,2.684508,-1.538780,-3.405025,-0.889707,-0.864142,-3.263386,0.679747,2.738039,-0.015523,3.150623,0.109214,-1.704691
1439,13316,0.905562,-2.101770,-1.074502,1.724610,0.322675,-1.727902,-1.248072,2.501593,0.671784,3.732577,1.490731,-0.489256
1439,13317,3.799254,-1.268004,-2.211708,4.065892,-1.122283,0.360112,-1.811773,1.043229,0.262123,3.733275,0.797154,1.263069
1439,13318,2.508361,-1.572766,-2.521060,0.778794,-1.225772,0.527317,-1.134190,1.653930,-0.131489,3.084528,2.035077,-1.862742
1439,13319,1.798235,-2.499393,-2.817965,4.847137,-0.419767,-3.959617,-1.534799,2.047980,0.300037,2.668090,0.807925,1.549435
1439,13320,0.871840,-1.337979,-2.074618,5.418928,-0.600271,-4.173069,-2.404450,1.743585,0.538901,2.925096,1.727467,-1.838865
1439,13321,2.955146,-1.879859,-1.336316,0.919799,-1.642379,-2.063330,-2.594695,2.137955,1.481739,2.882127,1.395887,-1.016567
1439,13322,3.790218,-1.089362,-2.816419,-1.808149,-0.699406,-1.766689,-4.154901,2.080950,0.468462,3.565724,1.623989,0.004014
1439,13323,1.856755,-2.750268,-2.652879,-0.284836,-1.845882,-1.166293,-1.544805,0.879878,0.918963,2.757947,0.617291,-1.495917
1439,13324,2.780367,-2.162411,-1.260224,0.321818,-0.741650,0.336630,-2.970982,1.847683,0.350509,2.918312,1.502566,-1.410606
1439,13325,1.681451,-1.975983,-1.023884,0.254257,-1.362079,-4.698653,-1.493051,1.023132,0.444656,2.804626,0.417237,-0.300712
1440,13326,214.309148,0.450649,-1.733693,-105.962434,-4.708987,-935.289764,-4.155819,117.362865,478.663122,3.864572,1.615157,0.123347
1440,13327,197.661768,0.170086,-3.944783,203.332980,-3.183228,-639.849917,-2.412575,83.778679,-77.431375,4.256491,1.305989,-1.250978
1440,13328,115.272318,-1.042172,-2.053545,-281.654471,-3.714329,-405.844927,-2.802284,368.105103,163.893230,3.482389,1.043020,0.645460
1440,13329,163.561180,-0.732406,-2.045342,260.816712,-3.975534,-142.336922,-4.932643,162.729688,212.092827,3.483800,0.632457,-2.136532
1440,13330,276.800180,0.020045,-2.937110,-102.458182,-3.272917,45.304566,-1.564172,274.843817,240.804342,4.229401,0.648132,-0.839665
1440,13331,218.875707,-0.064353,-3.193858,98.819993,-4.455643,350.498869,0.184480,214.006372,173.431893,3.248134,-0.586281,-3.162530
1440,13332,259.209687,0.197717,-2.402302,-212.751897,-3.377990,-636.750143,-2.920268,165.221290,111.863410,3.852374,0.949114,0.759627
1441,13333,0.041020,-0.983729,-2.012913,-1.194310,-0.422705,-6.383912,-4.475849,1.176849,0.460253,2.194493,2.415830,-1.000805
1441,13334,3.503285,-2.540092,-3.887781,4.785434,-1.616688,-4.864348,-2.406593,1.965245,0.541262,2.404893,1.122862,0.630476
1441,13335,3.278275,-1.595395,-2.319461,2.861970,-1.967010,-2.978288,-4.383588,3.640947,0.784372,3.402978,0.841835,-0.564182
1441,13336,2.787860,-2.352969,-2.207606,0.271415,0.740916,-0.534534,-2.462381,1.477800,0.299217,2.479641,0.982694,-1.347056
1441,13337,2.037359,-1.740177,-1.821152,-1.750155,-1.260598,1.568957,-1.234682,2.248910,0.411583,3.655000,1.356329,-0.358600
1441,13338,4.048874,-1.765236,-4.637591,2.513998,-0.219974,-1.198844,-2.186165,2.116534,1.522406,2.288988,1.810531,-0.396054
1441,13339,2.972699,-1.641316,-3.980064,-0.449878,-0.475064,-4.180354,-1.557829,0.786799,0.202308,2.082401,1.378498,-0.136458
1441,13340,2.757778,-2.023133,-3.645780,-0.533230,-0.211528,-5.541257,-0.526979,2.443920,0.335852,2.994621,0.874027,-2.396151
1441,13341,1.600477,-2.252588,-2.312791,-2.224127,1.252085,-7.061344,-3.378162,3.035198,0.657606,3.428879,1.332006,-0.387016
1441,13342,1.918443,-1.962240,-2.377286,0.930938,0.099483,-0.294261,-2.805086,2.871916,0.440370,3.140153,1.192564,-1.455150
1442,13343,2.169322,-3.230013,-2.139790,4.775517,-0.919679,-4.609184,-3.381408,3.418812,0.404829,3.181836,1.262864,-0.382283
1442,13344,3.537911,-1.551276,-2.185773,-2.061676,-2.561228,-1.029153,-0.650970,2.241497,0.664831,3.761118,1.421620,-0.424243
1442,13345,-0.087448,-1.919996,-1.430446,2.209103,0.130886,-1.428227,0.219636,0.971938,-0.295812,4.039314,-0.213641,-0.937675
1442,13346,5.100149,-1.644333,-0.894368,3.276793,-1.625576,-1.707403,-2.379161,2.855979,0.387059,3.357208,0.351441,0.436017
1442,13347,2.406567,-1.854706,-3.489805,1.753457,-0.358077,-0.731305,-2.153311,3.196390,1.844843,4.083801,1.171357,0.015215
1442,13348,1.847345,-1.746917,-0.046543,-2.123249,-1.058659,-1.097922,-2.133767,3.416316,0.341747,2.812723,1.329661,-0.287900
1442,13349,0.413962,-1.116845,-2.291568,-0.924576,-0.822889,-2.474726,-1.145725,2.645173,0.546407,3.802303,0.277216,-1.795484
1443,13350,287.328761,0.131989,-2.786102,83.072535,-4.028905,-1029.844552,-2.131396,262.676644,7.787403,4.493997,0.625180,-1.080577
1443,13351,231.612772,-1.149439,-2.230568,42.942683,-1.830431,-1551.955599,-2.685237,169.442133,195.626206,3.776151,1.009597,0.173287
1443,13352,69.312101,-0.361379,-3.141373,332.723366,-2.865658,-531.556856,-1.194534,359.335375,115.137824,4.269684,0.294794,1.493330
1443,13353,133.799201,0.712757,-1.844536,24.597974,-4.301613,-991.657823,-2.213328,420.670973,117.368824,3.196770,0.331255,-1.947760
1443,13354,225.903236,-1.286146,-3.479423,83.138347,-4.268335,-590.314964,-2.128256,337.382552,337.489106,4.816513,1.156659,-1.310688
1443,13355,65.112684,-0.740537,-2.237969,121.248436,-2.225592,-393.683376,-3.900603,272.049770,251.282922,4.086807,0.952406,-1.000465
1443,13356,180.921399,-0.445696,-2.821086,84.777296,-5.394903,-1456.051672,-4.381097,192.585275,153.510079,4.162261,0.889123,1.425759
1444,13357,1.930860,-2.218395,-0.608379,0.400855,-1.431974,-4.018988,-0.030426,2.063931,0.029863,3.297905,2.798675,-1.538087
1444,13358,3.426479,-1.723226,-1.479542,-0.562439,-0.635067,-1.740741,-3.505730,2.657943,0.675932,3.007301,1.780431,-0.888161
1444,13359,3.759366,-1.325937,-1.742104,2.073249,-0.849364,-1.318421,-3.334070,2.741376,0.666210,2.976915,1.979706,-1.772561
1444,13360,2.015491,-1.808757,-1.541286,-1.059726,0.477230,-2.718127,-0.042738,2.451135,-0.008577,2.495629,0.879523,-2.141930
1444,13361,3.277585,-0.934727,-1.569338,1.009624,-0.877745,-1.480864,-1.934017,1.495660,0.045259,2.295908,1.819085,-1.276390
1444,13362,3.230752,-1.382641,-2.642586,0.896964,-0.866607,-3.494909,-2.679893,1.426491,0.778024,2.759816,1.423718,-2.688997
1444,13363,3.378795,-0.871295,-1.359472,-0.835225,-0.782474,-1.555482,-3.451065,2.535257,0.111550,2.603073,1.914621,-1.955634
1444,13364,3.013507,-3.213653,-2.690208,-1.460599,-2.026123,-4.831534,-2.857913,3.786459,0.487538,2.493958,-0.308096,-4.166648
1444,13365,1.404311,-1.903178,-2.710730,2.592248,-1.578796,-5.331871,-3.708273,1.582314,1.176739,2.845897,0.500741,-1.410331
1444,13366,2.564310,-2.041247,-1.266241,0.295026,-0.675282,-1.361165,-2.849748,1.204383,0.189508,3.557629,0.318914,-2.054008
1445,13367,198.790110,-0.278669,-4.312894,-24.173606,-3.836479,-687.542481,-2.521726,329.146698,157.637742,4.275466,0.995325,-2.351216
1445,13368,22.825152,0.089121,-3.041286,127.722655,-2.290390,-130.100894,-3.968072,236.083086,377.005992,3.899790,1.159364,0.885809
1445,13369,191.048866,0.650063,-3.048611,-107.816861,-4.326913,-1091.154606,-2.364324,147.365573,43.223849,3.720870,1.709135,0.331016
1445,13370,97.520213,1.107253,-4.074500,318.606100,-2.789006,38.122566,-2.073152,301.049388,-67.619908,4.407275,-0.110081,1.248038
1445,13371,194.057820,0.279223,-3.691137,-52.034654,-4.849483,-1524.105054,-1.917108,309.139019,201.709954,5.140333,0.228154,1.472597
1445,13372,239.150533,-0.007399,-3.469996,538.928141,-3.399294,-722.466051,-2.859949,230.125467,302.241114,3.582517,0.827837,-2.620516
1445,13373,206.969558,1.231226,-2.809951,178.914500,-3.137280,-96.515245,-1.534533,282.789876,-85.109688,4.416994,-0.029236,0.988365
1445,13374,135.787271,-0.877096,-2.943329,-283.272176,-2.979145,-1050.723786,-2.364982,342.699993,231.321854,4.484199,0.436591,-0.058513
1445,13375,100.992043,-0.582283,-2.600578,-66.480201,-2.386337,-877.463615,-2.111553,260.649711,181.455242,5.214075,0.625023,-0.900560
1445,13376,156.302110,0.443885,-2.693214,80.879782,-2.306473,-364.039724,-2.845413,144.171988,37.016458,5.380556,0.788832,-0.555943
1446,13377,1.416103,-1.792544,-0.861993,1.124358,-0.683949,-1.191634,-2.468752,2.912370,0.284587,2.909166,0.297852,0.599922
1446,13378,0.812843,-1.713198,-2.651899,2.612028,-0.726201,-1.486189,-2.442445,0.577168,0.971858,3.488410,1.689686,0.099301
1446,13379,2.217846,-1.241770,-3.540277,1.785636,0.602356,-5.776925,-2.346657,3.190008,0.606015,1.779531,1.148341,-2.741681
1446,13380,3.863347,-1.862524,-2.610316,-0.143065,-1.215710,0.872988,-2.656480,1.367269,0.775825,1.259620,1.195841,-0.004001
1446,13381,3.786543,-2.346572,-2.300507,-2.504493,-0.288412,-0.006988,-0.820337,1.383544,-1.081685,3.134470,0.861694,0.024518
1446,13382,4.447327,-0.993065,-0.166108,-3.356480,-0.207517,-0.382494,-3.570505,1.771409,0.087209,2.391307,1.971772,-2.611529
1446,13383,3.113438,-1.731901,-0.878697,-3.039425,-0.959986,-1.370962,-2.094100,2.703153,0.311728,2.522243,0.948570,-2.737568
1446,13384,1.639301,-1.704297,-3.863646,-0.232736,-1.105427,-0.482350,-1.501258,2.404137,1.448516,0.679682,1.194455,-1.361754
1446,13385,2.410666,-1.782514,-3.101370,1.622840,0.813853,-3.445625,-1.924141,2.298466,0.484168,4.006538,2.169851,-0.345222
1446,13386,2.006130,-2.385818,-3.067542,-1.412180,-0.955246,-0.776645,-2.383536,3.408649,0.602378,2.765144,0.305935,-0.853032
1447,13387,3.267315,-1.713517,-1.806441,-0.236180,-1.626328,-2.682395,-3.330453,2.646418,0.756106,3.116045,0.874108,0.805417
1447,13388,2.949958,-1.828237,-2.981536,-2.803027,-1.252165,-0.152074,-1.124979,2.682205,0.997524,2.588199,1.061604,0.314971
1447,13389,1.408645,-2.984763,-1.046421,-0.478785,1.147552,-1.881000,-2.973511,2.381780,0.830353,2.812862,-0.012204,-0.676177
1447,13390,1.644729,-1.713042,-2.468393,-0.240794,-0.425396,-4.807023,-0.910738,3.071355,0.087625,3.830342,0.494738,-1.102896
1447,13391,2.733817,-2.014427,-2.688467,2.059650,-0.826783,-3.227861,-4.263900,1.984702,0.243282,1.693054,0.614293,-0.709794
1447,13392,4.030088,-3.428689,-3.684792,1.171677,-1.108696,-5.217425,-4.103643,2.895885,0.574174,2.599190,1.035061,0.301581
1447,13393,1.677988,-3.095562,-2.238155,-1.569005,0.317651,-1.409447,-0.869922,0.979805,0.517097,2.838572,0.434525,-1.297421
1447,13394,3.284283,-1.545169,-2.023542,-0.530660,-0.851977,-2.399500,-3.074066,1.730380,1.406464,1.221600,0.950962,-1.798883
1447,13395,1.434949,-0.521294,-2.425208,-1.690141,-1.869693,-2.835244,-0.922543,3.317819,0.520941,3.365958,0.950285,-0.140823
1447,13396,-0.033894,-0.771741,-3.877868,-1.045378,-1.262835,-2.159071,-3.225796,4.068368,0.050625,4.030288,1.807894,-0.564952
1448,13397,2.380048,-3.222497,-2.030674,-1.266184,-0.373709,0.668045,-0.286288,2.120951,1.588923,4.027825,0.540651,-0.149796
1448,13398,3.699024,-2.527522,-1.383363,-0.402510,-1.966118,-3.029801,-4.529371,2.372462,1.057618,1.519463,1.759711,-3.213808
1448,13399,3.375156,-2.004797,-1.527192,-1.988541,0.944301,-5.304050,-4.299742,2.802879,0.472982,2.526551,0.822351,-0.664429
1448,13400,2.252957,-1.890430,-2.062456,2.737049,-0.615382,-3.554133,-2.197038,1.778005,0.280346,2.650323,1.396195,-0.659378
1448,13401,3.793405,-2.168087,-1.516775,5.235317,-0.559668,-5.629501,0.313536,3.462240,0.934113,1.595480,0.704796,-2.389755
1448,13402,3.078516,-1.695039,-3.689591,0.479669,-0.483243,-4.600762,-1.279586,2.336350,-0.118337,3.236838,0.832645,0.400714
1448,13403,2.456500,-1.183552,-2.629946,1.162207,0.607004,-0.568859,-1.479111,0.922318,-0.624441,3.041543,0.875563,-0.887037
1448,13404,2.835350,-1.129436,-2.931990,0.541977,-1.130431,-2.306680,-4.237763,1.103793,0.763449,3.370993,2.198279,-1.132584
1448,13405,1.804702,-0.563552,-1.397351,3.361936,0.229678,-2.261900,-1.488038,3.020372,-0.349710,3.061729,0.377109,-0.350836
1448,13406,2.986400,-1.335208,-1.911941,1.070296,-0.520317,2.375324,-3.705756,3.278514,-0.113340,2.712151,0.848443,-2.993783
1449,13407,3.898843,-1.523874,-2.882994,-0.691066,-1.521761,-1.775678,-0.942440,0.321378,-0.245505,2.494198,1.903199,-0.664544
1449,13408,2.257641,-2.126250,-0.899236,2.642768,-1.157305,-1.745402,-2.585711,1.927067,0.010021,3.994331,1.148456,-2.480017
1449,13409,2.991996,-1.975721,-3.074870,0.720261,-1.109136,-2.104916,-2.017492,1.589394,0.629596,1.074517,1.881924,-0.395109
1449,13410,2.789170,-2.225902,-3.825452,6.341791,-0.600971,0.612015,-0.528915,3.118603,0.222871,3.561602,1.060352,-2.119024
1449,13411,3.323056,-1.514415,-1.369910,0.597316,-0.938482,-1.439174,-3.004099,1.587616,1.936718,2.553513,0.172223,-1.401240
1449,13412,2.268016,-3.190043,-1.397196,-2.860864,-1.342733,-4.242986,-3.439941,3.055453,-0.082586,3.165085,1.811719,-0.516395
1449,13413,2.465314,-2.989504,-1.072322,0.642738,-1.324036,0.682408,-2.736940,1.494878,1.138449,2.983062,-0.176086,-2.610228
1449,13414,3.151963,-2.974459,-1.448466,-0.100171,0.923332,-6.698061,-3.038710,2.330204,-1.069833,2.310849,0.733578,-0.529187
1449,13415,2.146881,-1.613963,-2.660170,2.232945,-1.420047,-4.468520,-4.403994,2.047704,0.341216,2.294984,-0.167277,-1.943852
1449,13416,4.719111,-2.101090,-1.985091,-3.172985,-1.299611,-2.525582,-1.188661,2.066758,0.644746,2.681168,0.348415,-0.717182
1450,13417,1.524606,-1.904980,-1.849987,-0.115764,-0.832628,-2.566314,-2.557963,1.952529,-0.508755,2.614054,1.112838,-0.258075
1450,13418,2.329309,-2.447503,-1.582746,1.343417,-0.497274,-4.908455,-3.012744,-0.055865,-1.020311,2.354536,2.483284,-0.240231
1450,13419,3.819924,-1.671353,-3.619084,1.319845,-1.305898,-2.119395,-1.372817,3.280032,0.921136,3.267762,0.693227,-2.669950
1450,13420,3.263341,-1.808274,0.059369,-0.065430,-0.902609,-4.078935,-1.260121,1.913393,-0.078513,2.454673,0.564598,0.168833
1450,13421,1.754501,-1.690950,-3.404087,0.220532,1.282725,-3.345883,-2.675536,0.934985,0.692649,3.261337,0.930893,-0.340535
1450,13422,2.010407,-2.112967,-1.235488,1.979913,-0.158537,-2.148651,-0.687120,2.585638,-0.623847,3.473419,0.896841,-1.939984
1450,13423,2.400517,-1.952395,0.114297,0.880565,-0.405430,-2.315514,-2.519514,3.303750,-0.341154,2.868379,1.462073,1.688003
1450,13424,1.783051,-3.116736,-2.474557,0.433657,-1.219790,-2.229086,-1.907131,2.508622,-0.097471,2.568012,0.901660,-1.517531
1450,13425,3.174209,-1.658591,-2.760521,1.150056,-0.534772,-2.036764,-4.154544,1.184590,0.301089,1.970069,1.204927,-2.892173
1450,13426,2.733635,-2.849472,-1.202035,1.439428,-0.861490,-1.123493,-2.550923,1.721556,0.464338,3.783772,1.728991,-1.571159
1451,13427,2.969353,-1.699931,-2.397916,0.383311,-0.724580,-0.193963,-0.405644,2.474066,0.750278,2.937421,1.803441,-1.425233
1451,13428,2.287531,-2.810569,-3.957828,-2.100937,0.270420,-1.333413,-3.257325,2.842795,0.463364,2.511101,0.199409,0.386558
1451,13429,2.479445,-0.878472,-1.451514,-0.178463,-1.429799,-6.459895,-1.627496,0.608813,0.373926,3.331672,0.769065,-0.208480
1451,13430,5.006743,-2.191252,-2.802973,2.125005,-0.621985,0.020733,-2.397023,2.820405,0.633310,2.381235,1.301798,-1.881266
1451,13431,1.740311,-1.363816,-1.389046,1.156064,-1.294163,-1.269082,-2.881481,1.246783,1.229189,2.329386,0.703304,-2.549957
1451,13432,2.727166,-2.566725,-2.866900,-0.682313,-2.086365,-4.724843,-2.002858,2.081809,0.935377,2.878107,0.865975,2.339738
1451,13433,4.108646,-0.775588,-1.809226,2.078744,-0.745862,-5.806233,-3.557782,3.007969,-0.012195,3.321025,0.752015,0.942131
1451,13434,2.069682,-1.504789,-4.116539,-2.005721,-0.577409,-4.903340,-3.024458,1.778672,0.801265,3.474660,1.252115,-0.435507
1451,13435,2.181162,-1.983041,-2.447243,1.788174,-0.801949,-4.217862,-1.897936,1.454409,1.383894,4.629268,1.658752,-1.920450
1451,13436,1.973910,-2.335500,-0.979720,-1.514681,-1.508623,-1.707749,-4.368561,2.459244,0.917877,2.955134,1.441284,-2.224426
1452,13437,321.002403,0.052785,-4.041054,280.028817,-3.727625,-476.246996,-2.944524,195.194018,88.065982,4.904506,1.625069,0.141790
1452,13438,293.193239,1.188905,-2.892574,41.485983,-4.310346,-447.236449,-3.197527,352.328774,112.672402,3.207146,0.276180,-1.056282
1452,13439,86.184991,1.589408,-1.982028,81.422545,-3.860099,-489.746591,-3.374205,250.880680,185.215617,3.542945,0.691123,0.007201
1452,13440,265.187012,0.087746,-0.958730,202.597202,-1.916427,-1342.000555,-0.575824,240.265099,36.019347,3.985840,0.305678,-0.236254
1452,13441,243.812075,-0.425742,-3.583036,174.913131,-2.382173,-545.921261,-3.921497,417.132975,173.503840,3.527219,0.991462,0.349698
1452,13442,246.303726,-0.606757,-2.703440,115.382979,-2.763476,223.923893,-2.187301,46.567164,149.697435,4.056799,1.973632,-1.971066
1452,13443,212.172710,0.112669,-2.080239,-233.733039,-3.125560,-698.775192,-2.980082,340.258560,-142.154908,5.221616,0.895650,-1.134403
1453,13444,-2.797716,0.364860,-4.262429,572.824419,-3.933918,-1160.469875,-2.351724,286.511979,68.905478,3.958406,1.669914,-0.893847
1453,13445,49.509555,0.890770,-1.997584,30.606152,-2.506372,-821.252304,-3.419256,190.871412,4.590144,3.441642,0.174972,-1.436943
1453,13446,334.630659,-0.493552,-2.891027,476.183649,-3.989913,-187.093151,-1.836756,66.347199,113.311130,4.820531,1.252569,-0.783032
1453,13447,115.665239,0.284435,-1.833480,468.664871,-2.735515,-845.896706,-1.148579,181.649154,62.236615,4.156984,1.188899,-0.537109
1453,13448,73.161808,0.326887,-4.381083,491.666118,-2.474126,-183.737093,-1.958802,407.815457,132.610226,5.113605,0.050587,2.135843
1453,13449,137.652539,0.070043,-1.142536,50.460334,-4.211264,-1083.740831,-1.041359,307.820104,309.010203,5.710140,1.029957,2.755066
1453,13450,160.840758,0.113801,-2.729193,146.489412,-3.485803,-1129.964898,0.068553,550.832211,171.600796,5.019888,1.944227,-0.175300
1453,13451,166.367187,1.943390,-2.534377,-199.505561,-3.342705,-507.247774,-1.761871,238.625197,148.452591,4.092870,1.072312,-1.296238
1453,13452,113.768863,-0.307724,-1.763230,126.756648,-3.187919,-243.556990,-1.016344,177.209117,230.084402,4.828336,0.267270,-0.366215
1453,13453,172.936267,1.618158,-1.008241,197.914504,-4.476506,155.420766,-2.849002,89.403092,77.536840,4.239078,0.454856,0.938163
1454,13454,112.467849,-0.562860,-4.864558,111.251302,-3.169879,-404.592019,-2.777008,183.556994,261.508625,6.091443,1.400792,0.306590
1454,13455,166.325028,1.473302,-5.669895,-20.452614,-3.584331,-1230.346271,-0.648637,72.010267,105.846260,4.175255,0.560274,1.880929
1454,13456,106.255691,0.088158,-4.354578,440.792954,-2.434502,-752.983933,-1.093538,107.675307,91.282540,5.787928,1.432094,-0.505335
1454,13457,73.630892,-0.090979,-2.182504,527.827305,-2.791154,-1063.930382,-0.571733,243.874728,3.845181,4.276857,0.281252,-0.920844
1454,13458,192.644533,0.700082,-3.909095,158.054475,-3.810249,-695.135733,-2.621583,297.620128,133.261068,4.394724,0.024926,0.110586
1454,13459,100.459768,-0.788733,-3.974848,383.121823,-3.910662,-259.394538,-2.308496,188.327374,-158.037788,3.114507,-0.126237,-0.637377
1454,13460,93.113254,0.677890,-2.232777,357.682538,-3.901857,-202.464550,-4.629343,256.946974,60.867178,3.855384,0.591465,0.802641
1455,13461,0.929731,-1.217715,-2.252888,0.409687,-0.484226,-1.141527,-0.645127,2.087789,0.244256,3.103718,-0.189903,1.435939
1455,13462,3.357392,-1.955172,-2.805131,4.327617,-1.714057,-6.077469,-2.031788,0.397538,0.993101,2.420652,1.564806,-1.615570
1455,13463,1.804703,-1.535977,-1.647478,-0.851496,-0.298378,-2.346530,-2.067599,1.338009,-0.196310,2.969253,1.283653,-0.742529
1455,13464,3.147132,-0.804555,-2.230418,-1.853765,-0.016377,-4.327713,-2.617138,0.515643,1.235628,3.228500,1.250429,-0.168279
1455,13465,2.481621,-2.278209,-1.797557,2.468897,0.497050,-3.417437,-1.764087,2.233878,-0.948510,1.973649,0.996795,-0.794560
1455,13466,1.372077,-1.455413,-0.577086,3.217530,-0.539974,-3.880974,-2.287302,2.508874,0.181345,3.455957,1.780304,-1.144127
1455,13467,4.186754,-2.151631,-1.957665,1.916922,-0.234026,-2.117197,-1.140470,0.929750,0.717713,2.300880,0.409732,-1.066744
1455,13468,2.782045,-3.406101,-1.502396,1.800192,-1.117310,-3.202267,-1.719554,2.442016,0.653392,2.501914,1.887393,-0.953820
1455,13469,3.535329,-1.710545,-1.942466,2.022994,-1.411784,0.279157,-3.899050,2.759030,0.175543,2.976030,1.731203,-1.056509
1455,13470,4.108332,-1.797897,-1.731162,4.425281,-0.706135,-2.713917,-1.474256,4.379634,0.452416,4.089946,1.147939,-0.482539
1456,13471,2.861433,-2.043220,-4.449646,-0.918301,-0.969038,-4.436250,-1.808104,2.367387,1.809609,3.012160,0.785368,-1.666904
1456,13472,2.032311,-3.002469,-1.790592,2.242960,-0.557370,-0.729181,0.808297,0.874461,0.222895,2.435700,1.622483,-1.753209
1456,13473,1.489112,-1.242090,-2.104453,0.060227,-0.650641,-2.952455,-2.414607,2.543548,1.798387,2.701712,1.422077,-1.168571
1456,13474,2.044234,-1.314351,-3.324453,3.505537,-2.341588,-2.682844,-3.592968,1.173105,-0.338692,2.991265,0.900414,-0.108198
1456,13475,3.327914,-1.935684,-3.085851,1.798958,0.447408,-4.372024,-3.421480,1.385952,-0.075297,2.469447,1.483765,0.038159
1456,13476,3.107319,-1.975510,-2.699825,1.141385,0.584871,-2.768363,-2.856507,2.059372,0.181847,3.230264,1.734992,-2.476543
1456,13477,3.116578,-2.268987,-4.343528,2.917407,-0.254759,-1.767462,-2.273525,1.509915,-0.180980,2.465353,1.171665,-0.583327
1456,13478,1.799514,-2.309608,-1.872211,-0.028101,-1.565173,-1.207446,-0.959732,3.384737,0.086552,2.603091,1.917681,-3.780692
1456,13479,2.065404,-2.437915,-1.373258,2.008621,-0.948812,-2.940352,-3.623534,2.098833,0.307283,2.795757,0.819348,-0.398192
1456,13480,1.318817,-1.584990,-2.604221,0.920210,-0.305265,-4.099666,-3.238075,0.696244,-0.226285,2.352933,0.801824,-2.470351
1457,13481,166.082282,0.777929,-2.315019,288.278622,-4.156264,-267.708939,-4.010010,495.276240,142.264185,3.096783,1.123899,1.118651
1457,13482,124.331723,-0.354481,-0.570445,208.843883,-3.851893,-1281.981601,-3.240019,371.803273,-162.181476,4.227973,1.608486,-2.029015
1457,13483,234.030846,0.380587,-4.097030,-82.393294,-3.973824,-836.285581,-1.101066,266.087526,8.832477,4.526492,0.672616,-0.899961
1457,13484,162.752889,0.438145,-2.497682,57.435066,-3.156500,-305.099901,-1.513444,254.392464,60.694752,4.642699,1.144595,1.905130
1457,13485,122.556719,-1.025971,-1.993250,282.206335,-4.799272,-741.708513,-2.737866,205.763679,-65.925223,4.381929,1.410891,0.914338
1457,13486,73.671678,0.134601,-4.440384,308.333158,-3.533115,-559.065518,-2.769733,325.632958,279.533896,3.949588,0.573178,-1.066087
1457,13487,181.184191,-0.058400,-2.833818,350.320747,-2.486599,-819.101425,-0.760756,215.337555,156.075633,3.906911,0.942719,0.675093
1457,13488,149.935436,-0.064757,-2.747857,140.112705,-3.574035,-95.276592,-1.916268,316.313358,175.047059,5.244207,0.504706,-1.267375
1457,13489,103.321344,-0.816857,-2.108308,195.762298,-4.148936,202.764606,-3.926760,279.710804,250.041955,4.354738,1.086834,0.434856
1457,13490,47.019643,-0.382022,-2.976939,345.644484,-4.279074,-278.482733,-0.892029,188.314087,137.347031,4.102120,1.051119,0.525251
1458,13491,234.981634,-0.086767,-1.460115,413.815759,-4.776447,-357.535983,-2.406819,473.329919,-179.794293,4.437677,-0.893660,0.400016
1458,13492,112.207371,-0.383338,-4.467542,730.623753,-3.084422,-947.441508,-0.905088,287.528125,251.710326,4.970667,0.336463,-0.848184
1458,13493,200.894881,0.679922,-1.950869,392.078862,-3.762603,-462.739911,0.172648,352.408214,156.326195,4.097908,-0.321350,2.334556
1458,13494,177.189018,0.361368,-2.891418,344.291450,-3.946471,-694.076516,-4.493039,238.686866,122.227411,4.245946,0.783813,-1.134308
1458,13495,214.235905,-0.197834,-3.468731,376.759748,-2.814828,-269.759032,-2.032776,338.903214,-36.165616,5.780644,0.450346,-2.506197
1458,13496,217.466975,-0.688204,-1.151070,-106.246437,-4.847686,-491.611450,-3.973199,247.933578,117.845499,4.303239,0.064672,-0.085937
1458,13497,201.767823,-0.573711,-3.175199,163.572580,-3.681432,-66.868469,-1.788839,296.332919,164.849210,4.805561,1.341495,-1.482608
1458,13498,206.766222,-0.981385,-1.114361,306.766270,-4.079546,-287.248184,-4.006645,160.122608,186.026020,3.632505,1.459250,0.232669
1458,13499,243.200071,0.731995,-1.519392,33.253629,-3.729082,-759.985999,-0.847870,228.865757,442.091220,3.712736,-0.083612,0.048251
1458,13500,232.449297,0.379442,-4.675037,69.199932,-2.400135,-730.791492,-3.195404,221.252281,193.090839,3.481498,0.360662,-0.363149
1459,13501,2.615612,-1.508533,-2.373574,0.715506,1.733988,-2.196679,-3.060863,2.451753,-0.224473,3.482785,1.786050,-0.415185
1459,13502,1.707931,-2.967814,-2.448943,0.924175,-1.929162,-5.993129,-1.627747,1.861606,1.042792,2.183973,0.641190,-1.030250
1459,13503,2.365550,-3.057606,-4.040981,0.355449,0.048780,-1.277430,-4.111235,3.210739,0.800627,4.418742,-0.249923,-0.356540
1459,13504,1.111979,-1.994987,-3.897895,1.919020,-0.565005,-2.641223,-3.148002,0.935354,0.362555,2.872824,1.010085,-0.850558
1459,13505,3.928828,-2.878294,-0.453752,0.738146,-1.094545,1.036001,-1.674318,0.924604,0.907018,3.958239,1.094408,-0.981299
1459,13506,1.484724,-2.188028,-4.876868,2.089973,-0.897047,-4.891387,-1.643306,2.053277,0.372952,3.706050,1.555711,-2.797047
1459,13507,3.070553,-1.553672,-0.649935,-1.483064,-0.978817,-0.928791,-0.690342,1.673955,-0.245834,3.279544,1.259040,-1.575325
1459,13508,4.349634,-2.525495,-1.084653,0.958197,-1.303939,1.640627,-2.396166,2.930941,0.215207,3.008373,1.740753,-2.593754
1459,13509,2.449578,-1.552540,-3.246024,7.119593,-0.911433,-4.698071,-0.399316,1.689781,-0.024755,2.607315,0.971410,-0.626126
1459,13510,3.066996,-1.879585,-1.202358,-1.148675,-1.778793,2.003755,-3.881081,3.663514,-0.439154,3.013179,0.945674,-2.559164
1460,13511,3.995479,-2.860529,-1.749009,0.596587,-0.565748,-3.122411,-4.587004,2.501029,1.108741,2.456130,0.742165,2.074063
1460,13512,3.446031,-1.563529,-0.681539,1.046855,0.245713,1.149136,-0.282018,2.082641,1.115832,3.430352,0.852433,-1.149010
1460,13513,1.897090,-2.343201,-2.971792,0.343579,-1.325849,1.688589,-1.508482,2.462844,0.278914,2.641415,1.774411,-2.173913
1460,13514,1.958114,-2.387277,-1.058404,0.712695,-0.592765,-1.506074,-1.118959,2.942350,0.320463,2.615426,1.018848,-2.037797
1460,13515,2.969493,-1.289623,-1.970274,0.018929,-1.325327,-0.969569,-4.114514,1.291854,0.247011,2.555292,0.697317,-2.319693
1460,13516,2.727275,-1.154169,-1.470672,0.031984,-0.422300,-4.441549,-1.846159,1.641530,0.894207,2.924865,0.885588,-1.311996
1460,13517,3.785430,-1.237662,-1.834475,0.094616,0.467184,-3.955699,-2.663324,2.460392,0.803031,3.746891,1.361979,-2.353835
1460,13518,2.436811,-2.599563,-3.203159,3.092980,-1.462509,-1.397047,-3.408565,0.233454,0.918514,2.676167,0.558277,-1.308854
1460,13519,3.057219,-1.498773,-3.250585,0.777362,-0.618940,-1.708244,-2.767671,3.188533,0.661329,3.495439,0.813198,-2.628957
1460,13520,1.798214,-0.451962,-2.182890,0.176851,-1.294131,-1.416289,-1.693803,1.422938,0.634735,2.971154,0.552288,-0.970270
1461,13521,1.477560,-2.855569,-3.205994,0.960237,-0.586376,-3.745162,-0.878138,2.256240,0.359594,3.428820,1.098900,-2.512294
1461,13522,1.245248,-2.556850,-1.663077,-3.048200,0.163868,-4.362557,-1.667646,3.277685,-1.397906,3.873860,1.089482,-2.008944
1461,13523,1.004243,-2.854843,-0.962042,-1.523462,-0.284032,-2.623019,-4.264911,1.837829,0.984180,2.094937,1.466885,-1.356179
1461,13524,3.790414,-1.578589,-3.220953,0.242666,-1.132256,0.212892,-3.152997,2.396398,0.494462,2.570850,1.613290,-1.552504
1461,13525,2.352739,-1.313775,-3.582652,1.505599,-0.546982,-2.547976,-1.973058,3.639638,0.889179,2.532521,0.238556,-0.050132
1461,13526,3.394100,-1.220290,-3.244355,2.841373,-0.987419,-5.399901,-1.222544,1.338654,0.304636,2.955517,0.877706,-0.888050
1461,13527,2.413776,-2.656939,-1.156269,0.505576,0.390791,-1.965278,-2.840879,2.375330,0.199259,2.385842,0.673224,-2.636900
1461,13528,2.414891,-1.685895,-1.553405,2.256234,0.012846,-0.224719,-1.588044,0.153951,0.864502,2.893708,0.412787,-1.066968
1461,13529,2.321627,-2.033404,-1.204703,1.624670,-0.882649,-3.602923,-4.114826,2.921661,0.142653,2.486623,1.263671,-0.301798
1461,13530,2.407121,-1.882918,-1.524393,1.721558,-1.068404,-0.980249,-2.392361,1.904068,-0.008395,2.907681,0.956876,-1.959234
1462,13531,2.946316,-0.864251,-1.008140,-1.065659,-0.380120,-0.258583,-1.612704,1.974902,1.167271,3.081758,2.216445,-0.776441
1462,13532,3.372639,-1.869100,-1.415869,-2.243518,-0.142816,-1.299152,-3.748194,2.238833,0.558645,2.858538,1.211602,-2.584757
1462,13533,2.151046,-1.690413,-2.909370,0.638010,-0.027288,-1.309712,-3.100447,2.866489,0.903561,3.438265,0.167765,-2.079098
1462,13534,3.259971,-2.654616,-3.893901,-1.475454,-0.395678,-3.395154,-1.605585,3.162568,-0.877438,2.613412,2.206590,0.723643
1462,13535,1.627230,-2.439540,-0.614406,1.566521,-0.702364,-5.350062,-3.234313,2.737160,0.783630,3.046568,0.894740,-3.647990
1462,13536,6.534911,-0.703936,-2.512683,0.670912,0.553941,0.996382,-1.934155,1.384136,0.518625,3.146242,1.904131,-0.828396
1462,13537,2.931569,-2.497862,-1.920045,-1.177508,-0.458152,-5.203961,-3.295211,3.227889,0.480166,2.511867,1.740931,-0.912981
1462,13538,1.782292,-1.531137,-2.084774,0.879253,0.705508,-1.755752,0.273885,1.097758,0.617133,2.098428,1.558002,0.198434
1462,13539,3.006989,-0.632317,-1.409427,1.296087,-0.807293,-6.894629,-1.578573,2.308812,1.020401,3.141817,0.654889,-0.962109
1462,13540,2.944767,-1.892239,-3.713895,-0.994601,-0.851316,-4.118652,-2.138851,1.705233,0.783864,3.021134,1.136535,-1.492883
1463,13541,0.904298,-1.071715,-0.468363,0.135066,-0.753845,-4.480104,-3.099164,0.521132,0.289524,3.514625,1.150715,-0.066354
1463,13542,1.920770,-2.902084,-3.801181,2.407573,-0.883088,-3.747584,0.387861,1.768745,0.400602,2.081217,1.343738,-2.511462
1463,13543,2.790564,-1.843453,-1.693314,0.679608,0.280016,-5.454710,-3.718636,0.998270,0.220118,3.305184,0.009210,-0.854302
1463,13544,2.606856,-2.161540,-1.019681,-2.588683,-0.596945,-1.035384,-3.179946,2.489830,0.511795,2.261080,0.525067,0.273348
1463,13545,3.428497,-1.354711,-1.529199,-0.668184,-0.915354,-3.228574,0.062300,1.780063,0.569694,3.106366,0.851238,-2.896217
1463,13546,2.802722,-2.499002,-1.988110,0.964346,0.098085,-1.831806,-1.021244,1.918747,0.655683,2.652662,0.640473,-1.594966
1463,13547,2.895051,-1.438038,-0.730388,-0.219499,-0.231312,-0.972194,-1.551082,1.426688,0.555928,2.764597,1.161199,-0.557153
1464,13548,3.704836,-3.795527,-2.583412,3.194252,-1.072896,-5.192342,-2.046827,3.072693,0.681866,3.153178,1.136411,0.137699
1464,13549,3.159988,-2.930540,-2.587259,3.867430,-0.528734,-1.648744,-2.724020,2.337182,0.243530,2.386497,-0.003241,-1.630668
1464,13550,2.204289,-1.957813,-2.036528,0.361683,0.355293,-5.430921,0.308439,1.959736,0.371812,3.667040,0.768136,0.024496
1464,13551,2.678701,-3.085358,-4.053894,1.405249,-0.869510,-1.271471,-4.015898,2.088085,0.722972,2.831296,1.492996,-1.950188
1464,13552,0.014892,-1.210382,-3.010977,3.056809,0.641675,-1.949864,-3.966580,2.016677,0.150281,2.714190,0.538536,-1.322335
1464,13553,1.608351,-1.778017,-1.650371,3.047416,0.124102,-2.336405,-2.331461,0.193164,0.093313,3.294573,0.991483,-3.970425
1464,13554,2.462794,-1.306513,-2.354166,-0.417739,0.289500,-1.513259,-1.301475,2.913143,-0.240323,2.936616,2.141983,-1.610499
1464,13555,4.196324,-2.684984,-4.099800,1.359663,-1.499262,-0.375001,-1.217121,2.486974,0.687398,2.393394,1.697337,-1.298153
1464,13556,3.308150,-2.287907,-0.950956,2.228000,-1.808987,-2.898462,-2.386974,1.521203,0.938492,3.958733,1.634834,-0.988026
1464,13557,2.923694,-1.541953,-3.001436,0.732862,-0.613492,-1.102014,-1.620696,1.444313,0.709094,2.892865,0.460978,-1.486510
1465,13558,196.854669,-0.218801,-0.080379,249.831918,-3.391723,-1117.842247,-2.544591,199.114695,19.534940,2.489822,0.890953,0.572029
1465,13559,180.484723,-0.622140,-4.109717,463.170092,-3.876015,-122.687402,-3.700647,408.146984,71.079508,4.241118,0.529994,1.466040
1465,13560,236.332314,-0.090917,-2.784775,193.959025,-3.419420,-149.434106,-2.751306,257.660579,98.477009,4.093665,0.561263,-2.657061
1465,13561,217.880874,-0.310021,-4.597744,-296.952581,-4.101156,-1413.760255,-1.858728,169.721000,70.935343,4.676301,1.453965,-1.128937
1465,13562,187.339073,0.035898,-2.120648,-101.666524,-2.852023,-617.078042,-2.372215,200.985528,83.630473,4.174562,0.508257,-0.188356
1465,13563,222.153379,-0.486381,-2.906753,-658.446485,-2.675179,-356.204042,-3.838040,388.487934,176.053692,4.345679,0.730345,-0.313238
1465,13564,341.514887,0.588259,-2.349664,-177.318317,-2.482776,-629.180932,-1.831682,285.650488,255.397341,3.870773,1.577870,1.176545
1465,13565,173.039831,0.190800,-0.540914,34.668115,-1.804979,-1239.700559,-0.344122,187.204505,-51.288488,4.324096,1.656977,1.133456
1465,13566,106.694948,1.093478,-4.178306,134.744286,-4.953752,-790.518892,-1.063793,86.782882,149.383885,5.184614,1.345385,-0.919298
1465,13567,110.729199,-0.451700,-1.509145,527.077840,-3.670455,-1169.977517,-1.549600,409.234883,-1.511196,4.064275,0.235271,-3.217147
1466,13568,234.463271,-0.384506,-3.054649,-58.229109,-4.866937,-675.009372,-2.633331,257.269208,-42.505822,4.623238,0.135990,-0.178326
1466,13569,228.757601,0.481042,-1.000093,-227.142275,-3.375254,-745.514281,-3.953807,254.028285,149.163149,3.606360,0.510704,-0.838349
1466,13570,176.374652,0.311770,-2.616403,-696.525662,-2.960813,-284.193676,-1.627213,319.833544,285.417137,4.427498,0.344916,-1.466727
1466,13571,209.889299,-0.818417,-2.736984,270.847419,-3.865705,-309.396077,-1.940913,298.951232,-3.630852,4.181343,0.408915,-1.459727
1466,13572,125.140527,-1.327559,-2.809201,-274.160562,-4.697289,-1119.629347,-1.330127,223.328482,198.645788,3.934971,-0.188390,-1.144279
1466,13573,123.621636,-0.576021,-2.599571,128.127333,-4.241857,-1531.681198,-3.502346,385.145054,30.905030,4.698751,0.961299,0.653011
1466,13574,26.525710,0.656690,-2.903602,431.941490,-3.754886,-169.344605,-4.331544,460.474834,93.296267,4.071935,0.466596,-0.570487
1467,13575,211.356699,0.703685,-4.612300,55.818229,-3.349263,-341.235126,-3.062132,259.614927,52.197110,3.538822,1.418634,-0.224563
1467,13576,160.951309,-0.446987,-4.811199,19.922494,-1.653543,-182.309630,-4.600516,212.191086,215.748152,3.983672,0.798142,-1.240363
1467,13577,236.805521,0.724818,-2.563159,-46.723546,-4.063457,-1697.233870,-3.543643,289.103235,-87.111171,4.687976,1.210647,-0.466759
1467,13578,187.703999,0.541400,-1.450171,242.839810,-3.983263,-450.184251,-2.421870,378.879853,-38.059857,4.599261,0.461428,-0.449907
1467,13579,174.004141,-0.577460,-2.363913,72.473934,-2.967566,-183.217896,-1.798559,224.939146,114.660169,4.283872,0.780455,-0.342750
1467,13580,188.352216,0.799244,-2.953592,-161.279808,-4.124690,-380.224330,-1.509763,329.761512,26.204926,3.654727,0.658803,-1.818101
1467,13581,111.187837,0.366176,-1.723431,196.641492,-2.797341,-784.792176,-1.467091,281.894368,195.077494,4.794149,-0.615485,0.322132
1468,13582,2.950536,-1.012324,-1.950061,-0.592200,0.107376,-0.445884,-1.506252,2.747604,0.868647,1.667844,1.753114,-0.150992
1468,13583,2.056218,-1.129729,-0.879743,0.035834,-0.582227,-1.591184,-2.920689,1.622490,-0.580788,3.645404,0.805855,-0.845721
1468,13584,3.441507,-1.033801,-1.980242,2.491484,-0.742083,0.173142,-0.390735,1.271493,0.065110,3.535447,1.064910,-1.025955
1468,13585,3.033140,-2.495376,0.069438,-2.006110,-0.444627,-2.413857,-0.779919,2.116687,0.005345,3.939738,1.870563,0.339617
1468,13586,2.474662,-2.245270,-2.105463,0.094135,-0.364105,-4.280211,-0.915488,1.325424,0.789643,4.000280,1.621427,-1.594005
1468,13587,3.050955,-2.692878,-1.045522,1.979261,-1.252105,-1.525513,-2.230007,1.554796,-0.105408,2.888488,0.118245,-4.376209
1468,13588,2.639448,-2.050578,-2.765174,-0.480467,-1.610525,-1.437875,-3.427326,3.528390,0.806040,2.016368,1.696287,-1.280345
1469,13589,3.035240,-1.029915,-1.606382,-0.601612,-1.114094,0.719798,-3.838255,1.739495,-0.325645,2.967805,0.641336,-2.359529
1469,13590,2.678132,-2.595318,-3.129185,0.226429,-0.412072,-4.237186,-1.749449,3.104871,1.683138,3.138098,0.102744,-0.869400
1469,13591,3.226975,-2.141986,-2.461355,-1.864720,-0.523497,-2.923725,-0.793565,0.919583,-0.136518,3.635687,1.301942,-1.975796
1469,13592,2.235653,-3.186616,-2.410349,-1.859839,-1.444903,-0.964560,-3.095442,2.320590,-0.835416,3.089520,0.877711,-1.300110
1469,13593,2.445574,-1.185306,-1.567711,-1.502556,-0.335623,0.837978,-1.360730,2.402758,0.716271,2.113546,0.877991,-0.692288
1469,13594,2.399426,-1.695232,-2.882470,-1.311977,-0.624111,-3.293957,-3.246283,1.070829,-0.371175,2.480636,1.380823,-1.000006
1469,13595,3.131596,-2.655775,-2.846845,0.897086,-1.589242,0.457924,-4.456972,2.270289,0.527246,3.380875,1.716024,-1.251310
1469,13596,2.930354,-2.929945,-1.300048,-0.090394,-1.295001,-0.171383,-3.873268,2.176841,-0.548703,1.912017,0.535600,-1.876280
1469,13597,2.986942,-1.289218,-2.269018,0.510859,-1.002944,-4.969944,-3.184997,2.529557,1.126885,3.114965,1.423927,-0.122169
1469,13598,0.494031,-2.521933,-0.748817,-1.922275,-0.604828,-2.200825,0.445718,1.461725,-0.403659,3.025854,1.468017,-1.049171
1470,13599,140.151942,0.025328,-2.366713,201.054586,-2.608240,-653.684671,-1.930323,268.894835,234.202880,4.317688,1.371275,-2.184367
1470,13600,165.281837,-1.072753,-2.183867,-103.175302,-2.496126,-925.800973,-3.111491,176.706610,97.951013,4.041266,1.293535,-1.426530
1470,13601,277.533351,-0.609374,-0.649259,-224.565813,-3.016714,-727.258167,-2.720100,316.853962,230.886010,4.122519,1.129593,-0.364964
1470,13602,227.960484,-0.335838,-3.168979,225.569933,-3.825864,-790.850222,-3.205347,534.158111,90.829499,4.175759,0.407278,1.095811
1470,13603,159.115169,0.099109,-2.495352,-111.709414,-3.102248,-175.093136,-3.370096,330.976968,186.205635,4.838052,0.735809,-2.459097
1470,13604,111.490635,0.261870,-2.711993,-58.720805,-2.135266,-1156.613863,-2.212457,375.522040,124.750885,4.157657,1.980695,-1.093391
1470,13605,106.014227,-0.510285,-1.786758,273.761256,-3.701781,-1133.435498,-3.413973,140.481206,175.615463,4.509801,0.008443,-0.867904
1470,13606,178.996539,-0.189402,-2.468902,435.517318,-3.364172,-1128.827050,-1.632998,259.433808,148.020409,5.518077,0.241442,0.253514
1470,13607,227.533780,-0.802510,-4.112765,92.762576,-2.838919,-267.055791,-0.798110,275.563227,361.192876,3.981020,1.251626,-1.029332
1470,13608,165.873188,-1.005459,-2.050483,465.864488,-2.658563,-477.707826,-1.974182,238.768520,310.835820,4.979605,1.538807,-3.529536
1471,13609,158.537132,0.339394,-3.070666,-46.340158,-3.176142,-709.855374,-1.352051,103.260357,85.831640,4.413553,2.013858,-0.829575
1471,13610,172.544637,-0.471088,-3.884526,89.567457,-2.496247,-639.290169,0.031650,93.193859,231.675274,4.511324,0.951339,2.310878
1471,13611,226.964300,0.404553,-2.389893,260.771923,-5.001269,-1032.512580,-2.267796,189.930345,271.719089,4.027620,0.976428,-0.787077
1471,13612,149.815064,-1.280215,-2.874364,196.479047,-3.000239,-608.728316,-2.741354,407.173363,125.393642,3.452528,0.677818,0.105702
1471,13613,194.209004,-0.709938,-2.994976,123.054150,-2.593931,-1207.771001,-0.421803,179.716014,241.441924,4.381700,0.015369,0.165516
1471,13614,43.664375,0.921447,-5.153636,112.358463,-2.315090,-718.984228,-1.734629,168.403817,116.704911,4.490145,0.644380,0.318349
1471,13615,203.512009,0.074595,-4.059666,51.987794,-2.693932,-1274.678838,-0.637958,379.446594,-33.240982,4.114467,-0.196257,0.544596
1471,13616,233.575903,0.398927,-0.628632,134.814616,-3.944020,-974.659059,-2.938502,300.246821,-8.562260,4.071952,0.867281,-0.218418
1471,13617,115.242532,0.477923,-3.104914,21.522490,-2.954124,-739.839914,-2.475006,272.777144,307.070893,4.443272,1.859607,-1.797535
1471,13618,56.407789,-0.601957,-1.988925,-71.005568,-4.234705,-832.626502,-2.054482,81.146469,182.008167,4.327883,1.547114,-0.509160
1472,13619,75.517870,-0.325691,-2.570288,392.012724,-3.299087,-495.291008,-0.508703,305.411868,71.522886,5.255656,0.877194,-1.656750
1472,13620,238.807847,0.838005,-3.101381,-98.341479,-2.343203,-930.345580,-5.277985,43.255661,370.151181,4.485368,1.496879,-0.755791
1472,13621,187.232730,0.349975,-3.086000,127.315713,-3.740810,-447.860587,-2.820002,367.160930,-14.843424,3.621882,0.852898,-1.403859
1472,13622,86.468021,-0.256340,-3.389379,-313.237444,-3.196187,254.045547,-2.834673,231.305617,-296.377142,5.097994,0.837198,-0.179036
1472,13623,120.414649,0.202176,-3.148860,184.671234,-3.638702,-226.930261,-2.410904,279.307723,73.815410,4.115037,0.937797,1.181204
1472,13624,225.150799,-0.395832,-4.361493,238.188405,-3.077616,-849.911169,-2.413431,368.725783,-10.276668,3.698490,0.352446,-1.795549
1472,13625,73.386544,-0.645278,-2.217248,278.957525,-2.480181,-496.055777,-1.458866,341.767721,45.507082,4.578284,0.076792,-1.258527
1473,13626,3.016403,-2.069113,-4.246977,-1.535539,-1.377717,-2.299960,-3.867816,2.532041,0.463663,2.614612,1.898848,-0.834234
1473,13627,3.671107,-1.566007,-0.006242,2.360289,0.468308,-5.188894,-3.794884,2.900863,0.393924,1.517649,1.140330,-2.277871
1473,13628,1.867630,-1.922517,-1.579701,-1.316276,-1.529528,-5.057935,-2.975660,2.788397,1.091353,3.738916,1.142924,-0.849667
1473,13629,2.452502,-2.357583,-3.030902,-0.463459,-0.753809,-3.371587,-0.992735,1.228922,-0.561155,3.009302,1.180297,-1.466558
1473,13630,2.247540,-2.258899,-2.368270,0.356604,-0.581486,-2.885421,-1.658843,1.697379,-0.424046,2.580594,2.225406,-0.469573
1473,13631,2.741792,-2.475700,-2.463504,1.902615,-2.178549,-1.446687,-3.499070,2.610849,0.481846,2.452335,1.082824,-1.560538
1473,13632,3.972168,-0.644005,-0.707083,1.867605,-1.016671,-2.491991,-2.240109,1.661379,-0.563267,2.406269,0.407342,-1.383711
1473,13633,3.207582,-2.771673,-2.713297,-1.582837,0.431653,-2.352306,-1.525044,2.678267,-0.269578,2.207413,0.616287,-0.825288
1473,13634,3.659386,-1.548712,-2.076237,0.942513,-0.013503,-2.425995,-2.401093,2.650290,0.951318,1.968376,1.941472,-0.164782
1473,13635,3.122801,-0.903252,-3.671517,-0.408387,0.280450,-5.266053,-1.985900,3.261880,0.106449,2.625622,0.816368,-1.222873
1474,13636,1.697629,-1.708730,-2.704588,0.664409,-1.354260,-5.641927,-2.837694,1.738886,0.172316,2.265943,1.497100,0.631037
1474,13637,3.168075,-3.190440,-1.348316,-0.503866,-0.863348,-1.544779,-5.098812,3.083832,-0.940889,2.279220,0.732156,-2.107986
1474,13638,4.820209,-1.803761,-0.732878,-2.070746,0.198177,-1.413253,-3.323141,1.863082,0.680277,2.272191,1.424201,-0.465807
1474,13639,1.260001,-2.630052,-2.416909,1.443710,0.178646,-0.995477,-1.763769,1.299163,0.080269,2.089329,-0.092522,0.987503
1474,13640,1.975873,-1.667064,-1.673875,2.224458,-0.155732,-3.653689,-2.238349,2.533938,-0.104759,3.201693,-0.664317,-1.639524
1474,13641,2.541835,-2.649376,-0.575270,2.119437,-0.446738,-2.423831,-1.441172,2.123484,0.365246,3.189681,0.361319,-0.241597
1474,13642,1.625520,-2.014021,-3.196378,-0.892577,-0.993528,-6.518594,-1.970564,1.445106,0.404158,3.328955,1.537693,0.019081
1474,13643,2.040719,-3.398453,-2.096774,1.399425,-0.762333,-1.517441,-4.023575,2.057934,0.808108,2.673380,2.061366,1.061869
1474,13644,2.856335,-2.986975,-3.026651,-0.149856,-2.004028,-4.998900,0.144924,1.620213,0.896884,3.097458,1.099027,-1.001297
1474,13645,3.560718,-2.198064,-2.170285,-1.498989,0.435675,-4.346377,-1.034223,1.837142,-0.056449,3.496041,1.366135,-2.460218
1475,13646,2.693919,-2.428086,-2.784801,2.507445,-0.798979,-2.581860,-3.468103,2.628330,0.789428,1.661667,0.069033,0.179718
1475,13647,2.011603,-2.261565,-2.982423,-0.560032,-0.580811,-4.745676,-0.876670,1.597451,1.565428,3.256120,1.524047,-3.199203
1475,13648,1.673235,-2.560145,-2.304753,3.270957,-2.053782,-2.560279,-0.604501,2.167750,0.999755,2.713818,1.032015,-2.132674
1475,13649,2.164279,-1.322115,-2.137255,-1.622721,1.019693,-3.988647,-2.090234,2.939349,-0.089033,3.379868,1.129449,1.224726
1475,13650,3.917138,-1.603711,-2.243181,-0.016320,-1.853728,-6.435281,0.343490,2.557914,0.529932,3.398434,1.086806,-0.640644
1475,13651,3.916278,-2.222872,-2.357406,2.458382,-0.129875,-0.499246,-3.534899,2.752364,0.506883,2.713887,0.693962,-1.308555
1475,13652,3.435073,-3.213632,-1.335730,-0.125605,-0.158608,0.291694,-1.282600,2.203117,0.602672,1.742936,1.840125,-1.423409
1476,13653,3.776594,-2.789615,-2.565047,1.733821,-1.713046,-3.343754,-4.204708,2.559376,0.009419,2.343128,0.355033,-2.574494
1476,13654,3.123589,-1.728770,-2.618950,1.106053,-0.437499,-2.352873,-1.786761,2.293254,-0.256568,2.278484,2.049737,-1.424189
1476,13655,1.164612,-2.282531,-1.783858,1.565848,-1.535819,-0.635822,-2.329005,0.114566,1.185588,3.687955,0.712802,-0.283344
1476,13656,3.937970,-1.974123,-1.849573,2.681199,-2.060556,-0.418052,-2.511345,0.937244,0.424964,1.787243,1.622964,-2.994489
1476,13657,1.563132,-2.289988,-3.408175,0.120890,-0.114686,-2.585795,-2.237535,1.530041,1.142158,3.881352,0.972686,-2.388849
1476,13658,2.612221,-1.260136,-1.857104,-2.776252,-1.183178,-0.992653,-0.836252,1.655364,1.589561,3.213066,0.618768,-0.741534
1476,13659,-0.016659,-2.327742,-1.091041,2.852983,-0.474056,0.064794,-2.473963,1.408201,-0.431757,1.905247,0.819074,-1.641357
1476,13660,1.995009,-1.897613,-2.709019,0.832156,-0.028719,-0.250037,-2.897447,1.748573,0.500439,3.174805,1.185583,-2.373313
1476,13661,4.615633,-2.301354,-2.176895,-0.358557,-1.079694,-4.856358,-1.126070,1.302456,0.077431,2.770987,0.734042,0.957538
1476,13662,4.596171,-2.298274,-2.323379,-1.847854,-1.007921,-2.174743,-0.470648,2.546646,1.066058,2.779512,0.533885,-1.825243
1477,13663,110.697832,-0.260481,-4.603561,-100.235264,-3.780626,-489.503040,-2.490819,331.375428,-52.185469,4.203878,1.668213,-0.202311
1477,13664,160.415014,-1.594527,-4.502281,199.148698,-3.672908,-889.654051,-2.022798,216.606343,-274.697907,3.732502,1.443515,-1.329615
1477,13665,211.382415,-0.228730,-2.856665,6.963035,-2.718118,-26.967341,-4.634530,175.494150,183.696216,4.927833,0.462971,-1.274149
1477,13666,224.595478,0.828758,-3.801971,170.721760,-2.294789,166.980493,-2.651811,204.179344,84.031257,4.319776,0.846129,1.568264
1477,13667,200.684194,-0.545544,-3.693058,705.929099,-1.741604,-346.833833,-2.714648,190.213622,-22.660186,3.758489,0.546803,1.115920
1477,13668,213.166058,-0.554445,-1.881372,394.586199,-3.594117,-201.281752,-1.701703,335.652850,134.365572,4.046113,0.704662,-1.714323
1477,13669,260.221564,-0.271227,-4.177293,267.364570,-2.501558,-486.227217,-3.109369,251.707449,243.408279,4.316571,0.589313,0.642735
1478,13670,3.154846,-2.197569,-1.751089,0.565074,-0.611378,-2.185794,-4.249730,2.207234,0.983005,2.233157,1.400782,-1.949777
1478,13671,1.349068,-1.702739,-1.695345,2.257459,-0.255104,-1.893550,-2.806957,2.798558,0.493868,3.438644,2.116364,-1.903328
1478,13672,1.586182,-1.670431,-4.588335,-0.857487,-2.179333,-0.236596,-1.560628,1.918431,0.550621,2.003325,0.577001,-1.058538
1478,13673,3.236081,-2.307336,-4.980609,0.106348,0.214092,-1.778960,-1.294902,2.647733,0.356622,5.243183,0.992024,-0.491039
1478,13674,2.962141,-1.684931,-0.990246,4.252983,-1.727799,-3.226152,-2.537380,2.303865,-0.203014,3.359000,0.589711,0.636752
1478,13675,2.566088,-2.249117,-2.213501,0.980005,-1.107811,-4.059063,-2.661310,1.329829,0.901223,1.944478,0.358484,-2.996315
1478,13676,1.299923,-1.760563,-1.489433,-0.916769,-1.729046,-1.368700,-0.855352,3.062990,0.811765,3.517761,0.513764,-2.104535
1479,13677,2.569954,-1.747311,-2.578853,0.239904,-0.564339,-4.668916,-3.192454,1.306693,1.468380,2.220709,1.990607,-0.909716
1479,13678,2.485218,-1.637289,-2.637888,0.019751,-1.230793,-1.437631,-1.355250,2.163010,-0.227024,3.462815,1.761992,-1.865214
1479,13679,3.281641,-1.615101,-2.280026,2.153622,-0.346737,-3.661105,-3.688882,0.876174,0.124268,2.732309,0.691901,-2.120693
1479,13680,2.123183,-2.159355,-0.595164,-1.566227,-1.981503,-1.754718,-3.219712,2.464967,0.323098,3.218872,1.272446,-0.935987
1479,13681,2.484664,-2.815892,-0.620555,-1.239687,-0.169157,-5.056984,-1.932293,2.652266,0.211577,1.910569,2.027179,0.299196
1479,13682,2.036819,-2.265423,-1.233406,0.045167,-0.948328,-2.505344,-1.879303,1.982806,-0.435605,2.979842,0.610292,-0.701900
1479,13683,2.577614,-2.694659,-3.109182,2.467193,-0.077261,-1.740242,-2.484101,1.776257,0.511665,2.758297,1.818467,-0.028661
1479,13684,1.203232,-1.691115,-1.728759,0.495156,-0.798843,-0.202597,-5.385728,0.808348,0.441518,2.608131,2.318319,-2.474722
1479,13685,1.380730,-2.670278,-2.118442,3.324955,-2.602665,-4.918422,-2.050314,0.987594,0.545713,3.180867,0.973633,-0.916610
1479,13686,3.460914,-1.288445,-2.948064,-1.666173,-1.515241,-1.459944,-0.853354,1.686734,-0.312273,2.509650,0.080540,-1.260984
1480,13687,3.047676,-1.471526,-1.053973,-3.117707,-0.707496,-2.096110,-2.187695,1.446814,-0.451214,3.277796,0.946994,-1.957823
1480,13688,1.871073,-2.648314,-1.865201,1.095359,0.519149,-5.164489,-2.083011,2.328509,0.762821,2.534811,1.191478,-1.108268
1480,13689,3.182189,-3.309894,-3.187311,1.421102,-0.983594,-0.888887,0.418339,2.113246,0.115059,3.060298,1.548601,-3.516186
1480,13690,1.814288,-1.638736,-1.042707,0.418477,-0.476015,-2.200402,-1.146373,4.449815,-0.454033,3.866805,1.321944,0.003899
1480,13691,1.292199,-1.716874,-1.340858,-1.751288,-0.882600,-2.630584,-1.941949,2.556702,0.786262,3.385842,1.539058,0.751413
1480,13692,3.484433,-0.888288,-2.386958,1.017490,0.183044,-2.300925,-3.055624,1.189899,-0.427468,1.785827,1.209746,0.399609
1480,13693,4.258802,-2.084074,-1.124639,-0.482576,-1.421452,-2.339720,-0.639384,1.764659,1.332435,2.824336,0.293973,0.918068
1480,13694,1.832179,-2.895912,0.928503,-1.158920,-1.144233,-3.466046,0.317875,1.445552,-0.266968,3.886866,0.376274,-2.282487
1480,13695,3.474404,-1.527804,-1.842675,2.370643,-1.039211,-3.105608,0.493193,2.089309,0.262369,2.870663,1.700813,-0.965288
1480,13696,2.724757,-2.927318,-1.402368,2.299543,-1.155633,-4.385195,-3.477536,1.467333,0.773159,2.966317,1.889124,-2.193002
1481,13697,1.634691,-2.890808,-2.284138,1.227554,-1.491796,-2.583738,-1.745444,2.792679,0.490420,1.630877,0.611085,-0.885993
1481,13698,3.544242,-2.655690,-0.930159,-0.633749,-0.691094,-2.527241,-2.489816,3.985708,0.771858,3.948112,1.379275,-1.518737
1481,13699,2.465261,-2.520701,-1.922521,4.931027,-0.364265,-5.619238,-3.258858,1.912556,1.073544,2.977605,0.095718,-2.568081
1481,13700,2.543720,-0.829519,-2.470394,0.304599,-1.858775,-0.471381,-2.139595,0.680912,-0.092596,3.637517,0.824702,0.171078
1481,13701,2.389746,-1.471899,-2.098130,4.637994,-0.780616,1.817431,-1.145979,1.481330,1.091624,2.395934,1.731362,-1.060796
1481,13702,3.642967,-2.493176,-2.614738,-0.490339,-0.962995,-1.921179,-0.690398,2.935451,-0.636885,3.768126,0.994126,0.018799
1481,13703,2.684288,-1.413946,-1.246005,0.918112,-0.481777,-3.393283,-2.209076,2.787695,0.669207,2.986625,1.528352,-0.936994
1481,13704,2.581374,-0.325996,-2.324134,0.437395,-0.622750,-1.025301,-0.778514,2.161339,1.136220,3.064247,1.093100,-0.607058
1481,13705,2.503619,-1.451776,-3.471293,-1.370593,-0.912174,-3.881941,-4.171547,2.551468,1.277035,2.782368,0.892844,-0.978327
1481,13706,2.405257,-2.276095,-3.364938,-0.360817,-0.343599,-1.740060,0.951797,1.381854,0.414041,2.901047,-0.354040,0.114352
1482,13707,4.042319,-1.411666,-3.020777,2.267570,-0.785740,-0.655775,-0.741726,1.095129,0.547575,2.157819,1.357235,-2.371414
1482,13708,2.226245,-2.493627,-3.342524,-2.486543,-0.765656,-2.494429,-0.667090,0.453947,-0.189368,2.602545,0.369511,-1.038449
1482,13709,3.459609,-2.822034,-2.344756,-0.492676,0.399577,-0.715597,-3.888306,2.654335,0.981822,4.144558,0.670538,-0.836248
1482,13710,2.240369,-2.233056,-2.121731,-0.130090,-0.406173,0.809995,-2.157507,0.946505,-0.022782,2.855746,0.656666,-0.232114
1482,13711,2.185760,-1.656621,-3.139807,0.837518,-0.975604,-2.303000,-3.753985,2.213248,0.195186,2.068190,0.473439,0.186443
1482,13712,1.674056,-2.054025,-2.044249,-1.446289,0.232633,-0.729161,-2.060617,0.553313,1.957753,3.685476,1.224252,-0.449048
1482,13713,1.384198,-2.862775,-2.573696,-0.212010,0.055507,-2.306839,-2.325083,3.037220,0.616399,2.703575,0.634369,-2.914218
1483,13714,285.622654,-0.708406,-3.879948,474.166736,-5.717546,-1109.730213,-0.510026,177.179024,207.643865,4.255896,1.153171,-0.874326
1483,13715,304.895807,-0.642715,-3.059590,-65.583770,-4.027680,-583.148713,-1.532401,267.844806,132.655559,4.602326,0.998276,-0.655102
1483,13716,205.357819,-0.676343,-2.440282,-38.767825,-4.211270,-544.615593,-2.399726,441.193838,14.178187,3.993295,0.035789,-0.407663
1483,13717,315.123990,-0.410153,-4.254924,54.764658,-3.474502,-870.596156,-2.315934,176.648637,181.353160,4.385645,0.182464,-1.686177
1483,13718,196.568329,0.546562,-2.889332,116.142768,-2.799503,-750.933530,-0.845904,446.265522,127.401385,4.396063,1.181597,-0.961975
1483,13719,291.860886,0.061518,-2.087455,9.554881,-2.912384,-717.934435,-0.097924,336.153987,74.836347,5.291218,0.864561,-1.113323
1483,13720,243.527598,-0.122503,-1.793630,556.993152,-2.449835,-1069.464474,-0.874765,238.773280,279.312354,3.953391,0.705758,-2.189321
1483,13721,203.856322,0.330197,-1.421253,98.622410,-4.003383,-274.257825,-2.400800,356.839941,240.553178,4.382218,1.932590,-2.151266
1483,13722,128.212128,0.234368,-4.758708,12.310335,-4.731322,-1195.739709,-4.974017,203.816206,210.837685,4.082431,-0.097819,0.498067
1483,13723,194.433636,0.654405,-5.304149,297.478241,-3.663179,-1407.313514,-3.923030,187.136860,147.206461,5.439683,1.946386,-2.515496
1484,13724,2.013261,-1.168669,-2.095957,-0.084787,-0.537827,1.170735,-1.920585,0.676764,-0.180336,3.286347,0.690362,-1.723526
1484,13725,2.722092,-2.142917,-1.602754,0.861326,-0.241372,-4.177683,-0.588251,2.694631,-0.259586,2.618586,1.478398,0.612757
1484,13726,2.406541,-2.100602,-2.595569,1.569944,-1.238246,-2.004691,-2.391918,1.414537,0.001787,1.948794,1.452544,-1.026283
1484,13727,3.538306,-1.326189,-2.325911,0.943144,-1.509632,-2.765884,-3.135038,1.227679,0.670118,3.318094,0.016625,-0.549939
1484,13728,1.091441,-2.367221,-2.947156,-1.429444,-0.731548,-0.791327,-3.688825,0.968406,0.759174,3.769923,0.965944,-2.885196
1484,13729,2.376959,-2.454906,-2.632819,3.716455,-1.092965,-2.142550,-1.852963,1.667062,0.792176,2.683404,0.939098,-0.987899
1484,13730,2.375838,-2.332937,-2.530862,1.603328,-0.735188,-1.504062,-1.189979,2.499559,-0.628658,3.026013,0.580498,-3.646214
1484,13731,2.444437,-2.050539,-2.708098,2.249325,-1.619599,-0.262984,-4.009650,2.616433,-0.211080,3.436907,1.492543,-0.920727
1484,13732,0.155565,-1.301489,-1.336819,-0.980021,0.595275,-0.848572,-4.408857,2.331862,0.743972,3.422044,0.395253,-1.540855
1484,13733,2.725287,-2.614250,-1.877080,1.270125,-0.269071,-2.619160,-2.674487,1.751762,0.607525,2.570320,0.806936,-2.349329
1485,13734,3.707636,-2.360846,-3.735645,-1.563119,0.313204,-2.658021,-1.267968,2.887486,0.541057,1.741822,0.846166,-0.922037
1485,13735,3.341351,-2.293124,-1.735496,-0.991259,-1.871926,-0.934643,-2.269308,2.286562,-0.399696,4.059900,0.936195,-0.727348
1485,13736,4.519151,-3.043116,-2.714011,1.403381,-0.794829,-2.148317,-1.814934,2.440743,1.426210,1.922832,1.613351,-1.400620
1485,13737,2.107092,-3.235085,-2.493487,2.065683,-0.425154,-2.941148,-1.400294,1.930558,-0.267255,1.778187,1.014155,-1.168688
1485,13738,3.624603,-1.535575,-1.087683,0.136364,-0.176689,-2.791930,-3.350212,1.622523,1.121245,2.232726,1.071352,-2.628594
1485,13739,2.187208,-2.531033,-1.614024,-0.097933,-1.992796,-3.206471,0.066573,2.553070,0.097108,2.775877,1.694044,-1.354526
1485,13740,0.644935,-1.129674,-2.548925,1.376244,-1.283736,-2.525765,-2.213657,3.344734,0.321497,1.758624,1.405211,0.414481
1485,13741,1.399150,-1.942477,-0.921473,-0.719847,-0.909720,-1.625543,-0.093389,0.337491,0.260412,3.514707,1.182758,-1.862310
1485,13742,1.459056,-2.855927,-1.149821,2.037753,-1.503208,-3.226534,-2.146357,2.014153,0.164208,1.792493,1.261320,0.046021
1485,13743,0.118206,-2.905287,-1.632416,0.923128,-0.646645,-1.240380,-3.558740,1.497002,0.285385,3.069999,0.835730,-1.342979
1486,13744,1.376517,-1.645132,-2.888312,-0.421194,-0.463620,-3.970124,-3.894745,2.506801,-0.289744,3.158803,0.475153,-2.172644
1486,13745,2.820484,-2.359512,-3.385208,2.285089,1.206585,-6.218018,-1.887218,1.222286,-0.322106,2.952475,1.008342,-0.122524
1486,13746,1.962196,-2.652923,-2.534859,2.310710,0.056226,-5.227405,-3.116121,1.674763,0.607151,3.051791,1.844233,-0.851973
1486,13747,4.096708,-2.539040,-2.759953,-0.396636,-2.283310,-4.561469,-1.741022,2.214821,0.624281,3.394793,1.929405,-2.546243
1486,13748,3.105197,-2.013372,-0.326043,1.085429,-1.074372,-3.568958,0.112197,3.011808,0.083374,2.461294,0.457371,0.147922
1486,13749,1.244709,-1.537760,-1.934955,1.725627,0.270854,-2.775533,-3.024117,2.502025,-0.806378,2.246124,0.513104,-2.729887
1486,13750,4.110937,-1.640178,-1.316533,4.159767,-0.628433,-0.658606,-0.501249,1.939598,0.667221,2.982702,0.496828,-2.304604
1486,13751,2.537148,-1.061379,-3.185456,1.419082,-1.268786,-1.808624,-1.182258,2.109702,0.922909,3.148721,1.299423,0.511615
1486,13752,1.750436,-1.913840,-0.404508,-0.275092,-1.058834,-5.040304,-3.244263,2.059038,0.067296,2.168004,-0.140101,-0.266013
1486,13753,3.266005,-0.674749,-2.020123,-2.337142,0.256086,-0.851983,-2.004555,2.244157,-0.876157,3.584721,-0.883470,-0.835816
1487,13754,98.769570,-0.857578,-3.938231,307.334130,-2.719429,-893.527444,-0.527277,225.701732,185.041630,5.284891,0.529651,-1.536770
1487,13755,221.482043,-0.215229,-3.600289,30.022698,-3.343013,-233.137489,-3.663474,172.343100,81.235561,5.157471,0.344644,-0.675693
1487,13756,203.380515,0.567805,-1.793667,-176.916441,-4.793431,-317.836266,-2.353020,431.702830,-82.945621,4.665824,1.221905,0.297005
1487,13757,204.733899,-0.694581,-3.378910,245.701266,-2.371002,-800.456326,-2.692878,356.220341,264.117795,3.966583,0.463001,1.031681
1487,13758,208.389289,-0.429679,-3.549218,225.532871,-1.500441,-1432.627335,-2.713910,273.551673,76.621523,4.347885,0.092042,0.373552
1487,13759,183.734079,0.030554,-1.291431,138.413709,-2.705785,-632.058879,-4.400586,333.916800,-55.831195,3.639195,1.424797,-0.451918
1487,13760,215.144873,0.105310,-3.499221,-435.699299,-2.179441,-758.143154,-2.490062,235.285071,18.873708,4.313178,1.241222,1.355034
1488,13761,3.125191,-2.257570,-0.470479,3.282591,0.694010,-0.892552,-1.345108,1.181531,-0.770734,2.704292,0.019367,-0.931510
1488,13762,3.268633,-2.282836,-1.209345,4.233066,0.289589,-2.807363,-2.880206,2.622749,1.240128,2.707280,1.150511,-0.372281
1488,13763,3.200760,-2.528162,-2.753694,1.140816,0.307577,-1.898009,-3.710993,1.744934,0.713224,2.743379,1.874781,-1.015857
1488,13764,3.123022,-2.267370,-3.446456,4.483362,-1.090961,-3.437689,-3.559831,2.746986,1.193183,2.121221,0.948401,-0.463055
1488,13765,3.327415,-1.902391,-3.200334,0.134414,-0.217628,-2.488835,-0.237747,2.611548,0.621405,3.054645,1.061307,-2.416771
1488,13766,2.175840,-2.661301,-0.326431,-0.078183,-1.042816,-1.237912,-0.204385,1.737629,0.761522,2.472630,0.928111,-1.512369
1488,13767,1.884992,-0.976321,-1.502917,0.211412,-0.602579,-2.054954,-2.058891,2.097714,0.459738,2.253003,0.238915,-2.206653
1488,13768,1.049974,-1.328824,-2.595936,1.933449,-1.422820,-1.350255,0.258052,2.321653,0.356144,3.034270,1.241268,-0.556399
1488,13769,3.216821,-2.348372,-2.436552,0.768228,-1.032983,-3.028870,-3.929945,0.991775,0.246045,3.851245,0.389088,-0.165757
1488,13770,2.104409,-2.568468,-1.988771,3.860512,-0.399670,-1.999133,-2.778881,2.732143,1.379061,2.193716,0.082009,-1.114274
1489,13771,3.731804,-1.110359,-2.164719,1.451810,0.502931,-4.119065,-4.752464,3.476287,-0.046572,3.370153,-0.052130,-1.857981
1489,13772,5.095869,-2.143783,-2.682602,0.778653,0.480429,-2.838263,-2.720827,3.360752,0.102926,2.685474,0.756138,-0.981715
1489,13773,2.109033,-2.619014,-2.325943,2.172548,-1.344024,-1.908234,-2.546651,3.541862,1.207960,4.297815,1.989825,-1.980082
1489,13774,1.919140,-1.335722,-1.588654,-1.204134,-0.769415,-2.561697,-1.512486,1.059017,1.987007,2.579874,0.706657,-1.043744
1489,13775,2.610476,-2.193424,-2.582040,-2.907551,-2.194469,-4.354393,-2.149601,2.763472,-0.111989,2.642262,0.961027,1.177464
1489,13776,2.192438,-0.476539,-3.130226,-1.120911,-1.613819,-4.674096,-3.523347,2.386502,1.767990,2.564293,0.545346,-2.251076
1489,13777,2.256094,-1.752478,-2.616345,0.468018,-0.870746,-1.476354,-2.943375,1.029206,1.347307,2.579418,0.942306,0.903890
1489,13778,2.598841,-1.649934,-0.521434,-1.543573,-1.228969,0.225003,-5.500795,1.279664,1.201559,2.346456,0.956231,-0.084936
1489,13779,0.847382,-2.000635,-1.543876,1.472887,0.025118,0.984020,-3.856098,1.350938,1.574083,2.340566,1.439916,-3.268716
1489,13780,2.208028,-2.170803,-2.213325,2.168472,-1.603399,-4.673451,-0.219777,1.798195,0.382940,2.203867,1.538482,-0.250320
1490,13781,3.184662,-2.077593,-2.354440,-1.004335,-0.186745,-2.009254,-3.313240,1.498480,0.487672,2.488374,0.304159,-3.735234
1490,13782,3.388953,-1.960410,-0.689014,-0.760500,-1.110360,-2.428524,-4.364578,2.353185,0.043666,1.765217,1.804122,-0.780749
1490,13783,2.707304,-1.656379,-3.923346,0.112002,-0.023463,-4.457617,-2.266325,2.773257,0.986158,3.731460,1.315579,-1.612071
1490,13784,2.345378,-1.495911,-2.111651,2.894907,-0.781376,-0.599506,-2.165332,2.293980,0.693176,3.607641,0.669054,-2.177863
1490,13785,2.503970,-1.958046,-1.622333,-0.334729,-0.743902,-1.947461,-3.326118,1.338146,0.310578,2.905121,0.818973,-2.758877
1490,13786,2.398136,-1.705423,-1.254699,2.255161,-0.263413,-4.149436,-2.895577,2.266810,0.053816,4.260119,0.320871,-1.977046
1490,13787,1.819433,-2.566685,-4.038531,0.051538,-0.279994,-4.308949,-4.501491,1.800814,1.578529,3.763603,1.532139,0.161114
1490,13788,3.685084,-2.632242,-3.337937,2.325275,-0.688512,-5.955882,-1.801538,1.564649,0.279282,2.326467,0.640738,-1.480572
1490,13789,1.937620,-3.028402,-0.986048,1.353348,-1.654758,-5.037765,-1.793228,1.927836,0.839073,2.923076,0.844349,-2.485828
1490,13790,2.313520,-0.547711,-2.255209,-0.197589,-0.918945,-0.788730,-0.329099,2.084891,0.442855,2.345534,-0.262149,-2.204358
1491,13791,127.787823,-0.867179,-3.140552,-427.828141,-3.201131,-682.259905,-2.898715,245.945677,58.514841,3.749153,0.770766,-1.257976
1491,13792,208.931796,0.879610,-2.815129,-285.358535,-1.953163,-1099.109811,-2.820658,314.707025,297.295938,3.832312,0.704052,0.024341
1491,13793,237.431125,-0.503822,-2.805131,-188.738149,-3.482804,-727.899721,-2.061526,381.591727,252.989518,4.369146,0.997938,0.139510
1491,13794,118.556112,-0.348272,-2.972898,-12.219561,-3.062380,-1425.565059,-5.960241,160.668783,243.988522,3.329342,0.931602,0.371160
1491,13795,247.365468,-0.032933,-2.192876,43.213720,-2.927994,-53.729249,-1.147722,166.690173,-20.869235,4.309263,0.571802,-0.538666
1491,13796,231.874248,0.898135,-4.478503,303.574868,-2.942447,-318.828396,-1.813182,218.309454,87.318146,3.148682,1.093166,0.697975
1491,13797,23.499377,-0.044502,-3.613900,107.230348,-4.806537,9.198294,-0.648872,260.535580,268.362304,3.999781,0.407176,2.070643
1491,13798,153.404556,-0.520976,-3.373079,-4.428285,-2.495824,-679.286166,-1.368637,295.812146,345.598441,4.035106,0.433134,-1.885952
1491,13799,122.316149,0.026695,-1.829674,15.234132,-2.997984,171.629255,-3.668987,203.908613,276.815498,3.800630,0.868972,-1.026622
1491,13800,109.541537,-0.421758,-0.958943,47.122124,-3.404069,-872.865440,-2.080067,210.928318,149.529893,4.195241,0.141463,-0.256309
1492,13801,232.799205,1.320044,-3.201854,33.906113,-2.446336,-801.700300,-2.345040,192.116677,152.964189,4.862120,0.122441,-0.255240
1492,13802,210.569503,0.383714,-1.919795,-96.025743,-2.219960,201.300832,-1.818435,455.298096,85.763132,3.569004,0.628727,0.269724
1492,13803,90.125119,-0.095198,-4.212766,192.864244,-2.664607,-1239.602800,-1.133638,294.557807,16.873071,5.815086,1.668021,-1.786503
1492,13804,65.915459,0.667683,-2.253052,-86.205553,-2.873927,-491.550255,-1.635288,136.910858,12.144758,4.339421,-0.072896,-0.238946
1492,13805,63.782924,0.210537,-4.136954,-156.898802,-2.611080,-922.954051,-5.313331,286.406147,26.179701,4.300989,0.664902,-0.281351
1492,13806,162.506085,-1.295799,-4.299107,250.108242,-4.250693,-719.572396,-3.395544,306.677606,109.479214,4.553532,0.602940,-0.946096
1492,13807,202.629894,0.026717,-3.940243,604.962376,-3.875704,-336.126974,-3.696523,256.866463,56.147449,3.201967,1.175726,-2.204966
1493,13808,38.003580,-0.548943,-3.213091,-19.054711,-2.871136,-546.934143,-2.822547,221.582660,-8.025653,4.183656,1.460133,-0.082429
1493,13809,37.038757,0.234594,-2.788363,133.772021,-3.617967,-167.780026,-1.521704,157.806100,89.591130,4.671042,1.469877,-1.542614
1493,13810,227.494794,-0.315716,-2.752250,-299.599319,-4.679071,-610.649112,-2.233616,99.086684,9.240183,4.764816,0.505051,0.411721
1493,13811,56.434362,-0.956011,-1.782865,-179.893571,-4.184546,-1119.988424,0.625565,195.790229,132.774103,4.443969,1.085072,1.610295
1493,13812,114.097535,-0.152061,-1.950196,219.033563,-3.332568,-273.338970,-2.153996,144.833530,201.765458,3.651179,2.008212,2.083315
1493,13813,322.351768,-0.266284,-4.906936,-279.711596,-3.125077,-214.580630,-2.886576,422.499412,153.544697,5.057970,1.055150,-0.191430
1493,13814,145.494016,-0.207429,-2.069302,574.497167,-1.881124,-310.020163,-3.121273,95.040643,70.860418,4.372833,0.167091,0.701562
1494,13815,237.583139,-0.872273,-2.129621,-208.716850,-2.980392,-707.045068,-1.444820,167.579847,48.068671,4.491498,0.900581,0.796449
1494,13816,199.714582,-0.029251,-2.415390,56.328302,-3.068783,-314.782124,-1.210619,258.179291,20.373628,3.413742,0.623768,-0.119676
1494,13817,46.086246,-0.032025,-3.186791,327.127579,-1.879952,-1230.180624,-2.505311,452.826827,284.764525,4.982143,1.234980,0.921667
1494,13818,156.827955,0.663727,-3.816641,152.128836,-3.566374,-735.519750,-2.389142,185.610943,-43.186033,4.016519,0.998493,1.601670
1494,13819,198.632424,-0.019484,-3.321733,414.536548,-2.695280,-1037.649399,-4.355408,333.550365,-243.184450,4.049008,0.848846,1.243552
1494,13820,178.642838,0.158604,-3.154254,523.759804,-3.380036,-228.021243,-1.441098,164.981557,137.050554,3.409751,0.740931,1.931335
1494,13821,103.769710,0.682376,-2.372810,45.508595,-3.763904,-290.379287,-1.880892,309.031828,17.528320,3.012569,0.900092,-1.339702
1495,13822,3.357720,-1.898929,-2.533455,0.689807,-0.268298,-4.692192,-2.336313,2.068702,0.472578,2.577249,0.709099,0.191674
1495,13823,3.268948,-1.828540,-3.317841,4.516704,-0.365746,-2.452092,-3.250287,1.947763,0.657236,1.959305,1.759576,0.088166
1495,13824,2.471075,-2.088182,-1.649362,-0.595280,-0.821473,-3.020739,-1.056901,1.695914,-0.558297,3.105520,1.238691,0.491394
1495,13825,2.648584,-1.726199,-3.067827,-1.142126,-0.711290,-2.219283,-3.555353,2.554418,-0.124120,3.369301,0.752623,-2.084182
1495,13826,1.721854,-1.473360,-1.744965,0.057106,-1.417976,-3.162320,-0.022818,2.461545,-0.287226,2.930810,0.737852,-2.069968
1495,13827,2.131980,-0.309364,0.382971,1.105177,-0.655456,-1.378822,1.054145,2.248007,0.183518,2.720786,0.709846,-2.436081
1495,13828,1.679956,-2.021345,-1.711686,-0.437293,0.409277,-2.156065,-4.736189,1.576442,0.244025,4.043382,1.193535,-1.690232
1496,13829,109.686441,0.723311,-2.727426,214.764304,-3.792187,-1552.415246,-4.023387,210.265669,257.156676,2.439053,0.987502,-0.362231
1496,13830,203.276433,-0.738751,-1.974658,91.183631,-3.900597,-1288.169354,-1.408862,241.951623,-111.313919,4.892890,1.664392,-1.178940
1496,13831,281.094231,-0.297664,-3.822474,241.320789,-2.871950,-835.380784,-0.987927,345.280980,114.815297,4.709534,0.846760,1.275764
1496,13832,144.519880,-0.184164,-3.790806,7.605213,-2.448809,-605.595275,-1.164145,327.537557,152.510661,4.680608,0.560194,0.865235
1496,13833,111.507434,0.391711,-3.442218,8.301122,-3.153464,-314.287195,-2.194935,151.912019,64.499738,4.977702,0.873535,0.336536
1496,13834,170.837055,0.910169,-3.292977,94.655241,-5.206836,205.782473,-1.058744,364.668615,55.697321,4.153516,0.993040,-0.272207
1496,13835,152.447455,-0.024659,-2.232717,-80.719796,-3.778778,-280.396448,-3.277449,321.945368,87.138466,3.710135,-0.204088,1.050901
1496,13836,187.629994,0.874340,-3.199414,-266.709537,-3.290882,-1101.843740,-3.573296,231.593288,227.655514,3.801130,0.551744,2.923993
1496,13837,109.334270,-0.158367,-1.754035,282.388407,-3.405458,-1018.291510,-2.846390,391.123641,168.748451,4.924729,1.035615,-0.262521
1496,13838,127.519187,1.177749,-3.522313,68.403715,-2.574525,-501.725757,-2.411282,162.510849,130.855427,3.356190,0.030762,-0.482559
1497,13839,1.858510,-2.893642,-2.955457,-0.232397,-0.746555,-0.539222,-2.661062,3.245869,0.808073,3.500597,0.637285,0.225088
1497,13840,2.253036,-1.777893,-1.618806,1.197636,-2.141323,-5.034609,-1.036576,0.550322,0.924993,2.963717,1.288822,-1.970011
1497,13841,2.580134,-2.023862,-1.951568,-0.329008,-0.739763,-5.322438,-0.324768,2.583290,0.104867,3.174491,-0.335892,-1.113627
1497,13842,2.546491,-2.049372,-1.880986,-0.373215,0.412838,-1.806741,-2.454325,1.469313,0.567665,2.459168,1.744452,-0.411005
1497,13843,2.361326,-2.739346,-1.305758,0.134778,-0.372934,-2.763743,-1.873604,1.293709,0.115463,4.122291,1.094687,-1.933150
1497,13844,2.331241,-1.478170,-2.830832,0.000425,-1.462461,-3.250376,-4.369254,3.079899,0.172418,2.600404,0.910385,-1.207856
1497,13845,2.071155,-1.122950,-2.264407,-1.184985,-1.022166,-6.913324,-3.886623,1.866631,-0.491698,3.113553,1.356220,-1.689105
1497,13846,3.029004,-2.366529,-0.788563,2.227599,-1.838111,-1.371853,-2.409378,2.662923,0.289287,2.292889,1.637115,0.026993
1497,13847,1.886810,-2.946476,-2.706946,2.304042,-3.458716,-3.655650,-3.529055,2.499597,0.745395,2.970513,0.286483,-1.472712
1497,13848,1.300681,-1.797170,-0.574369,-1.737260,-0.439859,-3.527051,-1.773888,1.642472,0.250202,3.254399,0.899737,-1.692926
1498,13849,102.716188,0.101882,-4.093926,277.861084,-4.996398,-366.763122,-3.315445,108.556297,245.381116,2.810583,1.384039,-0.580300
1498,13850,159.442376,-0.105655,-2.541650,270.179561,-3.525152,36.641365,-0.228776,285.963319,-2.301343,4.188794,1.163466,-1.065382
1498,13851,147.022601,-0.553632,-2.718455,94.728138,-2.490035,-491.175713,-3.980780,174.109689,323.356522,3.835902,0.604028,-0.795080
1498,13852,40.574075,-1.056060,-3.951454,344.137204,-3.416014,-585.379384,-1.990450,244.608693,148.239877,4.083475,1.686616,1.057594
1498,13853,155.421657,-0.151983,-0.361248,-3.352212,-2.950444,-436.290400,-3.609587,212.802193,9.611890,4.833763,0.897752,0.708881
1498,13854,289.939593,0.090238,-2.798013,363.050506,-2.847056,-196.223984,-3.034146,183.944836,9.226502,5.401557,-0.216104,-0.173505
1498,13855,171.408674,1.163798,-2.625644,305.526875,-3.634519,-216.586711,-3.994419,30.738927,77.192784,4.398948,0.197416,-0.374838
1498,13856,112.518019,-0.364505,-0.856437,340.068740,-4.077833,-467.490078,-3.762381,292.910488,-34.790159,4.901858,0.244063,0.689757
1498,13857,314.505281,1.453256,-3.289663,315.267516,-3.660459,-556.431374,-1.648472,18.013434,72.368004,4.037742,0.648590,-0.161036
1498,13858,45.164817,-1.002416,-3.012244,42.688861,-2.815757,-331.218080,-3.952596,257.542727,217.642241,3.840367,1.718716,3.314592
1499,13859,2.975057,-1.945107,-3.002502,2.290325,-0.629700,-2.950791,-3.622660,3.685986,0.012148,2.838653,1.513484,-1.317015
1499,13860,3.328198,-0.964892,-3.017986,0.651361,0.033603,-4.414916,-0.559083,2.270832,1.034334,2.899179,1.585944,-0.921097
1499,13861,2.889337,-2.474125,-0.800227,1.494079,0.143185,-2.355383,-1.168442,2.225144,0.120412,2.712477,0.712713,-0.384486
1499,13862,1.691856,-2.326326,-3.973777,-1.166483,-0.520861,-3.218620,-2.890188,0.280920,0.793191,2.336930,1.357924,-1.706228
1499,13863,2.043986,-1.458400,-0.894304,1.620713,0.684998,0.383733,-2.140781,3.019385,0.591355,2.273989,1.015204,-1.438629
1499,13864,1.194138,-1.340608,-4.154029,-1.996722,-0.887053,-4.086459,-2.838081,1.971813,0.128479,2.836320,1.954194,-0.209991
1499,13865,3.553162,-1.634747,-0.630177,-0.377720,-0.419762,-2.646306,0.195601,2.021687,0.006412,1.966013,1.251632,-0.750064
1499,13866,2.867036,-2.391665,-0.926914,0.268005,-0.442389,-1.096086,-1.024576,1.271606,1.005984,3.459636,0.366236,-2.682511
1499,13867,0.420394,-1.666534,-3.843270,1.683238,-0.145734,-1.075455,-2.081248,1.601674,1.179533,3.285858,1.393379,-0.980039
1499,13868,3.227430,-1.281392,-1.891711,0.426053,0.740190,-5.629897,-2.180545,1.480690,-0.341464,2.975391,0.749608,-1.539657
1500,13869,2.726721,-1.190596,-2.625023,-1.662896,-2.082131,-4.435693,-1.697174,1.604416,0.494946,3.394824,1.152580,0.742274
1500,13870,3.323094,-1.441963,-1.618790,-0.403028,-1.183625,-5.541736,-3.488406,0.500942,1.162186,3.252051,1.620183,-2.020617
1500,13871,2.712713,-1.214458,-2.032570,2.035714,0.208178,-0.806700,-1.048076,3.007041,-0.024094,3.817675,0.331755,0.253218
1500,13872,3.267618,-1.827930,-1.462704,-1.733789,-0.508230,-1.519625,-4.299499,2.531820,0.612439,3.575912,0.986384,-1.227364
1500,13873,1.350340,-2.924747,-3.025399,3.926651,0.306617,-3.600098,-3.113139,2.397296,0.016376,3.792212,0.946345,-3.216862
1500,13874,3.097598,-3.004237,-2.244023,3.755408,-0.743525,-1.691524,-4.422229,1.664922,-0.390361,3.063799,0.350388,-1.173716
1500,13875,4.363273,-2.139002,-2.438418,2.199504,-0.521174,-3.941453,-3.312312,2.277536,-0.449394,2.999394,1.722793,-0.125633
1500,13876,2.585381,-1.726949,-1.806489,0.241488,-1.144186,-1.437925,-4.633292,2.476065,0.358741,2.960365,0.815268,-0.469266
1500,13877,2.579792,-0.560667,-2.484002,2.392290,0.278435,-1.418594,-1.755691,1.748697,0.340366,3.109886,0.042393,-0.424627
1500,13878,2.182561,-1.425190,-3.889475,3.868123,-1.211223,0.119978,-0.689010,3.309255,1.147221,2.869156,0.854832,-0.773873
1501,13879,171.123795,-0.396283,-2.609850,-271.528054,-3.389639,-794.368655,-1.707312,202.154817,148.827875,4.702570,1.460330,-1.617737
1501,13880,297.118829,-0.237344,-2.262987,185.907490,-3.270076,-628.376687,-3.198554,312.048974,51.911870,4.019611,0.698708,-0.193607
1501,13881,141.772058,-0.047742,-2.467761,129.230020,-2.910124,-1420.981749,-3.082341,215.119136,230.997156,4.433546,0.763747,0.294781
1501,13882,189.700556,0.236716,-3.258189,455.203893,-2.474176,-792.683764,-5.723003,190.783645,129.813684,4.570344,1.093098,-1.155136
1501,13883,116.619996,0.421477,-1.920917,285.051700,-2.114751,-649.403340,-1.883483,-22.752501,-109.046725,4.078024,0.085031,0.137678
1501,13884,109.941143,-1.376442,-2.807788,-3.866523,-3.886412,-340.260563,-1.995495,330.101223,193.195997,4.443988,0.864562,-0.526905
1501,13885,221.548427,-0.104877,-3.669385,192.578910,-3.805018,-943.262120,-3.101234,308.294914,103.544455,5.615625,0.524117,0.240957
1502,13886,2.018204,-2.156049,-3.773977,2.440877,-0.812640,-2.743562,-2.669433,2.202275,0.061125,2.383007,1.947006,-1.986976
1502,13887,0.399338,-2.043464,-3.435696,0.677588,-0.201103,-2.007853,-1.957975,1.260447,0.464235,3.608470,2.453962,-0.504347
1502,13888,3.433496,-2.242854,-1.457639,3.052604,-1.233020,-3.479900,-1.393599,1.153662,-0.145811,3.287658,0.186416,0.189762
1502,13889,4.347340,-1.960759,-2.930374,4.858267,-1.035067,-8.910073,-3.105496,1.805828,0.580075,2.752210,2.054061,-1.059230
1502,13890,2.296200,-1.226275,-3.105576,-0.538052,-0.963442,-1.624534,0.143640,1.981177,0.142997,3.457800,1.298435,-0.148588
1502,13891,0.851504,-2.803909,-0.689410,3.117434,-0.150257,-2.068223,-2.272988,4.555137,0.828270,3.254720,0.937154,0.482017
1502,13892,1.391625,-1.804158,-3.016850,1.000390,0.050210,-2.185934,-1.120056,2.793975,-0.955320,3.026287,0.976262,-0.990019
1502,13893,4.036228,-3.301710,-1.381945,0.162843,-1.108609,3.820068,-4.670275,3.127674,0.239715,2.962237,-0.170539,-1.216721
1502,13894,2.557838,-0.717401,-2.693719,-0.056832,-0.657818,-1.755432,-1.726305,2.909216,0.783458,2.513100,1.674938,-0.193093
1502,13895,1.827762,-2.585840,-3.351418,1.172437,-0.510417,-1.687153,-4.203900,1.684487,0.259625,2.601888,0.321730,-3.434902
1503,13896,0.906552,-1.691276,-2.522127,1.057225,-0.447244,-1.959302,-3.215002,2.696720,-0.936472,2.513777,1.117596,-2.629360
1503,13897,3.353098,-1.461435,-3.970440,2.347384,-1.367668,-3.218298,-1.817383,2.069911,-0.056244,2.741811,0.826270,-0.269610
1503,13898,2.577976,-1.218753,-3.420596,2.256329,-1.121040,-1.120823,-2.327007,2.187356,0.107073,2.989351,0.948661,-1.280032
1503,13899,2.793982,-1.882515,-2.126190,-1.302108,0.283644,-3.057605,-1.641689,2.537468,-0.056349,3.006205,1.000137,0.336522
1503,13900,4.223910,-2.075818,-0.784416,-0.401449,-0.811020,-2.102345,-2.041146,3.553963,0.066481,2.750327,1.864394,-2.161101
1503,13901,2.551673,-1.511761,-1.948109,-0.489521,-0.723146,-4.043081,-4.634182,2.126551,0.212509,3.650782,0.232881,0.794019
1503,13902,4.265380,-1.668740,-2.668073,0.612391,-0.222444,-2.973211,-2.375981,1.676075,0.123157,2.460954,0.923667,-1.244793
1503,13903,3.149363,-0.988056,-2.731640,0.206313,-0.495766,-3.058116,-1.374641,4.083775,1.191112,1.791485,0.329021,-0.904543
1503,13904,1.578464,-1.535835,-2.696172,-1.769991,-0.884970,-0.047718,-2.360935,1.197027,-0.026892,3.545101,1.756328,-0.559845
1503,13905,2.668132,-1.938354,-1.787352,1.229169,-0.378524,-1.454743,-2.723861,2.118314,0.119129,3.544754,0.828277,-2.267951
1504,13906,4.844680,-2.337456,-1.265684,3.903440,-1.506350,-2.665319,-3.389907,0.410532,0.769939,2.204320,0.071905,0.325382
1504,13907,4.243832,-2.945463,-2.674278,0.085262,-0.584052,-4.840651,-3.080109,3.328672,0.864708,3.959873,-0.316401,-1.945315
1504,13908,1.341277,-2.480148,-2.905390,3.614339,-1.758227,-2.862538,-2.570926,2.223846,0.684943,4.089945,1.553540,-2.600169
1504,13909,2.964723,-2.329380,-2.245502,0.588311,-1.488047,-2.773177,-2.384493,2.406865,0.612929,2.884470,1.056916,1.162880
1504,13910,4.436589,-2.400222,-3.022728,-3.353456,-0.216484,-6.999082,-1.559326,2.668486,0.255342,3.278351,0.462798,-0.011614
1504,13911,3.998205,-1.881556,-1.663115,-0.981276,-0.125623,-1.581638,-3.057887,2.457790,-0.748339,3.371002,0.583700,-2.499540
1504,13912,2.756768,-1.686273,-3.396079,-2.144388,-0.662032,-6.385678,-3.121006,2.208972,0.023500,3.004839,1.160483,-1.669917
1505,13913,330.057780,-1.306729,-3.635040,226.934965,-3.774495,-957.903170,-2.319056,325.890121,-95.990898,4.134650,0.878063,0.450841
1505,13914,218.315997,-0.117901,-3.405751,202.910384,-3.341452,-418.041933,-3.847112,76.091274,148.508917,5.009897,1.858690,-1.637125
1505,13915,88.795095,-1.196253,-2.678768,-343.292298,-3.560367,-768.252029,-2.493957,409.742570,162.259117,4.367725,-0.495707,1.487118
1505,13916,226.167967,0.368974,-3.982269,493.355685,-4.249143,-996.954797,-4.324088,417.341638,129.683828,4.142157,1.478776,-0.225119
1505,13917,160.074707,-0.141246,-4.320933,283.624011,-3.234175,-655.848055,-3.676413,255.660724,-27.600532,3.252532,1.007157,1.547054
1505,13918,202.975151,-0.032024,-3.232291,256.543908,-3.757233,-688.916758,-1.587212,214.910631,-120.273449,3.232881,0.858914,-0.895154
1505,13919,85.939199,-0.706226,-1.645710,-35.909137,-3.642478,-1162.777434,-1.382135,367.633285,168.402893,4.629734,1.529902,-0.221763
1505,13920,144.403800,0.008862,-2.027470,289.083149,-4.187243,-405.001618,-2.650931,89.167740,-114.470533,4.748326,1.345197,0.761230
1505,13921,109.145836,1.662943,-1.201498,-214.217500,-3.334826,55.259017,-0.719971,354.651218,30.113158,3.701587,0.526144,0.225808
1505,13922,299.769613,0.189480,-3.773786,-103.635235,-3.735014,-343.769642,-1.498268,201.601933,-47.963015,4.776569,0.231637,-0.381912
1506,13923,1.907640,-1.655697,-0.828039,2.296575,-0.917547,-1.896770,-2.154382,2.707229,-0.218397,2.608831,0.903463,-2.436993
1506,13924,2.454665,-1.936685,-2.177365,4.920911,-0.084090,-3.406295,-3.779156,3.080157,-0.000411,3.581336,0.234680,-0.911688
1506,13925,2.114627,-2.673364,-3.036712,-0.387802,0.471495,0.214491,-3.284643,1.706124,0.517605,2.772837,0.943307,-0.032921
1506,13926,3.114497,-1.695265,-1.543414,2.755366,-0.101424,-3.261155,-2.768289,1.895397,-0.366504,2.768429,1.002603,0.525419
1506,13927,2.519761,-1.426821,-2.042197,-0.613531,-0.894065,-5.402921,-3.187957,2.722118,0.139654,3.064792,1.558290,-0.153107
1506,13928,0.788632,-3.065519,-0.439586,0.687449,-2.035442,-2.882920,0.139830,2.794550,-0.397098,2.781250,1.703058,0.332201
1506,13929,2.044697,-1.572365,-2.349767,0.500371,-1.703694,-0.905241,-1.596768,2.224918,0.811030,3.360057,0.885210,1.877879
1506,13930,2.892924,-1.174589,-1.146738,1.572103,0.771589,-4.354898,-2.389816,2.800321,-0.409715,3.763109,1.826761,-1.759702
1506,13931,4.006133,-3.049331,-3.247676,2.093763,0.239771,-1.346731,-3.362247,3.628421,0.682469,2.892017,0.791202,-0.670996
1506,13932,3.464901,-2.445210,-2.435279,2.835663,0.406636,-5.158817,-2.986360,2.266909,-1.001972,3.280621,1.110148,-0.442028
1507,13933,2.551927,-1.705294,-2.023336,1.399015,-1.210995,-3.308725,-1.991542,1.719585,0.029848,2.862548,1.355142,-1.127026
1507,13934,2.819890,-1.632119,-1.828779,-1.374367,-0.937277,-3.289704,-0.935117,2.016092,-0.249973,2.672672,0.798634,-0.867389
1507,13935,3.937523,-1.940368,-2.271790,0.763705,-0.748015,-1.139129,-2.300089,2.799485,1.035585,2.748201,0.030721,-0.929698
1507,13936,0.777913,-1.905554,-0.587553,-1.382288,-0.426528,-0.046587,-2.016840,0.752372,0.436537,3.268318,1.050934,1.054364
1507,13937,4.077393,-2.834779,-3.802780,0.272122,-0.828463,-4.453505,-2.984926,1.949199,0.414895,3.078679,0.672297,-0.525186
1507,13938,2.019082,-1.876219,-2.030231,-0.328195,-0.810897,-1.683960,-3.247998,2.728813,1.468041,2.631990,-0.281738,-0.503075
1507,13939,1.107459,-1.651090,-0.741285,0.752832,0.167083,-1.803564,-1.856070,1.766897,0.259086,3.369150,1.046185,-1.238673
1508,13940,2.973556,-1.397127,-1.397187,-3.271126,-0.577191,-4.154697,-3.191784,2.895233,0.192420,3.326612,1.186364,-0.141451
1508,13941,1.939289,-2.212381,-1.767226,2.514918,-0.143740,0.089021,-2.481950,1.372366,0.576204,2.848750,1.453313,-0.321324
1508,13942,1.402732,-3.537668,-1.538811,1.724342,-2.370450,-5.428633,-1.762511,1.065214,1.960839,3.502705,1.250930,-1.258386
1508,13943,1.425865,-1.018990,-1.457966,-0.658072,-0.576428,-2.077854,0.455048,2.167989,0.259689,3.878102,1.258070,-2.391354
1508,13944,3.231032,-0.895087,-2.378085,2.534499,-0.442365,-3.312709,-0.967465,3.181134,-0.020106,2.678250,1.529440,-0.713098
1508,13945,3.582192,-1.482236,-0.597439,0.861300,-1.933085,-2.120057,-0.597249,4.732810,-0.167471,2.505289,1.055630,-1.175814
1508,13946,2.408321,-2.665561,-2.186094,1.791719,-1.911799,-3.363061,-2.542596,3.621056,1.155813,3.632116,1.138172,-2.081263
1508,13947,3.136831,-2.162227,-3.121747,1.890554,-1.497823,-2.183582,-2.485127,0.919667,1.045213,1.466014,1.241420,-1.666562
1508,13948,1.991710,-2.457107,-1.005316,0.085731,0.248041,-0.264190,-0.411046,2.505188,0.461491,3.235157,1.974445,-0.470612
1508,13949,3.498134,-2.514310,-1.126765,-1.298868,0.153046,-2.139151,-1.350683,2.984467,0.053870,3.543673,1.562734,-0.689335
1509,13950,2.409792,-2.504038,-2.755450,1.144065,-1.457873,-3.325557,-3.612793,2.424715,1.364316,1.787640,1.722769,-1.219334
1509,13951,2.964376,-3.140850,-1.381009,-0.548035,-0.521798,-0.995727,-2.329053,2.011134,0.059969,3.794106,1.590613,-1.323927
1509,13952,2.891587,-2.069142,-1.776820,3.029308,0.266330,0.474763,-2.651034,1.418039,1.283690,2.398166,0.822217,-1.487679
1509,13953,3.098451,-1.304417,-3.123147,1.644598,-1.504752,-4.130003,-3.204930,1.736897,0.770563,3.276955,0.994673,-0.714149
1509,13954,4.128277,-1.191466,-2.829579,1.347612,-2.827307,-0.993319,-3.638353,0.960365,-0.463964,2.171048,1.969737,-2.308705
1509,13955,2.894507,-2.144448,0.809313,3.373194,-1.308954,-1.825105,-1.613088,3.487507,1.027806,2.495776,1.116561,-0.662098
1509,13956,2.747214,-0.801559,-4.145474,0.293652,-1.793069,-2.945122,-2.726660,0.659996,0.030384,2.129513,1.247677,-0.504955
1509,13957,2.013289,-1.559388,-2.312387,-0.526250,-0.312879,-3.116822,-2.337198,1.950260,0.819922,1.970806,0.099728,-0.555799
1509,13958,2.684497,-1.859136,-1.195257,-0.780194,-1.520425,-1.379259,-3.661133,1.947109,0.311407,2.671173,0.929341,-1.131456
1509,13959,3.329351,-0.839100,-2.840288,2.148995,-0.292950,-3.416331,-3.751346,0.682316,0.818054,1.585961,1.607713,-1.435494
1510,13960,81.118991,0.046144,-1.397643,113.457690,-2.572634,-550.273406,-2.539372,205.982678,-10.379572,5.014717,0.069205,-0.745692
1510,13961,179.862872,0.218999,-0.773776,511.979346,-4.177934,-361.800983,-3.159900,245.740613,191.141934,4.746111,0.380800,-0.661856
1510,13962,159.416084,-0.281883,-3.108259,-38.609853,-2.815567,-624.369824,-1.179095,247.735304,111.237404,4.265306,0.133172,-0.287735
1510,13963,226.992419,-0.201067,-3.444742,275.260916,-3.422049,-486.052678,-0.913207,358.977772,12.368754,3.413550,1.138803,0.579260
1510,13964,165.575049,-0.178253,-2.083211,99.350489,-2.112186,-697.626905,-4.253356,278.810654,214.816160,4.881917,0.939730,-1.456217
1510,13965,266.293493,0.106948,-2.515598,-504.039696,-2.720140,-718.116316,-1.241445,134.913733,-60.392928,4.442989,1.292465,-1.228156
1510,13966,165.085762,0.414923,-2.072463,161.567720,-4.200680,-187.105142,-4.499593,328.020538,192.990571,3.277730,1.026995,1.189340
1511,13967,0.338572,-1.781544,-1.135690,2.410921,-1.846142,-2.172541,-2.828222,2.037178,0.663075,3.165118,1.133818,0.300328
1511,13968,2.717124,-2.215829,-2.789044,0.916926,-0.225160,-4.011709,0.011415,1.548328,0.500700,2.109006,0.515369,-0.920369
1511,13969,3.524653,-1.885086,-2.573258,0.083179,0.226094,-3.806062,-2.730631,2.792424,-0.554079,1.777092,1.138050,-0.056791
1511,13970,1.781531,-2.060173,-3.029419,2.169832,-0.528801,-1.965960,-3.705895,2.294129,1.033146,3.150433,1.337423,0.337197
1511,13971,2.517047,-1.443685,-2.298138,3.429595,0.024285,-2.099628,-3.809964,1.491310,0.310687,2.177708,1.418248,-2.554425
1511,13972,2.784407,-1.689338,-2.286028,-0.112733,-0.837643,-2.110003,-4.549672,2.347080,0.380302,2.884105,1.508077,-1.669407
1511,13973,2.503262,-1.425516,-2.729114,-0.134064,-1.349368,-2.544291,-6.625105,2.268922,0.386978,2.436871,1.136759,-0.733819
1512,13974,139.613828,-0.205227,-3.942988,229.166063,-4.755133,-575.653157,-1.398940,379.808099,92.532019,4.234488,1.695708,-1.590755
1512,13975,159.232021,-0.593130,-2.891076,-287.600309,-4.187819,-833.806417,-3.423041,278.707107,115.520674,3.944038,0.868904,0.139231
1512,13976,26.257447,-0.192779,-2.813896,704.755024,-2.928593,-224.652073,-1.650491,206.255802,169.403530,5.147571,0.829730,-0.792508
1512,13977,176.475437,0.476748,-3.304498,6.712591,-3.709376,-134.198823,-2.991990,181.150559,170.736285,4.597864,0.616165,-0.087788
1512,13978,120.654909,0.048281,-2.534961,105.285109,-2.397761,-1080.947253,-2.544226,156.826783,35.806822,3.909662,0.456874,-0.925728
1512,13979,181.809812,1.156424,-2.986771,64.429295,-3.210111,-761.744489,-3.126165,257.610814,8.574852,3.608991,0.412468,-1.865648
1512,13980,149.977260,-0.346074,-3.102829,106.657551,-3.194803,-1394.443199,-3.709185,176.139704,302.383792,3.947703,0.848446,-0.792198
1512,13981,193.405322,-0.194363,-2.846843,378.754868,-4.693001,-1553.758913,-0.567076,246.629692,6.563915,2.964898,0.734646,1.890661
1512,13982,202.916979,-0.427224,-3.200390,57.788810,-3.608793,-601.024799,-0.524826,438.934351,-110.937782,5.304505,0.293252,-0.218250
1512,13983,188.044237,-0.847819,-1.867251,5.498803,-3.120950,-607.718302,-3.624239,290.436612,-77.471443,5.090429,0.694643,0.742598
1513,13984,1.675540,-1.175712,-0.909803,-0.128960,-0.961590,0.425103,-1.483857,2.923804,0.039714,2.990793,1.060404,-2.725890
1513,13985,2.630305,-2.071228,-1.753062,-2.439687,-0.720466,-1.276262,-5.172348,3.602709,0.359998,2.818780,0.834855,-2.364549
1513,13986,1.478550,-2.807225,-1.627134,0.291994,-0.034732,-1.688111,-3.033505,2.301272,0.873805,3.028365,0.601907,-1.066999
1513,13987,3.288966,-1.597683,-4.881650,1.418464,0.539090,-1.629911,-2.905209,1.849387,0.616270,2.618580,1.139834,-0.247046
1513,13988,3.450257,-1.966413,-2.506284,-0.179690,-0.934112,-5.704314,-1.677817,3.993162,-0.562182,2.035926,1.264522,-1.154388
1513,13989,2.754913,-2.404200,-5.076974,0.961921,-0.279882,-4.105592,-2.949616,3.541804,0.166290,2.311030,1.500862,-1.241168
1513,13990,3.054024,-2.277817,-0.563363,3.374248,-0.566706,-4.220742,-2.992891,2.535596,0.090367,3.188489,1.453956,-2.576611
1513,13991,1.921460,-2.269324,-3.442316,0.664529,-0.720471,0.149013,0.172938,1.614041,-0.104599,1.839672,1.589471,-1.272262
1513,13992,2.063214,-2.284986,-2.342522,2.287113,1.499038,-1.990625,-3.819529,1.938123,-0.683094,2.674672,0.732693,-1.095418
1513,13993,3.407589,-1.791440,-1.691240,1.919071,-1.540529,-2.579483,-0.177007,1.806412,-0.161572,2.159379,1.176564,-0.469276
1514,13994,120.103281,-0.806306,-3.604714,-247.685058,-2.473674,-538.941020,-2.403678,199.593485,-53.960168,6.090336,1.119714,-0.213073
1514,13995,250.922367,0.523943,-3.825061,-7.786761,-2.875083,-893.581722,-3.848212,151.017353,-12.240225,4.898424,0.871394,0.495080
1514,13996,221.574845,1.352028,-1.486111,153.458512,-3.817330,-934.752079,-1.642146,182.168083,241.604340,4.668344,0.497387,1.187564
1514,13997,212.678018,-1.341808,-3.332718,461.007914,-1.815508,-643.015628,-2.920325,180.483307,126.021438,4.193299,1.617153,2.443328
1514,13998,139.678989,-0.678002,-2.456550,91.692632,-2.336303,-850.861738,-1.625628,318.108066,192.911964,4.407713,0.303839,-1.546545
1514,13999,196.602663,0.010919,-3.083358,-87.561826,-3.941349,-558.218374,-4.215788,174.007368,-19.098201,3.501445,1.074876,-0.229923
1514,14000,133.572269,-0.395372,-4.634465,551.697183,-2.377119,-1080.744592,-3.035346,314.881140,288.952335,3.972414,0.872207,-0.675225
1514,14001,282.419687,0.726044,-4.125061,95.507919,-3.395046,-566.967333,-2.998179,194.275617,132.786951,4.252939,2.068267,0.539474
1514,14002,89.262304,-0.075858,-2.654980,-39.296073,-1.940212,-737.854919,-2.491921,268.400630,37.888967,4.760224,1.081314,-0.515939
1514,14003,193.473882,0.353539,-2.899480,-102.699778,-3.345368,-923.404392,-3.260954,223.282268,8.616029,4.420646,0.845449,0.102927
1515,14004,270.640131,-0.864339,-3.221543,331.017866,-2.964685,-251.309613,-2.878932,333.340812,86.700978,4.830541,0.432654,1.262246
1515,14005,145.391862,1.238533,-1.864304,-456.174248,-2.677332,138.549039,0.345556,259.439381,27.905478,4.062282,0.572508,1.317514
1515,14006,242.858321,0.158480,-3.981797,544.709912,-3.205533,-116.997695,-2.480327,208.371706,146.302318,3.951427,0.200448,-1.289708
1515,14007,142.999365,-1.458146,-3.235309,-113.429900,-3.595469,-775.556419,-1.960110,128.650609,294.197751,4.368659,1.531494,-2.143494
1515,14008,79.831097,-1.024130,-1.678858,507.448432,-3.099924,-161.511251,-1.368833,268.972540,26.218101,4.955078,1.827024,0.302314
1515,14009,142.570243,0.584190,-2.357004,-108.331461,-5.389823,-498.719148,-3.863562,372.678974,191.211958,4.132818,0.278822,0.758219
1515,14010,94.442414,0.571943,-3.368458,56.768907,-2.225856,-965.347832,-1.397037,348.930222,-25.120289,4.058826,0.585148,-0.586766
1516,14011,2.478975,-2.435857,-2.826170,3.276369,-0.993486,-3.698118,-2.298543,1.781736,0.312653,2.956481,0.661596,0.032760
1516,14012,1.953356,-1.713218,-1.266483,3.423092,-1.113060,-7.521944,-2.268471,3.048301,0.437313,2.966042,1.369450,-0.572445
1516,14013,1.638951,-1.692913,-0.398400,2.226934,-2.142814,-2.934940,-1.638140,2.362021,1.093680,3.258157,0.790634,-2.292996
1516,14014,2.284281,-3.005394,-2.250355,2.057170,-2.252940,-3.338838,-2.686548,1.968645,1.087964,3.242940,1.974229,-0.486915
1516,14015,4.181361,-2.690894,-2.723239,0.161241,-2.811117,-3.802540,-3.092627,2.392837,-0.896036,3.582105,0.491660,-1.775152
1516,14016,4.263585,-2.661374,-0.484696,2.440996,-0.587492,-6.101762,-2.610162,2.316820,-0.084745,2.325684,0.938903,0.076981
1516,14017,1.493713,-2.053659,-1.834470,3.092331,-1.133567,3.255836,-1.018736,1.520305,0.555955,3.119303,-0.163641,-2.261035
1516,14018,3.183532,-2.582420,-1.766695,3.733757,-1.726661,-0.243480,-3.550315,3.421777,0.710743,2.631152,0.991914,0.983474
1516,14019,2.526023,-0.722977,-3.580952,0.417676,-0.043606,-3.275880,-3.101931,2.307625,-0.913293,1.697395,0.832439,0.114111
1516,14020,2.630059,-1.623617,-2.511563,-1.652998,-0.837983,0.594284,-2.687735,3.806228,0.512125,3.165223,1.220225,-1.167502
1517,14021,135.198946,-0.183884,-3.510163,380.390486,-2.052695,-1331.248677,-3.837806,361.661958,-95.591776,3.361007,0.157144,1.251231
1517,14022,106.935658,-0.546673,-3.814334,180.144309,-2.658000,-140.449545,-2.197479,117.462877,68.244570,3.759341,0.498030,-0.642581
1517,14023,197.562414,-0.029852,-1.949344,167.590621,-3.953901,-1179.077924,-1.851692,391.702539,-11.407530,4.626630,0.863970,1.402140
1517,14024,169.986988,1.137583,-3.574837,-81.201928,-3.205298,-1474.410060,-1.760191,327.980233,74.327034,4.391984,0.529358,2.811134
1517,14025,133.609558,-0.303311,-0.907725,80.172444,-3.218360,-878.591869,-1.162663,377.601423,120.140013,4.579168,0.887649,0.020411
1517,14026,159.905808,-0.727770,-5.217793,137.419213,-3.624002,-550.520524,-3.009615,219.406298,214.396765,2.926025,-0.134361,0.288462
1517,14027,210.663624,0.078252,-3.545898,319.260707,-2.178007,-713.914262,-2.844994,355.594614,61.276115,4.489902,1.667382,1.818087
1517,14028,145.882887,0.106122,-3.524857,398.456936,-3.975277,-97.381788,-2.386520,321.285613,-71.113381,3.349136,0.208803,-0.602941
1517,14029,203.112615,-0.718755,-3.383446,172.970175,-2.010455,-929.918697,-4.007073,345.457067,7.631639,4.034549,0.547657,-1.839228
1517,14030,145.087776,-0.629879,-2.963667,737.018763,-1.354354,-403.790344,-5.106172,252.142633,71.212404,3.688043,1.170977,1.347761
1518,14031,2.313392,-1.539184,-0.776894,4.807949,-1.202472,-1.032207,-1.600052,0.833140,-0.411831,2.009083,1.720877,-0.986852
1518,14032,2.654963,-1.362688,-2.166969,1.667952,1.172099,-1.701376,-0.553577,3.613833,0.503734,2.692201,1.651264,-1.095651
1518,14033,1.107033,-1.442131,-1.447914,1.709900,-1.482369,-2.243527,-1.374179,2.811388,0.624186,2.663395,1.547910,-2.920833
1518,14034,1.192740,-0.946584,-0.678182,0.031124,0.617549,0.163600,-3.018869,2.364656,-0.504368,2.236744,0.628144,0.341934
1518,14035,2.957834,-1.981266,-2.661059,2.373936,-1.778193,-2.122682,-3.593660,4.121597,1.269861,1.553198,2.408075,-3.085877
1518,14036,1.722092,-2.076717,-3.448272,0.852248,-0.617561,-2.690669,-3.010793,2.419462,0.955234,2.948480,-0.041438,0.974803
1518,14037,3.407559,-2.300297,-0.361737,2.171341,0.530567,-4.178447,-1.567388,3.003404,0.471258,3.113830,0.716690,0.852675
1519,14038,2.904257,-1.762098,-2.033512,-0.082363,-0.282637,-0.596597,-2.126809,2.751109,0.110860,2.023379,0.936970,-0.527058
1519,14039,1.166132,-2.489089,-2.005148,0.925137,-1.226197,-0.997461,-1.598789,1.207600,-0.631519,2.360839,0.422056,0.241011
1519,14040,2.775792,-2.304585,-2.070280,1.263025,-2.336890,-6.852976,0.553469,0.842093,1.286957,3.017944,0.998322,0.198963
1519,14041,3.030215,-1.760572,-1.501662,-1.135028,-0.031588,-1.814563,-2.989901,2.818997,0.069509,2.806350,0.983661,-0.213155
1519,14042,2.868957,-1.571267,-4.552958,0.627473,-0.043019,-2.655733,-4.677800,3.011436,-0.330091,2.368069,1.092702,-2.653105
1519,14043,2.499050,-0.885705,-3.564317,0.185730,-0.808404,-3.523337,-4.750916,3.498240,-1.002320,3.042275,0.494527,-1.126168
1519,14044,3.000421,-2.212303,-2.251019,3.122095,-1.222410,-3.678040,-0.595020,3.523432,0.104484,2.918589,0.131286,0.295146
1519,14045,2.768573,-1.877798,-1.661347,2.987040,-1.542212,1.383048,-4.364126,1.916685,0.633072,3.889482,0.518502,-2.160053
1519,14046,0.329420,-3.242694,-2.189563,2.210639,-1.033308,-3.411659,-3.320662,1.885457,0.684734,2.537382,1.879602,-1.561875
1519,14047,1.784920,-2.257433,-3.989825,-1.180587,0.373439,-1.638510,-2.299192,2.459511,0.625633,2.468520,1.050353,0.209442
1520,14048,3.489085,-1.901949,-1.352442,2.433877,0.722426,-0.195212,-3.583992,2.625067,1.438020,3.248846,0.824484,-1.432902
1520,14049,2.687685,-1.558533,-2.565229,0.769007,-0.988557,-4.236028,0.167757,2.694634,0.257002,1.690236,1.082176,-2.043757
1520,14050,2.001373,-1.089614,-1.491801,2.183905,0.810930,0.655397,-0.544024,2.516792,1.378229,3.667512,0.897418,-2.536665
1520,14051,3.969024,-0.614463,-3.136737,0.477402,-0.002007,-4.077926,-2.307457,0.596156,-0.301363,3.329954,0.153467,-0.743956
1520,14052,1.882634,-2.673766,-2.770931,-1.383811,0.012743,-6.423710,-3.335529,1.709111,-0.296102,2.493151,1.474510,-0.069603
1520,14053,2.374445,-2.085908,-1.705500,0.399332,0.771274,-2.361085,-4.032312,3.200855,1.139728,2.979214,1.716443,2.074993
1520,14054,2.412076,-2.022159,0.171050,1.280620,-1.855273,-1.657935,-0.504950,3.257226,0.260502,2.781203,0.095168,-0.587858
1520,14055,3.217878,-2.368526,-3.277411,3.190900,-0.879738,-1.294968,-1.979417,0.565170,1.193160,3.254151,0.151118,1.288288
1520,14056,3.233780,-3.024842,-0.645346,0.720436,-1.444533,-3.325892,-3.152205,2.793861,0.449642,2.210645,1.966472,-1.413124
1520,14057,1.967645,-2.882940,-2.913010,0.200493,-1.004264,-3.379660,-3.559925,2.164180,0.545090,3.753879,0.964819,1.266024
1521,14058,1.438281,-1.761045,-2.553697,2.393633,-0.152628,-1.352962,-1.922199,2.417233,0.572087,3.129329,1.292218,-0.779855
1521,14059,2.044225,-1.573982,-1.066218,0.045931,-1.644315,-2.169816,-1.045448,1.436442,0.002246,1.465731,0.217463,-1.661889
1521,14060,2.043312,-2.111671,-3.946105,1.155634,-0.755907,-2.070543,-3.929989,3.122883,0.988056,3.395848,0.809654,-0.007844
1521,14061,2.983700,-1.861656,0.143958,3.547072,-0.562021,0.146820,-1.283786,1.277594,1.220975,3.124808,0.379086,-2.764017
1521,14062,3.016926,-2.785588,-2.160082,1.617665,-0.477518,-4.952459,-2.285108,2.445950,0.265088,2.440387,1.068700,-0.003126
1521,14063,1.369991,-1.297551,-3.147182,1.951139,-0.007406,-1.688138,-0.985003,1.991979,-0.216096,3.380079,0.687628,-1.266774
1521,14064,2.491550,-2.913287,-2.146178,-0.909864,1.187952,-2.685605,-2.144910,0.585323,-0.269227,3.247775,0.960473,-0.501395
1521,14065,1.918181,-2.630478,-0.447938,2.588800,0.981442,-4.772564,-2.457565,1.234642,0.811872,2.956835,0.601390,0.923218
1521,14066,1.299969,-2.423327,0.106228,2.141388,-0.539247,-4.352218,-1.637547,1.085251,1.412742,2.762869,0.981451,-1.041837
1521,14067,1.378863,-2.415540,-1.725289,0.721486,-1.225884,-4.468661,-3.265487,2.155547,0.953822,4.317463,1.066406,-3.184695
1522,14068,94.927069,0.101417,-2.879210,99.320552,-2.983134,-189.603262,-2.876943,256.998884,38.602789,4.007164,1.172200,-0.658420
1522,14069,242.475376,-0.978382,-2.340455,-115.137670,-2.926646,-701.675679,-3.309400,131.289763,122.939657,5.180658,0.877583,-0.104700
1522,14070,149.379568,-1.069101,-4.538682,-17.618908,-1.637471,-779.645550,-1.555877,235.799619,76.798305,3.894694,0.083205,-0.738777
1522,14071,148.425922,0.421813,-4.000248,-381.696462,-4.393447,-240.204969,-5.130694,442.335986,16.699137,3.955188,1.308960,0.767014
1522,14072,64.377743,-1.919779,-2.200785,558.897734,-2.673640,-410.650570,-2.542214,277.537280,2.863494,3.975674,0.620648,-0.160778
1522,14073,130.743512,0.122681,-2.810545,-129.819915,-3.527421,-1033.452799,-1.188419,280.645805,106.521391,4.837083,1.349415,-1.230481
1522,14074,233.690176,-0.049851,-3.379168,154.444418,-3.034776,-1055.376642,-2.762098,157.771588,-218.715553,3.733191,0.832803,-0.677634
1522,14075,182.420991,0.174744,-3.957972,203.998629,-3.452282,-350.501487,-2.274100,328.160390,4.364828,5.240204,-0.388877,-0.412368
1522,14076,270.154045,-1.581620,-3.056952,497.656494,-4.912432,-677.993874,-4.286426,323.939508,-122.231735,4.035080,0.317872,0.900364
1522,14077,118.340047,-0.003727,-0.769527,-129.005972,-2.487019,-316.667876,-0.649822,300.746674,117.065858,3.782438,0.388049,1.115258
1523,14078,179.700605,-0.803349,-2.775277,113.769291,-2.874830,-637.531015,-1.684973,435.295192,-50.210761,5.243614,1.138382,0.123380
1523,14079,196.053895,-0.196290,-3.267706,167.381790,-2.911543,-308.869583,-1.172976,298.418066,157.030383,3.865820,0.482979,0.892488
1523,14080,169.993860,-1.691053,-4.054741,55.072137,-2.723117,-837.992362,0.435267,82.694290,28.580320,4.326288,0.327656,0.255497
1523,14081,196.259044,-0.634781,-3.438031,420.775519,-3.812456,-145.500351,-2.782276,133.671656,-36.738218,4.506678,0.773320,-0.279939
1523,14082,246.657561,-1.322382,-5.182377,-74.730103,-2.920082,-205.709592,-0.990940,276.160966,198.377910,3.907121,1.618258,-0.709858
1523,14083,97.733635,0.407694,-2.680489,470.474505,-3.013583,-128.037054,-1.557494,282.068698,120.607822,4.806202,0.342062,0.027017
1523,14084,112.496586,-0.018605,-2.567502,-199.251458,-2.312078,-921.731325,-4.379434,235.662600,148.460548,4.062561,0.398463,-1.077237
1523,14085,154.729686,-0.068043,-1.828222,-207.965255,-3.487054,257.947006,-2.778769,306.978176,175.070888,4.098303,0.574027,0.530153
1523,14086,118.007527,1.494267,-1.261729,152.360801,-2.363992,-720.118780,-2.469185,427.710313,55.807970,4.460779,0.352398,0.120756
1523,14087,178.800356,-1.205815,-2.909850,364.370574,-4.062259,-890.100495,-1.272252,268.128727,52.416486,4.465044,1.282620,0.549453
1524,14088,2.601851,-1.886219,-2.350593,0.916954,0.237851,-2.703728,-4.268119,1.965407,0.580367,3.255253,1.590525,-0.068754
1524,14089,2.729430,-1.954554,-1.582271,-0.668264,-2.249162,-2.266836,-1.138286,2.389797,0.995352,4.459183,0.360775,-1.436932
1524,14090,1.411464,-2.636385,-2.141621,0.936176,-0.914738,-2.889916,-3.718945,1.681393,1.060884,3.017005,0.688692,0.166130
1524,14091,1.321935,-1.261931,-2.763372,-1.100416,-0.313907,-1.553141,-0.931927,2.733763,0.784167,2.579725,0.100700,-1.392369
1524,14092,4.865290,-2.190885,-2.603556,1.508014,-1.119093,-2.816062,-1.709607,3.540117,0.784493,4.192747,1.383097,-0.556124
1524,14093,1.492903,-2.100559,-2.688524,-0.955886,-0.325691,-1.739215,-1.904985,1.828024,0.652062,2.375993,1.420799,0.049972
1524,14094,1.311553,-2.404929,-2.332493,-1.185974,0.117201,-0.920179,-3.778358,1.742666,0.809876,3.040454,1.723240,0.064507
1524,14095,2.849723,-2.909703,-3.288983,0.462151,-1.271471,-2.529026,-2.211357,1.465616,0.298204,1.618111,0.021840,-1.169484
1524,14096,1.659964,-2.349459,-2.401138,-0.435515,-1.120755,-7.213985,-3.131807,1.211433,1.647414,2.717948,1.413554,-1.470472
1524,14097,1.313396,-2.818542,-2.192138,0.152921,-0.182430,-3.110566,-3.608250,2.252658,-1.309415,1.495016,1.227868,-1.342471
1525,14098,2.106299,-2.196758,-1.817176,2.662512,-0.771557,-2.865606,-2.834575,2.689548,1.390434,4.020082,1.683657,-1.518454
1525,14099,3.024351,-1.465709,-3.612783,1.610503,-0.834056,-3.201377,-1.152387,4.001078,1.038778,3.645729,0.884628,1.324179
1525,14100,0.322511,-2.502854,-1.859531,2.498926,-0.762768,-2.596238,-2.188273,2.043916,1.012147,2.349824,1.588666,-3.054860
1525,14101,1.655452,-1.792791,-2.540906,0.236273,-2.060263,-3.462535,-2.313381,1.271318,-0.196301,3.509413,0.513253,-0.113781
1525,14102,2.023813,-2.218141,-1.618816,0.499797,-1.873640,-4.568457,-2.444715,1.991544,0.174875,1.751893,1.573406,-1.583411
1525,14103,4.091297,-1.412999,-1.343148,1.458845,0.208188,-2.102567,-5.484220,2.234509,1.325577,3.756314,1.093960,0.496143
1525,14104,2.981838,-1.737773,-2.953274,1.578975,-1.136477,-1.237025,-3.687735,1.525737,0.548661,4.020547,1.034873,-2.026451
1525,14105,1.795925,-1.801045,-1.437111,1.132667,-0.550930,-1.412201,-2.339821,3.344005,0.813743,2.928491,0.755999,-4.036895
1525,14106,4.374133,-1.784926,-2.293153,2.471200,-0.483899,-0.526180,-3.757456,3.158363,-0.580127,3.350477,1.375775,-0.235568
1525,14107,1.906933,-2.826358,-3.447805,0.830833,-0.522066,-1.442850,-1.857263,1.769404,0.818940,2.746472,1.154866,0.567400
1526,14108,84.012575,0.863006,-2.867778,115.292845,-2.569010,-1480.555514,-3.287422,416.789070,176.079584,4.882079,1.450316,0.104050
1526,14109,70.128552,0.408170,-3.189880,518.418818,-3.473755,-43.524956,-1.791939,277.380319,-95.180651,5.088278,0.639013,-1.138726
1526,14110,176.270354,-0.206276,-2.561474,-119.398486,-2.098733,-33.132647,-2.433820,180.653652,109.193306,4.304916,1.204930,-0.698232
1526,14111,228.348753,-1.399158,-4.085783,281.767725,-3.147022,-21.705121,-1.187988,401.455575,61.899728,5.176628,1.569761,0.203285
1526,14112,197.672139,-0.987541,-2.355005,-231.542648,-2.770990,-1458.031373,-2.631453,308.226265,250.026743,4.443718,1.651595,0.217930
1526,14113,311.783096,-0.464765,-1.636804,401.029934,-3.024425,-354.800013,-1.518755,190.908658,-49.858641,3.914269,1.093570,-0.602154
1526,14114,243.964014,-0.038484,-6.139454,4.232966,-2.849390,84.347107,-1.053268,355.278178,1.818169,3.953881,0.262067,0.245350
1526,14115,233.782467,1.047938,-3.522557,104.790736,-4.100601,521.468206,-2.315744,238.563079,113.691437,4.791083,1.404147,-0.349763
1526,14116,102.958967,0.461275,-2.761585,420.821036,-2.834036,-1137.901233,-2.752440,273.403066,122.967117,4.172292,-0.220455,-1.621426
1526,14117,154.850312,-1.149589,-1.848755,-24.059606,-3.922998,269.824216,-3.960443,146.848330,155.526672,3.185378,-0.106394,-1.212732
1527,14118,218.496938,0.262007,-1.336836,22.405502,-2.971985,-516.404589,-4.609244,366.919313,120.028288,4.074885,0.972774,-1.615609
1527,14119,119.009170,-0.648878,-3.067457,-59.174584,-3.544174,-1122.445886,-3.416442,195.506603,238.283721,3.325636,1.195491,0.263059
1527,14120,236.903843,1.344682,-2.331045,-169.494440,-2.428866,-148.962086,-0.710237,27.389271,105.877036,5.007811,1.608911,-0.494908
1527,14121,97.196219,0.460309,-3.325965,218.862919,-2.974453,-1766.596130,-3.708502,311.283809,162.147455,4.373447,1.170621,0.455568
1527,14122,191.243552,-0.451233,-3.839878,233.434812,-4.240124,48.746779,-3.686347,236.957133,61.688147,3.929682,0.637425,-1.160533
1527,14123,216.027888,0.365436,-3.030077,-30.630129,-3.217043,-447.463523,-3.247187,266.115551,438.080925,5.412775,0.493675,0.589395
1527,14124,153.730326,0.657066,-1.128397,-150.541045,-3.876260,-1031.886648,-3.349516,295.492732,111.564634,3.526646,1.693650,-1.010550
1527,14125,167.979155,-1.434441,-4.980689,467.315181,-2.997631,-560.052725,-2.527964,354.452856,57.465107,5.172451,1.129972,-0.211359
1527,14126,167.336412,-0.517587,-2.656274,-88.425431,-3.209021,-683.105472,-1.172612,197.723925,45.434682,3.329531,0.396190,0.257686
1527,14127,114.138573,0.471369,-3.147989,109.356285,-3.341168,-471.326127,-0.817922,385.430860,55.032191,3.358618,1.047878,-1.460588
1528,14128,4.795965,-2.381268,-2.440010,0.313623,0.042308,-2.801383,0.856104,1.590320,0.270142,3.204857,0.422749,-3.470165
1528,14129,2.903816,-1.765289,-3.231749,1.211337,-0.157004,-1.889365,-1.621506,1.627292,0.244037,2.577372,0.697274,-0.848043
1528,14130,2.425370,-1.291472,-1.995416,4.664391,-0.755199,-2.868507,-4.050660,3.140672,-0.267721,1.890953,1.691754,-0.221571
1528,14131,2.315158,-2.828633,-1.876295,-4.109178,0.031993,-3.435147,-3.808082,2.451518,1.068861,2.793287,0.736369,-0.608997
1528,14132,4.578579,-2.201877,-1.873836,-1.331132,-0.626033,-3.021591,-3.079116,2.934564,-0.158652,2.328353,1.003980,-0.477811
1528,14133,3.355555,-1.348800,-2.034257,2.553871,-1.107658,-0.980292,-3.837340,2.181821,0.555979,2.746253,0.794505,-0.643191
1528,14134,1.493148,-2.669388,-1.915136,0.805675,-1.350359,-2.180904,-2.857307,1.606674,-0.813015,1.928605,1.577838,-0.672785
1528,14135,1.539789,-2.261602,-3.212369,1.209729,-1.300344,-5.633457,-2.890781,3.073780,1.340883,4.184410,1.238146,-1.623676
1528,14136,1.348764,-1.434827,-1.544274,-0.083878,-0.143920,0.542248,0.210756,2.565044,0.459563,2.424289,1.451163,-1.066395
1528,14137,0.774352,-1.764016,-2.485560,1.339199,-0.598677,-3.145747,-1.076719,2.484686,-0.592282,3.624578,0.579308,-0.748247
1529,14138,224.220694,-0.797404,-4.337766,-230.272438,-4.434236,-637.734193,-2.138575,331.336695,-48.466299,4.400153,0.730884,0.076381
1529,14139,108.500094,0.563845,-3.133289,-27.647762,-3.119727,-1028.407549,-3.189255,343.757852,119.204814,4.181955,1.024152,-0.427582
1529,14140,194.285489,0.620823,-3.856514,817.942429,-4.069268,-242.978242,-2.313643,314.277491,76.639251,4.023393,1.352136,-1.524243
1529,14141,107.091407,-0.929475,-1.433142,99.042159,-3.521429,-849.667494,-1.110814,289.544666,179.218537,4.040208,0.438863,0.655944
1529,14142,140.257878,-1.766967,-2.485391,468.541170,-2.949700,-542.383974,-0.993184,74.947867,-21.349110,4.142921,0.927329,-1.395063
1529,14143,210.030615,0.236940,-1.923065,38.815858,-4.861430,62.259609,-2.555025,440.588362,7.343979,4.482857,-0.549614,0.283065
1529,14144,235.191033,1.089066,-1.038284,-111.325554,-3.008738,-2.911535,-2.839126,119.215595,102.212189,3.937606,0.931052,-1.794355
1530,14145,2.175989,-0.288896,-3.987682,2.697198,-1.838140,-1.907955,-3.565051,2.580794,0.106713,2.432121,2.079645,-3.657647
1530,14146,3.524742,-2.583183,-3.518146,1.063675,0.815265,-5.099808,-2.649761,3.182163,-0.214762,2.747551,1.374996,-1.268270
1530,14147,2.215982,-2.251128,-1.117978,-1.842166,0.047699,-1.678228,-0.985040,2.347528,-0.620119,1.708946,1.110695,-2.445418
1530,14148,4.056753,-1.577151,-1.603407,-0.327561,-1.192888,-5.435121,-1.578875,3.316833,0.145205,2.618192,1.247135,-1.892975
1530,14149,5.647114,-2.867192,-3.333541,3.453653,-1.090501,-2.741595,-1.228588,2.632039,0.844356,4.036854,1.439222,-1.886834
1530,14150,1.512270,-0.927977,-2.866098,-0.477481,0.851941,-4.375471,-0.641851,1.524358,0.285796,2.838654,0.488149,-1.429023
1530,14151,5.968043,-1.361217,-3.227959,2.770188,-0.772726,-2.577194,-1.629063,1.977406,0.048015,2.336883,1.372096,1.198917
1530,14152,2.943876,-1.531129,-4.484835,3.453647,-0.724049,-4.591089,-1.856273,2.539412,0.656562,3.342390,1.018421,-0.645464
1530,14153,1.828358,-1.596276,-1.766305,0.745033,-0.525837,-2.084686,-2.798019,2.826746,0.217011,3.471276,2.078521,-0.479426
1530,14154,1.213673,-1.618869,-2.381532,0.654008,-0.148972,-3.440168,-2.193396,3.508912,0.283723,4.762618,1.328202,-2.090174
1531,14155,11.681350,0.289427,-2.234576,131.375356,-3.133859,-547.412314,-2.728142,140.154213,-89.624655,5.129528,1.274089,-0.789813
1531,14156,132.395889,0.848596,-3.952869,210.696358,-2.956145,-133.849063,-2.280252,314.204292,244.610901,4.284996,1.120870,0.703521
1531,14157,84.639246,1.014685,-3.929448,34.536138,-5.361726,-922.618670,-4.234979,145.823695,-105.138627,4.950292,1.156338,0.783525
1531,14158,13.641207,-0.459287,-1.754154,455.395339,-3.177924,-1496.850451,-5.462544,372.418684,141.126439,3.532855,0.514067,-1.093291
1531,14159,299.055076,0.096079,-3.925037,191.134454,-2.538804,-922.614979,-2.784598,297.552548,34.660693,4.248359,1.010408,-0.238522
1531,14160,41.130138,1.075154,-4.018315,147.817622,-3.179058,-889.556551,-1.639599,353.930453,187.863962,4.015467,1.040478,0.134127
1531,14161,82.717251,0.271800,-2.368026,-234.405186,-2.588835,-497.084244,-1.886947,76.880094,-61.159184,3.236749,1.372042,-1.201344
1531,14162,210.990564,0.002179,0.207748,213.109534,-2.136144,-154.282374,-0.341731,316.778966,-6.048898,4.642720,1.140843,-0.404503
1531,14163,188.137721,-0.047392,-3.006093,288.580327,-4.175136,-479.786514,-1.813763,188.549561,150.777024,4.094535,0.100166,-0.082278
1531,14164,246.249726,-0.366174,-3.527880,306.391467,-4.272643,-1347.882566,-3.246251,477.951028,75.456451,4.209902,0.518139,-0.118067
1532,14165,1.611709,-2.230821,-2.265077,0.045915,-0.050599,-3.426651,-3.135372,3.274941,0.094694,2.445538,1.216212,-2.049759
1532,14166,1.340226,-2.478766,-2.570868,-1.224850,-1.846966,-2.420557,-0.010252,1.519712,-0.825208,3.748710,0.326915,1.015307
1532,14167,3.497883,-1.668583,-2.482667,0.108440,-0.584308,-0.862684,-2.595221,2.888272,0.470230,3.522166,0.916659,-0.464714
1532,14168,2.532992,-1.215736,-1.372849,-0.583886,-0.130806,-1.140483,-5.659006,2.258837,0.179529,2.876467,1.947757,0.929509
1532,14169,3.394806,-2.898243,-1.783070,1.358357,-1.007209,-2.391386,-3.322265,2.324047,1.009733,3.193197,0.368837,1.214170
1532,14170,1.695580,-2.046889,-1.164403,-4.811698,-1.157223,-5.228821,-2.330193,1.472154,0.478880,3.080149,1.066839,-1.687937
1532,14171,3.017548,-1.184958,-4.026378,0.856552,-0.765365,-0.171262,-2.395677,2.396524,1.212398,2.866201,1.055001,-2.027963
1533,14172,3.483220,-1.101236,-1.639184,3.452203,0.158324,-2.854712,-3.204231,2.892844,-0.295233,1.945635,1.178135,-1.307002
1533,14173,3.088524,-2.527074,-3.277443,0.037289,-1.550666,-6.163367,-4.056327,1.127506,-0.432640,4.193874,1.015309,1.317818
1533,14174,2.720093,-1.423239,-2.169029,0.824508,-1.389734,-0.480304,-4.712731,0.678520,0.104397,2.528208,1.904281,-1.539134
1533,14175,3.508869,-2.806668,-2.834273,2.866226,0.123895,-1.692861,-2.144441,2.124242,0.865730,3.380608,1.662255,-1.689979
1533,14176,1.468633,-2.546217,-1.950623,2.340068,-1.790246,-4.738012,-2.270953,1.559987,0.764581,2.234656,0.848109,-0.434468
1533,14177,1.376199,-1.652724,-1.809530,0.029416,0.629322,-3.335638,-2.946417,1.999983,1.004681,1.273290,0.255205,-2.950301
1533,14178,1.576809,-1.629509,-1.358799,2.290386,-1.021737,-0.293867,-2.738320,1.104401,0.113414,4.354104,1.742838,-0.616908
1533,14179,2.910249,-2.706801,-2.151899,2.964732,-1.602695,-1.587779,-3.382087,2.297949,0.741074,4.093582,0.527944,-1.570844
1533,14180,2.345303,-1.717408,-1.952003,-0.149311,-1.375440,-2.522764,-2.746762,2.382397,-0.102482,3.623442,0.498878,-3.059137
1533,14181,1.998174,-1.929980,-3.043912,-0.543976,-0.599290,1.696967,-3.089825,1.586185,0.215342,3.241962,0.921453,-1.023559
1534,14182,2.151841,-1.869973,-0.215305,0.094678,-0.550182,-1.705217,-1.585143,2.095676,0.426678,3.101513,0.682572,-1.395775
1534,14183,5.415955,-2.359456,0.753887,2.874041,0.392940,-2.468824,-2.262653,1.449333,0.197096,3.412046,1.863960,-0.052908
1534,14184,2.070189,-2.035129,-2.270717,-1.585569,-0.454351,-4.191724,-2.023819,3.430378,0.028588,3.292118,-0.264502,-1.141723
1534,14185,2.007155,-3.250035,-1.158005,-3.261894,0.217062,-0.629227,-3.059821,2.167857,1.003630,1.821471,1.842768,0.138377
1534,14186,2.767611,-3.104863,-2.273623,0.402380,-0.552128,-3.840184,0.504880,1.153541,0.362088,3.853438,1.371527,0.432899
1534,14187,0.697212,-3.181697,-1.770574,3.631863,0.077170,-4.580589,-1.935096,2.563712,0.470656,3.128685,0.976466,-1.200196
1534,14188,2.179250,-2.841824,-3.441340,0.945022,-1.855964,0.504343,-1.395400,2.040843,0.322682,2.918370,1.192934,-0.778512
1534,14189,0.254202,-1.162548,-2.528737,-2.110599,-0.317450,-2.546509,-3.490642,1.948601,0.383218,3.377664,0.377624,-2.161780
1534,14190,1.509184,-2.059343,-3.017888,1.667722,-0.629349,-2.543020,-2.821318,1.324991,-0.228673,4.491285,0.082352,-2.234619
1534,14191,1.084452,-2.894387,-0.249235,2.875206,0.657329,-3.461083,-2.441730,2.191645,-0.277845,3.180002,0.280706,2.528600
1535,14192,2.742062,-2.262701,-1.877794,1.296697,0.012820,-3.706825,-2.069932,2.404725,0.148551,4.172245,0.815456,-1.344689
1535,14193,3.008514,-1.530001,-2.366274,1.444259,-0.544965,-3.925550,-1.393945,1.211759,0.780827,3.458164,1.193930,-0.055912
1535,14194,0.710937,-2.121270,-1.485227,-0.108303,1.533334,-4.187354,-5.294643,2.604694,0.549841,3.095662,0.783153,0.072451
1535,14195,2.641763,-0.358027,-2.804721,2.384337,-0.433860,-0.602083,-3.416768,2.064660,0.639144,1.987315,1.167269,-1.500484
1535,14196,2.442996,-1.910683,-1.438518,1.888813,-0.128873,-4.686620,-2.284878,1.538651,-0.538403,2.142480,0.487254,-1.230800
1535,14197,1.503907,-2.884904,-3.348464,-0.736222,-2.193435,-5.750692,0.266508,2.138157,0.030005,2.787644,0.939690,1.090358
1535,14198,2.675203,-2.476021,-2.379127,1.860175,-1.306593,-3.106553,-3.437507,1.608381,-0.462228,3.299456,1.307008,0.124077
1536,14199,2.197997,-1.761445,-3.009827,-1.389802,-1.130442,-2.288088,-3.128589,1.352133,0.716550,2.707969,1.245974,-0.289174
1536,14200,1.127917,-1.986114,-2.837262,-1.563545,-1.235895,-4.392974,-1.601431,2.575813,0.645726,3.036636,0.447896,0.658235
1536,14201,2.912926,-2.764882,-2.667677,-0.578506,-0.061619,-5.203712,-1.193901,3.733274,-0.440800,3.061004,1.676198,0.245424
1536,14202,2.200168,-1.292831,-2.382640,0.091568,-1.764532,-1.067436,-3.413778,2.633158,0.510790,2.266760,0.667543,-1.236268
1536,14203,0.899490,-1.219654,-3.018369,1.311162,-0.808801,-5.021670,-5.071502,1.937122,0.951921,1.190772,1.564614,-1.479456
1536,14204,2.144777,-1.237482,-1.720832,0.924721,-0.980097,0.070607,-0.456405,1.407580,-0.068823,2.360391,1.379116,-2.655104
1536,14205,3.740772,-0.969648,-1.826822,-2.929958,-2.252704,-0.902082,1.051357,2.427384,0.585253,3.293441,0.840014,-0.512657
1536,14206,4.568110,-2.922817,-4.159384,-1.650717,-1.255093,-7.179141,-2.839700,1.624995,-0.317865,2.396997,1.237499,-2.916072
1536,14207,0.048944,-1.447425,-0.936989,1.636562,-0.776690,-3.222776,-0.829101,2.859395,1.085071,1.866229,0.699719,0.068625
1536,14208,3.272444,-1.730450,-2.864717,-0.103961,-1.481706,-1.716161,-2.386182,0.732876,0.668610,2.738021,1.222881,-1.389516
1537,14209,3.492634,-2.129435,-0.834818,0.636247,-0.908631,-0.326398,-0.931375,2.795276,0.704682,2.677209,0.579413,-2.426327
1537,14210,3.479173,-2.661102,-2.273764,-2.406933,-1.662907,-3.212920,-0.069971,1.680763,0.271123,2.933509,0.814932,-2.297011
1537,14211,2.780377,-1.614833,-2.377313,-1.979038,-1.155781,-1.700193,-2.654940,1.875014,0.968157,3.479918,0.538091,-0.060865
1537,14212,2.591936,-3.418317,-2.160659,0.792024,-1.400429,-6.277608,-4.137110,2.895084,0.237712,3.096922,0.926087,-0.344967
1537,14213,2.102646,-1.781861,-2.272808,-1.624504,0.317909,-2.292774,-1.370167,0.998826,0.122328,4.152908,0.607566,-1.260282
1537,14214,1.764138,-1.891747,-3.476344,5.617867,-1.132183,-1.807645,-0.405189,3.114550,0.301236,3.001077,0.271561,-3.018172
1537,14215,3.316667,-1.247411,-3.913939,-1.499208,-0.235059,-1.465133,-3.703074,1.715894,0.111618,2.231600,0.869872,-2.913837
1537,14216,4.563941,-1.522157,-2.535653,3.143406,-1.885484,-2.121784,-0.498291,1.388111,1.346332,2.430689,0.270998,-2.959857
1537,14217,1.253104,-1.718196,-1.115395,-1.537762,-0.738288,-2.973400,-3.404508,3.323833,0.729469,3.521423,0.652291,-1.329694
1537,14218,2.681339,-2.188754,-1.079311,0.704960,-0.532569,-5.041810,-2.320469,2.401122,1.034769,2.254786,0.680671,-0.341570
1538,14219,0.525837,-0.754063,-1.166254,0.086745,-0.641521,-2.176450,-3.167519,2.513039,1.135748,2.172892,0.404725,0.004077
1538,14220,2.537638,-1.882027,-3.315072,-1.324338,-0.829354,-0.459570,-1.869761,2.571685,-0.013889,2.974356,0.684209,-2.246725
1538,14221,1.570521,-2.834449,-1.516364,2.583027,-1.258515,-4.462169,-4.204226,1.579298,1.018983,2.982311,1.080739,0.872050
1538,14222,2.756719,-1.725162,-3.564816,-1.358402,-0.532846,-3.828189,-1.610289,1.330296,0.963617,3.176802,0.262019,-2.133800
1538,14223,2.288337,-2.329010,-1.404060,1.533035,-0.108344,-1.925432,0.680377,0.228860,0.324273,3.330654,0.924889,-2.406903
1538,14224,2.078058,-2.573495,-2.063146,0.045200,-0.514907,-3.369097,-0.652347,1.024003,0.421122,3.495034,1.373951,-1.458469
1538,14225,2.936592,-2.011419,-1.980459,2.244354,-0.403456,-1.947262,-3.037605,3.822453,0.885153,3.560249,2.115675,-0.584311
1538,14226,3.069454,-3.228397,-2.118752,-0.461892,1.025430,-2.494683,-2.095603,1.930819,0.963787,2.826712,1.299145,-1.595660
1538,14227,4.292759,-2.212289,-2.646356,1.693273,-1.986627,-3.626871,-2.430047,0.210932,0.734732,1.606144,1.185556,-1.003558
1538,14228,1.963404,-3.364272,-1.065080,0.165571,-0.680102,-1.479732,-2.722069,2.762836,0.951810,2.623771,0.500397,0.600494
1539,14229,2.102328,-1.711969,-0.921517,2.104424,-1.124176,-4.324637,-1.629716,2.107048,1.023316,2.364122,0.899705,-0.794314
1539,14230,0.752544,-1.800871,-0.172220,1.286943,0.199304,-2.290250,-1.301545,1.642254,-0.045149,2.578575,1.972847,-0.173674
1539,14231,2.087052,-2.349017,-3.242524,1.100570,-0.812724,-4.273774,-2.789334,2.919885,0.801031,3.241849,1.959997,-2.536446
1539,14232,1.885893,-2.226885,-3.894473,0.415047,0.097214,-3.483768,-0.530480,2.703876,-0.288062,3.448112,0.735837,-1.759650
1539,14233,0.197561,-1.590992,-3.148720,-2.310234,-0.404483,-3.022055,0.560409,0.966764,0.496602,3.107692,1.362334,-2.061246
1539,14234,2.267011,-1.450250,-3.869999,-1.476626,-1.520957,-4.295784,-5.360375,3.004823,0.733902,2.883405,1.031785,-3.664403
1539,14235,3.589910,-1.913892,-0.930927,1.333723,0.193144,-1.543280,-3.967373,1.709882,1.229606,2.553943,1.294944,-0.601161
1539,14236,3.241930,-2.312480,-3.304213,1.504886,-0.662451,2.242699,-1.711886,2.623001,0.786963,2.232272,1.705709,-1.341766
1539,14237,2.548285,-0.889247,-1.271676,-0.147121,0.288898,-0.002127,-2.396309,1.452801,0.608272,2.260409,1.591666,-1.493016
1539,14238,2.239812,-2.932916,-1.568050,0.299009,-0.076370,-1.047377,-2.570739,1.181327,0.650030,2.580657,0.674422,-0.369660
1540,14239,130.434020,0.050046,-2.953695,-215.050073,-3.546546,-546.815210,-1.657175,111.746409,-24.815099,4.366560,0.100983,-1.338657
1540,14240,139.602178,-0.483970,-2.938275,52.414045,-2.304223,-1050.391547,-2.524790,211.152289,196.681015,4.136152,0.767974,1.839015
1540,14241,121.362483,0.122172,-2.628901,82.004990,-2.173756,48.088428,-1.368359,224.462135,139.911115,4.199016,1.619342,-1.459153
1540,14242,17.919346,0.809980,-0.952253,-53.955440,-1.342261,-342.916423,-2.797998,378.214718,39.080700,3.326160,-0.162190,-0.880189
1540,14243,284.192810,0.189224,-1.640458,361.808237,-4.722032,-774.003158,-2.032852,184.872173,105.208031,4.009419,1.636259,-0.963839
1540,14244,68.859579,0.443643,-2.273822,192.396664,-3.243091,-1032.756612,-5.169189,143.938995,-49.089459,5.061998,0.510341,1.424462
1540,14245,132.967346,0.063075,-4.101776,41.674806,-3.390499,-1220.913235,0.489506,317.049265,-6.834734,4.921446,1.177114,0.239141
1541,14246,123.514143,-0.087805,-1.936134,49.472427,-4.629847,-101.964338,-2.708726,299.787312,44.970133,4.014249,0.736050,-0.680876
1541,14247,99.543899,-0.245225,-4.275179,-114.949526,-2.239906,-1081.679845,-4.344375,210.515927,272.079338,3.817554,0.407079,-0.587716
1541,14248,232.302414,-1.142536,-3.347171,63.980577,-1.672445,-101.605607,-3.121132,385.726615,79.775832,4.870622,1.331275,-0.417582
1541,14249,175.473020,-0.808601,-3.394831,-44.276886,-2.885275,-1271.910605,-3.115440,243.414468,50.020963,3.910610,1.536044,-1.850552
1541,14250,70.819494,-0.691668,-2.158583,-4.403408,-4.123245,-1283.936673,-2.770579,400.506285,262.261118,4.020178,0.620962,-2.217543
1541,14251,284.745437,-0.993903,-2.579980,173.928319,-3.650976,-476.794901,-3.570530,259.096285,115.118862,4.281172,0.083470,-0.033375
1541,14252,55.704678,-0.309426,-2.856318,-88.825118,-2.153311,-839.216060,-3.164397,270.972272,262.215315,4.398821,0.411665,0.222833
1541,14253,231.696332,-0.085390,-3.096918,-248.255276,-3.927452,-578.339914,-1.638106,182.974867,147.789934,4.817497,1.735215,-0.327147
1541,14254,225.107676,-0.503880,-2.638000,519.225338,-4.293363,-408.451863,-3.206153,325.293467,122.354978,4.588770,1.650089,-0.861302
1541,14255,161.092988,-0.396924,-2.577010,-65.410106,-4.180509,-493.699360,-1.092547,377.917924,38.772939,3.599608,0.174762,-0.148548
1542,14256,1.813065,-1.050794,-2.456620,-1.769727,-0.615241,-4.850412,-2.690217,1.542861,1.123501,3.942030,0.823616,-0.684899
1542,14257,3.927782,-1.951493,-1.646498,-0.432464,-0.472491,-1.089454,-4.659139,3.205445,0.962179,2.682835,1.636015,-1.682568
1542,14258,0.836990,-2.550735,-3.091804,0.184009,-1.487585,-0.897666,-0.951184,2.940609,-0.873462,3.330470,0.831708,-0.196815
1542,14259,3.244698,-1.534660,-0.424188,-1.963504,0.349930,-2.039054,-1.660514,1.826830,0.584454,1.025850,1.630823,-0.967397
1542,14260,2.050540,-2.679060,-0.996023,0.728634,-0.671969,-1.075388,-3.302602,1.525985,0.400457,2.098260,0.198795,-1.153823
1542,14261,1.556418,-2.148445,-2.488855,4.839634,-1.045424,-1.009917,-1.551602,1.408839,-0.384300,3.315888,0.610491,0.273464
1542,14262,2.380874,-1.319019,-1.911454,-3.477985,-0.596578,-4.818791,-0.574149,1.462916,-0.315622,3.432817,0.594019,-2.796273
1543,14263,76.747323,0.249459,-5.605766,89.368543,-2.411344,-303.548369,-4.082719,192.658705,98.389364,4.319449,0.808071,0.932313
1543,14264,123.582945,-0.813104,-4.137950,463.543987,-2.628018,-667.644012,-3.528825,324.153042,92.807877,3.115188,1.652536,1.554088
1543,14265,171.378391,0.622644,-2.478663,100.240524,-3.873442,70.639831,-4.117850,69.191541,30.376773,4.310581,0.054850,-1.965176
1543,14266,100.150049,-0.502808,-1.931709,248.358169,-3.224016,-533.365375,-1.125228,368.187781,39.978980,4.156550,0.109096,1.703516
1543,14267,102.077057,-0.211274,-4.629809,370.019532,-1.998768,-1229.044056,-4.249782,209.942320,246.726648,4.829359,0.203216,-1.481230
1543,14268,189.691463,-0.589470,-0.753706,-120.036349,-4.529114,-369.587864,-2.030305,345.045527,50.231273,5.150079,0.470926,0.776626
1543,14269,30.028615,-1.062578,-4.654308,-389.695653,-2.528753,-172.825386,0.449100,140.963862,226.976156,4.326058,-0.020205,-1.358537
1543,14270,286.580727,0.143211,-3.559948,100.705997,-2.871233,-403.949368,-2.441127,261.074054,156.791993,3.468160,0.800618,1.549589
1543,14271,45.384552,-0.719782,-2.939037,-219.663822,-3.678801,-1230.484392,-2.616963,239.116263,-60.741840,4.748549,2.063297,0.375112
1543,14272,112.542977,0.357055,-2.631966,208.479077,-4.634492,-746.566069,-0.627526,397.517962,171.408770,4.847164,1.442679,0.766264
1544,14273,1.869831,-1.401254,-2.302447,0.800180,-0.756039,-0.939886,-3.724790,2.526691,-0.124919,4.098433,1.978716,-1.126538
1544,14274,1.610035,-2.830046,-2.852398,-1.513686,-1.269930,-1.158928,-4.573026,1.566149,0.627281,2.278122,1.440873,-0.995355
1544,14275,3.358056,-1.663415,-2.460330,-1.821266,-0.258844,1.859098,-4.122514,1.021979,0.708550,2.639219,1.130168,-2.050476
1544,14276,1.298432,-2.181925,-2.749304,-0.203679,-0.879467,-3.141000,-1.018290,2.303467,0.815531,3.047593,-0.150152,-0.457141
1544,14277,1.631231,-2.292013,-3.853356,0.571076,-0.955771,-2.335753,-2.928613,2.811735,0.398401,2.717432,1.391923,-2.623637
1544,14278,4.326519,-2.596588,-2.088793,-0.621516,-1.214218,-3.409426,-1.980697,1.683086,0.296794,2.895480,0.927566,-1.457952
1544,14279,1.233253,-0.856273,-1.193119,0.204704,-0.561509,-2.199352,-2.000065,2.736407,1.384176,2.838322,1.038369,-0.355815
1544,14280,3.086949,-1.290877,-1.152978,0.150519,-1.463032,-4.970640,-3.345428,1.317908,0.277855,3.573228,0.839022,-0.831968
1544,14281,1.745491,-1.360519,-0.732364,-1.453709,-1.986905,-2.663792,-1.396371,3.415978,-0.462861,2.517181,0.796610,-1.518809
1544,14282,3.664906,-1.074782,-3.262918,3.914051,-0.513670,-0.663642,-3.936469,1.997294,-0.008895,2.877892,1.003560,-0.528022
1545,14283,201.832616,0.053950,-3.442223,55.717126,-3.337110,-1358.014525,-2.844281,308.864319,134.423816,4.819434,0.832033,-1.600694
1545,14284,172.569072,-0.529309,-3.378132,18.821184,-3.790583,428.129773,-2.863124,295.312334,-173.721317,4.636383,0.292251,1.252628
1545,14285,286.314323,-0.809977,-2.593126,350.580942,-3.083817,-218.764524,-2.048469,353.864445,-119.754447,3.769125,1.125771,-0.279017
1545,14286,169.936270,-0.175025,-3.563276,-122.762876,-1.124225,-680.985070,-2.572671,256.735464,-19.888260,2.773273,1.309449,1.716822
1545,14287,21.559481,-0.245306,-2.688729,320.732310,-3.317475,-995.595260,-4.104674,146.006966,60.956885,4.617994,1.464245,-1.317388
1545,14288,297.087189,-0.005271,-2.924877,229.071091,-3.944998,565.260681,-2.669112,331.762809,189.954383,4.299904,0.401799,-1.055265
1545,14289,168.612123,0.255940,-3.105284,467.507561,-3.388941,-914.835413,-4.529443,179.442753,-160.791086,2.910186,0.895708,-0.315807
1545,14290,162.849690,0.388038,-2.650439,121.461365,-3.474332,-468.230193,-2.742221,207.302717,80.343051,3.708548,0.795792,-0.989838
1545,14291,213.621617,-0.880688,-1.959307,321.917083,-4.376016,-70.787936,-2.698438,261.536608,109.060495,4.152447,0.103455,-1.439820
1545,14292,143.697004,-1.594238,-3.369342,-152.769348,-4.244826,-689.500153,-2.222318,180.908834,82.448563,4.328546,0.745815,-0.562592
1546,14293,59.830379,0.068955,-3.043434,-164.509569,-3.818941,-533.500557,-4.544563,308.141412,30.971509,5.031342,1.161115,0.819711
1546,14294,167.415783,-0.224981,-3.151352,344.227229,-4.520617,53.013262,-1.563743,503.841221,285.032007,4.379382,1.033484,-1.523437
1546,14295,187.146705,-0.286238,-4.225100,8.553403,-3.006085,-331.843505,-3.059134,147.467252,149.087576,3.863943,0.927796,0.840030
1546,14296,210.596356,0.049159,-2.472496,-98.922235,-3.249874,-903.624910,-1.232733,555.677223,103.399381,5.209359,-0.323120,-2.121803
1546,14297,133.613683,0.742366,-1.148678,54.969490,-3.143874,-326.426221,-2.563596,200.097315,171.112205,3.673674,1.147960,1.679969
1546,14298,7.508834,0.509583,-2.497538,-12.368462,-3.314820,-298.445656,-2.848358,305.180834,167.123962,4.760702,1.769644,-0.614020
1546,14299,203.615005,1.327805,-4.432813,-81.791669,-4.244436,-229.923818,-3.579046,272.600117,249.566477,4.691261,0.721753,-2.524884
1546,14300,268.730099,1.476647,-4.058149,-249.275268,-2.232364,-156.542419,-3.782111,359.752217,114.321869,4.354361,0.887581,-0.696712
1546,14301,190.669074,-1.220360,-2.434851,445.716774,-2.408015,438.536952,-3.305323,265.551097,-78.713151,4.184326,0.758789,0.602381
1546,14302,126.569936,-0.012775,-4.346383,-250.516322,-3.076404,-474.866928,-1.295153,234.298864,-3.777534,4.193563,1.313670,0.244868
1547,14303,165.037245,-0.783502,-2.534831,364.040128,-2.725037,-619.645295,0.264501,236.845674,132.656714,4.574221,1.463522,-1.107224
1547,14304,77.964407,-1.342859,-1.553972,463.807821,-3.027242,-1279.753549,-4.557460,313.694965,58.836296,3.247650,0.835152,-1.219171
1547,14305,140.140484,0.456551,-3.333251,-26.763752,-3.236827,112.920634,-2.121347,112.964412,179.415413,4.697912,-0.203050,0.957695
1547,14306,119.325104,-0.029914,-2.895339,-211.116047,-3.317381,-691.226528,-1.639833,179.679171,-60.815611,4.438145,0.674834,0.672574
1547,14307,50.925232,1.338047,-3.869801,298.034419,-3.791001,-385.173552,-3.100287,365.035235,102.685957,4.603425,0.613486,-2.513447
1547,14308,259.796069,0.554080,-1.679972,-88.316529,-3.582943,-368.158603,-3.687814,201.511064,235.133796,5.124319,0.807121,-0.064120
1547,14309,120.280660,-0.602204,-3.363344,413.989800,-4.762744,-629.460780,-1.867259,254.951038,-163.570476,4.698129,0.794147,0.305398
1547,14310,88.589195,0.064697,-1.879986,-214.009070,-4.354841,72.815512,-0.613205,243.695343,150.653367,4.206064,0.228074,0.208697
1547,14311,199.446962,0.154259,-2.019323,170.195949,-2.873729,-954.613428,-0.880425,268.964566,250.238158,4.169553,0.528342,-1.386281
1547,14312,246.303531,-0.907171,-1.529847,-237.540749,-3.492386,-214.304444,-1.973018,306.510175,155.519361,4.657639,1.541009,1.341549
1548,14313,1.845691,-1.184083,-1.646579,1.459506,-0.248081,-5.054671,-2.674107,1.787885,-0.132474,2.918767,2.405324,1.167660
1548,14314,0.801757,-2.046723,-3.021178,0.717573,-1.460620,-1.258938,-0.000345,2.329568,0.982519,2.871762,0.968739,-0.525577
1548,14315,3.178942,-1.485280,-0.460954,2.861925,-0.680369,-2.323328,-1.511301,2.557194,0.832058,2.559411,1.111245,2.755122
1548,14316,3.154836,-1.264880,-3.521137,1.719184,-1.730045,-0.382389,-4.602479,4.288221,-0.213623,3.013308,0.386067,-0.593115
1548,14317,2.590010,-1.472990,-2.121232,0.844864,0.665780,-3.494095,-0.536573,0.946980,-0.700959,1.386770,1.241286,1.495171
1548,14318,1.049733,-2.001732,-3.648904,2.117100,-1.767329,-1.944053,-1.164118,2.171533,1.496884,2.742909,1.121165,-0.523666
1548,14319,1.637736,-1.156801,-1.589880,-0.899165,-0.379248,-6.166512,-3.181226,3.035517,1.124214,3.170698,1.254328,-0.838888
1548,14320,1.763481,-0.923586,-3.001662,-0.874035,-0.922863,-4.673112,-1.627632,2.297259,0.075202,2.844324,1.645186,-0.826754
1548,14321,3.273274,-1.968709,-5.153368,-1.174916,-0.828187,-0.407543,-1.823021,2.519168,0.456657,2.000898,0.830349,-2.582246
1548,14322,2.223305,-2.707951,-1.652971,-1.048581,1.124023,2.558466,-1.796957,2.654406,0.474406,2.343796,0.006735,-1.516967
1549,14323,2.040519,-2.279064,-2.658800,-0.248359,-0.031651,-3.485994,-3.275049,-0.229587,0.545351,2.015169,1.283590,0.319624
1549,14324,2.480455,-1.113719,-1.789240,3.173912,0.073195,-1.198900,-3.280495,2.773047,-0.577835,2.253811,1.333996,-1.924162
1549,14325,2.851705,-2.341587,-2.148595,2.920890,0.308051,1.882331,-4.654798,2.373474,1.108637,3.354162,1.461603,-1.261235
1549,14326,2.834471,-2.094591,-1.491892,0.412279,-1.552322,-1.147641,-1.851158,0.084676,0.487722,4.004440,0.679676,-2.553398
1549,14327,3.101358,-1.294892,-2.305986,4.546908,0.704629,-0.661832,-2.073702,2.112740,0.013214,3.550201,1.394309,-1.289978
1549,14328,3.761247,-1.286055,-2.900659,0.868446,-0.438235,-4.471286,2.015452,1.168248,1.074698,2.797263,-0.146851,-1.613291
1549,14329,3.248999,-2.787511,-1.450203,1.471457,-0.396761,0.147985,-2.594905,1.149150,0.411186,3.471794,1.170311,-2.309620
1550,14330,117.161673,-0.717175,-4.217035,-52.733431,-4.500908,-396.262014,-1.584894,180.429461,170.876556,3.324309,0.380717,-0.020094
1550,14331,241.760236,0.551754,-2.590309,197.272853,-3.168112,-838.807971,-3.175325,292.897864,50.221997,4.447505,0.106450,0.356168
1550,14332,144.040286,0.020369,-4.237564,286.426070,-3.749338,-587.994363,-3.135289,371.160518,43.080373,4.202893,0.752788,-1.623791
1550,14333,233.990727,-0.417163,-3.169411,-62.810071,-4.107312,-347.835381,-4.964150,155.619898,-54.194935,4.088346,1.801951,0.517826
1550,14334,214.957082,-0.199303,-3.606563,370.571309,-3.877259,-820.930616,-5.591040,417.171658,225.842289,3.485786,1.073136,-0.430808
1550,14335,216.307840,-0.748158,-3.390852,187.439838,-3.545522,-1263.471974,-1.773384,98.256371,71.538868,3.666201,1.225301,-0.457312
1550,14336,135.311624,0.010845,-1.463316,-93.954664,-2.625292,-130.411787,-1.484488,264.749148,166.093128,3.634915,0.293442,0.338513
1550,14337,97.696197,-0.681358,-3.311444,187.983004,-3.479509,-583.357485,-0.930865,185.002623,278.170593,4.092323,0.842844,0.534601
1550,14338,94.961816,-0.388079,-2.800181,-80.134017,-3.516470,374.682954,-2.405009,302.595327,67.593515,4.540674,0.770268,0.665575
1550,14339,121.523978,-0.725961,-1.324483,56.383006,-5.178404,-494.897549,-4.037085,82.232019,172.398094,3.942334,0.746689,1.522770
1551,14340,182.362934,-0.194906,-2.934328,499.431286,-1.498175,-756.081180,-1.658392,306.105622,-178.976583,4.114743,0.002594,0.104111
1551,14341,228.020200,-0.865203,-1.731321,211.444651,-2.035356,-597.610788,-2.482400,227.278626,86.814686,4.497645,1.286270,1.096110
1551,14342,222.384885,-0.262948,-4.738914,254.291033,-3.072981,-174.317789,-0.924688,279.287304,34.224103,4.028386,1.611408,1.903734
1551,14343,201.537251,-0.142382,-2.707416,654.219056,-3.165370,-927.220778,-1.207658,318.908129,107.445459,4.033339,0.599332,-0.055133
1551,14344,101.921163,-0.067924,-1.982552,808.717399,-3.061896,-411.290282,-1.539175,48.463084,122.926817,4.612001,0.749171,-1.478686
1551,14345,113.852463,-0.851794,-3.131009,-69.930349,-2.954228,-994.835621,-2.819010,433.796472,139.790293,5.089205,0.489347,-1.798571
1551,14346,113.528923,0.962915,-4.934170,-162.698301,-5.388223,-601.272235,-2.144121,386.076064,150.784218,3.147399,0.955372,-2.990536
1551,14347,257.962270,-0.189204,-2.577364,-285.850844,-3.033854,-1571.989570,-2.740098,244.162421,151.351020,4.614569,0.460681,-2.489131
1551,14348,167.471699,0.852092,-2.832242,419.912784,-3.235492,-1401.444444,-1.480027,335.854087,86.715665,3.939940,1.464405,0.188174
1551,14349,355.812011,1.366021,-4.137944,100.639870,-1.747909,-686.152555,-1.197824,341.735972,125.170209,4.189408,1.237182,0.280683
1552,14350,2.781525,-1.493954,-2.766175,1.003651,-0.331403,-0.469439,-5.050661,1.405101,0.547139,3.223667,1.393438,-2.947706
1552,14351,0.517880,-1.929049,-2.559951,2.164216,-0.816694,-0.693474,-1.963724,2.592443,-0.796989,3.334394,1.589823,-1.369402
1552,14352,2.757257,-1.894970,-2.220126,0.704886,-0.519165,-0.171439,-2.561538,2.898113,0.160304,3.464412,1.469059,-2.951653
1552,14353,1.122400,-0.751126,-2.428334,1.338790,-0.811612,-7.418927,-3.770853,2.306165,1.224038,2.944937,0.383062,-1.928384
1552,14354,3.186182,-2.134512,-4.034943,1.625452,-1.767045,-1.138320,-1.775531,1.834112,0.512831,3.032985,1.167759,-0.027223
1552,14355,2.976587,-0.689586,-1.694328,-0.864070,-2.059914,-1.104733,-1.570294,1.733832,1.265612,3.577310,1.676980,-1.406683
1552,14356,1.700838,-1.101675,-3.014915,0.404382,-1.763177,-2.301507,-1.321885,2.473438,0.889497,3.495627,1.135379,-1.983554
1553,14357,93.292562,0.585656,-1.253195,118.633273,-2.222110,-420.940857,-2.246468,356.753504,200.208660,3.333900,1.116807,-1.045795
1553,14358,141.595709,-0.683899,-1.454558,-218.768068,-2.764138,-1301.221088,-2.139929,283.748366,161.108890,4.033153,1.032601,-2.108426
1553,14359,148.668543,-0.377477,-2.146467,-109.551605,-2.638596,-488.843419,-2.549431,272.699496,127.223631,3.757000,0.825741,-1.394196
1553,14360,99.013117,-0.484376,-4.764578,399.781281,-2.829683,-552.080582,-3.596150,234.350381,65.712491,4.705241,-0.606797,-0.276786
1553,14361,186.909184,-0.082620,-3.344177,22.732631,-2.378517,-532.908646,-4.392826,213.214969,38.926772,2.972598,1.091732,0.413128
1553,14362,180.330289,-0.290955,-2.305956,-133.402192,-2.077854,-102.296729,-1.516190,310.404898,88.577346,3.720746,-0.305325,0.108943
1553,14363,214.812278,0.646724,-3.346734,459.693887,-1.905928,-664.811952,-2.417723,354.264508,129.302875,3.414767,1.114671,-0.229678
1553,14364,207.839693,0.730938,-2.630196,349.027000,-4.280161,79.805759,-3.164053,203.270965,125.452003,3.384231,-0.080807,1.659535
1553,14365,95.115199,0.688778,-2.464015,414.457130,-2.844668,-780.888517,-1.282518,180.049123,159.081131,5.761824,0.543225,0.069649
1553,14366,334.398470,0.108110,-1.257748,-13.659384,-2.785855,-332.181237,-0.622513,252.135126,117.255714,5.776523,0.373523,0.595678
1554,14367,2.406310,-1.277950,-1.301537,-1.332194,0.863716,-2.913137,-2.508918,3.146520,0.431788,2.951994,1.279236,-3.162117
1554,14368,2.873300,-1.883230,-1.889087,-1.595600,-1.068552,-2.797972,-3.615868,2.206432,1.831427,3.216521,1.359067,-0.138343
1554,14369,2.782962,-0.953649,-2.274256,2.552758,-0.837632,-0.587694,0.019508,1.042169,0.739940,3.471545,1.658523,0.506671
1554,14370,1.054619,-2.773954,-0.668444,-0.909177,1.684371,-4.544782,-3.471925,2.150366,0.386894,2.893239,0.864044,-1.794963
1554,14371,2.726917,-1.499437,-0.849147,2.132749,-0.652479,-1.021256,-2.241779,2.194683,1.097091,1.762349,0.408597,-3.310289
1554,14372,2.692020,-1.578578,-2.990870,2.587833,-1.218338,-4.313593,-2.689249,2.504115,0.915438,3.964012,0.910421,-0.417821
1554,14373,1.957174,-3.144040,-3.319944,0.079269,-1.384681,-3.170534,-2.173167,3.459763,0.430899,1.751506,0.663500,0.045897
1555,14374,2.170014,-2.821181,-2.593058,0.384211,-1.052858,0.987396,-0.995656,1.368641,0.636004,2.793152,0.576894,-2.141188
1555,14375,3.244593,-2.291682,-1.970623,1.483387,-1.643711,-4.700494,-1.161932,2.184775,-0.443640,3.026170,2.403517,-0.614795
1555,14376,2.555055,-2.024032,-3.023267,-2.582594,-0.033293,-4.111478,-2.914407,2.607289,0.441617,2.667793,1.179558,-2.989503
1555,14377,3.941731,-2.209722,-1.710553,3.736068,-1.163714,-1.242978,-2.609563,3.396951,1.262024,2.134134,0.423473,-1.265636
1555,14378,2.560515,-3.169878,-0.658509,2.935377,-0.514181,-0.157667,-2.202735,1.269573,-0.024999,3.971596,0.612684,-0.557565
1555,14379,2.303031,-1.858266,-1.694511,1.096817,-1.504268,2.170489,-1.120125,2.426075,0.836753,3.092345,1.576888,1.132092
1555,14380,2.823553,-2.502067,-2.167459,1.714523,-0.838577,-4.917004,-3.068841,1.781730,0.244019,3.338249,1.619754,-1.992078
1555,14381,-0.202480,-1.461733,-1.757496,0.157379,-0.333826,-0.741032,-1.845542,3.629969,-0.167994,2.992870,1.359751,0.193182
1555,14382,3.857058,-0.532873,-2.087119,0.286711,-0.181980,-1.450275,-3.855139,2.561899,-0.572177,2.044944,0.182224,-1.094236
1555,14383,2.034077,-2.848983,-2.982095,2.810664,-2.286436,-2.791776,-1.153976,2.029186,-0.472163,2.723884,1.143451,-1.498192
1556,14384,1.537467,-2.805332,-0.474372,-2.752293,-0.927448,0.021290,-2.011393,1.006004,0.085542,3.210373,0.664125,-0.456336
1556,14385,2.412312,-1.731159,-1.841228,-2.286248,-0.724125,-2.545480,-3.080875,3.117207,0.907529,3.054666,1.042299,1.086603
1556,14386,2.789473,-1.734125,-3.031493,0.834919,-0.400516,-3.042783,-0.505652,2.066038,0.066746,3.071639,0.464875,-0.870630
1556,14387,4.325486,-2.498689,-2.509001,1.094665,-1.206280,-4.862576,-0.776293,1.429076,0.486404,2.551734,0.716451,-1.526962
1556,14388,2.057807,-2.561240,-4.220816,-0.592235,-1.540988,-2.773908,-2.314778,3.333668,0.416188,2.574637,2.428127,-0.264239
1556,14389,1.587509,-2.094299,-3.254706,1.746387,0.177883,-4.876808,-1.400209,1.615842,0.062684,2.989696,1.046887,-0.609381
1556,14390,1.374583,-1.184102,-3.507763,-0.029855,-0.661371,-1.632537,-0.177366,2.060218,0.304421,2.424815,0.688353,-1.136350
1556,14391,1.029082,-1.183548,-0.497659,1.153193,-0.387899,0.012850,-2.683976,2.296700,0.218703,3.997902,0.100643,0.420316
1556,14392,2.705086,-2.610283,-2.489420,2.119727,-0.997771,-2.947066,-0.549933,2.245870,1.270706,3.086367,1.285609,-2.045639
1556,14393,0.165951,-2.727809,-1.326010,4.012074,0.638834,-3.965449,-2.256499,2.556143,-0.065468,3.794415,0.670769,1.078592
1557,14394,1.519174,-2.195811,-1.040912,1.555460,-1.153116,-3.935115,-1.502041,1.295261,-0.385714,2.702069,1.221877,0.309380
1557,14395,3.352319,-2.460570,-2.471967,0.178653,0.261796,-0.926024,-2.002790,3.034963,0.282842,1.987201,1.607145,0.675378
1557,14396,2.066378,-1.251777,0.200588,0.353477,-0.852566,-0.774274,-0.969077,2.941406,1.379528,2.585842,0.489636,-1.949260
1557,14397,2.835217,-1.769468,-2.931552,2.708269,-2.751737,-4.167367,-2.018968,1.611477,0.241042,2.456946,0.977199,-1.660758
1557,14398,3.397665,-2.798361,-1.299047,1.599715,-0.291607,-3.473929,-3.118499,2.300051,-0.291402,2.779881,1.822973,0.363547
1557,14399,1.858367,-2.023719,-1.587226,-3.213589,-0.186923,-4.845037,-2.227671,1.358362,0.397063,2.104015,0.430231,-1.077372
1557,14400,0.975085,-1.591892,0.359745,2.574071,-0.116172,-0.161256,-1.877895,2.049826,0.197483,3.508098,2.146004,-0.597452
1557,14401,4.488899,-2.514136,-1.548876,-1.106656,-0.591186,-0.189800,-2.398410,2.365096,-0.176313,2.769973,0.748297,1.856708
1557,14402,2.252006,-0.623120,-3.907124,0.331215,-0.227802,-3.817487,-3.080989,2.662022,0.593791,4.521250,0.929006,0.150757
1557,14403,1.526937,-2.058510,-1.926982,5.645598,-0.430766,-4.111405,-0.666262,3.076705,1.706425,2.571031,0.731910,0.720195
1558,14404,1.532266,-1.415609,-2.513335,-0.986028,-0.687171,-1.335598,-1.820027,2.369145,-0.235967,2.761886,0.312241,-3.140381
1558,14405,1.894829,-2.929936,-1.583477,2.586880,-0.297466,-2.074208,-1.518296,1.707768,1.210763,1.362500,0.899779,-1.922386
1558,14406,1.151049,-2.020549,-2.899143,0.058645,-0.972027,-0.819045,-4.469568,1.904771,-0.474410,3.873837,2.137547,-1.223610
1558,14407,2.228200,-2.438351,-1.827516,-0.977284,-2.108073,-1.832390,0.208609,1.841135,0.012383,2.994475,1.558883,-1.233387
1558,14408,4.051378,-2.929939,-2.228042,2.543277,-2.194121,0.412222,-0.263064,2.125454,0.879032,2.892957,0.839582,0.072991
1558,14409,0.837157,-1.208345,-2.075259,-0.143762,-0.528932,-1.786990,-2.438119,2.616796,0.358950,2.933960,2.335968,-0.718167
1558,14410,2.030165,-2.128663,-1.177244,-1.716073,-0.595666,-2.572424,-2.751461,2.801932,-0.639552,3.594136,0.466634,-2.579702
1558,14411,2.824333,-1.851682,-1.406718,-1.529140,-0.949241,-4.820479,-1.545275,1.107086,-0.265303,2.098112,0.800102,1.291135
1558,14412,2.461744,-1.964521,-3.724426,-3.030877,-0.416515,-1.349347,-2.943025,3.349684,0.297301,3.011110,0.313389,-0.311106
1558,14413,3.606999,-3.245878,-2.166924,3.085160,0.941369,-3.024002,-1.691121,1.600732,0.296918,3.515985,0.953700,-1.642242
1559,14414,5.809948,-1.193195,-3.277183,-1.137829,0.096672,-3.293235,-3.255178,3.294521,-0.028455,2.956272,1.845417,-0.303435
1559,14415,3.619460,-1.849827,-2.438862,-1.060363,-1.331330,-3.043775,-0.414524,1.464624,0.471431,3.530576,1.170917,-3.381060
1559,14416,1.991083,-1.847779,-3.854037,5.537338,-0.469610,-2.684145,-1.999321,1.828736,0.084904,3.093408,0.013767,0.163114
1559,14417,3.860539,-1.365819,-2.666264,-0.538400,-0.701132,-2.233831,-1.221390,2.320492,0.033888,3.074467,0.924421,1.719679
1559,14418,1.767914,-3.367656,-1.229063,0.643299,-1.347889,-0.474970,-4.145454,3.377769,-0.204117,2.648395,0.853328,-1.929972
1559,14419,3.231931,-2.851332,-0.492752,0.279745,-1.027456,-0.809706,-1.050428,2.902553,0.867280,2.150524,0.440683,-0.865745
1559,14420,1.801698,-3.553601,-1.681945,2.604081,-0.431312,-1.663322,-3.046204,0.563427,1.446502,3.472079,1.418239,-1.088776
1559,14421,-0.004043,-2.244438,-4.858008,0.283112,0.149802,-1.682310,-4.288385,1.238906,0.617430,2.255092,0.064017,-0.492153
1559,14422,3.331259,-1.716057,-3.308208,-1.748982,0.504085,-5.804596,-1.296083,1.447101,-0.165828,2.936408,0.715990,-2.745732
1559,14423,2.368925,-2.058246,-1.302428,-0.461738,-0.913799,-3.713927,-0.796859,1.286642,1.231257,3.982513,0.138591,-0.308380
1560,14424,1.936505,-1.434511,-2.255931,1.384343,-0.388547,-4.972533,-1.331065,1.640965,0.874530,2.554266,0.798617,-1.472567
1560,14425,2.297226,-2.918956,-0.481509,3.525083,0.247617,-1.765815,-1.149780,1.288269,0.692458,2.400481,2.379374,-0.232365
1560,14426,4.747510,-1.746627,-1.514399,2.316362,-0.664186,-3.112626,-2.859481,2.169059,0.425897,2.621389,0.160391,1.004071
1560,14427,4.315228,-1.261059,-2.042029,-0.532667,-0.937006,-3.176211,-5.412464,2.122432,0.473063,3.200780,0.617147,-0.384577
1560,14428,2.401304,-1.489557,-1.880222,-0.392563,-0.349470,-3.157473,-2.091691,1.335280,0.825061,2.805426,0.691723,-2.296812
1560,14429,2.598792,-1.642022,-1.595801,0.200803,-0.421760,-0.155087,-3.043237,2.449774,0.064550,2.630349,1.494230,-1.203153
1560,14430,1.495524,-3.002574,-1.985179,0.984586,-1.058092,-2.879770,-3.440482,2.816197,0.935980,1.993888,1.187546,-2.271401
1560,14431,4.004964,-2.677619,-0.904541,1.565626,-1.182624,-2.657379,-1.413661,1.765651,0.411608,2.453825,1.761905,-0.455861
1560,14432,2.695442,-2.270253,-3.344475,1.953402,0.047084,-2.831747,-1.351268,2.780071,1.162255,1.668526,0.149063,-0.643000
1560,14433,1.443219,-2.253844,-1.805754,1.747268,-0.811176,-3.926557,-1.252951,2.399847,1.392794,3.095583,0.790221,-2.497323
1561,14434,120.699051,-0.024525,-3.844557,82.548528,-3.701485,-214.328857,-3.096607,401.689679,114.478558,4.280720,0.032010,-0.981111
1561,14435,144.111002,0.556945,-2.635674,-82.631577,-3.461258,-604.041268,-3.039469,301.140762,173.634904,3.999004,0.162074,-0.160009
1561,14436,98.279184,-0.027761,-3.458965,386.327995,-2.579398,-489.804563,-3.517668,222.742899,8.419949,4.386093,0.271728,-0.234947
1561,14437,190.320404,0.980730,-2.553658,237.361403,-5.295524,-507.073076,-0.325992,357.507240,92.645328,4.126339,0.713351,-1.181781
1561,14438,136.670223,-0.557273,-3.430318,-65.239444,-3.183970,-1164.411696,-2.257975,245.369687,66.030732,4.495251,1.094160,-0.763845
1561,14439,175.938055,-0.363762,-4.063707,156.407072,-4.376428,-67.637096,-2.574051,274.336762,-58.669468,4.308736,-0.075886,-0.561938
1561,14440,186.606515,-0.754172,-3.937472,324.264710,-3.465386,-329.666720,-2.542305,306.663324,5.937269,4.049195,1.102824,0.641300
1561,14441,200.668585,0.422116,-1.958121,-239.068125,-2.368146,-824.737869,-2.806842,329.517085,-38.321558,4.512077,1.480898,-0.521588
1561,14442,142.507904,-0.343808,-0.493426,230.066188,-3.384337,-652.657897,0.618493,288.336424,57.223323,3.336282,1.423368,0.183444
1561,14443,220.853804,0.367897,-4.266543,340.031164,-3.771077,-1221.118187,-4.408385,147.241708,157.226806,3.766957,1.357119,0.336507
1562,14444,289.057929,-0.485661,-3.532600,-4.038909,-3.089273,-41.207835,-1.029207,390.887585,78.120576,3.847128,1.442424,-0.025627
1562,14445,109.605364,-0.511550,-2.713612,53.026456,-2.586250,-1240.456606,-0.934417,183.313084,2.641038,4.500484,1.672496,-0.394501
1562,14446,118.879627,0.732879,-2.982371,115.420068,-2.686515,-820.696276,0.070133,254.289188,175.133520,3.932563,0.469582,0.249432
1562,14447,123.610536,-0.387135,-3.996090,-176.120357,-3.499767,-1183.113783,-2.820615,198.186317,67.312338,4.017322,1.422075,-0.261302
1562,14448,152.993266,1.121031,-2.767497,-3.895314,-2.955274,-623.767265,-2.814551,103.333272,126.662746,4.727319,0.951496,-1.344606
1562,14449,196.131334,-0.416307,-0.976797,466.423999,-3.899243,-128.671458,-3.139354,256.339193,85.371038,5.217589,0.927526,0.603666
1562,14450,139.603840,-0.291795,-2.553786,346.687499,-2.833907,-756.331954,-3.988640,300.849797,229.749206,4.155265,1.378359,0.499689
1562,14451,212.420254,0.748542,-1.989223,-33.612505,-3.341409,-806.943954,-3.789435,124.699601,70.948668,4.383570,0.553561,-0.224626
1562,14452,190.100323,1.116560,-3.520402,53.542111,-2.993418,-197.709034,-2.649529,295.291356,154.988696,5.015394,0.442958,-2.612626
1562,14453,208.838291,-0.609458,-4.234876,459.796594,-2.555944,-720.908790,-1.065727,279.445411,38.137852,3.296553,1.605029,-0.928273
1563,14454,97.297501,-0.343675,-3.082680,-60.330141,-3.777973,-272.666972,-1.765207,269.953736,-74.246547,5.281615,1.302466,-0.514055
1563,14455,32.243228,-0.267193,-2.006638,-319.739105,-4.657763,-878.408062,-2.437211,226.146941,-121.819547,4.376581,1.628842,0.877240
1563,14456,160.618792,0.544170,-3.005530,50.718578,-2.716204,-80.379115,-3.253706,322.667109,127.180779,3.750940,0.444191,-0.044502
1563,14457,183.449574,-1.008674,-2.886283,-25.575896,-3.683312,-510.098589,-3.777164,381.187896,259.269304,3.331938,0.560924,-0.909930
1563,14458,374.104160,-0.155307,-1.835049,78.879159,-3.380118,-283.865494,-1.047177,202.521761,249.209057,4.568206,1.360392,-1.616488
1563,14459,105.996436,1.132558,-2.273707,123.871921,-2.925224,-284.652740,-1.966587,280.503117,36.036326,4.366736,1.687458,3.696872
1563,14460,48.766461,-0.796937,-4.731511,63.991855,-3.060091,-434.381653,-3.171214,466.597018,34.310497,3.938799,-0.096029,-0.861980
1563,14461,240.844211,-2.132230,-2.927393,111.697488,-2.659876,355.375964,-3.546479,360.109614,-20.291574,4.392053,1.202512,1.517566
1563,14462,267.059295,0.180253,-2.820378,-134.645346,-3.250528,-1092.083211,-3.439319,236.172931,216.382656,3.544423,1.267231,-0.294251
1563,14463,217.465001,-0.662716,-3.118183,51.816029,-3.660617,-719.711601,-2.324167,160.963555,-35.406525,3.890649,0.505318,1.151446
1564,14464,3.734296,-2.254839,-1.224527,-1.867690,-0.639673,-1.774372,-2.180345,0.966125,0.422475,2.267216,1.172895,-0.365917
1564,14465,2.692166,-1.202441,-4.415832,1.304934,-1.277288,-3.351022,-3.223058,2.847167,-0.373445,2.043079,0.681367,0.256356
1564,14466,3.699132,-2.068485,-2.324810,-2.051753,-0.107529,-2.722763,-2.612974,3.264869,-0.352401,2.173907,0.549875,1.681673
1564,14467,2.278579,-0.785692,-1.398094,0.953054,-1.287728,-4.283687,-0.861347,1.356411,0.557305,3.694805,0.652255,-1.400735
1564,14468,2.239631,-1.341709,-2.269229,-1.817483,0.366582,-5.093503,-2.606958,2.234831,0.211054,3.466100,0.291902,0.515662
1564,14469,3.370076,-2.375086,-1.907028,-3.179451,-0.087008,-2.417573,-0.943241,0.960645,-0.702165,1.317467,1.707393,-2.437495
1564,14470,2.258380,-1.828767,-2.397027,0.042323,-0.252504,-2.676475,-3.072454,2.284090,0.331215,2.405344,1.338627,-1.349941
1564,14471,2.339608,-2.039484,-1.959728,0.064359,-0.773295,-2.692530,-3.822105,2.887514,0.789581,3.766633,0.620318,-0.817254
1564,14472,3.535704,-1.745677,-3.940238,1.134723,-1.394145,-5.462440,-3.169792,2.641510,0.721730,2.556922,1.126548,-0.724841
1564,14473,1.263360,-2.996303,-2.984271,0.134073,-0.185742,-7.268391,-1.014903,0.517802,-0.013177,3.316115,0.994872,-0.632924
1565,14474,21.238173,0.129239,-3.168800,-351.729842,-4.095765,-607.181706,-1.282109,220.384125,112.746047,3.450512,1.149780,-0.720069
1565,14475,200.804265,0.071324,-2.057594,-111.003448,-3.234791,-1338.807532,-3.902689,269.922001,17.599315,3.710529,0.512903,0.542779
1565,14476,151.657952,0.633598,-3.829643,231.423369,-3.150353,-910.352671,-3.144527,380.469431,290.771851,4.076122,0.826212,-1.042394
1565,14477,62.943418,0.074592,-3.360262,-152.157278,-2.333145,-451.071104,-0.791942,364.395118,7.971064,4.543426,1.225210,-0.531127
1565,14478,213.098394,-0.050873,-2.880076,465.006143,-3.137753,-167.973198,-4.214180,99.018726,8.562978,3.884542,1.825222,-1.313895
1565,14479,163.133621,-0.391606,-1.780490,188.983275,-3.257963,-1157.673830,-4.125860,260.028688,76.246010,3.293069,1.128421,-0.061313
1565,14480,305.099750,0.065695,-4.149360,234.332818,-2.931253,-692.242383,-1.365300,402.415710,-35.626541,4.145417,0.706212,-1.364855
1565,14481,75.597500,-0.381523,-3.989660,282.749583,-4.069202,-1352.811908,-0.928455,321.727606,57.973462,3.431615,0.923434,-1.574568
1565,14482,62.356076,0.188777,-1.952878,-225.625312,-3.552497,-1595.964231,-3.767730,191.514545,370.916178,5.063357,0.296546,1.068454
1565,14483,354.400007,-0.120540,-2.520927,85.793904,-4.250384,-517.798426,-4.071023,340.994244,54.777862,4.531753,1.039973,1.359960
1566,14484,2.956039,-1.929259,-1.337748,0.591588,-0.165862,-6.066025,-3.315017,1.386154,0.087874,3.581653,0.436326,-0.343078
1566,14485,3.596883,-2.707069,-3.214629,3.295421,-0.114844,-3.583855,-1.304346,2.929932,-0.051804,2.221642,1.311204,-1.029989
1566,14486,2.292262,-0.444859,-2.697209,-2.164598,-0.868831,-1.621213,-0.680434,2.099401,-0.056579,1.539267,1.591384,-0.197302
1566,14487,1.388795,-3.034636,-1.517212,-0.758313,-0.520028,-2.085836,-1.485218,1.743781,0.082176,3.403427,0.881375,1.376346
1566,14488,3.878930,-2.688465,-1.621627,-1.443870,-1.011596,-0.356676,-1.686855,3.396232,0.166843,4.249524,0.019103,0.380886
1566,14489,0.691047,-2.177219,-1.525356,3.637327,0.518084,-2.603767,-2.488093,1.755226,0.207546,2.642140,1.055187,-1.282518
1566,14490,2.799213,-2.559881,-0.388544,-1.254634,-0.237184,0.501649,-1.661103,2.147951,1.709030,1.700978,0.866501,-1.446571
1566,14491,1.996338,0.217719,-1.019766,5.630048,-0.936445,-3.300159,-3.905563,1.224439,1.119066,2.548024,1.167944,-1.416854
1566,14492,1.113540,-2.881155,-1.564731,-1.958187,-0.587197,-1.064866,-3.241622,2.282734,-0.147770,2.849899,1.327986,0.401275
1566,14493,2.207306,-2.150351,-1.759079,1.174492,-1.181745,-4.676246,-2.919613,2.382012,0.151273,2.749791,0.694592,-0.600728
1567,14494,271.087655,1.226082,-2.352563,329.330967,-3.374708,-256.157210,-4.530021,185.482777,170.350570,3.785729,0.734465,1.007838
1567,14495,199.492955,-0.308808,-2.581642,232.605673,-2.815171,-489.033059,-2.050707,464.551186,-201.333563,4.750626,-0.058529,-0.366173
1567,14496,192.673176,0.767565,-2.611922,-260.923271,-4.355997,-1257.931536,-1.464062,263.844947,68.618985,4.902790,0.475048,0.045390
1567,14497,97.771176,-0.406163,-3.212083,285.483363,-3.033151,-735.729485,-5.808794,320.821088,52.770931,3.798499,1.162213,-0.162625
1567,14498,184.604068,-1.200311,-2.244452,77.771948,-3.286000,-808.373971,-2.138971,37.052110,159.669729,4.735688,0.896849,-0.081719
1567,14499,254.893097,-0.408181,-1.946439,-25.207291,-2.613297,-977.066458,-4.017305,137.857799,26.904961,4.108119,0.677716,-0.903812
1567,14500,283.257863,-0.115376,-4.175562,258.978390,-3.634582,-152.447151,-4.280370,351.649083,71.819946,3.842026,0.382190,0.439170
1567,14501,159.608430,-0.035998,-3.771293,192.025384,-3.881475,-943.365516,-2.843311,115.928151,243.094208,3.624539,0.537017,1.083516
1567,14502,103.814147,-1.312605,-2.451645,-41.236222,-2.964279,-859.402728,-4.982785,258.917244,-46.314982,4.172065,0.440016,1.060265
1567,14503,173.912086,-0.149476,-2.904752,400.628954,-4.228446,-835.763010,-0.756416,254.597120,-99.854694,3.957029,0.455206,0.874345
1568,14504,210.352109,0.637806,-0.858156,-185.551243,-4.086616,-534.411851,-1.040723,376.480168,78.659606,4.548971,0.387392,1.358363
1568,14505,99.243422,-0.081514,-3.208250,480.137551,-3.527676,-1024.353119,-3.081321,183.399063,-84.952048,3.803580,0.988480,1.205471
1568,14506,80.526075,-0.436107,-2.669902,201.991975,-3.775923,-729.548694,-3.663515,321.623117,24.820401,3.697047,0.743077,1.001485
1568,14507,108.885528,-0.830329,-3.572664,264.732642,-3.173050,-206.591477,-2.230025,221.187777,-24.864134,5.316501,1.078051,0.626817
1568,14508,133.876438,0.006692,-4.795355,-295.988580,-2.850356,-503.131248,-1.732363,383.526453,120.436119,4.242995,0.703328,-0.910332
1568,14509,184.242510,-0.107880,-3.578507,-131.748552,-3.100026,-642.648581,-0.767719,185.162525,-66.553754,3.035039,1.153939,-2.389337
1568,14510,334.682892,-0.747890,-2.592141,480.997960,-2.833046,-1089.688927,-1.331764,237.222684,127.361338,4.911064,1.303742,-0.308325
1568,14511,179.202563,-0.004614,-2.257438,30.877740,-3.100043,-502.833699,-3.211908,354.589795,-6.584890,3.781077,1.332103,-0.421049
1568,14512,146.364505,-1.512753,-3.089025,-388.739896,-3.067525,-546.409299,-2.733545,255.796357,-39.542038,4.379651,1.087470,-0.723880
1568,14513,182.642438,0.402722,-3.645394,136.836557,-2.311046,-610.762692,-1.909098,298.160034,123.370142,4.718758,0.867478,0.197290
1569,14514,171.050828,-0.018893,-3.763578,-329.450055,-2.821589,-736.207563,-1.425957,381.424993,260.973788,5.005258,0.704336,-0.590163
1569,14515,258.046999,0.754575,-1.299745,-211.388452,-4.771599,-1423.560554,-4.823851,242.985807,143.807782,4.303629,0.652343,-0.413746
1569,14516,171.892871,0.161916,-2.201832,-224.949482,-3.856401,-384.942494,-1.645104,159.777223,67.011802,3.804846,1.567825,-0.196266
1569,14517,160.530415,-0.169630,-4.391413,74.876959,-3.770482,-107.061472,-4.894652,224.324639,-103.405074,4.068509,0.916915,-0.596898
1569,14518,113.202937,-0.091111,-3.356167,102.169889,-3.487185,105.540816,-1.205763,267.297570,156.254987,4.461617,0.460966,-0.176069
1569,14519,84.338202,1.224655,-1.989663,122.822108,-4.446682,-613.811220,-2.443327,195.321767,-94.272954,4.437173,-0.104544,1.496000
1569,14520,123.397631,-0.714175,-3.581807,324.878982,-5.168328,-277.694896,-3.086929,231.084147,-110.078093,4.757313,0.894903,2.043158
1569,14521,226.234849,-0.864552,-1.387162,16.403097,-4.449215,-204.867578,-1.527939,89.938359,-26.978272,4.741693,0.334838,-0.076201
1569,14522,259.181889,0.367779,-3.131270,18.078874,-4.035802,-984.966606,-3.649302,227.644891,5.607738,4.612026,0.821733,0.825731
1569,14523,134.208253,-0.237139,-2.851695,142.954799,-2.514678,265.897356,-2.881310,194.552628,106.515045,3.002145,0.030823,-0.841666
1570,14524,0.582078,-0.067530,-2.064834,1.291145,-1.474736,-1.422152,-2.755677,3.411307,-0.012283,2.817065,1.597301,-3.343702
1570,14525,3.697276,-2.569623,-1.999672,4.158462,-2.484474,1.176109,0.195079,1.862203,-0.359827,1.661430,0.684976,-0.087678
1570,14526,2.097169,-1.721895,-3.385695,0.131256,-1.451791,-3.916356,-0.889475,0.896036,0.407082,2.782415,0.634521,-1.097452
1570,14527,2.101028,-1.229942,-1.832221,4.701750,-0.480681,-1.393963,-4.238591,2.673162,0.643244,3.583554,2.660874,-0.447033
1570,14528,2.605777,-2.058754,-3.415130,2.353281,-0.786630,1.280283,-4.014656,3.425335,-0.171672,2.524509,1.083939,-0.302789
1570,14529,3.503518,-2.122789,-0.592522,-1.216686,-1.853566,-4.652491,-2.053114,1.424922,0.906268,3.412008,0.989926,-0.790875
1570,14530,3.039947,-1.430493,-1.737588,1.474948,-1.021713,-5.127050,-2.921983,1.778015,-0.822733,3.649762,2.010947,-1.521011
1571,14531,148.659767,0.242490,-3.775213,-160.142461,-2.857090,-670.387194,-2.539851,290.623496,-69.495220,3.896231,0.628945,-2.046632
1571,14532,205.865617,0.358979,-3.779838,242.408940,-2.828226,-790.275517,-1.401446,198.406366,104.510439,5.551458,1.108472,-1.293570
1571,14533,139.394277,-1.787546,-4.001986,-375.619647,-2.329091,-657.126716,-3.818101,236.874129,-58.417100,3.600456,1.482423,-0.157236
1571,14534,203.710899,-0.984485,-1.589095,-75.210757,-4.230653,-987.029959,-3.288020,344.527807,104.522290,3.421713,1.612236,-0.650110
1571,14535,175.176193,-0.527973,-3.345944,644.321884,-3.743532,-531.583387,-3.408252,248.407954,-206.154817,5.154311,0.376486,0.780865
1571,14536,143.640593,0.008703,-3.161942,-132.266775,-3.274319,-640.426118,-1.198609,187.660055,238.252696,4.402319,1.118290,-1.072809
1571,14537,118.021422,-0.567356,-3.726658,204.810730,-4.309525,18.266986,-3.926686,183.530031,-5.848554,3.586701,1.008146,1.365307
1571,14538,58.760482,0.085575,-2.265542,70.506304,-2.920703,-829.096122,-3.088445,320.067878,143.223739,3.426110,0.924698,-0.526060
1571,14539,141.294049,-0.180142,-4.036494,150.985481,-2.347556,-588.283181,-1.768075,177.828176,59.011769,4.720694,0.195514,1.264863
1571,14540,196.451240,0.562637,-2.706510,-254.592306,-3.220889,265.327567,-3.747487,208.800498,76.168800,4.788033,0.685087,-1.511221
1572,14541,182.396584,0.938216,-2.852629,70.510631,-3.677722,-1173.941839,-1.988508,402.988494,-27.322769,4.706545,1.435771,-0.007158
1572,14542,112.462179,0.448626,-2.954432,126.879823,-3.294337,-1319.704318,-3.169113,352.132470,73.483298,4.663128,0.633230,0.479846
1572,14543,124.554629,-0.209319,-2.951996,256.269694,-2.887852,-682.934010,-2.342068,283.325492,18.979824,4.197636,0.941794,1.239880
1572,14544,210.216036,0.039873,-3.385459,84.476925,-4.525682,-649.315111,-1.829158,232.752575,54.529378,4.796650,0.665396,0.650921
1572,14545,231.331113,-0.689732,-3.933400,170.663623,-4.339097,-1030.829620,-0.976246,243.709613,23.151127,5.165874,1.237750,0.466466
1572,14546,154.614794,-0.492669,-3.662338,-112.566438,-2.924102,-557.762458,-2.943399,296.409714,-2.081658,4.491491,0.809662,1.265146
1572,14547,223.915915,0.164876,-2.483135,414.478040,-4.594530,-791.547433,-3.726636,514.809077,-124.646311,4.179559,0.642307,-2.248909
1572,14548,163.823861,-0.322183,-3.745886,-173.878976,-3.053048,69.461194,-1.459600,255.818519,128.793951,3.686834,0.989606,-1.692245
1572,14549,266.178050,-0.662727,-2.957841,238.896828,-3.687071,-470.448949,-2.849477,158.200429,224.313966,4.181674,0.199396,-0.908438
1572,14550,213.041902,0.795175,-2.416220,213.887929,-4.162513,-1348.805190,-2.352151,413.555757,119.145563,4.457228,0.364521,-1.129928
1573,14551,91.043686,1.044832,-2.885643,99.084363,-2.312217,-1079.121569,-1.429327,184.437908,-48.050678,3.866923,1.466248,1.640640
1573,14552,190.625352,0.490266,-5.115197,-90.777747,-2.586157,-874.879943,-2.012894,196.300177,25.057611,4.450681,0.631254,0.375698
1573,14553,227.368387,0.814947,-1.827294,278.671790,-2.586564,-663.657044,-3.812171,239.635263,-105.864092,3.096940,0.632667,2.021450
1573,14554,162.366283,0.253433,-1.161917,-55.352883,-3.048768,-627.764093,-3.645858,392.128178,279.289922,3.220926,1.147228,0.148665
1573,14555,172.773651,0.116279,-3.111720,191.829265,-3.532222,-605.678706,-1.279570,234.108349,-84.037293,5.003973,1.302672,0.777138
1573,14556,213.308123,-0.217624,-3.184383,-75.513124,-3.226555,-634.861176,-2.488858,244.542154,-95.769794,4.596539,0.276313,-2.349314
1573,14557,154.357186,-0.216620,-3.197067,-12.455033,-3.090623,-510.847803,-2.884842,336.417136,80.649257,4.204421,0.687144,-0.414180
1574,14558,2.362133,-1.551667,-2.148484,2.546362,-0.010276,-1.523900,-0.619812,3.020201,-0.194050,3.234165,0.968700,-0.538435
1574,14559,1.256242,-2.643782,-1.486786,1.224063,-1.328702,-1.933566,-1.904386,2.465981,0.538413,2.871809,0.474368,-0.509172
1574,14560,3.073412,-3.438336,-1.781202,-1.338490,0.002678,-1.168511,-1.044516,1.146220,1.327081,2.173983,1.348614,-1.241591
1574,14561,2.870151,-2.654503,-0.402731,-2.469316,-0.853373,-4.012351,-3.974509,2.941607,0.566383,2.892841,1.776462,-0.618137
1574,14562,2.736434,-1.751712,-1.788375,2.146069,1.093449,-1.265116,-3.823852,3.493304,0.165560,3.440173,1.010565,-1.085326
1574,14563,0.715518,-2.041827,-2.281489,1.181008,-0.791644,-2.879970,-3.050107,3.136323,-0.039757,3.391787,1.097266,-0.936523
1574,14564,3.257683,-1.480141,-1.687221,2.395450,-1.771046,-1.329041,-3.937786,2.430928,-0.180023,2.209699,1.562680,1.198060
1575,14565,158.282823,0.086103,-3.668439,-198.151806,-3.648619,-929.246155,-0.174461,251.669442,-57.975860,4.034305,0.324493,-0.618817
1575,14566,108.645395,-0.370101,-3.318248,-158.177210,-3.995338,-384.779718,-1.883552,434.868681,54.210875,3.528896,1.278491,1.944399
1575,14567,248.635264,-0.445274,-1.948334,235.381659,-3.393871,-1327.751005,-2.163714,223.855105,130.411268,3.413957,1.929432,2.129770
1575,14568,170.451384,-0.243558,-5.403966,-219.808906,-3.741692,-600.723766,-3.190462,332.480729,185.960923,3.897324,1.830817,-0.001880
1575,14569,151.444847,-0.391205,-1.286898,221.952893,-4.003635,-619.432767,0.962512,282.222627,40.685019,3.683962,0.471355,-1.781900
1575,14570,188.718556,-1.309516,-1.058443,341.363804,-2.981221,-1049.759502,-0.863412,-16.886184,190.840439,3.456940,1.388731,1.301656
1575,14571,237.640858,-0.949629,-1.289946,79.272525,-3.681609,-568.645482,-1.448171,199.668732,115.666466,4.738771,1.461512,1.546657
1575,14572,230.963039,-0.642462,-3.463475,335.955729,-4.021019,-865.172046,-1.197002,262.121977,44.680544,4.795817,1.556327,1.400490
1575,14573,123.705892,0.488449,-2.954920,-179.014492,-2.916861,-326.658573,-2.371318,277.975872,404.827418,5.105839,1.629216,3.135743
1575,14574,112.847476,-0.819291,-3.923387,223.342745,-2.944492,-76.651518,-3.719273,78.260994,-74.490047,3.944151,0.678520,0.050232
1576,14575,2.796265,-2.025099,-2.828626,0.325253,-1.320581,-3.453238,-0.572332,3.314841,0.757035,3.739941,0.962614,-0.738635
1576,14576,2.418561,-1.591491,-2.075767,0.735684,-0.758317,-1.463392,-1.154670,2.783925,0.879484,2.580115,1.131968,-1.299903
1576,14577,3.502206,-2.276052,-1.319629,1.192107,-1.344711,-2.280867,-1.854741,3.642468,0.218398,2.396015,0.229993,0.552340
1576,14578,3.138510,-2.902960,-0.266464,0.050961,-0.299292,-1.075572,-2.228299,2.469738,0.460504,3.307313,1.197365,-0.945510
1576,14579,1.687676,-0.925521,-3.210589,2.057679,-0.205181,0.902227,-1.410498,2.133096,1.363113,3.303484,1.056058,-2.269454
1576,14580,3.056206,-2.616580,-1.811794,0.884818,0.476642,-0.392463,-3.948374,0.779888,0.182966,1.786969,1.047442,0.325605
1576,14581,3.198584,-1.722231,-1.567802,2.254076,-1.044770,-1.443786,-1.485477,2.211596,1.102666,3.280792,1.454448,-3.201626
1577,14582,194.092447,-0.206310,-2.930460,38.395881,-3.429923,-619.587658,-2.329725,132.864704,-52.445490,4.086736,0.426664,-0.099558
1577,14583,185.243610,0.001318,-3.343944,124.911159,-3.489327,-275.423710,-6.738264,357.817663,135.155408,4.019834,0.824790,0.668965
1577,14584,150.159559,-0.321362,-3.375805,307.685946,-4.139203,64.903120,-1.583709,336.806242,-45.314526,3.778993,0.986641,-0.139996
1577,14585,152.641391,-0.573546,-4.865143,274.158683,-3.494350,-884.554334,-3.659347,333.919842,189.389538,4.662654,1.224978,0.135117
1577,14586,225.120766,-0.573612,-3.151775,326.112535,-2.607061,-42.653183,-0.943805,120.964771,67.283549,4.269819,-0.824884,0.084362
1577,14587,52.162284,0.947404,-1.856244,247.834656,-2.242530,-835.653599,-1.368403,238.728150,140.569060,3.618441,0.848567,-0.880837
1577,14588,57.536723,-0.834182,-2.845182,310.078139,-1.823361,-1341.267997,-0.383979,110.325384,0.536093,3.464174,0.820477,0.035125
1578,14589,2.996342,-1.422799,-2.683715,1.209793,-0.608792,-5.367141,-2.378492,1.680319,0.415165,2.842580,1.687637,0.039562
1578,14590,2.565971,-2.776860,-1.309975,1.331134,-0.334725,-2.294918,-2.343169,0.520839,0.508770,3.081383,1.997608,-1.799411
1578,14591,1.725350,-2.285221,-0.802817,3.000388,-0.299014,-2.712598,-0.288259,2.649415,0.832608,2.730527,1.162948,-1.148560
1578,14592,3.646411,-2.161050,-2.453497,-1.218646,-0.655099,0.423329,-5.386001,1.613875,1.513718,4.129451,1.694731,-0.921809
1578,14593,3.381422,-2.264958,-2.771888,0.762117,-0.612352,-4.770421,-2.823128,2.025310,0.863997,2.425692,0.822560,-1.332181
1578,14594,1.623637,-1.941799,-1.434701,0.011376,-2.167690,-0.621104,-1.746532,3.480435,0.177868,2.701030,2.027835,-1.348377
1578,14595,0.946217,-2.392516,-1.518663,-0.569159,-0.306577,-2.457997,-1.618409,0.960697,-0.912105,2.769893,1.466203,-2.341630
1578,14596,3.724030,-1.323098,-2.080890,1.358800,-0.095849,-2.002149,-4.175504,1.803031,-0.690366,3.409144,1.921793,-3.363291
1578,14597,3.485281,-1.691785,-3.856500,-2.573684,1.045996,-0.947349,-3.293523,2.047387,0.184560,1.385740,0.489152,-1.012508
1578,14598,3.381448,-3.284278,-1.035093,0.278362,-1.387086,-0.891463,-2.861479,2.537336,-0.137415,3.031191,0.507781,-2.304630
1579,14599,0.696479,-1.487185,-1.363231,0.311744,0.199176,-3.912769,-0.281712,2.011400,0.425657,2.407307,1.698146,0.696430
1579,14600,2.943554,-1.733907,-2.356256,1.534127,-1.315794,-3.721487,-0.767631,2.407220,0.306987,2.711792,1.481241,-1.643352
1579,14601,2.885720,-3.023603,-2.135350,-1.474004,-1.152266,-1.919202,-3.214342,2.133836,1.052903,3.410998,0.523420,-1.678490
1579,14602,2.874437,-3.169285,-2.361610,-0.730984,0.744802,-0.616950,-4.012678,2.733869,0.076101,4.191713,1.563575,-2.531308
1579,14603,1.347494,-0.861720,-3.568013,0.343687,-1.927743,-4.254133,-1.093119,3.256120,2.135241,2.758033,0.962664,-3.904779
1579,14604,2.609673,-1.700945,-2.286129,1.732168,0.506261,-3.125875,-3.719161,2.202681,0.743588,3.294401,0.434345,-2.416492
1579,14605,2.844220,-1.192217,-1.780484,-0.386251,-1.261324,-3.991475,-4.459660,1.999658,1.194434,3.113851,0.172907,-1.619267
1579,14606,2.416683,-3.486486,-1.902252,1.292917,-0.260939,-4.993667,-1.310490,3.382778,1.109421,3.348865,0.137166,0.092624
1579,14607,3.340524,-2.600758,-3.165105,-0.308081,-0.782871,-2.991021,-1.057213,3.407737,0.049231,2.562110,0.822958,-2.377029
1579,14608,1.882146,-2.565575,-2.259258,-1.121871,0.964948,-2.377271,-0.631953,0.113678,-0.182726,2.962402,2.105650,-0.908946
1580,14609,3.147920,-2.710649,-2.479539,0.555301,-1.211709,-2.315105,-1.289200,2.139734,1.276048,2.004208,0.796202,-0.965578
1580,14610,2.818092,-2.302702,-0.853734,-1.810667,-0.265986,-4.175300,-3.158199,3.045952,0.952681,3.009356,1.331480,0.367486
1580,14611,2.083869,-2.889674,-2.481205,1.798543,-1.206505,-0.063724,-3.457588,3.855997,-0.169847,2.800149,1.468543,-0.560087
1580,14612,1.296856,-1.264417,-1.499727,-1.735015,0.673810,1.200304,-0.822038,1.732117,-0.578679,2.630874,0.201709,-1.105872
1580,14613,2.467636,-1.760312,-2.987551,-0.195722,-0.095548,-0.468411,-2.448496,2.058328,0.422729,3.612513,1.571258,-0.778772
1580,14614,3.459629,-2.239302,-1.523112,2.089767,-0.051056,-3.813923,-2.002165,2.276161,0.926332,2.479168,0.712389,-0.676283
1580,14615,2.503397,-2.677736,-3.294981,1.942842,-1.335282,-4.052889,-1.177529,3.070763,0.282375,3.333757,0.973337,-2.332696
1580,14616,2.833259,-2.550510,-1.751985,1.963042,-0.494525,-4.918509,-2.508985,1.815795,0.090367,2.278955,1.846519,0.597123
1580,14617,2.639999,-1.917447,-1.139109,-0.792364,1.194156,-4.679558,0.382394,0.801731,0.185464,2.723691,1.772339,-1.944316
1580,14618,2.705907,-1.507049,-1.921244,0.347702,-0.428880,-3.110954,-2.731746,2.893340,0.734380,3.700290,1.983487,-2.256012
1581,14619,107.803987,-1.143889,-2.786463,522.734918,-2.332285,-1081.060627,0.181087,393.876277,243.818252,3.393897,0.636115,-0.487439
1581,14620,309.319245,0.218230,-3.528025,157.483336,-3.493693,-31.656812,0.092794,369.495002,150.830617,4.440102,0.911608,-0.639204
1581,14621,236.714824,-1.516709,-2.585855,-36.875315,-3.936938,-369.294559,-0.942134,47.136615,287.209860,4.611592,1.500930,-0.474022
1581,14622,214.052981,-0.542890,-2.432934,85.353168,-2.143263,7.841005,-2.304804,339.227292,-10.130593,4.539264,0.737550,-1.081597
1581,14623,113.254602,0.212162,-2.416873,-177.069150,-4.263291,-841.918730,-3.034339,433.608731,24.142139,3.690044,0.218092,0.423275
1581,14624,169.799950,-0.913867,-3.431106,157.738852,-4.148369,-523.398400,-1.447708,283.588604,-3.641953,3.558903,0.806016,0.218493
1581,14625,180.845660,1.217269,-4.117712,107.713102,-3.661051,-499.993228,-3.584659,233.320084,148.592499,4.276195,1.815437,-0.956649
1581,14626,228.655454,-0.810568,-2.004252,-89.126174,-2.532764,-1252.082449,-4.714106,215.020891,40.187947,4.369944,0.333535,-0.133613
1581,14627,255.356831,-0.357150,-4.356922,119.514399,-3.162896,-796.614696,-2.549799,517.132406,-60.078126,3.377852,2.751030,-0.435091
1581,14628,127.151604,0.470190,-3.004434,-217.771251,-3.554371,-1006.096203,-2.947840,372.547120,306.315116,3.841131,0.705403,0.542350
1582,14629,2.703120,-1.394614,-2.838405,-1.945388,-0.390954,-1.573690,-1.352168,3.323005,1.153870,3.744992,1.712922,-3.673260
1582,14630,4.431036,-1.854627,-3.707286,0.309271,0.482360,-1.692280,-2.104922,1.975145,0.723247,2.412470,0.415190,-2.549997
1582,14631,1.902300,-1.979202,-3.097319,-0.029384,-1.218205,-4.936314,-3.294336,2.856520,1.738774,2.683439,0.859046,-1.680307
1582,14632,2.867806,-1.881988,-3.736108,-0.971600,-0.914295,-0.786094,-2.328237,2.689101,0.806104,3.714182,1.163634,-1.721797
1582,14633,2.538988,-2.818362,-2.176301,3.918520,-0.737785,-5.233761,-1.166284,2.436959,-0.182735,3.564250,1.385057,0.010614
1582,14634,3.268395,-2.874265,-2.808436,0.803947,0.820610,0.070344,-1.868557,1.469153,0.508400,3.780195,0.848368,-0.573325
1582,14635,3.328758,-1.175123,-2.063648,-0.590876,0.115657,3.529174,-1.817985,1.451404,-0.746993,2.896474,1.265006,-0.606866
1583,14636,228.364306,-0.491555,-3.962834,-38.079785,-4.830443,180.042781,-2.720045,304.124807,120.145185,4.233841,0.586151,3.068934
1583,14637,144.672587,0.103283,-3.490423,381.355427,-4.540597,-1138.827893,-3.080398,223.715570,252.413049,4.155405,0.153665,1.289708
1583,14638,183.325824,-0.049577,-3.693289,-181.114392,-3.321068,-817.085127,-4.280532,251.074446,-64.597307,4.883641,0.594814,0.799774
1583,14639,123.647967,0.122110,-2.661209,5.489397,-2.708100,-346.888446,-2.405766,252.143036,-81.630032,4.819815,0.051121,-0.363971
1583,14640,149.002808,-0.174747,-3.085415,-97.215776,-4.342631,-250.490702,-1.621332,241.105189,279.624269,4.366188,0.672768,-0.554400
1583,14641,237.857674,-0.495429,-3.909007,-201.129186,-3.314381,-236.644303,-1.883147,238.126853,150.917340,5.065230,0.664270,-0.693364
1583,14642,275.890439,-0.154174,-3.039053,188.393021,-3.020473,-517.305058,-0.407539,256.921673,121.657059,4.630435,0.821265,-3.007160
1583,14643,216.045643,0.284456,-2.726215,98.977983,-2.104983,-319.827744,-2.095892,202.766746,57.166360,3.726018,1.112729,-2.271182
1583,14644,193.996662,1.004200,-2.619992,-498.257722,-2.533673,-753.016862,-0.528533,357.740513,-12.090644,4.600200,1.123833,0.631479
1583,14645,130.407364,-1.331060,-1.265524,-20.892123,-2.981057,-501.526613,-2.757460,173.225731,-24.116527,3.952716,0.451403,0.662902
1584,14646,1.524802,-2.330240,-2.862616,1.614319,1.506610,-2.494488,-2.073896,2.807116,0.341178,3.262079,0.737971,-1.186328
1584,14647,2.617705,-0.995641,-3.661416,0.962074,-0.036430,-2.293794,-0.496483,1.315670,1.047575,2.723893,1.232824,-0.135196
1584,14648,1.774236,-2.976387,-2.760571,2.987744,0.441051,-5.234595,0.106479,1.220278,0.588235,3.192540,0.895019,-1.258577
1584,14649,2.243921,-2.885399,-0.765542,0.462917,-1.417999,-3.754107,-3.703333,1.353333,-1.290471,2.670970,0.735610,0.763161
1584,14650,2.373851,-2.488645,-1.679951,1.896197,-1.059874,-4.578212,-1.208148,1.915484,1.413427,2.182694,-0.067003,0.568594
1584,14651,2.238467,-1.721958,-1.285948,1.936458,-1.983765,-4.324357,-3.823612,2.006138,0.441150,2.899550,0.477340,-2.992980
1584,14652,2.475331,-2.205833,-0.749367,-2.210658,-1.905758,-0.133514,-2.632682,1.786318,1.192496,3.440643,1.672814,-1.330078
1585,14653,2.863031,-0.599457,-2.940499,0.720981,0.441375,-2.639253,-2.840734,2.079701,0.741735,2.734863,1.331639,-1.398444
1585,14654,2.557247,-1.345840,-1.092988,1.192243,0.012499,-1.375597,-2.061849,2.324770,-0.656730,3.269224,1.449293,0.105305
1585,14655,1.643420,-2.108663,-2.624580,4.277319,0.513727,-3.347407,-3.638086,2.655243,0.752085,3.086378,-0.194213,-0.839832
1585,14656,1.765087,-1.470177,-1.322894,1.603846,-1.263794,-1.153175,-2.111966,3.427295,-0.164432,2.669885,1.940944,-1.806136
1585,14657,0.989908,-1.445067,-1.472439,-0.223009,-0.668201,-0.876446,-4.438185,0.230996,1.871776,2.009982,0.405589,-1.917062
1585,14658,3.579399,-2.254541,-2.207384,3.633472,-0.602946,-4.133673,-2.062582,3.131925,1.132955,3.321498,0.171598,-1.636706
1585,14659,3.611632,-1.099338,-3.067048,1.005305,-0.014746,-0.745838,-3.293631,2.889746,1.113557,3.111692,0.912609,-1.214717
1585,14660,1.999738,-2.705341,-1.008327,-0.531743,-0.983605,-5.997559,-2.322622,1.242209,-0.226527,2.918162,1.419120,-3.571081
1585,14661,1.506888,-2.409774,-2.345974,1.798048,0.176154,-2.124549,0.634711,3.771996,0.245751,2.225160,0.651286,-2.648394
1585,14662,3.234472,-2.673279,-1.843389,0.855978,-0.882217,-0.164065,-0.609812,3.492266,0.901054,2.312445,1.519793,-1.792543
1586,14663,201.087755,-0.328664,-1.719135,242.885208,-4.737488,-324.294098,-4.079230,455.466005,-42.898455,4.905845,0.655677,0.604620
1586,14664,264.455874,-0.246208,-2.117554,-129.750992,-3.194419,-58.064078,-1.954491,129.338650,151.224178,4.326072,0.578986,1.852699
1586,14665,116.941697,0.077886,-3.834488,388.748151,-3.901353,-290.227381,-1.875326,169.538800,161.983905,4.701039,0.234203,-0.603906
1586,14666,207.341221,0.068981,-1.474133,335.371489,-3.073113,-1018.233381,-1.870386,258.225473,182.861279,4.780916,0.789176,0.604471
1586,14667,275.392135,-0.258925,-2.220223,60.660082,-3.470914,-9.120710,-0.781574,209.338094,94.173132,4.074592,1.989567,-2.067491
1586,14668,154.170128,-0.228471,-3.856473,-17.686130,-3.271423,-992.080738,-0.435451,79.682860,184.715172,4.144539,0.719618,0.109522
1586,14669,190.790394,0.537720,-3.237222,429.232040,-2.952237,-655.683288,-1.862725,440.761628,162.942982,4.666074,0.452567,0.670213
1587,14670,96.583478,-1.065100,-3.095166,-193.555573,-5.321025,-896.982857,-0.500777,365.047971,75.267310,3.982011,0.809091,0.191183
1587,14671,197.908004,-0.434301,-3.131396,135.712510,-5.215873,-1543.128036,-2.372474,188.390809,-5.673887,5.407791,0.802432,1.067263
1587,14672,206.648508,0.898773,-3.406920,202.210817,-2.962771,-441.633373,-4.845379,368.646645,245.821756,3.649825,0.685468,-0.796343
1587,14673,158.622264,-1.164095,-3.765694,-167.745346,-3.445465,-779.661937,-4.909049,330.792428,146.743463,3.720300,0.872616,-0.226482
1587,14674,223.475959,-0.441548,-3.455666,42.462059,-3.471555,170.723712,-3.715407,162.825055,-79.389785,3.638199,0.471084,-0.798877
1587,14675,237.096546,-0.536131,-4.058452,285.558370,-3.049767,-454.309111,-3.055190,154.592535,95.456544,3.734357,0.190724,-0.284030
1587,14676,64.388623,-0.078432,-2.871943,-151.943966,-2.226590,-192.457903,-4.714947,225.532760,179.359795,3.060559,1.451584,-1.004165
1588,14677,4.080251,-1.627947,-1.592252,-1.619710,-0.160847,-1.704313,-4.083092,2.423114,0.834014,3.295445,0.404623,0.142410
1588,14678,2.202330,-1.777000,-2.039666,-2.769597,-0.444124,-2.326871,-3.106612,0.904360,1.172257,2.578987,1.669506,-1.856935
1588,14679,1.040420,-2.153601,-1.317128,1.871986,-1.122593,-3.774076,-2.232625,1.422480,-0.353513,3.817777,0.909439,-0.067741
1588,14680,2.507187,-1.261263,-2.512033,-0.488533,-1.625540,-1.879618,-3.413061,1.056358,0.445492,2.624432,1.372058,-3.519011
1588,14681,2.412847,-2.282911,-2.169928,-1.665147,-0.775104,-0.770904,-2.434003,0.957591,0.674972,2.862048,2.199875,-2.657083
1588,14682,3.105518,-1.110252,-1.300563,-1.422306,-2.243780,-3.276998,-2.884878,1.922188,-0.023397,3.590610,1.501459,-0.530638
1588,14683,1.159828,-1.957022,-3.327680,1.828833,-0.806175,-3.699186,-0.755133,2.083621,0.731577,3.529440,1.907355,-0.488885
1588,14684,2.989947,-1.712198,-2.217561,-0.333014,-1.034518,-2.099322,-2.248710,2.497351,-0.416950,2.807720,0.669268,-1.694453
1588,14685,2.849989,-1.781467,-3.786074,-0.806006,-1.536515,-2.022819,-3.356461,1.600271,0.391971,2.666369,1.178548,-2.349404
1588,14686,3.212630,-1.558039,-2.529231,-2.135288,-0.873136,-1.055187,-0.795156,3.426446,-0.367496,2.533609,1.225033,-0.234489
1589,14687,2.486594,-2.607657,-3.099716,2.172075,-0.587864,-3.000533,-4.650552,1.822351,0.623066,3.109331,0.648397,-1.528847
1589,14688,2.387014,-1.792804,-1.238838,-1.659079,-0.444132,-4.605016,-2.336011,2.567415,0.124120,2.651622,2.063223,-3.617003
1589,14689,2.360507,-0.243970,-0.516584,2.741233,0.196309,-2.834372,-3.537278,1.285360,0.753472,3.799088,0.481277,-1.545304
1589,14690,1.494559,-2.107869,-2.949919,1.396728,1.122363,-2.464770,-1.590013,1.925989,-0.121960,3.860439,2.616273,2.583373
1589,14691,1.628020,-1.748974,-2.562490,1.000222,-1.296271,-5.340824,-4.903971,2.227417,-0.475770,3.034526,-0.255902,-2.086012
1589,14692,1.286750,-2.591737,-4.491353,0.453541,0.542653,-3.056115,-3.205310,4.815872,0.173269,2.744406,1.745863,-1.048462
1589,14693,2.304601,-2.375985,-2.379626,0.664670,-1.372133,-0.885249,1.684924,1.235009,0.035382,3.613930,0.925243,-3.111752
1590,14694,333.495877,-0.377374,-1.703545,298.251150,-2.984745,-397.946436,-1.777652,379.905886,134.075042,4.573164,0.507388,-0.918075
1590,14695,257.521557,0.224019,-4.657989,-121.087354,-4.828047,-142.519460,-3.491640,107.368561,221.214151,4.624103,1.223480,1.309192
1590,14696,199.417040,-0.120503,-4.322725,74.552130,-3.311835,-112.486620,-0.128612,443.896073,-120.266255,5.065554,0.932323,1.643410
1590,14697,204.266605,-0.392658,-2.120488,-91.791075,-2.870975,-704.955688,-3.544874,336.546516,-41.542242,3.868238,0.515958,-1.043404
1590,14698,227.677751,0.009252,-4.888833,11.778915,-3.141554,-369.568659,-3.718641,239.595341,215.417674,5.128622,1.009591,1.721830
1590,14699,109.224370,-0.162355,-3.262628,94.411643,-3.539718,-758.371770,-2.227768,292.381566,253.509939,4.733156,0.429075,1.554978
1590,14700,214.993972,0.350344,-3.539274,67.583910,-2.604620,-477.237221,-1.827892,137.665633,267.234193,4.166381,0.811065,0.144738
1590,14701,167.731492,-0.856521,-2.559502,96.912195,-4.464727,-52.320017,-2.319947,286.804168,170.209490,3.902717,2.140743,0.724418
1590,14702,132.530707,-0.811599,-1.934397,56.794544,-2.359844,-616.319354,-2.761963,336.041931,-103.121742,4.215320,0.160999,0.135382
1590,14703,136.879409,0.386255,-3.121889,127.007298,-3.027654,-738.619827,-1.688921,213.493009,400.898133,4.313414,0.319523,-1.196662
1591,14704,4.760909,-3.132944,-4.503780,-2.425230,-0.553792,-0.663593,-2.142890,2.767171,-0.354884,2.162043,0.472808,-0.484904
1591,14705,3.629910,-3.069208,-3.479754,1.563564,0.644090,-3.913859,-2.643232,2.400163,-0.222037,2.809056,1.568603,-1.100450
1591,14706,2.892124,-2.177822,-3.532822,-0.809769,-0.323858,-2.910977,-2.073838,1.915552,0.980250,3.506529,0.444431,0.647040
1591,14707,2.348364,-2.931945,-0.829641,1.154832,-1.873506,-2.443626,-3.046410,1.355756,0.295818,2.756706,1.170175,-1.086980
1591,14708,4.633467,-2.065595,-3.931224,1.338261,-1.714425,-4.550406,-4.318445,1.967689,0.892890,2.284517,1.351705,-1.779486
1591,14709,0.487291,-2.447351,-1.158600,-1.351592,0.850027,-2.709996,-4.198628,2.254241,0.393891,3.312967,1.209853,-2.656161
1591,14710,2.151153,-3.448809,-3.744935,-2.246195,0.428739,-3.414153,-3.133058,0.504562,-0.407661,3.656954,1.531182,-2.363098
1591,14711,1.008634,-2.606395,-1.589517,0.156200,0.377265,-5.321592,-3.675020,2.723167,0.169782,2.798052,0.645589,-0.869114
1591,14712,3.220555,-2.276933,-3.487019,0.199790,0.619023,-2.033186,-2.550725,1.874449,1.262188,2.833323,-0.246381,-2.311352
1591,14713,0.627250,-2.323183,-3.072331,2.863829,0.517802,-4.976351,-2.382303,1.308874,1.004748,3.011434,1.348842,1.069090
1592,14714,2.814771,-0.277054,-1.276499,3.776529,0.839797,-2.854575,-1.976156,4.106893,0.126433,3.166085,0.561306,-1.159123
1592,14715,1.943586,-2.618053,-1.027468,1.659931,-0.826164,-1.707672,-1.253155,1.519440,0.280015,3.057723,0.854411,-0.855990
1592,14716,0.670947,-0.516391,-1.800957,1.456653,1.924116,-2.076860,-3.503453,3.270428,1.123967,3.704963,1.253794,-2.098710
1592,14717,3.464126,-1.123396,-2.016112,3.014693,-2.140670,-0.497617,-2.905550,0.839256,0.288466,2.550272,1.009669,-0.606815
1592,14718,3.315451,-1.902417,-2.387627,0.049139,-0.951484,-2.776304,-1.204346,1.419103,0.280712,2.819477,1.269827,0.922673
1592,14719,1.747814,-0.183292,-3.418937,0.633039,0.357310,-5.138786,-4.093499,3.476007,1.146751,2.840590,0.901825,-1.308885
1592,14720,2.050256,-3.436736,-3.630085,0.843921,0.724081,-3.314820,-1.041520,2.409529,0.479662,2.223751,1.376890,-1.136031
1593,14721,0.592271,-1.863856,-3.392267,0.516139,-1.190873,-3.951874,-1.841936,3.046101,0.635160,2.820154,0.994581,-0.184369
1593,14722,2.624688,-1.044944,-0.763323,-0.291983,-1.086929,-1.027121,-4.886779,2.977410,-0.799457,3.497806,1.307089,-2.638524
1593,14723,2.966617,-1.203093,-0.411713,1.062241,-1.046685,-4.946140,-3.305598,2.499283,0.360807,3.779642,0.976984,-1.283586
1593,14724,1.350428,-1.655998,-2.453267,0.393662,-2.456816,-3.307945,-3.164069,2.729692,0.743800,3.266012,0.529784,-2.225213
1593,14725,3.686119,-2.802152,-1.431118,1.900679,-1.944391,0.722408,-1.802735,2.577061,0.943700,2.803163,0.783277,-1.182824
1593,14726,1.969042,-0.643772,-0.828366,0.363583,-1.514949,-5.348635,-4.328938,2.796558,1.174237,2.817261,0.639863,-2.306486
1593,14727,2.480085,-1.628498,-1.520313,-1.000614,-0.124317,-0.784141,-2.140022,2.289859,0.193190,2.655405,1.313512,-3.826031
1593,14728,2.114433,-2.456540,-2.266050,-2.285259,-1.113189,-1.809704,-2.982889,3.271769,1.122909,2.239238,0.909405,-3.294567
1593,14729,1.964982,-2.188962,-1.635859,-2.009123,-0.630909,-0.378699,0.066674,2.792614,-0.563756,3.258521,0.394476,2.303383
1593,14730,3.853648,-1.277749,-3.489753,-0.819467,-0.901119,-1.014679,-1.709322,3.695664,1.098205,2.955408,0.749378,-0.759459
1594,14731,225.999617,-0.492349,-1.497806,-65.884052,-4.739270,-822.614856,-2.551080,122.512909,167.890021,3.966082,1.168698,-0.132246
1594,14732,177.198082,0.297699,-2.160959,245.842831,-4.164019,-972.737283,-1.062476,102.305694,161.140359,3.132045,0.736034,-0.502912
1594,14733,237.349721,-0.490551,-1.706190,108.023821,-2.354137,-845.100048,-3.983005,210.261210,50.739493,4.034031,1.541922,-1.572761
1594,14734,303.655758,-0.496794,-2.230783,-138.099421,-1.942529,-801.850601,-3.228227,294.804180,73.689838,4.308162,0.599404,-0.662928
1594,14735,258.307612,-0.394535,-3.459887,-86.790829,-4.388073,-263.779385,-1.405075,-43.931586,239.445604,4.252022,0.421333,0.181698
1594,14736,151.804238,0.098085,-3.057290,-41.894274,-3.619165,-317.417211,-1.800052,301.901730,38.555855,4.167739,0.349327,0.273753
1594,14737,183.996200,0.545970,-1.959354,-129.820766,-1.992803,-37.417212,-2.795592,334.321624,130.146127,3.526402,-0.785305,-0.356088
1594,14738,78.357479,-0.816854,-2.919182,242.634121,-3.100853,-960.415185,-2.241766,331.287307,211.548170,4.997191,0.923633,1.049106
1594,14739,240.865500,1.481624,-2.950083,44.868168,-3.409020,-284.942865,-4.230240,272.268181,-48.328860,3.879989,0.390537,-2.016958
1594,14740,-50.011255,-0.165018,-2.163761,-124.167298,-3.045146,-149.402899,-1.632514,355.892829,180.565736,3.314345,0.056312,0.039417
1595,14741,2.407003,-2.575789,-2.222917,3.718179,0.549118,-4.042332,-2.361034,2.480083,1.482569,2.831533,0.563396,-2.300252
1595,14742,1.679069,-2.090691,-2.344584,1.240842,-0.501490,-3.224992,-3.183553,2.561319,1.403154,2.960677,0.866594,-0.791007
1595,14743,2.782388,-1.538679,-2.712698,-0.738999,-0.365859,-2.779309,-2.298685,1.337054,0.340219,1.529794,0.815168,-2.136452
1595,14744,1.600378,-1.521135,-1.579075,4.664776,-1.961352,-2.731532,-0.385977,2.965362,-0.574016,2.087337,1.386374,-1.913774
1595,14745,1.996731,-1.818237,-3.290406,-1.772604,-1.143206,-1.215353,-2.651876,1.771299,0.024720,2.630619,0.604027,-1.521289
1595,14746,2.825294,-1.078001,-1.616082,0.915294,-0.304455,-3.959321,-3.230804,2.934880,-0.840125,2.468978,1.190834,-1.998294
1595,14747,3.790710,-1.088869,-2.759390,1.769873,0.106839,-0.839698,-1.401944,1.256037,0.588749,2.424368,0.834488,-0.988271
1596,14748,1.808622,-2.673201,-1.573376,0.874030,-0.830069,-2.818604,-2.059226,1.466226,-0.025208,4.178212,1.781547,-0.480824
1596,14749,2.588433,-1.922978,-1.250187,0.718068,-1.132489,-3.938998,-1.346778,3.457919,0.542402,3.367555,1.097257,0.747880
1596,14750,1.926685,-1.375472,-0.700773,-0.543961,-0.571104,-4.055243,-2.018724,2.531653,-0.092744,2.241794,1.676148,-0.703169
1596,14751,2.928303,-1.850537,-0.867785,0.679569,-1.998553,-3.181072,-3.863096,2.340268,0.407858,2.884254,0.970936,-2.223377
