query_id,doc_id,f0,f1,f2,f3,f4,f5,f6,f7,f8,f9,f10,f11
0,0,2.765285,-0.539436,-1.375863,1.291958,-2.494731,-2.536131,-0.350573,1.174313,0.122720,3.458529,2.137345,-1.965490
0,1,1.041312,-0.748866,-1.442243,3.812261,-0.253609,-1.428354,-1.868643,2.007001,-0.112909,2.452356,0.604061,-1.815849
0,2,2.320039,-1.386779,-2.754551,-0.979662,-0.247046,-4.014417,-2.440964,1.947519,0.724346,3.946524,1.700170,-1.476581
0,3,2.619382,-1.388392,-1.731972,-1.640944,-0.760292,1.932642,-2.850117,1.742623,0.027011,2.494355,0.816930,-1.702651
0,4,5.008175,-2.307806,-2.416166,0.662337,-0.463417,-4.187993,-3.294262,1.267182,-0.363948,2.566962,0.287031,-0.033164
0,5,3.329501,-2.144352,-1.256854,1.696069,-0.141790,-2.710720,-1.673437,2.674417,0.057789,2.186318,1.102999,-3.484434
0,6,3.420633,-3.334145,-2.315187,0.141099,0.143974,-0.369080,-1.625432,2.271200,0.436479,1.334474,0.843133,-3.644614
0,7,2.221206,-0.756985,-2.390341,0.911290,0.758640,-4.503644,-4.750804,2.419506,0.378874,2.160671,1.098875,0.191672
0,8,2.443199,-1.998511,-1.439426,1.250782,0.068248,-2.680374,-2.459649,1.685534,-0.166919,2.990623,1.385410,0.555325
0,9,3.143246,-2.667213,-2.429737,1.613297,-1.631522,-4.625691,-1.794138,1.617270,0.991641,3.356569,1.174172,-0.884876
1,10,4.096196,-1.744453,-2.610238,0.880019,-0.690106,-1.073492,-1.949010,1.894341,0.869687,3.365802,1.588911,-1.385366
1,11,2.624215,-1.140265,-1.297001,-1.027470,-1.061857,-3.055229,-1.020203,2.576786,0.185072,2.788792,1.668396,-0.969809
1,12,3.012058,-3.082550,-3.107423,0.555237,-1.136170,-3.119739,-0.875169,1.976843,0.605053,3.280923,1.339284,-0.926030
1,13,1.523569,-2.978915,-2.186054,-3.149920,-0.456289,-3.944693,-3.977118,1.256680,0.082622,2.865779,1.907689,0.692889
1,14,4.288474,-1.277934,-1.532942,-0.043436,-0.378748,-1.229900,-3.627780,3.016855,0.469216,3.028450,1.563798,-0.970057
1,15,5.227807,-2.236087,-2.088861,-1.956096,-0.463772,-4.972136,-2.338910,2.360196,1.307087,2.111261,0.832018,-1.142682
1,16,1.683622,-1.107856,-2.267013,1.129948,-0.757518,-1.468178,-2.794690,3.314091,1.374521,2.529745,1.431536,-0.213877
1,17,1.009115,-0.851949,-0.863127,2.641960,-0.028457,0.026468,-2.971401,1.934548,0.476857,2.950531,1.271874,0.252809
1,18,3.040730,-1.147299,-2.568567,2.128698,-0.164345,-2.592539,-3.571763,1.665534,-0.354767,2.090931,1.636418,-0.672841
1,19,4.618917,-2.965161,-1.218712,2.039020,-0.367121,-1.790251,-3.000648,2.640696,0.428032,3.234323,1.033627,-0.501895
2,20,2.520270,-1.504744,-2.535128,-1.551190,-2.267716,-3.028334,-4.174864,3.813470,-0.476209,3.773299,1.267921,-3.236843
2,21,3.382868,-2.510728,0.859017,0.683649,0.547119,-3.774929,-2.345022,2.654131,0.357719,3.263428,1.317020,0.521495
2,22,1.613288,-2.196493,-3.245033,1.357759,-0.926127,-4.026360,-0.807963,1.898275,-0.119777,2.918000,0.739232,-3.743331
2,23,1.080312,-1.696883,-3.083688,0.076299,-1.257725,-0.331922,-3.667935,2.018657,0.094721,2.316699,1.962776,0.852411
2,24,2.334476,-1.779367,-0.211689,2.749206,-0.984735,-3.152852,-0.690178,2.183332,2.057153,2.310913,1.057954,2.459202
2,25,0.301151,-2.209570,-1.476684,4.343368,-0.365878,-1.634644,-2.679349,1.913169,0.656192,2.329517,1.032444,0.458616
2,26,2.073984,-0.524889,-2.481036,2.900736,-1.016967,-4.854337,-2.047191,1.082641,0.556987,1.853196,1.058187,-0.569579
2,27,2.278307,-2.228879,-0.435403,-2.253548,-0.904779,-4.337528,-1.031074,1.842476,-0.338496,3.382308,1.695221,-2.406199
2,28,1.685121,-1.639165,-2.217940,2.276877,-0.920864,-0.798751,-3.499928,2.628309,0.210138,3.357701,0.765981,-1.095670
2,29,1.514161,-1.984231,-2.879212,-0.582219,-1.312391,-2.025522,-2.280287,2.275864,-0.366504,1.703256,1.628181,-2.427883
3,30,1.967559,-1.434727,-1.880183,0.367198,-0.452429,-2.068538,-0.867278,1.395890,-0.510565,1.829034,1.068391,-0.685513
3,31,2.809288,-1.092039,-3.099365,3.110715,-0.619318,-3.167181,-2.357993,2.532828,0.150168,3.121318,1.488583,0.935279
3,32,0.532317,-2.741601,-1.719824,0.336570,-1.358850,-1.497635,-2.577652,1.277140,0.280005,3.572960,0.421648,-1.762865
3,33,2.507666,-2.027371,-1.323467,1.227173,-1.508177,-3.068076,-1.903779,1.141661,-0.618786,2.766450,1.242655,-1.033650
3,34,1.644824,-0.503390,-0.769924,-1.364435,-1.310436,-4.757574,-3.857401,2.423925,0.818679,2.575870,1.445791,0.312746
3,35,3.313038,-1.576896,-1.780634,1.605946,0.477703,-2.585373,-1.954384,0.766794,0.925257,2.749798,1.181276,-1.877740
3,36,3.094604,-2.552715,-0.869427,1.142396,-2.214159,-2.208444,-3.376869,2.926759,0.233965,3.005195,1.219986,-2.261330
3,37,2.419398,-1.448788,-0.652953,2.763516,-0.989416,-2.481229,-2.081450,1.592363,1.321700,2.998031,2.039584,0.569027
3,38,2.206265,-1.684692,-2.575733,0.935748,0.313251,-3.933839,-2.792473,1.939997,1.010270,3.661828,1.396802,-0.413255
3,39,5.395945,-1.048310,-2.132892,-1.815380,-0.645389,-3.429669,-3.190386,2.411248,-0.103501,4.032798,0.015958,-1.651829
4,40,2.737570,-1.976441,-1.803593,-1.020264,0.649934,-3.621695,-2.355650,1.786950,0.191658,1.810471,0.588919,-1.651452
4,41,5.083369,-3.037073,-2.073136,1.017027,-2.053229,-1.171578,-3.379248,1.843597,0.220186,2.226231,0.349736,-3.362283
4,42,4.095760,-1.416825,-3.784137,1.915398,-0.903637,-0.896282,-1.453610,2.882675,0.957244,4.092065,2.334321,-0.883541
4,43,2.529076,-2.397155,-2.383978,1.587396,-1.137803,0.363764,-2.590145,1.602895,0.672383,3.400088,1.078036,-0.268553
4,44,3.472303,-2.947530,-3.598643,-0.527969,0.630198,-1.558235,-3.480645,2.755866,0.560973,3.969348,0.468152,0.117122
4,45,2.349858,-2.453406,-2.108354,2.227047,-0.991657,-1.310968,-1.467619,4.119364,1.339786,3.167559,1.192241,-1.923394
4,46,3.935436,-2.505014,-1.182811,-2.045384,-0.573719,-5.066977,0.222909,2.383263,1.187399,2.237949,2.068364,-0.808616
4,47,2.152599,0.459748,-0.074201,0.780253,0.380672,0.214325,-2.239698,1.779332,1.134274,2.741151,0.354798,1.186119
4,48,0.602148,-2.084851,-1.861846,0.492136,-0.110232,-1.553915,-3.058619,1.773639,0.440276,3.106584,0.268326,0.193434
4,49,4.012009,-1.352638,-1.111001,-1.757054,-0.106145,0.923285,-3.130701,2.753469,0.214933,3.692567,1.202608,-1.035429
5,50,4.630665,-2.082981,-0.904537,-3.571729,-0.778422,-4.509127,-2.827109,2.300356,1.633394,2.628247,2.030061,-1.215021
5,51,1.797459,-1.681250,-4.079793,1.946142,-0.455154,-0.725493,-2.876092,1.685360,0.285302,3.773849,1.490612,-2.440808
5,52,4.352765,-2.312456,-2.117391,0.403807,-0.111485,-6.445487,-3.354393,3.866224,0.931556,3.377932,1.346093,0.086810
5,53,3.172555,-1.705225,-1.182705,1.925189,-0.481753,-4.077209,-1.987361,0.298345,0.511024,3.905790,1.186760,-2.289320
5,54,0.600351,-2.631571,-2.030210,-1.765069,-2.581052,-0.385889,-3.550743,3.327701,0.572145,4.037141,0.267020,-1.031280
5,55,4.053917,-1.590394,-3.238461,-1.698266,-0.764895,-0.937208,-2.988866,0.486555,0.134007,3.350579,0.975751,-0.186214
5,56,1.433464,-2.043506,-2.683680,-0.683302,-1.456245,-5.024482,-3.922698,2.789937,0.624746,3.427255,1.778531,0.047688
5,57,1.141934,-3.006149,-0.868222,1.003033,-0.590686,-2.374002,-0.733519,0.955962,0.174503,3.671246,1.304779,-0.384523
5,58,1.895783,-2.259500,-3.120788,0.965810,-1.075443,0.874710,-2.520249,-0.354004,0.040595,2.927868,1.241447,1.025925
5,59,2.445567,-1.841801,-1.109452,0.630402,0.412888,-2.430072,-4.031697,0.535663,0.031373,2.884741,1.951963,-2.953049
6,60,2.730456,-2.173660,-1.169628,-0.185958,-0.145934,-1.451406,-1.953447,1.327446,0.757529,2.699238,1.040414,-1.208781
6,61,-0.131350,-3.059147,-2.319781,-0.070061,-0.987208,-4.755348,-2.557630,1.503921,-0.259380,2.598889,1.873959,-2.203226
6,62,4.464063,-2.591944,-0.333571,2.158359,-0.397264,-0.534439,-0.934303,3.111571,0.578148,2.154031,1.471375,-2.249298
6,63,1.944778,-1.548140,-0.832062,-0.285133,-0.115522,-3.487923,-1.383960,0.764995,0.291541,2.725643,1.121137,-1.882956
6,64,2.114676,-2.564545,-2.641698,1.864839,-1.205196,-4.442346,-1.906904,2.095671,0.081469,1.843436,0.632709,0.053250
6,65,2.032034,-2.362564,-2.089699,0.315443,-1.301721,1.183478,-2.773933,2.781737,0.163875,2.046555,1.684280,-1.812650
6,66,3.083537,-1.964449,-1.246094,-1.732627,-0.831950,-1.640271,-1.262309,3.325177,-0.206795,2.988658,1.443232,-0.437002
6,67,2.452985,-1.829705,-3.725380,-2.414310,-0.630907,0.922404,-2.693804,2.733635,0.434838,3.356357,1.302735,0.483117
6,68,3.369715,-2.262176,-2.130262,4.517263,-2.088703,-4.470862,-3.625508,2.944083,0.340355,2.466879,1.406427,-0.095640
6,69,2.255984,-3.149663,-1.908923,0.439228,-0.052542,-1.707839,-3.582632,2.204791,-0.574455,1.988029,0.479600,0.023913
7,70,0.980946,-1.742796,-1.734712,4.832913,-1.312461,-3.434604,-2.783906,3.425280,-1.112615,2.720809,0.914586,0.959547
7,71,1.575610,-1.602280,-2.056045,-1.203148,0.277211,-2.930996,-3.407005,1.865260,1.413943,2.031410,0.575530,-0.528602
7,72,2.606386,-1.530120,-2.111270,1.048494,-1.358440,-4.225288,-2.187223,1.933685,1.052631,3.122311,0.712569,-2.394076
7,73,3.059640,-0.790592,-1.367847,3.162843,-1.290864,-1.828868,-2.405745,0.724072,0.637733,2.620274,1.789890,-1.358730
7,74,3.343850,-0.876805,-2.873741,0.631588,1.142031,-5.080993,-4.386122,1.699725,-0.074688,3.323915,0.918864,0.130446
7,75,1.527560,-2.083669,-3.616161,0.771854,-0.808238,-2.150592,0.394539,2.343674,0.489464,3.083007,0.476531,-0.948307
7,76,2.055659,-3.269002,-2.630951,-0.358661,-0.777698,-1.502197,-0.788651,2.177023,0.061237,2.296369,1.159970,-1.706892
7,77,1.615746,-2.348698,-2.113967,-2.193224,-1.492032,-5.312063,-1.456901,1.813550,0.760654,2.809413,0.997639,-1.752399
7,78,3.372605,-2.091649,-2.220743,-2.117013,-2.006361,-0.409281,-2.130741,3.606335,0.883933,2.971702,1.260204,-2.410068
7,79,3.278380,-1.790894,-1.123191,1.731545,0.187936,0.210781,-1.617803,3.062997,-0.201597,3.324252,1.014121,-3.318654
8,80,1.861726,-1.442622,-1.802773,3.239889,-1.469606,-0.776743,-2.708959,1.270235,-0.147617,3.442904,0.391508,-1.580699
8,81,2.450849,-2.214311,-1.903061,0.161447,0.635996,0.673211,-1.138310,0.946807,-0.071608,2.636637,2.042286,-1.452896
8,82,3.404304,-1.700270,-2.371756,-1.404903,0.189470,-2.347615,-3.859354,2.593038,0.119746,3.749212,0.328736,-2.225802
8,83,3.011679,-2.033700,-2.666291,3.053348,-0.897993,-4.724777,-1.111391,1.141732,0.993288,3.416550,0.945958,-1.439631
8,84,3.639736,-2.875589,-1.619436,2.130098,-0.801022,-4.791216,-3.829089,1.641165,0.480828,4.350704,0.559150,-0.493547
8,85,2.208193,-2.922164,-3.832200,0.534874,1.307168,-3.139647,-2.604901,2.893160,-0.359228,3.805301,1.327278,-1.388397
8,86,3.576610,-1.681178,-2.663857,-1.446099,-0.142574,-2.229092,-5.140572,0.731755,-0.132647,3.051059,1.818957,0.492010
9,87,2.764279,-1.093756,-2.393295,0.926717,-0.573669,-4.228166,-3.971020,1.732333,1.200946,3.307853,0.751545,-1.849268
9,88,3.633693,-2.192289,-0.665472,0.965914,0.896675,-2.966551,-0.586744,2.335620,1.023932,2.853189,0.961531,0.700583
9,89,3.068973,-2.652063,-3.858892,1.415113,0.202324,-0.540189,-2.584190,0.370024,0.391809,3.600102,1.710023,-1.199027
9,90,3.666441,-1.864808,-2.947888,-0.136127,-1.959217,-2.243212,-2.791048,2.719973,0.825815,2.839529,1.997302,-0.417039
9,91,2.121219,-1.796354,-1.932108,-0.139751,-1.922193,-2.065350,-3.476407,1.134641,1.684976,3.251726,-0.543176,-0.958382
9,92,2.902631,-1.375293,-2.402147,1.659163,-0.106253,-0.171655,-1.021929,0.525427,-0.544975,3.629315,1.035898,-2.030849
9,93,0.688683,-3.196580,-0.362570,0.152626,0.010702,-3.072505,-1.973253,0.947172,0.497011,2.741249,0.263931,-1.993972
9,94,4.250590,-1.838901,-2.662662,2.249553,-1.059150,-1.817712,-2.020133,1.572263,-0.291147,4.124745,1.023353,-1.852231
9,95,1.541233,-2.066816,-2.021018,3.031577,-1.117953,-3.501616,-2.182175,2.707604,0.916701,2.051867,0.648154,-0.915073
9,96,0.469891,-2.161131,-1.803197,-1.277151,-0.624356,0.070005,-1.783316,2.213956,2.213483,2.498598,1.541607,-1.789899
10,97,2.639221,-2.195803,-2.388077,0.132979,-1.813783,-1.560772,-2.931279,1.074593,0.750646,2.896705,0.342934,-0.552559
10,98,3.188239,-1.575140,-2.370509,0.727423,-0.631593,-5.176777,-2.386313,2.295869,-0.059852,2.735370,0.995372,-0.128809
10,99,3.186261,-2.290701,-2.570181,2.611168,-0.461735,0.567907,-3.214891,0.825087,-0.546220,2.028967,1.363811,-1.009995
10,100,2.739072,-2.081342,-3.666368,0.306919,-0.663129,-1.582391,-2.651375,2.147661,1.079084,4.248880,1.292604,-1.301559
10,101,1.923843,-2.510991,-2.201587,-0.201743,1.484916,-5.557155,-2.194058,2.527450,0.908659,3.600032,0.700906,-1.269364
10,102,2.895572,-1.876536,-1.426356,0.234065,-0.751905,-3.007715,-1.492662,1.411289,-0.211074,2.416897,-0.154794,-2.978369
10,103,2.352649,-0.456316,-0.958144,1.930888,-1.440025,0.764464,-3.136067,3.405284,0.552126,3.198993,0.025346,-0.948537
11,104,2.538944,-2.269908,-2.177314,1.346675,-1.671410,-2.320951,-0.915679,1.321001,0.631515,2.902558,0.269354,-3.611346
11,105,2.288334,-1.347316,0.030655,2.042303,-1.029629,-0.678151,-2.363783,1.276252,0.297141,3.833949,0.432070,0.814769
11,106,3.105050,-1.284005,-1.447643,1.871449,-1.640274,-1.160261,-0.670017,1.666785,0.314775,3.580678,1.960660,-0.803824
11,107,2.451588,-1.739182,-0.442697,3.191812,-2.147140,-5.168091,-1.819347,3.021426,-0.079908,2.413460,1.076871,-0.207859
11,108,2.380480,-2.364003,-3.719852,-2.364431,-0.963382,-2.054030,-1.523592,3.038845,-0.161336,2.985568,1.521392,-2.853612
11,109,-1.034292,-1.829977,-2.243451,2.773281,-1.425489,-4.508366,-1.342042,1.527598,-0.152203,2.994068,0.949674,1.302548
11,110,2.754870,-3.105301,-2.654892,2.121071,-1.086364,-0.738975,-1.873096,1.747012,-0.190299,3.290353,1.484409,-1.905482
11,111,3.362115,-2.151938,-2.757251,1.080381,-1.584779,-2.679741,-3.413393,1.131474,0.690414,2.497596,2.000214,-0.710929
11,112,2.143699,-3.023146,-2.045168,-1.679910,-0.296409,-2.547700,-2.864135,1.828603,-0.274763,1.839617,0.728470,-1.448212
11,113,1.838534,-2.534996,-3.528789,-1.269691,-1.054671,-4.035245,-5.066971,1.684081,0.280925,2.641064,0.558022,-0.819063
12,114,77.650652,-0.817406,-1.675337,-497.678471,-2.769293,-1556.029272,-1.439680,168.419912,218.202754,3.810545,0.326970,1.579830
12,115,158.368890,-0.552503,-3.595690,434.444478,-3.533579,-282.703651,-3.399521,326.122223,-37.605490,3.646496,0.272561,1.146629
12,116,135.194755,0.362560,-2.527357,295.807826,-3.234282,-1274.422837,-2.921985,277.411233,193.357855,4.274739,-0.160546,0.731515
12,117,167.016309,-0.588905,-4.502524,140.552382,-3.425072,-651.212026,-2.742664,333.927294,73.809140,3.380488,-0.366420,-0.080832
12,118,120.973260,-0.236252,-0.922478,-438.379609,-4.740167,-182.111465,-1.683879,288.252026,-102.426339,2.599188,1.725101,0.595291
12,119,255.757486,-0.080462,-3.461308,101.621831,-3.230514,-1038.435565,-2.747518,441.620528,32.030936,3.781227,1.121279,0.997332
12,120,97.143775,0.665665,-4.359849,-240.815021,-3.224659,-732.464220,0.070149,200.765377,36.739055,3.752864,0.771860,-0.571834
13,121,2.736759,-3.032451,-3.228649,0.494749,-2.486383,1.535615,-3.240844,2.134972,0.764286,2.321820,1.495371,-1.954910
13,122,2.598107,-2.134315,-0.926738,-0.408675,-1.536842,-2.401717,-4.690562,1.547491,1.134853,3.296613,1.679684,-0.609150
13,123,2.356675,-1.875628,-2.879745,-1.379954,-0.529476,-2.949184,-2.434894,0.386270,0.374364,2.428629,1.463798,-0.244884
13,124,2.790668,-0.981097,-3.822658,-0.343229,1.508322,0.185738,-2.032316,3.379872,0.938282,3.935483,1.934573,-1.232803
13,125,0.582052,-2.059304,-3.034399,2.365222,-1.848608,-0.068418,-4.526149,3.547624,1.254167,2.586074,0.910844,-3.123833
13,126,4.532852,-1.654533,-2.695177,2.822613,-1.235559,-3.121596,0.338398,1.594934,-0.019862,2.529560,1.462644,-1.568546
13,127,1.719781,-1.775164,-0.023075,-0.240507,-0.146945,-4.660022,-2.519859,1.964107,0.761582,2.113555,0.870645,-0.972949
13,128,2.883722,-1.861606,-0.754689,-0.195695,-1.113695,-1.889876,-3.960538,2.983714,0.164798,4.212630,0.916134,-1.388266
13,129,3.018957,-2.662259,-0.067422,0.811311,-0.778641,-1.874655,-2.672928,2.264119,1.285743,2.470175,0.411030,0.158263
13,130,4.078066,-1.644703,-2.996102,2.663658,-0.952760,-3.017932,-3.893752,2.519392,1.178356,4.100941,1.799729,-4.113812
14,131,2.143202,-2.712128,-1.285762,3.838947,0.232558,-1.643795,-2.148385,2.764007,0.940118,2.196702,0.858147,-2.951067
14,132,1.985408,-1.379930,-2.557183,1.791346,-0.541985,-2.158617,-2.632718,3.261655,0.044701,3.215770,1.466491,-2.384366
14,133,2.229826,-2.132707,-0.923519,3.255199,-0.361059,-3.343722,-0.206105,1.874115,0.401432,3.295957,0.843161,-0.377717
14,134,1.941788,-2.273392,-3.875228,2.692482,-0.463717,-4.392719,-1.459045,1.448838,-0.070312,3.215646,0.478570,-0.801631
14,135,2.647520,-1.362110,-0.625856,0.274505,-1.001643,0.460220,-4.119455,0.414981,0.776335,2.247354,1.854979,-1.820144
14,136,3.978043,-1.561874,-1.616880,1.510668,-0.404205,-3.698536,-4.735878,3.390882,-0.545404,2.949240,0.898585,-0.039312
14,137,3.132805,-2.412404,-3.996794,1.458321,-0.640049,-1.647445,-1.343285,2.027277,0.228591,3.048034,1.009614,-0.207708
14,138,3.179553,-2.236281,-3.646134,-0.550541,0.342911,-4.625010,-1.700999,2.150026,1.861478,2.590988,0.955043,-1.311411
14,139,2.958833,-2.981097,-3.148693,-0.948343,-0.619661,-2.921915,-2.617067,2.938510,1.293305,2.859965,1.751945,0.596979
14,140,1.636394,-2.364978,-3.023896,2.173273,-1.413031,-2.721685,-2.603946,2.895099,0.727865,2.972616,0.618922,-2.617594
15,141,3.513549,-2.288075,-1.186871,2.045417,-1.220344,-4.956723,-1.536636,2.198533,0.898053,2.392055,1.535606,0.213682
15,142,5.203631,-2.142408,-1.219339,0.736824,-1.125287,-2.942496,-2.173924,1.073740,0.805222,1.863397,1.211242,-0.579108
15,143,2.263577,-2.928899,-2.240788,-2.164315,-0.758284,-3.771641,-1.193649,1.987465,0.675348,1.644914,1.395199,-0.218225
15,144,1.059780,-1.843007,-0.965433,0.917806,-1.902447,-2.481561,-1.507493,2.035374,-0.136178,2.972555,1.167398,-2.454737
15,145,1.139339,-2.221070,-1.963101,-0.807869,0.127890,-0.338516,-2.089482,-0.295362,0.997646,3.477069,1.483398,-2.818602
15,146,1.074206,-2.119397,-2.087005,-1.472693,-1.469482,0.175320,-1.406881,2.343341,0.980422,2.577668,0.977896,-0.827949
15,147,2.215371,-0.806075,-3.228364,1.320554,0.050455,-4.239006,-4.349172,1.700072,0.103296,3.832356,0.823327,-3.983161
15,148,2.109780,-2.062600,-0.492019,1.923300,-0.916847,-6.167665,-0.968453,2.350506,0.330759,2.709633,1.527028,-0.951513
15,149,3.088823,-3.336003,-1.728430,1.559312,-0.315535,-2.715319,-1.682668,0.464940,0.055277,2.720757,1.621714,0.184714
15,150,1.925741,-2.946573,-0.941841,1.833005,0.195406,-3.529940,-3.296227,0.640532,-0.052126,3.037894,1.007746,0.137894
16,151,2.578186,-1.582606,-1.731722,2.010542,-1.154970,-1.567368,-2.912354,2.062453,0.901132,1.816695,1.670475,-1.871324
16,152,2.149741,-1.761371,-2.230939,2.421197,-0.129653,-0.958669,-2.646309,1.980711,0.611793,2.606806,0.905647,0.771096
16,153,2.079689,-0.864462,-3.372077,2.215289,-0.567851,-2.253439,-2.451539,3.182618,0.480716,2.145527,1.096514,-0.782764
16,154,3.543321,-2.138986,-2.658899,1.085442,-0.146980,-1.368196,-4.611996,2.812229,0.088378,3.622432,1.885910,-2.569221
16,155,1.712682,-2.284953,-2.497006,1.892961,-0.722004,-3.398735,-0.130148,2.796526,0.262962,3.348688,0.940533,-0.842777
16,156,1.454383,-1.890412,-0.234802,-0.340765,-1.011380,-3.991818,-1.348987,1.596691,1.089659,2.277255,1.924159,0.778766
16,157,2.417459,-1.806898,-2.275922,1.162295,-0.534562,-4.681921,-4.433799,3.738473,0.617347,3.470914,1.464826,-0.022340
16,158,0.969360,-1.212818,-1.539223,4.378749,-1.576002,-0.301285,-1.618737,2.343087,1.151888,3.509698,0.804422,-3.952736
16,159,1.003959,-1.219025,-2.244811,1.430362,-0.543230,-4.328339,-2.646145,1.262608,0.177530,2.225497,1.369952,-0.152720
16,160,0.665025,-1.892892,-0.887205,-0.845913,-2.727346,-0.866987,-2.603132,2.557232,-0.192000,3.506053,-0.346413,1.137869
17,161,2.579029,-2.430835,-2.683367,5.343062,-2.175090,-1.600804,-0.985067,2.747646,0.741545,2.994450,-0.204367,-1.554418
17,162,1.582996,-2.070866,-3.157572,-1.058027,-0.271794,-2.198883,-2.512877,1.760559,1.413541,2.961706,0.650068,-2.321105
17,163,3.463236,-2.276093,-2.098442,2.038413,-0.395858,-3.164136,-1.740108,2.090670,-0.161922,2.474502,0.319267,-0.548873
17,164,2.989868,-0.957754,-1.584120,-2.102749,-1.537052,-0.040857,-0.326457,1.765800,0.657850,2.865788,0.602676,-1.544513
17,165,3.186741,-2.448218,-0.466527,0.065982,-1.412471,-2.251082,-3.603783,1.274317,0.050899,3.058391,0.350130,-2.007015
17,166,2.569038,-2.832847,-2.455182,1.733369,-1.319984,-0.852080,-3.436789,2.549830,0.138070,2.718620,1.268430,-0.999212
17,167,4.618806,-2.827826,-2.280697,1.817494,-1.815202,-3.627261,-5.105746,1.761931,0.490848,2.769672,1.457125,0.530657
18,168,222.356422,-0.688539,-4.209827,-41.341376,-3.355504,-825.408472,-3.074620,72.938637,133.594244,4.529662,0.273665,1.076302
18,169,111.637325,-1.231456,-1.632823,223.365457,-4.040098,-553.528829,-3.545802,172.022920,41.037038,4.586406,0.381087,-0.121046
18,170,119.760402,-0.959061,-2.419864,-102.657291,-3.834494,-1586.091598,-1.679864,221.597498,25.754477,4.034227,0.981832,-0.101137
18,171,26.105007,-0.320305,-1.673113,-2.829156,-3.285768,-656.827557,-3.634444,368.401268,-167.276635,5.873651,0.460775,1.003600
18,172,171.020869,-0.147528,-1.197959,83.034394,-2.470174,-960.800844,-3.795494,485.464984,143.031975,4.354592,1.424848,0.665683
18,173,183.017511,-0.170108,-1.167391,-137.864649,-2.924972,-258.882946,-2.633047,311.900180,-60.599678,3.735427,1.915179,1.155632
18,174,-31.538027,0.430993,-4.004882,129.291942,-2.438136,-1009.770734,-0.539305,192.333850,-268.665702,2.974830,1.648577,-0.613297
18,175,146.372045,0.842564,-2.825814,-157.358256,-2.642496,-211.943041,-0.845857,188.460830,239.898892,4.089630,-0.258928,0.849051
18,176,254.269713,-0.101816,-4.742146,356.673093,-4.728646,-1348.571193,-1.874314,333.923732,-135.736872,4.312425,1.567730,-1.033561
18,177,132.492145,-0.004152,-2.769630,361.160268,-3.963920,-1266.445645,-1.543171,101.689691,74.573212,3.555221,1.077713,-1.077531
19,178,1.896662,-1.996653,-3.344470,2.400012,-1.699846,-0.941943,-2.787092,2.636394,1.026199,3.457056,1.047362,-2.721475
19,179,3.284659,-0.916717,-3.127064,3.121136,-1.434513,-1.171682,-2.956049,1.211566,0.469774,3.190871,1.261358,-0.666801
19,180,1.837079,-1.375329,-3.230504,2.604458,-0.909443,-1.988409,-2.581818,2.948729,-0.667114,2.847098,1.169004,-0.051836
19,181,2.898757,-2.752537,-3.099650,1.493909,-0.734139,-4.817790,-3.072285,2.707937,-0.236226,1.702018,1.527628,1.790322
19,182,2.935505,-2.064921,-0.021416,1.643029,-1.123013,-1.668370,-4.199526,2.438581,-0.396988,3.626886,1.326622,1.077506
19,183,2.136439,-2.090098,-1.272755,1.451071,-0.689513,-3.767047,-1.849921,1.012048,-0.013910,2.364020,1.292363,-1.039582
19,184,3.335705,-2.336641,-2.752312,-1.382882,0.126203,-5.021957,-0.267918,1.880186,1.055104,2.832675,0.468292,-2.062627
19,185,4.044814,-1.119532,-2.253476,3.737396,1.059304,-2.287104,-2.803589,1.181044,-0.005838,3.414442,0.510489,-2.723717
19,186,3.257751,-2.052239,-2.876261,1.745587,-0.752869,-1.151528,-1.903919,1.330060,1.518418,2.998113,0.589979,-0.849631
19,187,1.511104,-2.937152,-2.513867,2.886835,-1.836405,-1.287743,-1.916096,1.014223,0.830196,3.297022,0.829245,-0.586424
20,188,2.549480,-3.098466,-2.506510,-0.013674,0.593454,-0.646934,-4.088929,1.160701,1.087792,2.790706,2.304884,-2.596222
20,189,0.701403,-2.435946,-0.854257,0.601838,-0.225304,0.481932,-3.240147,1.882265,0.243889,2.721864,1.174156,-3.049111
20,190,2.044912,-0.624560,-2.748229,1.043250,-0.479560,-2.503205,-2.263924,3.007255,0.480132,2.878626,0.321789,-1.186263
20,191,1.643856,-2.862001,-0.849192,-2.291647,0.160081,-4.611627,-2.989270,1.385876,-0.135202,3.162015,0.680752,-1.125992
20,192,2.185008,-1.759623,-1.535699,2.210586,0.575633,-1.865323,-3.701274,2.468681,0.446066,3.237207,1.110519,-2.248892
20,193,3.364918,-1.026450,-2.395329,4.469222,-0.403355,-4.935636,-1.918619,2.282060,-1.071246,2.757142,1.118766,-1.939553
20,194,1.795392,-2.166325,-2.619378,-1.808603,0.271139,-0.440847,-2.319756,2.636558,0.805686,3.562466,0.908136,-0.380748
20,195,3.523222,-2.614117,-1.915417,-2.814021,0.086848,-5.110878,-1.595593,0.033066,0.369036,2.867502,0.423441,0.851022
20,196,2.024132,-1.214688,-2.585047,1.485872,-1.316134,-0.772805,-0.261455,1.671550,0.899749,2.460919,0.904353,-1.279908
20,197,4.341205,-1.947627,-2.741038,-0.301540,-1.761872,0.577449,-3.934848,1.667198,-0.288108,3.053485,0.832979,-3.603103
21,198,236.554232,-0.610147,-3.004279,234.472097,-4.049059,-586.756081,-1.713214,362.952410,164.041815,4.626803,0.194859,-2.043484
21,199,149.824419,-0.410673,-3.500645,308.046122,-2.704942,-908.640883,-1.211236,219.558536,38.883802,3.342361,1.068012,-0.854848
21,200,184.420468,-0.772948,-2.223123,425.714297,-3.371460,-887.478421,-3.762735,308.677190,197.925355,4.045792,1.422887,-0.267882
21,201,173.654876,0.512895,-3.631370,209.347437,-3.352729,-1337.389250,0.004879,243.208718,-16.324522,3.247794,0.012408,0.243482
21,202,190.184260,-0.286111,-1.562837,-67.590024,-3.098062,-1055.318864,-1.310821,143.521727,84.285084,3.881714,1.405664,0.303176
21,203,147.524177,-0.930321,-4.110469,222.318882,-3.580215,-918.793831,-4.026533,232.575536,-79.421319,5.009797,1.152419,0.971014
21,204,191.841649,-0.355256,-4.201739,58.686880,-4.496521,-211.882026,-2.487045,230.217110,0.298107,5.092273,-0.156797,-1.077525
21,205,235.168166,-0.725232,-3.136046,81.942702,-3.671146,-289.788123,0.353549,356.779544,130.682007,4.348211,-0.098597,-2.350686
21,206,133.172394,0.152070,-2.526327,638.720064,-1.491552,-443.428675,-1.502787,372.424841,102.519164,2.960160,1.468129,-0.755449
21,207,113.312928,-0.352416,-2.103083,179.676918,-4.064038,-521.586773,-4.975439,282.793986,-59.201166,4.680332,1.322828,-0.538447
22,208,1.984842,-2.124315,-0.874298,1.227486,-0.935902,-5.645467,-2.118382,1.584019,1.300032,2.932222,0.959218,-0.430157
22,209,1.999755,-1.372038,-1.955669,2.266392,-1.200763,-2.752965,-2.241260,0.458311,1.052966,2.298338,1.272004,-0.125285
22,210,3.360831,-1.661333,-1.255354,2.058363,-0.836352,-4.453223,-4.146329,3.333632,0.354452,2.715216,0.560278,-0.156134
22,211,2.515382,-2.637858,-2.822180,-1.547248,0.452679,-1.775743,-1.434243,2.429135,0.354389,2.832840,1.073482,-1.263072
22,212,2.420722,-1.806838,-2.273077,2.220115,0.577565,-3.092326,-2.927417,1.891614,0.640555,2.757380,0.378101,-1.376870
22,213,1.537873,-2.337357,-2.170850,-0.054831,-0.264252,-1.582393,-2.797083,3.363293,0.870197,1.846095,1.790906,-1.912502
22,214,2.428231,-1.178625,-3.203690,-1.095155,-1.669162,-3.597916,-1.964745,0.901057,0.216457,2.518676,2.165585,-1.051765
22,215,3.679245,-1.890929,-1.556092,1.845474,-0.283237,-1.532370,-2.295525,2.195230,0.935500,3.298346,1.975484,-0.700613
22,216,4.233549,-2.114302,-1.022498,1.158244,0.357786,-3.705211,-2.620166,3.599787,-0.340093,2.513909,1.409873,0.159479
22,217,3.574182,-2.778989,-2.480027,0.293425,-0.178803,-3.027962,-3.385133,2.723810,-0.147897,1.153278,1.205181,-1.631992
23,218,3.140260,-0.954803,-0.808122,-0.099030,0.000883,-2.668094,-2.533168,1.735937,-0.022109,2.917791,1.712700,-1.312356
23,219,2.213522,-2.798307,-2.348865,-3.016084,-0.745901,-5.346407,-2.479402,1.772589,0.412902,4.036850,0.739398,-1.004868
23,220,2.003728,-1.384703,-1.255438,-0.386353,-2.116623,-2.651776,-3.035666,1.795578,1.234686,2.453733,2.057276,-0.512776
23,221,1.688767,-2.100715,-1.406169,-1.313900,-0.135555,-2.286909,-1.828835,1.026084,0.386740,3.494888,-0.165032,-1.410805
23,222,2.540372,-0.712748,-0.756603,-0.737156,-1.535361,-0.431040,-2.520602,1.725177,-0.319398,2.929212,0.683367,-0.482235
23,223,3.063555,-1.216671,-0.618400,-1.486257,-1.566841,-0.561411,-1.529950,2.477202,0.831800,3.288711,1.598451,-0.909722
23,224,1.755984,-1.019140,-1.809973,1.541108,-0.603129,-2.681848,-3.793570,1.999464,-0.068817,2.194268,1.113372,-0.300142
23,225,0.541635,-2.898582,-3.091935,1.432587,-1.486034,-2.045779,-1.745941,1.568666,0.881308,3.419071,0.600605,-1.393292
23,226,4.354369,-0.718502,-2.312293,0.983059,0.206271,-5.460952,-3.290555,1.217132,0.354972,3.430436,1.131653,-0.745933
23,227,4.583526,-3.092488,-2.791692,0.174516,-0.754388,1.184624,-3.129226,1.425314,-0.041412,3.160763,2.079244,-1.595974
24,228,2.050354,-3.417647,-2.421639,3.045921,-1.278804,-2.094264,-3.430589,2.174625,1.321612,2.892321,1.465127,0.677504
24,229,2.116864,-2.382569,-3.652791,-1.426479,-1.280197,-1.779777,-1.707570,4.189399,-0.017316,4.260507,0.216769,-0.679733
24,230,3.368156,-2.116326,-2.866324,2.363365,-0.742071,-2.413260,-1.533185,3.070090,-0.000937,2.140685,1.075016,-1.526731
24,231,1.990167,-2.397685,-1.345829,0.833868,-1.561139,0.863045,-0.985266,1.719066,1.124356,3.005201,1.328291,-1.661349
24,232,4.375341,-1.433709,-2.256531,0.919479,-1.775499,-1.962081,-3.085173,1.870142,0.362718,1.460611,0.331408,-1.113011
24,233,3.527277,-2.334391,-3.286937,1.189754,0.010852,-2.553075,-2.319904,-0.507217,0.718777,2.726899,1.193781,-1.303532
24,234,3.126394,-2.125878,-2.275606,2.904499,-0.062482,-0.990934,-2.517678,0.552864,0.921491,1.877276,1.878321,0.868684
25,235,202.338671,-0.310402,-3.895423,245.635422,-2.297213,19.314086,-2.251300,75.465001,173.123858,4.776470,1.033720,0.500990
25,236,262.714064,-0.754917,-2.597691,239.533660,-3.466569,-364.499882,-1.865205,216.799515,76.401091,3.962879,0.692738,0.528174
25,237,225.443415,0.762641,-3.343496,87.135451,-2.839174,-884.798313,-2.160467,268.321174,65.741979,3.602304,1.068271,0.123785
25,238,264.462112,-0.487409,-2.105237,-93.936362,-3.115027,-656.657690,-3.039361,282.853293,-74.424266,3.355554,0.281505,-1.046290
25,239,121.573064,1.696884,-3.816658,256.539259,-2.629418,-957.835151,-1.993715,151.534893,294.281322,4.236412,1.819675,0.780411
25,240,209.829904,-1.294932,-1.819190,404.782696,-3.066248,-597.787796,-2.320117,534.358171,182.687946,3.644196,0.359590,-0.455932
25,241,150.368810,-0.672707,-3.608785,379.838805,-3.484981,-638.379936,-0.527208,246.307998,36.621028,4.855950,0.708226,-0.895436
25,242,142.068336,-1.608339,-3.959472,303.689285,-2.962027,-853.977871,-2.295136,211.140442,175.100994,4.016058,0.520263,1.347614
25,243,260.275145,-0.748929,-4.107737,44.421300,-4.382783,-938.415690,-3.848429,360.417700,32.462815,3.622415,1.285329,-0.945371
25,244,280.463602,-0.080869,-3.637342,30.344014,-3.160852,618.332040,-2.437990,222.147009,-32.489432,4.283405,0.786968,-2.873458
26,245,2.529650,-1.730603,-1.396503,-0.681586,-1.658267,1.142777,-2.443793,2.833980,0.661562,2.753800,1.583578,-1.812809
26,246,4.684458,-2.684550,-3.262187,1.211601,-0.570172,-3.302047,-1.749002,2.733572,0.095773,3.759563,0.598307,-3.507069
26,247,1.777168,-1.933920,-3.136506,3.855543,-1.952336,-1.765981,-0.306231,2.547903,0.894284,3.037121,1.717902,-0.972638
26,248,1.230505,-1.994037,-2.249328,0.082120,-1.107764,-3.659449,-1.799074,0.980872,0.843767,2.723713,0.755520,-1.700900
26,249,1.348459,-2.395350,-3.035131,3.029458,-1.319305,-3.411336,-2.109865,2.430102,0.317359,2.772041,0.920734,-1.410117
26,250,2.430046,-2.737654,-1.403866,0.603818,-0.845995,-0.587671,-2.989602,2.459299,0.377246,2.688323,1.601765,-1.024942
26,251,2.936107,-3.226402,-2.068305,1.041795,-0.024189,-3.096023,-1.423144,2.054906,1.276957,3.000718,1.300077,-1.442994
27,252,1.484980,-1.328145,-2.287849,0.228137,-0.925482,-2.660408,-3.401931,2.781797,0.742983,3.393484,0.665788,-2.593514
27,253,0.983707,-1.936534,-2.599937,2.144089,-1.585577,-3.662152,-0.967794,3.824981,1.023876,2.246432,1.049663,-1.415781
27,254,1.673776,-2.729627,-2.800464,3.146250,-0.862497,-3.376926,-1.642548,3.487997,0.813671,2.987453,1.734903,-0.043345
27,255,3.128993,-0.894562,-1.222681,3.803178,-0.304372,-1.119251,-2.981208,2.913130,-0.947997,2.454762,1.263296,-1.401042
27,256,5.098848,-2.020789,-2.276508,-0.551313,-2.608055,-3.991325,-1.429164,2.794670,0.939599,2.420892,0.611685,-1.036878
27,257,3.583446,-0.964145,-2.290706,1.088718,-0.478655,-3.359418,-3.530045,1.243276,0.476030,3.369124,0.958472,-0.538970
27,258,1.934064,-1.707393,-1.870128,-1.004942,0.026232,-4.964419,-3.752260,2.737662,-0.160569,2.680396,1.026455,-0.952427
27,259,1.662821,-1.303523,-3.384934,1.389856,-0.848237,-2.809757,-4.241918,2.557005,0.508189,1.262360,0.953305,-0.819290
27,260,2.136008,-1.296396,-2.926304,-2.970662,-0.505882,-3.543906,-4.821530,2.274626,-0.150023,2.629187,1.150146,0.840221
27,261,2.680207,-2.707976,-1.233430,-2.325156,-1.067176,0.140240,-2.945984,1.160080,0.153630,3.229359,1.394268,-1.294115
28,262,257.902736,-0.237223,-2.240031,-351.064158,-3.328009,-415.939745,-0.229259,232.107607,-89.065663,4.152225,0.868916,-1.809920
28,263,215.326134,-1.299598,-4.297328,56.099357,-2.460803,-366.596228,-3.082836,377.714983,-14.922061,4.788453,0.202706,-0.766518
28,264,186.755044,-1.496680,-3.524052,259.130108,-4.731323,-458.047514,-1.418585,202.145163,20.565641,4.127970,1.563026,1.064127
28,265,207.977532,0.111036,-3.538399,167.350605,-3.919342,-133.142878,-2.225127,347.589093,81.753771,5.323334,0.556738,-0.175562
28,266,121.282898,-0.202341,-1.989371,-528.307224,-5.159284,-972.981379,-2.294974,248.343931,92.334990,5.290125,0.489742,0.491225
28,267,92.093356,-0.540367,-3.374777,-376.899514,-2.714948,-792.177924,-1.499088,209.755403,94.466014,4.208544,0.809543,1.988404
28,268,143.100993,0.269138,-3.102831,67.202601,-3.432756,-1313.686958,-0.603175,225.100912,-13.189393,4.240934,0.619854,0.586254
28,269,200.374428,-0.306064,-1.012581,324.527172,-2.848217,-1124.251007,-1.938444,107.201551,130.117864,4.271870,1.342441,-0.047375
28,270,207.007480,0.314935,-3.513996,236.103562,-3.006694,-811.607803,-1.644336,415.559143,311.548165,3.366591,1.127878,0.144586
28,271,247.766854,-0.159517,-3.075320,-157.566145,-1.771208,-523.518783,-4.032750,233.053697,117.663896,4.688009,1.533276,-0.973869
29,272,2.855935,-2.968598,-3.374088,1.006377,-0.819833,-2.415678,-2.810392,1.771277,1.317418,3.405382,0.404783,-1.278983
29,273,2.344605,-1.245644,-2.064491,0.739636,-1.126820,-5.059570,-0.619168,1.821120,0.387468,3.426544,0.710485,-1.286574
29,274,2.594376,-2.581850,-2.727003,2.738570,-0.553210,-1.855211,-0.352903,1.392915,1.262147,3.059700,1.114454,0.137548
29,275,2.715789,-2.119516,-3.039907,0.572897,-1.152739,-6.056403,-2.770904,1.185221,0.711899,3.076261,0.791713,-3.468536
29,276,0.189124,-1.729536,-3.270702,-1.880505,-0.764943,-2.741161,0.068395,1.889309,0.397931,2.612167,0.997506,-2.097245
29,277,1.741624,-1.930454,-2.348383,1.916407,-1.017636,-5.100847,-1.320487,2.109468,1.481727,3.335571,1.110173,-1.453335
29,278,2.794326,-0.330802,-0.651515,2.439343,-0.198464,-2.942951,-4.386166,2.950743,-0.714243,3.329812,1.615721,-2.112541
30,279,1.438254,-1.309403,-1.069800,2.398681,1.007781,-4.483262,-4.228037,2.561033,0.286323,3.072481,-0.053790,-1.502930
30,280,1.940032,-2.124547,-2.230464,0.898490,-0.396024,-3.217971,-0.032039,0.986457,0.552208,3.106052,1.149052,-0.359297
30,281,1.664079,-1.969566,-2.243299,1.116984,-1.759231,0.014535,-0.360753,3.305331,0.573004,2.620877,1.367946,0.041419
30,282,3.473150,-2.872471,-2.453920,2.744657,-2.680196,-4.204977,-5.171628,0.510465,0.581133,3.302163,0.970336,-2.827566
30,283,3.162050,-1.636881,-1.966263,1.360095,-1.827969,-2.769281,-3.422597,3.053018,0.604859,3.675027,1.326277,-0.283894
30,284,2.373421,-3.025484,-3.703747,1.684854,-0.979577,-3.729393,-2.755329,4.209275,0.384239,2.316871,1.759893,-1.585406
30,285,2.925652,-1.996987,-3.407886,2.523259,-0.470744,-1.102283,-5.016252,1.914457,0.305732,3.307727,1.564667,-2.320603
31,286,2.884962,-1.181005,-1.187190,0.756737,-0.180486,-4.293676,0.660137,2.748612,0.674013,2.664048,0.909097,-2.074638
31,287,2.376279,-1.443871,-0.712078,-1.163680,-0.446467,-5.644104,-3.887385,2.474110,1.189694,3.305618,0.603631,0.649702
31,288,2.516224,-2.930130,-2.176868,0.507497,-2.852272,-0.846276,-3.166572,1.944480,0.706975,3.243923,1.473363,-3.014202
31,289,2.324528,-2.923672,-3.827554,3.309622,0.792916,-2.471143,-1.207994,2.011756,-0.265794,2.495987,1.950634,-1.287659
31,290,3.712584,-2.794079,-2.327573,0.103758,-1.630701,-2.382142,-1.968043,3.521084,0.311190,3.232321,1.137058,-2.678730
31,291,3.161954,-2.997478,-2.249374,0.357606,-0.572514,-5.287656,-0.420161,2.275923,0.189225,2.506038,1.920732,-2.740459
31,292,1.959375,-1.675013,-0.852380,0.154165,-0.715284,-3.911020,-3.943323,4.523453,0.525461,2.775232,0.478617,-0.159450
31,293,1.428808,-2.528630,-3.003090,1.072729,-0.813739,-3.025032,-1.731620,1.097767,0.365238,3.586608,1.501944,-0.272160
31,294,2.282855,-1.602300,-0.281302,2.833093,-2.554135,-1.057383,-1.639855,1.395999,0.296696,2.955562,1.795324,0.477337
31,295,1.704478,-1.602446,-1.616737,1.506356,-1.074282,-1.831864,-3.031456,1.909020,1.152179,1.821895,1.356350,-2.130282
32,296,150.942644,0.285327,-1.124813,-69.932682,-3.729622,-537.038879,-2.921200,211.058348,-47.664771,3.433855,0.846940,-0.636062
32,297,157.641363,-0.100823,-2.237114,-71.530076,-2.710776,-1043.841414,-0.421512,222.275357,163.599836,4.380254,0.131451,-2.061940
32,298,198.603530,-0.417635,-2.268558,25.401458,-4.397727,-717.589565,-1.922145,353.555902,263.117067,5.415417,0.756126,-0.182687
32,299,141.856827,0.529082,-2.649608,126.637386,-3.408323,-1087.890276,-2.447776,304.924161,-211.392420,4.478701,0.942737,0.407644
32,300,81.205164,1.346429,-3.994216,151.433662,-3.993572,-92.514761,-3.365222,208.623811,40.661687,4.473173,1.083874,0.286469
32,301,180.301921,0.120042,-1.621166,233.120366,-4.045026,140.969276,-0.581090,421.838361,7.400175,3.928136,0.613499,-1.401063
32,302,144.774029,0.661104,-3.585522,663.059084,-4.369123,115.482105,-2.909076,289.415431,-98.963636,3.436063,0.417641,-1.584145
32,303,239.328107,-0.347226,-3.194159,53.806658,-1.606416,-310.199982,-1.478668,158.839117,-25.356934,4.168321,1.261548,-2.309803
32,304,75.876287,0.233760,-4.712350,317.328926,-3.924662,-982.682639,-2.176420,315.514031,-13.912673,4.689052,0.486932,-1.890750
32,305,206.791028,0.012287,-2.334363,-115.892253,-3.877452,-693.667915,-2.047474,24.928923,17.200321,4.828366,1.632212,-0.196154
33,306,2.391760,-1.912274,-1.536183,2.239075,-0.863677,-1.558058,-1.428612,2.909058,1.555160,3.124720,-0.216077,-2.243132
33,307,3.342409,-1.576044,0.691500,1.103824,-0.592955,-5.396447,-3.327940,2.621038,0.223613,2.565428,1.617233,-1.650757
33,308,2.472379,-1.662896,-1.723295,1.943378,-0.098037,-2.946413,0.100547,2.384415,0.733196,2.467888,0.219029,-0.248064
33,309,2.515033,-1.827163,-1.828710,-1.281194,-0.767446,-1.073704,-1.695680,1.864773,-0.161305,1.988674,0.789601,-1.862610
33,310,2.183567,-1.380967,-2.754475,0.158938,-1.538869,-3.555800,-2.036898,2.016651,1.184994,2.284001,0.500160,-0.071635
33,311,3.465074,-2.043906,-3.561455,-1.273468,-0.537109,-2.415865,-2.370382,1.493385,0.136524,1.074242,0.405433,-1.751509
33,312,3.843824,-1.555173,-3.002654,2.049611,0.278260,-1.686261,-2.015706,1.387452,0.673811,2.362000,2.019609,-1.635176
33,313,3.574729,-0.654034,-2.688031,-1.931150,-0.502844,-4.244604,-2.008939,1.136415,0.505993,2.748173,1.613482,-3.283103
33,314,3.155232,-1.229749,-3.087681,0.518612,-0.815110,-7.781076,-1.934571,2.736205,0.373005,1.946149,1.108958,-1.333130
33,315,0.011675,-2.311154,-2.067036,-0.840344,-0.327440,-0.040724,-1.043155,3.414762,1.308609,0.216413,0.993349,-2.152867
34,316,105.855259,0.359172,-2.723773,261.539189,-2.909716,-735.324212,-4.909097,256.405314,175.314739,4.381239,0.990404,0.036016
34,317,206.349686,-0.183121,-3.768040,269.852964,-3.968293,-1090.783734,-2.060178,134.687911,27.340258,3.060779,0.400852,2.149450
34,318,79.371173,0.289365,-2.319255,101.207831,-3.387046,-1711.898767,-3.495021,308.170160,36.665221,4.818303,0.762545,1.473120
34,319,220.171539,0.823201,-4.002010,-40.927983,-2.868776,-544.668738,-2.693158,374.134497,222.655513,4.363396,1.319141,-0.871435
34,320,191.504958,-0.914442,-2.488032,-643.259307,-3.733583,-680.110633,-3.526531,353.305361,24.401095,4.820114,0.519025,1.083795
34,321,257.066556,-0.126655,-4.529097,235.120169,-3.486678,-428.933424,-2.602160,150.819030,259.518443,4.397557,1.305195,0.997828
34,322,157.550626,0.357999,-1.568562,54.825898,-4.177767,-1573.746503,-4.087014,235.420719,292.356914,5.249820,2.016335,-0.107919
34,323,172.588695,0.188902,-3.691309,-62.309138,-3.229961,-296.890662,-1.747214,151.822793,244.368217,5.462122,0.552535,0.475137
34,324,135.659323,-0.396804,-3.582960,57.854060,-2.705177,-993.633131,-0.091507,150.852907,5.706228,3.765783,1.201474,-1.121125
34,325,143.338173,0.186152,-2.444838,-242.262805,-3.743571,-747.237171,-0.138961,423.832522,150.681917,3.938012,0.563579,-0.799103
35,326,0.567603,-1.632505,-1.980546,2.934238,-0.411055,-0.695096,-5.686241,3.208508,1.139176,3.092823,1.248611,-1.864192
35,327,1.794063,-2.004742,-2.043154,-2.087820,-1.652487,-0.876690,-1.923398,0.942487,0.019275,3.260262,1.647822,-0.350138
35,328,2.506220,-1.824989,-2.757094,1.666118,-0.429605,-4.233741,-2.680939,0.627822,0.779958,2.747647,0.817293,-1.654816
35,329,3.458300,-1.897702,-1.190081,1.405502,1.468993,-2.358045,-3.591752,2.379106,-0.582760,3.136087,0.362889,-3.073509
35,330,0.842009,-2.205049,-0.589036,1.710727,1.245086,-2.294847,-3.985201,1.988194,1.006297,3.705209,0.526010,0.576538
35,331,1.366877,-2.303162,-1.067456,0.665765,0.697156,-2.637488,-1.472492,2.770463,0.189141,3.611645,0.882856,0.567125
35,332,1.731771,-2.531687,-1.056713,3.294022,-0.461569,-4.119409,-2.380678,0.818403,-0.179254,3.425632,0.226938,-0.480862
36,333,296.455877,-0.857231,-1.642452,183.648126,-4.984958,-264.071141,-2.527848,341.417482,97.267649,5.155933,0.439571,0.341307
36,334,212.323504,0.111279,-3.600715,797.341383,-2.415382,-311.027123,-1.209558,239.431979,-15.227460,4.914140,-0.006578,1.124613
36,335,353.640545,-0.230311,-1.971145,-1.184155,-3.420934,-149.792188,-1.172447,329.653073,42.129236,5.143962,1.894457,1.165955
36,336,198.486562,-1.104442,-2.577033,505.385567,-3.876890,-614.483087,-2.198198,243.340495,-122.941772,4.157368,0.506258,-0.621021
36,337,39.054728,-2.072169,-2.264763,251.929382,-3.434819,-1105.516947,-2.990165,230.548006,141.642990,5.011298,-0.581797,-0.658453
36,338,251.148304,0.152302,-2.683257,295.176713,-2.362497,-749.523841,-1.196474,229.195912,365.973526,3.944630,0.227407,0.394586
36,339,171.941975,-0.197683,-2.766847,389.513855,-3.552825,-19.489660,-2.501332,236.311257,129.998264,4.049438,0.969041,-0.454191
36,340,147.658323,-0.807759,-3.010051,189.785490,-2.008856,-670.585050,-0.651367,180.339028,158.582776,4.716118,-0.342030,-1.056928
36,341,111.236599,-1.897288,-3.560666,-63.474488,-3.317822,-2247.610048,-2.811943,241.803878,91.860190,4.655584,1.284634,-0.964618
36,342,4.174043,-0.166184,-4.046299,91.673130,-4.744626,-1097.134220,-0.569701,181.975728,93.062450,4.199807,0.641671,-0.373290
37,343,2.184761,-1.384141,-2.687125,0.894192,-0.386151,-4.460941,-3.152567,2.590954,0.364219,2.925673,0.910794,-0.527073
37,344,3.735749,-1.835418,-2.606875,3.428292,-0.482771,-4.228202,-2.429589,2.645098,-0.028098,3.676344,1.457407,0.566544
37,345,1.023226,-1.170912,-1.394117,2.298061,0.076246,-1.716941,-3.258335,-0.320894,0.184184,2.726696,0.882462,-0.742633
37,346,3.014942,-2.484196,-2.226066,0.871945,0.490716,-0.239215,-2.272560,2.510257,1.431295,3.120945,1.301902,-1.258800
37,347,4.276589,-1.924614,-1.986652,0.800547,0.764368,-9.031791,-0.309074,1.745018,1.301256,4.506816,1.502105,-1.172668
37,348,3.266953,-2.869168,-1.744229,2.125805,-1.370406,-3.966361,-2.334277,-0.390437,0.428816,3.726591,0.968417,-1.044789
37,349,3.262579,-2.883011,-2.082410,-1.765513,-0.324632,-4.853520,-2.808029,1.330020,1.030347,2.308856,0.831915,-1.518488
37,350,3.590255,-1.957493,-2.222573,3.456142,-0.971233,1.196367,-0.762064,1.170324,-0.357102,2.590469,1.406970,0.014713
37,351,0.208718,-1.777961,-2.550936,-1.211600,-0.937548,-3.555314,-3.243408,1.969495,0.084603,3.007995,0.337737,-1.290307
37,352,2.658139,-3.206868,-1.416476,1.872786,-1.714515,-2.052726,-1.287179,2.842092,0.044779,1.364133,1.284170,-2.250774
38,353,269.305135,0.107713,-1.216844,-20.982177,-4.278311,-218.807651,-3.264474,31.141426,-93.346745,3.619739,0.285952,0.811449
38,354,227.240921,-0.412609,-4.198532,296.806122,-2.500380,-268.383148,-3.607754,143.229991,33.316049,4.214294,1.357727,-0.093366
38,355,197.729428,0.072187,-3.661900,196.425891,-2.932061,-1124.335552,-0.874090,436.334274,140.675647,4.034514,1.116919,-0.040485
38,356,228.680655,0.166085,-3.601483,37.189111,-3.333084,-1249.117163,-2.483244,276.682782,204.138611,3.372927,0.283760,0.152858
38,357,184.700211,-0.220881,-1.692156,139.933660,-3.636815,-924.656387,-0.236956,324.500634,-5.659900,5.662579,1.403743,-0.470711
38,358,103.416703,0.994459,-3.123332,212.408897,-4.031766,-743.813176,-2.500439,450.528377,-134.773229,4.905391,1.060225,-1.172157
38,359,123.148275,-0.380468,-2.661717,510.578829,-3.704852,-608.049476,-1.583127,147.287032,281.598421,3.456690,1.143049,-1.142587
38,360,77.976486,0.574542,-3.014666,151.046851,-3.761364,-22.676613,-2.532543,302.600105,-12.008367,4.834273,1.432613,-0.578478
38,361,157.106670,-1.252879,-2.913993,61.381560,-4.238478,288.324981,-2.920589,295.136871,-17.751188,4.904515,0.815566,-0.878746
38,362,95.810920,0.331618,-3.117350,255.626418,-4.185791,-374.801889,-0.267113,288.264257,78.993973,4.287269,1.137098,-1.945930
39,363,1.741869,-1.610052,-2.254436,3.163703,-1.933471,-2.250495,-3.581032,0.989659,1.229648,2.491949,1.537358,-2.322880
39,364,2.088647,-1.453849,-3.612075,0.775093,-1.033151,-4.593623,-3.213854,1.334494,-0.065143,3.433388,0.755553,-1.316989
39,365,0.136332,-1.903471,-1.783206,0.462913,-1.223855,-2.991839,-0.972883,2.235871,1.376454,2.149248,1.090874,-3.321188
39,366,2.633795,-2.513845,-1.609232,-2.145063,-1.934453,-3.102852,-2.455211,2.644422,0.613474,2.213073,1.948742,-2.076844
39,367,1.947742,-2.736772,-2.243367,-1.891727,-0.166417,-3.397459,-3.339122,0.844486,0.817442,2.550248,1.138245,-0.512223
39,368,3.313418,-1.334832,-2.188349,0.174837,1.051092,-3.456749,-3.528876,1.189964,1.024712,4.160930,1.168620,-2.634137
39,369,1.926335,-2.222169,-2.183872,0.194471,-2.226893,-3.255049,-1.587650,2.306634,0.657424,3.415342,0.417454,-2.641713
39,370,2.196002,-0.574644,-3.302180,-0.224217,-0.821445,-3.427084,-2.629051,2.685809,0.725795,2.379486,1.010522,-0.747819
39,371,2.424517,-2.057840,-2.186269,-1.593551,-1.522848,-6.022448,-2.621558,2.956153,0.674511,3.066716,1.073326,-1.865435
39,372,3.911446,-2.131299,-1.353931,-0.269319,-1.199695,-3.113554,-1.872917,1.812582,-0.090921,2.778781,0.134933,-1.951663
40,373,2.986980,-2.631146,-2.658019,0.048942,-1.265757,-4.469728,-2.170102,2.684577,1.139439,3.371239,0.665777,-0.823529
40,374,0.344709,-1.720950,-2.559433,2.733131,-1.719016,-2.904135,-1.075808,1.270964,-0.573226,3.610269,1.389384,0.201494
40,375,2.657736,-1.226038,-1.372841,3.724513,-0.708993,-0.791243,-1.050513,1.800274,0.992295,2.440433,-0.051936,-3.146529
40,376,2.445373,-2.034253,-1.109735,0.905047,-0.411402,-2.222548,-0.967484,4.264347,-0.066960,3.208894,0.870058,-0.382566
40,377,2.459550,-2.471642,-1.831102,1.163934,-0.976502,-0.757394,-2.444089,2.855449,0.788034,3.142023,0.320831,-0.052880
40,378,3.028953,-1.685860,-1.272246,1.369718,-0.986975,-2.156622,-2.850141,3.000041,0.702295,1.884901,1.675602,-3.167546
40,379,3.044855,-2.342627,-4.725637,2.676802,2.061814,-4.347171,-0.134106,2.270117,0.674821,3.031953,1.769781,-2.739165
40,380,0.637063,-2.405239,-2.529533,1.370955,-1.613681,-1.626358,-2.138405,2.291890,0.117043,2.720582,0.806898,0.184873
40,381,1.744561,-3.098555,-1.892804,1.264355,-0.204007,-2.872158,-0.923411,3.060997,0.967532,3.680882,1.398521,-2.034407
40,382,3.855227,-1.441319,-0.782876,4.229097,-0.258192,-4.092095,-1.225793,1.867094,1.041094,2.670932,1.534192,-0.415728
41,383,2.218217,-0.656813,-2.474550,-2.077360,-1.262313,-3.654751,-2.692305,2.086860,-0.549297,2.546770,1.264331,-0.974067
41,384,2.425000,-1.984681,-1.521936,0.942892,0.729782,-3.495258,-1.895501,1.142921,-0.226047,2.912472,0.709231,0.736701
41,385,1.172920,-2.488415,-2.455241,1.968053,-0.058250,-3.144388,-2.977613,3.197080,1.522580,3.114839,0.359108,-0.151981
41,386,1.147327,-1.933397,-2.044149,-0.559070,-0.329810,-3.371454,-3.736752,1.700754,-0.408175,3.138750,1.737421,-2.368086
41,387,1.549727,-0.904242,-4.538902,-2.269242,-0.380014,-2.605666,-2.236413,3.914120,1.006742,1.278127,1.192010,-0.952965
41,388,0.986427,-1.650505,-2.307059,2.378083,-0.348485,-3.188268,-4.438510,0.800372,0.682902,2.914996,0.957579,-1.221361
41,389,2.032593,-2.540524,-0.993499,2.577656,-0.714853,-2.447887,-2.743463,3.102381,1.208625,3.294411,1.367045,-0.749484
41,390,4.341756,-1.648387,-2.034038,1.381405,-0.681178,-3.133033,-3.183578,2.617728,0.658208,3.182225,1.440447,0.206266
41,391,1.524856,-2.795659,-2.312444,-1.002643,-1.272316,-6.215826,-1.254086,1.828166,1.466846,3.540691,0.887128,-0.654977
41,392,2.667001,-1.381451,-2.169749,-0.055177,-2.268480,-3.331142,-4.067184,1.765040,1.351088,2.749264,0.578807,-2.560569
42,393,267.459528,-0.182655,-3.322092,-100.098123,-2.538736,11.998120,-3.188844,225.930622,153.933409,2.899072,1.346859,0.254230
42,394,132.629228,0.091456,-2.299112,-555.507060,-3.332905,-505.487149,-2.577198,344.893565,16.863144,3.832064,0.185262,1.354479
42,395,119.937721,0.393088,-2.250818,-306.008991,-3.152169,-436.363546,-3.232892,152.362144,41.453770,4.008808,1.962209,-1.432268
42,396,161.123118,-0.584665,-2.260429,-127.376838,-2.580147,-1937.709977,-0.888538,247.609760,-14.228572,3.866475,1.329334,1.598532
42,397,239.639607,-0.115375,-3.827439,-53.642446,-3.110208,-442.306365,-4.491598,69.226543,14.960299,4.724254,0.904382,0.076094
42,398,229.291523,-1.548540,-3.898064,359.978757,-2.916438,-602.076400,-2.419068,286.606089,3.937423,4.360754,0.615347,0.912600
42,399,298.297998,-1.439669,-1.729867,219.060318,-3.383003,-130.635767,-0.974705,201.234393,164.999970,4.039712,1.250496,-0.598946
42,400,176.518215,0.979330,-3.348419,-171.902574,-3.679424,24.882114,-4.405322,227.543144,-30.561757,4.677744,1.039750,1.095733
42,401,228.852930,0.230024,-2.042851,41.597462,-4.191545,-765.540414,-1.221924,401.314828,116.464285,4.214823,1.380965,-0.539801
42,402,144.097760,-1.121726,-2.467354,457.029370,-2.975287,-335.973050,-3.415667,288.317785,126.649464,4.522367,-0.007438,-0.244363
43,403,1.710054,-1.380985,-3.104327,2.151554,-0.217405,-4.119676,-3.633625,2.930721,1.197775,3.427902,0.685733,-2.343681
43,404,3.573643,-2.611613,-1.818568,2.729365,-0.027147,-2.617792,-2.748638,1.881691,0.848583,2.223876,0.189632,-1.692486
43,405,2.700700,-1.515474,-1.059137,5.161367,-2.156857,-3.027631,-1.085082,1.121024,1.708379,4.108243,1.683172,-0.031442
43,406,4.631862,-1.152891,-1.975817,2.553734,-0.768509,-1.156884,-2.332970,2.014400,0.682371,2.650421,1.121184,-1.033622
43,407,1.931114,-1.789784,-1.958360,0.277473,-0.479021,-4.305758,-3.370322,2.537389,0.259883,2.944941,0.774917,-2.133613
43,408,2.054171,-2.930264,-2.536487,-1.193126,-0.516487,-3.020777,-2.783291,1.800742,0.537409,3.832011,0.596495,-1.417910
43,409,4.606123,-2.293825,-3.987069,-0.324794,-2.995711,-4.648496,-4.172316,2.843588,1.077100,2.130785,0.892771,-1.027834
43,410,3.471842,-1.152357,-1.988119,0.327686,-1.924943,0.257450,-1.630701,1.923043,0.317910,3.011762,0.819917,-0.103811
43,411,3.604096,-2.104343,-3.102719,0.155131,-1.503502,-3.208098,-4.071809,2.565614,0.087401,3.613654,1.653361,-0.129627
43,412,2.038401,-1.661437,-3.114219,1.458373,0.481963,-4.582160,-1.778424,2.351043,-0.966226,3.302524,0.766603,-0.480653
44,413,2.563250,-1.712774,-1.597966,0.381937,-1.158402,-3.694662,-3.117400,2.003743,0.358899,2.779983,1.529895,-1.993896
44,414,3.180740,-1.759794,-2.539208,0.968353,-0.989521,-2.683333,-2.041568,3.088912,-0.102335,2.339399,1.218726,-0.656276
44,415,-0.855129,-2.399595,-0.938861,1.664141,0.057958,-4.209180,-1.772772,5.142400,0.151056,3.049697,1.286761,-0.760604
44,416,2.935801,-0.988010,-1.591799,3.426180,-1.780213,-0.489993,-2.782814,1.273847,0.391664,3.408812,0.854519,-1.136686
44,417,1.357510,-1.005655,-1.742290,-0.384100,-1.516504,-1.872984,-2.639036,1.916868,1.192925,3.499148,0.760364,-0.660950
44,418,2.480768,-2.212340,-2.693733,0.769610,-1.702883,2.081829,-3.821832,0.766281,1.193575,3.551561,1.848329,-1.639807
44,419,2.275711,-2.513035,-2.162256,0.098813,-1.008531,-1.630320,-3.106774,1.721494,-0.161604,3.878133,1.578641,-0.581572
44,420,3.113873,-3.219522,-1.773804,-0.697914,-2.051371,-0.970461,-1.645686,0.572758,-0.211136,3.826102,1.016779,1.415863
44,421,3.676549,-1.062071,-1.346175,1.473841,-0.229619,-3.762586,-4.105976,2.854973,0.566666,2.698029,2.010054,-0.577538
44,422,2.700241,-1.950443,-2.692927,-0.431222,-1.222727,-4.690915,-0.422951,2.164737,1.274322,2.749359,1.679447,-1.074152
45,423,203.238188,-0.063646,-1.776924,20.999500,-4.800881,-346.463335,-1.466414,233.032435,-9.543332,3.650836,0.419696,1.066936
45,424,189.963318,-0.355728,-2.210558,136.461902,-2.332171,380.608819,-2.207997,190.913132,136.432584,4.673683,1.317159,0.308808
45,425,119.130283,-0.152092,-3.556258,297.041328,-3.599026,-1140.034785,-3.589819,130.359716,-19.584018,4.499555,1.409046,-0.305058
45,426,149.538167,0.230951,-3.186090,-218.463449,-2.844102,-583.525439,0.762371,215.174970,86.608533,5.048462,0.537832,0.253289
45,427,287.287326,-0.181175,-3.046690,62.403178,-3.976664,-89.271656,-1.908656,457.511314,17.204620,4.335839,1.901613,0.543524
45,428,242.866191,-0.607294,-1.654043,348.203899,-2.652159,-618.354436,-4.315646,73.603655,171.540912,3.736836,0.094172,-2.298470
45,429,138.420566,0.010568,-2.423129,98.152898,-2.765255,-1380.719201,-4.589424,169.531842,-102.209366,3.493036,0.362820,1.924533
45,430,149.663495,-1.371925,-2.500255,-157.881575,-2.312866,-499.847217,-4.328397,353.598517,119.399253,3.987270,1.736428,-1.088361
45,431,101.563654,-1.329471,-1.436062,575.972356,-4.780444,-1031.780567,-1.982822,265.090014,226.736846,4.488805,-0.037265,-0.578969
45,432,126.189832,-0.536154,-3.225719,822.822169,-4.073776,280.139874,-2.429035,316.081437,242.851715,3.183822,0.262332,-0.621440
46,433,3.104057,-0.978025,-1.933944,0.047818,-0.351560,-2.932062,-1.490090,1.594026,-0.204497,2.816442,0.337268,0.290000
46,434,1.218455,-2.155567,-1.803034,0.177334,-0.056530,-6.124217,-0.864482,3.145735,1.580401,4.467195,-0.081831,-0.395667
46,435,1.730611,-1.523467,-1.488856,-2.265233,0.217314,-1.675443,-2.188975,1.614742,0.626689,3.072507,0.619605,-2.293643
46,436,3.996599,-0.706641,-2.397072,-0.468544,-0.588321,-2.973145,-3.546291,3.519998,0.668817,2.918663,1.168934,-1.275744
46,437,2.850989,-2.193268,-0.751951,2.916750,-0.793933,-4.713880,-2.406097,2.799183,0.936012,1.180810,0.896136,0.037012
46,438,2.345225,-2.574679,-2.888029,2.584616,0.354244,-2.738630,-2.607177,3.474555,0.052958,3.044729,0.327809,-2.545962
46,439,2.087810,-2.261934,-2.178779,0.048749,-0.313040,-0.189006,-1.855341,2.746211,0.816280,3.054323,0.399995,-2.660667
46,440,3.396899,-1.866645,-2.680743,-1.423318,-0.578075,-2.358156,-1.478076,2.807570,1.438527,2.921596,0.023894,-0.220572
46,441,2.361267,-1.883821,-2.577669,0.491796,0.898324,-1.949674,-4.867928,1.878378,0.312667,2.697222,1.249597,-1.317478
46,442,3.168534,-2.657405,-1.394269,1.556567,-0.464893,0.399276,-1.069555,2.489404,1.117918,2.881329,1.357567,-1.378910
47,443,2.899270,-2.107745,-0.903358,3.019401,-0.439066,-5.491220,-2.393352,1.177629,2.169593,3.076080,1.364058,-1.582661
47,444,1.354262,-2.587663,-1.030461,0.514097,-2.397122,-2.128895,-2.349772,2.338547,1.407194,3.065041,0.988898,-1.150716
47,445,3.911464,-2.087255,-2.523555,3.479190,-1.671412,-1.293378,-2.341761,1.846411,0.217367,2.238457,1.297799,-0.213585
47,446,2.945723,-1.308774,-2.382107,1.996431,0.276777,-3.342365,-3.068654,3.360024,-0.212935,2.078516,0.413574,-1.389213
47,447,0.037097,-2.873460,-2.349675,2.194077,-0.674791,0.683641,-2.193284,0.688171,-0.251812,4.295283,1.288308,-1.128769
47,448,3.073265,-1.990586,-3.309393,-3.312464,0.706867,-5.646262,-2.892744,0.968096,0.909345,3.177841,1.500696,-3.294437
47,449,3.052314,-0.906323,-3.935000,-1.062643,-0.715264,-3.395683,-2.248554,1.783110,0.546275,2.928481,0.676988,-1.819755
47,450,2.657301,-1.848427,-1.028648,-1.664868,-1.788583,-3.264617,-2.202964,1.718459,0.006887,2.367296,0.738972,-0.266732
47,451,0.180678,-1.390895,-0.571659,4.590098,-0.270311,-5.711961,-1.840045,1.240704,-0.009140,3.043313,1.741258,-1.832828
47,452,2.182458,-2.153600,-3.182320,0.122404,0.768706,-3.109308,-3.157755,2.028497,-0.038782,3.436330,0.593893,-1.600153
48,453,160.331536,0.370681,-3.089027,301.229586,-4.229326,-373.215316,-1.835057,420.177490,199.679867,3.082110,0.265817,0.070956
48,454,212.005124,0.044499,-3.624582,497.415219,-3.851486,-379.835326,-0.905672,344.236668,166.800004,3.903919,1.512836,0.197593
48,455,62.532509,-0.081157,-2.404539,-44.484722,-3.840200,-1123.163862,-2.090110,208.666600,-4.826826,3.747554,0.542139,-1.007376
48,456,193.369249,0.083113,-3.405371,334.522927,-1.806172,-1108.794365,-3.301717,238.182405,109.345636,2.895807,0.223865,1.189269
48,457,286.588430,0.399465,-2.232126,287.961351,-3.762531,-856.239532,-2.629755,157.877371,198.871750,5.286892,0.276302,0.072342
48,458,214.493078,0.507144,-2.815988,-157.205344,-2.775026,-451.715670,-2.701615,277.667101,65.120267,4.488671,1.634155,2.244321
48,459,57.847133,0.462416,-0.031682,133.380037,-2.810068,60.692169,-1.215651,217.164076,33.910134,4.831151,0.874266,1.795413
48,460,185.738916,0.175109,-4.351438,112.205021,-4.463940,-648.474977,-2.813475,162.406288,-10.941540,5.082613,0.204183,-0.426647
48,461,322.211309,-0.405578,-4.361387,324.808822,-2.874034,-1660.136198,-1.661843,243.316555,120.726199,4.704070,1.063844,-1.317629
48,462,89.456522,-0.708564,-3.684928,208.887802,-2.572141,-466.575696,-3.082853,170.643004,109.523595,4.097469,0.940562,-1.219583
49,463,3.432384,-1.925661,-1.508070,0.842299,-0.375757,-2.580844,-1.408218,2.712397,-0.184384,2.906740,1.110967,-2.126011
49,464,3.125535,-2.128620,-2.035916,2.128473,-1.558035,-5.407385,-2.772471,2.795887,1.034372,3.861562,0.949383,-0.102557
49,465,0.878418,-1.488255,-2.281956,-1.688241,-0.340185,-1.557127,-3.070725,1.729595,1.276049,4.095580,0.704376,-2.780571
49,466,3.278370,-0.866741,-1.909790,3.819486,-0.214640,-2.443408,-2.264371,1.016727,0.562665,3.304128,1.580795,-0.110262
49,467,2.802195,-1.451360,-3.053095,0.808665,-0.078395,-3.131661,0.069927,1.113589,0.738647,3.528267,0.379467,0.752042
49,468,2.517051,-1.476189,-1.666124,2.532146,-2.659214,-0.828372,-3.892913,2.489384,0.757134,2.855891,0.855223,-0.621424
49,469,3.618813,-1.960336,-1.796140,3.907190,-1.947651,-1.399159,-2.892728,1.759904,-0.606685,3.578922,1.638954,-0.753672
50,470,253.240710,-0.351170,-1.769337,-203.514887,-3.505432,-950.276278,-0.620076,282.226251,5.170196,4.103760,1.690318,-1.360472
50,471,319.796223,0.066896,-3.214475,-90.609118,-1.889330,-914.147816,-3.318407,294.149416,-44.463117,3.364586,0.556582,-1.221795
50,472,153.827401,0.589233,-1.698250,-51.694425,-4.435365,-302.581265,-0.950839,200.168306,148.718633,3.455022,0.228524,0.514854
50,473,131.743368,1.400415,-2.166496,-218.737935,-3.965265,-625.604533,-1.492534,251.931239,59.816258,3.349123,0.872988,-1.612782
50,474,202.897466,-0.032269,-3.112213,225.613623,-1.931487,97.562539,-1.021336,172.446407,-1.778271,4.619914,0.758070,-1.070669
50,475,67.131929,0.544744,-1.914567,395.701097,-2.806707,-434.766917,-4.180447,408.977764,-27.234425,4.873078,1.061024,-0.725630
50,476,237.547095,-0.907769,-1.843839,-6.171417,-2.351764,-467.599405,-1.592952,108.714585,118.887674,4.813940,1.124944,-0.050236
51,477,2.308709,-2.559009,-1.133801,-0.344578,-1.055602,-2.621817,-2.687256,1.752929,-0.590224,3.506906,1.385588,-0.371119
51,478,3.459887,-1.972635,-0.107387,2.022742,1.234467,-2.468200,-1.780562,1.664516,0.712789,2.211594,0.278258,-0.051414
51,479,1.068868,-2.875369,-2.550214,-0.104566,-0.187221,-6.154685,-3.889589,2.455286,1.189414,2.573127,1.254266,-1.342637
51,480,3.180851,-1.966039,-2.396242,-0.418521,-0.976442,-4.080430,-0.547688,0.798561,0.024188,2.844909,0.607112,-0.165870
51,481,3.437209,-3.098735,-3.169656,1.181345,-2.149656,-2.025327,-4.009422,1.187243,0.521501,3.003066,1.943317,-1.125420
51,482,1.132074,-2.116535,-1.102871,1.249193,-2.345924,-7.131817,-0.661057,2.536800,0.351569,2.832299,0.568994,-0.489542
51,483,1.760292,-2.067029,-1.575805,1.678207,0.175848,-1.237839,-3.542427,0.662108,-0.124121,1.883617,1.002985,0.843832
51,484,2.828991,-1.665020,-1.861211,1.872415,0.959312,-2.591382,-2.340019,3.261540,-0.772716,3.769504,1.464938,0.478735
51,485,1.926715,-1.573047,-2.367791,-0.983604,-1.396979,-5.897264,-1.712844,1.722089,0.890238,3.131298,1.068020,-0.028912
51,486,2.433345,-1.737580,-1.931249,0.809728,-1.396808,-0.432976,-1.670095,3.288023,0.274439,2.881936,1.215340,-1.039493
52,487,2.463698,-3.435358,-2.406652,1.378813,-0.292590,-0.192879,-0.542527,1.855013,0.237582,2.973207,1.470676,-0.416057
52,488,1.832919,-2.195231,-4.376077,1.264148,-1.284130,-3.434760,-5.186496,1.680755,-0.035490,2.826012,0.535178,-2.364052
52,489,1.700932,-2.198097,-1.966308,3.280532,-0.072957,-3.218643,-2.743820,1.018381,1.123428,3.405820,0.314083,0.604372
52,490,2.577653,-2.622734,-1.296152,-0.981857,-1.652520,-1.352221,-3.403437,2.415526,1.561218,3.855398,1.545045,-1.065142
52,491,2.116982,-2.514029,-2.903449,1.911813,0.122332,-1.993406,-1.851411,2.794662,-0.053539,1.992401,0.327536,-2.173621
52,492,4.376565,-0.991751,-3.216350,3.200577,-0.641649,-2.721549,-0.708937,2.801940,0.234455,2.434157,1.598551,-0.959671
52,493,0.724559,-2.876709,-1.560762,-0.447995,-0.294268,-4.629455,-2.711069,2.276243,0.504474,3.128336,1.045089,-1.070697
52,494,3.687782,-2.597105,-1.271883,0.889758,0.070613,-4.052695,-1.787789,2.285073,-0.985143,3.572389,1.359865,-0.935804
52,495,2.760412,-2.479007,-1.266199,1.467322,0.408404,-0.958207,-3.928935,2.513694,-0.120584,1.837122,1.383582,0.111504
52,496,4.444526,-1.754694,-1.539246,0.567691,-0.804395,-3.482821,-4.933463,2.443945,-0.003262,1.716356,-0.132115,-0.569246
53,497,1.932350,-2.680250,-1.541920,-1.494906,-0.592744,-0.239339,-3.826861,1.973090,0.402830,3.205225,1.278540,-0.206406
53,498,4.835174,-1.219003,-3.150521,2.445579,-1.098727,-3.252381,-3.140514,2.149309,0.474350,2.640542,2.099588,-0.058247
53,499,2.624991,-2.892384,-4.666740,-1.181122,-0.655527,-3.574652,-1.801546,2.719719,-0.145042,3.245341,0.664039,-1.435729
53,500,1.353787,-2.032646,-0.523935,-2.233830,-1.087154,-1.847463,-2.738525,1.929686,-0.133010,2.888139,0.682532,-0.769484
53,501,3.732666,-1.096348,-1.685588,0.073126,-1.098353,-3.384553,-2.035808,1.300972,-0.093871,2.436672,0.330902,-1.602893
53,502,1.495439,-1.230829,-2.328255,1.153806,-0.176768,0.856117,-2.142106,2.069206,1.380507,2.470882,0.641381,-1.269717
53,503,2.920487,-1.673888,-0.390648,0.160059,0.041779,-3.176476,-2.860884,2.374347,0.703120,2.887415,2.087895,-2.963473
53,504,3.493968,-0.768717,-2.019914,2.678247,-1.047255,-2.158337,-0.576979,2.931224,1.125135,3.444784,0.202232,-1.435436
53,505,2.574909,-0.589287,-3.243266,-1.491265,-1.908040,-0.152867,-3.648409,3.077768,0.915339,3.357315,0.479125,-1.147402
53,506,1.379042,-2.291314,-2.430623,-1.032452,-0.702666,-4.730766,-4.439945,2.655794,-0.508539,1.226379,0.354511,-2.689727
54,507,2.116727,-2.428067,-3.194204,-1.442767,-1.788430,-2.095493,-2.941982,0.873038,1.662212,2.956396,1.020920,0.756946
54,508,1.391784,-1.648324,-2.979383,2.521764,-0.676726,-2.391762,-0.993532,2.725711,0.014761,3.790739,1.210678,0.729989
54,509,3.984075,-2.760235,-2.339837,0.586932,-1.647330,-3.553019,-0.672511,1.441864,0.606691,3.126176,1.128920,-1.441347
54,510,3.658997,-0.620237,1.079180,1.259632,-2.038470,-1.316651,-1.421139,3.093738,0.416517,2.434232,1.248992,-0.023174
54,511,4.055946,-2.995565,-0.574346,-0.035078,-1.609228,-3.792118,-2.665486,2.318959,1.176108,2.909839,1.417906,-0.769926
54,512,1.533443,-1.526785,0.451122,2.905543,-0.489757,-1.950203,-2.743729,2.965220,0.883394,3.560348,0.874712,-2.130796
54,513,0.876160,-2.171927,-2.591985,0.327788,-1.052287,-3.290345,-2.005223,2.793544,-0.161625,1.819675,1.116572,-2.544677
54,514,1.692382,-1.820098,-2.896200,1.388570,-1.401607,1.020396,-3.193073,3.586304,1.001912,3.216290,1.002215,-0.696034
54,515,2.337486,-2.570285,-0.165825,-1.563158,-0.750569,-4.496733,-4.534609,2.724989,-0.866581,1.974117,0.839386,-0.100849
54,516,3.297061,-2.959486,-4.712069,1.216681,-1.046802,-0.894197,-2.762201,2.787511,0.241784,3.577493,0.073720,-1.384879
55,517,3.201467,-2.902673,-0.533701,0.619104,-0.784321,-3.461098,-0.384378,2.246108,0.712899,2.620048,0.740381,0.487061
55,518,1.870966,-1.557213,-2.419210,3.416320,-1.863951,-2.125191,-3.703172,2.438905,0.860257,2.948216,1.847083,-3.089617
55,519,2.340401,-1.675925,-1.872845,0.190947,-0.580943,-0.732463,-2.118054,2.508769,0.597944,2.374417,1.785798,-0.252264
55,520,3.443343,-1.987232,-2.740049,1.248392,0.285037,-4.095090,-1.973885,2.412134,0.450733,2.385073,0.628639,-3.364219
55,521,2.737773,-1.192056,-0.931763,-1.425440,-0.349688,-2.119729,-2.292988,2.510444,0.686422,2.857566,0.154901,-1.590221
55,522,2.587074,-1.068229,-2.192596,-1.130495,-0.835723,-3.130112,-1.516442,2.977254,1.621445,2.602955,1.563517,-0.544521
55,523,1.682378,-1.823047,-0.786428,1.290020,0.615020,-5.658328,-0.959158,2.293412,1.272996,2.348470,0.670571,-2.204438
55,524,2.876293,-1.115670,-1.905562,-0.673200,-1.058301,-0.244008,-2.428894,2.068201,-0.034285,3.092914,1.151682,1.606586
55,525,3.744795,-2.165405,-2.318616,-1.403772,-0.352855,-1.190843,-3.459561,2.685153,0.399015,1.862219,1.201140,-0.505989
55,526,2.818044,-1.078489,-1.306157,-0.967567,-0.835927,-1.061792,-0.598277,2.570789,0.941738,4.075281,1.690630,0.624889
56,527,4.273475,-0.788353,-2.304094,-0.771065,-0.752290,-1.862002,-6.028052,2.277314,-0.101978,1.980149,0.922187,-1.480888
56,528,2.743971,-1.972849,-2.687671,3.487984,0.275854,-3.721727,-3.258287,3.651880,-0.192027,2.607336,1.429289,-3.515535
56,529,4.214664,-2.413691,-1.394851,2.763760,-0.954542,2.984225,-4.542532,2.616204,1.123021,2.815749,1.367738,-1.496421
56,530,2.300578,-2.766887,-2.580094,0.895279,-2.620902,-5.592010,-3.951585,2.457058,0.360199,2.167198,0.760302,-0.928481
56,531,3.231603,-1.773987,-2.096041,-0.031692,1.029804,-3.193454,-0.983697,2.595122,0.200224,1.844428,1.071127,-4.020471
56,532,1.236915,-2.343537,-1.733039,1.848747,-0.258913,-4.262898,-1.911799,2.535795,1.263945,2.629612,1.273643,-0.265506
56,533,1.240846,-1.764467,-2.859416,-0.511179,-0.204406,-5.288031,-2.047422,0.976633,0.243915,2.558149,1.068444,-0.405145
56,534,2.426233,-1.594108,-1.244694,-0.217745,-1.210874,-4.099317,-1.059214,1.924849,0.803253,2.748744,0.640444,-2.215568
56,535,1.760675,-2.019741,0.358013,0.362499,-1.618917,-0.256761,-1.105723,2.506208,0.572702,2.527050,0.169844,-0.560556
56,536,4.188399,-2.841596,-2.003960,3.988205,-1.782576,-3.748177,-2.507092,3.254946,1.469837,3.789742,0.883243,-0.254759
57,537,2.735652,-0.462819,-4.585691,1.814360,-1.612872,-2.141723,-2.132189,1.264630,0.097129,2.736838,0.572440,-0.285053
57,538,2.054777,-2.073222,-2.579013,2.055026,-0.419531,-4.021611,-0.626344,1.457800,0.025546,3.254201,0.905609,-1.636916
57,539,2.178816,-1.614261,-1.146614,-0.725396,-0.972928,-1.393429,-1.510496,3.110287,-0.227098,3.532346,1.715646,-2.237528
57,540,2.099872,-2.421846,-1.612080,3.118015,-1.340278,-1.106202,-4.291186,1.236516,0.390042,2.470702,1.644578,-1.697676
57,541,2.255113,-0.945288,-1.893013,-0.810581,-0.059442,-1.579827,-1.874856,1.874908,-0.337616,3.119631,1.475000,-1.310281
57,542,2.819855,-0.345675,-1.953466,1.808236,-0.818272,-2.727546,-1.316511,1.412799,0.480160,2.646190,-0.045804,-0.666025
57,543,3.613393,-1.542360,-0.662878,0.322684,-0.192810,-4.504305,-3.535376,0.150172,0.327301,2.562390,1.758053,-1.334828
57,544,2.035229,-2.156401,-1.868846,-0.237785,0.978400,-2.158999,-1.528564,1.435179,0.738851,3.622131,0.874472,-1.102168
57,545,2.949792,-3.181313,-2.222199,2.975273,-0.998438,0.754735,0.099277,1.547220,0.082732,2.175926,1.661410,1.365877
57,546,2.633223,-2.117664,-1.530561,0.902804,0.039080,-0.386869,-2.276803,2.077064,1.484526,4.032767,1.410217,-2.065630
58,547,208.790561,0.304225,-2.967460,-56.792659,-3.757694,-345.203753,-0.878539,215.018184,-94.081455,4.436671,1.064643,0.275964
58,548,241.678960,-0.256056,-2.121721,-129.007013,-3.047475,-755.385605,-2.232405,390.329374,31.034387,4.670698,1.107400,-1.975626
58,549,158.957797,1.114474,-2.302148,341.530592,-3.827471,-263.707557,-3.633754,239.960575,167.213292,4.004769,2.106806,-0.495568
58,550,147.953660,0.458050,-4.531427,329.089173,-3.560974,-751.200964,-2.437564,393.657940,-60.798927,3.366975,0.510204,-0.734095
58,551,225.363811,-0.125691,-3.225404,102.486198,-1.753616,-440.479585,-2.891095,131.236211,177.040788,4.248904,0.325508,0.329925
58,552,186.473555,-0.797205,-2.600399,17.743676,-2.114847,-480.641442,-4.008391,397.749007,-24.657023,4.389735,0.214331,-1.041042
58,553,188.393501,-0.124373,-4.338200,-20.951633,-2.624985,-1265.099792,-0.984914,184.842582,43.169817,4.980704,1.381511,-0.539839
58,554,169.153974,-0.426782,-3.068336,-74.557246,-4.128226,-1265.859292,-1.215988,329.234171,41.771949,4.180957,1.155608,-1.719101
58,555,209.976785,1.408547,-3.539962,379.729499,-4.726936,930.462295,-1.685568,177.885286,22.233721,4.284581,1.129306,-1.888755
58,556,185.954543,-0.640303,-2.383900,-123.403888,-4.516618,-243.528227,-4.343391,350.781362,62.843528,4.159271,0.662251,0.345480
59,557,3.633208,-1.600757,-2.712696,2.588347,-1.356156,-1.833877,-3.690347,1.383333,0.753516,3.063110,0.318175,-0.815206
59,558,2.643124,-2.700155,-1.702837,0.981763,0.694281,-1.344592,-4.561334,1.639606,0.684798,2.900808,1.301106,-0.985003
59,559,0.932963,-2.104661,-2.817696,2.642799,-1.049046,-6.537508,-0.167222,2.188174,1.844648,2.401667,-0.154142,-2.585288
59,560,2.671770,-2.058026,-3.129921,-2.531784,-0.684598,-3.424385,-2.676991,3.262379,0.930784,3.101016,0.713643,-2.379897
59,561,2.689911,-2.201230,-1.209029,-0.559226,0.078163,-0.274922,-4.435681,2.313063,1.372931,3.087432,1.550216,-2.157686
59,562,3.028684,-1.987622,-1.190818,1.285437,0.103601,-1.765533,-0.359914,2.760183,1.367829,3.017499,0.103295,-3.077708
59,563,2.612120,-2.816098,-2.757335,1.665482,-1.579562,-3.719954,-2.694271,2.293826,0.146543,3.095339,1.072149,1.449569
59,564,2.965673,-1.926139,-2.278744,0.015374,-2.426574,-2.751925,-2.589714,0.903370,0.622966,4.345092,1.387852,-0.061167
59,565,2.607014,-2.189548,-2.604427,1.906178,-1.332025,-4.412541,-1.172062,2.452328,0.643754,3.064189,1.468984,-2.220115
59,566,2.167658,-2.797068,-3.967137,1.377418,-1.180482,-3.426919,-2.460148,1.411651,0.339497,2.966640,0.179915,-0.497033
60,567,2.094308,-1.751196,-1.718569,0.321045,-0.932157,-2.000947,-2.689077,2.802863,-0.059190,2.555053,0.805048,-0.953388
60,568,3.137339,-1.292080,-2.849356,4.169175,-0.290017,-2.715920,-2.904852,2.081813,-0.247633,3.254894,1.173099,-0.401112
60,569,4.477480,-1.787480,-1.847992,1.030636,-0.309836,-4.824571,-1.925748,1.897351,-0.492413,3.241237,0.714955,-2.861838
60,570,1.469316,-2.336342,-1.722054,1.841921,0.287904,-3.033970,-2.742155,2.070853,0.398873,3.136450,0.748375,-0.341890
60,571,2.418705,-2.607596,-1.288237,-0.231835,-1.038934,-0.598724,-1.636247,2.426546,0.427380,3.032483,0.760366,-2.152501
60,572,1.150225,-3.125420,-1.279371,1.520779,-0.696335,-3.504213,-3.290716,0.630154,1.137181,3.448988,0.630912,-1.041341
60,573,4.022874,-1.516476,-1.968689,2.693597,-1.197678,-3.524834,-1.295031,4.233827,-0.124283,3.215172,1.538597,-0.750872
61,574,181.745079,-0.985358,-3.951636,-213.854129,-1.895391,-228.145098,-2.916430,319.603277,111.783901,4.147143,0.298957,-1.558515
61,575,166.768910,-0.155825,-3.156381,2.373888,-2.596151,-706.360775,-1.916777,30.572729,245.824120,4.191117,1.668742,-1.811061
61,576,241.954499,1.357943,-5.654059,376.106953,-2.786202,-407.612835,-3.002900,406.257618,-138.469353,4.729862,1.090503,-0.471274
61,577,207.103578,0.973426,-3.312419,-241.749115,-4.304462,-710.826993,-4.298217,473.885858,209.974141,4.215389,0.158337,-1.562029
61,578,238.707373,-0.102502,-2.749775,-154.082850,-3.206153,-796.211270,-1.557786,282.884754,138.148349,3.614136,0.048521,0.609471
61,579,150.718784,0.012294,-1.494347,28.288343,-4.220863,-535.136626,-1.556510,286.092249,21.208722,3.048500,0.606521,-1.266559
61,580,280.485751,1.053799,-2.258108,271.664969,-4.875964,-557.710889,-2.915144,207.098587,288.300338,4.351733,0.417599,-0.692220
61,581,74.212384,-0.162008,-4.030540,412.227597,-2.890586,-949.643062,-1.751442,234.841855,-182.570636,3.805972,0.818237,-0.928502
61,582,160.452460,-0.474354,-2.441680,10.078879,-3.356134,-1186.126685,-2.297616,241.770503,-28.597384,5.444614,0.478771,-0.535386
61,583,218.065631,-0.685074,-4.738150,501.907740,-2.798275,-776.166991,-1.836158,93.533579,74.482650,4.077825,1.103683,1.877215
62,584,3.029227,-1.252936,-3.107759,0.692558,-0.803347,-2.259077,-4.533719,2.430970,0.309606,3.600039,0.030268,-0.044172
62,585,2.847372,-1.377080,-1.621427,1.813216,-0.517946,-2.057536,-2.183467,1.768044,0.230800,2.873401,1.582534,-2.887728
62,586,1.644589,-1.531799,-1.921594,0.745370,-0.149899,-5.637660,-2.094326,2.104979,-0.129519,2.153966,1.099215,-0.497885
62,587,4.647820,-1.508307,-2.531901,-1.476774,0.470194,-0.735214,-0.870066,1.627667,0.549871,2.582827,0.305434,-0.427561
62,588,2.581716,-2.051454,-1.948943,1.723999,0.951215,-1.168884,-2.555047,1.602484,0.051199,4.132408,1.381456,-0.957780
62,589,3.274256,-2.003474,-0.791703,-1.534668,-2.585103,-3.391039,-2.434367,2.977578,1.191735,2.143217,1.214456,-1.528643
62,590,2.766582,-2.610662,-3.078883,-2.945252,1.401188,-2.431053,-2.038845,1.883832,-0.978367,2.237077,1.643910,-1.479393
62,591,3.248410,-0.671402,-3.222741,-0.080147,-1.700609,0.970390,-4.297570,3.463086,0.189351,2.729981,1.126640,-0.238426
62,592,2.539802,-2.717358,-1.441772,-0.188392,0.158272,-4.606580,-3.422456,0.892105,0.294221,3.026605,0.864148,2.382956
62,593,1.598224,-2.354520,-1.387637,1.852507,0.184825,-3.048183,-2.421961,1.847972,0.137717,3.303133,-0.062824,-1.901792
63,594,4.000814,-1.839090,-4.517390,2.753131,-1.583856,-0.763828,-2.237406,1.952396,0.950368,3.397984,0.738295,-0.776841
63,595,3.027104,-1.205704,-3.141318,2.527944,-1.789139,-0.497999,-1.325851,3.203632,0.099927,2.968361,0.877251,0.254958
63,596,2.710790,-1.762101,-1.528367,1.287859,-0.546782,-1.377720,-2.753760,0.997645,0.347398,4.083479,0.705600,-1.622677
63,597,1.824186,-1.583267,-1.641094,2.727931,0.581915,0.134842,-1.932222,2.724590,0.482486,2.516154,1.343919,0.200388
63,598,2.465219,-1.908691,-2.370164,0.274192,-0.357734,-4.686005,-0.934110,2.043814,0.869338,2.606999,0.432055,-0.630416
63,599,1.943658,-2.248520,-0.684913,-0.789726,-0.327483,-3.274169,-3.258755,3.186949,0.593058,4.339098,1.554496,0.078903
63,600,0.059533,-0.766019,-2.688603,2.771938,0.540736,-1.898125,-2.427998,2.381230,0.045790,2.540246,0.437263,-0.609931
64,601,3.356048,-2.650722,-2.960685,5.362229,-1.295955,-0.539013,-0.302099,1.555951,-0.081572,2.240066,0.624332,-1.812148
64,602,1.400273,-3.673021,-0.577188,2.010882,-1.246558,-2.729859,-3.845145,2.815446,0.655853,3.483184,0.412453,-0.715215
64,603,0.948672,-2.945156,-2.318385,0.426636,-1.103669,-2.922349,-2.829941,2.648272,0.724362,2.970569,0.488856,-1.325936
64,604,0.542229,-1.261125,-1.500117,-0.881772,-0.078979,-5.460367,-3.938027,2.609196,0.901879,2.551206,0.930455,-1.738439
64,605,2.245672,-2.106901,-2.198206,2.075758,-0.952693,-3.564834,-3.968333,1.985866,0.492476,2.872843,1.502770,-3.006117
64,606,2.268170,-1.069922,-2.752499,1.257870,-0.231360,-2.113384,-1.980602,0.040911,-0.179382,2.163943,1.323446,-1.277418
64,607,4.069617,-1.997819,-2.720581,-0.495677,-0.950228,-8.440143,-1.498081,3.834985,0.641107,3.025295,1.023576,-2.653872
64,608,0.543276,-2.800796,-1.813692,2.601482,-1.994698,-4.771425,-0.057885,1.677364,0.974709,2.260778,1.521217,-0.532278
64,609,2.243262,-2.329055,-2.825395,3.568723,-0.991983,-1.812680,-1.659271,2.145399,0.188429,2.838554,0.953490,-1.157207
64,610,2.492585,-1.687116,-1.495342,-0.062206,-0.365985,-0.887863,-2.733231,2.171168,0.723750,2.715688,0.419935,-0.535733
65,611,2.062859,-2.158491,-4.135033,0.793580,-0.602036,-2.947500,-2.597375,1.205881,-0.197548,2.979520,-0.366336,-0.353766
65,612,3.463286,-0.982879,-1.288054,-1.007985,-0.736975,-1.595951,-1.177648,2.959422,2.175138,1.859450,1.237548,-1.102275
65,613,2.439352,-2.163016,0.169012,0.069686,-1.074311,-1.084783,-2.138104,2.987875,0.628137,3.410975,0.531685,-2.291206
65,614,2.314530,-1.669447,-3.224800,0.454720,0.155504,-3.023962,-3.323944,1.803005,-0.438131,3.270256,1.049443,-2.156808
65,615,1.779742,-1.797572,-3.039362,-0.137262,-0.479118,-4.458537,-1.801788,3.763977,0.019741,3.386064,1.696597,-1.091898
65,616,1.920561,-2.804686,-2.577301,1.576042,0.168459,-1.550258,-2.176813,2.099049,-0.133938,4.459813,1.677773,0.507255
65,617,3.345666,-2.525817,-1.585104,2.218894,-0.316656,-5.372245,-3.736802,2.804438,0.863076,2.769311,1.194718,-2.071352
65,618,1.499783,-1.264535,-2.254807,1.480337,-0.911833,-1.911825,-2.239133,3.069362,0.193095,2.756227,1.553868,-2.287785
65,619,2.651434,-2.038705,-3.470161,0.645240,1.140140,-6.504281,-1.892685,2.165980,-0.928453,2.187266,0.709796,0.189444
65,620,2.535041,-2.156407,-3.583027,0.729773,-1.762448,-3.609405,-2.461157,2.587536,-0.270054,2.297648,1.223492,1.343215
66,621,308.698171,-0.490248,-3.179197,105.613520,-5.037350,-166.570270,-1.278245,182.381808,198.627208,4.502682,1.488912,0.348967
66,622,159.688303,-0.184038,-2.115905,40.188611,-2.863716,38.283357,-1.403312,336.037842,-88.612920,4.291673,1.547962,-1.244339
66,623,202.064373,-0.357770,-2.510493,-139.374823,-4.156509,-390.662678,-0.782175,200.912917,-77.205872,4.907717,1.549897,0.867042
66,624,110.233242,0.109784,-2.505350,141.881890,-3.303040,23.181695,-0.251121,428.367070,107.098930,4.470593,1.301140,-0.717119
66,625,101.975341,-0.040905,-1.986592,-22.455543,-3.294378,-317.360630,-1.905618,207.373206,174.268428,4.405423,1.215779,-0.084299
66,626,170.094461,-0.320669,-1.574024,32.114920,-3.768426,-350.979078,-2.517927,368.132540,159.825639,5.779072,0.491285,-0.151112
66,627,166.886842,-0.113824,-4.020172,82.469264,-3.818957,-992.840191,-1.302568,250.353255,81.902835,4.520787,0.203311,-1.055244
66,628,330.818498,0.074860,-2.606595,351.300985,-3.171008,-1261.259305,-5.837550,271.124600,40.500568,3.499779,0.699152,-0.242134
66,629,176.475421,-0.286378,-3.476374,787.501002,-2.812761,-662.383387,-0.539689,167.747544,6.479452,4.558887,0.600411,0.293879
66,630,115.085574,-0.242383,-4.641055,221.016392,-3.582723,-1372.788522,-3.237151,225.889443,187.720781,5.091792,0.465634,1.260911
67,631,231.169984,-0.331233,-3.329972,108.755257,-2.781756,-512.164819,-5.706781,167.793581,216.754141,5.282554,0.377266,-4.521845
67,632,94.431507,-0.197099,-4.001094,888.001785,-4.390636,-663.841547,-4.273301,275.384305,120.796931,3.675065,0.663618,-0.163865
67,633,165.321035,-0.160450,-3.022687,30.639994,-3.213556,-770.084411,-2.711005,344.743319,-53.992483,3.079345,0.730773,-0.227509
67,634,93.755920,0.290394,-2.569632,-62.393385,-4.552108,-94.305771,-1.714788,384.713048,75.177027,3.465808,0.557475,0.394250
67,635,259.256456,-0.022283,-2.569671,-433.032597,-2.718016,-423.386574,-2.119101,342.994062,47.796798,3.763408,0.335081,-0.878495
67,636,92.320110,-0.147957,-1.176223,-50.160646,-3.153699,-111.679235,-3.756047,330.749719,-22.881593,3.801458,0.679771,0.257049
67,637,305.150346,0.002575,-2.385946,451.297973,-4.188110,-535.222689,-0.207228,162.110465,193.138377,4.180184,1.382974,-0.738029
67,638,93.495946,1.158918,-3.686949,-160.759529,-2.746187,-654.997019,-2.381192,352.958376,54.501274,5.252702,0.595308,1.035206
67,639,115.789234,-0.565401,-3.067647,-238.362810,-3.152444,-822.987927,-4.569286,283.730555,199.560689,4.166187,1.656401,-0.827466
67,640,13.515206,1.586533,-1.315734,475.005802,-2.650613,-696.711526,-1.449948,263.165908,50.114507,4.021171,0.657820,-0.095252
68,641,2.807395,-1.582635,-2.538073,-0.547789,-0.509511,-2.686765,-2.143324,1.893081,1.222375,3.276636,1.292588,-2.871646
68,642,2.572328,-1.990895,-1.390593,-0.104992,-0.875246,-4.927522,-3.027032,5.347351,0.807704,3.939121,2.250393,0.704985
68,643,1.564811,-1.539629,-1.472215,3.090641,0.124963,-3.726071,-2.310690,2.346892,0.384598,3.429192,0.334144,-0.467067
68,644,2.712430,-1.713067,-3.835587,2.896307,-1.034645,-3.871166,-3.392140,2.520877,-0.202431,3.409342,1.619948,-0.662477
68,645,1.323155,-2.249941,-0.831486,-0.525295,0.291729,-0.971744,-2.173937,2.940770,0.541900,3.296417,1.480099,-0.274259
68,646,0.542731,-1.550879,-1.432503,1.237916,-0.976234,-3.374971,-1.865923,3.984622,1.005347,3.807259,0.615467,0.351909
68,647,1.441651,-2.386570,-1.494111,-1.521748,-0.197652,-4.951143,-4.717028,1.965200,-0.196992,3.283724,0.930018,0.428643
68,648,1.458189,-2.228836,-2.574906,-1.368850,-0.356966,-2.245978,-2.845960,1.291941,0.071479,2.840806,2.083250,-1.668490
68,649,1.948302,-2.109388,-1.474406,-1.044812,0.001397,-2.633282,-2.428630,1.542472,0.999960,2.428536,0.938218,-2.138977
68,650,3.074074,-2.426086,-3.729373,0.064345,0.098955,-3.513562,-3.161225,1.226568,0.095049,3.439760,0.496487,0.720231
69,651,188.082996,0.520824,-3.895581,170.715520,-2.259825,-845.143786,-2.374714,208.580961,76.229509,4.273072,-0.013432,-1.669989
69,652,185.365040,-0.080699,-2.021059,211.054141,-3.022855,-210.769475,-2.812951,334.003059,211.301847,3.877995,1.009969,0.952047
69,653,237.706963,0.252212,-3.740468,252.291815,-1.881818,-62.819175,-4.220184,379.742356,359.570863,4.147564,0.933719,0.033341
69,654,114.831388,1.578251,-2.543513,-84.581356,-2.036697,-582.408359,-4.636709,155.863607,29.928687,4.266964,0.049495,-0.697324
69,655,144.266370,0.590062,-2.987177,-327.618883,-3.301924,-675.428793,-0.388616,280.666486,117.123193,4.830641,1.035009,0.065478
69,656,140.439096,-0.102404,-3.908805,142.347784,-3.453521,-1397.230055,-4.134238,335.245568,-67.368528,5.212770,1.493814,0.562359
69,657,155.128458,-0.585060,-1.702857,336.746698,-3.958657,145.865181,-1.500877,412.910016,155.198849,4.338612,0.159257,0.678090
69,658,216.909005,-0.265616,-2.690387,22.224213,-3.942672,-728.042486,-1.699434,130.537109,45.170431,4.133801,1.041848,0.148556
69,659,203.876669,-1.247015,-2.676379,-75.206896,-2.327083,-751.818212,-2.865611,222.204432,221.056765,5.043384,0.657867,0.639130
69,660,260.192446,0.619574,-1.991827,166.505620,-4.186459,-752.865312,-3.455989,402.080235,361.563641,4.375923,0.880502,-1.393105
70,661,103.081016,-0.220529,-3.425970,-477.310615,-3.368007,-635.585712,-4.562314,339.947359,85.907106,4.318592,1.574828,-0.502101
70,662,-73.897330,-0.416951,-3.236522,-263.045845,-4.250291,-799.440325,-3.050965,234.262195,68.187774,3.916188,1.455466,0.573614
70,663,212.788397,-0.378470,-2.549944,81.149261,-3.631522,-878.569092,-3.511970,241.524747,228.418754,4.237212,0.811764,0.133337
70,664,178.409431,0.695843,-3.030957,149.919276,-2.979930,-827.898899,-3.714133,221.016760,233.098290,3.409512,0.432632,-0.093094
70,665,188.788118,1.549366,-3.203797,274.830169,-2.123953,-780.241887,-1.742800,150.432362,68.100237,3.991563,1.589585,-1.503426
70,666,140.902481,-1.096341,-2.355171,370.818412,-3.615014,-697.429072,-0.985430,348.615404,73.717346,4.165215,0.896926,0.164843
70,667,111.538729,1.320176,-1.866875,163.162606,-3.381672,-520.946771,-3.194906,171.648435,-105.392933,3.801753,1.343641,-0.918921
70,668,262.972051,0.492242,-3.888801,262.115187,-2.131543,-241.693411,-2.737126,361.206936,29.544656,3.920009,1.360797,-0.698002
70,669,198.026996,0.181954,-2.888637,4.759639,-3.495192,-436.916855,-2.727302,269.544387,173.654657,4.261738,0.649630,-0.734781
70,670,184.498776,0.523681,-2.988820,-275.463627,-3.822288,-778.598414,-2.153266,194.310622,214.121652,4.550053,0.973392,0.707900
71,671,3.606882,-2.720086,-1.437172,0.991078,0.021801,-3.796883,-3.037694,2.964388,1.595957,3.674462,1.387859,-1.074559
71,672,2.506774,-1.583660,-3.425818,-0.228788,-0.516072,-4.599991,-2.186417,2.662669,0.235937,3.586841,1.659494,-0.215290
71,673,3.812592,-1.033987,-2.471275,-1.258474,-1.058785,-1.748580,-2.533667,1.233806,0.626078,3.129921,1.139621,-0.732969
71,674,1.488988,-1.744832,-2.590308,-0.090011,-1.325492,-4.083023,-2.974374,2.334151,0.214862,2.699935,0.481983,-1.949091
71,675,4.011341,-2.402884,-2.261697,0.040412,-1.938395,-1.404584,-3.306310,2.096416,0.125790,2.754067,1.431284,-0.755415
71,676,2.338572,-2.651030,-3.667843,-2.285616,-1.216888,-2.785288,-1.791050,0.848730,0.956299,2.781782,1.746463,-1.308117
71,677,2.465112,-2.151642,-2.164824,-2.347593,0.625185,-1.315431,-4.758126,1.963250,0.277043,2.841732,1.400453,0.091125
71,678,2.402450,-0.688880,-1.903105,1.621672,-0.093898,-1.904493,-1.943388,0.886486,1.353006,2.390128,1.808473,-0.443195
71,679,2.713397,-0.592622,-2.231441,-0.038966,-0.026598,-1.960054,-1.088905,2.995004,0.824750,2.387147,0.102775,-1.901092
71,680,2.545164,-1.719638,-1.801987,0.258140,-0.120163,0.845365,-4.445437,2.445046,0.903553,2.629174,0.514500,-0.645798
72,681,84.905034,0.323433,-3.167509,496.194154,-2.936636,-894.642940,-2.190850,307.358747,264.978262,3.903260,-0.028721,0.089831
72,682,337.334863,0.482884,-4.840071,218.148288,-2.273184,-825.908014,-1.703288,305.314762,-301.892502,3.729119,0.264216,0.529113
72,683,153.174732,0.523455,-2.374584,195.617771,-3.564856,-756.599321,-2.162208,316.833660,198.593418,4.035769,0.956505,-1.725219
72,684,144.165486,0.366603,-2.670906,305.791508,-3.238557,-1141.079149,-1.752159,185.083520,173.055439,4.182815,0.151693,-1.442572
72,685,105.573519,0.370805,-1.907156,105.559386,-3.410979,-461.360831,-1.189623,326.413894,-38.061192,3.929612,0.303521,0.723549
72,686,316.317422,0.406380,-2.994154,268.637073,-1.597766,-94.356521,-0.550433,148.242895,65.489151,3.767556,0.143791,-0.076584
72,687,146.025790,-0.358545,-2.761087,104.784811,-2.778926,-560.005524,-2.802545,140.598007,69.664358,5.032202,0.764947,-1.443642
73,688,112.533818,-1.195251,-2.767765,54.913198,-3.326936,-1299.827246,-1.209916,117.177859,241.796193,3.000169,0.931394,-0.475397
73,689,138.439725,-0.395344,-4.006798,-229.606831,-3.793706,-890.798386,-2.389681,382.303359,262.853727,4.573807,0.910920,0.195516
73,690,128.671178,0.019393,-4.182275,103.818087,-2.690134,-1653.058923,-4.180111,136.962479,217.588764,4.485573,0.177904,0.246046
73,691,119.041420,-0.565444,-2.847465,37.588130,-4.386793,-639.174330,-2.140643,244.687237,-89.887084,3.938425,-0.348966,-1.381769
73,692,145.569972,0.049411,-3.019044,-96.772046,-3.899144,-590.919864,-3.796348,312.694855,-67.564195,4.906334,0.899716,1.346875
73,693,197.025850,0.057487,-3.665738,77.463621,-3.191751,-633.159741,-2.933252,57.303581,169.031438,5.055133,0.508390,-1.639300
73,694,151.560202,-2.103855,-3.151944,-175.314287,-2.730913,-333.224070,-4.347301,251.387031,0.428199,3.896285,1.769314,-2.181477
73,695,153.808197,0.134158,-2.255961,473.916257,-3.430758,-1005.694607,-1.228379,248.434985,51.823895,4.324447,1.733907,0.531345
73,696,115.534977,0.679578,-2.001395,399.235172,-4.155446,-1179.599374,-2.122809,137.113546,99.371106,3.713753,0.430187,0.634768
73,697,263.554723,0.241909,-2.367343,177.117300,-3.534025,-1142.064729,-2.133438,206.237813,38.717979,4.104490,0.473585,-0.151361
74,698,46.036336,0.183404,-3.761614,291.191352,-3.195441,-838.115966,-1.940125,262.019074,-10.376110,3.668166,0.737295,-0.327461
74,699,331.959952,-1.219783,-4.256968,176.347859,-3.120466,92.571586,-4.889627,216.210858,11.303068,3.404573,1.128005,2.646868
74,700,180.817376,-0.428102,-1.243007,-98.981589,-3.452922,-525.649616,-2.999424,268.883222,83.550407,4.379013,0.481700,-0.133813
74,701,210.986675,0.169296,-0.923263,92.366706,-2.300617,-768.023994,-3.264241,151.026422,199.677993,3.340133,0.984777,-2.150000
74,702,171.910333,-0.425852,-3.500307,221.671089,-1.990420,-268.728734,-3.842176,187.229886,67.825830,3.948051,1.352182,-1.739225
74,703,89.028013,0.945181,-3.858656,37.454115,-3.412012,-976.474929,-3.443487,463.591086,240.564459,4.258805,0.439059,-1.369379
74,704,203.552899,-1.296694,-5.430263,99.363772,-2.747709,-931.206822,-2.595625,333.593852,65.150749,4.161033,0.678962,0.847942
75,705,163.939511,0.284652,-3.245727,-164.780453,-1.886700,-844.310743,-3.562970,235.718116,129.007947,4.256963,0.521329,-0.658988
75,706,76.814878,-1.205483,-2.798218,-298.940827,-3.504853,-453.576303,-1.994896,189.708785,-24.458617,4.509340,0.848766,-0.367507
75,707,242.913387,0.128060,-3.316127,137.404808,-2.848836,-711.514120,-2.549172,293.129490,33.613719,4.609700,0.627222,-0.649706
75,708,324.308088,-1.160403,-3.618398,-229.495119,-4.410176,-930.073202,-2.431415,262.687774,113.231486,3.962004,0.312093,1.350231
75,709,234.980807,0.923936,-3.668279,360.971911,-2.856771,-285.668745,0.087227,295.247338,194.855474,2.998229,0.778878,1.767858
75,710,145.319276,-0.603838,-2.696868,-429.875634,-3.241738,-461.395605,-3.376662,202.572380,90.474622,4.104987,0.224004,1.049424
75,711,134.944901,-1.472412,-3.937402,-15.331405,-4.263259,-294.964338,-2.686599,232.904677,81.735392,3.926300,0.625023,-0.678775
75,712,338.443303,-1.121763,-3.053168,184.421959,-4.130551,-794.551059,-2.793462,233.160567,211.432736,4.523873,1.110293,-0.901505
75,713,210.048742,-0.687816,-1.307441,90.472897,-3.311929,-1092.189979,-0.418285,475.867575,84.774209,3.975693,2.005610,-1.842706
75,714,153.057447,-1.313858,-4.871247,121.200477,-2.823287,-437.960293,-3.517266,67.463763,328.596037,3.540147,0.193233,0.922676
76,715,2.727112,-2.559459,-1.545705,-0.705763,-2.700781,-3.255521,-0.575562,2.922607,0.333336,1.514310,0.697658,-0.573737
76,716,1.618893,-1.899609,-3.320651,1.094492,-0.071651,-3.834107,-2.341469,1.871993,0.537728,3.583432,1.422887,-0.640337
76,717,2.942558,-2.302350,-2.144995,-1.474003,0.111219,-0.362406,-1.888969,3.102118,0.818210,3.907545,0.920159,-1.495083
76,718,1.436689,-1.810459,-2.614249,0.526493,-1.137461,-3.932307,-1.617982,1.826240,0.217283,2.559695,0.723616,-1.183960
76,719,3.084318,-1.498727,-2.096971,-0.767644,-1.008431,-2.343724,-1.574320,1.313851,0.312694,3.890913,1.115907,-0.500945
76,720,2.593838,-2.665238,-2.134210,-1.222913,-0.071602,-0.085615,-3.152532,4.056945,0.822460,3.421192,1.558988,-0.257930
76,721,2.033436,-1.961074,-3.292385,0.821788,-0.631554,-3.843142,-1.417425,3.335789,0.563809,3.762926,0.704988,-1.640479
76,722,1.521170,-1.831082,-1.188545,0.799593,-0.176783,-0.764088,-2.501638,3.735569,1.947035,3.880613,1.994738,0.516039
76,723,2.859628,-1.539352,-3.753552,0.964065,-0.494133,-1.818488,-2.463211,2.048781,0.379788,2.546296,1.477545,-1.688827
76,724,0.927709,-3.082568,-2.353025,-0.597348,-1.157122,-0.750839,-1.970767,2.372081,0.512816,3.402586,1.774666,-0.787847
77,725,179.145248,-0.855226,-3.195384,388.480264,-4.230007,-650.816312,-3.190573,174.098548,-27.273027,3.992170,0.316803,-0.947484
77,726,133.083508,0.507176,-2.960298,198.216746,-3.256055,-1174.650894,-3.083210,401.515693,250.693070,4.046403,1.184030,-1.683427
77,727,266.280382,0.654748,-3.052913,224.289176,-3.450114,-702.874873,-1.090511,184.744372,64.348215,4.588721,0.347638,-1.929688
77,728,232.461192,0.446820,-4.784186,155.605823,-3.099622,-1080.000458,-3.308801,366.626089,-45.163143,2.891830,0.390553,0.173588
77,729,275.210488,0.423325,-3.599260,-109.092384,-3.185204,-398.684702,-3.123324,115.131356,240.091594,4.558946,0.381072,1.729367
77,730,160.302521,-0.537712,-1.376983,-33.684284,-2.773086,-672.381689,-2.083095,70.377432,135.154007,4.103842,1.141192,-1.270989
77,731,196.917437,-1.498251,-2.654198,-75.888846,-4.251592,-714.981412,-2.504059,215.840722,9.490674,3.490358,1.783358,0.612380
78,732,2.564331,0.242627,-1.161409,-1.156703,-1.003208,-0.465105,-2.576469,3.120599,0.887535,4.259408,1.134838,-0.518839
78,733,1.720571,-1.886652,-2.379410,-1.163759,-1.951747,-1.580968,-4.574120,3.371970,1.342088,3.339108,1.216564,-1.096688
78,734,3.724075,-2.649698,-2.214534,-1.991456,-0.338793,-1.932053,-2.137568,1.922916,0.816070,2.635227,1.202773,0.009375
78,735,2.881082,-2.136484,-1.921174,-0.094273,0.286063,-2.382829,-3.341824,1.722865,0.286530,3.198601,1.229387,-1.034651
78,736,1.329938,-1.805142,-1.758077,-0.468103,-0.228628,-1.294656,-2.443263,1.501018,1.363702,2.765320,0.103630,0.909657
78,737,4.257953,-1.877728,-2.470598,3.224400,-0.385893,-3.898789,-1.969589,1.735453,1.035178,3.392959,-0.348065,-2.125676
78,738,2.248083,-1.207028,-1.657531,2.563975,-1.088028,-1.282177,-1.239533,2.272215,-0.087050,3.403476,1.876328,-0.276804
78,739,3.532155,-2.951184,-2.155023,-3.158357,0.280681,-3.543264,-2.013949,1.493824,-0.225030,2.972603,1.035251,-0.786208
78,740,2.312453,-1.870814,-0.751171,1.823249,-0.634160,-4.463529,0.016579,1.296924,0.276372,2.531806,1.024178,-0.424328
78,741,2.980595,-2.100298,-2.066192,1.003808,-1.095985,-2.251987,-4.185281,1.092888,0.430474,3.390711,1.298143,0.742943
79,742,111.112302,-0.080147,-3.459871,153.314107,-4.059902,-442.711065,-3.419722,391.021747,-142.770054,2.872594,0.719227,-1.129283
79,743,315.393909,-1.245171,-4.530267,116.572589,-2.380710,-930.172308,-0.020710,256.619538,89.659689,3.951874,1.487826,-1.487012
79,744,202.109464,-0.807149,-1.107247,444.603211,-4.383305,-1315.713173,-2.207516,133.409438,-91.594549,4.219310,1.142977,-1.499334
79,745,257.595098,-1.069416,-2.733390,365.919760,-4.194171,-396.470174,-1.842516,155.045407,17.148864,3.651008,0.357748,1.270933
79,746,129.489860,-0.070048,-2.120968,155.680630,-3.976930,-1144.308460,-0.803709,237.089059,190.543056,4.213739,-0.230128,-0.644361
79,747,233.147307,-0.276672,-2.133094,-298.577538,-3.956092,156.140713,-2.215635,291.736650,59.317094,5.819386,1.458495,1.228560
79,748,170.429007,0.370329,-2.513839,-278.488794,-3.438474,-1299.690360,-1.579510,139.407210,-104.549714,4.159334,2.142184,-1.318550
79,749,34.709877,-0.230896,-3.585556,317.170596,-4.291726,-467.383093,-1.606926,418.715545,132.305227,4.447708,-0.181710,-0.279985
79,750,175.769037,0.123888,-2.174216,316.806723,-3.219953,-463.993498,-2.949405,185.440140,144.354441,5.390725,0.056054,-1.945964
79,751,84.143187,0.401872,-4.488394,23.140059,-3.386831,4.548605,-2.567769,211.089174,170.585821,3.319208,0.737391,-0.646687
80,752,3.650951,-1.373274,-3.176028,1.049864,-0.282108,-1.237552,-4.764901,2.955686,0.377043,3.418186,0.052130,-2.859710
80,753,2.344164,-2.451695,-2.093350,-2.977918,-1.086109,-2.586293,-2.179220,0.372176,-0.129350,3.663212,1.747768,-0.176471
80,754,3.578422,-1.694305,-2.498676,1.316849,-0.228464,-1.024424,-2.042468,2.125826,-0.922638,1.277427,-0.065706,-1.985560
80,755,2.986040,-1.760301,-0.658248,2.849716,-0.962711,-2.692670,1.062668,0.387995,0.780729,2.817706,0.943845,-1.221032
80,756,1.658183,-1.668360,-1.037286,0.538034,-0.572587,-4.963105,-2.995993,-0.555700,-0.454130,3.376798,1.660737,-0.574751
80,757,2.322704,-0.552557,-2.168691,1.811283,-1.071531,0.074737,-2.501242,2.904558,0.247642,1.998663,1.254873,1.306914
80,758,2.359833,-0.941469,-2.722826,0.913437,-1.789932,-2.282317,-2.669197,1.099669,0.612177,3.214554,1.601497,-0.604187
80,759,2.025391,-1.677537,-0.986676,1.010048,-0.124773,1.601274,-1.218446,0.271618,0.911655,3.580237,1.226894,-1.143274
80,760,2.756345,-1.760565,-2.833174,0.830616,-1.448626,-4.091715,-0.561013,3.020851,-0.382839,4.077381,1.410608,-0.779300
80,761,0.977847,-1.176189,-2.142158,0.419423,0.587255,-3.814657,-2.651112,3.101219,0.711130,3.505725,1.598884,0.056921
81,762,2.077489,-1.597671,-1.578424,2.265685,0.631466,-1.763842,-1.559948,1.789097,-0.160161,2.228927,1.407060,-0.422018
81,763,0.895527,-1.704112,-3.102857,2.090384,-0.799350,-0.229755,-3.962617,2.433265,0.103924,2.963085,2.380229,-3.920096
81,764,2.195684,-1.840042,-1.423268,-0.316966,-2.127722,-1.720560,-4.830936,2.830669,-1.070205,2.562187,-0.104137,-2.243447
81,765,1.789762,-1.975069,-2.490839,1.378360,-1.097413,-3.748962,-3.657288,1.671651,0.410992,2.699826,0.631950,-2.167788
81,766,2.831667,-2.643520,-3.041133,1.344767,-0.985150,-3.972234,-2.342517,2.918508,-0.068405,2.786556,2.197644,-0.120474
81,767,1.238455,-1.937782,-1.725402,-3.077321,-1.272768,-2.111361,-1.438973,3.600411,-0.013717,2.926350,1.373098,0.927876
81,768,2.832097,-1.050495,-1.030355,0.775161,-0.927972,-2.576025,-1.099256,1.425312,0.424250,2.575488,0.765281,-1.139766
81,769,1.886780,-3.160131,-1.984661,-0.349172,-2.163015,-1.063460,-3.527566,2.354077,0.882579,3.167561,0.740717,-2.552624
81,770,3.075414,-2.038618,-0.310347,0.083231,-0.571179,-2.975244,-2.868711,2.039333,0.204310,3.648241,-0.178178,2.455016
81,771,0.504436,-0.808127,-4.356149,-0.523207,-0.236446,-3.211893,-2.402713,1.984740,-1.435514,3.119830,1.337157,-3.072700
82,772,2.848734,-1.580272,-1.032966,0.085128,-1.039826,-3.197428,-3.040059,1.348860,-0.359324,2.504692,0.122923,-2.875316
82,773,1.512923,-1.280046,-1.069185,2.126197,-0.778950,0.443256,-1.753319,2.320987,-0.200605,3.048699,2.541233,-1.091011
82,774,0.939035,-3.343952,-1.569020,0.102033,-0.574558,-2.749262,-0.834219,1.476517,0.470367,2.975107,1.136690,-3.149426
82,775,3.109440,-2.854142,-2.442464,0.900768,-0.352903,-3.502091,-1.959460,1.961592,0.431572,2.411326,0.741761,-3.182400
82,776,3.328058,-2.219890,-1.545013,1.867409,-0.618593,1.138855,-3.287588,3.407322,-0.535975,2.411530,0.749320,-0.432434
82,777,2.376129,-2.762842,-3.953813,-0.640613,-1.264053,0.626775,-1.188373,1.431257,0.097619,3.254149,0.352447,-0.999022
82,778,0.808939,-2.822981,-2.300975,1.144976,-1.261271,-2.223632,-0.758275,1.750352,1.135303,2.392763,1.092721,-1.790315
82,779,2.019156,-2.962920,-1.595926,-0.205901,-0.890587,-1.984145,-2.587243,3.468271,-0.829883,2.736652,0.120850,-1.612539
82,780,2.522725,-2.988597,-2.465275,0.402495,-0.854944,-0.950531,-1.098316,0.814724,-1.020124,3.131791,0.574055,0.084353
82,781,4.816338,-3.140748,-1.336212,-1.688648,0.561044,-1.803367,-3.202076,3.204830,0.784251,3.907963,1.380572,-3.116391
83,782,3.136241,-2.112531,-3.121972,0.046883,-0.892750,-5.367108,-2.431252,1.672673,0.755640,3.449285,1.365170,-2.721246
83,783,2.521639,-3.016971,-1.470944,-1.693218,-0.013290,-2.406483,-2.260250,1.944125,0.296894,2.741048,0.772361,-2.637326
83,784,2.967113,-2.911523,-3.720825,2.854637,-0.543064,-1.500786,-2.480015,3.428350,0.762716,3.104239,1.423657,-1.368935
83,785,1.930170,-0.851515,-2.664532,4.920669,-0.845118,-2.792438,-1.053789,1.297577,0.858687,2.240973,2.098611,-0.769817
83,786,1.457425,-3.059150,-2.007586,-1.074075,0.387549,-4.236289,-1.797073,1.616219,0.578016,3.218777,1.350590,-0.975604
83,787,3.753844,-2.620687,-2.285186,-0.346636,-0.822386,-4.811366,-2.672131,1.288957,0.290810,3.880023,1.360631,0.661358
83,788,2.141856,-1.223821,-3.450839,3.164295,-0.589661,0.620983,-4.876969,1.208368,0.102934,3.480815,1.926455,-1.753768
84,789,2.068134,-1.600795,-2.264782,-0.488317,-0.087264,-2.629542,-1.463233,2.075996,0.457099,3.882749,0.363276,0.682531
84,790,2.900830,-1.862729,-3.139332,2.672934,-0.825131,-1.422028,-2.601561,2.389949,-0.501811,2.561140,1.831196,-0.199934
84,791,2.863393,-1.882969,-1.987369,0.869172,0.528739,-4.624290,-1.337078,2.064175,1.316181,3.152223,1.675018,-0.513169
84,792,3.232043,-3.117257,-3.001139,4.716532,-0.469366,-0.965358,-1.587847,2.551275,0.514859,3.791090,-0.198516,0.277726
84,793,3.344872,-1.404380,-1.176012,0.086559,-1.300406,-4.214728,-2.368104,1.800423,0.732434,1.968495,0.275017,-2.346023
84,794,1.799079,-0.972315,-1.788639,1.808889,-1.266024,-3.436531,-3.397491,3.186078,1.541229,2.077829,0.851042,1.310011
84,795,2.106290,-2.305680,-3.972145,0.505542,-1.078403,-2.085288,-3.763711,2.446936,1.214343,3.703296,1.272504,-1.295181
84,796,1.878415,-1.734559,-2.652108,0.516761,0.494055,-3.400100,1.188440,1.064448,0.335198,2.135589,1.673272,-1.394662
84,797,3.861935,-2.179360,-2.009746,-1.176912,-1.438622,-2.195758,-3.978348,1.206937,-0.070323,2.270634,0.350129,-0.488285
84,798,2.102375,-3.053002,-0.882493,2.598730,-0.907470,-1.347947,-4.977467,2.223847,0.412505,2.632794,0.663778,-1.765153
85,799,89.662898,0.822280,-5.351888,-409.228959,-3.620608,-338.602093,-2.914270,214.043461,86.062569,3.174667,0.503829,-2.191381
85,800,128.467410,-0.882545,-4.190588,474.247472,-4.125871,-645.839102,-0.666436,479.729272,142.801822,4.203150,1.141206,-1.951431
85,801,256.162917,-0.193339,-1.381937,537.138484,-3.574740,-702.177274,-1.921747,314.929036,33.507565,3.016669,1.811011,1.541240
85,802,358.469948,0.030137,-2.108246,-76.050909,-4.880909,-1080.496359,-2.390260,356.700473,79.024403,4.491708,0.556481,-1.138984
85,803,186.263110,0.084305,-2.403779,-72.195946,-2.195987,-256.959897,-2.615219,319.631329,161.833588,3.951609,-1.110020,1.750208
85,804,22.947229,0.107267,-3.640181,41.994994,-1.660246,-1210.429952,-1.231148,169.935330,-44.408442,4.485089,0.704226,1.066997
85,805,132.975037,-0.901603,-2.376251,-45.029351,-1.505465,-187.119482,-2.380871,298.659894,40.147826,4.647142,0.516180,0.998290
85,806,188.397922,-0.407936,-4.191563,193.677758,-3.152257,-832.377684,-2.283299,211.545834,104.831014,4.668321,0.451016,-1.673746
85,807,249.165112,0.042541,-3.608975,-345.587367,-3.897025,-404.724761,-3.852839,409.603417,-47.495299,4.770485,1.139052,0.385297
85,808,143.800230,0.202366,-2.763665,48.483804,-2.510792,-625.819244,1.220121,206.741878,93.209356,4.191170,1.053008,-0.008922
86,809,2.361482,-1.262674,-3.436207,0.215704,-1.009647,-3.101188,-1.423320,1.219135,-0.053922,3.202740,1.236565,-1.696536
86,810,2.881364,-3.135201,-1.935349,2.735224,-1.768024,-4.019911,-2.538204,1.156260,0.910085,2.466983,0.534693,-0.776247
86,811,0.613861,-0.847361,-4.271643,1.728939,-0.082567,-1.005121,-2.199634,2.696870,-0.273477,3.744811,1.080942,-0.917510
86,812,2.747795,-2.272303,-1.542134,1.824029,0.270919,-2.139387,-2.419265,1.860149,-0.318484,1.967601,0.467658,-2.479044
86,813,0.780032,-1.807388,-3.098349,-0.037756,1.536422,1.141787,-0.690483,2.734361,0.717911,2.853993,2.015526,-1.006938
86,814,2.068362,-2.302434,-1.195244,1.919326,0.335803,-4.626403,-2.180894,2.339979,1.493864,3.441453,1.804492,-0.637479
86,815,3.031559,-2.599260,-3.487475,3.408903,-1.421105,-1.569856,-2.001233,2.158457,0.503955,3.978133,1.583051,-0.602180
86,816,2.748478,-1.243626,-1.574453,-0.149310,-0.896877,-2.424573,-1.402651,1.603726,0.028539,3.211690,1.305359,-1.506257
86,817,2.762564,-2.563035,-2.443149,-1.565031,0.193593,-2.083240,-0.274364,1.240394,1.307409,3.438106,0.560049,-1.309489
86,818,2.058494,-2.293921,-0.900056,0.482881,-0.654253,-4.156331,-0.922795,1.893233,0.460064,3.342372,0.382117,-0.068703
87,819,192.235572,-1.413998,-3.965515,505.371933,-3.580138,-614.239969,-4.013836,341.659888,112.408917,4.575150,1.245339,0.115122
87,820,163.205359,-0.568107,-2.271201,126.460678,-3.716793,-764.243747,-3.095527,218.331154,222.739169,4.095013,1.401902,-1.052264
87,821,127.688838,0.729963,-2.103794,27.292067,-3.735441,-452.680866,-1.435255,283.293259,159.360315,5.470147,0.825245,-0.063462
87,822,217.520101,-0.232323,-2.558149,609.573954,-2.211170,-1572.740157,-1.017669,275.884995,-58.147631,4.429797,0.368722,-2.801549
87,823,144.179309,-0.238108,-2.192394,180.744852,-4.462266,-565.552585,-1.637810,214.227211,111.426060,4.437291,0.740045,-1.955322
87,824,199.283972,0.975393,-0.546622,14.702994,-2.933775,-651.752216,-4.812034,344.501015,36.080083,3.766511,1.291641,0.488025
87,825,280.448077,-0.238538,-1.250636,289.489233,-0.682546,-453.507312,-3.484459,293.161560,94.454986,5.100890,0.623874,1.362066
87,826,126.733884,-0.132592,-1.082513,450.798965,-5.668700,-336.815740,-1.182424,240.089633,76.676884,4.099910,1.001151,-0.118300
87,827,209.509352,-0.183203,-3.565054,294.251279,-3.247563,176.989950,-0.318538,353.993575,70.393126,4.133529,0.530204,-0.034365
87,828,214.365626,-0.049663,-2.469849,-41.876659,-1.359456,-782.327913,-2.731936,310.131090,98.654758,4.203400,1.272400,0.861599
88,829,1.830679,-1.417417,-0.924678,2.901829,-2.081789,-0.763653,-1.000642,1.894406,-0.679062,3.111344,1.277447,-1.704642
88,830,1.841695,-2.073541,-0.866388,-0.285074,-0.743541,2.224014,-2.157864,1.753299,0.799708,3.167119,0.823274,0.243871
88,831,0.056402,-2.856768,-2.235189,1.084679,-0.109151,-2.223126,-0.706714,2.240436,0.090917,2.097249,0.949298,-0.948225
88,832,3.323428,-2.203200,-1.008208,-0.818202,-0.662380,-1.236973,-3.773618,1.838911,0.894148,2.503998,1.020573,0.679780
88,833,2.976549,-2.179347,-3.253147,0.907894,-1.649524,-4.893578,-3.284497,2.010927,-0.302541,2.155451,1.295744,-2.412686
88,834,2.354891,-2.783024,-3.050412,-0.064415,-0.671927,-2.320215,-0.553583,3.246202,0.066100,2.522133,0.116547,-1.421513
88,835,1.295803,-2.183461,-3.021033,1.766209,-0.306712,-3.661070,0.083961,1.329487,-0.205789,3.294025,0.923273,-1.885438
88,836,2.081246,-2.353393,-0.809617,2.820244,-0.342792,-1.856177,-2.168219,2.563160,1.497083,3.869057,0.977884,-0.809170
88,837,1.852368,-2.870768,-1.080601,-1.084574,-0.590011,-7.173880,-4.667129,1.989923,1.489974,2.762026,1.275167,-0.004560
88,838,2.036857,-2.651762,-2.371353,-1.566390,0.028123,-1.700645,-3.129227,2.993065,0.945553,2.640952,1.430782,-0.757228
89,839,3.454728,-1.115690,-2.082732,2.312320,-0.210016,-2.360294,1.569094,2.555109,1.471611,3.327497,1.045315,-2.078739
89,840,2.076685,-1.425947,-2.465864,-1.423250,-0.514830,-0.302877,-3.412689,2.986658,0.194469,3.062912,1.413054,-0.496726
89,841,2.905180,-2.777116,-2.151105,-1.379098,-0.364109,-1.641438,-0.836489,3.116052,0.162934,1.966229,0.025756,-0.298817
89,842,2.817754,-1.116508,-0.260427,2.655321,0.250634,-2.817398,-2.541944,2.732577,-0.181675,2.266601,2.419252,-1.184678
89,843,2.566231,-1.504090,-2.632159,-0.798733,-0.311700,-2.582459,-0.359099,2.332026,0.628961,2.887427,0.181481,-1.619709
89,844,2.831799,-2.894080,-1.482793,2.560209,-1.222041,-2.405258,-2.445149,0.617437,1.158561,2.266006,0.774579,-3.499169
89,845,2.074604,-1.619815,-3.772738,0.045145,-0.919469,-0.321754,-0.577517,2.211988,0.287544,3.309579,0.104248,-1.035424
90,846,2.314685,-1.868716,-0.979619,0.617761,-1.400624,-4.415752,-1.291013,2.091100,1.325542,2.390185,1.192909,-0.461376
90,847,2.321877,-2.505033,-2.337850,-0.563681,0.258837,-1.455112,-0.522512,1.450541,-0.400655,3.405643,1.279801,-0.054810
90,848,1.030207,-2.761566,-1.641089,1.745475,-1.198182,0.517124,-2.455895,2.715542,-0.489606,3.343101,1.760987,-0.866721
90,849,0.665400,-2.249667,-3.909959,4.011798,-0.681313,-3.780324,0.109432,3.975775,-0.161425,4.015748,0.372763,-1.295954
90,850,2.719288,-0.811381,-1.271882,2.598305,-0.473557,-2.609675,-3.565052,2.938354,0.198465,2.246706,0.559447,0.588532
90,851,2.054979,-1.339235,-2.252178,1.821537,0.113743,-3.797957,-2.519424,1.725770,-0.127680,4.251484,0.994244,-1.767272
90,852,3.246541,-1.927721,-1.613848,-0.013219,-1.423939,-3.173719,-1.395383,3.039838,-0.266609,2.408176,0.624909,-2.392931
90,853,2.681247,-3.768361,-2.159050,0.330791,-0.882061,-2.125567,-2.741014,2.449216,0.191090,3.373582,1.345544,0.318840
90,854,0.966632,-1.281529,-2.620979,1.833443,-2.424346,-0.379236,-2.286673,2.491555,1.076586,4.250007,1.319283,-1.652752
90,855,2.553633,-1.117447,-3.470414,-0.274602,-0.651301,-3.572641,-5.363710,2.742754,-0.345611,2.642391,0.631567,-1.039415
91,856,189.565959,-0.150078,-3.545239,-205.287401,-3.544481,-451.458271,-3.950185,337.947479,87.548986,4.058737,1.318896,-0.731142
91,857,186.575153,-0.218481,-2.406624,131.691982,-2.899032,-224.641063,-4.091651,202.272808,117.305183,3.571231,0.218670,-0.729717
91,858,168.823583,-1.213154,-1.264901,244.945143,-3.180713,-1020.486752,-4.574458,235.003289,152.093636,3.513679,0.727420,-0.113581
91,859,167.779729,-1.155497,-3.286670,596.730074,-3.829254,423.977536,-1.301574,183.380563,148.524846,5.276108,1.610887,-1.845690
91,860,200.899688,0.534477,-1.410961,-29.351828,-1.636801,-762.829964,-1.417002,360.967822,64.445061,4.632562,0.365210,0.519399
91,861,148.995464,-0.589569,-4.873148,15.250365,-4.039249,-687.801883,-2.360000,417.108797,203.015343,4.391938,1.153337,-0.709719
91,862,145.318685,-0.178627,-3.002913,-155.490005,-3.178916,-454.761033,-3.440462,422.406811,313.688638,4.567001,-0.096337,0.705746
92,863,4.516267,-1.254026,-1.815650,-1.993814,-1.460313,1.343634,-1.255350,2.111937,-0.120694,3.215283,1.606031,-1.877036
92,864,0.964271,-1.332133,-2.444763,4.119242,-0.972877,-2.262564,-2.003360,3.946270,0.552516,3.172953,2.255279,-0.975950
92,865,1.783807,-1.269804,-2.974427,2.984879,-1.043234,-1.424248,-2.666827,0.347412,0.545544,4.678003,0.886186,-1.922005
92,866,2.724470,-1.011575,-3.118485,0.608730,-0.372719,-1.410882,-2.259582,1.992551,1.187117,2.833672,1.056666,-0.697626
92,867,2.817197,-3.016927,-2.186418,1.564785,-0.131789,-1.324045,-1.860442,0.511997,0.540462,4.165905,2.027020,-2.311835
92,868,2.762428,-2.613452,-2.912434,3.277622,-1.484826,-4.813599,-0.758311,2.737767,0.452843,4.166447,1.106990,-3.044093
92,869,1.888132,-2.394776,-2.000963,-3.216552,-1.922498,-3.610640,-2.022069,2.625386,0.976549,3.062505,0.769798,-0.125804
92,870,3.770892,-1.419470,-2.550439,0.215732,-0.931944,2.179367,-1.585851,1.791101,0.223233,3.314921,1.336738,0.524208
92,871,3.195526,-1.058740,-1.582787,1.037973,-0.405425,0.512362,-3.450013,0.450534,0.424795,2.872536,0.790616,-0.787628
92,872,3.357858,-2.598823,-2.297521,2.280460,-0.908072,-2.009531,-4.143906,2.545479,-1.168753,3.615055,0.768556,-0.467075
93,873,4.155058,-2.440697,-2.751050,0.489242,-0.287483,-3.578953,-0.991463,1.606707,0.101045,2.780386,0.315339,-0.100044
93,874,4.863387,-1.802219,-2.931529,0.194912,-1.798912,-3.917266,-4.140418,1.576974,0.325174,2.213290,2.053476,-1.785375
93,875,1.464843,-1.398736,-1.127701,-2.799283,-0.522987,-2.414251,-2.800079,2.548110,0.740404,3.035278,-0.057233,-0.686980
93,876,2.509014,-1.737993,-0.592345,1.773641,1.866792,-3.193332,-0.958690,2.110960,0.393290,4.140130,0.665378,-0.695141
93,877,2.514342,-2.388277,-1.296652,1.917645,-0.307350,-0.736486,-1.476627,3.168646,0.219274,3.055922,0.286560,-1.176879
93,878,2.689516,-3.248515,-3.769074,1.456608,-0.444778,-3.272309,-2.309013,2.992359,0.683372,2.710099,0.780441,-0.035523
93,879,3.024568,-1.860449,-2.153935,-0.112237,-0.660500,-2.378480,-1.481452,2.697828,0.564936,2.594341,0.554620,-0.822983
94,880,1.999610,-1.740685,-2.566096,0.780711,-1.023755,-1.348617,-1.289772,1.563560,0.164815,3.676271,0.298607,-2.990167
94,881,2.319372,-2.351013,-3.262601,-1.077510,-1.477457,-0.933768,-4.315724,1.251519,-0.072771,2.837696,1.369515,2.295167
94,882,2.788510,-1.988016,-1.936074,-0.865787,-2.073742,-3.779086,-4.626750,1.224593,0.299859,2.779285,1.050868,-1.678764
94,883,1.840508,-1.276951,-1.677005,-2.668560,-1.374416,-1.759014,-2.898924,2.770804,-0.097095,3.306073,-0.104726,-1.256944
94,884,3.960782,-2.780763,-3.268381,0.860476,-0.331690,-1.663108,-2.150731,2.176391,1.022747,4.322989,0.992181,0.120481
94,885,1.854047,-1.473942,-3.856758,0.350267,0.339487,-2.950451,-1.474861,2.066217,-0.172603,3.143313,2.187374,-1.255542
94,886,3.153241,-2.562211,-3.132139,2.917786,-0.767641,0.496899,-2.018296,1.699739,-0.645686,2.695434,2.050511,0.261838
94,887,3.948189,-2.828098,-0.866066,4.798227,0.038436,-0.980177,-3.125887,1.819298,0.173052,2.993612,0.924655,-1.830015
94,888,4.594396,-1.930814,-2.206422,-2.420824,-0.935523,-1.804801,-1.327482,2.492340,0.030618,1.858048,0.471629,-2.184384
94,889,2.663655,-3.056089,-2.495015,0.080038,0.034504,-0.171759,-2.308302,2.430045,-0.420808,3.074653,2.419920,-1.665326
95,890,135.782285,-0.583783,-2.926613,129.807992,-2.682595,-1534.824010,0.015133,475.317283,126.757693,4.414290,0.421799,-1.028051
95,891,131.137769,0.106661,-3.012238,-95.186855,-3.907098,-840.313713,-2.916964,345.512077,148.233059,5.027800,0.375562,-1.655607
95,892,210.044991,1.146173,-2.850241,-321.695471,-3.366209,-764.167396,-1.243994,351.841381,-97.460609,3.862732,0.853708,-1.043489
95,893,132.269980,0.524291,-3.350862,224.184323,-3.444676,-1567.258042,-2.647898,241.906220,-59.202428,4.508458,0.137996,-0.445663
95,894,232.742461,-0.469783,-2.563219,110.971900,-4.565141,-547.452620,-2.617514,307.948565,61.542605,3.532445,0.714146,-2.293277
95,895,209.293600,0.069419,-0.758145,409.241198,-4.101947,15.416588,-2.178783,260.629053,161.475685,4.201516,1.981831,0.122652
95,896,187.648461,0.006696,-1.548161,-257.846023,-3.741862,-741.221625,-4.283025,302.659704,82.142754,4.963498,0.577251,2.220332
96,897,280.236022,0.765008,-3.726189,-247.511623,-3.431665,-35.679715,-2.730750,208.830858,45.991170,3.956253,1.822203,-0.174691
96,898,282.264008,-0.125221,-2.507498,165.499672,-3.809917,-492.283323,-1.863874,222.243259,17.647879,4.186369,0.882809,0.335167
96,899,151.474336,0.109668,-2.669694,-35.417833,-3.310913,-1354.613273,-2.926837,313.048624,-29.074712,3.865077,0.124580,0.264161
96,900,60.425263,-0.100344,-0.512388,-11.146558,-3.785828,-19.006290,-4.008048,361.838714,-108.915907,3.134620,0.486845,-0.073434
96,901,276.178417,-0.551064,-3.095288,247.498795,-3.801123,-1009.410537,-2.811963,291.368071,26.439752,2.608690,0.957450,-1.909860
96,902,179.542868,0.109042,-3.012948,-42.945169,-3.390919,-519.732247,-3.085200,212.108284,131.427028,3.762480,0.122485,0.349681
96,903,185.296049,0.589756,-1.667298,300.883001,-3.757502,-999.836596,-1.844203,269.662447,72.041009,3.178002,0.354967,-1.023304
96,904,81.204050,0.920917,-0.642122,74.046592,-3.758912,-205.520163,-2.872322,315.001692,81.594297,3.059624,0.003691,-1.484283
96,905,186.799036,-1.490271,-2.802132,-299.673810,-3.546706,-527.848525,-4.570878,321.224826,239.608745,4.446504,0.239126,-0.953855
96,906,168.335340,-0.930645,-2.963443,-269.601416,-3.523178,-663.256491,-1.699085,271.204119,-25.775810,5.117338,0.450674,-0.408731
97,907,2.435970,-1.084516,-3.456109,0.926323,-1.880017,-3.236839,-2.724431,0.358103,0.400773,3.127130,1.697571,-0.115950
97,908,1.612344,-2.632133,-0.375590,1.045678,-1.163165,-1.469690,-3.336092,2.369750,0.822602,3.190932,1.352939,-0.249714
97,909,2.377319,-2.577570,-2.856287,1.038680,-1.298380,-4.499530,-3.005394,2.583225,-0.355531,3.525748,1.000338,-2.005696
97,910,1.837934,-3.660393,-0.594625,4.160589,-1.792600,-0.413806,-1.355785,1.370372,-0.033183,2.956831,0.215164,-0.176012
97,911,3.027010,-2.753936,-2.098667,1.749501,-1.444775,-4.441898,-2.217196,1.796549,0.813393,1.993324,0.943087,0.490231
97,912,3.097853,-2.048716,-3.509492,0.452772,-0.486607,-5.956903,-1.344691,1.451001,-0.348340,2.996483,1.519473,-0.666972
97,913,0.180158,-1.122959,-2.374666,-0.929767,-1.028265,-2.937944,-0.593031,2.776990,-0.331144,3.210895,0.979746,0.678888
97,914,3.538686,-2.689841,-4.547092,0.155831,-0.843553,-3.891769,-1.007847,1.767683,0.291228,3.790759,1.027372,-1.221518
97,915,3.334976,-2.010840,-3.899279,0.730316,0.602037,-3.779610,-4.518643,1.945764,-0.653838,3.365700,-0.046972,-0.738818
97,916,2.920098,-2.241442,-1.173186,-2.266984,-1.769561,-4.525287,-2.141599,1.698939,0.311407,3.310410,1.435814,-1.866759
98,917,3.361527,-2.172259,0.078653,-0.226037,-0.534376,-5.005251,-1.788189,2.433992,1.222292,2.733751,0.852104,-0.999115
98,918,2.757864,-1.775765,-2.441554,1.670702,-1.158903,-1.580079,-1.781417,1.631947,0.134257,2.720803,1.252374,-2.439482
98,919,0.965918,-1.969275,-0.049992,-1.230570,0.688104,-2.783850,-1.401453,2.148575,0.392365,2.145941,1.269270,0.055859
98,920,3.179309,-1.828790,-3.902407,-0.195639,-1.029344,-3.502354,-1.449598,3.107734,0.579631,2.677204,0.639257,0.553315
98,921,1.178501,-1.683448,-2.885929,2.378859,-1.181456,-3.614530,-2.331281,2.994377,0.358702,2.933950,1.121325,-1.131729
98,922,3.441490,-1.777215,-2.586127,-1.656350,-0.336188,-5.207217,-1.571484,1.736679,0.324511,1.973795,1.270507,0.023264
98,923,1.392370,-1.820493,-1.912859,-0.577769,-2.085557,-7.059159,-1.540165,2.457119,-0.341375,3.769545,2.347138,-1.439507
98,924,1.872740,-3.339071,-2.623652,1.976453,-2.388356,-0.757246,-0.477167,2.593574,0.163359,3.198238,0.510222,-2.142127
98,925,2.282143,-1.109683,-2.934074,0.338450,-1.162922,-3.300428,-4.337076,3.213251,-0.310228,3.213108,1.252524,-1.282931
98,926,1.882021,-1.489728,-2.068940,-0.180548,1.024491,-2.737702,-3.997234,2.583756,0.552905,4.382930,0.971249,0.293830
99,927,3.785986,-1.098481,-1.594207,1.274537,-0.351360,-0.160048,-2.649480,2.341907,0.717228,2.963772,1.145853,-3.166609
99,928,2.402230,-0.851621,-3.029991,-2.809015,0.143237,-0.821735,-1.450742,2.033511,0.481531,4.585484,-0.880602,-2.622461
99,929,2.572245,-1.759550,-2.317491,1.144630,-0.072324,-4.182867,-0.152379,2.302119,1.390351,3.320346,1.343939,-1.198399
99,930,3.428796,-1.845769,-2.769289,-4.300793,0.856286,-3.372306,-1.924847,0.628659,1.224772,2.980598,1.652438,-1.566500
99,931,1.736508,-1.858423,-2.118605,0.932606,0.119953,-2.648428,-1.479950,1.256184,0.198290,3.499401,0.996955,-1.715998
99,932,0.437539,-2.579535,-2.615215,0.365581,-0.838650,-1.102045,-1.656573,2.129677,0.029171,2.401683,0.691628,0.383523
99,933,2.530751,-2.002146,-0.826110,0.424520,-2.834426,-3.770338,-1.854106,1.365212,0.657440,3.984105,1.155866,-2.883276
99,934,1.130194,-1.833634,-1.894852,-1.513772,-0.472087,-5.248833,-3.938623,2.247067,0.009789,3.082058,1.288380,-1.293714
99,935,1.760137,-1.930191,-1.368628,2.093660,-1.155405,-3.754944,-3.766070,1.462083,0.298302,3.173767,0.695521,-1.460840
99,936,1.881874,-1.650871,-1.200307,-1.293741,-0.226642,-1.200371,-1.074687,3.363730,1.335606,3.273906,1.341546,-0.029592
100,937,3.439641,-2.006820,-2.994328,2.204994,-1.984011,-1.539402,-3.528737,2.280898,0.637445,4.124923,1.000623,-1.821263
100,938,0.760291,-2.295577,-2.107785,1.517885,-0.518205,-3.251418,-1.606051,2.310178,-0.087301,2.631700,1.022646,0.863520
100,939,3.821038,-1.064829,-1.959173,0.539122,0.603413,-0.410453,-2.995651,2.103756,-0.187093,3.599198,1.037989,-2.997079
100,940,2.785457,-2.382250,-1.522146,-1.139078,-1.007229,-4.154170,-3.076063,1.465548,1.202096,3.698786,0.781206,-1.873126
100,941,3.802621,-2.612258,-1.073316,1.397016,-0.043766,-1.643702,-1.301795,3.477270,0.435633,3.848208,0.495259,-2.248552
100,942,2.407560,-2.702746,-1.986451,2.795418,-1.936027,-2.102751,-1.352806,2.790920,-0.573286,2.106824,1.012794,-1.375432
100,943,2.473117,-1.352373,-4.348888,-0.398572,0.424020,-1.307266,-2.343980,2.114180,1.161003,2.850399,0.885596,0.925898
100,944,2.202278,-1.698432,-3.485709,1.703575,-0.963039,-5.224493,-3.262582,1.100614,0.241686,3.313985,1.033569,-1.441835
100,945,2.702684,-1.569256,-1.760523,-2.093721,-0.739230,0.302541,-2.725885,1.187900,0.957432,2.175100,0.531172,-0.171716
100,946,3.593572,-0.543220,-3.151085,-0.857884,0.315967,-4.327664,-2.116643,3.809459,0.984194,3.317174,1.530328,-0.595489
101,947,2.186146,-2.267743,-2.591596,-0.331474,0.581643,1.109913,-1.468291,0.007612,0.195023,3.603360,0.895763,-3.048010
101,948,2.789058,-1.462835,-3.612511,0.772745,-0.548632,-1.135024,-0.260131,2.428787,-0.444708,3.352685,0.986183,-0.041632
101,949,2.673955,-1.864925,-2.081141,1.653374,-0.600548,-0.271829,-1.055722,2.329379,-0.001305,2.486403,1.473775,-0.669150
101,950,0.824783,-1.746494,-1.017767,2.450517,-1.158414,-3.678519,-0.045526,1.849088,1.844624,2.441509,0.602749,-0.336758
101,951,2.743970,-3.068004,-2.235556,1.831387,-1.116798,-1.112250,-1.438921,2.067127,0.391197,2.577093,1.029995,-0.852254
101,952,1.112635,-2.433208,-3.039383,0.348227,1.016795,-5.647919,-1.000729,2.346062,1.050036,4.108163,1.018936,-0.824243
101,953,0.960984,-1.007817,-0.110621,2.266495,-0.399921,-2.143973,-1.296567,1.526767,-0.969421,1.759857,1.473904,-0.529545
101,954,2.061685,-2.140058,-1.119285,1.198196,-0.578837,-2.491654,-3.689703,0.739696,-0.105949,2.510974,0.702262,-1.766109
101,955,3.118461,-1.238510,-2.284712,1.877270,-0.706638,-1.243306,-4.718668,2.363245,0.699128,2.866121,0.568834,-2.718184
101,956,2.411391,-1.381824,-2.014908,1.898182,-1.410479,-1.172012,-1.529452,0.479770,0.267259,3.501953,1.465912,-0.669125
102,957,60.212706,0.747987,-2.654218,616.847934,-2.861375,-712.750801,-2.268871,225.411327,170.541736,4.728220,0.905044,-2.545115
102,958,200.648638,-0.430953,-3.608834,582.023235,-2.696383,-332.464459,-2.701830,196.198193,245.080565,4.957940,-0.180034,0.140777
102,959,318.272203,0.311277,-2.715294,259.552579,-3.647537,165.941063,-3.098540,160.621641,43.158335,2.358227,1.059342,-0.274191
102,960,139.580557,0.032100,-0.641731,-156.279744,-3.386589,-1283.885537,-2.115534,62.587433,247.769233,4.101654,0.249131,-2.222181
102,961,220.057214,0.006433,-3.463180,139.667110,-3.347136,-160.454922,-1.832793,243.421970,130.959061,3.434841,1.608225,-0.150442
102,962,170.716882,0.942534,-1.578027,-239.343381,-2.816206,-1466.317704,-3.541889,211.595008,240.763259,3.970808,0.750856,0.505304
102,963,260.663261,-1.289178,-4.152258,394.286148,-3.116627,89.703676,-0.520684,99.542561,233.663763,4.946464,0.753326,0.534703
102,964,200.583864,0.789275,-1.667352,637.679052,-4.679768,-176.886740,-3.941928,262.115774,-11.907323,4.030644,0.387084,-1.459815
102,965,333.296494,-0.267544,-4.563016,177.628876,-2.405557,-846.985874,-4.436374,290.728443,-45.514869,5.168996,1.169164,1.360446
102,966,153.343250,0.230063,-3.705281,223.881751,-3.885403,-345.177569,-3.412173,122.981982,86.756449,5.058156,0.079577,2.187483
103,967,148.661768,-1.382023,-2.868441,285.719097,-3.793475,-127.305016,-0.745583,284.082021,39.064887,4.347296,0.765816,1.105597
103,968,159.821959,-0.200035,-3.142365,116.419552,-5.113494,-784.453795,-0.252146,461.396419,189.699822,4.847947,1.475488,1.115147
103,969,106.451262,0.662641,-2.070112,360.295365,-2.934898,-687.597416,-1.533030,250.982856,21.157647,5.118100,0.879752,-0.690154
103,970,93.881631,-0.403589,-2.835227,-213.796266,-3.487321,-1279.192532,-3.926161,133.196250,202.059969,3.891105,1.656914,-1.727336
103,971,81.684296,1.033663,-3.304608,-0.371055,-3.911330,-1224.335205,-1.753468,115.437026,9.391637,3.066842,0.169109,1.418243
103,972,294.467779,-1.499293,-5.118111,413.171389,-2.785905,-347.410068,-2.026544,260.115812,220.319239,3.706431,0.916983,0.720963
103,973,369.076428,0.905489,-3.231065,-483.385914,-3.579698,-1127.889979,-3.137342,253.146146,135.239717,4.512013,1.184542,-0.925733
103,974,106.520266,0.181187,-3.592338,101.461548,-3.133493,-569.018562,0.278782,277.680143,57.801171,4.609352,0.309108,-1.695381
103,975,234.517562,-1.449795,-3.313561,58.966660,-2.556920,-652.711004,-2.320170,114.072333,58.076323,4.832246,-0.191040,2.424156
103,976,101.046759,0.364837,-0.852970,-4.943927,-2.055961,111.074381,-2.786306,112.932031,151.330944,5.161157,-0.762833,-0.866584
104,977,2.125955,-1.448176,-2.140916,2.534889,-0.039002,-0.928163,-3.797856,0.587497,0.568765,1.932604,0.917565,-2.021021
104,978,3.598154,-1.473035,-2.831968,3.041824,0.466348,-3.451080,-2.132646,2.797605,-0.256082,3.363067,0.730246,-1.382211
104,979,1.627143,-2.282994,-2.382922,-0.979394,-1.318054,-3.779810,-3.365707,3.055622,0.915888,2.544342,0.788185,0.029962
104,980,2.334657,-1.875089,-2.069292,0.136744,-0.678875,-1.228463,-1.900884,2.008156,0.359824,3.340740,1.331467,-1.831706
104,981,0.912706,-2.578261,-2.971657,0.288420,-0.952278,-5.386144,-1.236260,2.378934,-0.270582,2.894644,2.313454,-2.231443
104,982,3.231613,-3.045223,-2.339161,-2.393596,-0.045656,-3.814522,-1.822161,2.235601,0.362621,2.805569,0.601568,1.605778
104,983,2.174715,-2.416848,-2.030724,0.199146,-0.062916,-3.363065,-1.565522,2.244191,0.706389,2.282785,0.853440,-1.800220
105,984,3.732600,-2.269352,-1.604125,-0.713667,0.671006,-3.008099,-1.796893,2.074849,0.245252,2.387001,0.718332,-1.573017
105,985,-0.603265,-2.434455,-3.158008,-0.253875,-0.893088,-0.859222,-3.074695,1.715312,-0.305801,2.982429,0.519525,-0.640718
105,986,3.972485,-1.659739,-2.741160,0.473544,-0.390596,1.602334,-2.554052,2.783023,1.071103,2.961300,1.256589,-0.750590
105,987,2.740371,-2.821157,-2.482398,-0.991932,-0.798509,-2.754993,-0.997437,2.082397,-0.015507,3.781592,1.214345,0.809092
105,988,3.027895,-1.658553,-3.127331,-0.783575,-0.678518,-1.245706,-0.943605,2.213343,0.361247,2.321910,0.873570,-1.792427
105,989,3.384693,-1.742768,-2.428044,0.751314,0.350748,-0.912642,-2.067846,2.195364,-0.038818,3.360167,-0.366310,-1.534236
105,990,2.303676,-1.137419,-1.981504,-0.663373,0.021942,-2.120348,-3.105380,2.258802,0.546079,3.008017,0.847666,-0.519524
106,991,3.462432,-2.258392,-2.556748,-1.155842,-0.564267,-4.501588,-6.010902,1.697103,0.197525,3.281052,1.684087,-2.420482
106,992,1.982611,-1.736984,-2.010826,-0.455271,-1.382822,-2.001487,-1.662555,2.413858,-0.441156,2.516699,1.327503,1.130175
106,993,0.630414,-2.361944,-3.203764,1.964806,-1.985325,-2.122211,-1.396417,2.206831,0.155435,3.138982,0.911143,-1.195949
106,994,2.714383,-2.215015,-1.116624,1.379083,-1.696218,-3.209928,-2.181457,2.561711,0.185697,1.836016,0.993493,-0.849283
106,995,2.374702,-1.643888,-4.182789,0.689421,-0.556934,-2.773072,-1.892095,1.767306,1.144964,3.202351,1.332539,0.347299
106,996,2.215809,-2.057381,-3.302856,-2.442730,1.587552,-2.079705,-4.233909,2.476656,0.309125,3.454144,1.499788,-1.054380
106,997,2.036975,-2.140984,-2.744026,0.789534,0.327223,-6.191822,-2.925576,0.799796,0.730324,2.756860,0.836043,0.446494
106,998,2.653790,-1.777179,-2.845330,1.435480,0.016991,-1.363379,-2.367819,1.004697,-0.018107,3.292617,1.086629,-0.908063
106,999,1.929933,-2.021647,-2.343757,-1.745489,-0.331804,-3.883261,-3.759515,2.277129,-0.495955,3.511680,1.240076,-2.027177
106,1000,2.297041,-2.964471,-3.204167,1.180657,0.793362,-3.916354,-2.908856,2.043219,0.791470,2.070022,1.376540,-1.624539
107,1001,3.547726,-2.211792,-2.796406,-1.854223,-0.713322,-2.768802,-0.391839,3.240617,0.123343,2.334785,0.782025,-1.235438
107,1002,0.782866,-1.099425,-2.565642,-0.127920,-1.289920,-0.363803,-0.708472,1.306878,1.193539,4.040882,0.478455,-0.929065
107,1003,3.504884,-2.333461,-0.554594,-1.324216,-0.052792,0.781661,-3.540858,1.569886,-0.640429,1.901325,0.954855,-1.004557
107,1004,2.328547,-2.834568,-1.569449,1.889510,-0.614740,-0.927485,-4.214336,2.537961,0.041699,2.654642,0.665829,-1.062740
107,1005,1.395537,-2.740858,-2.254559,1.841592,-0.783499,-0.362621,-3.733586,0.576751,-0.276161,2.888593,-0.073373,-0.351149
107,1006,3.485437,-1.651871,-0.210383,1.080819,-0.318443,-3.199940,-2.679509,2.884452,0.765909,2.955342,0.694591,-0.263458
107,1007,0.660358,-2.469180,-1.232978,0.420887,0.258683,-0.677314,-2.811267,2.313640,0.134096,4.403332,1.669858,-1.164468
107,1008,0.438041,-1.086062,-0.910063,-1.717329,0.089934,-5.632854,-2.500325,1.552079,0.094958,2.984993,0.753072,-0.885337
107,1009,2.047190,-2.554944,-1.237399,1.056583,-0.973917,-2.481598,-6.108360,1.999062,0.249967,2.566855,1.444672,-2.050489
107,1010,2.295680,-2.102146,-1.375856,-2.100610,0.188711,-1.603896,-3.862613,2.176353,0.431825,3.453972,1.169371,-3.775258
108,1011,287.690012,-0.036244,-2.498341,379.786244,-3.208411,-819.420571,-4.719959,409.287764,76.581545,3.506694,0.487395,-0.086110
108,1012,179.068253,0.575873,-1.381407,222.888395,-2.816978,-967.402520,-2.715673,391.149643,114.795995,3.791571,-0.161011,-0.022819
108,1013,254.324360,1.011551,-5.179948,708.038028,-2.678555,-1317.319290,-0.282771,222.737541,94.338870,4.144712,1.143068,-1.010554
108,1014,232.183584,-0.068323,-2.135589,777.398145,-4.315629,-788.869906,-4.421598,188.876441,111.629647,4.117959,0.236779,1.074103
108,1015,223.967797,-1.138132,-2.552571,-90.987190,-2.473832,-650.726322,-0.545556,72.797429,145.889151,3.763724,1.497443,-1.651555
108,1016,225.399987,-0.497526,-3.169890,443.188675,-3.498852,-378.373026,-0.655474,335.396164,70.903140,4.075265,1.243007,0.291340
108,1017,198.419729,0.556481,-2.358094,-192.774345,-4.331256,-1017.849169,-3.082614,209.230648,-65.695500,3.600359,0.766961,-1.329853
109,1018,2.665626,-1.574507,-0.929496,-0.053993,-0.640181,-1.697227,-3.021939,2.297545,1.356501,2.493832,1.160275,-0.979624
109,1019,0.926257,-1.777985,-4.813221,-0.019430,1.631434,-2.728908,0.203007,2.292983,0.700993,2.470868,0.821328,-1.644228
109,1020,2.655301,-1.624510,-2.570665,0.711179,-1.364578,-3.344504,-1.643159,2.131282,0.824264,2.546875,-0.038791,0.312318
109,1021,3.956946,-1.725828,-1.304915,-3.030578,0.842726,0.437637,-2.752324,2.716886,1.080903,2.611502,1.002894,-0.840086
109,1022,2.931420,-1.376416,-2.363640,0.560285,-0.163946,-2.689994,-4.642980,1.092718,0.512530,3.135713,0.947586,-0.212899
109,1023,3.542420,-2.001867,-2.813504,-0.358620,-0.798871,-0.584611,-3.021707,2.088206,0.147055,2.129457,0.376785,-1.196067
109,1024,0.099593,-1.863399,-2.414993,-0.307557,1.033130,-2.046229,-0.955473,2.849022,0.453026,2.048043,0.662636,-2.295974
109,1025,2.393976,-0.722843,-2.225476,-0.602672,0.946739,-2.618069,-1.921345,3.490452,-0.324993,2.481693,1.378786,-2.371523
109,1026,1.788561,-2.410484,-2.099112,-0.777186,0.759557,-3.023961,0.918144,1.957940,-0.553745,3.416054,1.570359,-1.017298
109,1027,1.816450,-2.092802,-1.708026,-2.527168,0.340123,0.887778,-2.586479,3.268804,0.620361,3.379549,1.178123,-1.577302
110,1028,2.673483,-2.605147,-0.760164,2.185939,-0.810125,-2.754440,-3.600398,1.201222,1.154783,3.930708,1.591174,-0.349226
110,1029,3.326755,-1.585436,-4.063653,-0.810277,-1.051295,-5.994984,-0.751833,3.405718,1.552196,2.294099,0.271552,-0.652239
110,1030,2.295817,-1.796636,-0.944049,1.625985,-0.280786,-2.670871,-2.075069,1.855329,1.389666,2.842834,0.614430,-0.100103
110,1031,2.617499,-2.335991,-3.710778,1.456834,-1.352528,-2.612644,-1.228753,1.669778,0.404855,2.936582,1.075249,-0.012584
110,1032,3.210413,-1.304262,-3.497949,0.991520,-0.146536,-0.887843,-2.979913,2.390975,0.341825,2.213613,1.291990,0.641726
110,1033,2.152554,-2.871104,-2.379119,-0.969770,-0.728897,-5.048629,-2.511889,2.933446,0.592680,3.536475,0.671779,-1.759186
110,1034,2.389851,-1.572068,-0.541596,0.659627,-0.219025,0.042771,-4.299505,2.634427,0.677408,1.289961,0.065806,-1.998436
110,1035,1.118721,-2.115162,-3.021757,1.071138,0.913630,-2.201104,-2.752413,1.409206,1.282915,3.309675,0.109437,0.100877
110,1036,3.693347,-0.412411,-0.989668,2.304390,0.468936,-1.967529,-3.889505,2.119861,0.392873,2.794999,1.254011,-2.747997
110,1037,2.460523,-2.340431,-1.162310,-0.420276,-0.023873,-4.253301,-2.772015,1.975958,0.423481,2.838706,1.453136,0.537219
111,1038,65.061266,-0.772436,-3.957348,-66.166279,-4.069761,-1290.848013,-1.247953,55.429535,101.587856,2.555572,1.471867,-0.692787
111,1039,222.270343,-0.911893,-3.360806,194.755616,-3.479348,-752.719067,-3.718319,100.749349,-106.089739,3.885664,0.886917,-1.745429
111,1040,133.092142,0.815088,-2.551820,-68.911801,-4.237615,-1413.033757,-3.283383,319.966841,32.396694,3.336058,1.045397,0.529074
111,1041,202.198580,-0.002131,-4.090063,372.502095,-3.378794,-237.307975,-3.510232,343.038554,267.757980,4.188959,1.042469,-1.831604
111,1042,145.244407,0.002715,-4.006317,219.519601,-4.101122,-340.972065,-3.469566,68.310917,180.695320,3.770201,1.774803,-0.674212
111,1043,275.908154,-0.756908,-3.612998,245.634990,-4.062736,-203.996579,-2.609908,120.468881,4.018228,3.538899,1.671525,-3.538482
111,1044,119.439398,-0.416688,-4.560211,750.207080,-2.927284,-792.660663,-2.550116,191.593962,169.866319,3.580725,0.716076,0.364744
111,1045,210.774749,0.752855,-2.223059,282.089260,-4.165151,-1116.507965,-2.084211,484.566016,153.889502,4.820521,0.157086,-1.174457
111,1046,234.917840,0.701581,-2.740997,294.999044,-2.681832,-1458.424092,-2.301054,272.082835,146.714859,4.776617,0.499770,-0.464404
111,1047,205.580466,0.051773,-3.874539,-138.940558,-3.626261,-301.954488,-1.075488,291.518354,2.240771,4.380314,1.643048,2.115644
112,1048,1.447895,-1.713958,-2.002480,-0.741401,-0.068613,-0.709599,-2.234467,2.966566,-1.261789,4.036706,0.475174,-1.836480
112,1049,2.042923,-2.613280,-2.385984,1.996865,0.056652,-2.107644,-1.690336,1.242074,0.168442,2.336043,0.360396,-0.637333
112,1050,1.694221,-1.855926,-1.968146,0.431092,-0.138828,-0.010214,-2.310471,2.588500,0.033565,2.938015,1.133212,-1.040456
112,1051,3.036221,-2.147112,-3.911241,-0.248265,-0.470661,-1.589182,-0.158028,1.683914,-0.410797,3.299660,1.638513,-2.672409
112,1052,3.368100,-1.466748,-5.000005,1.307813,-0.690150,-2.786162,-1.430557,3.559793,-0.217803,2.705993,0.634870,-2.494563
112,1053,1.677137,-0.618217,-2.385175,1.432260,0.048791,-3.492499,-0.794940,1.059298,-0.177826,2.942875,0.273074,-0.593419
112,1054,1.400949,-2.648624,-2.833641,2.319596,-0.339513,-3.118634,-3.280707,1.632914,0.298687,2.341549,0.856413,-0.070389
112,1055,4.254848,-1.450268,-3.838020,1.137320,-0.088560,-1.752959,-1.455409,1.658378,0.679625,4.081000,0.514611,-1.987867
112,1056,0.438408,-0.939370,0.007959,0.390260,-0.753364,-4.807157,-1.064720,1.007513,1.029812,3.194908,1.259906,-0.903813
112,1057,1.473321,-0.592688,-2.254481,-1.195234,-0.137798,-1.876887,-1.063264,2.761648,-0.183585,3.331081,0.176963,-0.981611
113,1058,2.756118,-2.701775,-2.029888,4.252350,-1.378657,0.048324,-3.698510,2.870700,-0.249273,2.328741,1.405437,-1.197068
113,1059,2.329696,-1.372543,-1.604832,-0.233659,-0.478529,0.734597,-3.731375,2.267003,0.908750,3.055327,0.809660,-0.632221
113,1060,4.448663,-1.101581,-0.988404,0.584431,-1.328036,-2.158115,-1.582298,2.182583,0.142221,3.232950,0.853494,-1.556088
113,1061,3.195168,-2.410051,-0.971804,-0.504548,-1.065968,-3.346971,-1.445077,1.227444,0.742851,1.900411,1.176488,-0.961170
113,1062,3.115802,-1.821762,-1.581810,0.210114,-0.004813,-1.483866,-0.546756,2.142759,1.055107,2.884727,0.745716,-2.607019
113,1063,1.269643,-1.759467,-0.709889,-0.471987,-0.153817,-3.970554,-1.284754,2.283703,-0.051609,2.850379,0.502526,0.438308
113,1064,3.059091,-1.680581,-1.506440,-0.101370,-0.732119,0.270409,-2.489514,3.333585,1.792888,3.079994,0.589887,0.219231
113,1065,1.096020,-3.859023,-0.083521,-1.947220,1.395211,-4.192284,-3.080426,1.230814,1.086747,4.112900,0.957270,1.047447
113,1066,3.981019,-1.195356,-1.071206,2.912483,-0.033940,-4.000732,-1.349285,3.144180,-0.452051,3.023781,1.212731,-0.699492
113,1067,2.411627,-1.992621,-3.471914,1.708951,-0.034748,-2.242510,-0.957228,2.538893,0.791998,2.047536,1.246899,-0.209732
114,1068,124.945653,0.562778,-1.656505,-63.653355,-3.837895,-7.426436,-1.686252,174.531864,-49.913854,5.388922,0.184306,-1.338136
114,1069,173.295815,-0.058853,-3.530426,-352.243933,-2.892880,-336.815470,-4.019894,248.547428,395.492313,4.736400,0.430052,0.152047
114,1070,199.336619,-1.232192,-3.550620,-185.718108,-3.783326,-204.311651,-3.363962,97.616216,74.428622,3.625450,1.436542,-2.209510
114,1071,164.344346,-0.470351,-2.875114,332.347918,-3.949996,-453.221010,-3.337621,314.236449,-216.725469,5.176061,1.163989,-0.343078
114,1072,197.121023,-0.086015,-3.277018,-161.234515,-3.039142,-297.221309,-3.892336,52.628880,133.409614,3.974777,1.532948,0.095647
114,1073,64.428505,0.635139,-2.387342,-191.272598,-3.419935,-928.989026,-1.326563,246.525487,40.714303,3.482749,0.930754,-0.293688
114,1074,127.068766,-0.813132,-2.518492,-249.135529,-2.919272,-1004.504777,-1.656694,261.581562,-10.999680,3.688193,1.304273,0.457921
115,1075,1.689034,-0.746243,-2.639345,0.054271,0.750968,-2.270068,-3.271938,1.896732,0.770184,2.327330,0.779546,-1.536880
115,1076,0.805340,-2.436215,0.693052,-0.205184,-0.760013,-1.708219,-1.989929,1.486781,0.110952,2.686522,1.832187,-2.485719
115,1077,1.409732,-2.219796,-2.182805,-0.224603,-1.255668,-0.597071,-1.202683,2.305381,1.157514,2.294875,0.866178,0.175638
115,1078,4.002941,-2.241909,0.218519,-0.672706,-0.164506,0.545480,-2.176231,2.383742,1.413871,2.003136,0.159283,-1.399699
115,1079,4.434068,-1.636753,-3.032765,0.755853,-0.530992,-1.588019,-1.656040,1.316425,0.866944,2.560114,0.769047,-1.525668
115,1080,2.292208,-1.767198,-2.557309,2.307252,-1.929509,-4.555214,-1.999425,3.501245,0.715852,3.409851,1.641378,-1.679173
115,1081,2.816939,-0.826682,-4.136736,0.015058,-1.166456,-3.688702,-2.445042,3.772521,1.132250,2.386631,1.462896,-0.447368
115,1082,4.398315,-2.640456,-1.741982,1.546826,0.062836,-2.698219,-0.978212,3.339782,1.240490,2.929187,1.218844,0.905108
115,1083,4.185492,-1.869198,-2.964099,3.451212,-0.576977,-4.538060,-0.884017,3.344367,0.055581,3.328143,1.017656,-1.938257
115,1084,1.504559,-2.322384,-1.105725,-0.354934,0.386041,-1.570473,-2.201927,0.664351,0.283729,2.424498,0.371272,-2.083473
116,1085,2.494522,-2.601991,-2.247825,3.657007,-0.488486,-3.637430,-1.584576,2.566097,0.229302,2.736233,1.319479,-0.049832
116,1086,0.804725,-2.351105,-1.110305,-0.018818,-1.211183,-2.611705,-2.406838,3.543773,0.894233,3.220880,1.602878,-0.129725
116,1087,2.844353,-3.167944,-1.348048,3.042574,-0.750224,-4.596613,-3.147590,3.187444,0.777193,2.066978,0.720683,-2.348313
116,1088,1.066167,-2.736673,-4.554717,2.012330,0.185606,0.444479,-1.867630,3.048493,1.818510,3.879745,0.860792,-0.584300
116,1089,1.224595,-3.031176,-3.217813,-0.873571,-0.966347,-1.052292,-2.866591,1.529984,0.169540,3.916286,0.823514,-1.247401
116,1090,2.021689,-2.379550,-3.558041,-1.285941,1.234518,-3.507528,-1.808408,1.092424,1.464415,2.585954,1.593681,2.988799
116,1091,2.391090,-2.555104,-2.600807,0.012617,-2.075046,-2.518870,-3.425655,1.944288,-0.094111,2.916265,0.577992,-0.286059
117,1092,108.164997,0.340077,-3.139224,-170.611431,-2.985796,-451.458108,-1.155684,108.475540,272.667863,4.935276,1.572999,0.432522
117,1093,229.686966,0.297235,-2.965238,27.474318,-2.984693,-24.047860,-0.846307,142.961478,109.462826,4.190716,0.765781,0.159007
117,1094,115.616363,0.378235,-4.283548,253.045207,-3.357780,-724.608406,-1.445220,362.160973,-17.215752,3.345202,0.031878,1.214696
117,1095,77.795828,-0.876704,-3.692535,-153.181998,-2.358292,-875.039981,-3.382126,405.954427,236.580070,3.854391,0.929993,-1.263076
117,1096,97.124617,-0.497036,-3.253520,-275.268406,-2.245761,-604.063700,-2.416341,372.444939,339.682855,3.654676,1.318901,0.907587
117,1097,170.681438,0.214167,-1.097298,-379.717722,-3.764263,-913.517947,-1.963075,132.697057,281.987364,4.356729,0.570111,1.020837
117,1098,188.662674,0.745336,-2.996954,320.793043,-2.351990,-56.722939,-1.016457,409.755325,183.819226,4.272318,0.556437,1.190825
117,1099,178.661152,-0.654141,-3.446330,-98.651849,-2.517017,-687.282276,-2.494671,303.110411,224.555376,4.209266,1.876225,-0.384728
117,1100,154.421909,0.125137,-0.689609,177.248637,-4.527061,-635.360543,-2.937358,235.760661,68.785606,3.365822,0.707339,0.600596
117,1101,88.258610,0.237571,-3.240469,260.744090,-3.230697,-566.795278,-1.173558,456.235133,-71.653458,4.321870,1.077685,0.317293
118,1102,2.735055,-2.551292,-1.053985,-2.077997,-0.726389,-6.000328,-3.081421,2.701191,0.567411,2.541041,0.734869,-1.261847
118,1103,2.242130,-1.931435,-0.676970,-4.574230,-0.221576,-2.580163,-1.875650,1.878380,1.409765,3.026864,1.581441,-2.501494
118,1104,2.688803,-1.918495,-3.312915,1.949986,-1.195126,-4.174108,-2.262172,1.973048,0.976301,4.758202,0.347143,0.227048
118,1105,1.655198,-1.230183,-0.460589,-0.146960,-3.196478,-0.089215,-1.030122,1.561362,0.054006,2.118962,0.928921,0.914870
118,1106,2.776091,-3.045297,-3.580331,3.179423,-0.894786,-3.146163,-2.568318,1.635112,-0.820633,2.976068,0.967539,-0.613981
118,1107,1.143720,-2.199733,-1.064179,-0.787293,-0.299904,-3.808747,-3.890257,1.350363,0.639715,3.193025,1.432545,-2.423388
118,1108,1.721133,-1.835299,-3.626906,0.840943,-0.997024,-3.802745,-3.444251,2.504882,0.230337,3.329706,1.112635,-1.176635
118,1109,2.397669,-2.360704,-2.613069,3.469282,0.080319,-1.261019,-3.229494,2.407247,1.035563,2.661625,1.512576,-1.104932
118,1110,2.050377,-0.482633,-1.162529,1.040370,0.074585,-3.250757,-2.873852,2.425313,-0.114134,3.034367,0.801937,-1.917172
118,1111,3.155369,-2.210881,-1.453359,-1.409136,-0.449355,-1.145648,-3.784489,2.404858,1.369592,2.747800,1.408860,-0.925586
119,1112,310.034925,0.046804,-4.113944,138.866194,-3.150187,-573.743124,-0.889952,203.987596,40.350698,3.771551,-0.777864,1.289373
119,1113,219.879224,0.058051,-4.644626,159.414367,-3.979462,-1141.959651,-1.961650,135.279584,185.398841,4.844534,1.012166,-2.294542
119,1114,223.186774,-0.732202,-3.542550,-474.390978,-4.132926,-1062.968330,-2.804955,121.694817,271.479968,4.526699,1.375796,0.613919
119,1115,278.754944,0.477449,-1.844508,368.627221,-4.554129,73.785122,-4.201555,240.430259,125.837130,4.168063,0.755273,-0.581451
119,1116,282.536295,0.251585,-2.311706,469.231490,-2.740499,-531.323590,-2.799971,146.462403,191.489909,3.314307,1.199163,0.371550
119,1117,139.734278,0.762406,-2.082018,-380.408982,-3.975124,-282.903721,-2.546733,391.858102,270.392107,4.493820,0.096817,-0.536257
119,1118,224.980690,0.073466,-3.984604,470.641689,-4.428943,-627.759428,-0.183235,251.160754,-148.555260,3.954192,0.542958,0.525655
119,1119,120.890691,-1.503404,-3.133130,339.443845,-2.982930,-84.849426,-1.950337,347.772183,-25.236341,4.014219,0.598351,-0.778846
119,1120,145.815254,-0.997708,-2.371273,241.296700,-3.192320,-1340.134344,-2.984621,253.194195,239.234631,3.769133,0.320195,-1.234341
119,1121,186.629197,-0.712205,-2.910642,152.344228,-2.087476,-612.756338,-0.426475,285.921448,61.393850,4.013815,1.398599,0.416451
120,1122,3.180299,-2.012750,0.299994,-3.503888,-0.210898,-2.005556,-1.076154,2.422341,0.449915,3.539389,1.687339,-2.716660
120,1123,2.505344,-2.605000,-3.339585,0.210672,0.301597,-1.445360,-3.182304,1.145688,-0.100525,2.295023,0.482872,-0.309155
120,1124,2.853926,-1.764646,-5.040826,-1.582642,-0.160705,-4.692033,-1.926254,2.042672,0.823325,1.893143,0.705813,-1.810500
120,1125,2.202856,-2.039440,-3.134211,2.674056,-0.870975,-6.334819,-1.292078,1.701143,-0.126919,2.570496,1.404379,-2.857236
120,1126,0.996287,-1.129276,-3.546578,-0.206264,-0.582012,-1.506862,-2.927331,1.908306,-0.085010,3.755384,1.049193,-1.921543
120,1127,2.417763,-2.081215,-2.006816,-1.495100,0.009277,-3.421421,-0.504255,1.889183,0.331053,2.440351,1.833524,-1.334432
120,1128,2.494554,-2.250834,-3.029035,-2.000415,-0.815294,-3.828320,-3.357768,3.006229,0.314768,3.664671,0.812043,-2.631764
120,1129,1.405325,-2.003440,-1.669761,3.278739,-2.689789,-0.348957,-2.576158,1.212165,0.857292,3.579181,1.714372,-1.269333
120,1130,4.695163,-2.138287,-2.405327,3.479241,-0.957055,-1.800360,-2.259740,1.497583,0.809260,2.900528,1.430009,-2.964107
120,1131,4.307610,-1.860035,-2.313913,-1.278646,-1.159014,-2.990605,-1.893980,2.652153,-0.163022,3.742803,1.468826,-0.043600
121,1132,3.898578,-3.103774,-2.677068,0.473481,-0.471845,-1.484885,-0.832348,0.879951,1.854396,2.210096,0.994667,0.581031
121,1133,4.095425,-1.618435,-2.510821,-0.162048,-0.518260,-3.948907,-2.593834,2.992423,0.534250,3.014570,1.169769,-0.418891
121,1134,4.042063,-2.717553,-0.113378,-0.345604,-0.123731,0.043875,-2.015551,1.615788,0.338976,2.077331,0.795008,-2.019707
121,1135,3.843202,-0.961015,-3.356124,1.049603,-0.795269,-3.632111,-3.117503,2.155720,-0.549416,3.246386,2.041893,-1.012753
121,1136,1.210720,-2.021515,0.191152,3.916425,0.670957,-0.683879,-2.387299,1.953450,1.676203,3.404340,-0.090004,-1.919302
121,1137,2.681213,-2.486378,-0.635399,0.077654,-0.348174,-1.101228,-4.233823,1.999467,0.874728,2.929328,1.099950,-1.924125
121,1138,3.019470,-2.454908,-1.064241,-1.908899,-0.693750,-4.047487,-4.833026,2.915979,0.929355,2.328335,0.501133,-1.404448
121,1139,3.803394,-2.058546,-1.284089,0.147182,-0.033330,-0.043283,-0.262420,3.349941,0.760522,3.546065,1.424753,-2.077193
121,1140,1.606604,-1.731208,-1.134879,1.051931,-0.093388,-1.815334,-0.588807,2.006545,0.822629,4.163270,1.249864,-1.204803
121,1141,0.867141,-2.126698,-0.764254,1.915846,-0.763579,-2.618002,-1.276036,2.093301,1.137598,1.958718,1.135097,-1.989513
122,1142,294.981778,-1.068197,-3.698311,-48.309782,-3.984179,-791.004715,-3.772922,309.170983,291.891900,4.976742,2.133777,-0.962583
122,1143,277.176819,-0.419766,-2.282807,31.460402,-2.093812,-69.650855,-1.430349,283.678571,299.785479,4.688238,0.757461,0.621918
122,1144,129.940580,-0.826266,-4.896065,157.096410,-2.512246,-314.221779,-1.853558,248.687576,31.551895,3.607440,1.173323,1.188992
122,1145,179.348128,-1.492024,-3.488261,189.532599,-3.893024,-1045.294793,-3.003639,162.582310,87.634604,4.438884,1.149879,-0.774706
122,1146,176.751214,0.489410,-1.087395,-178.346082,-4.048107,-492.385164,-1.620812,280.168962,97.221815,3.710878,1.475292,0.059521
122,1147,128.346694,-0.665611,-3.648355,68.555444,-3.298391,-974.220900,-0.511841,52.613771,-163.037456,4.388535,0.869608,-2.090794
122,1148,196.821195,-0.262654,-1.747227,207.395874,-3.181706,-374.740338,-2.677154,202.602169,25.083591,3.358811,1.609253,-0.765651
122,1149,205.687046,-0.722848,-1.856914,268.256929,-2.410866,-800.121403,-4.396586,181.751841,75.166632,5.424986,1.708000,-1.976949
122,1150,263.519163,0.161035,-2.703694,16.599757,-1.388643,-1011.069604,-1.717605,309.603798,-36.449620,3.066296,1.473342,0.808610
122,1151,188.180679,0.802425,-3.976861,185.327547,-1.921197,-352.140433,-2.689366,227.870102,12.960228,4.381658,1.262157,0.236565
123,1152,2.525570,-2.071555,-0.054828,-1.238179,-1.538273,-1.846745,-1.938342,2.980762,0.248921,2.749988,0.879144,-1.706191
123,1153,2.641112,-0.590749,-1.848104,1.439689,-1.227622,-0.938694,-2.070407,1.836760,0.568245,2.628899,1.713101,0.244213
123,1154,1.507884,-1.647949,-0.583886,2.201329,-1.358957,1.264129,-1.760921,2.848612,0.891626,1.977019,0.829950,-1.961268
123,1155,1.722276,-0.828267,-2.193045,1.748747,0.487532,-1.316211,-2.213335,1.808756,-0.300010,1.916539,-0.162441,-0.499820
123,1156,0.408091,-1.788299,-0.774619,1.222237,-0.434297,-0.920928,-1.648882,2.078097,0.571982,3.383935,0.508168,-2.663202
123,1157,1.161361,-2.741746,-0.924390,-0.859935,-1.895380,-6.018773,-2.608982,0.993982,1.698109,3.785455,1.382144,-0.304948
123,1158,2.385576,-2.135150,-2.527945,1.963378,-0.080971,-4.302430,-1.808340,2.176035,0.054149,2.502275,2.223026,-2.291880
123,1159,3.014831,-1.011329,-2.308083,2.270622,-0.903099,-4.311484,-0.990630,2.644642,-0.210298,3.056555,1.187601,-2.098233
123,1160,1.306750,-1.518485,-3.239131,0.086356,-0.356843,-3.751478,-4.264327,2.587320,1.061463,2.413402,0.699994,-0.007020
123,1161,2.374596,-2.060364,-1.871885,1.270889,-0.655148,-3.403615,-2.155523,2.384040,0.184626,3.367756,1.844579,-0.939244
124,1162,155.520877,-0.561444,-3.928750,56.774483,-3.024712,-1096.411454,-3.248010,381.581837,157.191650,3.938288,1.070223,2.043265
124,1163,270.990869,-0.133467,-2.023141,116.681725,-2.307620,-796.260691,-0.780963,204.355361,62.844234,5.405960,0.592379,1.669390
124,1164,151.104430,-0.198806,-3.405574,-449.329725,-4.419574,234.947961,-3.236653,240.032586,-85.133934,3.868636,0.853282,-1.082668
124,1165,175.848273,0.370363,-4.492087,190.966784,-2.813383,-742.635754,-2.708623,126.991373,152.481777,4.613073,1.561299,-0.567913
124,1166,79.418576,0.194192,-3.017913,-30.038564,-4.842976,-976.832286,-3.694672,343.538536,-2.613101,4.399532,0.521673,-1.532047
124,1167,172.041976,1.436618,-5.099796,-132.185459,-3.402841,-125.934377,0.140673,293.836792,75.125952,5.342021,0.656647,-0.063647
124,1168,276.009760,-0.735106,-2.228492,298.556091,-3.324898,-1152.590011,-2.435458,245.197100,-153.603479,3.681273,0.345209,-0.297208
124,1169,134.638266,-0.536008,-5.690798,248.494038,-4.578426,-538.303857,-1.342857,299.754487,-158.026679,4.880397,0.476486,-0.563372
124,1170,167.903814,-1.096730,-3.512134,42.715143,-3.378241,-352.133882,-3.775680,321.464209,114.783613,4.319649,0.513831,-1.666712
124,1171,264.059106,0.156909,-2.218956,389.253365,-3.573853,-1249.422817,-3.624183,304.329328,343.423331,4.101518,1.515406,-0.528408
125,1172,309.075482,1.149224,-2.749770,240.827233,-4.062380,-617.897910,-5.347643,371.012464,-69.122678,4.532510,0.689799,-1.190927
125,1173,239.613963,0.859714,-2.560019,-182.253245,-4.244889,-507.858906,-4.480784,156.509844,119.820850,3.001646,1.071141,0.548474
125,1174,126.119558,0.927768,-2.345400,85.327381,-2.345624,-657.151118,-3.591439,331.406109,109.898534,5.148556,0.498578,-1.567677
125,1175,143.960962,-0.337440,-3.128021,489.038110,-3.095498,-592.421929,-2.227725,203.422409,409.318898,5.177451,1.054595,-1.645231
125,1176,70.697383,0.354454,-4.358022,23.611174,-3.780656,-509.853578,-3.190066,230.182578,185.935182,3.924239,1.038061,-1.016653
125,1177,59.444196,0.115641,-3.804378,-4.416164,-2.425047,-1168.837944,-3.696857,267.336882,275.709144,4.033892,-0.100069,-1.054463
125,1178,240.861396,0.608960,-1.040066,106.757234,-2.934084,-1102.543209,-1.118959,381.347246,-70.987664,3.508240,0.585883,-0.049600
125,1179,327.612418,0.727890,-1.412346,941.265401,-3.130082,64.440441,-1.911177,235.163542,6.250996,4.501397,1.279989,-1.954145
125,1180,125.535893,0.343797,-1.420556,92.611582,-3.049434,-639.876489,-1.908138,157.576481,229.270547,4.845093,1.050577,-0.262274
125,1181,177.479428,-0.723898,-5.058659,102.218315,-2.954318,-845.425635,-2.405003,347.801585,-164.451808,3.434165,0.689003,-0.568128
126,1182,2.496601,-2.371405,-3.916870,-0.751429,-1.125926,-4.695631,-0.586352,1.669455,1.027631,2.011637,1.134253,-1.454430
126,1183,0.951455,-0.979930,-2.466550,1.785321,-1.759905,-6.353018,-3.849200,2.808667,0.407282,1.656710,1.964352,-3.846865
126,1184,3.946967,-1.959277,-2.119116,1.417802,1.123257,-5.469581,-1.184978,2.951570,1.094382,2.318057,1.008127,-0.359547
126,1185,4.099628,-0.391049,-2.198452,0.346130,-0.345696,-2.029587,-4.289700,1.800646,-0.641981,2.950775,0.545354,-0.926917
126,1186,2.224214,-2.999091,-0.478428,-1.419464,0.622876,-4.579341,-2.667858,2.746725,1.139796,2.242889,0.956321,0.038190
126,1187,4.661848,-1.163640,-0.645852,-0.158253,-2.718276,-3.909084,-2.008871,2.405591,0.191681,2.108794,0.563042,0.753432
126,1188,2.397322,-1.741083,-3.348212,-3.127246,-0.793045,-1.590118,-2.303730,1.693549,0.682221,3.319772,1.990657,-1.185231
126,1189,3.075869,-2.276836,-4.152478,2.871802,-0.898510,-2.250670,-0.102622,2.286176,0.091050,2.186938,0.678027,-0.947922
126,1190,2.377576,-1.867891,-2.089592,4.139126,-0.973956,-5.426553,-2.078318,1.323513,-0.288890,1.766923,2.330215,-2.638727
126,1191,3.776177,-1.503197,-2.213188,-1.008076,-0.481769,-2.715240,-1.226510,2.147267,0.388908,3.176875,1.518426,-3.154847
127,1192,3.311167,-2.522705,-2.724125,3.789054,-0.168315,-1.970263,-3.724072,2.391521,1.262282,2.977159,0.713502,-3.217529
127,1193,3.011907,-0.380383,-1.287104,2.659231,-0.339020,-3.516864,-3.492578,2.404717,0.658122,3.115922,0.058435,-2.148469
127,1194,1.889360,-1.942054,-1.804485,1.518798,1.618087,-2.267494,-1.840571,3.018430,-0.032963,2.539898,0.907289,-2.034482
127,1195,3.503897,-1.770618,-2.849618,0.128535,-1.522046,-2.256234,-0.834027,3.434868,0.080569,2.031954,-0.317117,-0.860073
127,1196,0.736811,-0.940707,-2.415330,0.954123,0.087424,-4.435432,-0.981339,2.602741,-0.722822,2.672719,2.433632,1.168561
127,1197,1.458912,-2.067795,-2.770874,4.395412,-0.015225,-1.296155,-2.678644,1.050594,0.665825,2.378110,1.134758,-2.159082
127,1198,2.262044,-1.950280,-3.337124,3.126255,-0.353942,-1.646999,-1.761587,3.052752,-0.649941,2.820117,1.818313,-1.220234
128,1199,220.003469,-0.071610,-2.615342,493.144003,-3.563180,-155.987041,-3.073956,340.398344,40.792357,3.774306,-0.355596,1.081954
128,1200,300.295301,-0.684663,-3.866271,384.531181,-4.560104,-974.172803,-3.920780,225.148189,36.797915,3.431777,0.631534,2.082059
128,1201,122.272501,-1.149228,-2.277987,388.870848,-2.729901,-435.710845,-0.455671,447.187619,231.243096,4.194934,1.741546,0.167181
128,1202,205.451133,-0.148607,-3.839016,163.241845,-4.320823,-220.021791,-1.992801,278.368481,54.696983,4.909483,0.655305,0.440021
128,1203,97.701247,1.385772,-5.294662,-323.985189,-4.311614,-13.725000,-3.537726,177.007322,12.869498,5.082843,1.197153,0.219210
128,1204,282.328381,0.134834,-3.354793,395.623874,-3.370171,-1038.326805,-0.114551,400.620858,107.225328,3.776181,1.515183,-0.500349
128,1205,119.290125,0.612553,-3.352830,336.629929,-2.501045,-974.645976,-2.098348,338.968831,218.528008,5.122386,1.326902,1.019762
128,1206,299.603774,-0.036380,-4.287779,304.534051,-3.046461,-964.074890,-2.871269,302.252307,-2.816438,5.353789,1.370937,0.340492
128,1207,356.516582,-0.456494,-4.006933,393.451130,-2.638504,-1258.667741,-3.883689,199.036515,221.500657,5.021752,0.429763,-2.431434
128,1208,95.537244,0.102859,-5.022416,-58.688530,-4.372464,-523.195504,-0.752853,262.223159,-47.459363,4.576515,1.246190,0.775782
129,1209,4.143431,-1.348598,-2.100602,0.290927,-0.976347,-1.694401,-1.715259,0.743858,-0.290484,1.488997,1.366448,-0.351603
129,1210,2.662052,-2.270792,-5.913743,-0.444523,0.001917,-3.209736,-3.464318,0.853860,0.591008,3.575588,0.700229,0.376718
129,1211,3.451273,-2.034554,-1.114806,1.367684,-0.724117,-6.413787,-0.423789,1.850835,1.802969,2.869524,1.370106,-0.798627
129,1212,0.277874,-2.164491,-1.731773,2.212782,0.536130,-1.099762,-1.603760,1.869442,-0.015441,3.789296,1.706709,-0.934010
129,1213,2.004550,-1.613413,-0.833547,-2.007609,-0.953050,-1.077680,-0.914223,1.978044,0.382530,3.297781,0.206863,-1.490383
129,1214,4.203064,-2.241197,-2.580990,-1.204095,-0.304067,0.551641,-1.192065,3.053124,0.624833,3.956142,2.349411,-0.492071
129,1215,1.483768,-2.882442,-0.528142,1.380369,-0.641497,-4.613704,-1.881941,0.859577,0.600209,3.793162,0.886030,0.122942
129,1216,3.399833,-2.136751,-0.539399,1.285124,0.921157,-1.338745,-1.358691,0.958133,0.719086,2.329465,1.944730,-2.187162
129,1217,0.581832,-3.750838,-0.614206,0.711006,-1.881187,-2.224826,-0.591501,1.795793,-0.478701,3.641697,0.695621,-3.207708
129,1218,-0.067481,-2.349218,-1.004402,4.278949,-2.010948,-1.278988,-2.140684,1.060951,1.116123,3.078716,0.537115,-1.027018
130,1219,112.681802,-0.830534,-3.696296,386.971786,-3.288166,-771.113573,-0.556714,302.420880,-149.224393,4.165798,1.446251,1.178975
130,1220,148.953240,-0.210295,-3.125059,81.101083,-3.890396,-622.946373,-3.988782,197.395404,194.374480,3.719333,1.129625,0.267858
130,1221,179.494293,-1.350254,-2.609286,-200.061855,-3.848248,-392.829899,-4.128828,362.411729,-152.472360,4.100813,0.335986,-0.820503
130,1222,198.134682,-0.293012,-3.284832,373.665633,-4.649185,-305.712799,-1.368493,196.471325,89.140540,4.807117,1.290551,-1.543308
130,1223,272.276609,1.542276,-2.115907,-456.000218,-2.827849,-1226.063825,-2.224279,96.768231,10.763362,4.079942,0.806880,-1.345628
130,1224,202.399382,-0.237428,-2.929017,-494.443080,-2.114589,-523.976319,-1.771389,212.387368,79.130686,3.175244,0.667301,-0.774743
130,1225,136.254972,-0.395988,-2.179156,260.779544,-2.287202,-193.082266,-3.227592,201.443411,-8.817523,3.978879,0.814780,-1.034235
131,1226,187.622458,-0.379918,-2.920067,-301.660479,-2.167129,-43.891791,-1.913179,142.252235,395.028053,4.647848,0.499230,0.503462
131,1227,163.213963,1.003428,-2.735213,167.633665,-3.562669,54.050749,-2.119354,270.112092,112.551494,3.760442,0.297608,-0.740822
131,1228,189.539512,1.077401,-4.447878,-391.449347,-3.475935,-40.570444,-1.422802,185.127350,22.393264,5.312257,1.650589,0.111058
131,1229,235.555316,0.006410,-0.976129,-145.724980,-2.020061,-1051.648714,-4.093272,372.418554,17.584219,4.884879,0.483257,0.720957
131,1230,157.488673,-0.617420,-4.343332,224.040877,-1.543512,-384.025341,-2.661199,326.803195,-71.532220,4.345591,0.096924,1.766240
131,1231,214.994581,-0.899813,-2.728877,351.075881,-3.034980,-689.475454,-3.143569,209.127098,35.638302,3.463751,0.458826,0.631945
131,1232,221.870654,-0.456743,-2.300341,293.023232,-4.743558,-1278.323431,-0.739617,322.612207,-38.126407,4.546116,0.887890,-2.256303
131,1233,168.061202,-0.599055,-1.882449,24.391175,-2.778614,-386.485588,-2.227289,534.103004,55.463424,4.429620,0.425067,-2.221519
131,1234,231.887444,1.222701,-2.626218,274.826327,-4.301647,-773.939023,-3.158145,78.843407,114.249289,4.041071,0.487371,-1.851680
131,1235,226.014905,0.521558,-2.483648,-10.813226,-2.510745,-614.657789,-2.484801,419.756723,-118.459042,3.754959,1.110490,0.175008
132,1236,145.004055,0.469724,-2.501587,281.125867,-4.741087,-919.133208,-3.038467,279.898532,104.538965,3.964119,0.289588,0.449593
132,1237,209.324372,1.483871,-3.261737,-14.491834,-2.563923,-610.120793,-1.722348,411.784818,123.126598,4.198165,0.597010,-2.008609
132,1238,308.930882,-0.483650,-3.498856,380.544840,-3.401965,-792.753913,-2.114806,243.023366,16.833479,3.924947,0.758234,2.091845
132,1239,15.928721,0.818779,-2.953843,-101.334439,-3.120014,-638.009702,-4.820435,55.674760,106.113117,5.115822,1.241449,-0.259943
132,1240,316.253449,0.250645,-1.984851,424.018327,-3.478237,-357.993003,-1.490821,451.638871,39.869462,3.455823,1.681774,0.735219
132,1241,207.808644,-1.298829,-1.993905,-30.788699,-3.957933,-948.629365,-1.887485,265.033082,283.859991,3.940458,1.903778,-1.434951
132,1242,180.269548,0.138912,-1.806512,36.778648,-4.411230,-641.569538,-2.898930,339.327869,65.917430,4.190243,-0.042967,-0.325646
133,1243,2.650419,-2.308987,-1.940332,0.897481,-0.225566,-1.103154,-1.529936,3.327227,0.344798,2.916731,1.578505,-1.159161
133,1244,1.711303,-1.729268,-1.266545,-1.566690,-0.629909,-4.604361,-2.892588,2.174060,0.118448,3.545215,0.546474,-0.817659
133,1245,2.081385,-3.591859,-2.029160,1.678910,-0.673112,0.674551,-1.961355,1.638095,0.758580,3.165286,1.137304,-1.189221
133,1246,1.992668,-0.665312,-2.348786,0.601637,-2.254327,-3.715093,-2.417162,2.017520,0.610069,3.943787,0.608152,-2.589704
133,1247,3.702621,-2.088227,-1.589831,-1.955225,-1.598040,-3.484720,-1.707377,1.351803,0.492842,2.788649,2.108889,-0.593520
133,1248,2.184220,-1.613451,-2.483796,-1.466192,-1.014136,-2.552778,-1.718707,1.083167,1.253763,2.922332,0.836825,0.077019
133,1249,1.208390,-2.064135,-2.005925,-0.403018,-1.155263,-0.713842,-2.918490,1.858626,0.869321,2.814677,1.098251,-1.855585
133,1250,2.731067,-1.879313,-3.013608,1.287806,1.665796,-3.910443,-3.445460,2.840477,0.796043,3.514779,1.022082,-0.618343
133,1251,0.215195,-0.764373,-2.250816,-2.690825,-1.084808,-3.159429,-4.529783,1.861002,0.379778,3.332908,1.501982,-0.849264
133,1252,1.281225,-2.701489,-3.205722,2.382224,-0.393971,-1.586239,-4.758953,2.475569,0.671171,2.841885,-0.203953,-1.951864
134,1253,1.014264,-2.591813,-0.496271,1.553829,-0.460190,-0.050694,-1.801763,2.576172,1.072492,2.497837,1.780679,-0.233017
134,1254,1.702499,-0.500836,-2.965889,1.045714,-1.211767,-3.388915,-2.179330,1.835131,0.226815,3.147105,2.570231,-1.074681
134,1255,3.489274,-1.652535,-3.066913,0.938871,-0.739500,-1.881991,-1.614216,2.324263,-0.140053,3.166469,0.366909,0.489247
134,1256,1.761974,-1.166468,-2.643634,-1.114638,-0.450385,-1.517928,0.132845,2.589792,1.077880,3.251253,1.290656,-1.387002
134,1257,2.924502,-1.964445,-2.983419,-2.412067,-0.483070,-4.279379,-1.678494,1.255852,0.180677,3.352342,0.902715,-0.548031
134,1258,1.998573,-1.353207,-1.388506,2.377091,-1.169848,-5.578724,-0.580667,1.799250,2.083628,1.628855,0.881794,-0.497032
134,1259,3.244764,-0.962707,-1.833299,2.105532,-0.557999,-5.926621,-3.522377,0.356630,0.125189,3.193203,2.035146,-2.648007
134,1260,0.969986,-1.059705,-0.964911,3.150138,-0.659071,-1.621335,-3.183203,3.745231,1.046222,3.068016,0.784706,-2.039816
134,1261,1.969504,-2.197260,-3.430553,-1.080267,-0.119487,-3.356823,-2.130100,1.932307,1.622451,1.931493,1.445163,-0.260895
134,1262,2.907403,-2.800444,-4.947329,-1.144695,-0.271435,-2.192799,-1.553794,2.802566,0.082067,2.899753,1.271099,0.011032
135,1263,141.573704,-0.340224,-2.123188,216.570086,-3.317588,-701.461045,-4.089514,317.098300,-14.410091,5.269749,1.154056,-0.814613
135,1264,340.702448,-0.291104,-1.286333,171.043899,-4.422773,-587.672995,-1.202862,327.396548,307.518616,4.777953,-0.071233,-0.413943
135,1265,161.184729,0.183570,-2.751017,540.743174,-2.832265,-788.116988,-2.734790,218.735613,145.996711,4.592432,0.710946,0.786270
135,1266,215.948449,0.077289,-3.174928,-59.532282,-1.789276,-501.186352,-0.403954,398.221693,292.515450,5.160795,1.037032,1.318653
135,1267,198.612113,0.323131,-2.770829,263.830451,-2.585598,-107.551784,-3.287141,171.690088,73.230690,3.810627,1.011738,-2.060462
135,1268,236.596078,-0.270870,-1.580204,206.214102,-3.690027,-439.324386,-2.444504,350.921630,43.634007,3.391850,0.393960,-0.210926
135,1269,205.368984,-0.552521,-2.516430,-194.623465,-4.062882,-1245.915815,-3.701808,225.758937,256.782769,4.256938,0.305657,-0.842100
135,1270,304.448032,0.448081,-1.409652,-112.024416,-3.808820,-1316.909901,-3.528365,195.234507,243.500435,3.939779,1.098049,1.589656
135,1271,136.037589,-0.571835,-0.225526,10.754914,-2.980674,-218.703148,-0.897820,218.906397,65.728377,3.666633,1.273817,-0.025364
135,1272,289.240826,-0.393439,-2.755840,144.462401,-4.077868,-833.608302,-3.618236,255.692120,17.173527,4.057016,0.541915,-1.081972
136,1273,1.877367,-2.338795,-2.094341,1.727554,0.471802,-4.371374,-0.887625,3.517572,0.047498,2.355265,1.046001,-1.072364
136,1274,2.109660,-3.053068,-2.468130,-0.145723,-1.508301,-5.318092,-1.224422,3.018700,0.369796,2.729089,1.444460,-1.116523
136,1275,1.167161,-2.794979,-1.427408,1.676152,0.696232,-2.267523,-3.644279,1.606169,0.198762,2.654896,1.604732,0.608865
136,1276,4.374240,-1.621903,-2.124415,0.153425,-0.896549,-4.076916,-2.684471,2.888559,0.232921,1.890044,0.637949,-0.050656
136,1277,2.144871,-2.699218,-0.754924,-1.614541,-1.517269,0.068307,-3.964102,3.674082,0.604373,4.107780,1.038728,-0.909771
136,1278,2.658528,-1.694124,-1.445854,-1.784859,0.689114,-3.092741,-0.875461,1.808837,0.224631,2.017877,0.981126,-1.181829
136,1279,1.583311,-1.636691,-1.095684,2.656743,1.211685,-1.543409,-2.284521,2.088751,0.346708,3.341135,0.560738,-0.422099
137,1280,3.114606,-2.254966,-1.503265,0.815820,0.342456,2.157831,-1.662290,2.328171,-0.004887,2.380296,1.583464,-1.258123
137,1281,3.427592,-2.129959,-3.574749,1.956199,-1.714549,-0.701567,-1.756984,2.369110,0.180319,2.312894,1.636286,-0.433462
137,1282,0.831907,-2.438188,-2.645019,-0.648073,-3.488309,-4.820214,-1.430473,1.293541,0.233026,3.403300,0.977172,-1.432302
137,1283,3.622435,-2.740476,-3.100083,-0.406065,0.806438,-2.309047,-0.803349,3.068117,-0.007973,2.458589,1.471591,-2.648562
137,1284,3.473597,-2.481195,-2.833097,0.644507,-0.219885,-1.157133,-1.527136,2.244489,0.756746,2.997935,0.859952,-1.452368
137,1285,2.630382,-1.693961,-1.925730,-1.690388,-1.174166,-3.700495,-3.522043,2.835651,-0.112544,3.523039,1.831313,-0.293102
137,1286,3.997415,-2.628050,-1.507987,1.789508,-0.522216,-2.651894,-2.452738,1.844682,0.041644,2.591817,-0.258420,-0.571753
137,1287,2.297275,-1.959821,-2.643137,0.587837,-0.794513,-3.318384,-0.231963,2.210454,0.001352,2.814562,-0.057537,-1.814822
137,1288,2.271222,-3.018449,-1.765276,-1.401300,1.056494,-2.710509,-3.046182,1.399216,0.690374,1.867295,-0.507337,-0.978530
137,1289,1.658498,-2.151970,-3.202501,1.753353,-0.345785,-4.416431,-1.089068,1.189920,0.749408,2.916195,0.553264,-2.330961
138,1290,2.841564,-2.126492,-3.873520,1.734044,-1.514841,-3.324554,-2.665815,1.871533,0.704558,2.569168,0.543299,-1.109282
138,1291,1.865525,-2.337025,-1.368254,-0.787118,-0.553853,-2.499643,-2.139041,2.269762,0.128988,3.223981,0.930987,-0.075284
138,1292,1.693375,-3.168860,-1.960844,1.728579,-0.424281,-4.831716,-1.641946,3.332209,0.131551,3.132993,0.722203,-1.808387
138,1293,0.934289,-1.038836,-2.779302,2.284959,0.390522,-3.907027,-5.049034,2.480466,1.234506,2.238994,1.438499,-1.301634
138,1294,2.574015,-2.218238,-1.792081,3.992491,-1.433079,0.952138,-2.287835,0.670213,-0.899068,2.721916,1.182339,-0.226282
138,1295,2.136317,-1.473099,-3.219529,-4.234257,-1.140967,-0.479675,-2.754920,2.327855,-0.187290,2.831017,0.884189,-3.110153
138,1296,0.877774,-1.621904,-3.470794,0.143201,-0.428245,-2.215781,-2.146251,1.886720,-0.780229,2.202584,1.340483,-2.312645
138,1297,0.430771,-1.847206,-2.619650,-0.357080,0.229376,-0.383574,-1.950394,1.078571,0.896021,3.242886,1.165402,-0.124824
138,1298,2.603275,-2.515873,-2.129942,-0.970417,-0.874192,-2.037855,-1.831844,2.058022,0.787625,3.020267,2.326215,-0.739782
138,1299,2.501425,-2.112046,-2.289184,1.838174,-0.748310,-4.572440,-4.252518,2.970899,1.322295,3.174491,0.369672,-0.061868
139,1300,3.302890,-1.725838,-2.442718,2.366253,-0.773147,-3.094644,-1.310667,1.972269,0.688501,2.191726,2.017406,-2.284807
139,1301,3.876817,-2.403707,-0.835133,3.342084,1.339474,-4.530766,-5.660195,1.399097,0.036454,3.716647,0.716149,-2.089725
139,1302,1.828558,-2.481021,-4.601670,-1.331707,-0.843783,-3.290106,-1.055214,1.093662,-0.218512,3.026949,0.912257,-1.694779
139,1303,3.072552,-0.475425,-3.104988,-0.033319,-0.714155,-2.252950,-1.103027,1.380302,1.304137,2.708453,0.956769,-2.428229
139,1304,2.635950,-2.811374,-2.103507,1.828428,-0.590489,-4.038622,-2.852264,0.752057,0.524668,2.695825,0.640335,-1.422446
139,1305,3.166168,-2.408063,-4.311393,1.292085,-0.704513,-3.450280,-2.333663,1.102240,0.629787,3.360716,1.312236,-0.536131
139,1306,2.716909,-1.781563,-0.617625,-3.508797,-1.156267,-3.465614,-2.251046,3.025281,1.718943,2.404792,2.059846,-3.614576
139,1307,2.581578,-2.418427,-3.139247,1.574472,-1.609378,-2.396816,-3.308677,2.090687,-0.395860,3.689585,0.999639,-0.863476
139,1308,0.202614,-1.618291,-1.924839,-0.343759,-0.289834,-4.379430,-2.373379,3.560110,0.612470,3.711579,0.403365,-2.457079
139,1309,1.308321,-1.127169,-2.397361,4.822211,0.145300,-5.042259,-1.685686,2.411693,0.034775,1.894252,0.866667,-0.724118
140,1310,119.738200,0.699445,-4.120009,8.246344,-2.524145,152.789739,-2.781773,142.435676,59.266754,4.219582,0.672583,0.363452
140,1311,74.667815,-0.136448,-3.480487,99.109887,-3.544701,-1548.471103,-0.411005,209.225623,245.320929,4.137709,0.570737,1.908168
140,1312,19.911335,0.693564,-2.109490,421.179754,-3.683300,-1343.546729,-1.996284,110.573728,309.540825,4.457622,1.677226,-0.217583
140,1313,242.191899,-0.645607,-2.828019,349.480778,-3.286011,-717.131818,-1.212080,158.680140,-124.523670,3.278461,0.384422,-0.302073
140,1314,222.052552,0.488958,-3.807185,-268.120446,-4.329525,-1292.985881,-0.987526,351.219477,364.682424,3.410701,0.370686,0.505078
140,1315,26.739930,0.201311,-4.277189,258.092355,-2.455563,-328.005976,-3.884376,292.290797,-95.957212,3.094983,0.154855,-2.142900
140,1316,237.592707,0.295668,-3.108182,-136.815079,-4.048668,-288.934580,-1.979202,192.901939,-67.389052,3.888483,1.648603,0.129807
141,1317,136.350901,-0.264418,-2.804644,14.445610,-3.255106,-288.161633,-1.207857,243.702997,95.579723,3.730954,0.517724,-0.814756
141,1318,204.257220,0.142377,-3.027936,-456.292772,-2.956643,-1165.844789,-2.810835,370.287016,124.822341,4.958799,1.269308,-0.082826
141,1319,178.400557,0.747237,-2.376220,177.087691,-5.299945,-555.256702,-2.381134,307.254203,-23.977683,4.878828,0.511490,1.943214
141,1320,213.027948,0.509626,-2.870390,237.405857,-3.701826,-1153.923983,-2.787775,205.069903,139.186349,3.531867,1.069275,-2.428024
141,1321,216.900880,0.123774,-3.602994,-228.657450,-2.651185,-758.282319,-0.789837,244.236775,-48.240110,4.063105,1.180603,0.649514
141,1322,129.144505,-0.347751,-1.381467,-279.578111,-2.778776,-839.351893,-2.297938,203.883714,264.573393,4.589864,1.054725,1.502071
141,1323,227.786058,-0.364135,-2.286176,228.175393,-3.596442,-1006.407597,-3.508983,241.506630,172.885359,3.979651,0.967280,0.001479
141,1324,362.057159,-1.211609,-1.881325,-58.231517,-4.470332,-657.760940,-3.943776,345.932518,-31.609621,4.713579,0.556974,0.490080
141,1325,220.670957,0.164750,-1.567132,44.200835,-3.187145,-735.850636,-1.556686,281.555375,284.559115,3.453496,1.493174,2.470285
141,1326,87.345281,-0.205046,-4.444743,-6.100488,-2.931712,-108.700518,-3.456679,384.878921,268.359676,4.636314,1.633222,-0.107724
142,1327,244.568853,-0.601994,-3.512518,336.697928,-3.510471,-1361.180839,-3.726013,161.142633,72.331145,4.287196,1.206114,0.088400
142,1328,223.473036,0.342869,-2.604712,439.756230,-4.029595,-597.708354,-1.568185,213.412167,0.128893,4.672789,1.312329,-0.571435
142,1329,16.807663,-1.340949,-3.881660,-130.790560,-1.385854,-72.800295,-1.234602,344.754954,111.134259,3.740945,0.589852,-0.225815
142,1330,333.223092,-0.666022,-3.943772,206.152726,-2.457552,-705.483788,-1.507041,284.454188,100.658477,3.861579,0.061411,-2.646030
142,1331,105.907025,-1.019996,-3.399964,-265.549269,-2.842929,64.542955,-2.083345,184.480395,-176.925556,4.090507,1.483043,-1.208930
142,1332,229.091760,-0.601887,-2.690126,44.674177,-4.056433,266.448589,-1.965848,240.096600,-57.120221,3.633732,1.053204,0.279764
142,1333,117.152595,-1.659579,-2.303522,324.168492,-2.818738,-326.537276,-1.391467,350.694846,-55.418068,3.411868,1.495251,-1.234887
143,1334,1.616739,-2.003407,-3.173440,0.157383,0.579129,-4.465941,-2.689336,2.384217,1.040160,2.964660,1.780620,-0.669178
143,1335,1.683697,-2.853788,-2.616147,2.621155,-1.036038,-6.097711,-2.991000,1.194399,0.296433,3.210936,0.875433,-0.863952
143,1336,0.891090,-2.983810,-2.671346,2.225474,-1.840879,-5.169571,-5.639732,2.288809,-0.572739,3.509056,1.206059,-1.721577
143,1337,3.808216,-2.629705,-1.727883,-1.416859,-1.023360,-0.140405,-1.796434,2.752792,-0.275611,2.853123,1.746088,-1.809222
143,1338,1.760442,-2.712218,-3.139947,0.182989,-0.453979,-2.461133,-3.206091,2.670629,0.437875,3.826382,1.257665,-0.502711
143,1339,3.020627,-2.009284,-1.913978,5.090924,-0.299678,-1.829076,-1.905019,2.976656,-0.092507,3.490746,1.846237,-1.550509
143,1340,2.237269,-2.858758,-2.464855,6.527436,0.004441,-1.832348,-4.515146,1.561236,-0.742009,2.526450,1.168547,-4.137398
143,1341,2.896175,-1.721109,-2.549703,2.032003,-0.035384,-4.336018,-1.998450,1.460845,-0.471718,2.318278,0.579691,0.732520
143,1342,2.630116,-2.013759,-3.762720,-4.081694,-0.767695,-4.836938,-1.720360,1.887308,-0.837720,3.080707,1.395077,-1.158275
143,1343,2.339647,-2.127308,-2.930711,0.270929,0.486224,-1.206650,-0.930358,2.030489,1.211207,2.916963,1.019045,-0.915825
144,1344,1.423144,-0.935018,-1.936057,2.028920,-1.127512,-2.232355,-2.423374,3.362449,0.997090,3.364937,1.093576,-1.248309
144,1345,1.239402,-2.891197,-1.015535,0.131170,-1.731936,-1.700601,-2.787927,2.083338,-0.323921,2.510782,1.264160,-3.875877
144,1346,2.415573,-1.969533,-0.074671,3.236779,-0.412870,-4.118156,-2.551343,2.208959,0.595069,2.379782,0.914306,0.261717
144,1347,1.706791,-1.692010,-1.555737,0.471718,-1.690390,-3.463063,-1.323936,2.454240,1.743934,1.806403,0.024090,-0.902970
144,1348,3.618073,-1.423615,-2.642433,0.309974,0.260618,-4.635239,-1.047301,1.743294,-0.823751,3.956050,0.736804,-1.311161
144,1349,2.274725,-2.097426,-0.975580,1.060204,-2.250569,-2.919927,-2.764730,1.804579,0.019171,2.934298,0.960888,-2.736008
144,1350,3.341900,-1.830596,-1.675537,1.803129,-0.918059,-0.773714,-3.045940,2.362268,0.056877,3.800448,1.177629,-0.881643
144,1351,3.795219,-1.332258,-3.086106,1.997063,-1.002623,-1.665146,-1.657371,2.494099,0.794386,2.979242,1.475669,-2.650194
144,1352,3.075620,-2.237905,-2.467642,-0.161020,-0.362046,-2.192284,-3.513946,0.895474,0.477906,2.273655,0.726820,-2.771280
144,1353,4.062929,-3.583151,-2.274599,1.148495,-0.774600,-5.485379,-0.636479,1.323886,1.311751,3.732776,1.335467,-2.502432
145,1354,144.292152,0.391774,-3.164772,-97.028043,-2.448839,-484.911979,-5.709224,253.862169,61.539127,4.307868,0.420459,-0.186868
145,1355,202.748727,-0.279714,-4.859447,-289.169007,-4.406437,-933.051147,-1.894649,225.427424,140.044455,4.218673,1.158699,1.604669
145,1356,69.863727,-0.701956,-2.508726,196.575595,-3.612074,-883.715678,-0.867395,364.431998,220.047692,4.314796,0.653545,0.639560
145,1357,280.910033,-0.549041,-2.833874,-557.115312,-3.178521,-1037.218947,-4.583918,305.974055,282.315382,4.790652,1.641411,-0.024474
145,1358,174.398929,-0.293773,-2.233680,-462.655093,-3.409853,-887.529628,-3.778908,301.909642,356.831816,3.601500,1.188415,-0.217155
145,1359,165.820821,1.310840,-3.213748,-15.777424,-4.228640,-664.187456,-1.414635,231.562924,25.574592,4.401419,0.575666,-1.375739
145,1360,218.392043,-0.965982,-5.011516,-430.478231,-2.318387,-162.313425,-3.123132,242.689164,153.982001,4.478905,-0.095672,-2.179119
145,1361,174.657379,0.989278,-4.680851,20.985835,-5.175066,-805.025134,-2.014415,327.553914,195.884187,3.135445,0.575738,0.861325
145,1362,117.042424,-0.338225,-4.229453,273.323565,-3.250933,-311.224770,-1.438909,202.251573,62.380251,3.903635,-0.176965,0.280232
145,1363,207.080623,0.576754,-1.202540,-163.322718,-3.327911,-533.102902,-1.615116,453.425401,119.142170,3.367971,1.247645,0.152561
146,1364,170.622752,0.857821,-2.875312,343.393350,-2.831759,318.851417,-3.559118,447.887265,72.550979,3.975023,1.113166,-1.131893
146,1365,234.237284,-0.458282,-2.424188,294.962791,-5.096000,-864.199527,-2.467292,138.384554,29.822262,4.626055,1.390954,-0.542373
146,1366,168.267623,0.134530,-2.601583,-25.781138,-4.554825,-926.405458,-0.060221,173.934196,46.916348,3.141470,1.472845,0.196913
146,1367,99.204586,-0.408667,-2.806057,183.493343,-3.474852,-190.595351,-0.465414,396.617050,157.680145,4.593837,2.194912,0.130704
146,1368,163.326140,0.017470,-3.405720,257.064336,-3.984053,-1279.504489,-1.879621,322.805719,137.021459,4.624815,-0.201207,-0.003743
146,1369,146.775079,0.394765,-2.143127,335.168065,-3.438961,143.831921,0.471385,185.049906,7.901112,3.932648,0.820435,-0.863104
146,1370,129.720059,0.008490,-3.885121,254.145703,-3.312701,-711.827452,-1.988934,153.231435,100.448153,3.768923,0.667344,0.656737
147,1371,64.329575,-0.781274,-2.500597,-485.920022,-2.697475,-712.534595,-3.432124,447.416450,151.132861,4.894484,1.409716,-0.598093
147,1372,134.336953,-0.963224,-3.170628,224.518389,-2.284264,-802.992231,-5.600507,153.618553,-26.254399,3.977661,0.753775,-0.632096
147,1373,211.949371,-0.324735,-1.484463,49.540116,-3.570475,-152.214851,-1.990978,122.265627,5.473380,4.267882,0.382162,0.206125
147,1374,128.224055,-0.398654,-3.267049,-208.115528,-3.017407,-736.768880,-3.206106,195.440204,226.453998,4.262218,1.587046,-1.799643
147,1375,159.544199,-1.180069,-2.550380,279.333282,-3.537662,-750.068245,-4.033382,247.772631,32.358771,4.895925,-0.351297,-0.796861
147,1376,52.692099,-0.462545,-2.997199,-221.113097,-2.486168,-465.531191,-4.131142,413.262804,94.933084,4.759024,0.520664,0.115178
147,1377,94.554652,-0.323183,-2.390887,17.303312,-3.778720,-925.612529,-2.598391,119.820745,92.176839,4.766084,1.221990,-0.219240
147,1378,60.597343,-0.481708,-3.364116,-238.659874,-4.221611,-950.517492,-2.347625,392.244495,121.707125,4.070428,1.575136,0.288816
147,1379,179.648750,-1.742698,-1.851106,-1.823143,-4.285759,-1073.142581,-1.818340,329.439072,-10.287186,4.042939,0.481337,-0.245695
147,1380,190.065011,-0.568719,-3.390146,25.356912,-3.171854,-1195.080305,-2.472327,320.103388,81.673846,3.667362,1.052861,-0.194049
148,1381,132.400019,-0.977719,-3.477661,-175.761667,-3.387438,-940.189024,-2.933351,315.946529,22.779578,3.562348,0.012511,-0.147232
148,1382,113.776910,0.434973,-3.833997,245.568217,-4.262577,-575.250223,-2.450870,173.845079,256.273339,4.097302,0.829116,0.079086
148,1383,118.701871,-1.388829,-3.576765,-47.307422,-3.302990,-364.891399,-2.768750,229.590929,121.963238,3.955343,0.121333,-1.039042
148,1384,133.518169,0.041252,-2.136121,-52.044456,-4.333979,429.340412,-2.695906,238.982661,148.977255,4.726446,0.636208,0.253572
148,1385,113.581326,-0.519325,-2.648493,171.885164,-2.808419,-516.495345,-3.061984,75.913705,244.265799,4.860159,0.823981,1.886637
148,1386,147.204107,-0.252136,-2.993336,106.328859,-2.954423,-1272.233055,-1.742186,417.487625,-49.755985,4.094288,1.461602,-0.193218
148,1387,239.945781,0.550593,-2.431500,437.769789,-2.503241,-795.295668,-4.396643,231.049845,214.466947,3.378230,1.067622,-0.639881
148,1388,68.515715,-0.176663,-3.044333,-15.066595,-2.195708,-474.599490,-3.207340,334.024053,104.557041,3.908999,1.684924,-0.742175
148,1389,122.359306,-0.310498,-1.736178,-237.939356,-4.613624,-998.748443,-4.764444,212.129937,160.456749,4.804618,0.288866,-0.688977
148,1390,166.476776,0.746649,-3.530363,-349.119564,-3.004938,-1027.523905,-1.740284,105.380584,291.165150,4.514418,0.011477,-1.345053
149,1391,3.430858,-1.436657,-1.878073,1.637223,-0.690183,-0.278358,-1.245215,2.419649,-0.394190,4.063737,0.979499,-2.017019
149,1392,2.890936,-2.248019,-1.324845,1.618417,0.723729,-5.384059,0.742437,2.607083,0.371749,2.723569,1.770765,-0.493639
149,1393,3.163024,-1.409216,-1.409173,2.739979,-0.455365,-4.072883,0.036667,0.252085,0.856277,3.331073,2.430942,-2.836535
149,1394,4.049107,-2.375575,-2.893355,1.816808,0.498137,-3.901511,-3.484119,1.912934,0.655873,2.834484,0.816619,-1.584594
149,1395,3.017044,-1.912937,-2.248681,0.418689,-0.510646,-3.605138,-2.911618,0.175919,0.555509,2.771941,0.729597,-1.187759
149,1396,1.795650,-2.120928,-1.889042,2.945575,0.316355,-3.721129,-1.552704,3.059819,0.338287,2.734260,0.863136,0.032732
149,1397,2.582178,-2.704476,-3.486108,1.386061,-0.420615,0.183336,-0.938003,2.010479,0.216065,3.226301,0.895888,0.538763
149,1398,2.698490,-2.754172,-0.892019,1.910650,-1.258603,-3.903331,0.241814,0.773961,1.030525,3.001782,0.503426,-0.912011
149,1399,1.927535,-2.438082,-1.901918,0.867699,-1.250901,-5.340763,-2.396519,2.374878,-0.094645,3.614578,1.176270,0.422829
149,1400,3.401565,-2.086934,-1.925830,0.617174,0.097512,0.817529,-2.220251,2.211376,-0.064446,3.244363,0.236252,-0.866198
150,1401,214.796332,0.511945,-3.187527,227.498350,-2.611611,141.178804,-0.611703,322.603633,118.116326,4.387527,1.117402,0.143843
150,1402,204.899505,-0.303220,-3.696110,-350.229564,-3.160450,-47.312747,-1.625176,248.981121,62.891243,4.468807,0.909370,-0.526129
150,1403,171.142912,-1.320654,-4.644642,576.867518,-2.952711,-312.272547,-3.175847,322.320851,-79.239277,3.855222,1.227817,1.020130
150,1404,226.950581,-0.047844,-2.853255,-208.484685,-3.996084,-1232.868464,-4.912849,247.905940,358.641540,3.306890,1.032241,-2.020175
150,1405,255.685257,0.648879,-4.672847,97.126586,-4.290827,-204.804316,-3.565845,245.074067,-85.822913,4.334934,-0.171951,0.968340
150,1406,105.529345,-0.270751,-3.058537,201.364539,-3.838965,-96.399335,-4.457871,281.418678,110.955484,3.520011,1.105870,-0.219410
150,1407,288.656896,0.540309,-3.787517,-114.176246,-3.161750,-970.163919,-3.054472,174.170114,237.361335,3.965773,0.987629,0.307767
150,1408,205.199049,0.784013,-3.748046,23.303644,-5.022158,-969.859234,-0.336154,21.263734,69.204225,3.542498,0.948387,1.530780
150,1409,233.406194,-0.343809,-2.777438,-449.775984,-3.062105,92.127001,-2.592733,324.984453,-40.011696,3.796022,0.632018,-2.106800
150,1410,147.455504,0.061330,-3.462577,446.518296,-3.504553,-573.778246,0.807307,247.484283,248.359416,2.821911,0.316686,-1.140643
151,1411,1.300886,-1.907875,-1.313660,-1.864581,0.156714,-2.225490,-1.632456,1.329834,0.001797,2.889680,0.680033,-2.140148
151,1412,1.447534,-1.156493,-2.288278,0.718684,-2.152640,-3.349855,-3.872437,0.624417,0.595161,2.552135,2.027318,-1.497764
151,1413,3.250373,-1.436015,-2.098934,0.407530,-1.614035,-1.610050,-2.209070,2.145623,-0.548652,3.005195,0.447515,-1.370125
151,1414,2.959881,-1.526661,-1.673120,0.827520,-0.147394,-1.545168,-2.949667,1.766084,0.247242,3.424580,1.053911,-0.458966
151,1415,3.715377,-2.224159,-3.149673,-1.113394,-1.411917,-1.008860,-2.985496,1.427643,0.133497,3.782582,1.759829,-2.095258
151,1416,1.473157,-2.055444,-2.842537,-0.879111,-0.639766,0.237588,-1.474692,-0.058208,0.178603,3.399001,1.677244,-0.729461
151,1417,3.314831,-2.605771,-3.088006,2.302511,-0.858511,0.362383,-4.634959,2.579718,0.134992,2.695486,0.563800,-0.299338
152,1418,157.916631,-0.178298,-3.389172,120.500008,-4.060950,-259.607979,-2.831747,308.406922,163.551255,3.082701,-0.224795,0.456685
152,1419,174.461655,-0.155269,-2.339982,307.938784,-2.901723,-450.537466,-2.489325,459.765092,-69.965849,5.058899,0.282538,-2.037213
152,1420,201.070382,0.386244,-2.104878,473.102759,-3.870200,-86.788488,-2.516336,383.523034,-129.156455,3.277320,0.080561,-1.187560
152,1421,119.442875,0.548643,-3.502085,-3.495108,-3.555325,-896.445314,-0.304145,264.592235,233.610113,3.959798,0.731187,-0.321576
152,1422,169.144702,-0.998838,-1.931321,-111.150701,-3.008570,-1071.512550,-5.918105,329.438129,-60.493938,4.442596,1.410485,0.789742
152,1423,178.618919,0.677469,-1.408456,-258.670897,-5.590206,-1239.905957,-3.363351,211.213965,191.207258,4.816948,1.726268,1.400995
152,1424,129.428013,-0.981006,-4.286610,242.042881,-2.884023,297.718307,-4.920411,291.603748,241.888056,4.773687,0.862893,1.329667
153,1425,76.645403,-0.220358,-5.283351,-132.367259,-2.846915,-1690.774961,-4.765809,432.806701,-160.325579,4.149630,1.285870,-0.054932
153,1426,71.296555,-0.204895,-2.282976,98.141566,-4.381172,-343.587160,-2.251498,219.644901,20.007766,4.528662,1.284493,2.897579
153,1427,280.082976,-0.223699,-1.714061,-158.179306,-4.414956,-315.913872,-3.416188,109.563652,10.267115,5.335605,0.716320,-2.081227
153,1428,171.310942,0.297324,-3.556608,129.321420,-3.094992,-1067.932947,-4.257240,266.477726,6.931357,4.107324,-0.368584,0.009481
153,1429,186.027609,-0.342777,-2.500286,376.640838,-3.037242,-338.639049,-2.179780,52.775745,193.475506,2.888494,0.648366,-1.564264
153,1430,266.540660,-0.097525,-2.405911,557.369338,-3.610429,-760.294202,-3.191987,213.437632,-40.644774,4.977020,1.691910,-0.870791
153,1431,233.996884,-0.909693,-4.495742,-190.682890,-4.834426,-370.457664,-2.088345,282.662172,-61.385909,3.964617,1.120825,-0.896294
153,1432,65.576412,1.023840,-2.517627,138.769854,-4.329393,-804.319250,-3.294337,217.978033,-3.249039,3.376927,0.257459,-1.764462
153,1433,342.493817,-0.592706,-3.858239,-44.139506,-4.332619,-960.092526,-2.703987,264.291652,-95.948613,3.996497,0.807873,2.766657
153,1434,48.618952,0.136283,-0.692761,310.851233,-3.994578,537.279735,-1.507754,190.132438,69.987614,4.465164,1.451648,-2.322675
154,1435,199.534223,-0.552848,-2.264099,215.000607,-2.483996,-132.476964,-1.558129,197.218454,184.002294,4.331636,0.894031,1.532111
154,1436,205.275514,-0.588231,-3.799229,-131.985289,-3.475658,-506.404303,-4.878308,371.807538,136.731187,3.878921,1.622600,-1.325610
154,1437,143.850957,0.721643,-3.986083,186.144675,-3.381974,311.657207,-1.735158,205.838413,-140.696187,5.139623,1.886985,0.518160
154,1438,267.435105,-0.350326,-2.009668,-131.670982,-2.463192,-815.418121,-1.124801,276.439796,5.771368,4.741831,0.953328,-0.020936
154,1439,56.844231,-0.522000,-3.550762,171.081416,-1.197608,-1114.067645,-1.886306,24.782260,-39.740850,5.057050,1.460726,1.423884
154,1440,227.343209,0.172465,-3.797857,-377.442683,-1.460876,-1046.899945,-2.233279,428.306620,-47.066137,5.085136,0.884359,0.573550
154,1441,248.181626,-1.662129,-3.025966,-13.848567,-4.152081,-981.310735,-3.461424,309.819773,93.130369,3.272003,0.447225,-2.504051
154,1442,342.039013,0.204926,-2.502915,-196.561101,-2.576385,74.285622,-3.292964,310.814403,190.229570,5.363586,-0.636346,0.455738
154,1443,157.275800,0.677568,0.221796,317.496202,-3.119899,-438.346306,-2.932481,370.574664,125.379840,3.282944,1.522574,-0.093733
154,1444,217.311056,-0.174431,-2.012298,12.530228,-2.511999,-513.316159,-4.424090,275.042244,31.659229,4.231435,0.279173,0.214729
155,1445,3.159399,-1.559234,-1.964442,2.330014,-1.516767,-4.992331,-2.412407,2.822417,0.885927,4.488487,-0.049621,1.876192
155,1446,3.417380,-2.200807,-2.057879,1.636337,-2.069028,-3.387151,-3.158482,1.632907,0.610559,3.884725,1.824928,-1.388321
155,1447,2.620966,-1.478656,-1.314274,-0.039854,-0.331988,-2.241178,-3.072510,2.276943,0.954792,3.353035,0.774416,-0.996848
155,1448,1.655951,-2.509120,-1.942059,-0.323482,-0.356534,-3.900327,-3.040703,0.544664,0.063973,2.820790,1.796428,1.613358
155,1449,3.307651,-1.548027,-1.249156,-1.008344,0.017563,-3.844383,-3.560770,1.275257,-0.067403,2.423671,1.384350,-0.042203
155,1450,0.726556,-1.802707,-2.343746,5.052818,0.262667,-2.396898,-2.983133,1.369368,0.211920,2.890869,0.565246,-0.834397
155,1451,4.531285,-2.449926,-1.940461,0.401819,-1.210890,-2.111017,-1.278964,1.990997,0.758050,2.460841,0.713133,-1.131865
155,1452,1.542494,-1.406149,-0.014146,-1.514509,0.258017,-4.882348,-2.670066,1.007681,0.105676,3.118738,0.490030,-2.446017
155,1453,1.447750,-1.047514,-2.150359,-0.852503,-0.985178,-2.933505,-4.923299,2.489743,0.392533,2.526452,0.281355,-2.925925
155,1454,1.325045,-3.038072,-2.486176,-3.069581,-2.420121,-3.229369,-0.020172,3.431368,-0.229540,2.126501,0.815530,-2.514628
156,1455,3.647510,-3.263352,-2.569369,-0.441270,-1.872901,-0.521586,-3.124966,2.324422,-0.519336,3.164329,1.485840,-1.207469
156,1456,2.356902,-0.903487,-1.533022,2.689866,-0.993213,-0.852631,-3.316903,2.523912,0.858909,5.011798,1.321926,-0.008516
156,1457,3.827796,-1.238096,-2.010736,-3.617701,0.136916,-0.430977,-3.457192,2.029701,0.312798,1.792555,1.281321,-0.985814
156,1458,3.037399,-1.773139,-2.430446,-1.745456,-0.982433,-0.601407,-3.673379,2.226611,0.633258,3.922611,0.883558,-1.544319
156,1459,1.374315,-2.659400,-1.478996,-0.577563,-0.312777,-1.906511,-1.388968,3.124032,0.277726,3.179504,1.226996,-0.679783
156,1460,3.696257,-2.177796,-1.833070,0.750066,-1.600067,-2.068250,-0.264992,0.873456,0.867175,2.170118,0.318825,-0.569648
156,1461,3.207252,-3.472755,-2.685243,-0.201224,-0.357316,0.297973,0.126016,2.792807,-0.547404,3.437214,1.397886,1.731739
157,1462,153.077332,-0.548555,-4.567749,144.777581,-4.017213,-1429.675273,-3.804112,96.598845,-13.031068,4.277332,1.388727,-1.037978
157,1463,155.080459,0.770047,-3.257166,223.169676,-2.900012,-474.311084,-2.227426,206.480744,81.002975,4.449044,0.216301,0.022705
157,1464,209.610691,-0.405353,-4.251752,509.737890,-3.926753,-550.715601,-2.463016,372.671291,-12.609880,4.616076,1.150890,-0.103917
157,1465,202.163316,-0.521753,-3.632634,-155.028555,-2.162560,-801.997645,-1.715392,358.975464,12.272622,4.814353,1.600991,0.652977
157,1466,85.529975,0.458243,-2.354125,181.938487,-2.564174,-457.348655,-1.634039,246.531173,108.292081,3.999882,0.525370,-2.607966
157,1467,91.902929,-1.207712,-3.246882,24.800192,-2.786916,-157.815675,-4.075703,239.549569,-133.091973,5.129810,0.646319,0.269551
157,1468,234.553505,-0.523996,-1.701091,294.143019,-3.461853,-924.009663,-0.216360,265.906875,122.831664,4.426028,1.202370,-2.497691
157,1469,181.044046,-0.030293,-2.235669,384.029953,-4.713235,-688.484753,-1.345444,357.413766,95.574493,3.826557,2.167776,-1.392174
157,1470,178.575291,-0.127395,-2.126766,-230.660008,-2.649349,-581.679113,-3.332068,328.361644,279.023337,5.037705,1.193001,0.255125
157,1471,114.175184,0.365917,-2.912341,21.372413,-3.480211,149.239727,-2.801178,290.121510,16.639660,4.424262,0.286672,-2.256831
158,1472,180.453567,0.632487,-2.735548,-24.653550,-4.805516,-1020.621416,-4.280136,383.733505,-42.908121,3.790871,0.687527,-0.773447
158,1473,153.887925,1.123976,-1.881845,653.275354,-2.954376,-198.478449,-3.400190,264.266080,5.129942,3.866815,0.939383,1.240397
158,1474,145.578268,0.618078,-3.828247,-198.513485,-3.212570,-482.416463,-3.309975,420.613151,119.475218,4.497031,0.426242,-0.003493
158,1475,169.295120,-1.375134,-3.401252,97.074603,-2.492118,-584.867443,-3.933823,112.190816,87.533860,5.311793,0.962743,-2.850174
158,1476,99.230583,-0.669217,-3.154591,-105.316769,-3.758301,-1280.351364,-2.756279,242.876071,151.499007,2.851421,0.178812,-1.824159
158,1477,209.898156,0.739211,-2.052311,-198.802514,-4.580460,-433.324676,-1.533967,279.632717,87.784399,4.152813,0.476539,0.921819
158,1478,92.127158,-0.146395,-3.932949,727.861668,-4.538998,-1165.482898,-3.054185,443.920849,17.654821,3.932648,0.800934,1.409981
158,1479,278.688120,-0.721710,-2.714362,47.679153,-3.471418,-71.274118,-4.045024,134.654542,197.028473,4.771755,1.029552,0.535150
158,1480,147.124364,0.782128,-1.633100,210.213103,-1.644059,-1354.404473,-3.510072,173.370485,-71.537939,4.575601,0.924728,0.975690
158,1481,295.345231,-0.390252,-4.159463,-261.921285,-3.676270,-300.060440,-1.799543,255.546817,147.685262,4.001293,1.018891,1.340847
159,1482,4.043485,-2.322910,-2.233947,0.407265,-1.410671,-2.301198,-0.128264,3.243333,0.056825,2.818706,1.015257,-1.643442
159,1483,3.770902,-2.913481,-2.364025,0.427312,-0.507874,-5.795218,-4.578503,1.811691,0.545783,4.055290,0.351484,0.089332
159,1484,1.165457,-2.776593,-2.498984,3.156260,-0.727906,-1.210559,-2.642250,3.966810,0.611230,2.353444,0.702422,1.404776
159,1485,3.108122,-2.508501,-3.038987,-0.224988,-0.640011,-3.744597,-2.069643,1.043512,0.307057,2.699465,1.783832,-1.494680
159,1486,2.932165,-1.469807,-1.174325,-3.601274,-0.535704,-3.290917,-2.230831,2.426555,-0.304049,2.499172,2.058677,-3.229148
159,1487,2.420503,-2.424911,-1.830830,-1.418507,-1.309594,-1.125976,-3.387678,2.601028,1.055799,2.353321,1.411044,0.223073
159,1488,2.098120,-2.280049,-3.942523,1.678341,-0.705323,-0.515636,-3.127536,3.402828,0.662732,3.177476,0.657610,1.058410
160,1489,158.498625,-1.390629,-3.089444,450.589625,-2.331142,-249.969691,-4.521615,339.535250,10.335462,4.017179,0.371662,-2.069111
160,1490,115.734357,-0.594279,-2.576893,252.883806,-2.938119,-847.492368,-0.840042,225.368477,203.250975,3.915975,0.985921,-0.741035
160,1491,164.292380,-0.673675,-3.015340,315.260816,-3.452535,-481.053688,-4.017652,204.518456,27.962065,4.114720,1.468190,-1.308253
160,1492,98.646350,0.196766,-3.636533,441.676108,-2.853882,-113.585638,-0.130564,205.172888,163.514295,5.007037,1.165595,0.303530
160,1493,242.941228,-1.049771,-3.576462,-23.809828,-3.171930,-393.550624,-3.029304,327.858510,116.423774,3.262865,1.032689,-0.437767
160,1494,196.700416,-1.283803,-2.078687,181.925644,-2.114996,-618.316101,-0.673465,211.070261,1.358845,5.667626,0.657075,-1.053128
160,1495,242.919099,1.399017,-1.359901,397.586684,-3.922713,-1216.646228,-4.182276,216.262528,162.053637,4.190100,1.146345,-1.372422
160,1496,137.306177,-0.652795,-3.270366,254.624402,-2.423265,-1349.526272,-4.177600,248.507594,20.502130,4.609878,1.157682,-0.157685
160,1497,165.151601,0.011123,-4.735965,477.320398,-3.014759,-648.041993,-2.748487,356.086841,223.922841,3.054482,1.551397,-0.321500
160,1498,426.353633,-0.746659,-3.473297,-3.869997,-2.235742,209.945698,-0.262743,309.589250,66.796888,4.205573,0.892929,0.188285
161,1499,168.466940,-0.489878,-3.486327,273.095366,-4.525503,-521.466451,-0.894147,313.442014,307.464051,4.341509,0.821076,1.773893
161,1500,145.709895,0.902865,-3.217144,391.694515,-3.798634,-99.231783,-2.665701,199.954842,-141.289152,5.400329,0.672131,-1.363591
161,1501,172.408774,-1.084003,-2.436862,-306.192603,-2.929633,-491.068329,-3.406438,228.822307,91.653254,4.516510,-0.102605,-0.058198
161,1502,68.336166,-0.087339,-3.898839,453.286480,-3.422667,-726.144523,-2.387440,248.774416,232.149849,4.224414,0.963225,-0.703123
161,1503,212.531918,0.517846,-2.581834,21.471942,-3.393770,-1218.718404,-1.351118,165.429025,140.017360,4.218202,-0.075149,-1.450255
161,1504,177.513537,0.854509,-2.216647,193.860427,-3.036883,-576.437875,-2.113335,151.771648,226.547386,5.313103,1.068272,0.328527
161,1505,127.327125,0.489709,-2.506717,116.641541,-4.283645,-662.823923,-3.770340,302.013031,-28.882613,4.797702,0.660141,-1.827552
162,1506,155.915141,-0.028490,-4.012877,-401.214863,-3.101019,-299.358133,-0.126511,216.498218,122.725967,4.091626,0.420822,-0.437282
162,1507,72.410822,-1.259301,-3.702810,-272.340885,-3.710814,-729.501017,-2.983967,227.826267,-36.380369,5.190295,0.766995,-0.803363
162,1508,188.287830,0.218589,-2.980468,340.789123,-3.438997,237.494070,-2.873860,200.363795,169.895738,4.162778,1.061896,1.864929
162,1509,267.043250,-1.250828,-3.991929,-301.862273,-2.520090,331.437084,-1.774919,187.916334,183.893059,3.557674,-0.558777,-1.026244
162,1510,235.184541,-0.769158,-2.782354,121.443926,-2.985263,-999.110551,-2.471774,275.530200,5.293850,4.666275,0.983078,0.721150
162,1511,55.518067,-0.878455,-4.073761,625.766971,-3.101122,-1245.684280,-3.637676,320.591894,-22.929390,4.343203,0.151981,-0.236802
162,1512,115.051844,-0.505091,-1.295792,169.073875,-5.890445,82.780950,-2.171073,175.531541,71.344698,5.284156,0.443003,-0.540548
162,1513,197.459022,-0.054641,-3.806538,505.474722,-2.095770,-467.499877,-2.976006,284.443360,178.873494,4.630204,1.074559,1.789584
162,1514,152.001604,0.851273,-3.356116,119.897241,-2.657662,-875.186712,-4.630068,268.288871,98.905817,3.795555,1.089102,-0.017881
162,1515,298.202163,-0.553842,-2.988347,1.018803,-3.465146,-660.286305,-3.796863,342.688183,76.855049,4.273402,0.606548,-2.154709
163,1516,53.697695,0.578260,-2.238899,218.178050,-3.594760,-475.145174,-0.435875,320.559965,-128.055283,3.676410,0.258917,-0.859220
163,1517,185.402865,1.049352,-4.747652,295.968545,-4.752164,-814.301779,-3.580361,190.423458,299.643806,4.422674,0.431191,-0.052233
163,1518,202.768617,-0.076597,-3.303742,233.571515,-2.737726,-57.229936,-1.074381,417.097594,-17.621418,4.364871,0.330696,0.493550
163,1519,238.725789,-0.459705,-4.155140,-43.172474,-4.592517,-765.336883,-5.276833,254.926017,254.967933,4.433952,0.689400,-0.529851
163,1520,229.392287,0.188652,-1.590745,-108.781612,-2.607941,-1344.466561,-2.097268,311.283062,31.042391,4.563384,1.648474,0.137917
163,1521,250.146282,1.398412,-2.266226,-217.173373,-3.064067,-384.002889,-2.687518,180.861368,-82.904836,4.054789,0.842884,-0.249639
163,1522,233.367997,-0.162244,-1.164470,267.814720,-3.949384,-280.314926,0.226033,227.254615,79.616595,3.700631,-0.166536,0.755178
164,1523,2.173163,-2.302068,-1.346001,3.458262,0.413942,-3.787946,-3.002077,1.753623,-0.169484,2.318558,2.190862,1.010628
164,1524,2.857457,-1.536075,-2.084886,-0.231417,-2.128527,-3.819857,-2.082995,3.427821,0.246569,3.873342,1.450690,-1.293739
164,1525,2.582426,-1.893065,-1.148202,0.480497,-0.165094,-7.134611,1.381979,1.667976,-0.527079,2.325727,0.772315,-1.958228
164,1526,0.992983,-2.513178,-2.159951,1.139028,-1.764798,-0.623131,-3.959296,1.790310,0.337621,3.187167,0.724032,-2.484010
164,1527,3.507207,-1.805285,-3.566137,2.220462,-0.077263,-4.215562,-1.714874,3.317703,0.437126,2.649302,0.583199,-0.752785
164,1528,1.421483,-1.502162,-4.453239,-1.229030,-1.474622,-5.283448,-3.210585,3.021192,0.967029,2.790180,0.429666,-0.482518
164,1529,1.801761,-2.876702,-2.718373,0.060058,0.093210,-1.049917,-0.198786,2.028780,0.182814,3.586816,1.880766,1.329491
164,1530,1.873541,-1.851534,-4.234069,1.432678,-0.744567,1.024776,-2.375060,0.146980,0.222122,3.224635,1.474676,-2.363892
164,1531,2.376418,-1.852489,-2.766564,-0.157896,-1.036737,-2.774664,-3.492953,1.790938,-0.160760,4.322462,1.126335,-0.638599
164,1532,2.029818,-2.512989,-1.976115,3.301188,-0.469339,0.696732,-2.446557,2.368042,0.799729,3.425209,2.603721,-2.628691
165,1533,249.920446,0.028493,-1.686054,-27.558801,-1.779480,-780.430746,-2.317996,377.792894,112.196147,4.420208,0.334241,-1.852215
165,1534,213.103222,0.296895,-3.125223,-123.812846,-3.593269,-204.918780,-2.973152,127.448160,205.006091,3.330555,0.425241,-0.205179
165,1535,230.421726,-0.417978,-3.272725,-406.918084,-5.501391,-486.454327,-2.988755,228.454518,141.565954,3.009605,0.597130,0.603941
165,1536,161.892573,-0.662606,-2.114788,75.733599,-3.370897,-207.179340,-2.420949,141.012141,273.297366,3.521978,0.366617,-0.199445
165,1537,99.364470,-0.720479,-1.957806,-160.320785,-3.296771,-805.345889,-1.800537,528.484295,204.036999,5.184234,1.191384,-0.577189
165,1538,86.349614,-1.290686,-3.964898,247.044767,-3.893978,-133.922791,-1.393277,322.386950,2.307844,4.147247,0.429225,1.071691
165,1539,241.263160,-0.404913,-3.307711,13.111420,-3.442960,-827.548260,0.092990,211.710644,74.972126,4.143348,1.809212,-2.502647
165,1540,191.834667,0.277776,-2.954609,-560.842741,-3.220536,-971.531040,-3.064629,362.194915,286.034881,4.394924,0.514871,0.132615
165,1541,88.823522,0.493779,-2.729968,223.209776,-3.530809,0.270851,-2.711540,206.877661,-34.453537,4.642180,0.630877,-1.042519
165,1542,214.723568,-0.566242,-1.345085,-127.211693,-1.796979,-507.709400,0.634148,282.163945,275.134994,3.164054,0.666696,0.303556
166,1543,4.147830,-1.424308,-1.031721,3.485191,-0.012072,-5.617711,-2.776753,1.927386,1.048768,2.627693,0.503690,0.067524
166,1544,1.436066,-1.326852,-2.243745,4.190097,-0.299974,-3.778173,-3.744692,2.683269,0.991014,2.555873,0.824576,-1.938931
166,1545,2.431676,-2.717855,-2.234822,-1.073442,-0.766649,-3.468170,0.665883,2.416918,0.596373,3.712224,1.099646,-2.797872
166,1546,1.862784,-2.741361,-4.184104,-0.712025,-0.384589,-3.944969,-0.819732,0.262351,-0.123543,4.681935,0.704475,0.343321
166,1547,2.457083,-2.457563,-2.197806,1.134977,-0.895274,-3.342990,-1.657551,0.040326,1.783547,2.957118,1.118061,-2.348871
166,1548,0.819883,-0.765270,-0.328846,1.998365,0.239633,0.512421,-1.040112,1.089158,0.063733,2.449450,0.885473,-3.014552
166,1549,2.711616,-2.492709,-2.807979,1.954955,-0.895317,-7.453451,-1.958514,1.720872,-0.547757,2.668060,0.234143,-1.197357
167,1550,2.498162,-2.534558,-2.803065,0.365949,-0.718118,-4.526939,-2.458190,2.289001,0.170677,3.051878,1.773794,-0.182061
167,1551,2.342297,-0.984450,-2.757039,2.095751,-1.315236,-1.674378,-2.869271,2.764602,0.526492,3.369992,0.415364,-0.739900
167,1552,3.524316,-0.943662,-2.036143,0.429148,-0.528694,0.376595,-3.188415,2.561286,-0.173227,3.419155,0.668975,-3.389935
167,1553,2.205939,-2.334221,-1.705940,-0.331731,-1.928180,-1.140193,-2.033170,2.449625,0.937657,2.927395,1.412246,-1.910794
167,1554,1.450949,-3.282965,-3.142801,-0.116333,-2.004587,-4.622360,-2.512999,0.152751,1.014881,2.881319,1.084754,0.696197
167,1555,4.042714,-0.665526,-2.052782,0.901269,0.464865,0.423103,-2.391046,1.781030,1.109216,1.609624,0.597590,1.046350
167,1556,2.949152,-0.944744,-1.189426,0.709252,-1.061127,-1.177189,-3.693210,2.272928,1.017837,3.919953,1.107628,-0.979073
167,1557,3.172734,-2.072403,-2.156943,-1.016613,-0.798063,-0.667770,-3.118697,1.030902,0.149536,3.308795,0.450771,0.068592
167,1558,2.139314,-1.620762,-1.783866,-1.122144,-0.436527,-1.375321,-4.320176,2.591671,0.149465,2.175448,0.427216,-2.533807
167,1559,2.964482,-2.754472,-2.380288,1.276882,0.298459,-3.404683,-0.658835,1.942052,0.503008,2.022902,0.911636,-0.494804
168,1560,3.053928,-2.649516,0.008163,-0.681498,-1.371079,-1.981995,-1.395934,2.986594,0.011669,2.021876,1.005230,-2.032976
168,1561,3.395020,-0.623074,-0.809515,-2.044562,-0.225138,-6.460578,-5.858012,3.123972,0.239637,3.467296,1.083804,0.179543
168,1562,2.951258,-1.472021,-1.517691,-0.331148,-0.218649,-3.843251,-4.606605,1.239760,0.036360,2.704795,1.568137,-1.025684
168,1563,2.533930,-2.192554,-0.317495,1.095330,-1.665797,-1.140361,-2.311723,2.425492,1.509812,3.678943,1.594625,-0.207547
168,1564,3.836080,-0.947847,-2.509875,1.622060,-1.222836,0.729704,-4.497170,3.152032,0.036521,1.947374,0.724759,-2.539561
168,1565,2.130029,-2.697456,-4.577826,3.641169,-1.219900,-2.913388,-0.976744,1.792976,0.456479,3.781067,1.205531,-1.311647
168,1566,1.889007,-3.098700,-0.941869,-0.291108,-1.850317,-3.373095,-3.562339,2.749236,0.287162,3.488354,1.318855,-0.277555
169,1567,2.660050,-1.244881,-0.559412,2.056345,-0.331798,-0.193579,-2.502676,1.988447,0.640662,3.436548,0.477062,-0.170506
169,1568,-0.158909,-1.400540,-1.172248,-0.933907,-1.422081,-1.374238,-2.181135,1.830515,0.257970,3.127564,1.381621,-2.040517
169,1569,2.804172,-3.436090,-1.248284,1.439957,-1.168123,-2.173075,-2.127865,2.465151,0.824270,2.882353,1.385927,-1.837058
169,1570,3.055991,-0.887643,-2.386777,1.953590,-2.353021,-2.441643,-1.909425,0.692286,0.643732,2.030708,0.599520,-0.167149
169,1571,3.787458,-1.937444,-2.279664,0.118581,-0.508865,0.425069,-3.563965,1.667769,0.864941,2.055224,0.519025,0.856715
169,1572,2.132445,-1.609434,-1.998128,0.248192,-0.886125,-2.324630,-3.701492,1.797352,-0.208132,4.075976,0.849455,0.086761
169,1573,3.818420,-2.429411,-2.283637,-4.213321,-0.616059,-2.883752,-2.612298,2.163829,-0.280878,4.465152,0.806323,-3.970111
169,1574,4.398049,-0.703823,-4.233877,1.740998,0.577147,-2.716900,-0.116130,1.314505,0.026146,2.877698,1.122681,-2.508701
169,1575,0.624404,-2.594530,-1.418188,1.445818,0.587244,-3.411872,-1.239202,3.317882,0.077854,3.049313,0.401962,-3.130055
169,1576,2.713056,-2.416039,-1.814718,-0.170194,-0.513900,-5.756845,-1.629285,1.057977,1.432521,3.660392,0.872999,-1.837598
170,1577,219.557537,-1.044019,-2.686214,109.369497,-3.819203,-638.831155,-1.716182,211.363887,-100.869332,4.159290,0.640580,-0.977943
170,1578,190.495484,-0.454165,-3.366670,231.065923,-4.801730,-512.547551,-3.622120,-40.282897,245.347231,4.864521,0.188218,1.231807
170,1579,113.037810,0.220547,-1.897465,165.421841,-3.002871,-1355.926474,-4.379693,360.780475,42.369674,4.409284,0.890688,-0.827060
170,1580,126.121086,-1.054171,-5.156558,-138.543741,-3.927674,-1116.188002,-3.081652,262.199761,38.198956,3.656092,1.262927,-0.227643
170,1581,255.630819,-0.622000,-2.378939,-93.389484,-3.803448,-527.406664,-4.797989,230.249797,244.731030,4.071340,1.445239,0.283015
170,1582,203.250894,0.376140,-2.558416,-81.537077,-4.111653,-695.982885,-0.549648,394.340876,-6.907001,4.638138,0.346245,-0.913696
170,1583,206.973086,-0.029026,-4.401990,-78.056264,-1.877520,-477.038194,-1.676206,413.319892,7.603304,3.688655,0.143263,-2.286134
171,1584,1.653251,-1.999528,-2.051535,0.282102,-0.829540,-2.809649,-3.784295,1.962039,0.395730,1.760709,0.959460,-2.042718
171,1585,2.166491,-1.374348,-0.580561,1.639975,-1.443969,-1.511778,-3.207811,2.624459,0.076610,2.582933,1.704560,-2.075555
171,1586,3.884745,-2.065005,-1.438077,0.683044,-0.964642,-0.542373,-3.705938,2.952889,0.685644,3.584735,0.206231,-3.005014
171,1587,4.368367,-2.567326,-2.201376,2.238501,0.001251,-1.376604,-1.202371,2.166274,-0.119877,2.484118,0.537664,-0.926575
171,1588,2.175073,-1.449067,-2.235923,5.326532,-0.751101,-0.150386,-2.954788,1.565428,0.778322,2.020855,1.447730,0.960452
171,1589,2.701938,-1.689246,-2.946417,-0.646594,-1.129788,-2.355566,-3.319514,2.456785,1.245017,3.300129,0.982264,-0.536602
171,1590,4.270432,-3.078814,-4.247978,3.259752,-0.696939,-0.505415,-2.780735,1.098610,-0.273307,3.681570,1.200553,0.893528
171,1591,3.559911,-2.656296,-2.055890,2.756543,0.164913,-1.546399,-2.685193,2.208297,0.502318,4.062016,0.981632,-2.452457
171,1592,2.689981,-2.082800,-3.066149,-0.743945,-0.602242,-2.933699,0.249645,2.190195,1.215514,3.093248,2.271465,-2.620824
171,1593,1.443464,-2.547253,-3.393012,2.976235,-1.601034,-0.250542,-0.359989,1.257059,0.346018,3.440006,1.601864,-1.724461
172,1594,1.306943,-1.643891,-1.897774,-1.423663,-0.156261,-2.575992,-1.728852,0.788669,-0.868271,2.690000,0.807254,-2.417776
172,1595,4.995439,-2.874126,-1.149951,-1.543474,-1.034620,-3.433613,-3.040476,2.471839,-0.285246,2.443219,0.197355,-1.287556
172,1596,3.772559,-2.400347,-2.684696,0.701707,-0.804189,-1.083905,-1.606674,1.182064,0.429140,2.944411,-0.201191,-0.748259
172,1597,1.973219,-0.882716,-2.612254,0.082786,-0.318291,-2.852486,-1.041871,1.695775,-0.482957,3.016866,1.681985,-1.614255
172,1598,2.374420,-2.480159,-2.189538,-1.527899,-2.027622,-5.044126,-1.171661,1.947329,0.692754,3.539866,1.188637,1.043287
172,1599,4.332551,-1.742023,-2.870548,4.149400,-0.351902,-4.017483,-2.884184,2.478941,-0.161024,2.754241,1.145431,-1.309167
172,1600,2.879881,-1.480423,-1.906280,-1.614934,-2.905149,-0.940182,-2.145049,1.901823,-0.312809,2.954831,1.133985,-1.096078
173,1601,250.227532,-1.277700,-3.509692,-58.489388,-2.853271,-73.063083,-2.016596,328.198276,-99.817135,4.137644,0.448448,-1.069317
173,1602,155.501264,0.251396,-3.590745,201.389010,-3.737633,-642.690363,-4.286225,318.602420,-33.650586,5.018741,0.105144,-0.481324
173,1603,104.977146,-0.602016,-3.671000,-166.798965,-3.074144,-178.625947,-2.304954,141.081309,-10.846509,4.402561,1.794718,-3.182236
173,1604,172.178118,1.365616,-2.561703,249.091234,-3.187455,-367.512589,-1.592821,179.041585,124.580486,4.465629,-0.054301,0.314974
173,1605,191.320092,-0.431039,-2.676885,-150.177963,-2.876282,-662.918754,-2.235981,136.374591,25.786748,4.551879,0.490475,-2.237768
173,1606,263.881097,0.524727,-4.196668,-7.473221,-2.633950,-1000.776082,0.717980,241.945288,24.401446,4.233514,1.315682,-0.756466
173,1607,216.294418,0.614825,-2.242804,158.598844,-2.529067,589.631370,-2.339791,185.265614,17.483877,3.536478,1.455331,-0.103593
173,1608,278.851142,0.492049,-3.778677,-632.781458,-3.013960,-428.954106,-4.161208,433.328886,-21.363200,3.886227,1.054347,-1.776894
173,1609,11.007735,0.207159,-2.984267,217.844516,-3.196980,-762.779066,-2.324935,213.737788,36.329977,4.702858,0.959129,0.120161
173,1610,210.162373,-0.265911,-2.828066,-138.973560,-3.059825,117.793583,-1.567881,279.248094,10.975323,4.158699,0.811583,0.515716
174,1611,-0.107246,-1.079746,-1.754835,2.599191,-0.897139,-1.659492,-3.495333,1.686538,0.063739,2.332183,0.873186,-1.071875
174,1612,2.603723,-2.249225,-1.297032,3.055275,-2.535141,-1.571356,-1.801364,2.239404,-0.204449,3.220786,0.098403,-2.327351
174,1613,3.148203,-2.544946,-3.313186,-0.400415,-0.834615,-0.759885,-3.413617,3.051013,0.874320,3.409650,0.723056,-2.766906
174,1614,2.372101,-2.951556,-1.183657,2.645501,-1.133058,-3.135077,-2.065993,1.605855,0.113299,3.164126,0.924392,-1.459319
174,1615,1.392931,-2.169534,-3.033374,-2.634182,-0.805901,-2.038610,-1.493736,1.899893,0.300883,3.487873,0.593248,-0.239922
174,1616,1.007129,-1.889538,-2.781855,-1.778557,-0.581013,-0.346065,-1.524292,2.746156,0.404399,3.079423,1.589075,-1.157268
174,1617,3.049580,-2.527284,-1.876060,1.511400,0.494557,-2.629108,-1.077056,1.549238,-0.077479,2.260403,0.152716,-2.363870
174,1618,2.287489,-2.164841,-1.587068,2.457563,-0.613722,-5.333688,-2.888001,2.184208,0.212820,3.096784,1.891159,-0.702146
174,1619,2.359057,-0.398550,-1.701629,0.499379,-0.299468,-4.017244,-5.101875,1.488089,0.050826,2.708214,0.911001,0.236751
174,1620,1.914944,-1.482460,-2.612340,2.177086,-0.920237,-3.099501,-3.744505,1.313265,-0.288686,4.055197,0.316278,-2.718446
175,1621,68.654099,-1.166754,-0.870584,-276.586506,-2.071582,-1604.157716,-2.448074,147.430005,93.492547,4.229219,1.174066,-0.434987
175,1622,108.888929,0.351923,-1.408544,-6.144482,-3.753760,-500.568663,-0.877678,493.906046,109.500321,3.517053,0.068900,-2.034220
175,1623,360.397507,1.144290,-4.206900,253.476363,-4.149091,-280.106067,-2.395745,271.416826,55.688402,3.973471,0.386992,0.348165
175,1624,218.188439,-0.029548,-3.533866,355.527098,-4.969349,-419.813407,-0.551483,292.735666,182.442288,3.748686,-0.384805,1.122171
175,1625,203.375214,0.431555,-2.941029,123.539467,-2.371689,-378.402297,-0.071838,265.609817,191.481307,4.386775,0.779147,-0.961477
175,1626,88.806509,-0.439467,-2.551904,462.913534,-5.088868,-591.954720,-0.815783,190.006631,245.068171,3.346047,1.796012,-0.039622
175,1627,77.390340,0.965742,-3.315873,188.155013,-3.066069,-281.398575,-0.033552,321.519496,142.047998,4.813138,0.478890,-0.488770
175,1628,197.086749,0.978456,-5.310805,153.514791,-2.225990,-707.403528,-5.855836,275.832505,-21.408699,3.730234,1.599837,0.334840
175,1629,163.510032,-0.296898,-2.604868,160.465119,-3.043465,-852.785562,-5.831203,213.757002,95.980929,3.079321,-0.254025,0.615395
175,1630,153.428634,-1.269771,-1.236353,170.974455,-3.912826,-762.437955,-2.844529,190.316103,22.640029,4.915186,1.247706,0.188259
176,1631,4.444745,-1.346699,-0.275924,2.056475,-0.541947,-4.818403,-3.134580,1.830022,1.416404,2.538960,1.620817,-1.176531
176,1632,0.448862,-1.402378,-1.969016,1.926084,-0.675278,-2.534972,-0.974496,3.034138,1.897465,2.171923,1.322626,-2.021075
176,1633,4.612241,-1.046707,-3.788585,0.934245,-0.582612,-3.299473,-0.959891,2.404693,-0.041137,2.407059,0.904185,-0.911384
176,1634,2.535844,-2.394680,-1.866031,5.130604,-2.297847,-8.477738,-1.699864,0.522281,0.232736,2.454953,0.753887,-0.890181
176,1635,1.191996,-1.634312,-0.489528,-1.216230,-1.539951,-5.280066,-3.725459,1.913639,1.790829,3.219967,1.059934,-1.256788
176,1636,3.875259,-1.763206,-2.530377,0.812421,-0.753397,-3.318260,-0.447540,-0.748871,0.585717,2.340299,1.337324,-1.509904
176,1637,3.536944,-1.787048,-3.759927,0.565200,-2.880455,-1.948251,-1.667564,2.823764,-0.502019,2.921026,1.033740,-0.014968
176,1638,2.161153,-0.889857,-2.603018,4.560970,-0.091127,0.990950,-1.356495,1.768864,0.242999,3.310892,0.211352,-1.924637
176,1639,2.754799,-2.907364,-1.817456,0.602477,0.330632,0.670349,-3.118768,4.394017,0.996599,3.390290,0.819471,-0.178232
176,1640,2.931790,-1.670683,-3.342026,-1.938890,-0.136423,-3.337005,-1.312532,3.311930,-0.579329,1.618314,1.483403,-1.463399
177,1641,94.473322,-0.093799,-2.568241,370.302548,-2.435350,-503.212897,-2.638417,391.207819,62.908777,3.294642,0.896641,-0.193755
177,1642,184.131777,-0.676620,-1.887248,-68.029756,-3.266390,-533.875730,-1.065060,217.863628,199.291892,3.963183,0.208881,-0.028080
177,1643,201.711829,-0.543471,-1.840788,396.437770,-4.323348,-1514.496765,-0.166332,111.657969,241.433438,4.658695,1.024919,-0.189450
177,1644,266.564889,-0.855996,-2.910901,-206.434710,-3.543118,-221.303809,-1.726148,390.284740,47.032195,3.386742,1.035140,0.580832
177,1645,224.407484,-0.745949,-2.420338,-59.088488,-3.791410,-305.188325,-1.402796,261.063560,341.659819,4.683837,1.874858,-0.078585
177,1646,205.425868,0.013487,-3.623963,-187.120371,-3.821572,-625.286615,0.183883,277.930033,54.949123,4.277503,0.582616,1.526122
177,1647,237.101584,0.188738,-2.466663,427.371913,-1.683953,-453.335533,-1.585524,186.596067,-83.750228,5.003246,0.866437,-0.681542
177,1648,150.395381,0.459999,-2.219521,35.627471,-2.732521,-551.266071,-3.144074,350.608876,160.894760,4.525301,0.796521,-1.563518
177,1649,185.544964,0.851110,-0.816468,74.069152,-3.540299,255.002254,-3.080862,239.161683,67.893160,3.748009,0.851339,-0.674603
177,1650,166.062021,-1.260693,-2.040397,-120.875703,-4.034070,-881.914919,-0.145705,190.442056,11.639871,3.905488,0.522037,0.712099
178,1651,86.868295,-0.444275,-2.505790,-116.152833,-2.980555,-759.215286,-4.071725,128.654749,-56.593949,3.641708,0.709903,-1.533731
178,1652,110.485644,0.005401,-2.131153,-120.098486,-2.387135,19.509434,-1.288656,106.935490,166.121736,4.536743,1.259421,1.447399
178,1653,20.809058,-0.442756,-4.238058,321.549731,-3.318053,-380.612707,-2.604232,109.172253,224.753244,3.192302,0.790896,-1.021273
178,1654,151.805493,-0.825609,-3.313325,506.618107,-3.085679,-716.638491,-2.409665,202.980733,323.666829,4.004350,0.913870,-0.141637
178,1655,106.458945,0.275274,-3.221802,-81.549594,-4.156791,-45.122933,-1.880040,361.058498,242.351907,5.313305,0.209193,-1.603723
178,1656,88.819319,1.000160,-3.894030,567.227310,-4.087891,-869.375341,-2.253539,265.208726,151.455300,3.577249,1.294429,-0.811098
178,1657,230.665011,-1.294181,-3.296717,-27.363215,-3.757301,-432.158026,-3.022385,263.001240,90.963138,4.333649,0.563509,1.189322
178,1658,222.081445,-0.555457,-0.695129,249.263143,-4.258351,-993.901860,-3.646237,282.420456,110.701638,4.751790,0.922988,-1.055266
178,1659,311.199130,0.735940,-3.693963,379.173141,-3.964064,-587.719124,-3.993571,159.870791,122.244125,5.299419,-0.029497,0.021607
178,1660,245.590310,0.305584,-3.659593,124.660057,-3.221355,-792.209466,-1.889606,164.698136,216.429948,5.294512,1.085858,0.110829
179,1661,130.329181,0.000747,-3.335489,112.485592,-3.611324,99.169848,-4.386225,354.801432,117.192557,4.284170,0.999483,1.309886
179,1662,78.997014,-0.156087,-3.247183,112.695203,-3.765384,-912.889630,-2.835436,268.548748,108.624251,3.377525,1.248339,1.784537
179,1663,137.347784,-0.272011,-2.811137,183.601907,-4.790124,-205.309744,-0.069962,294.388715,26.181843,3.976514,0.237436,0.899012
179,1664,221.182643,-0.800809,-1.041286,497.911735,-3.903759,-1108.415720,-1.947338,380.138481,88.708689,4.295849,1.333182,0.048867
179,1665,282.606597,0.189301,-5.151837,-93.035361,-2.613529,328.953314,-3.945830,319.022797,50.974121,4.048468,0.961938,-0.461057
179,1666,247.224732,-0.188459,-1.999101,-165.394508,-3.690122,-594.194270,0.316459,359.863174,46.422555,3.813572,1.285656,0.096865
179,1667,254.725959,-1.349823,-2.782015,-51.084157,-3.065621,-639.121097,-0.326975,318.612315,-11.018443,3.982667,-0.103981,-0.559878
179,1668,196.140300,0.375246,-3.716822,424.258929,-3.030294,-291.925896,-2.468551,160.545609,126.464716,4.195753,0.966532,-1.320116
179,1669,259.241389,0.786537,-3.929668,-87.498768,-3.067538,-432.224400,-1.943572,97.716603,-150.001630,4.547438,0.967852,1.498945
179,1670,170.448849,-0.123305,-2.505709,181.483746,-2.413361,-216.934395,-1.897734,259.955648,-181.288274,4.195799,0.519618,-0.512709
180,1671,2.589555,-2.179744,-1.886555,0.349184,-0.401007,-1.595938,1.057303,2.869019,0.220095,1.987153,1.329676,-0.696259
180,1672,1.832341,-2.712428,-3.433209,-0.814791,-0.077323,-4.664308,-2.832905,2.360189,0.354454,2.966163,1.301670,-0.535339
180,1673,1.849061,-1.922772,-2.902576,-0.018846,-0.800376,-2.965921,-0.525288,2.073536,0.856513,3.287313,0.873599,-0.621459
180,1674,3.314228,-1.869375,-2.682092,0.676117,-0.588182,-2.638342,-2.747080,2.821594,0.668583,2.986306,0.860770,-0.497818
180,1675,2.434811,-1.648821,-1.815216,-1.588689,0.607583,-3.906299,-2.564422,2.063543,-0.485491,2.674947,0.510837,0.127360
180,1676,2.676087,-2.940452,-2.450132,2.862925,-0.512400,-2.863436,-1.774892,-0.301062,0.911322,2.566726,0.379380,-2.169082
180,1677,2.400501,-2.573600,-2.455766,0.785108,-1.955508,-3.556285,-3.351699,1.656826,0.674845,3.753193,0.910286,-1.964739
180,1678,-0.477454,-1.198164,-2.022989,-0.973994,-0.038636,0.680208,-1.889463,2.653007,0.598586,2.552175,1.129923,-0.370531
180,1679,1.726613,-2.196742,-2.024579,1.747187,-0.888359,-3.737291,-3.490520,2.630096,0.411296,3.439219,2.057136,-2.079679
180,1680,2.929363,-0.679513,-3.550107,2.304236,-0.120512,-1.323631,0.960562,2.121239,0.793778,3.899496,0.611520,-1.286192
181,1681,173.212672,0.686393,-2.517189,414.775818,-2.876349,-827.778443,-2.081991,176.753408,68.317641,4.009103,0.449434,-1.822219
181,1682,94.012097,0.129070,-1.599925,-106.511499,-2.793567,-847.587288,-3.835536,307.738166,88.538348,5.330084,1.464248,-1.268580
181,1683,286.471140,-0.915124,-2.404593,295.489971,-2.914388,-1375.400781,-1.486568,270.274717,2.824865,4.009314,1.219537,-2.196818
181,1684,83.376203,-0.352993,-3.182794,223.856561,-3.364563,-164.573227,-0.146554,246.134660,118.892294,5.084355,0.428190,-0.042819
181,1685,234.952096,-0.485109,-4.041203,652.995000,-2.937321,-876.127863,-1.357399,380.477890,368.915088,4.659982,0.466379,1.946693
181,1686,188.458626,-0.687728,-2.517016,28.143344,-3.842366,-432.004202,-1.795340,235.996921,81.487895,4.425882,1.030156,0.720223
181,1687,203.833496,-1.132638,-2.718200,-5.711775,-3.846832,-24.692469,-1.104686,175.883322,354.318970,3.141875,0.679567,0.362802
181,1688,65.188657,-0.176120,-3.118277,-7.334430,-3.130581,-784.588632,-3.541830,279.499284,20.516185,3.751552,0.143364,1.066978
181,1689,136.607646,-0.047601,-1.767524,206.051495,-1.525471,-621.106975,-0.696878,240.077259,201.226515,3.554353,0.482879,0.128679
181,1690,231.566912,0.913476,-2.323037,-125.628282,-3.689492,-347.032741,-2.233047,305.950305,-46.494360,4.615036,0.201253,-0.811175
182,1691,254.252834,-0.704174,-3.329339,-208.176293,-3.077022,-490.450346,-1.208736,175.152006,120.390978,4.607621,1.540079,0.566474
182,1692,192.273001,-1.014181,-3.741862,89.916821,-3.614942,153.285217,-1.678474,244.865968,85.265128,4.089498,0.726488,1.582762
182,1693,76.151201,-1.156206,-3.983661,-81.777313,-3.013773,-750.505878,-0.482109,423.796307,19.648942,4.445300,1.147640,-0.073137
182,1694,191.824047,0.552626,-1.233377,189.989508,-3.822604,-1228.442830,-2.059455,287.430653,272.000029,5.285159,0.279063,0.788995
182,1695,160.979418,-0.083193,-2.307528,-42.420929,-3.454731,-139.996904,-1.534932,159.663654,-134.933165,3.935236,0.798392,1.816059
182,1696,163.328350,-0.313019,-2.959258,357.789559,-3.188719,-148.673977,-1.561144,374.904440,46.664508,3.656204,1.094339,0.269233
182,1697,146.634588,-0.264538,-2.828585,377.269246,-2.889005,-753.084429,-0.104434,307.996935,223.363866,3.764136,1.273202,-2.273155
182,1698,172.747379,-0.043652,-3.714830,-9.237236,-2.580315,-167.053232,-2.512037,331.621928,82.815649,3.842513,-0.022315,1.524791
182,1699,132.648443,0.306838,-3.182616,-186.163853,-4.034166,-1281.519273,-3.248171,189.246913,62.317513,3.855245,1.852628,-0.333108
182,1700,112.293307,-0.088158,-3.766907,-276.113714,-4.189582,-41.761715,-2.679896,187.249344,-32.483811,3.123614,1.537199,-0.562869
183,1701,3.236134,-1.922889,-2.468372,0.361893,-0.537347,-0.151137,-3.413507,1.236662,0.543460,2.332315,0.256143,-1.582375
183,1702,1.404510,-2.136192,-2.170057,1.722821,-0.415341,-1.860071,-0.522924,1.991203,0.725163,1.966633,1.100941,0.410352
183,1703,3.033276,-2.658083,-2.101259,2.343337,-2.051396,0.917948,-1.905145,2.804379,1.289924,3.244735,0.659614,-0.550116
183,1704,3.734033,-1.752955,-2.846842,3.331449,0.621553,-0.363957,-1.078647,2.641376,0.815844,3.591278,1.141931,-0.835653
183,1705,2.156337,-1.487223,-1.256329,0.902979,-0.902991,-5.423205,-2.531167,0.566677,1.064220,2.694453,0.448478,-0.232985
183,1706,1.498473,-1.980474,-2.050540,0.317562,-0.345959,-1.648151,-3.539146,1.993037,-0.231208,3.143078,1.566899,-1.008917
183,1707,2.771951,-2.586215,-2.509339,-0.585754,0.680085,-1.297878,-2.657304,1.518424,0.958545,2.908599,1.382462,-1.037650
183,1708,2.777878,-1.656629,-2.801254,0.687701,-1.349183,-2.462308,-2.017323,2.918316,1.094478,3.687669,0.826116,0.509047
183,1709,2.271868,-1.650721,-1.897568,-0.710951,-1.836714,-2.870861,-1.177557,3.160956,0.489617,3.718949,1.924484,-1.415229
183,1710,2.583843,-1.282582,-1.449318,-0.100336,-1.518712,-2.311864,-3.675862,2.118984,0.150142,2.492438,0.826957,-0.846556
184,1711,289.055774,0.266928,-1.762146,-367.473443,-3.115499,-389.109051,-3.877460,152.493271,92.233289,4.033814,0.633680,-0.888152
184,1712,180.089470,0.214084,-3.459937,211.919320,-3.910633,-1428.665780,-3.982425,276.762784,36.638144,3.301690,1.005380,-2.121421
184,1713,219.415165,-0.797914,-3.938242,145.788937,-2.423455,-872.025794,-1.617020,222.408308,136.209896,5.560620,1.389643,-0.592052
184,1714,61.423044,-0.775997,-0.770141,-300.144456,-2.916557,-1121.721959,-1.701721,-60.376057,77.846504,3.337733,1.824130,-0.194319
184,1715,160.797840,-0.551304,-2.170386,-307.231037,-3.530215,-1157.115208,-1.499607,171.249667,-157.285828,2.779952,0.740751,-0.131805
184,1716,217.554042,-0.317597,-4.348085,137.866448,-3.517668,-15.050831,-4.906858,202.210781,205.145995,3.863687,1.452060,0.533343
184,1717,232.145051,0.136764,-2.946141,19.638299,-1.812947,-151.896802,-3.386921,193.651117,20.038042,4.566105,0.539639,0.306532
184,1718,59.225804,-0.907892,-3.264329,366.706982,-3.473606,-608.432821,-2.682493,447.340065,8.444984,3.636545,0.521891,-0.271660
184,1719,237.368101,-0.109109,-2.577386,-6.389488,-1.332700,-1046.849823,-0.826951,121.974709,94.515677,3.860517,0.898258,-0.560171
184,1720,153.195159,0.811919,-4.208471,-220.258423,-2.777618,-308.524732,-3.480137,220.390041,55.207865,5.011375,1.356428,-1.095265
185,1721,168.739520,0.835018,-3.695301,83.003604,-3.382778,-477.451546,-2.761311,112.644264,-5.827114,4.107177,-0.022929,1.026509
185,1722,180.047863,0.172935,-3.023159,-335.360021,-3.114325,-922.573621,-2.395058,301.783333,195.808204,4.249658,1.280674,-1.263700
185,1723,156.855268,-1.270229,-1.195722,242.404112,-4.622772,-734.097853,0.156216,344.312500,22.224452,3.741786,0.478650,2.288316
185,1724,231.743940,-0.654928,-1.388435,496.906314,-1.918086,-390.516344,-3.997997,407.732601,0.246413,4.420346,1.042638,1.877627
185,1725,155.934485,-0.119167,-1.773981,333.479771,-2.991848,-839.174521,-3.375308,287.621462,-140.969950,4.621676,0.971015,0.352556
185,1726,52.810412,1.023408,-2.864319,221.521228,-3.578402,-703.296821,-2.551749,201.005419,306.272975,4.154483,-0.438856,-0.211899
185,1727,-38.238077,-0.783864,-3.067349,79.964499,-2.444968,-1725.340133,-3.071367,236.127138,-57.131810,4.483966,0.242785,0.573393
185,1728,128.791593,-0.390078,-2.945231,495.110805,-3.369189,-621.394826,-1.147520,338.462521,22.494148,4.529228,1.328892,-1.764624
185,1729,183.575508,-0.753080,-2.148351,98.807048,-2.383099,-956.112163,-4.188626,294.085451,133.357718,3.566632,0.522258,-0.191008
185,1730,242.238162,-0.071448,-2.727142,-36.204602,-4.454423,-83.482166,-1.710361,332.524128,89.432290,4.710500,0.146898,0.312358
186,1731,4.020762,-0.368372,-2.353961,0.518676,-1.262110,-3.272376,-1.868698,3.576356,1.323256,2.274094,1.501659,0.481575
186,1732,3.055181,-1.450367,-1.013795,-1.285330,-1.181741,-0.864914,-3.671964,1.771928,0.865731,3.102355,1.272289,-0.100966
186,1733,0.006108,-3.023746,-3.061566,2.606872,-0.563348,-2.787167,-2.064804,2.650115,0.680247,2.947061,0.675894,-1.118699
186,1734,5.140715,-1.642695,-3.252010,3.625374,-2.111513,-4.601124,-2.064850,1.678730,0.091164,2.861319,2.048016,-3.681989
186,1735,3.667594,-1.079668,0.010130,2.480413,0.638761,-2.676660,-2.745902,3.777149,0.745760,2.812035,1.204513,0.409046
186,1736,1.992165,-2.418844,-0.998138,-0.724113,-0.875280,-1.409978,-2.462246,2.860906,0.272499,3.025931,1.391892,-2.254398
186,1737,1.865365,-1.686588,-2.404447,1.229795,-1.705245,-3.883107,-2.143048,2.840264,-1.058711,2.301108,1.515167,-1.482439
186,1738,2.934916,-3.086728,-2.057327,-0.132766,-0.517804,-1.834545,-3.442809,3.565228,1.112426,1.883679,1.396135,-0.026686
186,1739,3.514247,-3.456335,-1.057333,2.893810,1.462932,-2.651013,-2.797387,0.792510,0.171748,2.788585,0.950010,-0.129483
186,1740,2.412928,-2.368159,-4.308362,-2.105904,-0.410720,-1.685181,-1.586853,2.544647,0.361528,2.297160,1.256722,-1.075075
187,1741,2.813025,-1.901966,-2.074914,1.556820,0.079248,-2.564972,-0.469194,2.873547,0.223048,2.875826,0.852624,-2.287454
187,1742,2.372652,-1.255394,-1.186552,-0.129293,-1.286230,-5.653224,-2.943384,1.429978,0.446298,2.888898,0.959744,-0.932362
187,1743,2.676236,-1.703769,-1.742075,1.216537,-1.216930,-1.571485,-2.870568,3.645761,1.033637,2.723912,1.258904,-1.015799
187,1744,3.046511,-3.287914,-2.573128,1.242579,0.653571,-5.158140,-3.235646,0.464814,-0.691515,2.337101,0.878852,-2.573760
187,1745,4.067794,0.139574,-3.155441,-2.437303,-0.831450,0.386550,1.335636,1.985536,1.131198,4.051645,1.498138,-0.143487
187,1746,2.540932,-2.146058,-3.406548,-0.241894,-0.420276,-0.959844,-2.745376,0.984022,-0.173052,2.801825,0.369537,-1.639663
187,1747,2.338234,-1.731775,-3.130108,0.645202,-0.337040,0.548061,-2.930931,2.314019,-0.018073,2.374230,1.218137,-2.522879
187,1748,3.895403,-1.599345,-0.742347,-1.230142,-0.423300,-2.562843,-3.480773,3.784521,0.101277,2.494918,0.383356,-1.969809
187,1749,3.541173,-1.786884,-0.896184,1.837090,-0.212261,-2.262584,-3.223761,2.452761,0.759936,2.216694,0.795191,-1.487855
187,1750,2.340544,-1.190331,-1.918710,0.867768,-1.008765,-0.554386,-1.849105,2.571546,0.818676,4.228797,1.283833,-1.814920
188,1751,2.781683,-1.655901,-2.865985,-1.402246,0.913118,-4.121089,-1.275436,2.154350,0.378325,2.044229,1.444232,-1.556385
188,1752,1.703982,-2.537895,-2.538566,2.657054,-0.495466,-2.088401,-0.561002,3.577182,-0.048289,2.568609,1.093212,-3.337327
188,1753,1.469977,-2.135217,-2.869323,-1.701524,-0.528155,-2.268763,-2.077240,1.954017,0.723115,2.501805,1.229027,0.898936
188,1754,2.505095,-1.458079,-2.098386,-0.126314,-1.325186,-1.318971,-3.714828,3.420524,0.678740,3.136967,0.588111,-3.837459
188,1755,3.232410,-2.047493,-3.909257,0.897927,-1.825405,-2.107099,-2.984487,3.130633,1.169037,3.499245,0.267288,-1.629382
188,1756,1.405961,-2.215055,-2.232342,1.849575,-1.552640,-5.579212,-1.232697,3.110821,0.587217,3.325169,0.184162,0.975292
188,1757,3.894205,-2.598954,-2.310206,0.997241,-0.929060,-3.722645,-2.506436,3.430773,1.089976,3.555582,1.583981,0.352603
189,1758,191.588902,-1.177014,-2.613375,41.565853,-4.563351,-1711.899677,-2.103541,185.698475,103.989615,5.054766,0.718283,-1.012771
189,1759,188.509701,0.451390,-2.203044,359.854044,-2.664441,-948.113033,-1.130585,386.595666,1.449828,3.957622,1.483308,0.665370
189,1760,294.142019,0.145737,-4.063289,-158.408244,-3.397832,-765.979076,-0.602471,57.517883,146.885778,4.265247,0.239692,-0.944795
189,1761,86.019395,0.213314,-2.790076,270.592177,-3.117889,-661.362534,-2.563268,383.672865,3.884445,3.833762,0.727893,0.801414
189,1762,271.616649,-0.863151,-2.865789,200.454091,-3.168954,-974.815606,0.668327,189.146704,-91.109744,4.724493,0.663900,-0.033525
189,1763,70.641929,0.110013,-3.949949,-408.613487,-4.073833,-1557.057792,-3.881590,130.039614,-78.915684,4.318360,1.022592,-2.460844
189,1764,115.034582,-1.477312,-1.680434,-45.833197,-2.596041,-101.864954,-4.354034,313.522787,106.315117,4.251733,-0.148945,0.956068
189,1765,190.416100,-0.613142,-0.972315,-174.959230,-2.581134,-437.696660,-0.727867,337.944513,-159.209084,4.033423,1.202508,-0.657550
189,1766,115.507632,0.381018,-3.230053,473.981914,-4.032301,-786.089140,-3.155877,361.805129,-7.019639,4.295647,1.438754,0.515270
189,1767,96.512879,0.468504,-4.733480,583.033831,-3.028095,-88.465794,-0.700819,204.379529,254.259611,2.921669,0.236113,-0.539735
190,1768,214.268792,-0.866620,-2.380864,293.364297,-3.459424,-1084.552530,-1.849948,106.204543,200.008868,2.601299,0.981825,0.487367
190,1769,238.966845,-0.142755,-1.331044,348.904445,-3.431656,-1070.402601,-2.620907,399.026472,75.496283,3.267680,0.089027,-0.205927
190,1770,119.751143,0.356874,-2.505958,-221.010262,-2.252510,-588.833580,-4.629373,188.624182,62.799750,4.164850,0.947351,-0.125592
190,1771,123.246792,0.305344,-2.451366,455.623736,-2.611415,-1258.509337,-4.213786,297.199215,284.582297,4.467267,1.301715,-1.104986
190,1772,224.394323,-0.635075,-1.924533,146.836228,-3.773519,-477.848600,-1.211799,482.816708,148.104945,4.513781,1.846481,0.205948
190,1773,68.629561,0.498420,-3.377904,-151.723058,-3.737885,-664.837150,-4.878084,285.534625,52.890853,4.367721,0.922332,-0.598647
190,1774,146.019791,-0.633460,-2.353764,276.202125,-3.946401,386.912509,-1.941443,199.515783,-253.388130,4.546608,0.437901,-0.873772
190,1775,106.432730,-0.160349,-4.373827,129.922161,-2.620520,-858.173575,-1.433324,502.519204,59.885694,3.773798,0.692452,1.008578
190,1776,41.299853,-0.522619,-1.792151,321.722209,-2.893575,-629.378617,-5.875774,454.907184,63.068258,4.681017,1.244872,0.721936
190,1777,251.320420,0.034221,-4.018797,65.270696,-3.934389,-623.783988,-2.431169,337.590523,-13.571424,4.157883,0.972212,-1.313959
191,1778,2.583955,-3.238702,-1.658122,0.439441,-0.322503,-4.830540,-0.433441,2.923153,0.442844,3.927593,0.202806,-1.600673
191,1779,3.839783,-2.410203,-2.181249,-1.984030,-0.205024,-2.233683,-3.203101,1.111389,0.342738,2.408786,1.845094,-0.940366
191,1780,1.573682,-1.422010,-0.742780,0.473362,-1.328082,-3.781941,-2.833040,2.895307,1.274799,2.144802,0.654765,-3.243485
191,1781,3.955535,-2.208960,-1.369858,-1.896857,-1.837560,-3.984844,-3.400516,1.912503,0.833165,3.005834,0.355437,-1.832562
191,1782,2.161618,-2.055756,-2.630467,-2.373085,0.396072,-3.599808,-1.067420,2.001572,1.040935,2.979501,1.012319,-2.281865
191,1783,2.855990,-1.163983,-2.230576,1.963592,-0.053525,-2.637190,0.458567,1.149455,0.528131,4.124121,0.598063,-1.257410
191,1784,4.154666,-2.073135,-2.303247,1.388821,-0.127916,-2.621585,-4.341429,1.653792,0.846213,2.860942,1.969350,-1.882604
192,1785,2.713119,-0.837287,-1.208596,1.554297,-1.092384,-4.369599,-2.269753,3.235786,0.316654,3.167988,0.487412,-1.133014
192,1786,1.824513,-1.392551,-2.895079,1.813965,-1.576178,-2.531553,-2.049205,0.987322,0.431672,3.653175,1.417659,-0.044434
192,1787,1.813089,-1.566175,-1.292165,0.579352,-1.110548,2.125448,-3.017430,0.528125,0.774326,3.063530,1.025154,-1.728013
192,1788,3.618546,-2.201694,-2.787956,-0.912422,-1.446090,-1.465975,-3.364133,1.940459,1.077554,1.829546,1.734415,-1.444828
192,1789,3.156634,-1.490161,-2.064759,1.013630,-1.211087,-1.327389,-1.680122,1.712903,0.777266,2.226898,1.976783,-1.031012
192,1790,2.412553,-2.032142,-1.408305,1.914286,0.544629,0.897970,-2.383263,2.010985,1.012293,3.412891,0.217883,-0.702777
192,1791,2.773839,-2.370797,-1.625792,-0.841718,-0.428917,-2.576071,-1.848721,1.508206,0.279546,3.274345,0.258176,-1.878913
193,1792,151.177523,-0.585601,-2.465028,-143.027260,-3.470938,-249.805464,-2.805487,365.868335,117.583196,5.644558,0.794355,-1.353325
193,1793,141.219550,-0.292205,-3.367054,83.782951,-1.994064,-848.278264,-2.029097,189.996158,65.117094,4.789201,0.760861,-1.496425
193,1794,58.514444,-1.184324,-3.369969,147.596144,-2.287792,-1223.505140,-2.642744,325.600716,46.284410,3.698178,0.850242,-1.024699
193,1795,227.727986,0.481379,-3.087067,12.724467,-2.457260,-1242.264959,-2.279828,331.133348,224.053745,3.583235,0.134134,-1.064914
193,1796,187.932693,-0.767390,-3.932840,-77.873486,-3.413718,-742.210011,-2.341945,335.915552,110.288499,3.573584,-0.098270,-3.916501
193,1797,172.837335,-0.547581,-1.951966,313.872159,-3.835395,-664.677025,-0.899475,239.214375,204.340739,4.896459,0.068178,0.377334
193,1798,133.718649,0.117908,-3.287896,308.408602,-2.073101,750.207058,-2.257014,155.094763,214.657245,4.910138,0.959004,0.380171
193,1799,229.475138,-0.909671,-3.894480,227.810027,-3.466274,-641.388481,-2.935275,402.242555,268.123168,4.740108,-0.414433,-0.546412
193,1800,240.050078,-0.279898,-2.650444,-68.538394,-4.222074,-264.998813,-1.124141,331.041419,3.846726,4.588480,0.331182,-2.165439
193,1801,227.079839,-0.831139,-3.161102,-56.687984,-3.695160,-670.170501,-0.385009,373.786317,22.137574,4.408183,1.093000,0.315622
194,1802,1.029186,-0.524180,-2.254644,0.491643,-1.300691,-0.757806,-3.000601,1.678014,0.531231,3.574587,0.911853,-2.160572
194,1803,1.675041,-2.357304,-2.196973,-0.488227,1.111294,-0.541914,-4.693469,2.410615,0.143459,3.745659,1.099309,0.253458
194,1804,2.471398,-1.774594,-3.893404,3.094518,-2.304821,-2.087085,-2.223910,1.996741,0.284916,3.408351,1.238147,-2.529506
194,1805,1.925824,-0.512305,-2.646141,-0.791783,-0.788470,-1.962691,-3.389385,0.667387,-0.437319,3.896415,0.420989,-0.601780
194,1806,1.966654,-2.505239,-0.324354,2.879160,-1.845245,-5.898112,-2.534279,3.313132,1.708559,2.831289,0.611108,-1.660862
194,1807,2.713543,-2.049752,-1.810879,0.947655,-0.512861,-2.538381,-3.279240,3.178540,0.102893,2.944025,1.615398,-2.625174
194,1808,2.422043,-3.601013,-1.237910,3.354493,-0.681960,-4.209593,-2.987600,2.407110,-1.443483,2.941761,0.706026,-0.673075
194,1809,2.614816,-2.753560,-2.707824,-0.795047,-1.626802,-1.870412,-0.889375,1.252484,0.458175,2.531016,1.513663,-0.255980
194,1810,3.049019,-3.031939,0.808425,1.127019,-0.569467,-4.097353,-1.937873,1.245446,0.455046,3.339279,1.525852,-0.812346
194,1811,2.144746,-2.570576,-2.883854,0.155268,-0.857936,-4.780682,-2.552160,2.685538,0.251276,2.498390,0.986788,-1.620087
195,1812,3.362052,-1.929171,-3.529420,-3.432778,0.191919,-2.019256,-3.928649,0.595905,-0.422280,2.831032,0.308412,-1.229268
195,1813,3.091661,-3.786046,-2.736952,-1.830708,-0.115024,-2.502599,-3.561401,1.967939,-0.341175,3.022251,1.926581,0.127490
195,1814,3.952631,-1.906414,-2.873858,1.452395,-1.924192,-3.988634,-2.414086,1.150050,0.720317,2.883668,0.884470,-2.110729
195,1815,1.275853,-2.728919,-2.050027,0.034178,-0.731949,-1.145380,-2.347167,1.808021,-0.009256,3.363342,1.177363,-1.383347
195,1816,2.015250,-2.373455,-1.720105,-1.915433,1.331510,-2.091967,-4.636220,2.212196,0.643570,2.588699,0.824842,0.794130
195,1817,2.599732,-2.850196,-2.391445,-2.842730,-2.805240,-4.366780,-3.108677,2.121216,0.430289,2.557552,2.197392,0.114292
195,1818,1.007190,-1.437704,-0.964790,-1.316920,-0.483136,-0.542591,-3.147234,2.375395,-0.395785,2.828985,1.462403,-0.094685
195,1819,4.725877,-0.614643,-1.641458,1.316070,-1.292007,-1.692299,-1.119816,3.029295,0.911073,3.940784,0.841376,-0.479130
195,1820,2.538584,-2.995384,-3.503390,-4.003497,-1.372241,-1.476472,-4.001295,2.594689,0.441689,3.604346,0.672401,-1.789993
195,1821,1.446529,-1.122378,-3.020361,1.506895,-0.814798,-0.936888,-2.135517,2.393574,0.334354,2.974577,1.101861,-1.671610
196,1822,0.912957,-2.185574,-2.347693,-1.891587,-0.005053,-2.731458,-1.786276,0.599418,1.032176,2.674237,1.201439,-4.217650
196,1823,4.915766,-1.217164,-1.615044,1.849279,-0.483674,-1.879201,-1.618707,1.673759,0.781357,2.972245,1.812643,-0.522663
196,1824,3.158489,-1.803625,-3.180383,-0.172849,-1.717755,-3.463263,-3.922710,3.938348,0.478168,2.606010,2.076490,-0.788982
196,1825,2.862117,-1.421342,-2.815415,-0.639438,-1.320878,-1.364105,-2.214614,2.135154,0.379245,3.499623,2.549194,-1.915415
196,1826,3.719133,-1.236870,-1.116076,2.651147,-0.631137,-3.853816,-1.556855,2.000000,-0.096130,3.757615,1.529106,-0.366053
196,1827,1.895692,-0.948461,-1.875082,1.092718,-1.254399,-4.608908,-1.245123,2.513933,0.299652,2.953252,1.914925,0.313311
196,1828,3.557283,-2.120144,-3.546804,-0.054245,-1.838010,-2.315895,-2.643736,1.702096,0.265097,2.863317,1.381071,0.569839
196,1829,1.038303,-2.712437,-3.146664,0.785610,-0.543537,-3.715861,-5.468586,1.204933,0.692964,3.750846,1.006091,-2.513826
196,1830,3.087355,-2.025925,-1.666530,-1.243241,-0.634491,-0.013978,-2.807594,2.580393,0.123525,2.673722,0.726551,-0.053199
196,1831,2.468839,-2.525625,-3.068463,1.245512,0.175333,-4.163556,-2.659031,0.706474,0.195388,3.309919,1.362991,0.954628
197,1832,0.641028,-2.321782,-2.654760,-1.915636,-2.474234,-5.653965,-2.125834,0.102542,0.352340,3.220823,1.516727,-1.507100
197,1833,2.727558,-0.452070,-2.758181,2.849547,-1.814875,-0.491237,2.208491,1.342082,0.147117,3.003747,0.474729,0.956794
197,1834,2.077531,-1.737966,-3.097403,0.576437,-2.371651,-3.558054,2.293748,1.967007,0.204210,2.649695,0.474748,0.351356
197,1835,3.623348,-1.227944,-1.629884,2.098926,-1.850366,-3.871554,-3.853104,1.752594,0.540793,3.970038,0.775635,-0.390259
197,1836,3.049122,-1.226057,-2.245509,1.401399,-1.556589,-3.198148,-1.642723,1.482630,0.148171,1.626487,0.627241,-0.852930
197,1837,1.952811,-1.517612,-1.700314,2.407465,-1.893059,-5.687971,-0.586793,3.171607,-0.208033,3.083513,0.665707,-0.905781
197,1838,1.125334,-1.428615,-3.102040,-1.621930,-0.427297,-0.217158,-0.794264,1.709174,-0.249841,2.714056,1.149617,0.420991
197,1839,2.298134,-1.672342,-1.061285,0.645217,-0.747898,-2.554874,-3.116282,1.031131,0.666412,2.107487,0.061505,-1.459172
197,1840,3.242732,-1.782610,-1.218068,3.411059,0.321699,0.355067,0.896631,2.768816,0.097887,3.256733,1.434721,-1.024496
197,1841,3.615334,-1.779004,-0.500803,-1.570684,-0.161771,-3.560457,-2.772563,1.928856,-0.009658,3.890801,1.062160,-2.460600
198,1842,3.332408,-1.639913,-1.240940,2.689451,-0.679390,-1.096339,-1.744207,2.007748,1.340975,2.985111,0.564227,-3.579215
198,1843,2.525731,0.529213,-2.651933,-0.656444,0.300266,-4.107878,-1.382669,0.569757,1.016698,3.549115,0.567258,-0.730467
198,1844,1.628578,-2.654828,-2.300178,1.137830,-1.259902,-1.463059,-2.217176,1.091768,1.418637,3.884879,-0.006994,-0.214887
198,1845,2.017066,-0.876828,-1.252137,0.749048,-0.186246,-3.997310,-2.539657,1.641120,0.932269,2.756795,1.061212,-1.573542
198,1846,0.474982,-3.610067,-2.398510,-0.761277,-0.064320,-2.077297,-0.336382,2.568504,0.707741,2.998581,0.718203,-2.720333
198,1847,2.851669,-2.746552,-3.005046,-0.919183,-0.337420,-4.411615,-0.062120,2.194162,-0.153383,4.467061,1.672760,-2.244834
198,1848,3.486124,-2.084923,-1.661543,-2.250639,-1.286530,-3.262306,-0.623256,1.138058,0.904093,3.179697,1.032069,0.296679
199,1849,138.813565,-0.741602,-2.510561,70.262360,-3.575137,-672.906275,-2.968409,272.656042,-51.366159,4.103798,0.872415,1.516107
199,1850,142.815533,0.113475,-2.371690,408.906038,-4.113007,-342.180749,-2.537513,166.451674,248.803021,5.480077,1.520491,-0.953640
199,1851,119.619927,-0.345893,-2.504141,-166.309495,-3.696152,-344.690486,-0.236206,289.227830,76.216410,4.111912,1.599394,-2.091686
199,1852,69.325027,-0.361403,-2.978581,67.790734,-3.907304,-628.665531,-1.755799,301.902369,33.258118,4.305020,0.718532,0.667337
199,1853,209.412828,-0.037853,-2.977131,-7.193264,-2.615293,-202.473486,-3.888752,286.027933,62.764788,4.204177,0.188726,-2.396192
199,1854,134.811490,0.444051,-2.907795,275.578470,-5.150302,-73.016815,-0.676788,354.715841,116.310601,4.634637,0.870029,-1.618726
199,1855,218.250663,-0.460238,-3.534676,193.458989,-2.581278,-604.793404,-1.597699,130.106678,141.379001,3.391003,1.207543,-0.847419
199,1856,284.821153,-0.347845,-4.406164,-159.249851,-2.226434,-1516.721804,-3.762390,83.045148,91.989912,4.744706,0.805057,2.118128
199,1857,230.087878,-0.089069,-3.157799,125.927765,-4.132801,-495.276115,-3.141048,155.528679,330.544562,3.512314,0.891470,-3.788127
199,1858,99.080494,-2.115500,-1.909105,-158.143691,-3.793944,-874.312678,-2.622747,272.543999,9.864280,3.922213,1.697504,0.479095
200,1859,202.021342,-1.311469,-2.799058,-39.247632,-4.056423,214.093193,-3.463300,401.109114,52.575852,4.782860,0.572366,-0.030075
200,1860,238.152547,-1.145834,-4.086793,10.632913,-2.709623,-1010.373471,-3.307461,414.467757,20.610455,3.622536,0.445618,-1.658561
200,1861,192.490693,-0.047423,-2.656449,244.239834,-4.229780,-699.487209,0.248155,290.666182,-118.515114,5.158009,0.311216,0.275448
200,1862,98.799274,-0.382004,-3.445695,271.440494,-2.550834,-991.054115,-3.637990,125.423297,-181.374288,4.933067,0.181147,-0.734166
200,1863,223.606935,0.613781,-2.807932,138.230881,-2.975306,-1792.789625,-0.968123,195.462100,-27.086262,5.415655,0.376940,1.292547
200,1864,274.907464,-0.472812,-2.176184,-146.374589,-2.440908,-289.633062,-2.339756,393.936106,-48.509503,4.681478,0.830204,-0.445985
200,1865,100.903696,-0.122114,-0.970386,277.043045,-3.193104,-575.336354,-1.672929,431.184376,290.788768,3.564176,1.048017,-0.313833
200,1866,135.169035,-0.628246,-2.691211,303.389731,-2.294123,-117.407728,-2.420696,243.042577,219.108560,4.544444,1.299663,0.420583
200,1867,182.069207,0.369677,-1.924463,-144.444861,-2.409834,-1567.324901,-0.986583,205.381484,-49.598520,3.435994,1.191922,2.294863
200,1868,95.760583,0.964967,-1.572731,207.802165,-3.147281,-953.980426,-3.691081,388.442310,-44.918931,6.193410,1.769469,1.958663
201,1869,0.401565,-1.560569,-1.574950,0.826414,-0.428098,-3.486424,-2.948253,2.785812,0.373371,2.611703,1.556127,-0.730199
201,1870,2.913249,-2.159067,-3.476927,-1.353921,0.899454,-6.457517,-0.049261,1.917969,0.466669,3.243229,1.695517,-2.413054
201,1871,3.141265,-2.658775,-2.728335,3.875813,0.211455,-1.146964,-3.324181,1.696831,0.578299,3.538079,1.590196,-1.170810
201,1872,1.900898,-2.332458,-1.653732,-0.559303,-1.029862,-2.080276,-0.729853,2.327246,0.770918,2.808188,0.714732,-1.537864
201,1873,2.756465,-1.963870,-1.631401,-0.321756,-0.705347,-0.846330,-1.499780,2.782186,1.066050,2.583140,1.670090,0.674204
201,1874,0.889446,-1.397805,-2.834016,2.249181,-0.742196,0.540406,-2.587653,0.460141,0.083407,3.343030,1.018828,-1.342721
201,1875,3.352690,-2.944848,-2.071132,2.541593,-1.210322,-3.762917,-1.026736,1.451677,0.452993,3.550156,1.283523,0.727889
201,1876,0.761464,-2.279431,-1.018765,0.401513,-2.754877,-6.596343,-2.840763,2.608654,1.362371,3.142772,0.226923,0.066457
201,1877,1.139838,-0.904377,-3.728273,0.430744,-0.201880,-3.870074,-3.095599,2.660597,0.537179,2.687175,1.885151,-1.807296
201,1878,3.558082,-1.431900,-2.311410,-2.096686,-1.307813,-0.477469,-3.215874,2.095873,-0.279152,3.109361,1.547748,-1.316070
202,1879,2.576924,-2.559415,-3.533830,-0.532349,-0.731552,0.159999,-0.531581,3.691424,-0.319669,3.111184,0.277223,0.118228
202,1880,3.555660,-2.641419,-1.645911,-1.614468,-1.149351,-2.117976,-3.281253,1.646666,0.910126,3.352497,0.787759,-3.085494
202,1881,1.603944,-2.363382,-3.119845,-0.020501,0.234091,-2.095712,-0.497152,3.138711,0.640535,2.685920,1.078718,-2.226550
202,1882,1.360491,-1.504549,-0.586177,2.745701,-0.793854,-1.950121,-1.926196,1.636940,-0.045291,2.607076,1.446118,-1.853091
202,1883,1.450023,-2.429266,-1.537779,0.619758,-1.028798,0.333653,-2.834494,2.481398,0.111522,3.247083,1.139905,-2.707521
202,1884,2.678315,-2.811293,-1.740581,0.153942,-0.442706,-0.292028,-4.061214,1.042558,0.062493,3.173657,1.157624,-0.587947
202,1885,2.272756,-1.105695,-2.623846,1.495880,0.930383,-2.819108,-2.464555,3.034089,-0.691590,3.197643,0.914244,-0.370874
202,1886,3.806033,-3.190741,-2.374444,3.585463,0.617774,-2.980352,-3.411735,2.355556,0.598539,3.465116,1.301244,-2.093484
202,1887,4.280706,-0.738249,-1.585916,0.489261,-0.715665,-4.343775,-1.391326,2.951953,0.863572,3.544780,0.333759,-0.194775
202,1888,2.456592,-2.056716,-3.518645,-1.656706,0.230408,-0.616608,-0.434008,1.537276,-0.148100,3.351202,1.277900,-1.354986
203,1889,1.845677,-2.460994,-2.334170,0.694095,-2.470957,-3.931378,-1.575621,2.477931,-0.090263,3.219727,1.368387,-0.321076
203,1890,3.701784,-1.693708,-2.910577,0.112780,-0.588851,-2.293200,-0.614118,1.619307,1.251465,3.154926,1.177223,-3.170416
203,1891,2.290274,-2.251597,-2.779511,-0.126604,-1.953018,-4.367658,-1.883031,1.801966,-0.618239,1.279877,1.498489,-2.535587
203,1892,2.975215,-2.385013,-3.173697,0.271711,-2.191908,-3.512855,-1.479881,1.880730,0.955457,1.521329,-0.029913,-1.011422
203,1893,3.976472,-1.149429,-1.888965,-0.465881,-2.284959,-2.668291,-2.799069,3.861242,0.918663,3.678845,1.717230,-0.335054
203,1894,2.124495,-2.701880,-0.363353,0.129296,-0.719007,-4.152866,0.053748,3.582399,1.156391,2.348223,0.683527,0.459039
203,1895,0.959869,-0.657130,-1.391554,1.145799,-0.480159,-4.030640,-2.121807,2.294110,0.881380,2.515797,2.381170,-1.818330
203,1896,2.289221,-1.022378,-0.941605,-0.157385,0.027882,-3.902660,-3.767073,2.506802,1.207519,1.687111,1.027877,-1.140437
203,1897,1.965400,-3.045736,-0.435617,1.586259,-0.233744,-1.621453,0.944942,2.896459,1.649874,3.847246,-0.211661,0.778274
203,1898,1.882253,-2.572198,-2.403843,0.863327,-2.802295,-3.358999,-3.348598,1.687111,0.402788,3.158818,1.400918,-2.069758
204,1899,3.186435,-2.269938,-1.565027,-0.106905,-1.665139,-5.201304,-3.243529,3.099877,0.108440,2.798461,0.965967,-3.928613
204,1900,2.973024,-0.375111,-2.742003,0.963359,-1.656086,-1.543681,-1.828854,2.262937,0.359387,2.389717,1.048616,-0.046718
204,1901,2.217012,-2.200119,-1.674729,-1.424786,0.166705,-3.659094,-2.299591,1.552777,0.907111,3.192516,1.232331,-1.193864
204,1902,0.894668,-2.940269,-1.895770,1.020577,-1.282448,-2.555283,-3.449571,3.041107,1.086267,3.465363,1.324393,-0.574401
204,1903,4.025134,-2.122814,-0.486755,4.724548,-2.295456,-4.479725,-3.298412,1.993663,0.143237,2.878105,1.886586,-0.592143
204,1904,1.697263,-2.849972,-0.896181,2.383961,-0.522816,-2.036589,-1.396594,2.847705,0.935506,2.864706,0.017382,-1.275016
204,1905,2.698628,-1.981141,-1.297674,1.351072,-0.687231,-3.554533,0.254593,0.505159,0.925102,3.614374,0.364705,1.020224
204,1906,3.112585,-2.984695,-2.118235,0.860894,0.275687,-3.267232,0.097619,2.602684,0.816345,2.908703,1.589285,0.614082
204,1907,2.547841,-1.149231,-3.595002,2.942696,-1.010636,-0.171561,-1.348078,0.715251,0.053298,2.998799,0.425405,-1.106834
204,1908,1.335478,-2.111970,-3.017083,-0.791358,-1.115731,-2.227972,-3.450625,2.477654,0.064666,2.559169,0.486194,-0.635962
205,1909,1.191026,-2.058526,-4.298068,1.376904,-2.496835,-1.257115,-0.802996,2.235540,0.963912,2.288442,1.089238,0.259115
205,1910,1.529902,-2.609717,-3.054596,-3.732371,-0.355981,-6.932680,-0.648589,2.900722,0.596845,3.162890,1.536788,-0.042310
205,1911,3.343908,-2.538961,-1.499798,1.513609,-1.430742,-3.805810,-2.609496,1.897669,0.036792,3.268702,2.061580,-0.494481
205,1912,3.919946,-1.795094,-3.120220,-1.597996,0.275883,-3.541258,-3.167041,1.445819,-0.138384,2.398236,1.476626,-1.796951
205,1913,1.585790,-1.914065,-2.662800,-0.545435,-1.702551,-4.819295,-0.177256,0.876974,0.371096,2.206468,1.953539,-0.657980
205,1914,1.164914,-2.292288,-3.151765,3.369707,-0.760536,-2.988650,-2.763352,1.956281,0.594730,2.864139,1.021665,-3.368695
205,1915,1.587200,-2.966083,-1.920519,0.940558,-0.475026,-2.806739,-2.010182,1.912067,-0.364138,2.553969,0.445516,-1.108133
205,1916,2.664056,-2.771406,-1.775255,1.179656,-1.695929,-5.159330,-0.254889,2.058119,1.998825,3.722665,0.098279,-1.703043
205,1917,0.042864,-1.115151,-1.647410,-0.129472,-0.626980,-0.993707,-0.248943,1.062640,0.140194,2.677199,1.029655,-0.607809
205,1918,4.878424,-2.013307,-3.367351,2.298024,0.597429,-0.277244,-3.716605,2.102103,1.315117,3.284455,1.110566,-1.495244
206,1919,3.184574,-2.354073,-3.607176,-1.312994,-1.518145,-1.613322,-0.891866,2.025053,0.318472,3.643027,0.941384,-1.869639
206,1920,2.327459,-2.856965,-3.644965,3.082796,-1.645418,-1.299815,-3.730410,3.512005,1.248014,2.237149,0.084032,-0.551734
206,1921,4.368989,-2.713177,-2.282644,-0.250524,-0.848802,-1.903592,-2.716095,1.616812,1.131981,3.000519,0.756302,-2.850147
206,1922,2.985073,-1.731442,-1.008424,-1.493466,-1.063984,-3.266447,-1.777976,1.864812,0.807613,3.558076,1.520310,-0.594225
206,1923,3.384566,-2.573492,-1.382740,1.286468,-0.278827,-3.759749,-0.596581,1.118746,0.459547,3.477810,0.138195,-1.290022
206,1924,2.557742,-1.517613,-3.400422,3.127637,-1.448630,-2.186605,-3.692475,3.020441,-0.092461,1.972581,-0.029654,0.195451
206,1925,1.044202,-0.619090,-2.003863,-1.238726,-0.930102,-2.080398,-4.844989,1.658071,0.690382,3.387234,0.249097,-2.237583
206,1926,2.887326,-1.694055,-2.067375,3.182089,-1.828968,0.480156,-1.716215,0.538407,0.333671,2.928924,0.489140,-2.267025
206,1927,1.661130,-1.491946,-2.310328,2.321300,-1.187936,-1.731300,-1.289110,2.444976,0.066014,2.746749,0.671312,-0.262488
206,1928,1.995290,-2.131453,-0.948203,-2.072521,-1.357596,-2.348413,-3.405308,1.842851,0.413439,2.595896,1.226513,-0.627764
207,1929,3.487792,-0.910218,-2.430177,2.564298,-2.057930,-4.544920,-1.557588,1.344796,0.258493,3.599072,0.404603,0.293887
207,1930,2.400639,-1.239705,0.085688,1.914494,-0.973474,-1.524334,-2.600438,2.734467,0.913287,1.917283,0.544113,-1.660141
207,1931,2.698974,-0.965348,-2.768349,0.025391,-0.151096,-5.219661,-2.360989,-0.303732,-0.367587,1.001833,0.545395,-2.293556
207,1932,1.509038,-1.370224,-3.348757,2.665940,-0.202671,-5.275052,-2.354018,2.924321,-0.578333,2.077802,0.703087,-0.760900
207,1933,-0.757736,-2.652396,-2.287763,2.642357,-1.074242,-1.718905,-2.929890,2.114656,0.236374,2.439884,0.840855,-1.501385
207,1934,3.716373,-1.780853,-3.907956,1.540799,-1.220962,-0.604953,-2.420160,2.513673,1.452095,2.665654,1.135384,-0.500633
207,1935,1.821977,-2.192770,-2.259556,5.474032,-1.424355,-0.998898,-1.225482,1.867118,0.593099,2.688301,0.794010,-1.212187
207,1936,-0.025859,-2.737935,-3.082435,2.020957,-0.499696,-1.409150,-2.432887,0.749691,0.456408,2.246408,2.257373,-2.375332
207,1937,1.635311,-2.656018,-1.437878,-3.083169,-0.948995,-1.228037,-1.875169,3.682289,1.221920,2.151078,1.573500,-0.006314
207,1938,2.681506,-1.695528,-2.691632,-1.233661,-0.663397,-3.491960,-0.450075,2.234179,0.420928,2.675071,1.031159,-0.227062
208,1939,159.741787,1.154580,-3.625342,-55.522719,-3.687116,-662.291857,-3.151593,191.701173,137.414551,4.542272,0.383680,-1.324771
208,1940,129.928016,-0.139511,-3.998487,166.498530,-3.709245,-6.974098,-3.353978,93.127503,145.062897,3.495937,0.537888,0.656771
208,1941,211.708100,1.052353,-4.905916,-237.493953,-3.366836,-786.236412,-2.368542,169.478810,206.936995,4.895504,0.593074,-1.495738
208,1942,241.889825,-1.560833,-3.389897,144.068696,-5.179208,-388.069062,-0.296186,307.091902,-188.147951,3.870628,0.587596,-1.659974
208,1943,172.619777,-0.438622,-4.560074,-255.160983,-2.939990,181.085484,-3.336180,111.395669,-41.960329,4.386885,0.289140,-0.196183
208,1944,246.149235,-0.752912,-3.324872,152.094910,-2.242492,-1130.247202,-1.946976,286.947160,252.700364,4.391090,0.080479,-0.042658
208,1945,193.178637,0.444944,-4.353400,180.930887,-4.209738,-1244.634742,-0.721427,292.165355,282.679596,4.396415,0.385320,-0.122434
208,1946,126.385722,0.730222,-2.280218,299.525004,-2.883937,-592.627285,-1.746973,237.510976,27.379940,3.606829,-0.138223,-0.838101
208,1947,192.297805,0.652823,-2.144923,507.263662,-4.177307,-608.155036,-3.393604,333.164576,-50.769929,4.106003,0.316249,-0.906201
208,1948,72.688149,0.114949,-2.777247,112.080768,-2.248092,-89.371611,-0.183280,206.586210,-0.490993,4.440015,-0.138357,-1.428920
209,1949,3.116678,-0.508863,-0.883646,3.601573,-1.719816,-0.402673,-0.849425,2.731516,0.272704,3.320153,1.390437,-2.577806
209,1950,2.728007,-2.391476,-1.814741,3.916314,-0.503211,-3.368923,-2.745888,0.620049,0.809994,3.729903,0.922916,-1.122913
209,1951,3.235861,-2.862166,-3.106726,0.667262,-1.564985,-3.714691,-2.127001,2.359273,0.497970,4.133175,1.748530,-3.122228
209,1952,2.260985,-1.895084,-2.090794,1.405242,-0.562467,-1.953293,-3.634306,2.405604,0.052579,2.813850,1.066765,-0.468610
209,1953,2.231864,-1.358376,-2.648298,-0.397948,-2.610060,-0.937758,-3.043807,2.406738,0.355958,3.073043,0.929609,-0.025698
209,1954,2.440314,-2.687981,-2.743674,-0.702565,0.196653,-3.983337,-1.172014,2.424887,0.539186,3.592058,0.649693,-1.568341
209,1955,4.492072,-1.092961,-2.946651,-0.180733,-0.443590,-3.363217,-0.651095,3.905664,0.988785,2.771153,1.041515,-1.269996
209,1956,1.206046,-2.781007,-0.854678,0.714155,-0.699839,-2.521847,-3.554921,2.870480,0.836536,3.202781,1.910033,-1.811152
209,1957,2.928104,-2.454907,-3.187456,0.375121,0.049480,-4.853273,-0.536392,1.422644,1.051028,2.636031,1.503923,-2.380020
209,1958,1.466615,-0.822580,-2.975657,0.129995,-2.216832,-4.063892,-3.605927,1.998116,0.225881,3.528639,1.188223,-0.586879
210,1959,1.467669,-2.409973,-3.931347,1.729016,-0.573390,0.317816,-3.709636,0.298153,0.317220,2.404423,0.360346,0.235286
210,1960,1.390772,-2.092473,-0.837275,2.789441,-1.076162,-2.696012,-4.015765,1.670746,0.213034,2.940778,1.596731,1.389690
210,1961,2.546903,-1.644198,-2.082419,0.491559,-0.639330,-0.710099,-1.618052,3.362623,0.672485,3.600553,-0.763201,0.197635
210,1962,2.283386,-1.517817,-1.925156,1.113774,-1.343001,0.957511,-0.553112,0.802869,0.206804,2.532907,1.341094,-0.142392
210,1963,3.253148,-2.433733,-0.419781,2.102546,1.007337,-4.079153,-2.035202,1.826796,0.093225,2.493064,1.937617,-0.119236
210,1964,1.239589,-1.590773,-2.234406,1.231106,-0.324823,-0.846477,-3.550654,0.583296,0.579378,3.482498,0.614082,0.526431
210,1965,2.571052,-1.188979,-2.058886,1.322625,-0.855286,-2.674128,-1.222776,1.761011,0.215987,3.228170,2.110944,-2.872720
211,1966,1.857617,-1.870436,-2.391273,-0.859799,-2.224812,-2.597903,-0.765941,1.735518,0.625856,3.402736,1.430386,-0.891891
211,1967,2.140336,-1.300128,-2.099594,1.248081,0.123407,-0.446411,-2.798717,2.151795,1.543841,3.518916,0.358760,-1.859617
211,1968,1.848475,-2.710649,-0.426346,-1.047722,-0.095987,0.523422,-1.822419,1.654454,0.610133,3.110811,0.648383,-3.106176
211,1969,0.753775,-3.520647,-2.210036,4.806480,-0.669485,-2.592951,-1.036153,2.006138,1.163425,2.567019,-0.309747,-0.902064
211,1970,2.560263,-2.178876,-2.919075,-1.228694,-0.515299,-0.407400,-3.225462,0.746449,0.296181,3.480952,1.358508,0.142016
211,1971,2.808297,-2.682097,-1.745035,2.978298,-1.261739,-1.339642,0.135908,4.053051,0.217074,2.574122,1.002462,-1.516928
211,1972,3.429295,-2.603439,-3.273820,-0.151378,-1.367825,-3.008868,2.805281,3.728536,0.800288,4.121420,0.579173,-1.542317
212,1973,211.737848,-0.419489,-4.775685,153.985194,-3.210119,-995.724857,-0.776362,329.410905,111.750457,3.519851,0.588661,-3.184700
212,1974,180.111008,-0.057462,-1.497620,475.689029,-2.034625,-527.252005,-1.673078,194.744931,199.632207,4.579204,1.655824,-0.877474
212,1975,269.520561,0.012644,-2.674601,69.217351,-3.864822,-1306.270423,-2.037208,360.533804,-29.990676,4.546356,1.518625,-0.250893
212,1976,130.711275,0.341561,-2.235725,-88.483844,-3.206105,-1101.309615,-1.161091,380.387432,158.289875,3.754826,-0.402599,-0.794577
212,1977,170.698422,-0.264061,-2.198157,-125.583990,-3.102900,-1335.372285,1.314668,230.238599,17.298942,3.879105,-0.310455,-0.987693
212,1978,216.660389,-0.357774,-2.005412,-8.450995,-1.983969,-922.341412,-1.883021,484.923613,384.666489,3.506489,-0.435964,-1.633687
212,1979,231.123649,-1.108781,-1.972699,297.813224,-3.657078,-603.009148,-1.549301,413.300690,71.092679,4.813759,-0.204077,-0.303267
212,1980,252.017265,-0.599596,-2.896872,8.172032,-2.230120,-700.184737,-2.197738,32.656716,233.929791,4.341336,1.126695,0.262124
212,1981,265.680418,-0.143451,-4.886590,349.059963,-2.744541,-18.086472,-4.683226,403.954218,113.806334,6.122551,0.456353,-0.504403
212,1982,130.387664,1.033976,-2.572190,207.962381,-2.389757,-772.655360,-2.216872,94.471379,-20.629427,4.826123,-0.358938,-0.780826
213,1983,2.389534,-2.743125,-0.575534,1.915275,0.425139,-3.737798,-1.037231,2.409864,0.227683,3.111965,1.203314,-0.116620
213,1984,3.419638,-2.782063,-1.754643,2.850036,-1.090485,-1.596890,-1.931688,1.120043,0.428002,2.419476,0.926251,-1.153071
213,1985,3.114326,-2.188013,-2.598180,-3.397530,-1.401180,-2.475380,-0.707148,1.692444,1.139953,2.747486,0.702372,1.331028
213,1986,2.410593,-3.260269,-2.049769,1.549344,0.309660,-6.515239,-3.275848,2.823980,0.214481,1.919665,0.708113,0.424107
213,1987,3.578212,-2.746853,-1.732946,3.068157,0.254368,-0.801463,0.058170,3.131617,0.787908,3.127575,0.790941,0.305848
213,1988,2.712819,-2.794311,-2.245677,-1.800468,-0.076649,-3.283875,0.122848,2.375971,0.460698,3.312422,0.602327,-0.795899
213,1989,1.834970,-2.115682,-2.082975,0.648973,-0.825822,-3.329111,-0.673120,1.235777,0.174236,2.156137,0.856053,-1.483959
213,1990,0.723070,-2.575976,-1.846390,3.329526,-0.894699,-3.391246,-1.982862,1.476251,-0.640939,2.734110,0.804137,0.393263
213,1991,3.973301,-1.788411,-1.396622,-0.317283,-0.717621,-1.558665,-2.742766,3.126200,0.104306,2.547492,1.179463,-2.363049
213,1992,1.511333,-2.218021,-2.755278,-1.669265,0.303301,-1.323562,-1.934116,1.625090,2.064201,2.517627,1.616393,0.149519
214,1993,2.464067,-1.187256,-2.546314,-1.370728,-0.803832,-2.714067,-1.961464,2.413526,0.939512,3.699788,0.412037,-1.820089
214,1994,2.433374,-2.675017,-2.394640,1.129897,0.273075,-1.132389,-1.235492,2.615345,0.270976,2.326043,1.213020,-1.324130
214,1995,3.332318,-2.551257,-2.000795,0.468553,-0.509146,-3.465765,-1.298650,3.337943,-0.721272,3.823323,1.695029,-2.986304
214,1996,4.690028,-2.595018,-3.422671,1.685034,0.083332,-1.984291,-3.750249,2.080432,1.606631,2.924640,0.834801,-0.799247
214,1997,2.999238,-1.895469,-1.633044,-0.363735,0.001429,-3.475379,-3.023174,3.491150,-0.179379,1.743189,0.782738,-0.212203
214,1998,2.031557,-1.399693,-0.956954,1.653025,-1.039981,-1.842963,-4.065912,2.799434,0.444745,2.285901,1.223267,-0.131029
214,1999,2.706013,-1.701041,-1.969204,1.366065,-0.443996,0.690659,-0.940254,2.622388,0.402290,2.477393,1.425663,-1.635820
214,2000,1.885136,-2.575141,-1.074036,2.430255,-0.854708,-1.314453,-5.534733,2.313303,1.237066,2.671273,0.834422,0.699991
214,2001,2.711711,-2.788031,-2.931563,-1.770533,-2.087518,1.318397,-1.966639,3.090476,0.254389,3.037465,1.728857,-0.579614
214,2002,1.904573,-1.865805,-2.604623,0.639832,0.091106,-3.929312,-1.653861,2.303567,1.112373,3.405617,0.846281,-0.714396
215,2003,159.490115,0.088599,-4.261618,410.953413,-3.196041,-961.665325,-2.335730,286.335096,156.428935,5.319565,0.312436,0.312319
215,2004,155.556729,1.474550,-4.048088,271.826229,-3.912129,-510.219816,0.120254,266.255293,311.839756,3.569289,0.518497,0.617076
215,2005,225.342301,0.137785,-2.068144,164.271270,-3.223974,-284.893882,-3.504973,268.559862,204.049769,2.996488,0.390414,1.367508
215,2006,128.534479,0.449087,-3.418133,127.965183,-3.485560,-1038.747704,-1.026601,291.868296,235.697472,3.746388,-0.035931,0.606277
215,2007,135.285812,-0.315402,-4.440262,370.775335,-3.543594,-865.252705,-1.846198,286.647722,116.007791,4.400415,0.513253,1.872025
215,2008,233.488819,-0.102594,-3.488140,455.516012,-2.241903,-101.290833,-1.014796,258.451030,51.005754,3.507557,1.031451,1.470665
215,2009,208.323430,-0.269042,-2.137639,368.965536,-1.960661,-346.039919,-0.545178,256.125042,52.641507,4.987678,0.920772,-0.181791
215,2010,151.067197,-0.532224,-2.725694,345.586239,-2.106673,-708.699581,-0.050413,354.035492,180.968878,4.030086,0.245679,1.581441
215,2011,237.491913,-0.687412,-3.308110,202.381519,-3.130636,-888.087252,-2.155640,239.764028,79.216898,3.637755,-0.014486,0.419478
215,2012,233.917048,-1.287792,-2.151868,-281.482107,-2.625733,-769.496602,-2.609339,374.682627,-49.102039,3.861749,0.700983,0.186096
216,2013,130.917220,0.333547,-4.047375,-282.062381,-2.218168,-576.889073,-3.010287,243.961006,-50.118233,3.785113,2.307737,-0.062452
216,2014,78.771766,-0.819484,-3.453577,-310.559498,-4.625272,-409.574009,-1.184475,190.112676,267.155225,4.548204,1.502353,0.429096
216,2015,261.198566,-0.918729,-2.304859,-181.560333,-3.746194,-545.378729,-2.733587,220.519197,121.680003,3.888001,0.644967,-0.094378
216,2016,211.444767,1.126540,-3.507301,26.424383,-4.003458,316.891733,-4.313532,311.577829,222.164132,5.133090,1.165245,-1.369475
216,2017,226.744831,0.736833,-4.259499,-68.536329,-3.596540,-882.873181,-2.052424,531.756702,83.449907,4.260275,0.854854,0.628398
216,2018,145.806101,-0.648001,-2.506908,-46.676602,-3.296774,-920.718024,-2.822878,251.353066,59.183876,3.580800,1.447668,1.141189
216,2019,105.169693,-0.268353,-3.577181,367.052525,-3.025714,-676.558846,-3.220693,410.835332,32.854956,4.172451,0.389804,0.366415
216,2020,103.096300,-0.552165,-2.561348,90.548756,-3.243257,234.381936,-0.744976,291.707098,-157.539550,5.360445,-0.051660,-0.981199
216,2021,152.961760,-1.435640,-2.467012,-79.091028,-4.189072,509.575493,-2.489787,43.761761,100.082757,4.806237,2.196519,-0.153449
216,2022,165.903710,0.063034,-5.010530,0.822938,-4.029778,-605.323686,-2.930266,264.864897,-24.986404,3.435507,0.290761,0.019579
217,2023,3.720189,-2.287888,-2.838534,-0.282695,0.357112,-7.012944,-1.338445,2.072244,1.187549,2.409526,0.514407,-1.047118
217,2024,3.387507,-2.425405,-2.968803,0.959104,-0.013351,-2.493105,-3.417208,2.233591,0.812380,3.292674,1.198740,-0.918464
217,2025,3.268809,-2.378191,-0.247405,0.990153,-0.193344,-0.158120,0.006971,1.889782,0.870205,3.032105,1.098316,-0.772888
217,2026,1.859799,-1.192757,-3.946965,-0.578479,-1.080051,-2.781712,-3.257017,0.905413,0.594813,3.175223,1.961650,-1.838189
217,2027,1.056572,-2.487825,-2.118280,0.000413,-1.078755,-2.744185,-2.665155,1.171279,0.030242,3.358817,1.752873,-2.440996
217,2028,2.363672,-2.191999,-4.544992,-1.181273,-1.563830,-4.790991,-0.248798,2.350244,-0.980478,2.000659,1.307347,-1.434909
217,2029,2.362418,-2.258623,-1.034043,3.099164,-1.337892,-2.076227,-1.496429,2.688685,0.386911,3.317174,1.808383,-1.548271
217,2030,1.720476,-2.302318,-2.758459,1.279994,-0.532229,-2.598774,-1.279545,1.532293,0.712087,3.618044,2.382881,-0.823542
217,2031,2.384066,-1.633257,-2.994749,-0.735726,0.024829,-2.182515,-0.048814,1.738020,1.401647,2.421545,1.041927,-1.971504
217,2032,3.941699,-2.023972,-1.828985,2.529315,0.986741,-0.460755,-2.254183,3.321859,1.486161,4.007522,0.065050,-0.608372
218,2033,5.327866,-3.090508,-2.905906,-0.931199,-1.536942,-2.197137,-0.997656,3.087907,0.797054,2.022230,1.557468,-2.507709
218,2034,1.497855,-1.876263,-1.935177,-0.074861,-0.506530,-3.368081,-0.293471,1.874230,0.951222,2.428555,1.167327,-1.774059
218,2035,3.049036,-1.368998,-2.993608,0.288208,-1.715812,-1.266564,-3.285954,2.446542,0.726260,3.587213,0.352320,-1.303242
218,2036,1.199991,-1.493020,-1.155986,1.778283,-0.733025,-0.195085,-0.992884,1.610912,0.188618,2.629913,2.098745,0.622843
218,2037,1.675959,-1.609865,-2.495453,-0.963102,0.052614,-1.723941,-1.841360,2.688078,0.699230,1.876882,0.924776,-1.106484
218,2038,2.137129,-2.398384,-0.741748,-0.728877,-1.072893,-2.866226,-3.475076,2.438723,0.857172,2.945436,2.340462,-0.534494
218,2039,0.341641,-1.878690,-4.010640,1.744952,-0.356666,-3.352080,-1.545319,1.788836,1.005801,2.995217,1.750152,-1.615789
219,2040,264.144508,0.767123,-1.510679,-155.479680,-4.082746,-294.066130,-4.488369,391.206840,119.713778,5.448161,0.813657,1.139549
219,2041,192.210382,-0.385970,-2.869812,-3.710919,-3.542340,-1269.150510,-2.103762,346.459526,77.434387,5.216584,0.694148,-0.006441
219,2042,172.280316,-0.796590,-2.765749,-8.654323,-2.153580,-1042.535826,-2.730552,92.858561,362.847092,3.155999,0.735867,0.944211
219,2043,61.880163,0.425751,-1.377455,9.769090,-4.890170,-172.158928,-3.236105,254.718332,7.791383,5.405019,0.807629,-0.431361
219,2044,170.624119,-0.550423,-3.268738,-166.504214,-3.680976,-880.667747,-1.466120,211.163974,135.307246,2.967828,-0.038963,0.822679
219,2045,49.873165,0.786020,-2.073647,612.019691,-0.695823,22.894769,-2.383276,278.174844,126.272258,4.158925,1.571679,1.180502
219,2046,73.099215,0.587547,-1.961881,134.529502,-2.234367,-653.749180,-2.600652,402.233552,-102.536416,4.018920,0.216257,-1.339489
220,2047,2.916086,-2.944263,-0.944317,-2.191462,0.081548,-4.553812,-2.757169,1.460577,0.656592,2.673229,0.423610,-3.345856
220,2048,4.115588,-2.434468,-2.140444,2.014194,-0.340529,-2.551051,-3.223456,1.338524,0.319250,2.615825,1.100454,0.132328
220,2049,1.786404,-3.282070,-1.938412,1.940360,0.167893,-1.726070,-2.107430,2.110318,-0.407187,4.225033,0.924475,-1.489744
220,2050,3.402677,-2.992603,-3.037840,-1.137401,-0.456635,-4.805354,-3.360246,1.785929,0.992272,3.548272,0.925428,-0.570305
220,2051,1.981095,-1.803563,-2.352678,-0.337566,-0.246202,-2.401604,-1.743714,2.950963,0.251728,3.924403,0.637830,-0.759694
220,2052,3.482062,-2.982513,-0.881443,-1.971267,-0.541450,-3.370449,-1.167077,3.290706,-0.290656,2.894134,0.871206,-0.711494
220,2053,2.192589,-3.037031,-0.605183,0.719318,-1.399488,-2.656495,0.101835,1.077293,-0.053232,2.277312,1.360864,-0.280175
221,2054,3.077177,-1.280688,-3.566552,2.958014,-2.265992,-0.438423,-2.810952,2.258540,0.098805,3.348914,1.351799,-1.289422
221,2055,1.097690,-1.903104,-2.039880,2.457724,-0.616397,0.907134,-2.870874,2.193217,0.287162,3.324836,1.698118,-1.944127
221,2056,3.216623,-2.064876,-2.243618,-0.047899,-0.441819,-4.158861,-2.500999,3.019252,1.501678,1.970085,1.132614,-2.423058
221,2057,0.814127,-2.208238,-3.489829,2.671265,-1.590686,-0.213491,-1.021703,2.783802,0.195393,2.633933,0.369480,-1.051817
221,2058,0.773349,-1.733405,-2.979035,2.933451,-1.748240,-4.565466,-2.535021,2.959025,1.343954,3.225741,0.705956,-0.979481
221,2059,2.166094,-1.483803,0.631189,-0.566624,-1.305996,-1.099224,-2.642194,1.606705,-0.108142,2.689780,0.562930,-0.311138
221,2060,3.154674,-1.505266,-1.167092,0.927621,-0.099531,-2.761452,-3.065857,1.381792,-0.374929,2.559377,0.386840,0.458276
222,2061,170.368881,0.324585,-1.492379,293.949990,-4.575359,-1320.242499,-3.230352,84.718372,1.665801,3.566648,0.583458,-1.294862
222,2062,197.550634,0.358865,-2.820723,-252.625335,-2.954362,-1081.223431,-4.059018,201.374852,281.702185,3.483624,1.229839,2.049262
222,2063,88.292012,1.545305,-3.454206,257.065589,-4.286867,-1148.324967,-2.994799,236.640514,237.746884,3.607606,0.709897,1.092979
222,2064,160.529272,0.129337,-3.722747,-394.049247,-2.709958,-134.644335,-3.492869,295.950909,22.320021,4.348780,0.453950,-0.458232
222,2065,171.811802,-0.038006,-1.439677,46.790489,-3.211887,-681.588258,-2.874447,5.939700,212.895979,3.584195,1.462119,-0.976383
222,2066,255.318943,0.975937,-3.086266,7.866424,-3.307405,-99.733400,-2.555947,345.172263,-9.833606,3.955139,0.025769,-3.022849
222,2067,220.942220,-0.906525,-4.959820,352.715382,-3.766861,-1561.474643,-1.920293,198.386472,61.501216,4.767838,0.250017,0.696840
222,2068,280.206961,-0.200535,-3.683686,-203.943283,-3.284612,-282.674416,-0.835000,223.602182,202.284911,4.812218,0.864238,-0.391925
222,2069,163.825882,1.302390,-2.982372,59.923073,-1.494111,-987.053320,-2.905731,390.088237,0.284379,5.016083,0.551117,0.643479
222,2070,45.255956,0.754169,-2.978497,469.111341,-3.822734,-370.414631,-3.595218,271.089684,104.687584,5.353714,-0.018754,-0.272027
223,2071,1.368128,-3.319995,-3.595821,-2.938856,0.043394,-1.848699,-4.103958,0.091114,0.450350,2.861453,2.107324,-0.817350
223,2072,3.170937,-2.012140,-1.152305,-1.635778,0.652685,-2.471076,-2.152637,1.934473,1.352430,3.595530,1.268977,-2.620545
223,2073,2.901154,-1.962557,-2.093005,1.046949,-1.044054,-3.310504,-0.180657,3.454997,0.086286,2.538448,0.364364,-1.914639
223,2074,2.238818,-1.651913,-0.441241,-1.608033,-0.952904,-1.042063,-1.155845,1.502236,0.905058,2.852493,1.423939,-1.071123
223,2075,3.399283,-3.351073,-1.510919,2.017120,-1.721640,-5.725986,-4.063519,3.170076,1.640415,2.558209,1.977322,-2.645293
223,2076,3.786114,-1.705057,-0.343351,1.060301,-1.046097,-0.526076,-3.986666,0.887843,1.237270,3.007107,1.065359,-5.167444
223,2077,3.431718,-2.923605,-0.013068,0.959860,-0.830895,-0.363255,-2.658387,2.219593,2.114024,3.164368,1.523906,-0.603432
223,2078,2.507851,-1.749014,-4.063323,-2.805146,-1.235430,-2.738089,-1.905701,1.970151,1.261061,2.370037,1.149363,-1.807843
223,2079,1.228053,-2.327768,-3.374297,-1.400977,-0.372515,-3.789085,-1.579988,1.636352,0.879909,2.277350,2.366007,-1.473029
223,2080,2.310432,-2.779520,-0.678962,-2.245438,-0.319131,-3.371881,-0.355577,0.970642,0.356448,2.406337,0.645080,-1.937917
224,2081,250.251330,-0.346869,-4.183893,4.214635,-3.712184,-982.433302,-2.957941,355.458279,-92.489032,5.374325,-0.562524,0.722634
224,2082,241.302122,-0.572637,-2.079584,-114.894336,-4.306971,-447.067533,-1.698253,245.642209,209.532653,3.672932,1.301430,-2.414449
224,2083,113.259123,0.799488,-3.485284,103.052890,-4.090275,-1125.133667,-1.249575,209.790336,205.684746,4.332226,0.844842,1.081197
224,2084,237.943846,0.259377,-0.824902,-126.379986,-2.512697,-699.788514,-1.477805,283.865596,18.905415,4.688562,0.512224,0.825500
224,2085,192.354650,-0.640410,-3.218245,-511.501142,-2.956059,-593.757807,-2.147128,173.337659,156.745238,3.220225,0.919963,-1.048745
224,2086,171.314478,-0.213908,-3.641976,210.880201,-2.556423,-906.016267,-1.988747,271.865724,107.801934,3.944777,-0.222863,-1.858701
224,2087,262.364434,-0.816391,-4.631316,-148.956967,-3.126654,54.194604,-2.013354,354.608259,146.689397,4.868933,0.960145,0.797583
224,2088,202.383953,-1.196343,-3.089165,510.641178,-4.448165,-1027.405982,-3.029515,271.669309,161.004206,4.501316,-0.092672,-0.495707
224,2089,84.838109,-0.865963,-3.411512,-123.296009,-3.829908,-273.311428,-2.899201,360.150913,-266.200260,3.936137,0.241168,0.145983
224,2090,46.294453,0.579994,-2.796380,464.073672,-2.870649,-938.058441,-3.290774,453.578047,21.993701,5.449571,1.067391,-1.079828
225,2091,165.276524,-0.607455,-3.113824,-177.123729,-3.038374,-917.607182,-3.044149,218.109085,-167.946339,4.657581,0.288458,0.036044
225,2092,203.699147,-0.701207,-2.470221,422.032235,-3.107391,-713.084327,-2.799008,214.367312,-173.038172,3.589863,1.018999,0.512601
225,2093,21.388252,-0.707644,-4.187137,98.591731,-3.518218,-533.793855,-1.861878,269.559961,54.523629,4.673320,0.441736,-2.143188
225,2094,229.792690,-0.795275,-4.260764,228.473359,-3.474747,-1181.890680,-2.271622,101.027394,56.797148,3.232449,1.564959,-1.026125
225,2095,240.650127,-0.421226,-1.615775,13.762724,-4.017563,-837.358505,-0.585817,317.252188,204.771959,5.002065,0.785552,-1.286440
225,2096,89.544067,0.026517,-2.789759,173.894714,-3.798003,-618.376463,-1.860258,289.346595,-50.912000,4.789065,0.625889,-0.659760
225,2097,131.798116,-0.364084,-2.364552,-211.043973,-3.721072,-287.975329,-1.706450,260.770125,101.413629,4.116422,0.546836,-0.389166
225,2098,-8.735716,-0.349359,-2.865192,45.120894,-3.460133,209.800396,-2.380072,142.866291,244.183818,3.703457,0.959581,1.022266
225,2099,83.298052,0.653755,-2.382032,199.346005,-3.102969,-256.987198,-3.285336,239.909813,78.198887,4.849173,0.693439,2.021985
225,2100,95.143958,-1.042842,-3.737213,-107.427484,-3.374340,-907.472593,-2.601724,89.852149,147.238294,3.701781,1.163546,1.435121
226,2101,3.261936,-1.200308,-1.241145,0.275012,-0.180488,-1.932074,-2.375949,1.730873,0.385379,3.778837,0.454828,0.633271
226,2102,2.517030,-0.697109,-1.127656,0.093263,-0.859103,-3.813663,-3.356836,2.264064,0.594307,3.581378,1.582476,-2.027865
226,2103,2.122716,-0.942711,-2.777419,1.478385,1.059833,-5.246341,-0.602446,2.778971,0.744179,3.038265,1.184339,-2.088170
226,2104,1.555485,-1.427604,-0.684005,0.116568,-0.239813,-2.742967,-2.846240,3.485938,0.600326,2.466965,1.151612,-3.501669
226,2105,1.642111,-2.009600,-1.588334,1.665166,-0.206923,-2.754053,-3.272609,1.297506,-0.106478,4.363689,0.486758,0.141281
226,2106,4.307867,-1.561879,-2.954077,1.276772,0.069909,-1.088343,-4.820138,1.962112,-0.242275,2.414127,1.413029,-0.545108
226,2107,2.312105,-2.714290,-2.905947,-0.916633,-0.243408,-1.543094,-4.863583,2.276189,-0.309124,2.846906,1.599112,-1.338866
226,2108,2.648410,-1.541179,-1.920550,2.806234,-1.374814,-2.003730,-2.817884,2.556372,0.956176,3.605586,1.652499,-1.897031
226,2109,2.951008,-1.274244,-1.498664,1.045006,0.811835,-3.666369,-2.955598,1.479632,0.574442,2.307950,1.172104,-0.644074
226,2110,5.237511,-2.200781,-2.617708,1.642884,0.267671,-3.288377,-3.319712,3.274167,0.501649,1.818490,0.471408,-1.272488
227,2111,1.962533,-2.001077,-1.175638,1.150158,-1.591781,-3.031863,-2.515261,1.526257,-0.065772,2.321338,1.410782,-2.320097
227,2112,2.526096,-1.498341,-1.170208,1.160476,0.010602,-3.229539,-1.677729,1.617558,1.535254,2.333299,1.251640,0.323232
227,2113,2.958261,-2.785371,0.049950,4.978287,-0.543100,-2.125975,-2.338118,2.033414,0.530047,1.834759,0.628086,-1.900150
227,2114,3.642198,-2.072227,-0.509218,0.862848,0.488922,-3.793991,-3.861451,2.319275,0.269318,3.471595,0.887910,-2.304316
227,2115,2.113300,-1.490666,-2.658238,-0.606226,-0.628022,-4.508057,-1.420539,1.727046,1.079499,1.276589,0.029827,-1.334598
227,2116,1.718486,-2.361972,-2.743920,2.326982,-1.599863,-1.219406,-2.340394,2.885769,-0.352116,2.566561,1.248705,-0.435197
227,2117,3.338396,-2.848370,-2.595777,1.177948,0.081693,-3.614669,-2.507602,3.517748,1.559320,3.731969,1.353242,0.457865
227,2118,2.121621,-2.095205,-4.285243,-0.432043,-2.938529,-2.450346,-1.763142,2.020601,1.282770,2.481861,0.874128,-1.743167
227,2119,1.536805,-2.547389,-3.014915,2.344312,0.686347,-3.702131,-1.226517,2.790035,1.569679,3.483569,0.918061,-1.724243
227,2120,2.013059,-1.638405,-1.832788,1.077656,-1.289335,-2.895985,-0.623968,2.253341,0.251573,2.000799,1.507363,-0.468236
228,2121,2.717428,-1.800341,-2.675821,-0.529356,-2.113159,-1.477665,-2.012761,1.857534,0.384557,3.063767,1.195282,0.801778
228,2122,2.941099,-1.836932,-1.581607,2.728277,-0.733163,-1.927795,-2.437164,2.690847,0.811001,3.405265,1.904024,-0.747287
228,2123,2.809882,-1.954371,-1.365095,0.669819,0.112182,-0.098423,-3.172678,3.439853,0.887509,1.743204,2.768559,-1.123859
228,2124,1.340510,-3.601098,-0.402145,1.569033,-1.004236,0.508419,-4.683586,2.103240,1.486571,3.899378,0.932347,-1.577480
228,2125,1.958961,-2.957566,-3.312749,0.896491,-2.119295,-2.450298,-3.526698,3.389989,1.666959,2.520774,2.024368,-1.111510
228,2126,3.052838,-2.338613,-2.530414,-5.193286,-0.317972,-4.617719,-3.803973,2.428926,0.515945,3.043574,0.971687,0.196730
228,2127,0.938152,-1.800409,-4.051403,0.189102,-0.689090,-7.612474,-3.035651,2.407196,1.074688,2.923328,0.012566,0.874355
228,2128,2.799095,-2.008536,-2.200360,2.121948,-1.952605,-2.532790,-2.354090,1.051934,0.258493,2.005696,1.297678,-3.156183
228,2129,2.710821,-1.343419,-4.393918,-1.853358,-0.433841,1.450713,-4.219374,1.212449,0.710119,2.970105,0.696340,-1.631884
228,2130,1.816178,-2.555714,-3.730600,1.027171,-0.905398,-0.978134,-2.825343,2.397780,0.895861,3.458928,0.059725,-0.162668
229,2131,182.768916,-0.672123,-2.980292,-570.096465,-2.542489,-1338.342676,-6.246930,104.485623,66.113969,2.822582,0.920036,-0.693884
229,2132,143.545579,0.653410,-3.179324,2.410106,-3.909610,-484.167084,-0.706385,401.814083,147.675111,4.713373,1.260994,0.680050
229,2133,148.167737,-0.926704,-2.125129,320.455210,-3.369636,-351.324249,-1.887959,247.408690,-162.744722,3.656460,1.015293,0.920379
229,2134,103.933219,-0.771325,-1.081979,134.971403,-3.085911,-575.018754,-0.228049,330.300641,-10.161084,4.355789,0.188811,-0.531693
229,2135,103.591720,-0.233649,-3.208968,1.903534,-2.563513,-674.902928,-2.623172,288.759776,74.611499,4.632947,0.988944,0.319594
229,2136,222.604656,-0.862291,-1.565880,-155.681698,-4.603231,-497.536229,-4.619085,502.755842,107.033785,4.026821,0.922893,-0.855100
229,2137,100.875634,-0.738299,-2.471774,253.657764,-3.081089,-167.092980,-2.154694,311.973221,-3.043739,3.788181,1.429352,-1.142180
229,2138,215.602957,0.596581,-0.832765,177.677532,-1.516365,-351.494727,-0.980350,403.808448,90.403471,4.734601,1.491914,0.259597
229,2139,10.998890,0.301255,-1.130856,154.377031,-2.194660,-547.635291,-4.019768,394.120074,343.294191,3.412179,0.947054,-0.674772
229,2140,62.378273,-0.622385,-3.268154,-79.225429,-2.732368,-452.901443,-2.875595,174.014217,151.551488,4.478633,0.660780,-1.823052
230,2141,28.792124,0.665386,-2.100316,196.018077,-3.173538,-566.728284,0.492819,351.639294,111.505682,3.935655,0.602008,0.366515
230,2142,176.086379,0.704994,-1.587966,-358.265388,-3.487848,-170.390826,-1.599589,341.554767,179.531458,3.242454,1.368576,-0.452180
230,2143,186.660860,0.970985,-3.430844,391.707169,-3.735026,-877.366507,-1.692012,191.712723,38.653807,3.110839,-0.641563,-1.097734
230,2144,157.114512,-1.037587,-4.604231,51.487443,-3.221358,-262.818288,-3.884389,258.755454,171.240982,3.611408,0.175365,0.207561
230,2145,76.257382,0.134846,-3.601092,-40.697577,-3.669791,-588.162680,-2.883670,261.411423,177.837598,4.329847,0.708643,-1.174595
230,2146,232.110234,-0.065920,-2.315293,-401.171688,-1.853243,95.652668,-0.129200,391.040400,246.050713,4.717821,1.183843,-0.795035
230,2147,106.723589,0.753257,-3.310360,-56.596655,-3.632377,60.702442,-1.986004,231.762989,124.436961,3.927516,1.081407,-0.328830
231,2148,3.773516,-2.328392,-3.417399,-1.224828,0.429648,-2.710653,-3.171293,1.597841,-0.437981,3.503482,0.900113,-0.897277
231,2149,3.477018,-1.990515,-4.758861,1.626104,-1.519876,-3.402801,-1.422405,2.429690,0.669445,3.988890,1.135149,-1.234766
231,2150,1.946620,-2.029181,-3.017449,1.525390,-1.409977,-2.698001,-2.188440,3.476382,1.166744,2.953260,-0.033161,-0.082708
231,2151,-0.853353,-1.922964,-2.506740,1.548296,-1.319783,-4.874405,-3.696232,3.040281,0.553031,3.137309,1.685978,-2.122062
231,2152,1.885759,-1.540089,-1.852399,-3.304447,-0.989409,0.323338,-3.385831,2.807683,1.363952,2.179464,1.389418,-2.146351
231,2153,2.712566,-2.692545,-2.925846,2.583115,-2.160683,-0.235636,-2.994125,1.955468,-0.298016,3.207364,0.859761,-2.238123
231,2154,2.433079,-1.838387,-2.840482,1.891868,-1.707759,-5.182759,-0.903624,1.802904,0.225545,3.504406,0.800884,0.527477
231,2155,4.214793,-1.382694,-3.935233,0.404983,-1.455021,-4.180110,-3.700666,2.544250,0.206436,2.763503,1.591575,0.340601
231,2156,3.077802,-1.792689,-1.061049,2.571981,-0.742590,-1.827289,-3.487330,1.494257,0.550454,3.335969,1.106552,0.722621
231,2157,2.568332,-1.076755,-3.111464,-0.338562,-1.321604,-0.747530,-3.076991,2.671672,-0.129704,1.171232,1.666406,-1.469677
232,2158,2.315725,-1.699607,-3.244896,1.540166,-0.111449,-4.606094,-1.804301,1.151036,-0.556297,2.867741,1.998451,-0.478877
232,2159,0.654584,-1.521518,-0.325971,0.762129,-1.336635,-1.713463,-2.617295,2.375168,-0.030189,2.901426,1.197442,-1.847042
232,2160,2.112539,-0.820917,-2.351680,0.033447,0.243682,-2.981385,-1.793387,1.372279,0.396414,2.253995,0.375244,-2.462766
232,2161,2.105136,-2.572557,-2.742612,1.009895,-1.552542,-4.772191,-1.416935,1.924142,0.795056,2.722259,1.205030,0.056885
232,2162,1.918729,-2.816195,-1.058777,1.171191,-0.460318,-3.409093,-0.454013,1.738058,-0.443688,3.697041,0.830970,-2.071797
232,2163,1.369349,-1.992915,-3.414494,0.824900,-2.052575,-3.426065,-1.665989,2.716073,1.214626,2.105211,1.315421,-0.736065
232,2164,2.591527,-0.732170,-0.998134,-0.078120,-0.370735,0.066988,-3.537596,2.759292,0.547560,3.310661,0.568336,0.441299
233,2165,61.928334,-0.582906,-3.022291,24.170056,-3.918037,-1406.713620,-1.814306,226.841990,79.032613,3.341335,1.216446,0.010190
233,2166,199.017887,-0.849737,-0.738953,222.562222,-3.775811,-1661.947308,-1.123711,364.522750,36.983600,3.538199,1.098357,1.492666
233,2167,110.027942,0.415847,-2.531973,-155.330810,-3.152446,-1114.924365,-1.804048,260.154266,-9.509781,5.401167,0.851680,1.178450
233,2168,137.386178,-0.473810,-1.994214,30.686661,-4.309825,-618.538098,0.122604,310.429986,-20.261600,4.069690,1.139068,-1.598648
233,2169,160.630924,0.218000,-2.355528,-53.403549,-3.545784,-1125.304980,-0.456116,215.848609,-26.783563,3.680724,1.095139,1.207387
233,2170,123.358625,-0.296453,-2.398207,-111.977588,-4.083880,-401.794141,-2.996823,408.337675,-2.157454,4.409341,0.210338,-0.451758
233,2171,111.164351,-0.039581,-4.221379,16.074231,-3.780076,316.101784,-4.370965,386.381353,-124.692199,3.391290,1.339486,1.063643
233,2172,91.450484,-0.597067,-3.902927,420.029730,-3.941761,-511.055364,-3.936162,298.152967,130.300837,3.737682,1.362360,-1.187049
233,2173,149.429288,-0.052192,-2.417108,289.874091,-2.781876,-551.340742,-2.514529,133.835030,222.673697,4.392514,0.301644,-0.848091
233,2174,152.000850,-0.416490,-2.205959,67.907915,-4.019397,-542.099540,0.200585,373.763057,-249.512505,3.904479,0.676011,-1.254802
234,2175,126.897142,-0.465203,-3.162283,354.366395,-3.302988,-750.328340,-3.324370,307.856736,-5.246627,4.618018,1.133504,-0.824167
234,2176,195.267853,-0.361835,-1.878555,275.991367,-2.797261,-602.208909,-1.691976,232.692827,-75.977808,4.368691,0.196061,-0.210516
234,2177,148.155981,-0.638387,-2.740534,-278.978618,-3.197146,-1362.246279,-0.675976,362.401335,-22.036985,3.890807,0.819646,0.101376
234,2178,206.694712,-0.503677,-2.093957,261.987479,-2.619753,-860.375382,-2.328682,181.292615,62.622475,4.383833,1.350741,-0.979956
234,2179,114.856922,0.419657,-3.485891,-178.861455,-3.942476,-240.372460,-2.281312,246.289750,-0.292324,3.542987,0.048903,-0.279521
234,2180,346.612860,-0.188440,-3.297324,161.563924,-3.138031,-483.589494,-1.207051,281.900890,165.263810,4.076396,1.482304,1.182642
234,2181,199.926889,1.225923,-3.056649,315.955375,-4.319215,-604.369270,-2.069494,356.817048,-92.816384,4.085328,0.153294,-1.214854
234,2182,261.874870,-1.070378,-0.888346,-248.468680,-2.897070,-897.072810,-3.165686,288.262320,-99.515939,3.898074,0.741801,1.103660
234,2183,27.521949,0.226397,-3.673003,-311.687304,-3.390113,-611.604611,-2.308004,241.422812,91.357406,4.535781,-0.839694,0.117827
234,2184,171.964155,0.133324,-4.214977,-23.366776,-3.750654,-425.501982,-3.175770,347.541197,136.210633,4.608444,1.118891,-1.150851
235,2185,41.810968,-1.479048,-3.235948,318.695446,-2.996622,-192.702483,-3.772755,228.287240,416.079102,4.599191,1.151542,-0.409654
235,2186,193.358647,-0.167381,-0.479792,46.331182,-3.600014,-325.338963,-0.833360,135.542738,-75.331795,5.052100,0.316435,-0.888974
235,2187,186.137657,-0.065058,-2.615288,-83.438978,-2.150923,-232.049540,-4.068122,210.465106,300.662286,3.980047,1.973422,1.958430
235,2188,137.787134,-1.418147,-2.192009,-148.076486,-2.307795,-1113.977724,-0.396347,300.796281,-103.524824,5.017302,0.604967,0.181863
235,2189,118.308083,-1.216698,-3.501930,-280.146406,-3.024549,47.826114,-2.692424,264.896936,59.563042,3.957965,1.709475,-1.253426
235,2190,68.379978,-1.092605,-3.142982,-104.448452,-2.932523,-693.621992,-0.463227,213.842710,258.765601,4.024855,0.748483,1.184154
235,2191,245.783306,0.707017,-2.666975,310.810907,-3.255651,-21.085050,-1.103859,336.198775,-469.323828,3.395088,0.476616,-0.131730
235,2192,53.009465,0.251219,-2.809210,-175.527033,-2.831366,-735.769607,-1.221440,215.848097,135.150090,3.983265,0.770635,-0.554645
235,2193,261.287319,-0.664106,-1.822685,404.697361,-3.949530,-802.258138,-3.280016,191.369146,280.380325,4.744618,0.833817,0.505858
235,2194,185.584263,0.271759,-2.157605,45.156965,-3.439594,-254.231789,-3.131620,258.968485,124.771370,3.906616,1.239273,1.926240
236,2195,203.177881,-0.033410,-1.104423,24.591663,-2.338946,-625.782174,-1.807849,329.030861,94.980241,4.204379,0.804075,-1.567270
236,2196,44.984749,-1.649756,-1.629395,326.649738,-2.454433,-427.360272,-0.512375,166.197455,-17.119964,3.305667,0.195916,0.002262
236,2197,245.664728,-1.093070,-3.808731,-106.006105,-3.136899,-49.927068,-1.016630,203.691209,130.967026,5.465546,0.925391,-1.232283
236,2198,214.308876,0.572013,-0.838667,-34.788330,-4.047381,-366.022691,-2.153251,244.913674,189.963364,3.576952,2.340860,-1.135692
236,2199,166.872159,0.336585,-5.082774,174.053410,-2.302484,-235.663901,-3.344755,260.361315,112.057739,3.809639,1.582959,-0.767953
236,2200,202.847166,0.066006,-3.095251,350.418142,-3.384802,-1486.610451,-2.990545,173.088239,64.425367,4.134201,1.877240,2.007508
236,2201,131.758537,-0.730124,-2.668846,230.352613,-2.505986,84.605490,-2.144659,260.158487,103.894116,3.726782,1.617780,0.070750
236,2202,229.065349,-1.152709,-3.132163,339.964067,-3.298527,-836.489264,-2.408572,297.857018,240.488953,4.733671,1.080602,0.570588
236,2203,285.291565,-0.317390,-2.598386,128.034382,-3.754977,-399.815495,-0.740703,183.003914,16.403546,3.976820,0.237389,-0.792554
236,2204,208.393212,-0.460724,-1.438199,9.295519,-4.176985,-1924.946453,-3.642370,-164.547688,8.510682,3.410230,0.736093,0.615105
237,2205,2.577910,-1.384088,-2.017825,4.180797,-1.049199,-3.723992,-2.125529,0.744246,-0.024891,2.088918,0.835651,-0.177173
237,2206,1.959506,-2.272127,-3.302492,1.993570,0.252236,-3.562617,-5.972585,3.191961,0.537600,3.416505,0.826153,-0.027821
237,2207,2.102672,-2.038297,-1.333746,0.400747,-0.467029,-3.696000,-2.165577,2.161217,0.362572,3.957219,1.200772,-0.820807
237,2208,3.225489,-1.573293,-0.824633,-1.130368,-1.580845,-2.886205,-2.353185,2.076192,1.527223,2.582701,1.037394,-1.665266
237,2209,3.489978,-1.173005,-1.488641,0.683304,-1.431148,0.464708,-2.703780,2.240348,1.061595,3.016371,1.167084,-0.248498
237,2210,0.534808,-2.326448,-1.710523,-0.879095,-1.410724,0.693492,-3.315568,1.296078,1.837184,3.026466,0.567580,-1.993816
237,2211,1.460812,-1.510109,-2.380520,1.959760,-0.465551,-1.402915,-2.419887,0.974447,1.368069,3.693778,1.370825,-0.747432
237,2212,2.400613,-3.498529,-1.097355,0.992180,-2.231479,0.372142,-0.815428,2.602513,-0.952484,2.096001,1.228624,-2.152666
237,2213,0.701635,-2.232282,-1.731277,1.565599,1.712540,-1.586349,-2.690234,2.124181,0.739830,2.312242,1.201317,0.063898
237,2214,2.574053,-1.491120,-3.372628,0.193613,0.055740,1.461029,-2.193264,2.222247,0.608024,2.482431,0.784475,0.486607
238,2215,1.319333,-1.800798,-1.865943,1.671751,-0.179082,-2.224688,-1.602888,2.634563,-0.278706,2.897265,0.592292,-3.184464
238,2216,4.485954,-2.136144,-2.268520,0.917490,-0.398715,-2.680720,-1.258907,4.915490,0.961131,2.056783,1.391418,-0.550008
238,2217,1.361237,-1.664485,-2.278560,5.890729,1.044581,-0.723935,-2.945652,4.126638,0.123572,2.283908,0.804249,-1.589918
238,2218,2.536635,-2.022672,-2.881543,1.540741,0.464605,0.307799,-2.150166,2.276081,0.344135,2.839408,1.571794,-0.850399
238,2219,1.824639,-1.681254,-0.331217,0.440951,-1.886412,-3.605351,-2.847003,1.595779,-0.575463,2.336312,0.476680,-0.961144
238,2220,3.285842,-2.469103,-2.492641,-1.098567,-0.039853,-0.035044,-3.275497,1.469455,0.860416,1.933864,0.840489,-1.589250
238,2221,1.858940,-2.090766,-4.543500,0.171616,-1.363826,0.350948,-3.094322,2.183275,-0.167623,2.985607,0.300484,-1.332986
238,2222,2.214470,-2.304313,-3.514925,3.456544,0.052201,-0.314103,-3.823343,0.343137,1.095315,2.660858,1.113625,-1.801816
238,2223,2.882927,-2.591406,-1.790733,1.265802,-1.388714,-7.441788,-1.574521,2.998738,1.472567,2.614612,0.846329,-1.301593
238,2224,4.361669,-1.273611,-1.999295,-2.179206,-1.291310,-4.142778,-0.050643,1.763335,0.873691,4.531765,1.004828,0.021203
239,2225,1.901360,-2.359963,-2.387227,0.394641,-1.502910,-0.956858,-1.102029,1.387719,0.014011,3.158945,1.913006,-5.255759
239,2226,3.731465,-2.123464,-2.205807,-1.037307,-0.532132,0.799697,-2.798813,1.618509,-0.425295,2.742297,1.181612,-2.382425
239,2227,2.456091,-2.641055,-3.899288,3.401054,-1.397600,-3.605984,-1.564062,2.140572,0.887646,1.993899,0.833782,-1.368983
239,2228,2.364243,-1.348245,-1.732320,-0.485334,-1.272263,-5.098070,-3.045432,2.378423,-0.035526,2.530631,1.089632,0.137000
239,2229,3.070788,-1.677250,-2.156665,1.621065,-0.042174,1.191967,-1.849439,2.925183,0.584500,2.586376,1.403397,-2.034538
239,2230,3.437093,-2.956354,-3.018290,0.607507,-0.337377,-3.919865,-3.891630,2.498834,0.204096,3.098213,0.743288,-1.712536
239,2231,2.851201,-0.894857,-3.816340,1.138964,0.017420,-5.463896,-1.977934,2.451552,1.065502,3.258833,1.043511,-1.102784
239,2232,3.248269,-1.665256,-2.602931,2.073221,-1.312635,-3.805145,-2.667337,0.744408,0.811475,3.438342,0.397956,-1.854774
239,2233,0.194089,-2.798927,-2.890896,-2.013199,0.252113,-2.650935,-0.599592,1.942365,-0.100251,2.281097,1.607934,-1.747659
239,2234,2.755712,-3.644448,-0.276958,2.398714,-2.516688,-1.485176,-1.295424,2.779041,-0.681901,3.216696,1.528499,-1.563633
240,2235,233.230164,1.253402,-4.071787,-90.428251,-3.293634,-342.700444,-2.006127,364.101175,66.749253,4.693821,1.066813,-2.518123
240,2236,153.460699,-0.144317,-2.849526,-4.315047,-3.621257,-558.073585,-3.384615,269.803395,-51.585389,5.226670,1.160245,0.285546
240,2237,213.639112,-0.556037,-3.833172,-112.534182,-3.779593,32.597302,-2.336631,318.814084,-118.215738,4.460817,1.555096,0.621818
240,2238,92.329220,-0.495793,-2.384735,486.443498,-4.343012,-504.323181,-1.631567,261.180141,-59.185695,4.494216,0.440396,0.233050
240,2239,65.930408,-0.428577,-3.866762,-20.473479,-4.335631,-1665.844290,-2.649544,402.410220,72.192244,3.864698,0.153821,-0.169585
240,2240,189.174730,0.377651,-3.087235,119.833714,-2.287701,-167.952693,-0.798737,374.884393,109.405451,3.825454,0.908929,-0.137674
240,2241,351.016720,-0.991732,-2.824406,-5.148809,-3.629691,-358.561668,-5.658879,293.737509,-31.613422,4.653939,0.267546,0.293906
241,2242,2.794879,-2.609030,-1.549527,1.031118,-0.635067,-2.676857,0.679461,2.496560,0.242738,2.507277,1.673302,-1.385241
241,2243,2.299764,-2.221091,-3.937088,2.868964,0.116320,0.324092,1.007811,3.939931,0.658970,3.228816,1.262776,-1.115443
241,2244,3.399903,-2.437326,0.476538,-1.646619,0.838963,-1.905489,0.239558,2.224716,0.533263,3.342962,0.178922,-1.081080
241,2245,1.970771,-0.548330,-3.660975,0.454074,-0.222954,-2.628141,-1.875755,3.278996,0.417224,1.807646,0.721751,-1.778775
241,2246,3.472316,-3.056027,-1.590983,2.210340,-1.054274,-0.876491,-0.846844,2.030737,-0.124281,1.713465,0.740668,-2.084139
241,2247,4.055864,-2.290710,-2.160693,2.742859,-0.812668,-4.645395,-3.068041,1.410249,0.917252,3.111511,1.527491,-3.639344
241,2248,1.977286,-2.034662,-1.986314,0.389867,-1.346494,-2.770077,0.151625,1.081513,1.589825,2.841856,1.729612,1.585823
242,2249,2.080544,-2.180984,-0.575751,1.055987,1.290701,-1.485976,-3.584184,2.027497,-0.062397,3.006441,0.811015,-1.345655
242,2250,0.650719,-2.127228,-1.944570,-0.116807,-0.559907,-0.631785,-2.439475,1.728933,0.633134,2.877485,1.459769,-1.537518
242,2251,0.609020,-3.756448,-3.108436,1.753261,-0.879865,-3.607813,-2.715613,1.309104,0.381178,4.204742,0.822769,-0.942699
242,2252,0.721152,-1.896060,-0.989647,1.395350,-0.468729,-1.650553,-1.919119,1.213965,1.694845,3.185413,1.539685,-1.770416
242,2253,3.304998,-1.103587,-0.733795,-0.230340,-0.297430,-0.682872,-2.053359,2.242541,0.500524,3.239923,1.697956,-1.653561
242,2254,2.480478,-3.418453,-2.317152,1.426509,-0.783563,0.346340,-2.732242,3.037849,0.804720,4.129241,1.182407,-2.394412
242,2255,2.270205,-1.396868,-1.408452,1.469877,0.131519,-2.215389,-0.787481,1.014550,0.346188,3.642042,1.811687,0.692087
242,2256,2.452632,-1.977311,-3.206704,0.034321,0.239144,-0.240599,-2.665238,1.783349,-0.000077,3.218324,1.013669,-1.345653
242,2257,2.510605,-1.752946,-2.673079,-2.022293,-1.535247,-1.826473,-3.309655,2.744790,-0.299245,2.136269,1.434685,-1.479320
242,2258,3.516989,-2.970684,-2.877289,-0.967600,-2.187130,-2.863603,-0.130515,0.324950,0.359127,1.869701,1.197039,-0.522006
243,2259,141.040311,-0.136460,-2.188805,-67.219002,-3.299602,-247.049813,-3.200120,172.837234,154.033770,3.285235,1.588227,-1.695168
243,2260,185.809559,-1.173633,-1.746622,-154.562968,-2.386291,-79.893529,-1.296871,288.605991,270.354736,4.297555,0.462630,-0.260811
243,2261,187.925641,-0.240388,-0.157398,-39.426475,-2.710910,-951.693568,-0.166131,363.309880,36.049833,3.572053,0.739015,-1.044666
243,2262,268.157334,-0.243885,-1.913512,-67.479038,-1.877981,-266.098288,-2.288154,153.132538,249.158184,4.115428,1.509961,1.300474
243,2263,176.511453,-0.394825,-3.587078,-25.394848,-2.660859,-243.103922,-2.971199,460.836774,-44.939990,5.054581,-0.046402,-1.221901
243,2264,111.345098,0.023234,-5.543592,-29.990398,-3.867493,-620.892576,-1.304248,316.264878,207.719770,4.171727,0.467197,0.710989
243,2265,212.001392,-0.060089,-3.392842,185.926477,-3.093993,-320.921040,-4.017797,425.648728,45.184267,3.328127,0.703111,0.444656
244,2266,1.817362,-2.376064,-1.400032,-1.938939,-0.211087,-0.636802,-0.006998,1.766315,-0.084605,2.385624,1.401635,1.164042
244,2267,2.208526,-2.308446,-2.546979,0.398396,-0.387641,-4.970126,-3.888859,1.698353,1.337651,3.864540,1.459824,-1.010955
244,2268,2.665598,-2.267911,-1.289221,-0.138173,-1.636332,-3.200648,-1.966470,1.712069,0.376704,3.165306,0.792882,-0.413892
244,2269,1.786197,-1.748371,-3.546320,1.483416,-1.132314,-4.793418,-3.237918,2.927838,1.201643,2.588204,1.135082,0.168594
244,2270,2.036879,-1.999801,-2.327050,1.565166,0.448462,-3.502221,-3.558937,2.518272,-0.082513,3.277195,0.599287,-0.797863
244,2271,2.765443,-2.780101,-2.164861,2.991627,-0.261411,0.515512,-1.602802,2.693357,0.912137,2.372801,1.088198,-2.371385
244,2272,2.294527,-2.181526,-3.102585,0.261176,-0.921793,-1.195044,-1.550817,1.990694,0.457848,3.147768,0.970857,-1.580780
244,2273,1.565374,-2.919795,-3.231019,-0.256402,-2.430142,-5.266834,-1.722955,1.812498,1.054331,1.785549,0.565196,0.382172
244,2274,1.925434,-1.675171,-1.908770,-0.278303,-1.295261,0.572703,-4.544159,2.322660,0.834044,2.231771,0.899412,-2.178599
244,2275,3.833679,-2.772712,-3.185752,-2.093992,-0.491599,-0.197419,-3.969609,2.066646,0.294030,2.537831,1.808148,-1.588145
245,2276,2.100692,-1.417843,-1.427784,-1.261500,-0.792055,-3.784373,-1.313832,1.119254,1.014023,2.398022,0.120150,-2.055576
245,2277,1.987688,-2.152842,-2.541447,2.246028,-1.451220,-1.898907,-3.375245,3.223939,-0.348070,2.540311,0.793071,-0.102389
245,2278,2.708018,-2.138686,-2.362778,1.506378,-0.327414,-2.824723,-2.846615,1.615862,0.136195,2.949513,1.320525,-1.664596
245,2279,2.806211,-1.687122,-2.898853,2.541437,-1.290568,-3.119169,-2.478527,1.591761,0.555450,2.835525,1.219886,-0.086568
245,2280,1.829491,-2.055234,-0.921493,3.388615,0.020578,-6.309797,-3.476585,1.650227,1.561111,2.790248,2.262185,0.586836
245,2281,3.874082,-1.565150,-0.874423,4.625667,0.211171,-0.656459,-1.510701,1.839905,0.344469,3.431506,1.668530,-1.282810
245,2282,2.990472,-2.290748,-2.940562,1.834583,-2.699948,-0.408803,-1.148333,2.161406,0.916528,2.634052,0.869497,-0.038326
246,2283,3.443604,-2.068964,-4.178642,0.280952,-1.347804,-4.194130,-0.271230,2.002694,-0.068999,3.419601,1.828134,-0.582685
246,2284,2.615256,-1.176934,-1.791713,4.572460,0.166704,-2.454948,-1.946838,0.103618,-0.105436,3.954708,0.515033,0.231234
246,2285,1.658619,-1.660544,-2.284926,-0.266068,0.202169,-3.884470,-2.517526,2.087491,-0.660435,3.098210,1.284250,-1.089344
246,2286,3.587127,-2.350013,-2.285239,5.282530,-0.874293,-2.616128,-1.083242,2.453007,0.377855,3.089123,1.919818,-2.911559
246,2287,1.329823,-1.510449,-2.081218,0.508579,-0.313214,-2.306309,-3.851301,3.874967,0.206591,3.841675,1.572895,1.334376
246,2288,2.459200,-2.737617,-2.362307,0.453419,-0.669391,0.918082,-1.424578,1.847987,0.479564,2.460137,-0.051521,-1.408535
246,2289,3.346139,-1.421845,-1.618721,-0.480575,-1.291821,-3.801678,-3.104683,1.829357,1.201008,2.996592,0.681236,-3.714721
246,2290,4.074847,-2.612094,-4.120560,-0.427896,-1.146505,-4.579891,-1.116390,3.528898,-0.643827,2.673986,0.455277,-0.923131
246,2291,4.179189,-2.246848,-1.489726,0.186815,-1.197855,-2.760932,-5.069365,2.876642,0.107332,2.213886,0.644516,-1.057047
246,2292,2.829891,-0.974726,-1.618201,0.305012,-0.678639,-2.479741,-3.375402,2.886438,0.979516,1.844626,1.417335,-2.095215
247,2293,3.123265,-3.488508,-4.397577,2.811346,-1.249351,-1.914437,-3.055857,3.078744,0.529134,2.994967,1.463711,-1.751061
247,2294,1.794212,-1.720507,-0.860841,0.913576,-0.833623,0.434759,-1.817100,3.885930,0.700267,2.931760,0.542718,-0.746020
247,2295,2.027314,-2.820871,-1.035557,-2.542117,0.809713,-4.341674,-0.964965,2.245615,0.308787,3.117679,0.667533,-1.402234
247,2296,2.605807,-0.797841,-1.405657,0.120352,-0.285141,1.358940,-1.429941,1.719518,0.574737,3.124817,1.215356,-2.321916
247,2297,3.313598,-2.486172,0.850844,-3.175372,-1.250960,-0.913637,-3.517652,2.448551,-0.329294,2.198313,1.768076,-0.018824
247,2298,2.576215,-2.699184,-1.809955,-2.062429,-1.032311,-2.354295,-0.970675,-0.025962,0.273793,3.680994,1.121310,-1.139836
247,2299,3.300911,-3.020487,-2.042757,2.309834,-0.759032,-3.612970,-2.925075,3.057593,1.022361,3.417224,0.637036,-0.301491
247,2300,2.481165,-2.970260,-3.000431,2.264635,-0.405769,-5.424560,-1.174966,1.294570,-0.540512,2.953811,0.577572,-1.021718
247,2301,3.534796,-2.225234,-3.611431,3.451731,0.816829,-0.984640,-1.737489,2.804267,1.637872,3.063330,1.320730,-1.466511
247,2302,1.844634,-1.765539,-1.858599,0.138107,-0.811606,-6.923839,-1.767948,1.409074,1.724166,3.753937,1.247917,-1.283072
248,2303,214.607559,-0.534513,-2.021954,116.628403,-3.693301,-1214.556595,-2.454418,316.985393,250.582569,4.324114,0.302030,0.646315
248,2304,165.349095,0.291318,-2.894164,-73.986785,-3.293136,-352.484891,-0.805636,224.951496,259.550573,5.081786,-0.750368,-0.210375
248,2305,154.017823,0.417805,-3.632761,-206.609061,-3.385240,-665.364639,-1.561036,287.270323,167.831048,4.752802,0.930370,-1.318305
248,2306,172.281254,-0.661920,-2.074173,44.623798,-3.328285,-772.565920,-2.658612,456.584686,80.245706,4.351214,0.887712,-1.256066
248,2307,213.685391,0.228774,-2.325033,31.015405,-2.094745,-1103.473676,-2.164515,315.234211,-35.705691,4.908456,1.325566,-1.661302
248,2308,198.410930,0.065312,-2.816065,-7.723910,-2.364027,-1106.015606,-2.548623,159.847975,116.056681,3.462233,0.912935,2.737360
248,2309,210.836584,-0.090126,-2.213513,167.792102,-4.434724,-1300.356016,-2.905119,232.636492,177.337196,3.986628,0.955763,0.708960
248,2310,184.340614,0.404623,-3.111055,218.148496,-2.623591,-830.794666,-2.510780,121.452748,61.202395,3.942839,1.602410,-0.562947
248,2311,192.485508,0.471290,-2.463145,-178.716465,-2.528843,-1098.000295,-0.674389,292.997849,308.865019,4.056324,1.266740,-0.165702
248,2312,204.640963,-0.178687,-3.252894,134.778600,-1.982183,-539.429893,-0.835571,368.844387,-46.476539,4.239845,0.970571,0.976833
249,2313,103.650062,1.775369,-2.496390,168.172845,-3.287780,-287.875846,-4.089848,144.447836,100.253530,4.604382,0.174679,-1.272054
249,2314,220.755348,0.048397,-1.906036,116.202301,-2.004600,-585.757468,-2.295208,337.020821,92.616909,4.237248,-0.180998,0.286862
249,2315,175.726905,-0.054181,-1.646060,327.293457,-2.903409,-1092.872586,-2.645997,127.525722,-89.389647,3.520589,0.693365,-1.758289
249,2316,259.622321,-0.776266,-2.895506,-26.389842,-2.409010,-526.235806,-2.135221,228.203655,-204.428489,3.645324,0.520477,1.781960
249,2317,260.584925,-1.667918,-4.084533,81.332870,-2.823226,-727.754928,-2.424875,195.922035,-27.925350,5.373512,0.636374,-0.063934
249,2318,290.433466,0.378359,-3.260327,-128.798721,-2.582132,-733.025322,-2.125875,191.266498,361.189316,3.247293,-0.260756,-0.747472
249,2319,92.491768,-0.675677,-3.036944,-268.157866,-3.210686,-343.897765,-0.191040,346.746119,-20.689535,4.223503,1.189718,-0.123982
249,2320,75.704758,-0.481933,-3.547503,111.263705,-3.412677,-181.645575,-3.264018,192.934158,86.343026,3.952387,1.129362,-0.108900
249,2321,-43.349500,-0.998300,-3.354442,-85.446730,-3.083436,-817.984886,-1.573234,282.084619,113.509254,3.743745,0.483541,-0.471659
249,2322,286.644595,-0.718353,-4.018444,377.490041,-3.986623,-673.597838,-0.877244,438.165205,103.824973,4.670058,1.338149,-1.392184
250,2323,2.743066,-1.533765,-1.764376,0.890554,-2.337276,-2.912612,-0.032431,3.073392,0.138926,3.648789,1.217891,-2.650473
250,2324,3.273819,-2.911348,-3.168844,1.617043,-0.846700,-1.953752,-1.370787,0.969592,0.305914,3.524644,0.843107,-0.985783
250,2325,3.289571,-1.414709,-1.178667,-0.582927,-0.398110,-3.667504,-1.150551,0.300900,0.511121,2.340592,1.385782,-1.091826
250,2326,2.225140,-1.639171,-1.533421,-1.279006,0.179365,-2.730583,-0.775613,2.137889,-0.045357,1.456849,0.250278,-1.986019
250,2327,2.573168,-1.346083,-3.568094,1.568211,-0.065999,-3.477543,-1.444036,3.454536,1.295398,1.713941,1.323996,-1.289211
250,2328,1.685299,-3.243714,-3.069841,1.373273,0.015486,-3.125651,-1.966230,2.891468,0.040017,3.524788,1.902991,-1.551847
250,2329,3.891169,-2.187457,-0.004907,2.966416,-1.900913,-2.862321,-3.663078,3.390395,0.610686,3.095950,0.489406,-0.129691
250,2330,2.801573,-2.268878,-2.155970,-2.584315,-0.132071,-3.703764,-1.177799,1.220883,1.710641,2.865936,1.087080,1.078296
250,2331,2.085571,-1.853206,-1.457740,1.632761,-1.549517,-5.131232,-0.428021,0.860431,1.306348,2.793811,-0.278768,-1.852605
250,2332,2.161197,-2.303801,-2.355918,1.970537,-1.001238,-4.922905,-3.583886,3.033066,0.340706,4.344067,0.919293,-0.833342
251,2333,2.808759,-2.325461,-1.668896,2.401905,0.188555,-3.131499,-1.268940,3.586573,0.444252,3.038167,0.308476,-2.419516
251,2334,1.186868,-3.787279,-3.395215,2.263886,-0.160525,-4.373865,-1.146238,2.196273,0.939165,2.157413,1.519197,0.510600
251,2335,2.829013,-2.051639,0.175318,0.192967,-0.096722,-4.576719,-2.651366,3.096095,0.698916,2.914262,0.446533,0.539112
251,2336,3.087187,-3.350891,-4.331230,2.079172,-0.391224,-4.838106,-2.456626,0.252349,0.495913,2.331955,0.752887,-0.410109
251,2337,2.502887,-3.171768,-2.904914,0.214172,0.065404,-4.210812,-2.316650,1.724608,0.826537,2.016845,0.631814,-0.322423
251,2338,3.045958,-2.470091,-4.064891,1.496846,-0.819541,-2.945505,-1.979292,-0.024340,1.903617,4.064519,0.874541,-2.115036
251,2339,2.678282,-1.453014,-0.502148,-1.214088,-0.371576,-4.111681,-1.153072,2.562759,-0.346265,3.288463,2.017280,0.229164
251,2340,1.736510,-2.602003,-1.975121,0.842945,-1.272811,-2.587833,-0.775541,1.145571,0.313549,2.180632,0.906423,-1.137907
251,2341,2.620392,-2.097217,-2.162003,2.660762,-1.202711,-3.731398,-4.586982,3.354876,0.032891,1.693391,1.015440,-0.544109
251,2342,1.998747,-1.251519,-2.851070,1.190120,-0.773938,0.642990,-2.388551,1.495824,-0.875609,2.751515,0.476165,-0.476691
252,2343,3.325364,-1.657541,-1.705651,2.003300,-2.001191,-3.748373,0.256259,1.790076,0.152847,2.141878,0.811668,-1.389289
252,2344,2.526650,-1.968658,-2.167818,0.008354,-0.639687,-2.725328,-2.539262,1.465953,-0.410124,2.780530,-0.228888,-1.245642
252,2345,2.062790,-2.664001,-2.605006,1.368395,-0.867489,-3.735563,-4.056978,2.162561,0.634079,2.162906,0.878367,-1.631521
252,2346,3.159373,-1.563036,-2.563123,3.172675,1.439498,-3.236482,-2.702686,2.956205,-0.255299,1.399046,1.024100,-0.450794
252,2347,1.828195,-1.356876,-3.281681,1.695758,-1.211593,-4.173190,-2.850346,2.850449,0.562564,3.945737,1.080706,-0.014231
252,2348,1.819192,-3.025552,-2.017083,0.035747,-1.676981,-3.201139,-1.180056,1.189442,1.164376,3.148945,1.215110,0.930406
252,2349,0.611883,-1.964754,-1.744799,-0.412150,-0.257107,-1.098930,-1.708552,1.856658,1.616280,3.568673,0.657970,-0.779200
252,2350,2.743119,-2.375609,-1.935195,-0.826831,-1.222229,-1.210554,-3.283293,2.610194,0.227415,1.393379,0.983698,-1.077785
252,2351,0.878888,-2.011181,-2.387104,1.105945,-0.561361,-2.429666,-2.010953,1.700214,1.198127,2.139712,0.936702,-0.570943
252,2352,4.215413,-1.614429,-1.223740,-1.328293,1.216600,0.213543,-2.519237,0.983498,0.064743,2.847922,1.326519,-1.084958
253,2353,269.971705,1.277477,-5.751917,151.273132,-1.983306,-269.848505,-4.645523,179.753530,245.916207,4.166274,0.718538,2.147090
253,2354,52.831536,-0.058578,-1.738256,-11.518145,-2.481603,-34.883853,-3.424264,265.586917,176.242229,4.829420,-0.164929,-1.607047
253,2355,238.601912,0.065574,-3.944400,162.933950,-2.435523,-801.075030,-5.451668,213.376457,113.451317,4.790757,1.287324,-3.086593
253,2356,176.804045,1.085062,-3.854025,-108.102351,-3.115008,-1371.586946,-1.486729,150.196407,220.897502,3.683170,0.596266,0.787023
253,2357,191.413316,0.516435,-4.127812,378.806804,-3.794162,-1536.354066,-4.141118,164.078294,253.751147,3.425432,0.957695,0.305187
253,2358,186.698498,0.955118,-1.339691,-307.881562,-4.434774,-1127.961986,-2.174576,347.866218,202.823656,3.886585,1.505150,1.257469
253,2359,134.429755,-0.698169,-2.401855,-129.505234,-3.596285,-1127.945048,-2.279487,80.575121,74.427752,3.830108,1.061805,-0.197343
253,2360,120.073856,0.485893,-1.723531,75.687333,-2.983690,-882.970684,-1.303481,140.865004,135.308694,3.704998,1.106553,-0.642488
253,2361,277.721547,-1.311866,-3.581366,-71.604212,-4.287308,-827.719729,-3.895027,245.381325,183.540391,4.191151,0.499155,0.715195
253,2362,48.844384,0.708335,-2.531078,582.511693,-2.577251,-1147.056483,-1.512408,208.115605,249.584576,3.637214,-0.297197,2.506851
254,2363,3.089453,-2.471298,-2.119517,2.635674,-1.438921,-4.518743,-2.724742,0.469404,0.927527,3.792246,0.730865,-1.361615
254,2364,1.295147,-2.106189,-2.766952,-0.000845,-0.917067,-6.662404,-0.905068,2.411300,0.039267,2.730878,0.822796,-0.860126
254,2365,3.232234,-3.181769,-0.852564,0.122196,0.020088,-5.147813,0.031049,2.485408,0.901242,2.929587,1.221547,-0.365008
254,2366,3.075255,-1.544224,-1.907145,-0.293364,-0.290113,-0.629129,-3.188965,2.076203,0.014303,3.478678,0.981631,-3.016024
254,2367,3.133742,-1.939044,-4.030457,-1.208716,-0.297791,-0.419321,-2.302101,0.497361,0.013702,3.552508,2.408927,-0.529353
254,2368,1.909569,-1.835776,-2.049117,0.034858,0.996752,-0.994084,-3.438940,2.103179,0.962170,2.602981,1.743905,-0.325294
254,2369,1.370422,-2.056657,1.109123,0.392095,-0.070617,-1.056249,-1.299601,2.927369,0.932665,3.694041,1.513942,-1.892878
255,2370,192.362963,-0.935760,-4.079768,97.995714,-3.557201,-378.400753,-0.772356,305.426572,-252.747352,2.778810,0.443140,2.034047
255,2371,246.858654,-0.035671,-2.372435,-73.227859,-3.340515,-741.317239,-3.023928,254.657322,-7.018618,4.424204,0.449582,0.881775
255,2372,209.416087,-0.188465,-2.911293,-72.092931,-3.635226,-368.277278,-5.834406,478.822695,46.381027,5.308375,1.613428,1.411828
255,2373,270.179884,-0.159882,-2.203637,170.890385,-4.236572,-198.591674,-1.767215,439.600007,172.901811,5.615778,0.476540,1.260881
255,2374,218.338684,0.341389,-2.225357,351.547487,-2.136884,-193.243787,-2.438246,109.477119,161.593474,3.538641,1.601318,0.775486
255,2375,142.217660,-0.092178,-3.277545,320.703888,-3.049094,-618.205762,-2.215180,359.298832,139.463195,3.184882,0.478335,-0.219220
255,2376,265.784815,-1.196742,-4.206230,75.172283,-2.341471,-656.403962,-1.526356,308.959677,174.342083,3.641285,1.014812,0.658552
255,2377,138.288017,-0.787762,-3.766275,318.484695,-3.500651,-142.977031,-0.790211,252.228168,94.286982,4.247515,-0.138661,0.933120
255,2378,188.635200,-0.077046,-2.691709,259.850123,-3.624766,-657.912674,-3.605262,353.818545,69.530534,3.558990,0.559574,-2.151155
255,2379,105.202092,-0.134724,-0.786581,17.601931,-4.588003,-83.329346,-2.100772,166.655140,33.879510,4.039604,1.162454,-1.144359
256,2380,308.283755,-0.061195,-5.533971,306.895566,-3.273692,-945.283794,-2.473867,361.692396,240.442048,4.332966,0.737514,-0.016691
256,2381,148.606931,-0.359946,-2.944046,473.388843,-4.264514,-926.678917,-3.295704,365.210885,-20.652144,3.010932,-0.411718,0.136681
256,2382,124.681660,-0.099873,-3.724604,3.008464,-2.987170,-513.259328,-2.847901,317.746947,78.584406,4.803899,0.660122,-0.634548
256,2383,84.643854,-0.040342,-2.674342,-29.163885,-1.697936,-490.381375,-1.170109,379.969410,197.836824,4.688062,1.683772,1.126034
256,2384,196.226440,0.586035,-3.897216,468.679425,-3.643757,-1192.598922,-3.819766,318.800751,170.838396,4.518578,0.710591,0.906333
256,2385,264.518851,0.686728,-4.274562,-73.843648,-3.370383,-680.047266,-3.817726,374.641299,51.040521,4.679144,1.110687,0.488180
256,2386,169.465287,0.493493,-4.520311,13.664257,-2.812995,-219.908356,-1.056793,237.614576,-178.606751,3.218499,0.697421,-0.733105
256,2387,120.330536,-0.662461,-1.897736,97.087424,-1.667793,-650.589476,-2.398122,257.031341,252.867713,4.214394,0.819017,0.971122
256,2388,118.185699,-0.180916,-3.496993,239.811930,-2.460721,-370.043067,-4.904442,144.830873,-184.793730,5.288005,0.860340,0.190576
256,2389,133.069350,0.257873,-2.191398,155.733989,-3.357593,-334.789081,-1.453470,330.517691,54.667606,4.604944,1.229342,-1.302516
257,2390,4.060944,-2.124218,-3.276861,0.035532,-0.369906,-3.116652,-3.457581,1.911319,0.810189,3.608489,1.294044,-1.132517
257,2391,2.039991,-2.215630,-1.435119,0.067098,-0.639259,-1.158460,-2.173247,0.542575,-0.869006,3.543328,0.653441,-0.747676
257,2392,3.626821,-2.143516,-3.284977,4.462573,-1.890746,0.168822,-1.087260,3.031715,0.839313,2.142294,1.020825,-0.589933
257,2393,1.277169,-1.921336,-3.309437,3.821005,0.074719,-2.511667,-4.233154,3.561035,-0.460737,2.510190,0.775251,-0.937931
257,2394,0.629165,-2.050220,-1.624579,1.106560,-0.839462,0.419119,-3.149532,2.361184,0.425577,3.282939,1.015702,0.804980
257,2395,1.158524,-1.421768,-2.174979,-2.318789,-0.254494,-2.751510,-4.368023,1.927181,0.474430,3.135843,0.977674,0.210152
257,2396,2.509477,-2.880478,-0.747598,0.243151,-1.656535,-2.668918,-1.555367,2.256924,0.161389,3.740602,1.073920,-1.882470
257,2397,3.342035,-2.726816,-2.536207,-0.080320,0.346909,-3.625001,-2.066455,2.760502,0.719683,2.639985,1.823098,-1.546169
257,2398,2.402726,-2.862712,-4.033132,3.642952,-0.485204,-3.426097,-3.171102,2.908713,-0.060109,2.980313,1.570294,-0.676151
257,2399,2.775604,-0.818945,-2.627627,0.189061,-0.425049,-2.816360,-4.415133,2.985859,1.223713,2.664963,0.845270,0.335864
258,2400,137.093980,0.048570,-3.719425,380.647682,-4.933822,-685.215456,-0.683471,319.159325,-123.136382,4.504821,0.889051,0.393293
258,2401,243.568666,0.036831,-3.501605,183.654066,-3.146163,-238.697835,-3.312554,139.413991,328.458352,4.722792,0.623383,-1.326167
258,2402,125.531094,0.603742,-4.507415,93.908191,-2.545554,-905.203557,-2.665211,247.174703,84.039430,4.305980,0.529327,-0.686572
258,2403,200.507305,-0.294077,-2.263256,346.394734,-3.627906,-697.421830,-2.479644,380.017254,-142.391815,5.442737,1.650996,-1.449512
258,2404,243.460449,-0.135975,-0.816727,-260.899417,-3.074214,25.963151,-2.701812,266.476497,92.129044,3.697069,0.493105,-0.768611
258,2405,93.315780,-0.378965,-4.033225,140.709866,-1.959776,-882.405231,0.074451,410.695542,214.195376,4.854148,-0.041871,0.421104
258,2406,276.598385,-0.390264,-1.917638,463.337605,-3.926905,-419.926921,-2.074096,282.814465,165.491977,4.812831,1.729725,1.226799
258,2407,190.886360,0.115398,-2.978331,93.040621,-2.953755,-1027.810617,-3.139372,247.896454,-32.897534,3.942163,0.107411,-0.329199
258,2408,198.305633,0.386368,-4.397238,-99.228113,-3.599227,-930.572202,-3.098182,204.147667,299.844844,4.168943,-0.142251,0.129986
258,2409,121.491939,-0.401872,-2.494617,52.844936,-3.039390,-1085.571034,-2.000984,240.521119,222.868993,4.172226,0.422514,1.620287
259,2410,3.740433,-1.731272,-3.128969,-1.616274,-0.987483,1.738659,0.803075,2.286006,0.263430,2.378768,-0.158625,-3.121708
259,2411,2.484428,-2.115722,-1.862954,2.367705,-0.837476,-2.489078,-2.043139,0.790451,-0.933146,3.514119,0.480166,-2.033372
259,2412,1.793067,-3.344570,-1.583430,0.388549,-0.323240,-3.967221,-2.676968,2.053849,0.659596,3.513092,2.826130,-0.094377
259,2413,2.072584,-1.202742,-2.817078,1.107596,-1.611104,-5.293375,-1.847143,2.588342,-0.663444,3.207986,0.361253,-0.809662
259,2414,4.642626,-2.811003,-3.024138,1.247065,-0.819830,-5.768771,-1.762391,1.997300,1.049950,2.353088,1.008949,-0.549738
259,2415,3.003851,-1.395682,-3.055536,1.133121,-1.276507,-1.820416,-2.889701,1.250956,0.538131,3.120293,1.203769,-2.001118
259,2416,4.428850,-3.048492,-3.717666,3.718439,-1.486924,-4.849085,-1.759834,3.203597,0.172139,3.392709,0.554535,-1.351904
260,2417,2.443419,-2.230949,-2.014135,-1.025505,-0.597524,-4.139078,-1.891023,0.900576,0.297624,2.229145,1.489334,-0.208364
260,2418,3.155961,-2.254007,-3.761084,-0.939930,-1.631529,-4.590763,0.047032,2.091902,0.033736,4.062275,0.381985,-1.272099
260,2419,3.452567,-1.703486,-4.362477,-0.539386,-0.116011,0.180398,-2.145795,2.404554,0.679251,2.467137,1.698474,-0.442902
260,2420,2.444677,-0.880126,-1.467527,-1.734699,-0.225492,-3.370649,-2.245111,3.396458,0.210135,3.106583,-0.042016,-0.507123
260,2421,4.030394,-1.415481,-1.802418,1.810129,0.262974,-3.336145,-1.121540,4.002017,0.075931,3.310544,0.184662,-0.809969
260,2422,3.523273,-1.802047,-3.866550,1.522689,-1.727760,-3.747917,-2.753764,2.640823,-0.434617,2.656794,2.306389,0.235925
260,2423,1.307344,-2.764430,-2.906562,0.381090,-1.535409,-2.998618,0.304072,1.513344,0.889235,2.895406,0.583889,1.327484
260,2424,3.564026,-1.768756,-2.126086,0.574848,-0.288920,-5.854859,-3.359337,3.432565,0.730715,3.207795,2.218046,-0.503200
260,2425,1.748085,-1.748834,-2.213919,0.459446,-0.128584,-2.262079,-2.415705,3.567897,-0.133533,3.952811,0.555864,-2.816343
260,2426,3.373970,-2.304636,-1.431997,-1.142961,-1.622768,-3.879660,-2.980495,1.328085,0.870006,3.725099,0.722781,-1.979358
261,2427,37.843197,-0.758067,-3.989334,185.701550,-3.748085,-1506.391162,-2.093272,414.072309,208.724481,3.777636,0.671848,-0.744091
261,2428,185.262195,-0.109764,-2.949293,589.918881,-2.980538,-522.222625,-0.583367,239.706536,6.752021,4.349454,0.452130,1.121470
261,2429,141.805268,-1.060837,-3.961091,502.579185,-4.549347,-331.624522,-2.165511,561.008807,-122.404303,2.997152,-0.016209,-1.045067
261,2430,122.362293,-0.727949,-1.526135,88.320356,-1.590638,-1344.634662,-2.961084,404.740102,-74.077380,4.446743,-0.196436,1.864703
261,2431,139.400852,-1.289838,-1.916913,-237.483917,-3.638557,-750.274737,-2.674514,372.822963,112.798585,4.168850,1.090219,0.335664
261,2432,167.085680,-0.046423,-5.585835,5.857637,-4.350980,-555.852584,-1.391144,180.954969,10.552844,4.934151,0.080478,-0.670851
261,2433,272.299201,0.301650,-2.048751,376.815826,-3.217357,-794.356875,0.395120,226.605411,-14.672097,5.153945,0.638785,-1.204584
261,2434,70.732177,1.171390,-2.876592,251.837156,-2.630521,-529.783787,-3.404327,345.325177,-78.509661,3.615204,-0.266630,0.933447
261,2435,121.036545,0.471708,-2.777364,164.078070,-4.084178,-182.121054,-0.438888,-127.781088,97.201035,3.744981,0.618729,-2.570227
261,2436,136.461295,0.036011,-1.812945,-145.629524,-2.319838,-807.752373,-2.127218,350.462222,91.725248,4.163316,0.766344,-0.149283
262,2437,0.908060,-3.060097,-1.439953,2.487999,-1.761444,-5.252384,-3.247748,3.075057,1.445151,2.747255,0.482358,-1.941096
262,2438,0.798109,-2.730586,-2.586424,3.017424,-0.227123,-1.677618,-1.387505,1.360339,0.259186,3.447994,1.248195,1.374880
262,2439,1.239516,-2.061835,-1.798941,-3.176421,-0.493099,-1.909469,-1.756555,1.536798,1.032850,2.843202,0.995054,0.288268
262,2440,2.374714,-3.033292,-0.467824,-0.284648,0.127001,0.624495,-2.084738,0.531183,0.716621,3.137910,0.187573,0.368534
262,2441,3.418416,-2.958123,-1.421815,1.229571,-0.178498,0.420539,-1.011622,1.493300,-0.202264,3.601141,0.205174,-2.226555
262,2442,1.961241,-2.339703,-1.718926,-1.714366,-0.295247,-3.372737,-1.423606,3.605126,-0.352031,1.868330,1.174029,-1.026665
262,2443,0.500906,-1.725581,-3.110018,2.502293,-1.043726,-1.247962,-1.802699,4.065800,1.232273,2.179593,0.047479,-1.056680
263,2444,0.910276,-2.516885,-2.251528,0.368915,-1.150042,-2.985826,-3.238626,1.980643,-1.050050,3.781169,1.184895,-0.855319
263,2445,3.017610,-1.420185,-1.460371,1.179878,-1.228113,-4.659352,-1.702177,2.818922,0.521715,2.851742,1.205241,-2.276138
263,2446,2.846158,-1.405848,-1.883587,2.199331,-0.853543,-5.615261,-2.066476,1.033090,-0.054114,3.165516,0.202037,-2.399057
263,2447,1.142031,-1.566130,-4.965393,-2.103419,0.562809,-3.456173,-2.196868,3.508524,0.086990,2.151400,1.068707,-3.741104
263,2448,1.623881,-2.152853,-2.070507,2.689090,-0.461852,-0.939787,-2.187469,2.103571,0.919979,2.524171,0.766815,-1.574033
263,2449,3.280891,-1.369745,-3.356598,0.234594,0.003094,-1.073569,-1.725320,2.616896,-0.570696,2.305455,0.929194,-0.013661
263,2450,2.464482,-2.545001,-1.393917,2.087932,-0.630440,-1.369384,-3.245873,2.132588,0.286226,3.433106,1.341794,-1.755962
263,2451,3.874826,-1.283066,-1.731055,1.659949,-1.218166,-4.845324,-2.321454,3.088429,1.671263,2.919688,1.038608,0.585430
263,2452,2.125789,-2.265854,-1.863233,1.878073,-0.647158,-3.373198,-3.717529,2.117902,-0.164193,3.056222,2.248753,-2.246370
263,2453,0.628521,-2.869233,-2.400350,3.010238,0.599400,-2.286487,-3.102646,0.983351,0.259025,2.449220,1.627221,-0.980721
264,2454,102.684599,-0.132159,-3.002022,680.669887,-2.353117,-1169.207046,-2.296650,234.658867,242.644327,3.533155,0.546043,-0.246724
264,2455,154.344630,0.556986,-2.309438,463.435149,-4.193598,-559.493590,-2.106729,308.010264,-17.406746,4.116655,0.328785,-1.043180
264,2456,216.289666,-1.395806,-1.462406,200.524306,-4.506961,-1070.493672,-2.451082,361.479734,23.272517,4.609091,0.972866,-1.356025
264,2457,172.405166,-0.860214,-4.026898,95.505120,-2.989267,-1177.479367,-2.072101,267.324705,118.042472,4.820344,-0.168221,0.388487
264,2458,208.644474,0.038365,-3.473002,-14.578047,-3.588982,-975.963518,-2.440081,277.062270,-46.000452,5.006038,0.272175,1.816903
264,2459,155.047040,0.343844,-2.639941,184.388809,-4.457086,-815.661736,-2.378619,296.890585,-152.102106,4.503203,0.401437,-2.282973
264,2460,228.820635,-0.923667,-1.695142,162.852954,-2.926872,-782.441275,-4.524904,108.101216,199.386050,3.769307,1.340064,-2.975195
265,2461,112.881729,-1.752388,-1.971816,154.413813,-3.990154,-1381.443025,-2.257562,100.102243,141.415096,4.733100,1.338518,-0.956423
265,2462,270.132886,-0.205789,-4.045240,149.981945,-0.868882,-567.648315,-2.730836,60.233096,-23.135898,4.160957,0.432650,2.227382
265,2463,21.545267,0.311639,-3.384448,155.505959,-3.372223,-820.265137,-2.539233,203.600689,101.693947,4.705465,0.017551,-2.709083
265,2464,129.196134,0.009529,-2.074175,-127.320080,-3.979024,-614.982192,-2.822174,298.939218,124.519168,4.096975,0.249132,-0.271178
265,2465,269.468227,0.062640,-3.513993,392.995835,-2.586922,-828.148913,-0.056113,369.012036,151.348666,5.125616,0.937383,-1.435138
265,2466,167.299218,0.816580,-3.482480,81.982254,-2.389665,-300.629154,-2.900739,160.261828,70.914414,4.476593,1.361670,-0.130402
265,2467,213.456875,0.016417,-3.214266,-242.727152,-3.810981,-503.267536,-1.500607,300.011625,-37.575368,4.550825,-0.144872,-0.107337
265,2468,180.393881,-1.087703,-4.428274,39.858451,-3.666515,-1813.751926,-0.937794,236.931140,295.946964,4.337425,0.017438,-0.368841
265,2469,179.922729,-0.341045,-1.006810,202.086812,-2.914508,-1277.885568,-4.838725,316.895558,71.285139,4.580233,1.752810,1.765401
265,2470,206.323410,-0.307474,-3.719345,-53.228165,-2.285717,-216.096262,-3.880785,372.926991,95.109886,5.010140,0.635838,-1.784954
266,2471,277.364074,0.916506,-4.462659,421.888638,-2.720540,-905.777153,-1.798045,147.397470,44.419917,4.670728,1.134395,0.138879
266,2472,144.793253,0.087013,-2.265577,-157.701636,-3.898240,-841.031725,-4.295991,123.887023,72.582898,3.837120,-0.258018,1.071852
266,2473,139.169328,0.722629,-2.421104,240.387723,-4.802623,-783.006342,-3.545056,273.639292,151.748719,5.022051,1.074687,-1.481209
266,2474,199.518501,0.251947,-2.799909,-186.728095,-4.174856,-1201.701874,-0.068750,351.195022,125.419789,3.769683,0.923997,-1.264068
266,2475,190.972595,0.788266,-0.746833,-76.458363,-2.779828,-588.173236,-3.790585,244.504654,130.588837,3.611067,1.223463,-0.875978
266,2476,168.280999,-0.375260,-2.743199,290.644958,-4.059588,-375.879127,-4.316946,340.631283,218.454785,4.499107,0.391992,-0.701288
266,2477,128.149945,-0.834341,-3.992906,176.732740,-4.088235,-878.556135,-4.141017,233.932264,116.238054,4.559395,1.226905,0.170227
266,2478,125.403616,0.236337,-4.350335,-110.668883,-2.298903,-1185.191420,-1.619541,325.504285,-14.014138,3.969121,0.254237,0.321851
266,2479,92.398443,-0.000338,-0.618382,799.616249,-3.295251,-470.661188,-2.536662,264.735623,63.692737,4.884872,2.105814,0.500631
266,2480,166.517440,-0.412240,-3.853709,480.392348,-2.416600,-1060.764799,-1.312056,212.868355,173.282496,5.403902,0.727153,-0.084994
267,2481,132.769220,-0.899318,-4.100127,286.044903,-3.407547,-997.474027,-3.700681,186.304857,170.736973,3.143233,0.408870,0.498518
267,2482,244.156224,0.211172,-4.150006,230.737867,-3.488336,-752.083153,-3.737826,192.442506,90.114818,4.246141,0.810305,-0.365052
267,2483,69.673076,0.073198,-4.697072,-314.907418,-3.553434,-1431.306661,-0.791025,191.527631,112.463808,3.268023,0.491264,-2.163043
267,2484,150.093387,-0.718663,-1.965594,272.730376,-3.554983,-868.391717,-0.972534,142.279211,121.050088,4.362865,0.366449,0.305015
267,2485,225.229238,-0.716987,-2.694872,119.074164,-2.737106,-274.266097,-1.045589,412.256548,182.159072,2.733331,0.642977,-1.005521
267,2486,170.704961,-0.170847,-4.122174,-461.436978,-4.539168,-444.062321,-3.614164,221.440923,-170.408221,3.857917,1.338088,-0.182124
267,2487,155.340050,-1.018768,-1.136878,266.708161,-1.882639,-429.946849,-1.175102,389.591401,-36.084176,3.951761,0.984853,-1.604192
267,2488,146.382375,-0.419874,-2.522084,521.693540,-2.871198,472.230072,-0.608204,161.927386,292.972114,4.112903,0.282497,-0.187222
267,2489,278.151119,-1.330740,-4.208892,489.910014,-2.405820,-237.264608,0.940657,22.907327,181.596660,4.627979,1.201067,-0.218930
267,2490,198.503023,-2.138444,-1.796540,250.511790,-3.212427,-28.590183,-1.283144,310.993856,-155.206905,3.444399,0.567953,-1.747690
268,2491,3.159448,-2.648466,-0.579318,-2.726776,-0.587186,0.214211,-1.718453,2.895418,1.445218,2.875958,0.944620,-1.589202
268,2492,3.558221,-1.421036,-1.932852,-2.001407,0.163858,-2.178411,-2.410649,1.133177,0.553027,3.265854,1.384201,-1.292720
268,2493,3.106872,-1.297293,-2.682894,-1.659526,-1.217409,-3.729972,-5.085082,2.648399,0.385226,2.290564,0.397180,-1.991090
268,2494,3.606133,-2.111105,-0.801130,1.215202,0.031858,-2.141941,0.519644,0.984557,0.242961,2.435008,0.894946,-0.960843
268,2495,2.920911,-1.084828,-3.265714,1.804865,-0.300078,-3.835319,-4.494321,1.997803,0.186672,3.380685,1.722502,-1.837556
268,2496,2.653453,-2.706293,-3.318268,-0.704166,-1.222538,-4.627474,-3.156887,2.234483,0.313473,2.870292,1.780484,-1.451104
268,2497,2.844211,-1.998929,-2.321291,2.684442,-1.668782,-4.793155,-2.779663,3.274593,0.471760,2.662167,1.517011,0.226877
268,2498,2.963457,-1.302907,-4.203495,-0.612410,-0.810524,-2.769869,-1.820937,1.575582,-0.106034,3.492705,2.157536,-1.519459
268,2499,2.916063,-2.834960,-3.235015,1.473195,-0.671812,-3.205339,-3.644717,2.994797,0.721293,3.139189,1.681605,-0.939613
268,2500,3.075527,-2.375365,-1.192874,1.982121,0.464340,-3.617508,-3.665268,1.680453,0.618895,3.600630,2.513652,-0.685482
269,2501,1.336730,-0.900694,-1.640585,1.675037,-0.070963,-0.733360,-1.749825,2.887292,1.101124,3.210636,0.303170,-0.065410
269,2502,2.928319,-1.324274,-0.780260,-1.624039,-1.701591,-0.301727,-1.399021,1.652100,0.061442,3.032971,1.121713,-3.502253
269,2503,2.537137,-2.072179,-0.567385,1.396648,-1.837971,-3.441056,-1.007474,1.928237,1.133460,2.919290,0.939712,-1.007901
269,2504,2.126067,-1.678385,-3.284456,0.320034,-0.328762,-3.189109,-3.694613,3.076134,0.209754,1.183105,-0.265705,-0.162416
269,2505,1.298032,-0.785309,-1.353126,3.320302,-0.972924,-3.618467,-2.905301,4.004788,0.308113,3.080817,1.679296,0.064058
269,2506,0.150499,-1.885698,0.699703,-0.629247,0.481827,1.685608,-2.008173,2.612799,0.068934,3.779189,0.092776,-1.940249
269,2507,2.300260,-2.726516,-1.751222,-0.524586,-1.200111,-6.033452,-2.949370,2.495148,-0.013435,3.442373,0.609380,-1.735439
269,2508,3.060535,-2.074239,-2.060766,-2.143909,-0.934615,-1.867470,-1.894324,4.447153,0.907057,2.158805,0.023700,-2.801569
269,2509,1.654351,-1.646138,-2.007617,-0.516514,-0.919063,-1.928797,-2.180038,1.869006,1.750075,3.168877,0.146858,-1.543173
269,2510,2.024689,-2.179393,-2.425122,1.475349,-0.807859,-4.862094,-0.923901,2.954492,1.012024,3.470594,1.249402,-2.195496
270,2511,172.471680,-0.046314,-3.111096,187.260228,-2.871522,200.487459,-2.353999,201.094637,226.754080,4.062047,1.202645,0.463298
270,2512,230.975256,-0.195915,-1.957749,475.904918,-3.793939,-683.571549,-3.128083,171.536670,219.100301,3.760800,0.790120,0.310399
270,2513,185.332252,1.127656,-3.041317,231.368322,-3.322530,-1173.889553,-3.668645,180.512315,-93.874798,3.760179,0.056449,2.015189
270,2514,266.984668,-1.216196,-2.567431,-541.100399,-3.152151,-1461.538206,-1.583504,212.477627,96.951027,4.214357,0.535915,0.538337
270,2515,213.037245,0.142391,-3.324551,-130.000658,-3.758536,-1164.403874,-3.608240,314.324992,67.154461,4.630788,0.919094,0.222370
270,2516,185.621606,-0.005349,-2.844646,-151.691548,-4.130588,-707.365526,-3.329467,258.477958,290.539730,4.655990,0.799390,-1.561417
270,2517,176.262950,-0.216835,-4.296795,356.799500,-1.932112,-664.039196,-2.488660,130.318599,-223.996745,4.666272,2.603574,0.041068
270,2518,193.289965,0.203935,-3.706685,19.592924,-2.208850,-1092.133412,-2.564171,47.554457,261.488176,3.295320,1.115062,-1.807484
270,2519,361.441324,-0.126059,-1.819275,279.249250,-4.108846,154.067173,-3.895101,240.501085,118.962233,5.254596,1.281786,-0.536486
270,2520,139.812147,0.617255,-3.051154,254.802808,-3.273130,-329.226001,-4.174521,345.336825,-175.722488,3.665241,-0.185398,-0.487896
271,2521,186.838757,0.176008,-4.395433,44.158793,-2.096092,-104.304782,-3.703575,281.177746,194.590249,4.707498,1.064806,0.992653
271,2522,67.061058,0.379800,-4.401044,-90.238416,-1.897720,-454.125396,-1.033840,468.704751,-142.168909,4.797976,1.038043,-3.401802
271,2523,72.096340,-0.221826,-3.763586,85.745741,-2.935110,-1226.814861,-2.660453,173.128015,48.757724,4.745558,0.875702,-0.801882
271,2524,140.213647,-0.399809,-2.439155,-114.585934,-3.801746,-578.347031,-3.847356,136.806779,180.313376,3.664679,0.692079,-1.656358
271,2525,202.601294,0.670157,-2.724877,-340.263016,-4.617158,-776.326412,-2.566714,207.723935,167.313173,4.449240,0.190931,-1.695458
271,2526,82.975820,-0.913622,-1.705964,508.424520,-2.779125,-121.092172,-2.668256,276.710986,154.871798,4.032214,0.933557,0.077301
271,2527,161.764505,0.069704,-2.832022,256.396919,-2.974173,-326.563389,-3.519287,362.218991,230.039788,4.566784,0.436864,1.210409
272,2528,144.245109,-1.492186,-2.755625,-66.176217,-4.147841,-1035.454229,-2.043813,152.274227,40.001071,4.725392,0.484466,-0.706466
272,2529,181.736130,0.586541,-2.527008,-225.050600,-1.747461,-106.808298,-2.785965,240.342906,352.519232,4.525688,0.535176,0.949642
272,2530,233.305000,-0.309441,-2.329235,394.975647,-4.131774,-706.498442,-3.929078,103.818349,-16.844276,4.581958,1.316931,-0.290406
272,2531,170.452498,-0.906534,-2.339928,347.288490,-2.600790,-1191.966747,-2.623601,247.355152,87.249139,4.692568,1.025071,0.407673
272,2532,133.924213,0.247516,-4.255279,123.247281,-3.232743,-631.816464,-3.422232,258.142266,75.717209,4.432615,1.082896,-1.333532
272,2533,145.894603,-1.586395,-1.832542,122.790201,-2.250113,168.100319,-4.548432,193.985479,190.871738,4.221725,1.035428,1.096998
272,2534,86.108526,-0.497737,-3.921479,167.243936,-3.407548,-840.621899,-4.044370,225.268550,278.381193,4.755332,2.004797,-1.265809
272,2535,55.708809,-0.188903,-2.436959,365.093717,-3.063940,-826.090816,-0.789669,157.370585,140.145699,4.418679,1.724540,-0.801313
272,2536,102.719494,-0.030413,-2.821169,22.146173,-3.367787,-254.198909,-4.872251,393.558355,99.751214,4.268727,1.655633,-0.188588
272,2537,182.990625,0.203424,-2.737384,453.106686,-3.852364,-463.074000,-2.450838,219.779336,67.686035,3.926818,0.716032,0.344020
273,2538,107.862574,0.392550,-2.567046,-141.279888,-3.728556,-597.107892,-3.036704,288.509126,44.221566,3.675754,-0.323968,-0.820626
273,2539,126.835385,-0.696541,-3.290184,249.320548,-3.695840,-1201.560631,-2.713813,262.872994,106.131702,3.427563,1.604385,-0.757612
273,2540,81.333211,-0.788890,-2.919605,-144.180337,-3.674888,-377.573037,-2.079482,142.801889,7.019036,4.737915,-0.148524,0.661769
273,2541,229.084856,-0.625559,-0.974727,265.285600,-2.173103,-216.526033,-1.305877,230.993749,52.071267,4.389901,0.771244,0.496538
273,2542,164.092817,-0.264342,-3.747068,50.086695,-2.282430,-639.661891,-0.394679,213.932916,110.133802,4.497355,0.608110,-1.627829
273,2543,236.858937,-2.624551,-4.083865,-190.859596,-3.081515,-836.090591,-1.612763,262.176102,254.449877,4.411058,0.117909,1.125184
273,2544,246.635672,-0.449115,-3.897026,486.282829,-3.569216,-1407.248753,-2.018051,395.201636,3.517836,4.663268,0.940994,0.656933
273,2545,191.179007,-0.404868,-3.665003,197.337227,-2.928613,-1378.999262,-1.577895,218.213615,52.085071,4.541459,0.323324,0.242574
273,2546,393.130759,0.716220,-3.294019,300.169423,-3.602626,-1380.278278,-2.116126,378.922322,-29.476441,3.845451,1.003926,-0.802990
273,2547,163.317708,0.131137,-3.996699,310.442171,-3.389313,-709.682416,-3.655144,339.250801,141.952973,3.891275,1.543244,-0.353014
274,2548,260.057622,-1.722643,-2.317452,299.030133,-3.649057,-317.153937,-2.034647,254.469138,60.149017,4.521193,0.275651,-0.955779
274,2549,268.622919,0.603715,-2.451187,-159.380269,-3.122410,-849.328848,-2.718397,282.280137,83.848574,4.156999,0.853870,-0.557374
274,2550,225.713787,-0.340508,-5.104158,196.158752,-2.902140,-306.794983,-3.519093,232.403530,-46.002448,3.966593,0.415699,2.227024
274,2551,20.699870,0.702454,-3.407487,-71.788514,-3.421279,-1099.646765,-3.220337,291.969612,160.656732,4.012897,2.304704,-0.050291
274,2552,148.702995,-0.625068,-1.905548,415.479362,-4.280429,-962.778810,-4.241736,248.698324,225.135575,4.053109,1.862311,-0.149121
274,2553,192.498341,-0.138185,-2.510696,-292.502197,-3.108988,-326.466352,-2.326067,307.858587,167.975344,4.288366,1.661030,-1.855095
274,2554,173.917280,-0.285006,-3.494915,134.277682,-5.095544,-1580.783588,-0.728256,144.592581,193.940647,3.391372,-0.014275,-2.554826
274,2555,165.995469,0.849525,-4.278214,13.912473,-3.230068,-928.316841,-3.271646,211.931842,-10.951014,4.684935,1.028259,-0.788936
274,2556,154.721739,-0.352838,-4.936782,-143.156226,-2.977449,-658.311459,-2.537743,302.742024,-96.685775,4.357177,0.797478,-0.153949
274,2557,123.958777,-0.990503,-2.160888,-295.651113,-4.101549,-580.838939,-2.024338,308.473293,70.935806,3.740287,1.685743,-0.343068
275,2558,120.931605,0.680352,-2.387624,11.818343,-4.539906,-429.141336,-1.056211,379.226479,62.351719,3.335273,1.172182,-0.984611
275,2559,194.555447,-1.663808,-2.377523,205.600955,-3.492162,-593.489104,-2.000319,295.327429,235.107841,4.252604,0.275762,-1.356138
275,2560,214.750045,-0.323574,-5.283825,-536.099805,-2.655588,-1019.459669,-2.592008,328.001935,196.118510,3.578819,0.759318,0.292565
275,2561,183.689890,0.144303,-5.453497,381.610474,-3.937399,-1402.498267,-3.462677,346.494795,-61.544757,4.959918,0.521669,-0.494985
275,2562,213.023691,0.843510,-4.268109,-168.686800,-3.043992,-1019.775757,-1.664052,245.307250,156.399176,3.954092,1.377433,2.063549
275,2563,137.139068,-0.616981,-2.428146,-471.228964,-3.598752,-503.690082,-2.086295,97.390366,107.115382,4.293873,0.514338,-1.035259
275,2564,280.260332,-0.002345,-2.838329,272.177118,-2.240089,375.302545,-2.937529,329.791011,148.112587,3.571876,0.863789,0.617755
275,2565,90.830306,-0.047621,-4.214480,134.313091,-2.603747,-810.975017,-4.983700,532.675915,158.476518,4.570266,0.393591,-1.907621
275,2566,103.479162,-0.384208,-4.165404,-51.569399,-3.105339,-1040.077727,-1.910116,97.785668,-8.935770,4.249343,-0.117860,1.426376
275,2567,161.382423,0.644474,-2.507131,-147.288961,-3.843251,-478.303913,0.803458,276.087786,124.808959,3.040563,1.302495,1.132289
276,2568,1.340970,-1.498591,-1.776719,2.592734,0.189785,-4.505520,-2.930791,2.785646,-0.218922,2.232799,0.380132,-0.772868
276,2569,1.823336,-1.731950,-1.996205,2.860196,-0.617144,-2.226887,-3.143608,1.016826,0.297109,3.058646,1.751496,-0.194475
276,2570,3.316527,-2.180198,-3.390203,0.611252,0.231621,-3.891021,-2.215674,2.582344,0.524050,2.874000,0.367988,-1.101755
276,2571,1.694151,-1.794703,-2.445515,1.698140,-0.365060,-7.114761,0.944586,2.444517,0.834494,4.959996,1.251712,-1.313609
276,2572,3.066981,-2.220701,-2.403970,0.166435,-1.175824,-4.464113,-2.102054,3.718318,0.152017,2.995245,1.948775,-0.469061
276,2573,3.865030,-2.904355,-1.512428,-0.514279,0.256674,-2.174841,-2.672147,2.118202,1.033907,2.769332,0.839224,-0.648519
276,2574,1.992974,-3.116117,-1.761744,1.039962,0.129180,0.079804,-0.390709,1.774086,0.368346,2.993650,1.678165,-0.440671
277,2575,1.868568,-1.607476,-2.711134,1.126305,-0.947182,-1.195856,-3.149823,2.828684,1.004518,3.682025,0.675704,-0.706631
277,2576,3.489623,-0.614820,-1.299014,-2.035731,-1.200706,-1.228909,-2.223631,1.289745,0.873113,3.066934,0.396232,-1.596902
277,2577,3.728736,-4.354900,-1.433322,2.224277,0.147609,-0.088746,-5.158997,1.573109,1.359379,3.481841,0.394439,-2.008927
277,2578,2.893248,-1.173727,-2.604323,1.902940,-0.287255,-2.638315,-2.282966,4.350314,0.414766,2.785474,1.399297,0.215790
277,2579,1.195135,-1.120391,-3.291127,0.433993,-0.773070,-3.876654,-0.401735,1.899885,0.666587,2.402589,1.903593,-1.037802
277,2580,2.588301,-1.767560,-3.705339,0.441344,-1.358423,-3.490140,-2.538792,1.598650,1.041593,1.990950,1.732937,1.495603
277,2581,2.257133,-2.017444,-4.580628,2.185703,-0.198238,-3.124456,-4.232772,1.678443,0.935922,2.739840,0.873648,0.113982
277,2582,2.681288,-1.060563,-1.102930,1.930964,-1.140520,-3.103001,-1.567866,2.139144,0.390222,3.894256,0.784945,-2.795722
277,2583,2.023889,-1.080824,-1.929726,-1.551200,-0.713036,-4.196147,-3.601286,2.584130,0.585944,3.636666,1.051902,-1.075502
277,2584,3.643111,-2.541663,-2.312160,0.050482,-1.140923,-2.351710,-2.542431,2.212744,-0.110723,2.420615,1.442614,-2.157282
278,2585,147.977894,-1.234278,-2.429050,128.306535,-3.368902,-776.895897,0.088919,319.493040,17.940745,3.650868,0.719195,-0.905312
278,2586,180.551183,-1.277751,-2.347053,-35.801625,-2.591076,-663.276341,-4.620598,325.111142,138.479641,4.237379,1.590276,-1.245578
278,2587,222.921271,1.261014,-2.454862,162.591868,-4.355775,-1299.848879,-4.350712,335.988332,-40.561641,5.406239,0.471499,-0.708533
278,2588,207.858279,-0.148249,-2.082758,-189.034992,-3.384452,-697.556252,-2.541529,326.676439,-11.266748,5.491602,0.754921,-1.370229
278,2589,105.005666,0.006062,-2.084366,180.678864,-2.754897,-384.494858,-1.380198,300.377271,15.602189,4.679860,-0.320224,1.981928
278,2590,136.000053,0.685721,-1.976265,226.009325,-2.080985,-762.981597,-3.240641,287.786617,-25.066507,5.280122,0.735685,-1.408198
278,2591,27.535814,2.113391,-2.820004,-109.936522,-2.732330,-1290.523400,-2.987747,259.616237,151.289853,4.304783,0.833979,-0.731445
279,2592,2.414116,-2.197756,-0.170940,-1.551437,-0.405559,-2.815559,-2.807965,3.199377,0.440802,2.415209,0.396707,-1.457217
279,2593,1.658448,-2.180512,-1.511484,4.001467,-1.399287,-2.321235,-1.621246,2.680672,0.510293,2.831199,1.743758,0.215746
279,2594,2.822979,-1.197736,-0.964422,-0.576693,-1.493638,-3.022766,-1.544344,2.186116,-0.551103,2.857717,0.370708,0.564884
279,2595,4.421741,-2.081147,-2.301564,0.177476,0.213125,-2.922432,-2.314688,2.501533,0.007271,3.368685,0.779915,0.434680
279,2596,2.470329,-1.089199,-3.400954,-1.273827,-1.187636,-0.462609,-2.521163,3.536731,0.499776,3.012725,0.339059,-1.884459
279,2597,3.073086,-2.862778,-3.223343,1.018396,-1.138247,-4.420398,0.216761,1.143220,-0.629525,3.514514,1.645602,-0.148265
279,2598,0.541574,-2.241159,-2.428976,1.706658,-1.436686,-1.994850,-0.455195,1.605835,-0.170666,4.079603,1.543006,-3.543218
279,2599,3.096391,-1.216587,-0.833882,3.764434,0.129878,-3.606254,-3.607352,0.748009,-0.270724,3.707105,0.909547,-0.947911
279,2600,3.740652,-2.061266,-3.365328,0.455773,-0.785448,-5.194038,-2.077511,2.336679,0.571435,3.382693,0.304130,-0.299309
279,2601,2.573581,-1.396381,-3.772569,1.962786,-1.193265,-2.988754,-2.350813,1.612106,0.604102,3.366702,1.065712,-0.841917
280,2602,1.680495,-0.787945,-3.411927,1.934169,-0.756853,-3.876071,-3.223878,2.077461,0.382257,2.762765,1.035331,-1.883999
280,2603,1.852965,-1.834371,-0.662264,-1.067114,-0.281945,-1.511891,-1.291107,1.764971,1.984126,2.495067,2.002477,-1.225872
280,2604,2.284040,-2.604829,-2.074999,-2.196857,-1.803542,-1.905265,-1.685985,2.334215,0.631795,2.598510,0.131250,-3.236918
280,2605,2.030219,-3.663210,-2.306032,-0.023660,-0.173886,-1.473768,-2.389919,2.547279,-0.230363,2.309283,1.067951,-2.605657
280,2606,1.851394,-2.246752,-2.736766,-1.259266,-2.137777,-3.615017,-4.161605,2.812387,1.117923,2.741741,1.491742,-1.452945
280,2607,1.996231,-2.042108,-1.951888,0.282629,-0.215118,-1.828625,-2.106153,2.677647,0.324197,3.475458,1.460259,-2.759959
280,2608,2.425032,-1.272743,-3.245337,1.999330,0.086026,-4.428321,-1.534750,2.741164,0.319035,3.382022,0.881233,-1.799369
280,2609,0.584335,-1.767403,-1.457172,2.420005,-0.992294,-1.110085,-2.621819,0.355355,0.868395,3.072455,0.942270,-1.160788
280,2610,3.795951,-1.858677,-1.839139,1.448853,-1.576827,-2.437098,0.077938,1.221564,2.102253,3.595494,1.223126,-1.800934
280,2611,2.403087,-1.188612,-3.763539,-0.957175,-0.340566,-3.698717,-0.091708,2.045086,0.326931,3.072478,1.102555,-0.921884
281,2612,3.425858,-0.549675,-2.876901,0.052291,1.130854,-2.831543,-4.661972,2.071956,0.863953,3.083646,1.180455,-0.248726
281,2613,2.990169,-2.514301,-3.652203,-2.071309,0.962708,-2.632339,-2.343025,1.922600,1.375061,3.462281,1.135169,-0.913770
281,2614,3.103891,-2.072739,-3.181147,4.426950,0.344031,-1.400528,-1.473416,1.862811,0.682509,3.000245,-0.102611,-1.155690
281,2615,2.231241,-3.521873,-3.661134,0.804918,-0.299861,-3.370181,-2.309323,2.624739,0.435073,3.339639,1.313260,-1.112311
281,2616,2.804836,-3.015449,-2.160443,0.452228,-0.559306,-4.283183,-2.729239,2.504826,0.301060,3.493542,0.677905,1.341076
281,2617,2.774226,-2.275408,-2.752530,-0.365188,-2.544737,-2.978857,-2.462722,3.394908,1.331949,3.387724,0.384569,-1.512892
281,2618,3.507146,-1.386273,-2.073201,0.642982,-0.840324,1.033093,-2.143508,2.264614,0.263138,3.541822,0.971783,-1.173671
282,2619,2.348715,-1.379995,-3.666898,0.184705,-1.382335,-5.506946,-1.843029,2.083613,1.221491,2.527777,1.989277,-2.519290
282,2620,0.197339,-2.561063,-4.206543,0.897880,-0.437968,-4.320245,-1.757838,1.712256,0.269082,1.725864,0.946412,-1.164536
282,2621,3.384351,-1.491655,-1.975363,1.550042,0.152815,-2.887545,-2.113973,2.072130,0.828109,2.681369,0.499883,-3.190165
282,2622,2.805892,-2.378161,-3.494057,2.119277,-0.439072,-3.852079,-1.220131,2.599051,-0.016932,2.663660,1.240731,1.411304
282,2623,1.322392,-2.601302,-2.425948,3.789488,0.320171,-1.155069,-2.614085,3.941851,-0.219660,3.118495,0.322151,-2.299440
282,2624,3.726930,-1.930428,-2.862102,0.009535,0.310333,-4.809365,-3.033969,3.894759,-0.150320,2.557089,1.553319,0.790508
282,2625,4.043283,-1.926424,-0.420145,0.946195,-0.884264,-0.348262,-3.711582,1.700608,1.178195,3.055791,1.389830,-2.948642
282,2626,2.583301,-2.147771,-4.154401,0.055553,0.287457,-4.172263,-0.938527,1.867660,-0.045562,3.616499,0.885529,-1.415978
282,2627,2.483825,-2.459380,-2.083533,0.842853,0.617629,-3.904049,-2.561896,3.472343,0.571089,2.950177,0.805366,-0.742666
282,2628,4.344475,-1.051016,-1.290243,0.674339,0.070566,-3.087421,-2.430012,2.189362,0.987782,3.569139,0.725199,-0.938574
283,2629,254.588678,0.872879,-3.180532,-176.378934,-4.999557,-992.666273,-3.820560,182.476545,69.798986,4.979654,0.996646,1.117892
283,2630,225.308813,-0.651398,-2.151700,-275.208776,-3.723115,-327.643941,-2.736382,319.090652,80.532402,5.330572,2.195204,0.608793
283,2631,200.875680,-0.090931,-2.726575,101.837090,-3.157049,-1091.225667,-1.874082,65.392415,128.964893,4.566882,2.442857,-0.239467
283,2632,270.050599,0.441041,-2.844665,384.942304,-2.269371,-224.557284,-0.946656,180.379143,118.516968,3.636784,0.290072,0.134031
283,2633,118.490115,0.662878,-2.489177,262.135249,-3.634817,-659.119554,-0.635721,317.595137,13.837320,4.348682,0.811109,1.212813
283,2634,125.570705,0.721299,-3.238275,40.155709,-2.061469,-212.435361,-1.764801,113.264474,105.433716,3.885691,0.399473,-0.815571
283,2635,272.751847,-0.475382,-1.525212,-338.407592,-3.014035,-543.285589,-3.855579,398.441592,-7.120920,3.302573,1.354520,-0.672300
284,2636,151.268573,-0.141259,-3.491977,150.413949,-3.518202,-495.402572,-1.243877,308.808819,135.400859,4.439024,0.172996,-0.412795
284,2637,167.762376,1.513839,-3.448870,46.049736,-2.340296,-141.561986,-2.133418,213.013646,50.932518,3.900294,1.296326,-0.740813
284,2638,182.282391,-0.671068,-1.518891,-37.907993,-4.196506,-504.337862,-3.165412,240.116020,324.099822,4.866164,0.994536,-1.692220
284,2639,173.180843,0.041809,-3.485824,-418.913407,-3.284545,-631.682204,-1.491585,420.003943,-25.839861,3.594573,1.729539,0.107560
284,2640,162.650209,0.465755,-2.845551,128.541699,-1.744155,-775.918925,-2.380816,413.972999,222.152904,5.208413,0.189135,-0.302751
284,2641,221.661694,0.274625,-3.128509,105.090694,-2.610931,-137.261317,-4.237416,153.552211,179.219376,4.881984,-0.094464,-0.841179
284,2642,133.406825,1.151948,-2.547507,277.219667,-3.171356,-403.999800,-2.583198,239.167438,8.648441,4.957132,1.066094,-0.027455
285,2643,2.549717,-0.978198,-2.488784,0.061849,-1.496749,-3.723195,-0.856173,1.370778,1.350086,2.957659,1.447288,-3.224939
285,2644,3.603177,-2.255831,-3.819798,-1.026856,-1.708338,-5.527961,-3.067085,1.953212,-0.541253,2.554991,1.047065,-1.201194
285,2645,1.594960,-2.240738,-3.489269,-0.147388,-1.143676,-3.641367,-1.274712,2.877478,0.560903,2.727484,1.355920,-2.919609
285,2646,3.275099,-2.186437,-1.516875,3.052413,-1.331210,-3.901003,-1.276861,3.112881,-0.568550,2.617727,1.420323,-2.293639
285,2647,2.564098,-1.329932,-2.616971,1.034172,-0.907042,-0.993888,-0.968112,2.642646,1.244312,2.690263,1.762752,-1.520889
285,2648,3.277988,-2.057896,-1.674543,-0.370698,1.183166,-4.324592,-1.228603,1.678769,-0.118005,1.851709,1.007622,-1.007588
285,2649,1.080015,-1.668239,-1.528448,0.018901,-0.375093,-6.491654,-2.166684,1.476629,1.311571,2.712921,-0.005190,-1.424173
285,2650,2.020459,-1.849848,-0.704318,1.071429,-0.442970,-2.115602,-3.409590,1.722009,-0.415645,3.473458,1.606296,-1.419652
285,2651,2.345831,-1.784428,-2.026821,4.580231,-0.240019,-1.875129,-1.692437,1.496738,0.021628,3.356146,0.974413,-0.827668
285,2652,0.801812,-1.798463,-2.509357,2.464576,-0.062657,-1.182825,0.252389,0.468992,0.639117,2.888750,0.408192,-0.994883
286,2653,4.203088,-3.364556,-2.675774,1.008784,0.435366,-2.584932,-0.408211,1.633766,-0.387958,2.997317,2.186852,-1.235111
286,2654,3.111866,-2.396083,-1.281624,-3.054217,0.145386,-2.839216,-3.057683,2.208137,0.531130,2.981649,0.659606,-0.940406
286,2655,4.431196,-1.943882,-3.488537,3.087846,0.339460,-1.646363,-2.835788,3.724581,0.373104,2.393786,1.094389,-1.599790
286,2656,4.055953,-1.255955,-1.345501,2.665893,-1.391538,-0.849718,-1.443451,2.663419,1.366734,1.967438,1.078327,1.100002
286,2657,2.353220,-1.902796,-3.231331,2.845142,0.260416,-1.779561,-1.923603,2.737260,-0.128072,2.620136,1.089600,-2.917093
286,2658,1.739455,-1.303543,-3.545577,1.651186,-0.655114,-3.151184,-2.468908,2.711395,0.915730,2.223800,0.759046,-2.367035
286,2659,3.049222,-2.109678,-1.137400,2.162076,-0.656768,-2.100862,-0.829084,2.288696,0.262103,2.334298,0.391986,0.757560
287,2660,199.152883,0.581184,-3.713790,349.374493,-3.899731,-640.966335,-4.250759,279.909647,49.169118,4.348874,0.288713,1.627383
287,2661,156.790855,-1.469092,-3.280021,195.797851,-3.243782,-826.117596,-2.550269,274.534283,176.384614,4.880621,1.039530,-0.157988
287,2662,158.831031,-0.015000,-2.730017,128.021109,-3.362711,-1383.814572,-3.365945,183.652732,119.970852,3.750285,0.934824,1.053269
287,2663,195.565036,-0.263400,-2.318875,32.435456,-4.014087,-367.417322,-2.411064,448.825975,156.116926,3.112484,0.444580,1.031750
287,2664,247.178900,-0.731884,-2.486375,71.662122,-2.354483,-1120.959066,-4.541605,293.699343,138.724419,4.790950,0.971364,0.774918
287,2665,258.811539,0.579748,-4.181813,-342.737240,-2.495274,-681.806387,-0.969188,285.558051,183.380739,4.422246,1.277682,-1.459824
287,2666,157.463436,-0.783449,-2.517868,301.027549,-2.338103,-813.320818,-2.199571,150.227542,127.182512,4.226165,1.148822,-0.546583
287,2667,78.760993,1.138706,-4.099970,-416.058552,-3.499913,-725.126280,-0.534791,207.034861,-26.587643,4.476325,1.386935,-0.003409
287,2668,197.602645,-0.114713,-2.256820,463.701075,-1.980299,-750.173296,-1.937608,87.037606,261.485551,3.644036,0.937022,1.480335
287,2669,86.546987,0.339992,-1.893219,371.167817,-3.401979,-123.285012,-3.851854,280.873691,224.278195,3.304792,0.428661,-1.926977
288,2670,0.907026,-2.865405,-3.065625,0.179067,-0.717464,-1.309667,-2.342125,3.663836,1.274805,3.403121,1.452596,-0.489161
288,2671,1.824131,-1.590961,-1.607434,1.671010,-0.661397,-2.782741,-1.052099,2.307570,0.476429,3.480270,1.510974,1.027240
288,2672,1.058166,-2.587055,0.935696,1.991005,0.535876,-0.833400,-2.597875,2.250416,0.198701,3.115395,1.731906,-0.451858
288,2673,1.648992,-2.424137,-2.790164,-0.161885,-0.218071,0.547743,-1.042886,2.891624,-0.117408,3.205514,0.436018,-1.579989
288,2674,2.259245,-2.908371,-2.393126,-0.787456,-0.859301,-4.465222,-4.172287,0.741806,0.594939,3.023183,1.321323,-0.121349
288,2675,2.949512,-1.857808,-0.717848,1.572628,0.468685,-3.452756,-2.472080,1.737453,0.444039,2.519587,0.424192,-1.390525
288,2676,2.699860,-1.371761,-1.132128,-0.243767,0.132555,-3.234107,-2.117403,3.732873,1.081006,3.097194,0.209055,-1.341882
288,2677,2.755155,-1.326709,-3.018649,2.389278,-1.200087,-5.168585,-0.225324,2.572896,1.661817,2.904748,1.358105,0.923454
288,2678,4.033050,-1.932873,-2.087491,-0.014079,0.188953,-2.603080,-2.285178,1.450223,0.448831,2.435065,0.055357,1.851339
288,2679,1.850944,-1.489333,-0.331469,0.278189,0.047924,-3.561280,-2.175302,2.471131,0.216484,2.049568,1.676187,-0.193239
289,2680,227.524345,-0.026252,-4.045052,209.700509,-5.552547,-890.956728,-2.524313,190.960650,86.527800,4.057134,1.550358,2.479508
289,2681,117.069092,-0.186032,-1.969021,176.341282,-2.920652,-602.779300,-0.600895,369.763515,207.824208,3.263191,0.517279,-0.693089
289,2682,194.431695,1.313566,-2.041266,374.798878,-4.777936,-113.750515,0.109598,98.916744,-23.222446,4.400740,1.621962,-0.904695
289,2683,215.724819,-0.670054,-3.138903,-18.884969,-2.032974,-1330.500707,-1.119373,279.576321,68.149838,4.359259,0.947924,-0.053974
289,2684,149.338125,-0.710666,-2.021905,41.082329,-2.632512,-873.833819,-2.030264,215.498675,5.455409,4.719732,1.707282,-0.046860
289,2685,117.772321,-0.474846,-2.986653,194.969389,-3.077044,-177.477523,-3.843371,319.732087,-116.632281,4.456588,0.735517,-3.807286
289,2686,148.937829,-0.367299,-4.553654,4.125440,-3.994569,-471.971271,-1.255433,382.707274,63.654395,3.551018,0.516882,-1.960865
289,2687,99.989593,0.130683,-3.149911,266.265294,-3.977928,-372.127066,-2.721606,325.269004,-7.142395,4.277255,0.144765,1.794473
289,2688,159.738910,-0.684335,-3.176449,-60.945710,-3.390615,-36.719754,-1.292892,347.315351,71.213622,5.402601,-0.337738,-1.104698
289,2689,202.792520,-0.009074,-2.929980,-319.697288,-1.847615,-1444.763350,-2.614154,420.842852,202.575454,4.549235,0.642332,-0.269652
290,2690,2.641224,-2.396799,-0.971946,2.226237,-1.106417,-2.615659,0.755922,0.229970,0.680940,4.024220,1.565655,-2.447508
290,2691,2.936840,-2.127621,-3.662633,-2.458920,-0.131815,-3.889257,-4.060427,3.689497,0.902670,3.776014,1.497884,-3.085241
290,2692,3.213752,-1.557536,-2.119265,1.559876,-0.118833,-2.969228,-0.193286,2.667696,0.772375,4.385828,0.454940,-0.253959
290,2693,2.140928,-2.689576,-1.741044,0.191641,-2.118739,-2.708005,-3.344616,2.973466,-0.273988,2.283638,1.022116,1.222917
290,2694,1.258682,-2.193922,-1.638781,1.811915,-0.342710,-2.880330,-0.520847,1.162464,-0.355936,3.420149,1.864660,-2.632382
290,2695,2.288366,-2.938800,-2.818202,-0.459198,-0.372686,-0.229292,-0.798839,3.703414,0.486995,3.788289,1.471092,-1.944673
290,2696,2.746075,-1.816214,-0.973501,0.146117,-0.397082,-6.193589,-3.790235,1.090283,0.599844,3.546130,-0.011994,-3.010875
290,2697,3.605813,-2.395871,-1.889853,1.044061,-1.415499,-2.257365,-1.124793,2.522734,0.743726,3.378293,0.824593,0.448968
290,2698,1.560439,-2.055332,-2.460876,1.159770,0.423887,0.346436,-3.323443,1.265193,0.145754,2.388484,-0.546895,-0.194677
290,2699,2.623649,-1.615965,-2.056943,0.034779,-0.205540,-5.596454,-2.855758,1.473549,1.199279,2.655043,1.200768,-1.263419
291,2700,3.923593,-0.998101,-1.998799,-0.608120,-1.064149,-3.512588,-4.205434,3.039702,2.014010,3.718021,0.745083,0.068828
291,2701,2.640489,-2.383945,-2.910513,-0.111733,-0.429703,-1.098446,-4.096063,0.897621,1.484899,2.244146,0.976271,-1.712726
291,2702,1.346193,-1.847531,-1.532011,2.978223,-2.290556,-4.994633,-4.069095,2.386679,0.969637,2.402805,1.754277,0.100415
291,2703,2.351234,-2.414686,-1.034868,2.882830,0.766663,-5.010303,-4.302168,1.643877,-0.377212,1.761546,1.288503,-0.178107
291,2704,3.338465,-1.764039,-1.348614,0.966348,-2.474939,-2.301404,-0.878282,1.563678,-0.188566,2.547928,2.559242,-2.366060
291,2705,2.131307,-2.771092,-2.091947,1.298509,-0.789302,-2.707323,-1.458972,2.143785,0.816099,3.145262,0.294772,-1.467513
291,2706,3.120524,-2.317264,-2.992373,1.106335,-0.959335,-3.589875,-3.619240,1.563376,0.724665,1.694732,1.575001,-2.696314
292,2707,1.613534,-2.210710,-2.313480,2.797099,-0.232380,-4.084519,-2.530195,1.805829,0.894747,3.337732,2.080622,-1.314334
292,2708,3.850642,-1.046237,-1.815089,0.035880,-0.095258,-1.955308,-1.300607,1.607711,0.583773,3.373664,1.029262,-0.800129
292,2709,2.325551,-2.782667,-1.522085,-0.820529,0.428939,-2.039985,-3.858414,1.984645,1.495817,3.695666,0.880827,-1.356322
292,2710,2.917206,-2.255422,-2.657644,0.762757,-1.463452,-4.710699,-1.337477,2.144835,0.133430,3.321995,1.595403,-1.348239
292,2711,1.998328,-1.972349,-1.788918,0.859452,-0.696746,-3.061721,-3.425559,1.951246,0.658883,2.573901,1.758756,-1.258242
292,2712,3.048600,-1.023423,-2.496278,2.988109,-0.443590,-3.910671,-0.956642,1.743467,0.220050,2.990502,1.580227,-1.054106
292,2713,3.094832,-1.946754,-3.315391,0.339499,-1.234278,-3.329955,-4.532041,1.786236,0.746224,3.229166,1.124379,-0.372108
292,2714,1.437435,-2.549904,-2.781710,-2.720409,-0.836340,-5.610363,-1.732325,4.028500,0.647416,1.382962,1.234504,-0.988454
292,2715,1.890746,-2.765052,-3.441453,0.497851,-0.125062,-2.897764,-1.202041,2.373148,0.424506,2.377284,1.004533,-1.989311
292,2716,4.554648,-2.176463,-4.184244,0.474444,-0.003243,1.045443,-2.545906,2.592990,0.100679,3.014324,1.306294,-0.795481
293,2717,194.343233,-0.151509,-3.128116,282.694693,-2.679966,-408.608035,-1.484881,433.054566,245.353947,2.713942,-0.417977,-0.195104
293,2718,181.895546,-0.093678,-3.022640,320.013962,-3.574584,-172.447585,-1.912239,236.478366,-81.956008,4.507182,1.439009,-0.083276
293,2719,207.861937,0.244609,-1.742918,178.955147,-2.993098,-656.765955,-2.296948,289.399597,-214.103282,4.490593,0.484527,0.541605
293,2720,217.045072,-0.159334,-3.671533,71.193459,-3.244577,-811.237132,-3.092581,239.249746,-107.735209,3.811183,0.349507,-1.146203
293,2721,19.150104,-1.056689,-4.006191,246.740028,-3.331776,-376.235368,-1.336966,489.454212,3.517398,4.742126,-0.712002,1.984174
293,2722,114.367132,-0.679616,-1.086357,224.973884,-2.466336,-963.985818,-1.461746,461.003437,15.294857,4.592207,1.076674,-0.419126
293,2723,105.987491,0.630622,-3.566430,-42.441008,-2.297500,-268.663055,-1.812035,342.133734,64.365356,3.694442,0.649521,-0.821186
293,2724,129.636608,-1.315888,-0.929539,141.137420,-3.235824,-820.737203,-3.093887,151.607951,-41.123451,4.778863,0.122974,1.795300
293,2725,206.901050,-0.534227,-4.106422,274.550696,-3.479294,-1160.343958,-4.124589,358.088307,362.295748,4.797118,-0.710048,0.137296
293,2726,235.071948,-0.350047,-2.905470,320.715862,-3.613246,-667.907421,-2.365081,193.150968,124.102079,3.739431,0.729759,0.102411
294,2727,3.114054,-2.336486,-2.779940,1.236146,-0.382503,-3.044919,-4.510856,1.457904,0.124092,3.893558,1.179449,-0.259095
294,2728,2.756664,-1.944703,-3.271053,1.387510,-1.285971,-4.638764,-2.458874,1.111904,-0.288356,3.112262,1.599588,0.047690
294,2729,1.208210,-2.678370,-2.863011,0.629619,-1.026685,-3.229951,-0.887628,3.205155,-0.189196,2.815932,1.250352,-1.518796
294,2730,1.440699,-1.707240,-1.887003,0.799384,1.784587,-2.982245,-1.756813,3.474600,1.117850,3.379299,0.452085,0.799552
294,2731,2.854335,-2.177633,-1.848865,2.627653,-0.296044,-2.805356,-0.917723,3.913977,-1.072900,3.794170,1.123444,-4.568454
294,2732,4.763801,-2.042613,-2.980252,1.977968,-0.766261,-5.109306,-0.703100,3.743749,1.361391,2.456255,0.723814,-1.084807
294,2733,2.977165,-1.310648,-1.294936,0.731753,-1.031223,-1.872530,-3.372522,3.118848,0.914904,2.765904,1.111603,-1.034081
294,2734,2.102609,-2.692504,-3.585453,1.541385,-1.009503,0.236312,-2.615272,3.242869,-0.111235,1.675945,0.820995,-1.021763
294,2735,2.489561,-1.443971,-4.152691,-1.644892,-0.043354,-3.617724,-1.310558,0.731591,0.244696,1.526933,1.357012,-1.812798
294,2736,1.659946,-2.308264,-2.500780,1.317543,-1.317722,-5.761673,-3.530591,1.144102,0.740181,3.503330,1.429396,-1.370257
295,2737,159.794337,0.856675,-3.635291,247.014777,-2.068236,420.193321,-2.949982,239.330208,32.029299,4.073465,0.858757,0.752562
295,2738,166.399467,1.154906,-5.240579,274.675266,-3.189971,-124.726019,-1.909844,160.802206,184.423049,4.425262,1.536338,-1.332269
295,2739,114.375819,-0.701660,-4.344941,106.744403,-2.482930,-986.810548,-2.131808,206.462690,-61.813400,4.551265,0.478167,0.618723
295,2740,195.751566,0.432114,-2.531037,-61.583085,-2.863688,-604.748673,-1.396892,257.158065,-104.018504,3.679101,1.233986,-2.233800
295,2741,310.501887,0.726993,-2.965325,205.046219,-2.358575,-110.152428,-4.186230,132.771095,-49.540898,4.537870,0.445565,-0.143235
295,2742,310.009990,-0.156101,-2.298414,310.454250,-3.637508,-916.411416,-1.326222,273.551567,26.357425,4.755866,1.188176,-0.113954
295,2743,227.878088,-0.094656,-3.194227,-264.844364,-4.028891,-141.259293,-2.368435,168.255723,74.406973,4.896202,-0.377031,3.098150
295,2744,136.192347,0.236375,-2.662024,10.166217,-3.687282,-1028.783014,-3.081402,223.967582,264.316796,3.161061,0.874332,-0.049690
295,2745,284.416774,0.195830,-4.217579,218.117560,-4.653029,-1390.984796,-1.310067,265.835814,90.698572,3.289423,1.192779,-1.999854
295,2746,75.991374,-0.110523,-2.040019,141.466632,-5.010278,-803.870045,-2.902843,68.049891,171.912823,4.219775,1.155813,0.128086
296,2747,170.696944,-0.580212,-3.557475,308.420003,-3.080834,-955.966119,-1.646267,206.616791,-67.665205,3.484270,1.213020,0.032349
296,2748,150.732232,-1.054932,-1.930124,280.720546,-3.216723,-447.470426,-2.429516,197.560392,80.509442,2.714019,0.917840,-0.278774
296,2749,166.312717,0.463212,-2.875596,136.798293,-2.670798,-528.248484,-2.979728,215.419016,23.817330,4.006865,-0.092750,-1.660698
296,2750,217.208095,-0.862896,-1.833269,-93.920243,-3.556996,-541.123901,-1.557054,350.995990,-38.030952,2.901086,0.986749,0.449455
296,2751,115.390068,0.008322,-2.869282,183.330674,-1.514687,-1005.000623,-3.654215,276.899041,188.018144,3.915331,0.666986,-0.094213
296,2752,113.218511,0.603028,-5.404733,-80.850203,-5.065242,-840.373611,-1.023475,198.733452,57.213329,5.453042,2.411546,-0.189337
296,2753,214.011085,-0.346313,-3.089648,66.431141,-2.831281,-276.272324,-2.842786,329.742142,189.768233,3.452209,-0.178681,-0.151443
296,2754,205.058007,0.584234,-1.685072,52.141807,-3.244183,-529.946872,-3.823126,87.513858,57.420998,4.287932,1.274044,1.794779
296,2755,240.929626,-0.498429,-2.010360,389.296065,-2.743789,-1102.842300,-2.017055,345.800413,137.971032,4.683426,0.904682,2.186870
296,2756,103.226974,-1.044210,-3.532439,175.654622,-2.773866,-679.760076,-1.465565,231.772414,152.966830,4.908779,0.860996,-0.700380
297,2757,3.449193,-0.474268,-1.730991,1.823418,-0.304978,-5.698663,-1.935021,2.629603,1.782867,2.051933,1.930383,-0.562818
297,2758,2.538768,-1.106189,-2.790630,-0.716541,-0.385783,0.926294,-3.344029,1.272554,-0.204454,3.812860,1.864255,-0.671650
297,2759,2.051360,-2.727783,-4.117014,-3.075304,-0.806413,-2.299824,-1.999423,3.674637,0.695531,2.053126,1.634616,-3.492225
297,2760,2.569401,-1.876196,-1.612270,1.672605,-0.530722,-1.277897,-2.979694,1.581783,0.358535,3.594672,1.286969,-0.673636
297,2761,1.236312,-1.738234,-0.925181,-3.407423,-0.238052,-0.368294,-3.312374,0.672013,-0.151318,3.067769,1.402845,-0.863299
297,2762,3.820356,-2.931822,-1.164038,-0.647526,-0.390794,-4.822765,-5.888473,1.877420,0.309382,2.760691,0.621614,-2.498545
297,2763,2.458903,-2.882444,-0.930892,1.369754,0.053021,-4.616341,-5.306041,1.803709,1.515256,1.432437,2.099144,0.429049
297,2764,1.500418,-1.320398,-1.873455,2.904855,0.197681,-6.566356,-4.931304,4.299035,0.124471,2.988076,0.099109,-0.620800
297,2765,2.864898,-2.929525,-4.572475,-2.144114,-1.980147,-3.519021,-3.278750,2.364739,0.793941,3.710580,1.771892,-0.116388
297,2766,2.017749,-2.255077,-0.696868,3.317026,0.321611,-1.961628,-3.182363,0.675954,1.228738,2.787784,1.539534,-0.690165
298,2767,2.642890,-1.908880,-2.543034,0.270474,-1.190894,-1.895493,-2.783191,2.366416,0.301048,2.390185,0.129408,-0.890155
298,2768,3.031561,-1.193580,-2.691116,0.829843,-1.452013,-2.007604,-0.810395,2.977520,0.656024,2.875737,1.035079,-0.653885
298,2769,1.821052,-0.988327,-3.129975,1.911628,-2.681814,-4.627925,-1.809632,1.227334,0.373875,3.086886,1.305642,-0.759997
298,2770,2.885408,-2.162517,-2.132784,0.099646,-1.303872,1.051693,-4.325461,1.603750,-0.369003,2.337200,0.388497,0.698039
298,2771,1.123702,-2.324038,-2.465431,-1.242919,-1.078867,-2.004824,-3.997898,2.611273,0.322841,3.279844,0.844787,-2.102789
298,2772,1.174355,-2.292122,-2.387320,-2.010385,0.046966,-3.495762,-0.496114,2.693210,1.278108,1.986845,1.453826,-2.256652
298,2773,3.337716,-2.035139,-3.380002,7.009523,-1.579964,-2.280211,-2.896732,2.715331,0.807798,3.488442,-0.189006,-2.454155
298,2774,2.030089,-2.852294,-1.383777,-2.589343,-2.042335,-3.077864,-1.190266,0.839344,0.996543,2.741230,0.836606,-1.748007
298,2775,3.312367,-1.019123,-0.900622,0.566708,-0.709783,-1.449095,-1.447711,3.290162,0.851293,2.407416,1.446171,1.670664
298,2776,3.718734,-3.716044,-0.864214,1.667157,-1.730636,-3.504277,-0.742986,1.799061,0.739606,2.764577,-0.191572,-1.076922
299,2777,1.293010,-3.217563,-2.399162,0.969326,-1.592461,-0.385443,-1.954596,2.409791,1.271930,2.353938,1.201839,-1.613670
299,2778,2.245990,-1.355129,-4.128782,-0.651520,-0.446166,-3.754293,-2.090902,1.622588,1.232674,3.193637,0.697027,-1.905080
299,2779,2.880437,-1.862586,-0.903309,0.609382,-0.823383,-2.444471,-1.081278,1.250511,0.066005,2.314159,1.134802,-0.843541
299,2780,2.138622,-1.865073,-2.159081,2.366589,-0.928107,-1.473552,-2.871377,1.619334,-0.687966,3.130963,0.790196,-0.738368
299,2781,4.161027,-2.765729,-0.945116,0.575238,-1.385587,0.632087,-0.382961,2.764119,0.504167,3.274439,1.857160,1.212937
299,2782,1.774573,-2.424081,-4.406133,2.149784,0.335079,-4.409283,-2.616266,2.089482,0.275356,2.043343,0.483074,-3.023389
299,2783,1.741188,-0.999216,-1.243085,-1.449335,-1.049865,-3.010163,-4.277823,1.258865,0.240470,3.968600,1.331699,-1.067925
299,2784,4.717080,-2.296002,-1.518696,-1.103961,-1.355244,-1.428308,-1.521949,2.918200,0.645632,2.964651,1.192063,-0.272569
299,2785,2.591480,-2.408187,-3.515362,-0.210530,-0.973487,-1.308031,-2.587668,1.261375,0.132099,3.839639,0.706918,-1.829788
299,2786,3.015050,-2.708160,0.302529,-0.368529,-0.223079,-1.781363,-3.270348,3.275654,0.105741,3.330549,1.409229,-2.871440
300,2787,273.271776,-0.949645,-2.766135,45.054831,-2.910675,-1259.034499,-2.665296,481.128495,10.639907,4.479942,1.136357,0.035256
300,2788,232.297951,-0.465318,-2.475216,85.780833,-3.429028,-641.383185,-5.775027,100.930442,-146.831232,4.657973,0.896187,-1.769447
300,2789,184.914101,0.379546,-2.873714,-175.327873,-3.085104,-746.024014,-2.757736,470.266348,54.281731,5.076218,0.721682,-0.912022
300,2790,221.454410,-0.732436,-4.673386,232.172765,-3.689618,-910.444766,-2.426136,370.670419,-145.872795,3.711037,0.599782,0.599147
300,2791,146.951742,-1.489203,-3.406440,-160.167719,-4.188898,-594.776414,-1.281665,483.306313,237.962958,5.853395,-0.313569,-0.200684
300,2792,166.098708,-0.469330,-2.442574,124.671903,-4.062145,-890.683475,-1.806446,307.218829,130.353452,4.132158,0.204441,0.279003
300,2793,116.327258,0.612410,-2.607940,21.948021,-3.686483,-132.104828,-1.880707,468.778531,60.950009,4.428153,1.828347,-1.074754
300,2794,91.514650,-1.054706,-3.377642,470.350918,-4.027074,-1331.208340,-2.180208,341.674361,146.919657,4.134799,0.011359,0.111789
300,2795,148.675764,-0.028048,-0.842217,90.355425,-2.880406,-1229.860830,-2.915376,302.283433,118.546247,4.552092,1.526918,-0.233157
300,2796,244.269712,0.715755,-2.578921,41.352936,-3.212468,-35.652672,-2.563429,292.464521,116.852304,4.487696,0.092827,0.504157
301,2797,2.625677,-2.363108,-1.364388,-2.271206,-0.731184,-2.305800,-4.179997,1.624895,-0.074363,2.161130,0.736743,-1.369041
301,2798,3.026411,-1.892920,-3.366618,1.603677,-1.172532,0.078889,-4.045794,4.033688,0.410718,4.174830,0.379671,-1.263573
301,2799,3.881402,-1.770404,-2.929553,-1.905991,-1.411306,-3.363615,-3.225358,0.597565,0.809830,3.017878,1.551147,-1.468832
301,2800,3.177892,-1.071940,-3.423964,3.061015,-0.208612,-2.968706,-3.770022,2.277513,-0.258049,3.106998,0.866376,-0.350294
301,2801,1.374116,-2.313558,-1.909225,1.360396,-1.381354,-2.860518,-2.274611,2.107055,0.466767,2.646206,0.999793,-2.141007
301,2802,4.136907,-1.522012,-1.880648,-1.327758,1.388515,-3.038087,-3.602576,2.397752,0.673295,4.045209,2.836111,-0.603741
301,2803,4.375369,-2.883326,-2.557359,2.109989,-0.802822,-3.614322,-1.886124,1.958574,0.417027,3.373357,0.824975,-2.240613
302,2804,130.729047,-0.383012,-2.523042,-44.496060,-4.012423,624.715491,-2.372319,287.084507,59.823085,4.875023,0.072223,1.535629
302,2805,211.948062,0.039339,-1.167140,271.563088,-2.845030,-508.043848,-2.503061,258.322000,224.032455,4.182931,1.147598,-3.064909
302,2806,213.044202,-0.417486,-1.937320,-160.597347,-4.843641,-278.720013,-2.663086,416.991237,81.893793,4.975389,0.694762,1.133356
302,2807,158.859298,0.414106,-3.435090,127.278622,-4.068043,-186.425663,-2.510482,336.029980,167.326994,4.106940,1.286454,0.164049
302,2808,216.480908,-0.723639,-3.278263,436.026610,-3.606335,-261.251217,-2.032716,330.479827,188.876016,4.036267,0.800641,-0.350547
302,2809,190.390552,-0.922847,-3.508442,270.240630,-2.515572,279.995266,-2.451520,307.589238,193.978494,4.157232,1.114878,-0.292098
302,2810,181.006752,-0.894748,-3.521671,-96.457205,-4.194038,-409.923734,-1.772004,270.235966,-10.947785,3.370922,1.456348,-0.056427
303,2811,2.740712,-2.377857,-2.640556,1.812448,-2.536600,-1.571877,-2.494025,2.436720,0.483877,3.611892,1.062671,-0.242764
303,2812,2.099202,-0.714779,-3.005333,0.316547,0.554169,-4.357237,-1.861029,2.339510,-0.180633,3.035485,0.733896,1.356771
303,2813,2.072724,-1.558770,-1.909127,-0.959826,-1.090627,0.993282,-3.471541,1.938926,0.166940,2.445235,0.209460,0.867683
303,2814,2.278655,-1.558560,-2.584204,0.573907,0.077994,0.554592,-2.541600,2.564230,0.475496,3.577780,0.112173,0.626679
303,2815,2.743431,-1.844669,-3.800886,2.107805,-0.752941,-0.703945,-3.502690,2.191085,-0.623626,3.783822,1.986682,-0.745626
303,2816,2.340936,-1.395621,-1.876104,-1.580510,0.182475,0.423990,-0.411761,2.100310,1.526494,1.535726,1.174859,-2.209041
303,2817,2.155788,-1.623016,-4.159361,0.286439,-1.014535,-2.928596,-2.507813,1.331592,-0.781520,2.777559,0.910734,-0.923087
303,2818,1.944267,-1.852845,-3.712434,-1.464278,-1.019319,-2.303692,-2.728857,1.250091,0.524131,3.433388,2.354112,-2.387554
303,2819,3.077410,-3.098390,-2.300327,0.429836,0.564485,-4.190243,-6.327324,2.176097,0.392326,1.804969,0.227162,-2.260012
303,2820,-0.126528,-1.839930,-2.993208,3.043628,-0.040353,-2.030152,-3.180885,2.174327,0.446387,3.192178,0.338030,-2.606166
304,2821,153.664194,0.406752,-3.693778,398.746596,-5.144184,489.812619,-2.940877,236.308330,-58.496380,4.103214,0.893970,1.479687
304,2822,283.079662,-0.349428,-3.647608,106.195874,-3.936902,-342.763797,-2.058926,251.340140,92.030460,3.311324,1.389448,-0.825147
304,2823,228.581088,1.017552,-2.861012,30.258915,-3.083651,-1104.644309,-2.730785,305.831860,169.209502,4.502717,0.143019,-1.432402
304,2824,85.348432,0.861181,-1.681055,-227.076092,-2.519502,84.915728,-3.070820,434.555144,36.748241,4.037985,0.365728,2.355393
304,2825,195.059804,0.437662,-3.219598,295.731532,-3.692615,-638.887976,-1.790248,239.725457,18.156350,3.431003,1.129664,0.841720
304,2826,111.971248,0.788697,-3.104826,338.735858,-2.243458,-636.010210,-2.198737,76.540336,152.054883,4.866469,0.143977,0.170352
304,2827,107.297258,-1.435029,-3.467124,-52.831135,-3.874590,81.607639,-0.950244,286.065369,312.270716,3.356097,0.595852,0.702777
305,2828,230.997799,-0.179523,-2.862827,310.772347,-2.187247,-637.387840,-4.174096,331.299529,237.038173,5.714594,-0.670134,-0.233507
305,2829,237.448473,-0.266927,-3.413941,-310.463156,-4.071562,-850.759342,-2.712315,434.928433,-7.230191,3.941574,1.432307,-2.003818
305,2830,222.213405,0.731762,-2.038920,-17.512588,-3.999522,-109.984870,-0.305604,211.913130,310.942945,4.108694,1.491620,0.129605
305,2831,169.287821,0.320231,-4.139332,189.342513,-4.094267,-384.568793,-2.278539,262.960621,81.227198,4.346364,1.100292,-0.612638
305,2832,218.576457,0.126288,-1.770514,-82.986695,-2.083819,-127.369097,0.698390,196.957389,-29.156907,3.589235,0.823470,-3.115637
305,2833,142.352615,-0.006959,-1.853178,-130.094524,-1.745843,-698.686260,-1.924003,270.952351,168.143542,4.278394,0.725517,-0.920551
305,2834,239.558570,-0.401545,-3.479103,155.452953,-5.440404,-264.327718,-2.373773,420.066821,261.877814,5.210424,0.815183,-2.276540
305,2835,60.325888,0.878249,-4.182570,-155.078880,-2.094005,-403.873038,-2.237546,402.969420,137.578695,3.906150,0.769855,2.114180
305,2836,185.873751,-1.013031,-4.250517,-86.099121,-2.876513,-1153.168055,-1.938414,255.702989,154.650059,4.073402,0.495591,0.313380
305,2837,283.273381,0.534259,-2.852409,106.308432,-3.000586,-194.552893,-2.829689,391.023852,24.655486,3.798801,0.473080,-2.290702
306,2838,108.107186,0.065485,-3.723830,-23.651097,-2.602324,-165.634906,-2.939757,227.384810,216.789772,5.117345,1.047023,-0.933294
306,2839,86.717938,-0.080500,-3.211588,-111.347287,-2.761219,-1274.129146,-2.807562,309.775897,123.197679,4.164001,-0.318113,-0.649684
306,2840,199.179313,0.964595,-3.933048,-95.533876,-3.621154,-1088.131638,-3.501480,297.073345,247.055000,5.053796,1.715386,0.133475
306,2841,172.049018,-0.193312,-1.247701,410.944919,-4.607889,-206.808062,-3.919688,109.893984,101.031732,4.804741,0.501731,-0.364743
306,2842,53.227478,0.139851,-2.891648,-364.846931,-2.914659,-578.309341,0.368136,332.061240,20.094657,6.378952,0.487447,0.431227
306,2843,141.825502,-1.259309,-2.978607,-275.236101,-3.948376,-689.174989,-3.620244,132.965563,10.063852,4.368372,1.738601,-1.511373
306,2844,169.028366,-0.640581,-2.242582,-72.664772,-1.994327,-399.825661,0.540063,263.178581,199.927104,4.247464,-0.247481,-1.215305
306,2845,206.566503,-0.155728,-3.772102,536.451877,-2.836660,-33.333997,-1.543449,329.814026,197.494572,4.671871,0.005432,0.818927
306,2846,69.819927,0.291193,-1.230354,132.186612,-3.001314,148.060310,-4.897762,236.104908,52.800947,4.673736,0.208598,-1.697137
306,2847,241.513931,-0.224710,-2.053177,-68.420261,-2.733501,-683.529313,-4.306030,348.606434,269.717444,3.466467,1.787505,0.474168
307,2848,2.350709,-1.525454,-2.498702,1.625225,-1.314628,-3.300984,-1.309415,1.962760,0.877167,3.189630,1.247519,-1.965535
307,2849,3.268218,-2.269060,-1.655094,-0.987159,-2.051972,-1.251790,-0.966408,1.593191,0.111993,2.273319,1.080182,-0.485435
307,2850,2.299650,-1.484430,-3.844678,0.114057,-0.837072,-3.889095,-2.584254,1.721047,-0.204431,3.053550,0.111917,-0.324697
307,2851,2.869605,-1.628757,-3.620757,1.467855,0.370853,-4.129008,-1.179994,2.413015,0.014541,3.135192,-0.659321,-3.086774
307,2852,3.215924,-2.859605,-4.116485,0.143019,-1.683747,-3.413905,-2.248789,2.426671,0.823393,1.823552,2.035348,-1.812287
307,2853,2.543925,-1.886157,-2.759674,-3.088259,-1.054606,-1.415068,-2.498849,2.284957,0.227714,2.667967,1.173028,-0.426861
307,2854,2.805957,-2.250146,-0.910999,-0.491820,0.389993,-3.606932,-0.539632,1.939281,-0.149675,2.043287,0.433071,-0.041974
307,2855,2.802806,-1.286419,-1.713109,1.277295,-0.261226,-2.752662,-3.278693,1.279015,0.255373,1.576917,0.030993,-0.321928
307,2856,3.945401,-2.359325,-3.237797,-1.042477,-0.169772,-2.516801,-1.913606,2.980635,0.630598,3.290045,1.430070,-1.541029
307,2857,3.215764,-0.936541,-2.302018,1.411194,-0.493506,-1.621648,-1.999420,3.962963,0.839010,3.317980,0.516166,-0.367975
308,2858,3.625857,-1.486474,-2.583537,0.597819,-1.827028,-0.328376,-1.591215,2.654225,0.553754,3.512352,0.553719,-4.513431
308,2859,2.387476,-1.734354,-2.303883,0.470027,-0.486183,-0.593894,-4.452838,2.124312,0.259608,2.612888,2.083280,-2.439418
308,2860,2.588064,-2.181276,-2.865256,3.742771,-1.186574,-3.857963,-2.118964,1.801677,0.406428,2.922668,2.151335,-2.482420
308,2861,1.372352,-1.975901,-1.601049,-2.605339,-0.979990,-1.185119,-1.340686,3.253991,0.433182,2.539135,0.606696,-1.940390
308,2862,2.765888,-2.342432,-2.877128,0.745801,-0.377578,-2.450567,-3.303878,2.011909,1.245630,3.190781,1.147011,-0.391017
308,2863,3.292513,-1.796939,-2.347838,2.671688,-0.246895,-3.639969,-2.539735,1.662720,0.933488,2.605822,1.666195,-0.342150
308,2864,3.421436,-1.455201,-1.255715,3.556324,-0.598157,-3.848729,-3.571727,2.115857,-0.198503,1.724163,0.391525,0.031579
308,2865,3.312802,-2.754054,-0.767383,1.815350,-1.330747,-4.857332,-2.441856,1.910622,1.343394,3.241872,1.756287,-2.472417
308,2866,3.365117,-1.757315,-1.921580,1.748567,-0.883595,-1.441580,-4.011547,0.845325,0.242347,2.719721,2.156268,-3.045670
308,2867,1.690428,-0.705207,-1.565983,-0.631137,-0.612238,-3.086792,-2.095450,3.288472,-0.436396,2.114721,1.413091,-3.170916
309,2868,109.844723,1.150442,-1.274424,303.533447,-3.815625,-680.028036,-1.650805,324.638103,-30.008253,4.825241,0.581395,-0.215441
309,2869,177.820766,-0.272501,-3.545337,90.403226,-3.681224,-248.294244,-2.945539,416.945976,174.936501,4.326102,0.219739,0.913198
309,2870,67.280905,-0.068429,-2.991469,-21.765139,-3.388077,-519.921572,-1.537650,110.174640,-28.360452,4.448703,0.510856,-0.727746
309,2871,197.603977,-1.146012,-4.704149,141.302010,-3.623705,-202.799770,-1.380828,148.831053,185.922281,4.307607,0.624652,-0.280778
309,2872,98.962571,-0.276005,-3.341216,-0.639436,-3.612850,-901.704792,-2.415081,25.537275,-85.713761,4.441601,0.492069,-0.795617
309,2873,253.771757,-0.163895,-1.522992,-90.634120,-3.429264,-1590.727035,-3.967225,211.744633,137.595112,4.108303,0.711607,-2.426308
309,2874,207.139114,-0.998336,-1.886592,87.505113,-3.597374,-409.742289,-3.364485,348.313439,130.593676,4.190480,0.773402,0.997111
310,2875,3.250671,-2.931779,-3.576114,0.199975,-2.157114,-5.824649,-2.861407,3.113213,-0.011034,3.035578,0.116798,-1.391560
310,2876,1.270100,-2.135582,-2.376189,0.486788,-2.848927,-3.194420,-4.797785,2.481983,0.123630,2.174906,1.864937,-0.725136
310,2877,2.368111,-2.836304,-3.246481,-0.043075,-0.393054,-3.444770,-2.052454,0.976120,-0.313421,1.908833,1.012044,0.666817
310,2878,1.049537,-2.103718,-2.231078,-0.590999,-0.728398,-2.265308,-2.730298,1.265971,0.005968,2.294270,0.241979,1.466680
310,2879,1.377990,-2.299934,1.020456,-2.716298,-1.737045,-3.400185,-4.390035,1.529314,0.876552,2.820852,1.369367,-1.945088
310,2880,1.245696,-3.404328,-2.039109,-0.685210,-0.314998,-2.499851,0.712827,0.533512,-0.626755,3.460262,0.938975,0.000323
310,2881,2.197163,-2.768955,-2.064807,0.907174,-0.108525,-2.630537,-3.874341,1.219870,-0.011698,3.177656,0.864534,-3.086394
310,2882,1.774613,-2.112381,0.068305,-0.119761,-0.015147,-3.885984,-4.043400,2.079189,-0.311336,2.283936,0.287207,-1.054346
310,2883,2.212751,-3.263256,-1.690940,-0.035693,-0.346207,-2.696277,-0.459626,2.812231,-0.510466,3.728215,1.443820,0.554057
310,2884,1.991822,-1.605167,-2.443487,0.866936,-1.014784,-5.846841,-2.102269,2.574877,0.284848,2.335244,0.968630,-1.074888
311,2885,1.915773,-2.294871,-1.662203,2.432030,-0.188990,-1.439188,-2.831292,1.254035,0.708233,2.956040,0.522574,0.379539
311,2886,3.400771,-1.619497,-2.754486,-1.527542,-1.049431,-0.927013,-1.534853,2.308888,0.484596,2.490115,0.622176,-0.220518
311,2887,1.974092,-1.002208,-2.950647,0.931143,-0.913910,-3.708334,-2.634438,2.701020,0.690856,2.928884,0.363289,0.722662
311,2888,2.238051,-1.421515,-1.616486,-0.057234,-0.702989,-2.545856,-2.342917,1.444004,-0.238603,2.889427,0.934623,-0.714154
311,2889,2.609468,-1.693362,-2.839011,-0.755910,-0.944272,-1.126110,-4.475800,0.964762,0.327707,1.832577,1.602320,-1.913542
311,2890,1.721267,-2.320496,-2.179240,-1.616615,-1.358959,-5.110360,-1.599687,3.059051,0.487848,1.504831,2.259141,1.502399
311,2891,2.291474,-1.624683,-2.438505,-1.549770,-1.160059,-5.104466,-2.571893,3.040330,0.802674,2.876732,1.335990,-1.673801
311,2892,1.937681,-1.780106,-1.391330,2.418864,-0.197380,-3.430394,-2.375808,3.266113,0.640828,3.350992,1.423341,-1.082671
311,2893,2.439690,-2.406390,-2.323970,-1.575018,-1.168566,-1.713945,-2.327855,2.624189,0.006112,1.473190,0.553731,-1.307865
311,2894,2.839084,-1.047617,-2.662525,-0.828375,-0.790920,1.642691,-2.968728,2.835305,0.156231,2.900070,0.318338,0.178363
312,2895,2.865349,-0.955513,-2.628888,3.920662,-1.546493,-2.650427,-0.050853,1.717442,-0.016252,2.778474,1.380698,-2.825764
312,2896,3.015298,-1.100581,-3.638174,3.858579,-1.810937,-2.596610,-2.545937,1.552533,0.177266,2.488559,1.631640,-2.914607
312,2897,3.700685,-2.430767,-3.411983,2.668557,-1.753872,-0.322498,-1.638329,3.244951,1.866257,2.470360,0.842581,-0.358656
312,2898,2.961223,-0.486618,-2.213444,0.570362,-0.012361,-1.729038,-2.491024,1.982356,0.290855,3.535650,1.565847,-0.065272
312,2899,1.402887,-1.658464,-1.953419,2.535246,-0.265793,-3.100800,-4.018355,2.274075,-0.040629,2.846750,0.124823,-2.063937
312,2900,2.130622,-1.411714,-1.855223,4.668580,-2.303320,-2.251604,-0.161282,3.373171,1.050791,2.513575,1.719800,-2.144173
312,2901,2.853160,-3.222069,-2.723397,-1.173947,-1.066893,-3.565702,-2.244802,1.858745,0.583295,3.103975,2.879688,-2.564721
313,2902,1.334557,-2.443752,-1.903923,-1.175785,-0.725892,-1.269299,-3.089944,2.206499,0.198011,3.326198,0.616532,-1.677574
313,2903,5.451018,-0.914987,-2.522720,-2.273455,-1.690272,-6.105796,-3.448840,3.265861,0.629058,2.429010,1.037083,0.099838
313,2904,1.607797,-2.731033,-0.452169,1.985081,-1.351919,2.231690,-0.620337,2.509637,1.697888,4.215728,0.785184,-0.082803
313,2905,4.650505,-2.017325,-3.305160,-1.062112,-0.429925,-3.465532,-3.990738,2.029963,0.935051,2.721112,1.436273,0.228331
313,2906,2.682072,-1.784193,-2.495019,1.798955,0.423985,-3.262718,-3.682473,2.346572,-0.170798,2.714138,1.770844,0.726549
313,2907,1.964269,-1.799791,-1.405001,2.629163,-1.060896,-0.927386,-4.028755,2.142573,2.313647,3.420625,0.238279,-0.952727
313,2908,1.208105,-2.389862,-1.447191,1.693620,-0.277062,-4.087804,-2.971587,1.816446,0.030884,2.802081,1.288129,0.655294
313,2909,3.154784,-2.055279,-1.474635,0.392273,-0.842695,-2.326247,-3.803978,0.437762,0.791885,2.021113,1.477359,-0.735954
313,2910,3.780825,-1.869322,-3.636646,-0.413942,0.546307,0.429372,-3.453228,2.965760,0.384976,4.679728,0.168609,-2.068500
313,2911,1.842609,-1.950761,-1.945490,-0.600470,0.707688,-0.763913,-3.071006,1.906348,0.798979,3.143832,0.930422,-2.347918
314,2912,2.498256,-3.392186,-0.754329,1.337993,0.808388,-2.267214,-0.908230,2.243244,0.587713,2.565168,1.184173,-1.053158
314,2913,1.617035,-1.744137,-1.827586,2.635717,-1.013334,-1.451517,-2.569229,0.613514,1.860664,2.496463,0.853837,0.674995
314,2914,1.712382,-2.630948,-1.200261,-0.367870,0.289859,0.001854,-1.553098,3.003099,-0.584641,2.314528,1.795608,1.979944
314,2915,3.152768,-2.044629,-2.605331,-0.270993,-1.327328,-0.270990,-2.751363,1.767446,0.381366,3.259359,0.478187,-0.821119
314,2916,1.763013,-0.992028,-2.151189,0.085558,-0.926081,-4.205955,-5.095177,3.053372,-0.292328,3.188856,1.482042,-0.375107
314,2917,2.256246,-1.567180,-1.446864,0.187277,0.148530,-1.557469,-1.003968,0.620502,0.094794,3.029083,1.369185,-2.205805
314,2918,1.428137,-2.718409,-2.501140,0.200382,0.146475,-1.198747,-4.417481,1.698552,0.686961,3.821975,1.101356,-1.048566
314,2919,1.468889,-2.209820,-2.435798,-1.821560,-0.064028,-4.189101,-2.279713,1.542449,-0.127654,3.640490,0.953583,-1.933362
314,2920,3.172803,-0.988273,-1.598782,1.311516,-0.635072,-3.074899,-2.721651,3.339126,0.260502,2.754762,1.215015,-0.414209
314,2921,3.534260,-2.144716,-1.874317,4.580769,-2.289717,-5.618334,-2.566748,1.390049,0.806959,3.411020,1.277975,-1.566813
315,2922,0.823518,-1.083847,-1.764058,-0.968444,-0.268157,-1.694654,-2.781921,2.185315,0.122545,3.245242,1.425523,0.056839
315,2923,3.212304,-2.042547,-3.888236,0.356424,-0.961857,-4.876169,-4.424330,2.189205,0.650981,3.362272,1.077119,-0.479401
315,2924,0.839962,-2.224473,-3.153152,0.442203,-0.049523,-4.788585,-3.044468,3.206092,0.313287,3.488263,0.999739,-1.756630
315,2925,3.263476,-0.913373,-1.903601,-0.173555,-0.977453,-6.052274,-3.706268,2.711776,-0.407480,2.881082,1.202641,-2.260058
315,2926,1.888668,-1.581181,-2.724572,-2.775069,-0.606566,-4.501839,-1.086965,2.508795,-1.001338,2.998886,0.674422,-1.366358
315,2927,2.914149,-1.752467,-2.862440,3.030368,-1.123620,-5.162579,-2.561552,0.697036,0.413154,1.886918,0.050199,-1.509998
315,2928,3.480666,-1.396030,-0.931668,-0.501330,-0.698154,-2.915006,-1.556191,2.845986,1.745965,2.343193,0.655252,0.008930
316,2929,244.853707,0.452667,-4.355798,-210.095602,-2.766807,-1105.579229,-2.914037,239.733150,122.813440,3.778632,1.277048,-0.240431
316,2930,221.421182,-0.652677,-3.750683,296.052020,-3.445441,-234.872620,-2.722949,389.881480,231.998135,4.100476,0.047900,-0.920198
316,2931,278.191608,0.476745,-2.442034,-62.100565,-4.518858,289.646729,-4.895344,279.670209,-145.938742,4.475367,0.744374,1.546006
316,2932,161.346593,0.822585,-3.681372,-101.685549,-2.377224,-1260.746475,-2.536090,248.960730,129.386297,3.143386,1.646097,-0.030920
316,2933,216.482043,-0.410994,-4.360968,-176.875962,-2.184993,-458.616091,-1.226719,193.623159,157.866890,4.842476,0.458089,0.784711
316,2934,133.086406,0.461489,-4.391629,244.676738,-2.711131,-781.785337,-3.662323,245.361077,3.147737,4.977255,1.658904,1.441047
316,2935,173.299797,0.441098,-4.416595,239.780904,-3.701364,-879.058186,-1.642079,359.378201,112.502301,4.670343,0.771782,-0.562204
317,2936,187.536454,0.688682,-3.183875,338.873014,-3.465635,-810.833102,0.207900,191.715528,94.425584,3.808338,0.359115,-0.457104
317,2937,280.149008,-0.707957,-5.385186,223.099140,-2.533078,-920.804393,-3.689768,149.504919,301.651579,4.528238,0.082696,-1.265549
317,2938,132.436431,-0.489423,-3.643224,382.449304,-5.525004,-759.865398,-2.063586,287.618073,-8.053172,4.504309,1.163596,0.413415
317,2939,154.003972,-0.247454,-2.945549,414.516229,-3.662911,-423.799666,-2.599220,379.837863,162.234713,3.928446,0.473957,-0.667629
317,2940,89.014358,-1.405002,-1.427864,92.476848,-4.324546,-1073.962727,-3.548986,233.259196,-17.255936,4.530968,1.193789,0.045360
317,2941,254.467775,-1.071162,-3.923085,465.181096,-4.141138,-831.057856,-2.786288,237.724813,42.447479,4.184783,0.168086,1.949107
317,2942,211.986349,0.121038,-3.526124,240.168470,-4.616304,-925.596541,-4.651716,244.555669,0.660679,2.747017,1.678401,-2.278487
317,2943,145.831413,1.358106,-2.405607,249.568919,-2.526748,-899.678285,-1.211062,320.102623,213.513271,4.103065,0.283950,1.038138
317,2944,144.379642,0.032882,-4.424510,484.909883,-4.604348,-714.584301,-1.843008,438.585440,130.657200,4.004279,-0.196632,-1.111043
317,2945,146.074228,-0.718906,-3.332049,292.365586,-2.022525,-1356.310809,-2.013374,125.847148,7.932522,4.289549,0.759801,-0.356908
318,2946,2.856795,-2.862749,-2.892712,1.243906,-0.295660,1.362565,-2.478817,2.537792,0.851239,3.311195,0.490414,-1.713817
318,2947,2.594341,-3.054765,-2.655969,1.063265,-0.350935,-1.445872,-1.751093,2.120545,0.055015,4.461803,1.036375,-1.344616
318,2948,3.861199,-1.798965,0.037179,1.130162,-0.872126,1.673431,-2.088200,1.750649,0.388131,2.931229,1.560678,-0.211127
318,2949,3.276570,-2.823124,-2.321927,2.802486,-0.377156,-2.393466,-1.299930,2.380588,0.457366,2.737110,1.599093,-1.053505
318,2950,3.157204,-1.695006,-0.904598,0.997090,0.113180,-3.693574,-4.452801,1.127589,-0.342727,2.780782,1.284206,0.600928
318,2951,3.134095,-1.566770,-2.543033,2.711858,-0.695598,-2.698954,-1.474659,1.333924,0.010178,1.771117,1.234679,-1.342933
318,2952,0.842622,-1.942610,-1.562202,2.635291,-0.360759,-0.526377,0.461140,2.296044,0.461727,3.007218,0.521549,-0.211117
318,2953,1.730281,-3.244207,-0.445321,3.591259,-1.646389,-1.830055,0.499675,3.831574,0.407509,2.509467,0.847304,-0.122579
318,2954,3.954624,-2.322897,-3.684908,1.495191,-0.754422,-4.545885,-1.251388,2.184053,0.981563,3.259340,2.354698,-1.237186
318,2955,3.361060,-1.946102,-0.088685,-3.190887,0.366696,1.730601,-1.584408,0.564538,-0.706997,3.571583,1.311607,-0.930774
319,2956,162.992000,-1.362115,-2.194761,-22.724446,-2.959203,-251.693410,-0.960619,326.515321,308.700462,3.650609,0.725628,-0.626126
319,2957,140.144292,-0.256777,-2.689779,-122.146512,-2.105770,-541.849160,-1.469551,263.334367,149.971848,4.528382,0.691082,-0.161748
319,2958,153.651205,0.334599,-3.708959,387.220175,-2.108532,-854.022533,-3.935880,329.187360,-289.477983,4.361351,0.688510,-1.277450
319,2959,233.739465,0.799890,-4.420730,285.214011,-1.823926,-1022.399162,-3.269275,208.963050,155.961761,3.813267,0.612304,-1.272892
319,2960,196.676961,-0.927116,-3.355110,-91.269220,-2.779145,-601.628012,-3.085825,138.491265,-16.415636,4.458518,0.258733,0.572369
319,2961,124.192413,0.086538,-1.614155,-114.183577,-3.683218,-279.058821,-3.245194,314.760784,128.207290,4.403595,1.397820,2.259549
319,2962,155.973725,-0.312771,-3.084442,114.235202,-3.068168,-751.468326,0.378419,356.752572,205.292064,4.236708,-0.068509,0.075278
320,2963,2.709084,-1.447100,-2.973944,0.371670,0.305974,-4.060317,-2.143269,0.112062,-0.323276,2.453688,0.939266,-1.697221
320,2964,2.008763,-1.894304,-1.744752,1.489243,-1.608519,-2.945712,-2.496742,2.718234,0.893362,2.811719,1.037997,-1.363155
320,2965,3.014669,-2.691491,-3.608081,0.361974,-0.829553,-0.031813,-1.147891,1.172266,-0.252029,2.943515,1.631884,-0.001515
320,2966,1.739607,-2.061069,-3.366105,0.788911,-0.496183,-1.614071,-4.138666,1.749652,0.072060,2.296910,1.938110,-1.100714
320,2967,2.793407,-2.649559,-3.218370,-0.344858,-0.241945,-0.821623,-1.521598,3.343999,1.069806,1.839595,0.579985,-3.505268
320,2968,1.814148,-2.469285,-2.125640,2.149760,-1.126935,-2.508769,-2.482757,3.697060,2.026974,3.548907,1.692986,-0.260540
320,2969,1.315891,-1.656128,0.022353,0.644658,-1.655094,-0.684794,-4.096192,1.413844,-0.649235,3.398836,1.554312,-0.627276
320,2970,1.711483,-2.339719,0.181080,1.829279,-0.202309,-6.854350,-0.858079,2.273364,-0.622829,2.593016,1.576117,-3.437745
320,2971,2.716943,-2.509973,-4.252368,1.910623,-0.996825,-1.027895,-4.933106,1.945372,0.934927,4.309743,1.814892,-2.144119
320,2972,1.006500,-1.271553,-2.250588,4.245346,-1.209080,-1.047930,-2.458513,1.969786,0.072047,3.539539,1.178228,1.464917
321,2973,1.962528,-1.552886,-1.818446,0.115593,-0.396102,-0.895655,-0.871343,1.909504,-0.058659,3.906535,1.178424,-1.147728
321,2974,4.347957,-3.522273,-0.712820,1.286927,0.095283,-0.646047,-4.159842,2.932625,0.049815,1.358933,0.145845,0.118516
321,2975,3.560182,-2.530953,-1.488344,1.917063,-0.570112,-5.178538,-1.437537,3.178500,1.024549,4.674085,1.237156,-0.049399
321,2976,2.551666,-2.562285,-3.328434,1.241022,-0.417760,0.077619,-0.416314,2.628325,0.103767,3.903926,1.072308,-2.061393
321,2977,3.259654,-0.871510,-2.894935,0.889897,0.700867,-2.434796,-2.471055,2.459501,0.975167,2.806930,1.462031,-1.510563
321,2978,2.586861,-2.754814,-2.623000,1.985862,0.094080,-0.670634,-3.427798,3.126747,1.393469,0.900831,1.850358,-0.617377
321,2979,2.767045,-2.665845,-0.687632,2.525375,-1.437616,-1.579972,-2.926120,1.269992,-0.255214,3.158328,2.794451,-1.579661
321,2980,4.348898,-1.922663,-1.977812,-1.765894,-1.243074,-0.729185,-1.658364,1.907770,-0.457546,3.769184,1.375752,-2.457366
321,2981,2.384003,-2.146167,-2.842615,2.825527,-1.479102,-6.898867,-2.911260,2.395895,0.493518,1.738304,1.048827,-1.837585
321,2982,3.528221,-3.293308,-2.003353,-1.700715,-0.724468,-2.999590,-0.963383,1.164370,0.573561,2.297332,0.966879,-0.949522
322,2983,2.212096,-0.676110,-1.895512,2.149962,0.940332,0.226671,-0.400251,1.049393,0.657056,2.026990,2.135253,-3.390501
322,2984,5.084895,-2.000732,-3.186671,2.855200,-1.087583,-5.757823,-2.561327,1.658723,0.472351,1.508234,1.811794,-0.923950
322,2985,0.789723,-2.591159,-1.101898,4.381224,-1.215274,-4.061440,-2.229033,1.461202,-0.426695,3.610228,1.268165,-0.834540
322,2986,2.617290,-1.623108,-2.146298,-0.763511,-1.804696,-4.091149,-1.063556,1.501230,-0.192558,2.796454,1.616380,-0.062970
322,2987,2.956206,-3.003562,-3.059032,3.295219,-0.936290,-3.205016,-2.751624,1.656058,0.011259,3.361495,0.968891,0.400422
322,2988,2.774134,-1.960617,0.225321,1.004558,-0.321810,-4.806165,-2.494738,2.014689,-0.288691,3.241116,0.205342,-1.011616
322,2989,3.264472,-1.913258,-1.430139,1.096742,-0.840303,-4.913920,-2.088303,0.389399,-0.336549,3.633345,0.930724,-1.659996
323,2990,76.368314,1.232359,-3.761974,-149.198823,-3.356605,-1508.690701,-0.375362,419.958810,97.826187,3.750326,0.425632,-0.943677
323,2991,51.785193,-0.061575,-2.113765,-138.535037,-4.017813,167.455729,-6.080844,195.156878,36.485210,4.292585,0.867512,0.198507
323,2992,130.909376,0.021183,-3.142810,-513.822539,-3.986958,-941.243219,-0.458045,354.432482,115.725839,4.953017,0.965448,0.849488
323,2993,155.836137,0.635876,-2.629427,238.537433,-2.487271,-139.476778,-2.444731,371.813246,102.823666,4.213655,0.314549,1.424865
323,2994,101.104728,0.257769,-3.056240,7.743326,-4.588855,-987.958264,-1.993716,278.236161,91.506055,5.099891,1.730423,-1.574625
323,2995,181.859696,-0.777962,-2.667321,365.478189,-1.902221,-848.296379,-4.736749,290.568305,85.816947,3.597114,0.821184,-1.990487
323,2996,235.254223,0.025910,-2.161478,234.049885,-3.412845,-117.014915,-1.655803,362.238979,33.442536,3.837949,1.591048,-3.210180
324,2997,0.616738,-1.642946,-1.151847,0.760277,-0.538605,-1.443960,-0.760955,1.129998,0.198587,2.486725,1.419953,-0.524964
324,2998,2.471791,-1.776859,-1.882698,-1.768869,-2.058885,-3.137899,-1.518227,2.470669,0.225436,3.060035,0.076547,-0.229289
324,2999,3.218882,-1.840062,-3.532524,0.296103,-0.124910,-4.191144,-3.787431,1.561337,-0.197381,2.993020,1.622857,-0.741967
324,3000,2.514394,-2.529835,-3.729546,2.546623,-0.619775,-3.881800,-1.392439,2.314059,1.076015,3.713685,1.343695,-1.681453
324,3001,3.017541,-0.856736,-2.348345,0.945070,-1.415348,0.821032,0.058738,2.221346,-0.045109,3.974665,1.654532,1.578318
324,3002,3.247000,-0.822388,-0.466769,-0.254544,-0.439322,-1.685423,-3.528883,2.764669,-0.120412,2.586532,1.566436,-1.462829
324,3003,3.902046,-2.328450,-3.001365,-0.128918,0.228921,-2.106621,-0.483452,1.490694,1.835774,2.772633,0.829443,-0.393637
325,3004,245.667990,0.637739,-3.000068,96.894019,-3.681940,-1255.698234,-1.121904,316.224017,-3.010167,4.539842,1.645609,-0.255353
325,3005,267.745731,-0.144099,-3.506087,309.942760,-3.274576,-532.790571,-1.118745,170.880811,74.283205,3.256722,1.117870,-0.611367
325,3006,114.960267,-0.728269,-3.598911,-33.922123,-2.821104,59.971411,-3.371954,322.694650,69.617550,3.554322,0.433616,-0.628673
325,3007,225.157695,-0.489359,-2.764891,499.173358,-2.645882,-803.974022,-2.627198,268.945877,177.585187,4.689265,0.177850,0.799420
325,3008,136.814206,1.381168,-1.937138,259.577910,-1.857817,-344.174445,-2.715774,2.449371,13.221627,4.088221,0.149472,0.357876
325,3009,203.201989,0.037280,-3.702768,-127.251711,-5.108175,-1225.075600,-1.527228,297.296709,-94.781620,5.339526,1.133416,0.585791
325,3010,272.726352,-1.028898,-2.873504,178.273476,-3.121325,339.994127,-0.732762,255.666814,156.746751,4.318053,0.275181,-0.965080
326,3011,3.655742,-1.773701,-2.700292,-0.564135,-1.122317,-0.913893,-4.477987,2.119578,1.022842,2.830444,1.057354,-0.341741
326,3012,3.352797,-2.789398,-1.254492,0.010833,-1.352028,-2.020916,-0.824072,2.156944,-0.156494,2.650133,1.452788,-0.960939
326,3013,1.538683,-2.761833,-2.685463,-0.563675,-1.593325,-0.261645,-1.800333,1.393339,0.964480,3.442738,-0.095180,-1.346747
326,3014,2.828688,-2.345338,-0.871232,1.829260,1.377152,-1.991658,-3.435724,3.522941,0.675723,2.998951,0.542515,-1.612880
326,3015,3.301247,-1.396890,-1.517619,0.020986,-0.057308,-0.971376,-0.568812,2.979551,1.232226,3.290914,1.732581,0.517742
326,3016,2.520859,-2.852910,-0.652161,-0.240207,-1.239001,-4.951161,-2.294336,2.874632,-0.004575,2.811783,1.440850,-1.380805
326,3017,2.161618,-2.408858,-1.984858,0.499016,-0.367678,-0.909691,-3.211190,2.374141,0.976868,2.933154,1.283519,-3.440725
326,3018,3.652860,-2.632090,-3.088422,2.420006,-0.423233,-2.699645,-0.117580,2.544113,0.660474,3.254452,0.925899,-0.631366
326,3019,2.439780,-1.344934,-1.487782,-0.088718,-0.241271,-3.594051,-2.434575,3.531262,0.121405,2.629191,2.047684,-2.201178
326,3020,3.960427,-1.985400,-0.314376,-1.172481,-1.816878,-5.212687,-1.373061,3.512157,0.778735,2.639194,0.687557,-1.646453
327,3021,3.797237,-1.112966,-2.928749,-1.161113,-0.374866,-1.114336,-1.424907,2.143654,0.645074,3.488986,1.620062,-0.985128
327,3022,2.541406,-0.717749,-2.155350,0.568649,-1.208903,-3.515473,-5.277728,1.903851,1.319899,2.245978,1.208194,-1.505790
327,3023,1.524722,-1.115693,-1.810572,-2.612776,-0.823721,-6.294634,-1.866307,1.309242,0.721148,3.763611,1.032554,0.225024
327,3024,1.270853,-2.378786,-1.858538,1.281477,-0.735068,-4.705814,-1.450819,2.846598,0.555458,3.230454,1.032556,-1.413219
327,3025,2.636979,-1.671211,-3.036494,-1.237008,-1.670627,-2.063587,-1.093846,1.410171,0.145140,3.826404,1.126764,-0.942186
327,3026,2.531099,-2.565392,-3.129615,-1.950314,-1.050609,-1.318441,-2.938144,1.019688,-0.695780,3.258259,1.037501,-0.979222
327,3027,2.169008,-0.625037,-1.903460,0.909588,-0.215119,-1.507757,-1.696344,3.160131,-0.150164,2.746212,2.645224,0.421415
328,3028,2.067434,-2.389437,-2.691102,0.517057,-0.537911,-2.724197,-2.264183,2.561582,0.327086,1.994720,2.136835,-2.546241
328,3029,3.977711,-2.472967,-3.297738,2.617355,-1.482162,-4.404307,-4.404856,2.957464,-1.502452,1.204542,0.888760,-2.070561
328,3030,3.164880,-2.600429,-1.765674,0.075345,0.544092,-1.581586,-2.729560,2.277221,0.579624,2.007543,1.762652,-2.110639
328,3031,2.835809,-1.982521,-2.599029,1.423913,-0.799114,-3.125227,-2.157005,1.070547,0.698042,3.156654,1.027871,-1.952690
328,3032,1.765592,-0.896301,-3.729621,3.145350,-1.456544,-2.755562,-3.325198,2.657934,0.780701,4.899263,1.283984,-1.449367
328,3033,3.803220,-2.426252,-1.910602,2.099400,-1.317831,-1.086831,-3.012898,2.404263,0.443664,3.001038,0.701918,-1.630401
328,3034,2.767137,-1.989430,-3.551710,-0.635772,-0.681845,-2.784812,-3.123899,2.634211,0.068821,3.627195,1.391090,-1.032945
328,3035,1.270410,-3.438680,-0.951009,3.706010,-0.551798,-1.461782,-0.449956,1.155376,0.559142,2.474074,0.987224,-3.059145
328,3036,3.057585,-1.764067,-1.278907,0.700400,0.367633,-0.589188,-0.870243,1.868859,1.080615,2.376550,0.716526,-0.601951
328,3037,3.419513,-2.086163,-2.222260,0.644691,0.968070,-0.645969,-4.042834,2.361949,0.730266,2.738472,1.520073,-0.576767
329,3038,1.191933,-0.892127,-1.845272,0.292236,-0.480773,-3.115218,-3.843427,3.590559,0.467889,2.635266,0.934712,-0.082095
329,3039,2.114951,-2.290766,-4.764545,3.843062,-1.090314,-2.375991,-2.544780,2.058694,1.961755,2.773493,1.627931,1.138622
329,3040,1.747263,-2.076521,-2.949253,1.827303,-0.089362,-5.582195,-5.274935,3.067517,0.925475,2.344995,1.676255,-1.700605
329,3041,4.099976,-1.426344,-1.809412,-0.335768,0.660999,-3.699523,-0.856033,2.501040,0.256072,2.297554,1.211506,-2.040308
329,3042,1.678047,-1.484381,-1.502163,3.867160,-1.382483,-3.539128,-1.606919,1.618850,0.663565,2.696889,0.886488,0.389052
329,3043,1.250049,-2.610463,-2.201922,-0.610888,-1.534010,-3.979432,-2.073727,2.574779,1.682578,3.057253,1.321877,-3.050781
329,3044,3.071835,-1.946513,-0.944192,-0.173762,-0.910612,-1.541606,-2.108771,1.007027,0.822442,3.218243,0.837662,-1.315877
329,3045,3.141318,-2.698749,-2.715109,1.052878,0.835029,0.110383,-2.228255,2.063533,-0.229628,3.062131,0.245638,0.590682
329,3046,4.151490,-1.959434,-1.443224,2.609485,-1.526089,-1.979492,-3.786479,0.783107,-0.116301,3.034051,1.837488,-0.442105
329,3047,2.232247,-1.499570,-2.334025,-0.614573,-0.811205,-1.131769,-4.024067,2.880902,1.425017,2.145182,0.916187,-0.611501
330,3048,1.977967,-2.477587,-2.569467,1.604493,-0.709894,-1.480476,-1.919453,1.218907,-0.131106,3.443108,0.728514,-1.926556
330,3049,2.119997,-2.470134,-2.190329,-0.726397,-1.841804,-3.369512,-4.019115,2.969832,0.222454,2.741613,0.167616,-0.596879
330,3050,2.438170,-2.561605,-3.119975,-0.437944,-1.191741,-3.667756,-0.615829,2.455677,0.632108,2.992902,1.405131,-1.390920
330,3051,1.741421,-2.116902,-1.679718,4.475784,0.418359,-1.053989,-2.190578,1.635292,1.210717,2.564640,1.099638,-2.079761
330,3052,1.302762,-1.584870,-2.312560,4.544721,-0.895087,-2.796838,-2.133737,1.528434,1.329117,2.529070,0.830715,-1.718830
330,3053,2.424312,-2.538766,-3.164667,2.380870,-0.276457,-2.862154,-2.175865,3.331263,0.772831,1.963443,1.623630,-0.686819
330,3054,2.881496,-1.825422,-2.586615,2.795188,1.007223,0.727216,-3.171001,2.292778,0.593607,1.969584,0.996287,-1.725191
330,3055,1.468711,-2.675928,-2.085566,0.285291,-0.249927,-2.995236,-2.352441,1.852332,0.615787,2.663063,0.680796,-1.499840
330,3056,2.500325,-2.010887,-3.316523,-0.387771,0.280160,-2.807919,-1.627792,1.550448,0.773113,3.215086,1.583982,0.704492
330,3057,2.641469,-1.895578,-1.421238,2.214790,-0.150535,0.055375,-1.288243,3.024611,0.682720,2.746278,0.625502,0.208269
331,3058,175.170050,-0.106781,-2.678002,128.935039,-3.394675,-1085.398073,-4.100742,170.180876,129.413007,4.725872,0.578324,-0.075848
331,3059,206.571521,0.053765,-1.773538,48.167849,-4.238689,-411.954078,-2.176750,359.124358,266.941968,4.152595,0.632707,-0.148027
331,3060,162.906119,-0.864371,-2.546203,-253.210186,-1.375387,-1096.460009,-1.155190,150.404510,-8.321098,3.513316,0.899688,-2.051181
331,3061,28.056677,-0.057189,-2.574108,346.350296,-1.808601,-279.231181,-5.122951,232.059753,267.740284,3.921257,-0.107707,1.719420
331,3062,212.689031,-0.293239,-3.762797,557.495504,-2.557632,-985.843451,-1.589215,214.784370,336.642003,4.523782,1.154926,-1.064312
331,3063,175.581667,0.950624,-4.215599,212.785553,-4.025280,425.404386,0.937775,318.947883,200.530096,5.065753,0.106190,-0.332344
331,3064,215.047883,-0.242025,-4.378019,347.745639,-4.544217,-377.381502,-5.363456,312.916135,375.161029,3.813233,0.330120,0.806127
331,3065,124.900795,-0.876348,-3.942207,-53.639082,-1.787250,-354.835244,-2.505115,294.557568,-56.893165,3.904662,0.040541,-0.528266
331,3066,141.197121,-0.153848,-2.999793,363.024855,-2.189542,-332.002500,-5.190779,343.528202,48.887872,5.111512,0.493302,0.082516
331,3067,140.033264,0.096656,-4.753736,96.512607,-3.204246,-778.512189,-2.112418,463.092800,178.792342,4.491693,0.119239,-0.048882
332,3068,114.961004,-0.388516,-2.452163,34.890474,-2.693249,-1197.291097,-2.401531,352.041191,229.910342,4.523824,0.876342,0.850157
332,3069,244.365545,-1.616315,-2.257020,-32.957979,-3.092034,-982.299001,-3.392148,194.466728,44.870615,4.231391,1.476502,-1.983656
332,3070,180.153296,0.125837,-3.472060,48.880336,-2.148536,-1017.828511,-0.893057,-7.659024,36.553522,3.758981,0.935989,0.536633
332,3071,161.395389,-1.800037,-3.489721,268.245366,-3.098638,-361.472384,-2.758716,268.272164,-21.822762,5.460704,0.599058,0.604156
332,3072,188.313958,-0.461992,-2.162046,8.792863,-2.438408,-1436.284363,-2.028338,220.174318,124.052714,4.090141,0.493236,1.743368
332,3073,103.998053,0.880849,-2.561437,195.091999,-3.086811,-638.919077,-3.275954,267.320540,10.554546,4.538921,0.564526,2.788786
332,3074,173.804787,0.312487,-2.274163,-167.231361,-5.160711,134.758818,0.449349,323.682505,-52.214635,3.685629,1.085077,-0.415664
332,3075,161.489887,1.129152,-2.048721,96.086009,-2.720039,-772.009126,-1.848930,154.111836,89.708994,4.097607,0.765573,-0.284674
332,3076,60.414071,-0.173083,-4.577562,341.507111,-4.133680,-616.129553,-3.089414,296.496381,114.492095,4.041540,0.585309,1.954719
332,3077,132.133922,-0.460336,-1.428644,-23.758277,-4.446613,-512.961029,-1.858673,293.385321,13.968157,4.743288,1.050972,0.160289
333,3078,2.713813,-3.556319,-4.565684,-1.185881,0.675436,-3.836452,-3.461669,3.596784,0.122936,1.379611,0.764928,-2.392411
333,3079,1.980288,-2.085761,-2.152895,-2.664677,0.705543,-4.163906,-1.578996,1.944150,0.763062,3.387063,1.612564,-1.187286
333,3080,0.708325,-1.637119,-1.903414,1.914606,-1.418569,-1.664384,-4.787786,0.693228,0.741036,3.362641,0.327985,-1.709798
333,3081,1.368860,-2.848778,-2.680840,0.271573,-0.486388,-3.091954,-1.958554,1.022686,-0.077989,3.111237,1.443520,-1.807476
333,3082,0.458209,-2.127527,-1.840695,-0.547714,-0.647505,-2.293017,-1.534993,2.796599,-0.195132,3.630764,1.050365,2.707250
333,3083,1.871615,-2.057803,-2.665951,-1.464282,-0.121425,0.398597,-1.585806,1.298542,0.517226,3.249243,0.440454,1.140218
333,3084,3.090439,-1.313595,-3.178538,-4.827538,-0.613286,-2.681322,-3.831602,3.186653,0.537916,2.183896,0.790172,-2.295869
333,3085,3.071272,-1.243649,-1.032648,0.529638,-0.631154,-0.743956,-2.937843,2.301818,0.295248,1.677352,1.293313,-1.097340
333,3086,2.314636,-2.411018,-4.412565,1.179868,0.519205,-3.655722,-1.516538,1.626779,0.269506,2.293583,0.534399,-2.239810
333,3087,1.417473,-1.799164,-0.486261,2.431474,-0.585720,-1.340946,-2.376852,3.844932,-0.484082,3.760465,1.280805,-1.460045
334,3088,2.856375,-2.932705,-1.010433,2.376229,-0.396365,-5.258220,-0.006860,2.306664,0.920348,3.392973,0.824995,0.214840
334,3089,2.736441,-1.057682,-2.354763,2.127463,-1.098384,-4.247723,-1.093613,0.255732,0.058325,1.995688,0.188802,-3.894126
334,3090,1.165495,-1.850689,-1.830125,1.477395,-0.755579,-3.196145,-1.584936,2.721751,0.089541,1.904366,1.266707,-0.833877
334,3091,1.797717,-1.850047,-4.898994,-0.171122,-1.573806,-2.304746,-3.878176,1.532344,0.910015,3.055097,0.627880,-0.683407
334,3092,2.910560,-1.977946,-3.004266,5.366404,-2.305485,-0.700983,-2.586785,2.971963,0.730249,4.045721,0.682670,-0.289862
334,3093,2.189549,-0.833753,-1.514635,2.870415,-1.441725,-2.787047,-1.880966,0.735580,0.429654,2.855172,0.421946,3.251494
334,3094,2.745655,-2.048659,-1.935807,1.113713,-1.229235,-2.792449,0.287611,2.756735,1.510909,3.228805,0.459310,-0.275851
334,3095,3.701297,-2.049215,-1.780857,-0.842801,-2.112769,-2.390573,-1.233444,2.247497,0.308505,3.619913,1.329436,-0.183367
334,3096,2.712211,-1.960274,-1.442157,0.148110,-2.003732,-1.211942,-1.800706,1.689763,-1.172022,3.155919,1.127358,-0.967009
334,3097,2.091648,-0.798320,-1.819724,0.254704,-0.084071,-1.511494,0.809724,1.947030,0.869416,3.249937,0.841661,-0.016667
335,3098,110.713277,-0.280539,-2.548731,335.672010,-4.552090,-399.555096,-2.537248,112.615364,-23.514558,3.929417,0.726148,2.690477
335,3099,67.976414,0.397725,-2.083062,-200.621177,-2.906630,-135.225401,-4.327147,305.907388,18.727965,4.433361,0.258327,-1.677386
335,3100,197.806297,0.367622,-2.351432,-46.013100,-1.153314,-138.174460,-1.411201,192.073503,23.238374,4.571161,0.773745,0.449903
335,3101,183.541586,-1.239400,-3.951432,-264.146734,-3.533725,1.505662,-3.085865,287.688491,202.509165,4.489015,1.064491,1.549878
335,3102,60.972878,-0.239870,-2.233789,259.240258,-2.525102,-983.152799,-2.072611,253.866980,170.378783,4.891157,0.188954,-0.159629
335,3103,50.742831,0.435901,-3.225958,88.310786,-2.474426,-701.391409,-1.323216,117.466245,-108.704131,3.105688,0.025430,-1.630469
335,3104,165.270680,-0.662461,-3.527671,285.625027,-2.729679,-469.835162,-2.492224,253.090157,136.326820,4.441202,0.402259,1.631687
335,3105,241.995683,-0.614030,-5.311489,400.340932,-3.143316,-659.498913,-4.370374,132.030314,-163.637945,2.864210,0.391105,-1.114359
335,3106,21.114838,-0.359803,-2.364484,34.528194,-3.771769,-343.884388,-2.152069,290.855854,200.622011,4.518499,0.255429,-0.661089
335,3107,111.779180,0.253554,-0.615492,-258.069013,-3.031976,274.968433,-2.906816,116.659836,168.977001,4.757018,-0.040905,0.457311
336,3108,3.075552,-1.055565,-2.752067,3.534667,-1.599816,-1.389189,-2.347231,2.621635,1.416477,3.095293,1.601881,-1.240605
336,3109,0.971852,-2.226398,-3.036728,3.547066,-0.226437,-2.694394,-1.000933,1.286743,-0.329239,2.043614,1.404026,-1.467229
336,3110,3.184298,-1.959314,-1.178522,-2.951500,-0.589672,-1.350630,-0.935069,1.896130,-0.682953,2.332776,1.279505,0.134391
336,3111,3.362933,-2.149781,-1.796919,-1.169136,-2.494512,-0.674896,-0.554878,2.353253,-0.025093,2.415910,1.598567,-0.317731
336,3112,2.237937,-2.834756,-1.965149,-0.496788,-2.354220,-2.442669,-2.346565,2.220927,0.611345,3.101460,1.497272,-1.535651
336,3113,0.921440,-1.393245,-2.150673,0.666679,-0.644551,-2.350166,-2.486439,2.830536,0.253190,2.392398,1.881244,0.435790
336,3114,1.821136,-1.487766,-3.876577,0.339963,-0.053658,-2.401579,-2.002321,3.142706,0.553962,2.859230,0.821205,-4.105554
336,3115,3.881237,-1.272529,-2.562578,1.951162,-2.150639,-2.785270,-3.366627,1.348077,0.774600,3.071472,0.889503,-3.154844
336,3116,2.085458,-0.857096,-3.016358,-1.758542,-0.783251,-4.738680,-2.092939,2.399038,0.777957,3.291674,0.288765,-1.630018
336,3117,5.048244,-1.101334,-3.183985,-1.314029,0.708445,-3.143173,-0.892161,0.867925,0.227828,2.912972,0.951273,-1.028551
337,3118,2.656208,-2.810995,-0.456003,3.528175,-0.393882,-3.950755,-0.471122,0.269977,0.561444,4.140176,1.255184,-1.269090
337,3119,1.223643,-1.815182,-2.506356,0.300917,-0.995169,-3.389152,-3.450945,2.123149,0.472892,2.522583,1.686535,0.951685
337,3120,2.871692,-2.270317,-1.687995,1.526295,1.115687,-0.796471,-2.524375,2.045295,0.463106,2.055675,1.137240,-1.215717
337,3121,3.781734,-2.671490,-1.153042,0.532956,-0.643157,-7.408561,-0.256075,3.679602,0.583246,3.104007,-0.289102,0.366457
337,3122,1.604212,-1.863054,-1.986118,1.779898,-0.829384,-4.237184,-0.709914,1.683714,1.560722,2.683601,1.588901,0.833184
337,3123,4.402893,-3.345308,-1.691245,0.948176,-1.509687,-3.299106,-4.740267,2.263578,0.401905,2.460076,1.034730,-1.281580
337,3124,1.074632,-2.330669,-3.202800,1.274445,-1.125593,-2.053660,-2.846132,3.315686,0.789549,3.529194,0.969399,0.049947
338,3125,2.162193,-2.564338,-3.050611,1.557013,0.455789,-1.019487,-3.444259,2.953046,0.030449,2.054285,1.963370,-1.582684
338,3126,0.952161,-1.914115,-2.929143,1.760472,-1.592837,-3.062857,-2.039094,1.861598,0.664090,2.340723,0.517287,0.198262
338,3127,2.057008,-2.120092,-1.509274,-0.184732,0.017501,0.448554,-1.788540,2.900497,0.872711,1.847916,1.512491,-1.901089
338,3128,3.207549,-2.893035,-0.859013,1.993010,-1.589281,-0.846982,-2.269814,3.055335,-0.619346,2.856569,1.007330,-1.319304
338,3129,2.961678,-1.360996,-2.781689,0.185594,-0.771263,-2.411036,-0.484593,1.702888,-0.632207,2.721989,-0.406060,0.496061
338,3130,4.411630,-1.411697,-2.650440,3.801125,-1.781896,-3.228513,-2.319584,1.233540,0.812690,3.483475,1.563427,-1.488502
338,3131,2.541949,-1.312217,-1.993214,0.462627,-0.493562,-5.094165,-4.573104,1.078439,0.971413,2.745019,1.860374,1.034126
338,3132,1.840385,-3.156166,-3.138509,2.001412,0.244470,-2.085233,-3.681833,2.959212,-0.070771,1.230564,1.449955,-0.754475
338,3133,1.415347,-3.092708,-2.807109,-1.004656,-0.936042,-0.773544,-1.924507,2.770842,-0.134574,2.965056,1.367367,-0.548245
338,3134,2.324669,-1.659102,-3.034201,-1.647038,-0.055882,-1.827205,-2.270074,3.036553,0.147453,1.804783,0.939385,-0.828736
339,3135,1.031963,-1.918651,-2.817968,1.522744,-0.026072,-0.719130,-0.699085,1.884903,0.944155,2.296455,0.471915,-1.767752
339,3136,3.485993,-1.667596,-1.535045,-0.327955,0.230883,-0.231747,-0.506727,2.765796,0.051637,2.934006,0.626259,0.698934
339,3137,2.199656,-1.181555,-1.723154,1.118554,-0.622348,-3.122229,-0.387611,2.698389,-0.485382,3.348800,1.214176,1.030306
339,3138,3.265352,-1.571743,-0.238584,-1.510934,-0.678413,-2.588397,-2.228765,2.076091,0.215215,2.856947,0.642244,-1.837029
339,3139,1.331378,-2.614827,-2.701976,0.691322,0.004889,-1.497267,-2.831111,2.638455,-0.468327,2.195869,0.953574,-1.069148
339,3140,1.580483,-2.036150,-2.438387,0.573446,-0.886079,-4.922666,-3.292814,2.292618,-0.629104,3.354783,1.344595,-2.469154
339,3141,1.945933,-1.975713,-2.240795,0.727603,-0.245385,-2.949205,-1.901155,2.538899,0.047730,2.096996,2.470548,-1.556073
340,3142,3.018488,-0.889103,-2.362892,2.395129,-0.367417,-1.346768,0.454323,1.967937,-0.714958,3.142023,0.372373,0.728239
340,3143,1.909582,-2.099371,-2.185419,-1.465167,0.244520,1.501500,-2.556342,1.552820,1.717796,4.163628,1.877922,-0.874436
340,3144,2.422055,-0.418986,-2.548353,-1.463317,-1.651998,-2.825060,-4.090165,2.733218,0.147331,3.124082,1.711232,-0.098104
340,3145,1.648558,-1.802167,-0.228072,1.020610,-0.058584,-1.126424,-4.229571,1.715639,1.021395,3.101385,0.018857,-2.364240
340,3146,1.425795,-1.899434,-2.707092,3.760621,-2.313423,-2.592989,-2.712549,1.051435,1.653369,2.232394,1.135316,-2.244054
340,3147,3.615964,-2.316564,-1.260416,-0.450482,0.110209,1.104703,-2.181936,3.001024,1.346724,2.481183,1.090601,0.230763
340,3148,4.098578,-2.198673,-2.984225,1.483191,-1.218096,-5.797911,-2.199580,2.048477,0.444467,3.882005,0.099054,-2.651421
340,3149,1.768816,-1.573810,-3.290544,0.108956,-0.070388,-4.135902,-2.356187,2.121170,0.371488,3.355062,1.258780,-0.394244
340,3150,2.621854,-2.620538,-3.806329,-1.066015,-1.841652,-3.462154,-4.909139,2.637205,1.193930,3.210079,0.585981,0.008994
340,3151,1.182516,-0.744585,-1.647184,-0.181327,-1.983486,-5.305465,-3.939011,2.608753,0.459917,3.545784,1.710355,-1.154343
341,3152,1.729862,-1.510587,-1.670511,-2.170028,0.356320,-0.734043,-1.003903,1.371404,1.471488,2.599197,0.321120,-2.025490
341,3153,1.552384,-1.727076,-2.911154,3.655885,-0.392072,-1.194839,-0.981452,1.983178,0.529924,2.624732,0.767125,0.917956
341,3154,2.899635,-0.817676,-2.779564,1.246512,-0.723274,-3.063482,-3.301480,1.945684,-0.084958,2.228770,0.566090,-3.439145
341,3155,1.476953,-1.117886,-2.087179,1.069735,-0.459026,-1.240581,-3.336039,1.204983,-0.059834,3.359024,1.276505,-0.955150
341,3156,3.233806,-2.600934,-2.387646,1.354714,-0.027991,-3.152390,-3.377430,3.416818,0.163261,2.676371,0.699989,0.075837
341,3157,1.697264,-3.061436,-3.211769,0.171674,-1.995791,-5.809644,0.635648,2.207771,0.179798,3.045787,1.661970,-0.778860
341,3158,1.401427,-2.966611,-2.313974,0.642596,-0.734946,-0.303228,-3.778916,-0.115303,1.224208,3.518521,0.298848,-2.009197
342,3159,1.852582,-0.697018,-1.928146,1.390114,-1.610694,-3.440762,-1.441500,2.601824,-0.698032,3.257004,0.421236,-0.642698
342,3160,2.734228,-1.932642,-2.216307,-0.696122,-1.176763,-2.551284,-1.905066,2.487057,0.679897,2.296602,1.327653,-0.634456
342,3161,2.238535,-1.503702,-2.890279,0.236504,-2.044941,-3.044367,-3.227138,2.815075,0.842208,3.111382,1.579081,-0.667228
342,3162,2.813848,-2.368072,-4.074551,1.968982,-1.743971,-2.248187,-3.995768,2.192299,0.257827,2.423542,1.082890,-2.311133
342,3163,1.913193,-3.256617,-1.205956,0.147921,-1.469612,-1.781699,-3.277385,1.869589,0.102123,2.415244,1.117902,-1.425946
342,3164,2.795974,-0.688319,-2.562686,0.458986,-1.262733,-0.901248,-3.279965,1.457437,0.852088,2.630142,1.964780,-0.464136
342,3165,1.002320,-1.710277,-1.620929,-0.241702,-0.813412,-2.347326,-0.960219,1.641901,0.484440,4.016156,1.237316,-1.274625
342,3166,3.653696,-2.384298,-1.666211,3.177342,-0.545561,-3.005454,-0.477802,1.681682,0.064614,2.275407,1.598652,-1.492507
342,3167,1.295928,-0.946736,-1.842317,2.146577,-0.570655,-4.610563,-0.463346,2.210455,-0.151772,3.623821,1.043613,0.547251
342,3168,2.518131,-1.220293,-1.157784,0.541743,-0.702155,-3.084880,-2.838106,1.114974,0.528070,1.910030,0.696227,-0.700047
343,3169,129.813612,0.391199,-2.533177,-19.165933,-2.261051,-1149.397169,-1.176591,271.679430,143.011668,4.965707,1.555424,-0.443290
343,3170,261.030983,0.283377,-3.384213,315.010321,-1.236137,73.763344,-2.554537,148.283334,95.648399,4.807685,1.021152,-2.791294
343,3171,116.087044,-0.608731,-4.224365,-263.399116,-3.486645,-364.780019,-2.294602,44.617275,133.002713,3.994469,0.402393,-0.332781
343,3172,170.891831,0.248467,-3.707973,-334.181458,-2.617855,-276.271791,-3.669810,371.393320,7.340485,3.839364,0.733993,0.979907
343,3173,319.680099,-0.057786,-0.278517,543.163809,-2.634976,-1067.024434,-2.174286,192.654398,74.716640,4.232049,1.397501,1.381348
343,3174,50.530309,0.215747,-3.234556,102.273750,-3.796643,-535.703736,-3.778531,208.598669,-115.333444,4.846934,0.204708,0.064728
343,3175,222.453406,1.533746,-2.520869,22.885481,-1.891514,-1243.515254,-2.042126,235.924222,140.881237,4.491588,1.596168,0.946243
344,3176,131.549575,-0.383977,-2.619847,236.362665,-3.142666,-1295.107646,-1.621775,375.927098,-46.071660,3.249837,0.876682,0.145669
344,3177,282.564971,-1.140105,-2.997374,187.063018,-3.819190,-1045.568217,-0.877007,340.273128,86.134908,4.026231,0.591135,0.762949
344,3178,167.760707,0.580630,-2.813737,170.996397,-3.047828,-832.108029,-3.382654,248.369821,117.383944,4.532249,0.316167,-0.984224
344,3179,230.520359,-0.289528,-0.550743,175.400823,-3.885678,-1618.101563,-3.016152,195.439272,23.974983,3.188340,1.136104,1.612172
344,3180,123.735016,1.115374,-3.073466,327.527781,-3.238677,-1044.755267,-2.151439,227.280415,45.732504,4.142071,0.490148,0.957492
344,3181,236.101635,0.263204,-2.623081,101.337897,-2.755719,-1235.202812,-1.869198,244.206598,150.475978,3.062079,0.742357,-1.225871
344,3182,180.341410,0.397301,-3.993508,334.882919,-2.445785,-1594.321928,1.190021,255.308966,-33.391305,4.795503,0.935142,0.340040
344,3183,220.985674,0.027103,-1.741820,217.475948,-3.168229,-553.178318,-2.184652,284.324633,13.612041,3.363603,1.269353,1.294668
344,3184,124.943259,-0.495510,-4.160278,16.367118,-3.802338,-523.164502,-3.154436,289.543276,22.010862,3.892891,1.041457,1.321361
344,3185,215.458282,0.869159,-5.467666,132.326332,-3.168708,-1463.401899,-4.290289,355.691033,118.491990,4.741994,1.574590,1.886339
345,3186,195.276736,0.221575,-3.059787,173.872333,-3.129334,-1314.685811,-2.679091,113.302430,33.156257,5.000694,0.939286,-0.797467
345,3187,195.403235,-0.538845,-3.025221,122.995842,-2.816733,-483.791394,-1.523206,251.695194,59.945079,5.094627,0.717002,-0.538228
345,3188,193.353267,-0.742812,-5.470320,-176.852442,-2.991922,-940.865613,-1.638888,210.984731,-263.294254,4.242631,0.944347,0.113422
345,3189,152.806039,-1.561189,-3.407869,218.290241,-2.995229,-761.330177,-2.848873,105.584655,-48.598917,4.151663,0.083301,-0.610221
345,3190,143.890288,-0.209320,-3.370837,39.797616,-3.191231,-344.904744,-2.497035,457.371974,98.422879,3.944483,1.571358,1.099018
345,3191,95.536914,-1.481115,-3.036432,300.667185,-2.568712,-29.579109,-1.955286,331.849573,129.883490,3.275809,0.176351,0.298205
345,3192,347.599176,-1.595038,-2.751950,-245.850785,-2.337316,-589.245082,-3.259061,190.508431,74.284496,5.248669,1.221104,-1.027276
345,3193,247.623909,0.919083,-3.371677,281.093124,-3.197964,-123.514931,0.056077,180.159526,-9.285312,3.922503,1.084947,0.808299
345,3194,249.597941,1.005191,-3.690492,318.652419,-2.752607,-563.316375,-1.004978,259.347957,-136.322482,3.998967,0.679609,-0.713508
345,3195,281.551916,-1.310630,-2.397512,461.269547,-3.612995,-1596.986695,-3.154859,181.528954,54.461020,4.551198,0.638996,0.621190
346,3196,3.251922,-2.548133,-3.365660,0.559711,-0.076480,-0.423499,-1.342778,3.933731,1.222988,3.205780,1.136394,-2.445349
346,3197,2.241435,-1.866567,-2.604281,2.223178,-0.328693,-3.861509,-4.414339,2.491626,-0.087991,2.817826,1.724807,-1.974892
346,3198,3.099216,-1.885490,-2.074278,2.040284,-1.222306,-3.049941,-1.185146,2.596310,0.205541,3.490889,-0.110270,-2.210175
346,3199,1.858415,-1.406528,-2.360260,1.032181,-0.251268,-1.635503,-2.346637,2.783820,0.636720,3.124232,2.522424,-0.469235
346,3200,2.218182,-1.204725,-1.152076,0.284104,-0.567941,-4.959950,-2.287377,2.487521,0.440282,3.453908,1.606645,-0.001797
346,3201,2.678937,-1.474203,-1.346000,2.120509,-0.096046,1.103774,-1.809389,0.789434,0.670277,3.228048,1.850301,-0.905095
346,3202,2.571191,-3.020544,-1.431863,4.584460,-1.716099,-1.952994,-1.227480,2.187957,1.756354,3.965076,1.592245,-1.226430
346,3203,1.175047,-1.649670,-3.955115,1.806785,0.661855,-2.545916,-2.379540,0.542843,0.917607,2.762834,1.281616,0.841719
346,3204,2.379932,-1.857420,-3.043247,2.290441,-1.216924,-2.846736,-1.562717,2.584763,0.760201,2.627488,0.192032,-0.351769
346,3205,2.932076,-1.239201,-4.251297,0.083679,0.432051,-2.926949,-0.309235,2.328219,1.206870,2.405220,1.120530,-2.124578
347,3206,223.792629,-0.075698,-3.594098,293.830353,-1.206867,-629.943176,-2.659989,79.077364,249.963311,4.195277,0.022020,0.790844
347,3207,153.820699,-1.253227,-3.385524,65.889095,-4.257426,-761.093069,-3.096594,199.804848,32.890745,3.931249,0.269175,1.681202
347,3208,122.232607,0.569651,-3.257080,-55.135304,-2.377299,-634.147174,-4.640606,123.981465,193.941019,4.550148,0.605047,-0.882669
347,3209,88.652778,-0.363625,-2.582201,81.138886,-1.469879,-851.722935,-2.356584,384.206570,148.077642,2.965052,0.527741,-0.307004
347,3210,129.251387,0.414961,-2.257159,316.246191,-3.420112,49.188852,-1.980485,307.833196,4.962833,3.858311,1.346010,0.555412
347,3211,253.781931,0.481350,-3.468420,31.718774,-2.547315,-1144.298922,-2.832707,186.355753,128.419975,3.750928,0.880015,1.539291
347,3212,189.750600,-0.029634,-0.904380,-25.468178,-2.842503,-1471.234636,-3.751636,175.863419,197.075825,3.206907,0.601809,1.195124
347,3213,197.999142,0.441675,-4.991565,232.921368,-3.045124,-698.029002,-2.808923,214.536428,82.156505,4.601568,0.334458,-1.399138
347,3214,259.793925,-0.374016,-3.073149,-50.043593,-2.207425,-359.263192,-4.349540,222.470912,113.543571,5.117056,0.645430,-0.675360
347,3215,238.483586,-0.225727,-2.143270,16.022475,-3.097836,-827.729363,-2.346275,413.153960,27.363370,4.218048,1.753574,-0.925808
348,3216,238.561960,-1.069463,-2.813710,-135.833162,-3.296023,-1349.265923,-2.377289,402.654835,92.453522,4.407000,0.051753,-0.034052
348,3217,260.058806,0.368082,-3.652716,150.666883,-1.670099,-529.223218,-1.847862,146.619012,200.706252,3.961196,-0.011329,-1.056931
348,3218,168.354866,-0.032744,-2.528981,107.884631,-3.481412,-1199.965361,-3.697713,245.683008,42.081901,4.147764,0.973632,-0.054044
348,3219,171.885995,0.996468,-4.574870,54.357819,-4.267455,-480.856320,-2.591638,428.185315,-42.736686,4.680053,0.843747,0.079838
348,3220,263.498543,-0.068012,-2.834690,37.522008,-4.285593,-581.603361,-1.693673,354.263583,156.104353,4.938724,0.777554,0.283322
348,3221,190.298969,-0.458792,-2.685378,280.587421,-3.158472,-12.863247,-3.227228,74.110084,15.336782,4.210773,1.210033,-2.381757
348,3222,279.537261,0.992882,-3.180245,514.537266,-2.458372,-441.517060,-2.446524,350.153690,81.415344,3.917787,0.588220,-0.153879
348,3223,251.395879,0.219050,-1.794304,-14.327265,-4.482596,5.945645,-2.158837,309.636031,143.360242,4.517275,2.010777,0.855143
348,3224,233.476281,0.896989,-5.044697,103.270031,-3.984722,-40.203139,-3.824096,325.622212,-30.027745,3.153474,0.182066,0.171737
348,3225,232.188466,-1.164617,-1.651850,273.124018,-3.180409,-284.234696,-4.400099,287.972691,107.642648,4.091579,0.190600,0.025116
349,3226,142.130337,0.944891,-3.882038,101.075814,-3.781987,-825.151035,-4.400037,201.746391,-14.547407,4.011933,0.923155,-1.420587
349,3227,233.454976,-0.662018,-2.115756,-348.187174,-3.389468,-431.691538,-2.609378,395.914796,78.161762,3.989093,1.384936,1.650478
349,3228,159.984506,-0.354208,-2.707820,-314.829085,-2.992779,-788.696872,-4.542887,257.818285,202.217007,4.348531,0.682527,0.863058
349,3229,98.289568,0.359374,-4.240801,191.675900,-2.399151,-995.898399,-2.415375,261.189268,-27.306023,3.076225,1.616306,-0.414176
349,3230,180.526076,-0.207700,-2.618801,16.086612,-3.588446,-419.282286,0.130617,291.520450,-37.194911,4.579746,1.182240,-1.741180
349,3231,137.564312,0.110603,-2.226682,19.058906,-3.813229,-220.932413,-4.475519,211.745746,54.827474,3.371658,0.305888,-2.210431
349,3232,187.002178,1.000057,-3.190307,337.201161,-3.881830,-850.754935,-2.116366,205.528579,167.467034,4.795188,-0.319694,-0.970435
349,3233,125.134902,-0.347245,-1.911935,233.054876,-2.646191,-630.786924,0.910702,184.606757,154.394474,4.545508,0.417784,1.068345
349,3234,167.741905,-0.854117,-1.901586,-528.192500,-3.380414,-718.253488,-4.819045,222.193642,158.846017,4.162311,1.770998,-1.963462
349,3235,190.020985,-0.265221,-0.812514,111.595093,-2.462346,244.755358,-3.784789,292.958768,15.468522,4.194647,1.122669,-1.117521
350,3236,169.540824,-0.503502,-2.381977,486.731409,-2.568473,-1011.085903,-1.844689,396.792673,260.585957,4.059105,0.911152,0.172298
350,3237,289.228208,0.216474,-3.149662,-254.713407,-2.239637,-298.513927,-4.640082,300.716785,21.958351,4.394504,2.063566,0.587287
350,3238,232.578799,0.983732,-4.278563,81.208098,-3.946663,-479.554497,-1.932516,275.859435,181.888083,6.216746,1.522798,0.350089
350,3239,180.163119,1.499510,-3.017425,506.380299,-1.797276,-14.117227,-3.544609,151.282059,99.562372,4.664456,1.477680,-0.858907
350,3240,204.204643,0.586503,-2.525785,280.442229,-2.871352,-315.066756,-2.816522,410.436133,213.967863,4.460136,0.891815,-1.102991
350,3241,252.067671,-1.048002,-2.765076,192.075433,-3.029291,-244.714651,-4.998748,191.176218,160.642399,4.192706,1.559248,2.826977
350,3242,173.426918,-0.685358,-3.076909,193.180442,-3.233491,119.825184,-3.025136,113.111123,4.027556,4.882722,1.879196,-0.063755
351,3243,167.986363,0.244398,-2.840169,389.877864,-3.142294,-962.688741,-1.541887,25.867803,142.635405,4.253065,0.316924,-1.233098
351,3244,200.336939,-0.786840,-4.043756,-304.365175,-2.779172,-570.700239,-5.185937,340.018991,-49.007053,3.661172,0.194163,1.763421
351,3245,203.776265,0.752074,-5.258078,205.796038,-3.272370,82.005042,-4.037368,76.497743,251.178878,4.333917,1.744676,-0.493431
351,3246,244.619628,0.183216,-3.495580,316.412250,-4.477338,-1560.472798,-0.164581,110.271590,378.661824,5.143226,0.717945,-0.702152
351,3247,147.615690,1.115049,-2.614579,123.992220,-2.308456,-599.644577,-2.859702,201.996856,198.067993,3.835565,1.374203,-1.611929
351,3248,142.018432,-0.323773,-2.715674,136.898064,-3.218744,-947.274084,-2.551737,320.494334,98.731492,4.202941,0.615282,1.719472
351,3249,218.828466,0.392137,-2.325527,-273.590615,-5.918719,-336.687675,-1.538578,152.513676,5.643908,4.432664,0.139372,1.377456
351,3250,269.897810,1.046273,-1.922711,142.402069,-2.398172,-380.394976,-2.638582,276.202317,-50.475621,4.380062,0.401349,0.260998
351,3251,-21.434224,0.314997,-3.506243,-107.844431,-2.009502,-1186.018267,-1.767703,126.919544,20.276788,4.275517,1.735685,-0.291137
351,3252,199.116753,-0.563332,-4.061025,-246.795485,-3.575976,-533.233995,-3.575235,71.762007,257.590393,4.557164,1.123544,-1.076366
352,3253,2.487960,-2.256258,-1.627566,-1.929051,1.092486,-4.408204,-1.984248,2.248303,0.714325,3.052402,0.941973,-0.100324
352,3254,4.075797,-1.367382,-2.162283,4.497446,-0.325235,-1.407873,-3.622026,1.902127,1.006425,3.617746,1.462856,0.542282
352,3255,0.527993,-3.725774,-2.035866,2.472740,-1.440130,-4.838372,-1.924216,3.095564,0.930107,3.261634,1.187030,-2.259320
352,3256,3.404836,-2.541433,-1.387051,3.882717,-0.404047,-4.152917,-2.085433,2.377766,1.018315,3.186304,0.908102,-0.305368
352,3257,2.850981,-1.606193,-3.469488,-1.015931,0.350165,-3.516273,-0.777700,1.007692,0.147032,3.450375,1.434065,-1.893624
352,3258,3.055199,-1.816976,-3.619319,0.707890,-0.247823,-3.475074,-2.493631,1.503134,0.306988,3.610153,2.265115,-0.110125
352,3259,0.571897,-1.042112,-2.262415,1.862495,0.645738,-2.316966,-2.421766,1.036902,0.455699,2.324086,1.381205,-1.604563
353,3260,1.841484,-1.623593,-3.489252,0.697625,-0.605493,-3.839304,-1.336147,2.977478,0.394711,1.921768,0.945754,-0.102682
353,3261,2.949686,-2.694006,-3.319951,1.318528,-0.211187,-5.831682,-2.527779,2.640552,0.983388,4.169829,0.498230,-0.319578
353,3262,2.364914,-1.445902,-1.788496,-1.703790,-0.046034,-1.603300,-1.757562,2.029179,-0.677038,4.027449,1.190665,-0.561681
353,3263,1.831946,-0.584422,-0.476017,0.249312,-0.925905,-3.430805,-0.881886,2.057968,-0.523912,3.655448,1.302842,1.153260
353,3264,1.412017,-1.593523,-2.996072,0.175826,-1.791123,-0.831640,-2.703941,1.929657,0.602022,3.100658,1.499225,-3.164897
353,3265,3.604853,-2.315771,-1.736926,-0.946053,-2.425295,-1.569871,-2.658130,2.765350,-0.073984,1.854467,0.909436,-1.259288
353,3266,1.797058,-1.644522,-2.239969,2.777988,-1.429345,-3.884413,-1.157523,2.850395,0.809087,3.865948,1.954919,0.113984
353,3267,2.983046,-2.022135,-2.283781,0.925802,-1.428276,-1.423275,-3.297453,2.327344,0.837143,3.591943,0.985758,0.085053
353,3268,2.838000,-2.210059,-3.589787,-0.434509,-1.326166,-5.754482,-0.923501,2.561615,0.118161,3.015655,1.087546,-0.826846
353,3269,3.646201,-2.268899,-2.314439,-0.571943,-0.614854,-2.148753,-2.861911,3.307934,-0.974928,3.274414,1.214321,-1.475712
354,3270,287.595478,0.400541,-3.072809,4.518793,-2.605231,-1061.267707,-2.258485,235.903446,79.686389,4.087183,1.432100,0.598181
354,3271,156.533989,-0.850993,-3.707482,-49.261923,-2.710348,-595.134463,-2.660951,201.595052,333.028753,3.946131,1.463631,0.396332
354,3272,81.729481,-0.017910,-5.381257,77.698688,-2.576368,-440.895995,-3.215819,221.624919,2.746332,4.404347,1.910754,1.343562
354,3273,185.911320,-0.422243,-2.104245,-22.710451,-1.157605,139.695601,-4.302409,206.741576,81.465940,4.148621,1.278649,-0.026409
354,3274,160.000459,-0.220164,-4.181312,193.076634,-2.301302,-1048.294493,-3.104992,158.344826,102.640622,4.453435,1.565677,-1.152020
354,3275,212.261967,-0.130473,-3.061329,180.765360,-3.293761,-556.942179,-1.551801,257.722254,-28.123052,4.414812,0.296401,-0.003845
354,3276,124.729233,0.207146,-3.393064,-241.839053,-5.241852,-966.653421,-0.392804,424.126237,316.945071,4.426567,0.872320,-1.436578
355,3277,183.486515,-0.952027,-3.677086,51.653375,-2.375918,-1088.680521,-2.653252,364.871633,-71.062662,4.016587,1.053323,0.652578
355,3278,218.217205,0.205868,-3.616115,-173.183951,-2.502164,-62.357622,-3.085592,265.343643,-98.087202,3.345555,0.949149,-1.039353
355,3279,188.475528,-1.671537,-2.944515,-161.516900,-6.239392,-176.535537,-3.367831,288.045419,141.611566,4.264430,0.752270,-1.570968
355,3280,209.108600,0.778556,-2.458523,359.552349,-3.077482,-1521.615708,-1.490449,357.756377,222.248138,5.131335,1.189746,0.896683
355,3281,144.097592,-0.711240,-3.566361,-23.777882,-4.397221,-370.272617,-0.157987,238.676587,118.134664,4.577561,0.858669,-0.213440
355,3282,180.404213,0.094947,-4.383814,269.554656,-4.064726,-323.744764,-2.508035,225.149222,5.554484,3.874711,1.832962,-2.031840
355,3283,265.774046,-0.363915,-2.503661,-84.914446,-2.789399,-1124.163768,-1.322930,289.134516,113.289924,4.713943,0.610746,-0.834575
356,3284,48.890019,-0.460925,-2.946436,284.372148,-4.030914,-394.692966,-2.380233,266.360739,-116.553970,3.913738,0.395846,0.162320
356,3285,195.173934,1.325644,-3.318112,72.365200,-4.228711,-1115.374418,-3.250694,236.929692,73.320436,3.978799,0.720622,0.875905
356,3286,110.696337,-0.705309,-3.039382,417.217437,-2.747252,-535.738719,-6.344379,321.448597,77.296629,3.588359,0.959851,1.553083
356,3287,111.098689,-0.258815,-4.307240,13.865689,-3.091871,-579.652926,-1.782678,150.095491,-32.327355,4.002805,0.994275,-0.628702
356,3288,207.287700,-1.491563,-5.612820,445.667478,-2.551734,59.029223,-2.801876,81.347086,81.138760,4.022501,-0.505349,-0.297429
356,3289,196.068779,-0.840625,-2.386454,62.158102,-3.853187,-1539.397843,-2.660683,136.204562,-51.064750,3.890798,1.112229,0.757687
356,3290,53.090057,-0.140211,-4.345295,158.290358,-1.776507,-27.098369,-1.534648,243.703093,122.817788,4.405299,0.686291,-0.432857
356,3291,105.050966,0.415344,-1.749486,-161.195601,-3.671030,-1538.870731,-0.449673,386.279614,-17.474985,5.856801,1.107870,-0.204572
356,3292,227.327477,-0.966439,-2.256701,11.699247,-3.363652,-632.122887,-3.249991,325.598095,273.411469,3.847645,1.817873,-0.301990
356,3293,191.571597,-0.476760,-3.970077,286.908365,-3.191043,-1162.054903,-2.919607,375.502056,126.915739,4.154257,1.507059,0.755967
357,3294,3.277278,-2.026553,-2.008297,0.297677,-1.563336,-3.646867,-1.893471,2.978939,2.291638,3.175218,0.672387,-2.059655
357,3295,2.268331,-2.296384,-2.648946,-0.470396,-1.502923,-2.511996,-0.459645,1.595403,0.844104,3.030465,1.758951,-3.403718
357,3296,4.045952,-2.323102,-2.007974,0.387767,0.538305,-2.795617,-3.275795,2.337621,-1.128146,3.698201,1.665101,-0.891210
357,3297,1.955378,-2.061871,-2.640162,2.808643,0.243984,-2.259894,-2.467965,1.955418,1.273946,2.316056,-0.267733,-2.818197
357,3298,2.814323,-2.274555,-2.529361,1.675778,0.247746,-1.984174,-1.489814,1.210128,0.294075,2.344548,-0.013174,0.040288
357,3299,2.198688,-2.094166,-2.566361,0.035511,0.139599,-5.413505,0.459195,2.057769,0.143095,3.458672,0.421088,-2.132108
357,3300,3.501742,-2.796521,-2.497111,0.005056,-1.025996,-4.291090,-4.068609,3.166192,0.005727,2.595198,1.546499,-0.275802
357,3301,-0.486316,-2.691141,-4.694884,2.330263,-0.577754,-4.997384,-1.491884,2.116296,-0.024741,3.410480,1.870858,-2.102335
357,3302,3.089768,-2.018914,-2.219653,2.104326,-0.623458,-6.056516,-3.396662,0.338207,0.586135,1.924366,0.477352,-2.682306
357,3303,1.948564,-1.416337,-1.865943,0.033164,-1.790538,-2.396783,-1.587479,1.229800,0.479733,1.646859,0.927525,-1.267672
358,3304,2.962659,-2.611428,-2.024957,-1.419765,-0.693165,-2.563227,-1.888031,2.990845,1.142657,2.499931,1.348719,-2.176397
358,3305,2.975426,-3.213792,-1.675231,1.975440,-2.013150,-2.048719,-4.518907,2.831134,0.296331,3.421345,0.623105,-0.672944
358,3306,1.784921,-1.179005,-2.475843,-1.312913,0.303716,-1.002423,-3.373761,3.002385,1.677919,3.431004,1.090759,-0.271101
358,3307,2.309034,-2.120915,-1.253175,1.480668,-2.108388,-1.523484,-0.904750,2.369882,1.622877,3.449732,1.197817,-0.115909
358,3308,2.195588,-3.752554,-1.728744,1.139955,0.518534,-3.297375,-0.855142,1.287401,0.348637,3.434628,0.833826,-1.829407
358,3309,3.241987,-0.878926,-1.145041,-4.463311,-0.495493,-2.942922,-3.376350,2.001039,0.976207,2.417327,1.077877,-0.209496
358,3310,2.241367,-2.308694,-1.747882,0.177415,-0.660503,-5.917078,-2.596683,3.661625,-0.780383,2.606099,0.870406,-0.556752
358,3311,3.161846,-1.131237,-1.865067,2.808669,-1.576029,-5.695255,-2.097149,0.905711,0.238016,4.119184,1.652607,-0.980562
358,3312,2.601074,-1.544963,-2.903877,1.207366,-0.959446,-5.131634,-2.020253,2.541458,0.810355,2.735736,2.093530,-2.306600
358,3313,2.705237,-1.802819,-1.207451,-0.700281,0.448605,-2.395578,-2.808723,2.002785,0.881286,3.327493,0.707905,-3.386817
359,3314,3.671769,-2.867456,-2.174697,-1.917158,-0.233172,-2.063233,-0.132623,2.277157,1.400646,3.346624,0.745665,-1.900953
359,3315,1.846901,-2.087028,-2.658137,1.437763,-1.689115,-0.413312,-1.231211,1.821884,-0.529714,3.681036,0.678597,0.082380
359,3316,2.693050,-2.092071,-0.651544,3.351994,-1.616121,-0.821033,-1.955249,2.494616,0.731127,3.302810,1.589757,-0.598287
359,3317,2.397102,-0.963675,-2.128882,3.774711,-1.087799,-3.249157,-2.593005,2.766460,0.523422,1.847059,1.279847,0.647651
359,3318,2.177640,-3.171753,-3.533689,0.383208,-0.324526,-1.502927,-2.955670,3.111571,0.292903,3.164702,1.151107,-1.585031
359,3319,3.585027,-1.910075,-0.962688,-0.685195,-0.772539,-4.505739,-1.099351,1.972027,1.120073,2.718067,0.058005,-1.962449
359,3320,1.937934,-1.824489,-1.783496,-0.066666,-0.368497,-4.380100,-4.251271,1.633991,-0.025220,3.665788,2.220537,-0.149997
359,3321,3.879744,-2.830269,-3.509790,-0.428421,-0.813092,-2.497155,-2.413358,1.787210,1.161568,2.321680,0.189974,0.368904
359,3322,3.472166,-1.773087,-3.755320,0.979401,0.378596,-0.091229,-1.889992,2.320732,0.599720,4.236159,1.829275,-0.552967
359,3323,2.072286,-2.363739,-2.878661,1.452281,-1.795612,0.565008,0.124295,1.939216,-0.525563,1.829370,0.701735,-0.507243
360,3324,255.612822,-0.592487,-1.733966,30.528022,-3.806303,-388.517090,-2.663333,151.699940,271.585074,5.044261,0.911321,-1.758309
360,3325,151.528466,1.258525,-4.243580,97.267602,-3.146066,-1540.830167,-5.306206,49.831109,191.636970,4.737133,-0.315029,0.365723
360,3326,192.203508,-1.180760,-4.123866,193.508838,-2.513888,-537.666029,-0.893140,300.642753,154.066434,4.432239,0.843393,0.278700
360,3327,216.414478,0.485199,-3.443814,394.706195,-3.625044,-347.681175,-2.788073,278.925832,-32.459772,4.106117,0.863120,-0.725378
360,3328,136.024363,1.202755,-3.936574,165.533106,-4.178603,-1216.788630,-1.606135,-16.258327,280.621058,3.996068,2.709295,0.866273
360,3329,213.381452,0.050016,-4.604217,-103.566534,-4.639754,-583.589773,-1.834259,395.160281,64.416985,4.934830,1.728383,-1.086216
360,3330,188.933932,-0.846471,-1.482636,162.022933,-3.851783,-290.545569,-4.450364,270.653772,97.297273,5.365274,1.635709,-1.074105
360,3331,112.637370,-0.166510,-3.297806,-112.092980,-3.758827,-802.612060,-3.384500,153.918671,269.890636,4.396130,1.098883,0.405797
360,3332,251.419604,-0.180225,-3.535273,76.392418,-3.284234,-361.312072,-3.046473,327.314920,28.426648,4.014792,2.121850,-0.625906
360,3333,225.755112,0.791796,-2.637296,-193.901181,-2.899364,-275.089528,-1.606877,340.009421,163.278310,4.530370,-0.264415,-0.954454
361,3334,3.519963,-1.952478,-2.695676,-1.544348,-2.269480,-0.557877,-3.459615,1.005849,0.531153,3.421644,-0.301432,0.006689
361,3335,3.331499,-2.815753,-3.417704,-1.040973,-0.848174,-2.806462,-1.801804,0.805356,0.707068,3.734627,0.461627,-1.160936
361,3336,2.126768,-1.151074,-2.197434,-0.776377,-0.494577,-1.949523,-2.193738,0.209683,0.268131,2.500608,0.709704,-1.751859
361,3337,1.553212,-2.607451,-2.444441,-1.578317,-0.011150,-2.268993,-2.312009,2.296506,0.332276,2.550465,0.939642,-0.283184
361,3338,1.263788,-1.452628,-1.038106,0.714453,0.456156,-3.147906,-1.460115,2.813470,0.590541,2.205408,1.770299,-0.350635
361,3339,2.204552,-2.210080,-2.773001,-1.938976,0.671646,-0.392016,-0.386760,1.356740,-0.212583,2.357672,0.415852,1.020851
361,3340,2.319253,-1.498256,-2.276588,-0.521938,-2.143853,-2.451168,-4.056102,1.102830,0.788636,2.909087,1.242208,-3.979814
361,3341,1.843823,-2.286903,-1.854238,1.183372,-0.921661,-1.465155,-3.107745,2.336751,0.046438,1.862435,2.018042,-0.950211
361,3342,1.620679,-2.299280,-3.349766,2.838248,0.390631,-0.687254,-1.943352,2.224144,0.031886,2.419741,0.768757,-2.285724
361,3343,3.150882,-1.536809,0.023228,3.055183,-1.548600,-0.292527,-1.893234,1.764272,0.335828,2.957070,0.197826,-0.732070
362,3344,3.166682,-0.999089,-1.475663,-1.814436,-0.528079,-6.193694,-1.548884,0.989416,-0.829556,2.586828,2.066235,-1.000204
362,3345,3.863906,-1.618327,-0.652498,0.291225,-1.178541,-1.158002,0.289422,0.302341,0.412804,2.373216,0.977114,-0.658549
362,3346,2.322344,-1.846911,-1.589196,0.598520,-1.222374,-0.767453,-1.313190,1.510766,0.430841,1.864884,1.509381,-1.816247
362,3347,3.133928,-2.265422,-1.834012,2.819923,-1.845836,-4.080530,-1.340974,2.479905,0.670183,1.847661,0.794621,-2.099328
362,3348,1.803266,-3.068711,-0.720102,-1.760022,-0.022639,-3.056543,-0.404026,2.240502,-0.227857,2.228928,0.486089,-0.914879
362,3349,-0.965299,-2.422592,-1.977913,1.409531,-0.149590,-3.450893,-0.144972,3.151836,0.359778,3.009845,0.441992,-1.208549
362,3350,2.523700,-2.513664,-1.894434,-1.843434,-0.508490,-4.357705,-1.249833,2.150744,0.178259,2.657533,0.766715,-2.472092
363,3351,198.837622,-0.484255,-3.512515,95.286709,-4.222719,-827.787967,-0.910694,156.920938,11.223467,4.146775,0.726682,-0.724409
363,3352,210.187313,-1.910309,-2.943902,632.090745,-4.203178,-41.788452,-1.240783,221.294792,-54.907001,4.279034,0.710756,-0.695229
363,3353,200.641980,-1.137374,-1.827649,-153.271062,-4.145680,-389.581814,-2.629405,231.675265,-10.538920,5.187010,1.501510,0.209338
363,3354,79.614915,-0.462731,-2.623308,-153.531173,-3.772556,-491.540507,-1.540804,318.610594,-238.429306,4.207279,0.281011,0.682027
363,3355,109.076218,-0.306808,-2.860828,283.500285,-2.896184,-728.573471,-2.821306,363.460170,199.928022,3.564804,0.878148,-1.481999
363,3356,124.903819,-0.464837,-4.906299,2.556422,-1.698785,-709.234221,-3.392862,125.149244,196.857877,3.443945,1.090682,-0.264859
363,3357,196.644077,0.315275,-2.658499,70.642425,-2.853046,-716.861822,-1.821483,116.249544,226.235866,3.836330,1.154065,2.376046
363,3358,253.761303,-0.185027,-1.578321,353.394179,-2.102532,-697.105524,-0.700806,327.230378,-173.736943,5.873681,-0.043799,0.411281
363,3359,276.474173,-0.759808,-3.701912,267.298052,-4.437837,-670.441373,-2.630085,164.098149,203.210576,4.820933,1.133212,-0.467361
363,3360,228.275755,-0.708377,-3.853208,457.522629,-4.609406,-620.377528,-1.098026,253.814370,379.885664,3.888833,1.312286,-0.117886
364,3361,3.376111,-2.634700,-2.195139,0.859761,-1.242796,0.018191,-1.911589,1.904652,0.000527,3.111045,1.591475,-0.596682
364,3362,2.721825,-2.454678,-2.151459,2.647924,-1.593133,-1.836055,-2.376354,3.528741,0.048693,3.219916,1.431859,-1.054338
364,3363,4.547400,-1.724148,-3.457553,1.862001,-0.593296,-4.560692,-2.563403,1.507804,0.556452,2.749580,0.588448,-1.402034
364,3364,2.660023,-2.096246,-1.851028,2.521198,-0.184902,-3.792041,-1.628544,4.375433,0.516182,2.764420,0.479945,-2.145764
364,3365,2.491181,-2.114698,-1.216685,1.652410,-0.695829,-4.180445,-1.984689,3.130157,0.232691,3.653331,1.013374,-0.942784
364,3366,3.552997,-1.845317,-0.985870,-1.621218,-1.036043,-0.001477,-2.257613,1.838110,0.217166,2.729878,0.849488,-2.704157
364,3367,3.716703,-2.375965,-2.470343,0.108173,-0.640998,-3.081629,-3.805296,3.279393,-0.245784,1.802325,1.162993,-2.420305
365,3368,2.991123,-3.279649,-1.272423,0.611312,-1.508417,-0.682369,-1.074219,0.702447,1.101174,3.333722,1.078495,-1.349049
365,3369,2.094132,-1.097622,-1.510326,0.194514,-2.173719,-0.769280,-1.789801,2.471543,0.379120,2.565674,1.030210,-1.828834
365,3370,2.829377,-2.109597,-1.655900,1.193507,-0.822871,-3.549777,-3.903664,2.154558,1.632503,2.475142,0.311938,0.073593
365,3371,3.159664,-2.861408,-2.452253,1.887674,-1.251845,-2.301428,-1.300419,1.400452,0.496194,3.117721,0.478764,-1.210674
365,3372,4.542637,-2.177716,-1.309648,-0.160211,-0.218998,-1.294809,-1.310292,2.345737,0.407121,2.729593,1.170633,-3.809499
365,3373,0.510171,-2.851927,-2.065063,-0.341768,0.139026,-0.139260,-4.007216,2.148286,0.843997,3.397894,1.176220,-1.605148
365,3374,3.281761,-2.214439,-2.260579,0.774015,-1.620320,-2.553880,-1.865360,3.532993,0.404595,2.029350,0.714802,-2.316851
365,3375,3.115273,-2.533067,-2.906700,-1.891364,-1.526643,-3.250043,-2.024367,1.805848,1.182931,3.601155,0.986715,-1.147105
365,3376,1.023640,-2.425004,-2.887349,1.887543,-0.307832,-0.910475,0.569274,0.644524,-0.123270,1.910853,1.633890,-3.560282
365,3377,2.903259,-2.195315,-3.326020,1.152845,-1.063030,-1.316416,-1.500583,2.622468,-0.344131,3.338326,1.651781,1.089573
366,3378,207.868381,-0.704092,-3.702176,257.834657,-3.074180,-546.933799,-3.862183,291.032210,96.498537,4.905065,1.116334,-0.032729
366,3379,151.446311,1.278745,-4.537540,152.125919,-4.018246,-618.057225,-0.785293,365.471907,164.476670,4.310145,2.256939,-0.654027
366,3380,141.445772,-0.245513,-3.679225,-155.475747,-1.857806,-556.606549,-2.141302,165.936607,198.231133,4.314319,0.864579,-0.176808
366,3381,165.525933,0.078211,-3.183441,418.491363,-3.734083,-960.797497,-3.668027,222.239641,39.033120,3.171087,0.781480,-1.915022
366,3382,62.509379,0.841350,-4.319083,-8.115104,-3.790546,155.582500,0.618194,206.003107,108.274261,3.992983,0.605117,1.667521
366,3383,185.294008,-1.303557,-2.867543,-207.327900,-2.177235,-624.144844,-3.369718,366.334969,-59.375193,4.806320,0.509568,-1.308044
366,3384,170.504230,-0.211147,-2.753706,-389.289046,-3.258395,-437.953417,-2.715983,137.896869,161.600143,4.797255,0.428164,-1.981784
366,3385,207.657043,-0.803132,-2.989064,161.063870,-3.180397,-688.068890,-0.946976,424.208929,180.490607,3.100016,0.743563,0.312716
366,3386,185.031342,1.010568,-1.310874,-228.218621,-3.231272,-844.554895,-1.144969,139.305553,71.925856,4.186809,1.114197,0.733197
366,3387,298.192488,0.386573,-3.243977,94.972262,-4.185363,-822.400244,-1.141141,25.821028,63.542882,4.566880,0.070129,0.395831
367,3388,164.248389,-0.409461,-3.841776,58.094583,-5.414412,-238.168990,-2.187793,433.203000,26.266212,4.242735,0.705909,-0.815047
367,3389,112.877954,0.501972,-3.642647,-96.210921,-3.585656,-798.330180,-2.996213,247.689504,322.829714,4.699922,0.440136,-0.008379
367,3390,104.692559,-0.140652,-2.014542,305.858749,-3.207846,-517.639882,-4.603681,327.595375,291.178700,3.669675,0.792878,0.710366
367,3391,39.912958,-0.087364,-2.797139,-55.014252,-1.338809,-870.391721,-3.210997,255.989781,20.119885,5.289573,1.355302,1.380787
367,3392,178.123545,0.022546,-3.685097,-567.639711,-2.794901,-273.841043,-2.535955,97.447340,295.368168,3.429954,0.349261,0.794345
367,3393,124.428344,0.067122,-2.628975,64.868493,-2.595732,-553.025721,-2.345721,325.447588,-187.836267,4.435775,0.590043,1.452904
367,3394,236.143789,-0.196168,-2.510711,295.022099,-2.795159,-167.987221,-0.941109,158.307191,-69.646214,3.756308,1.221942,0.854312
367,3395,10.190739,0.172907,-1.336942,544.009606,-3.492523,-464.290467,-0.506721,334.194859,78.502041,3.457673,0.790095,0.449130
367,3396,121.234248,0.423884,-3.181260,194.731546,-4.189996,48.602748,-1.240081,377.715460,158.242962,3.253676,0.216337,0.129985
367,3397,116.742121,-0.609261,-1.952791,-22.350300,-4.443773,-162.748295,-4.635104,296.154849,202.584146,3.283896,0.570433,-1.256141
368,3398,3.222661,-2.804991,-2.940452,2.940881,-0.168236,-5.951312,-3.981669,3.301849,-0.373628,1.726915,0.653232,0.028147
368,3399,0.785877,-2.206082,-1.871197,-1.103846,-1.371566,-0.134873,-1.420007,1.919710,-0.127111,2.745550,0.742281,-1.798251
368,3400,1.823568,-1.781164,-1.226727,-0.123774,-0.939308,-2.319179,-0.114749,2.337821,0.578520,3.099095,0.426203,-0.498996
368,3401,1.418404,-1.968557,-3.490696,-1.367073,0.971913,-2.284357,-3.651256,1.773984,0.131248,3.139400,0.835906,0.600844
368,3402,2.947524,-1.846129,-2.147367,1.133014,-0.784147,-4.387006,-1.595500,1.971935,0.919456,2.981882,1.532211,-0.725353
368,3403,3.203814,-1.151026,-2.627948,2.389414,-1.197057,-4.947101,-3.920821,1.673492,1.054494,2.322122,0.732598,-0.559905
368,3404,3.213523,-2.535632,-1.532423,1.106016,-0.199815,-3.457687,-1.546915,2.115204,0.317095,4.110987,0.369144,0.393232
368,3405,2.919184,-2.135196,-1.085526,1.797907,-0.156102,-2.005021,-0.801958,2.433358,1.045948,3.611184,1.286923,-2.520747
368,3406,0.871966,-2.008083,-2.597902,-1.519363,1.340049,-3.489879,-0.646625,1.566552,1.013720,2.511950,1.173834,-2.313151
368,3407,1.779571,-2.533631,-2.112228,2.850060,-1.328502,1.934299,-1.432107,2.094450,-0.138285,3.104430,1.374574,-1.136872
369,3408,161.535091,-0.517175,-4.705164,-265.567683,-2.338547,-877.504888,-1.882799,390.966151,202.404324,3.543900,1.291420,0.146399
369,3409,128.057503,-0.159198,-3.388281,-176.709778,-3.717700,-539.934614,-1.757438,300.524802,40.387752,4.766884,0.678019,1.391227
369,3410,164.089947,0.210304,-1.340373,267.963895,-3.792331,-62.826981,-1.669233,178.464542,-14.337304,3.002400,0.627501,-1.782327
369,3411,115.260597,1.355193,-2.544962,149.844720,-3.608037,-415.234829,-2.983508,285.883328,5.868459,4.635999,0.296494,-1.275962
369,3412,160.275006,0.096331,-1.785356,91.299758,-2.522984,-379.834881,-0.648897,295.493728,59.378924,4.615866,0.770475,0.423642
369,3413,47.708521,0.333682,-2.420898,86.952732,-4.273052,-795.669177,-4.884564,282.693996,148.910017,5.111741,1.307922,2.700628
369,3414,81.713720,-0.615827,-4.596640,104.099328,-3.594074,-693.850601,-1.699749,411.618492,-161.918840,4.052047,0.806485,0.178967
370,3415,213.278759,0.008507,-3.048034,-312.794741,-3.632931,-1050.458356,-2.940880,357.086420,53.545957,3.989769,1.278174,2.008625
370,3416,81.597389,-0.027382,-4.452410,37.087372,-1.953162,-222.520246,-2.043729,214.676218,13.433073,3.327492,0.369667,0.110700
370,3417,138.635857,-0.519139,-4.219352,55.681910,-3.545373,-1477.909555,-3.953462,264.536647,99.305861,5.041008,1.426682,-1.785962
370,3418,193.735880,0.105731,-2.249150,398.529092,-3.972475,-1515.057763,-2.620745,331.449587,117.771394,4.313541,1.664778,-1.150956
370,3419,276.295117,0.446876,-2.163010,271.280148,-3.406394,-586.070430,-1.806976,440.304129,70.486900,3.631450,0.640087,-0.255912
370,3420,29.548512,-1.066500,-2.679265,430.482921,-3.341970,-913.837176,-3.195607,265.621076,120.588979,4.403845,0.839244,-1.979003
370,3421,138.278395,-0.224615,-2.933557,298.267960,-4.136663,-609.177736,-3.889453,217.978891,124.109071,3.667293,1.278322,0.556601
371,3422,3.214669,-2.415572,-3.166239,0.452452,-1.565534,-4.676624,-1.872338,2.537153,0.210788,3.171639,1.232916,-1.896428
371,3423,2.668332,-1.357743,-0.186553,2.616869,-0.351613,-0.754763,-2.731849,2.920898,-0.204040,2.772216,1.418048,-1.610602
371,3424,2.990173,-1.542967,-2.550321,2.712634,1.095945,-0.745067,-0.370789,2.736932,-0.354187,2.843247,0.980380,-2.038933
371,3425,2.741306,-1.917674,-2.371847,1.821521,-2.148159,-2.117177,-2.344451,2.258659,0.762609,4.176739,0.848889,-1.472454
371,3426,1.032702,-2.118550,-2.034823,-0.698864,-0.468577,-2.100474,-4.037120,2.853732,1.649975,2.457858,1.219787,-0.120900
371,3427,3.596556,-2.302892,-2.006494,-0.322227,-0.406633,-4.018040,-2.697850,2.559712,0.166401,2.922172,1.548768,0.248439
371,3428,3.313257,-2.032166,-2.869165,2.705474,-1.227700,-2.858879,-3.744824,0.924201,1.454515,2.595850,1.313153,-1.873663
371,3429,1.738755,-1.558486,-0.456916,-4.294843,-0.553054,-0.212007,-2.835555,1.000031,0.208597,3.633785,1.057272,-1.825727
371,3430,3.625293,-1.918526,-3.116347,-2.160949,-0.914166,-0.855729,-3.129937,1.463767,-0.491876,1.454314,-0.062756,-0.175117
371,3431,3.629555,-1.788133,-1.549472,-2.720164,0.481971,-0.288276,-0.944437,2.751514,1.102999,2.188919,0.539186,0.130842
372,3432,129.208834,-0.790173,-3.267336,684.354861,-2.678145,-6.083565,-2.209276,213.528329,2.336821,4.133200,1.015769,-1.289039
372,3433,163.172180,-0.150952,-4.160400,-416.524387,-2.220779,-1023.620111,-3.476064,203.799674,-56.446787,3.707982,1.036217,2.201878
372,3434,133.886334,0.086746,-4.078593,27.022796,-4.511545,-199.794830,-1.781770,133.390054,21.900655,3.545780,1.333825,-2.305570
372,3435,179.829484,-0.041139,-3.733825,173.843756,-2.984164,-667.839919,-1.806741,291.492323,221.227521,4.451173,1.825327,-0.500934
372,3436,100.434833,0.621866,-4.878286,379.232472,-2.336621,-911.316767,-2.807767,189.305220,233.072844,4.173133,0.445795,1.335345
372,3437,171.033624,-1.127879,-2.633644,5.353123,-2.849274,-142.141257,-1.083448,177.456142,205.487915,3.986807,1.585415,-1.709218
372,3438,116.256107,1.659789,-2.819837,-280.885098,-3.146015,-864.336406,-3.364623,330.949403,34.842020,3.355613,0.529027,0.851424
372,3439,169.520494,-0.305080,-2.568129,510.193633,-3.572784,-686.946035,-1.544597,227.923115,85.415417,4.935447,0.534417,0.176750
372,3440,109.342617,0.359760,-4.525245,585.288591,-2.405815,-169.864162,-3.460194,89.456539,-40.746681,5.275537,1.233955,1.157454
372,3441,193.014743,0.119342,-3.507220,229.254762,-2.738332,-855.858491,-2.853745,271.336733,29.746878,4.538354,0.408851,-0.301930
373,3442,3.562456,-0.906324,-3.502365,0.126168,-3.104828,-0.575792,-0.871728,2.302099,0.689227,1.642953,1.228534,-1.123877
373,3443,2.128378,-1.589724,-0.860043,1.423442,-0.698479,-2.191463,-1.976507,0.881921,0.710678,3.476621,-0.368279,1.182258
373,3444,2.275076,-1.109007,-1.437258,2.486807,-1.398711,-1.811445,-1.551712,2.021260,0.634107,4.337237,0.322954,-0.836500
373,3445,4.093510,-2.661838,-2.170243,-1.275333,-0.301638,-2.356787,-3.377866,2.394544,0.211978,3.080557,1.985758,-0.580803
373,3446,1.436114,-1.773938,-1.237223,0.765153,-0.726662,-4.620625,-4.464972,2.659182,0.068521,3.514871,1.870337,-2.635866
373,3447,2.739954,-1.523932,-1.744291,0.111420,-1.051781,-4.661346,-4.698078,2.880303,1.021838,3.286001,1.334478,-1.817422
373,3448,1.327674,-2.542645,-1.845970,-0.457309,0.218106,-2.080096,-3.246372,1.843190,0.298783,3.275450,1.304312,-1.914575
373,3449,3.405112,-0.299237,-0.843013,3.118057,0.244605,-2.789632,-1.720221,1.486931,0.995453,1.684197,1.068185,-0.918556
373,3450,2.148234,-1.365431,-2.371078,-0.005253,-1.536802,-0.828579,-2.600813,2.410139,0.456471,3.097075,1.200798,-0.893067
373,3451,0.909039,-1.950404,-2.656639,-0.051275,-1.528984,-3.016327,-4.579149,2.561684,0.403455,2.455832,1.954564,-1.127225
374,3452,2.903669,-2.145956,-1.175126,-0.837814,-1.465875,-3.229952,-2.168916,2.852315,1.684726,2.798550,0.748656,-2.422884
374,3453,2.644635,-3.962623,-2.163830,-0.761610,0.089676,0.028222,-3.352778,2.160611,-0.430147,3.037568,0.421074,1.663735
374,3454,1.215640,-1.953859,-1.854026,-1.099303,-0.455150,0.526315,-3.247485,2.711117,1.949708,3.058749,2.377519,-3.592623
374,3455,3.035772,-3.275986,-0.078526,2.473967,0.021832,-3.360359,-2.444355,0.445697,1.271441,2.946320,1.303741,-0.435811
374,3456,-0.160079,-2.075908,-3.602996,-0.173559,-0.020873,-0.032046,-1.817108,1.971576,0.850587,3.129619,0.457445,-3.194617
374,3457,3.740941,-2.976343,-2.841394,-0.010697,0.589319,-1.963489,-0.939477,2.277612,0.749361,2.530688,1.885943,-1.171587
374,3458,1.596701,-2.247484,-1.708810,0.734609,0.146016,-2.218640,-1.308492,3.101491,-0.089844,3.316726,0.851399,-1.222478
374,3459,1.768561,-2.197914,-1.191813,1.022643,-0.423896,-0.574874,-4.657142,1.682372,0.642215,2.904099,0.661341,-0.158476
374,3460,2.102177,-1.224788,-1.272520,3.411540,1.371802,-1.277168,-2.866155,3.373090,0.620121,3.015966,2.134972,-4.008857
374,3461,2.589766,-1.433482,-1.580100,-0.162997,-0.197466,-0.223777,-3.930222,1.133833,-0.107122,2.217722,1.483025,0.181158
375,3462,148.968937,0.700156,-2.695936,227.363084,-3.915522,361.020308,-0.968096,200.851975,179.854742,3.575964,0.988129,-0.494655
375,3463,246.791304,-0.350708,-4.197302,-218.575298,-3.215954,-1357.499041,-2.401441,192.730835,-22.477061,4.564482,0.443131,-0.692444
375,3464,212.624058,-0.100233,-2.628963,105.420424,-3.240882,-777.110284,-0.676630,135.376554,268.802462,5.506900,1.135214,1.831388
375,3465,193.836187,-1.146284,-4.220529,100.601753,-3.160808,86.544082,-1.431566,183.932761,114.106274,4.415263,1.150381,0.580823
375,3466,140.038792,0.092535,-2.887941,-46.511705,-3.100051,-1131.530685,-4.617769,320.458005,-17.402399,3.657316,0.522101,-0.122472
375,3467,163.084481,-1.206586,-1.510519,-61.736272,-2.972635,-600.233475,-3.149742,129.587119,139.744542,5.046811,0.301727,-1.030271
375,3468,321.878592,-0.102692,-4.873090,-13.869897,-2.502316,-468.411759,-3.280793,334.375564,170.556917,4.391266,1.115044,-0.869356
376,3469,142.763324,-0.054485,-4.224881,79.761708,-2.093431,-658.027328,-3.340105,166.377139,-191.200147,3.726654,1.110120,-0.540842
376,3470,139.099632,-0.397614,-2.505349,276.429501,-2.697411,-471.249200,-1.060367,246.543758,218.988782,4.579747,0.242977,-2.514032
376,3471,200.399126,-0.585418,-3.551222,276.121505,-2.250966,-396.259766,-1.845886,299.177047,8.955054,4.967387,0.302389,0.928491
376,3472,76.293090,-0.752476,-2.726548,-89.474428,-3.283217,-611.178690,-4.147673,438.230336,130.547884,4.516290,1.624743,-0.860216
376,3473,202.678917,-0.585464,-2.089223,-105.495507,-4.434845,-650.208428,-0.280772,240.853575,266.088340,4.553910,1.471824,-1.864584
376,3474,78.086835,0.938039,-2.666252,141.721561,-3.053325,-11.131379,-2.661400,28.082561,63.156246,4.049368,0.788847,1.023082
376,3475,238.841841,0.382236,-2.175087,-182.234393,-2.766980,-392.578788,-2.761400,282.175459,66.342445,4.388832,1.625781,-0.069332
376,3476,168.825210,-0.088000,-1.910508,259.741373,-3.178094,-94.282213,-1.895682,274.586052,140.306260,4.699485,-0.076067,-0.734154
376,3477,168.449888,-0.005842,-3.994210,-215.151640,-3.982732,68.332051,-1.696357,217.328943,129.516371,3.854513,0.414454,-0.834096
376,3478,104.629988,0.578037,-1.677325,194.897202,-3.696419,-333.357520,-3.322530,380.073723,280.106375,4.406590,1.150140,-0.950657
377,3479,2.910864,-1.631294,-1.471924,0.557944,0.342238,0.667826,-0.942785,0.097988,-0.952736,3.686303,1.008869,-0.776900
377,3480,2.976121,-1.878547,-1.137202,2.955182,-0.980981,-4.167698,-2.366374,2.665918,0.536633,2.406377,1.632881,0.146656
377,3481,2.755887,-2.872596,-3.552646,2.495484,-1.269076,-2.752542,-1.957665,1.526460,-0.154311,3.194770,0.992725,-1.205911
377,3482,1.604163,-2.062048,-2.962912,-2.565992,-0.575896,-5.182448,0.034385,2.937059,1.028456,3.344078,1.725471,-2.809766
377,3483,1.740806,-0.558511,-1.755244,-0.748670,-0.658518,-4.072676,-0.868576,1.200200,0.904076,3.753359,1.648503,1.415740
377,3484,2.084035,-1.136193,-0.784098,2.597075,-0.513087,-4.392295,-1.770732,3.033631,0.328599,1.782222,0.541141,-1.480250
377,3485,1.259946,-2.295169,-5.079732,1.074286,0.045971,0.156931,-5.336672,2.046413,-0.743160,3.708097,0.719064,-0.228909
377,3486,2.293175,-0.883772,-2.907578,-1.286732,-0.316346,-2.659858,-1.311521,3.024490,1.073888,2.949777,0.795758,0.170984
377,3487,2.238097,-3.112062,-2.303014,0.872318,-1.009117,-2.542020,-2.764160,2.423614,0.819645,2.751508,1.363628,-1.403291
377,3488,1.277086,-1.547287,-1.905064,2.338868,-1.412020,-2.867579,-0.754371,1.543763,0.762480,2.994397,0.535877,-2.334970
378,3489,1.116412,-1.845838,-1.648135,-1.405504,-1.972770,-1.667721,-2.780095,2.646209,0.746398,2.732983,1.602580,-4.136206
378,3490,1.991287,-1.286971,-1.161922,0.227226,-0.766874,-1.937205,-1.333529,3.473520,-0.773846,3.444807,0.772687,-3.436573
378,3491,1.917166,-1.814230,-1.354033,-0.867029,-0.089054,-1.061610,-1.851373,2.816247,1.691398,3.547491,1.625127,-1.840181
378,3492,2.046955,-2.874265,-1.729629,0.170106,0.143139,-1.987671,-0.747925,1.249640,1.358822,2.146325,1.298122,-1.437179
378,3493,3.264439,-1.694555,-2.904950,0.712564,-1.117326,-3.208176,-2.794190,1.991011,0.494112,1.264828,1.241403,-1.077489
378,3494,2.443021,-2.427464,-1.820268,2.234056,0.657124,-1.955680,-0.823038,3.598989,0.009245,3.734157,1.128516,0.040861
378,3495,2.427066,-2.554461,-1.053777,-0.132273,0.247151,-1.622636,-3.729916,2.924520,0.014180,4.187307,1.445154,-2.525660
378,3496,3.247286,-0.456211,-1.468541,2.169541,-0.851747,-2.411595,-3.191283,1.248628,-0.096443,4.256056,0.827862,-3.376204
378,3497,2.006056,-2.169753,-3.340881,0.546713,0.047399,-2.521390,-2.917472,0.985279,0.595993,1.682331,1.746750,-1.115517
378,3498,1.888795,-1.094985,-1.195348,4.750953,-0.970984,-3.870493,-1.456471,2.248729,0.330830,2.552701,1.908057,-1.122876
379,3499,202.376737,1.828968,-2.461690,137.333123,-3.616851,-222.466821,-2.808612,326.866011,122.364665,4.076918,0.885712,0.098210
379,3500,78.632887,2.261066,-3.053605,122.519873,-2.648667,-689.523069,-5.085416,238.897670,28.618626,5.173085,1.489462,0.592151
379,3501,289.707634,-0.240604,-1.805541,85.271074,-3.344369,-566.424502,-2.205952,354.733001,-4.596495,4.201570,0.371013,-0.814591
379,3502,72.256114,-1.940487,-2.146523,487.032082,-2.728938,-1180.888077,-3.095628,301.005648,43.009730,5.241832,0.440040,-0.542823
379,3503,212.816802,-0.245580,-4.599665,204.232853,-3.121207,222.102254,-3.945019,95.226103,183.717032,4.436032,1.959666,-0.691717
379,3504,196.598911,-0.482287,-1.736337,173.131918,-3.466519,-236.231512,-2.210136,252.667744,184.586764,5.081390,0.479415,0.382015
379,3505,163.000996,-0.123316,-1.473211,138.610003,-3.010779,311.661415,-1.227819,334.637404,93.039070,3.923832,-0.258719,0.923277
379,3506,122.321260,-0.821807,-1.616678,212.421235,-2.820230,-411.539327,-2.532414,130.864089,24.099972,3.463866,0.865992,-0.364882
379,3507,149.258832,-1.216316,-4.161778,-49.338753,-1.370509,-237.943939,-0.380514,178.154195,-16.015855,4.015915,1.151292,1.077835
379,3508,227.858150,-1.479135,-2.437485,65.955460,-3.988896,-859.596695,-1.846181,361.307901,-3.623447,4.097204,-0.186719,-0.774834
380,3509,2.828116,-2.015718,-1.660252,4.588197,-0.949853,-4.288657,-0.705752,2.079552,0.250917,2.845296,0.206938,0.376251
380,3510,2.385655,-3.058942,-3.387284,2.024370,-0.993170,-3.745999,1.485517,1.904382,0.253873,2.747897,1.237259,-2.590424
380,3511,1.477778,-0.496379,-2.703995,0.709542,-0.731024,-0.312349,-3.035406,1.049644,-0.632308,2.133279,1.445451,0.110956
380,3512,2.301344,-2.711790,-1.864634,0.871264,-1.292323,-2.800216,-2.136160,2.261323,0.593614,2.959168,1.015890,-2.435503
380,3513,0.854244,-2.496807,-4.790514,0.672709,-1.680479,-4.177936,-3.955315,2.150810,1.396121,2.454190,1.564644,-1.679317
380,3514,2.852734,-1.148345,0.109065,2.237340,-0.367859,-5.487323,-1.547116,1.395303,0.101820,2.861038,1.717776,-1.313676
380,3515,2.575930,-2.258580,-3.532034,0.767077,-2.954961,-2.081018,-1.633396,0.741223,0.611779,3.766816,1.669432,-0.871662
380,3516,2.118843,-1.406901,-0.574867,1.323970,0.125022,-0.772544,-0.174078,3.097077,0.336357,3.094088,1.038492,-1.224086
380,3517,2.185665,-2.633063,-2.933232,1.439747,-1.324369,0.770503,-1.013362,2.030248,0.437173,3.228511,1.216447,0.267957
380,3518,1.568692,-2.616204,-1.894105,-2.014199,-0.224616,-0.440405,-1.112741,0.298733,-0.572093,3.605066,0.471018,-0.936899
381,3519,3.050967,-1.826075,-4.401978,1.383533,-0.221533,-2.743256,-2.027135,2.921867,0.418651,1.835196,0.865607,-1.558426
381,3520,2.436889,-1.622259,-2.386697,0.417412,-0.494089,-1.974310,-2.903388,1.211663,-0.259325,2.838616,1.531947,-1.644206
381,3521,2.338563,-2.087316,-2.423005,-3.924859,-0.874538,-0.789442,-2.648040,0.792862,1.694545,2.909695,0.876403,-0.321261
381,3522,2.216026,-1.932095,-2.302199,-0.652055,-0.556858,-1.413605,-3.216522,2.915195,1.070469,2.596399,0.930554,0.077876
381,3523,3.193524,-2.640707,-1.943189,0.597990,0.294907,-3.946389,-3.079609,1.069217,-0.296846,2.471050,1.561747,-0.789531
381,3524,3.163367,-2.840534,-3.561345,-0.185559,0.375535,-2.736561,-0.336924,1.933563,1.246093,2.490590,1.072779,-0.290911
381,3525,2.817056,-2.431534,-3.431489,3.305824,-1.041148,-3.585684,-1.715822,1.679153,-0.098747,2.123987,0.563846,-2.287090
381,3526,3.219374,-2.315843,-1.815486,1.092046,-1.095471,2.135394,0.703619,3.691304,1.404247,3.032630,0.584766,-2.660763
381,3527,2.945297,-2.513265,-1.660072,-1.596175,0.187181,1.512889,-3.621807,3.347502,1.101914,2.835507,0.363827,-0.961303
381,3528,2.312413,-2.126703,-2.026461,-0.103423,-0.442965,-5.204480,-2.975811,2.654244,-0.275429,2.700415,0.818515,-2.476723
382,3529,1.432022,-2.056172,-1.414824,2.137797,-1.695325,-0.600574,-2.683241,2.956700,-0.739260,3.456684,1.346693,-0.651574
382,3530,2.940066,-1.819652,-3.695910,0.305211,-0.586115,-4.649181,-1.869529,1.467553,0.753233,3.394291,1.868727,0.084606
382,3531,3.262360,-1.585946,-1.848977,1.949883,-0.631698,-3.693785,-3.477186,2.048759,0.134060,3.773351,1.230077,-1.959351
382,3532,0.519222,-1.315670,-2.403199,1.550380,0.110742,-0.860563,-3.661562,1.111450,0.527216,3.124751,1.218684,-2.715981
382,3533,2.223807,-1.304813,-2.740022,0.134513,-1.065533,-4.980666,-2.610445,2.809596,0.425346,3.207156,2.283724,0.767933
382,3534,2.281997,-1.677677,-1.526613,-1.016971,-1.234126,-3.107812,-4.201955,2.342678,-0.076776,2.088177,2.522337,-1.062945
382,3535,4.252899,-2.156255,-2.814060,3.164934,-2.025767,-3.601671,-3.905458,0.351946,-0.089565,2.460318,1.663517,-1.375596
382,3536,2.715038,-1.974953,-1.068905,0.982009,-0.441039,-2.411601,-2.213828,1.624544,0.922883,2.791097,0.579326,-0.508994
382,3537,2.862955,-2.188902,-2.121626,0.353975,-0.631694,0.521965,-4.261570,2.921569,-0.183345,2.286209,1.154592,-0.822487
382,3538,2.073971,-1.639348,-3.195910,-2.295838,-0.669701,-2.399480,-1.744791,2.622701,-0.232139,1.533119,0.266115,-0.728729
383,3539,1.825712,-2.870571,-3.730121,-0.123324,-2.772884,-2.319859,-2.594581,2.348357,1.280410,2.593598,1.525847,-0.212427
383,3540,1.862945,-2.381330,-2.065430,-0.068874,0.060857,-2.985660,-0.549412,0.682654,0.083443,3.716653,0.530992,0.108251
383,3541,2.206920,-0.384629,-1.249507,2.251532,-1.582725,-3.204161,-4.002558,0.945169,0.324652,3.131512,0.982696,-0.390396
383,3542,2.752138,-1.354253,-1.767135,-1.239977,0.272088,-4.760886,-3.209306,2.277904,0.626450,4.288426,0.832252,-0.267383
383,3543,3.105991,-2.173480,-3.457796,1.904779,-0.079878,-3.336978,-2.175841,3.258291,1.723789,2.556277,1.167693,-1.847325
383,3544,3.259558,-1.787208,-2.260329,-0.186450,-2.959424,-0.185678,-1.671116,2.359410,1.014555,3.481097,1.230329,-1.982330
383,3545,2.753444,-1.958025,-1.471523,0.598508,-1.171624,-1.830208,-0.614959,2.505358,0.980008,2.559109,0.823825,-2.982360
384,3546,90.535264,-0.295299,-2.658956,198.667631,-3.747465,-772.396151,-1.479723,175.171337,-177.940845,4.360673,1.103773,1.083058
384,3547,94.376008,1.700657,-2.919139,214.664252,-3.554571,-575.314750,-0.360836,429.298076,103.814746,5.249175,0.869551,-1.540710
384,3548,137.568661,-1.282047,-2.148680,-102.394058,-4.467370,-1158.082219,-2.731913,225.857728,13.783996,4.127519,1.054182,-0.038831
384,3549,175.179429,0.610396,-3.333177,-124.438792,-2.543367,-892.005183,-2.295019,319.375477,67.140135,3.769379,0.714395,-0.063744
384,3550,126.447219,-0.580935,-3.145642,-192.861307,-3.201503,-420.017668,-1.914204,367.678761,-22.663966,4.793138,1.140151,-0.421239
384,3551,195.985923,-0.185068,-3.539938,645.484617,-4.388791,-908.179311,-3.483727,119.013413,206.127209,3.762149,0.630882,0.529778
384,3552,54.050567,-0.397429,-1.697900,744.426044,-3.524088,-1641.915065,-2.789555,395.283933,164.027767,4.188759,1.495304,-0.999813
384,3553,132.612048,-0.456907,-3.326120,216.279449,-3.612536,-43.099143,0.197293,246.318001,64.670389,3.806817,0.858317,0.846382
384,3554,236.743005,0.106815,-3.785200,211.486400,-3.015805,-338.419376,-2.839550,218.794374,131.045185,4.169002,0.247158,2.423066
384,3555,77.922182,0.322933,-2.612335,156.560493,-3.214599,-249.065111,-0.011129,242.411867,-53.209559,3.675253,1.192015,0.684882
385,3556,42.381207,0.155027,-2.948883,121.215144,-2.918356,-160.861445,-2.722578,135.123143,-33.773994,3.998228,0.545638,0.236664
385,3557,240.007761,-0.285818,-3.667082,-2.424927,-4.268268,-838.379458,-2.287682,328.933796,263.299900,3.255837,0.760111,0.106579
385,3558,173.680333,-0.510748,-2.307328,160.759073,-3.163483,-1227.878725,-3.211040,176.833015,191.044142,3.879966,0.197608,1.373321
385,3559,255.816585,0.219484,-1.910211,-120.637214,-3.316410,-1165.469324,-3.203552,188.207495,148.988743,4.031238,0.619424,0.021489
385,3560,161.861907,0.753005,-3.460608,-42.237443,-3.826768,-747.999744,-2.558180,388.535992,-59.536932,4.311383,0.638528,-0.380060
385,3561,195.835012,-0.725700,-3.250443,59.804631,-3.508343,-88.343471,-2.896282,231.784047,144.774495,4.201564,0.126298,-2.165453
385,3562,141.459201,0.918266,-1.644622,40.292348,-2.335292,-832.799419,-2.997678,421.151708,-20.240874,4.446758,-0.283608,0.820003
385,3563,252.138938,-0.591949,-2.786745,-95.091235,-2.218047,210.371650,-2.598044,140.484711,-44.376179,4.038504,0.028156,1.237249
385,3564,203.788159,-0.260641,-3.014600,151.654115,-2.920435,-73.527600,-1.983683,108.449145,205.193742,3.875236,0.965069,0.100942
385,3565,239.726356,0.021388,-2.588880,-419.659755,-3.845260,-782.357624,-1.773048,528.005623,21.476828,4.988421,0.397887,-1.492730
386,3566,190.013464,1.237922,-2.105156,406.310692,-1.708503,-817.058332,-0.894800,516.961100,55.444659,3.728918,1.187697,-0.241651
386,3567,288.829734,0.688058,-4.966052,421.784933,-3.800594,-845.994148,-2.203670,287.596089,270.675989,3.545506,0.767302,-0.928963
386,3568,281.826813,-1.209174,-2.771840,-240.019602,-3.403107,-500.998569,-3.835102,108.574105,21.308407,4.212973,1.639865,1.660440
386,3569,292.081495,-0.256981,-2.705633,322.272211,-3.265699,-595.236442,-1.368872,551.776669,113.332196,5.743320,2.460981,-0.460581
386,3570,206.791675,-0.947709,-3.854542,260.043615,-3.183278,-28.411710,-3.087111,262.051611,148.119836,3.741490,2.017443,-1.024275
386,3571,136.395048,-0.855335,-3.026578,246.824886,-3.554187,-995.382664,-2.474416,291.044459,-36.196563,3.881389,0.733890,-1.849788
386,3572,38.922081,1.116552,-5.212055,103.790348,-2.824837,-799.404735,-2.755850,137.680443,21.667309,3.606213,0.081602,-0.876122
386,3573,127.074840,-1.049466,-2.660306,14.627943,-3.236204,-295.582023,-1.929867,321.726893,219.247262,3.558342,1.426861,-0.899129
386,3574,219.338615,-0.181579,-4.159929,84.591866,-3.629171,-905.582955,-2.365319,139.275704,120.700753,3.734168,1.699185,-0.977151
386,3575,163.170137,0.525713,-3.133780,-339.400594,-2.785805,-637.211908,-3.853605,195.883390,-12.689470,4.291317,0.381931,0.426496
387,3576,205.032818,-0.127054,-4.217478,-2.555219,-3.461843,-545.376995,-0.542187,189.660556,72.793785,3.889762,1.926620,-0.706990
387,3577,134.682817,0.583513,-2.756726,-276.391710,-4.020747,-641.357711,-1.287704,340.903959,51.526955,4.223944,-0.209795,-0.179261
387,3578,173.798493,0.195427,-1.920820,-77.898324,-2.101053,-925.970809,-0.918322,-41.890311,-18.077876,4.530311,0.580784,2.109323
387,3579,240.147239,-0.296512,-2.416768,-281.938934,-2.826847,-1183.274242,-3.966143,238.096086,8.151942,3.549270,0.817920,-0.535903
387,3580,73.188988,-0.980592,-2.435525,83.043187,-2.379316,-761.200512,-1.394032,291.466627,302.669761,4.363221,-0.244909,-0.823001
387,3581,187.311950,-1.528600,-1.777131,159.307037,-4.119693,-639.529491,-2.342656,254.363042,305.545890,5.098772,1.497858,2.086707
387,3582,216.651907,1.003905,-1.554597,260.517078,-4.255020,-346.622034,-2.536782,81.117505,100.057568,3.944321,0.916054,-1.697473
387,3583,233.962470,-0.745947,-1.997361,513.090438,-3.030478,-169.268849,-2.180660,87.114483,98.133196,4.488837,0.303830,-0.327403
387,3584,214.381539,0.154436,-1.723827,234.038014,-2.851655,-279.329117,-1.015179,263.090868,263.678835,5.142683,0.881406,-0.266495
387,3585,159.950259,-0.170612,-4.280629,28.646323,-3.457978,-420.577462,1.074874,138.769898,-20.786907,3.657876,0.782336,1.949115
388,3586,3.963018,-2.680152,-2.163607,0.419003,-0.716739,-3.604304,0.345116,1.988809,0.971169,2.876976,1.225365,-1.404649
388,3587,3.042650,-1.538429,-0.813938,-0.417609,-1.240242,-3.605761,-1.873235,2.844126,0.833685,1.978329,1.224843,-0.706185
388,3588,3.139199,-1.121328,-4.166096,0.353765,0.001736,-2.993150,-2.479506,2.642471,1.166662,3.783419,2.610514,-1.514445
388,3589,2.318860,-0.775843,-1.778969,4.373437,-0.092801,-3.552299,-2.035413,2.225340,1.185473,3.382062,0.842187,-2.662594
388,3590,3.479508,-1.685000,-0.684748,1.201049,-1.402441,-1.182068,-0.849556,2.771879,0.797668,3.176822,1.701935,-1.003002
388,3591,3.855858,-2.972124,-3.201973,3.638873,0.480893,-2.745074,-2.865472,2.240767,1.410335,3.190343,0.148196,-0.553424
388,3592,2.579093,-2.434748,-1.804747,1.479945,-0.196296,-2.579085,0.646291,2.933809,0.327113,3.011825,1.308079,0.301313
388,3593,2.708874,-1.787640,-1.972615,-0.177535,-1.636358,-1.412207,-2.163406,2.375793,0.462743,3.293269,1.291485,-1.458665
388,3594,1.201231,-2.192033,-1.524424,-2.327197,0.035128,-3.868727,-4.420688,3.563353,1.364750,2.975941,2.015957,-0.083939
388,3595,2.765624,-2.101484,-0.572447,2.219783,-1.578344,-2.301884,-1.486284,1.051409,0.059683,3.470848,0.878064,-1.659947
389,3596,3.642418,-1.679307,-0.592741,1.870420,-1.564065,-2.379228,-0.934143,2.792920,1.233949,2.557386,0.455857,-1.275098
389,3597,4.127219,-1.760052,-1.733821,0.556697,-0.869902,-4.697352,-1.199799,2.327214,1.481601,2.557163,2.051629,-2.147075
389,3598,4.033108,-0.364342,-3.518019,2.061470,-0.467382,-2.876910,-3.568179,2.138481,-0.427979,2.158611,-0.376644,-0.016320
389,3599,1.964877,-1.662085,-2.299063,3.538901,-0.559041,-2.850308,-1.903469,2.897007,1.913252,4.076704,0.069246,-1.092685
389,3600,2.388579,-2.426240,-4.903940,-0.136916,-0.033917,-1.571579,-0.860083,3.454991,0.805712,2.329274,0.768852,-3.232281
389,3601,3.108637,-2.137709,-2.903124,0.741127,-1.538832,-1.025318,-3.620489,1.447796,0.578919,2.987151,0.261468,-0.811018
389,3602,2.959515,-1.118346,-3.425810,1.300987,-2.033104,-4.590287,-3.740999,2.702132,0.092401,3.227047,1.186954,-0.797695
389,3603,3.202929,-2.106184,-2.100063,-1.247150,-1.408171,-3.405562,-0.964172,3.539812,0.029571,3.249412,1.309474,-2.959045
389,3604,2.062767,-1.866646,-3.204844,1.105940,-0.339455,0.619547,-2.936883,0.721106,0.469983,2.174592,1.212265,0.995114
389,3605,3.859324,-2.720894,-2.754265,0.979111,0.886036,-4.238738,0.468286,1.731530,0.168040,3.202403,1.484284,-1.787442
390,3606,2.201714,-1.700188,-0.171670,2.187967,0.244042,-0.480863,-3.202245,1.959587,0.318341,2.516735,1.281307,-0.489621
390,3607,1.090017,-3.404289,-2.886264,-0.504092,-0.983185,-1.830403,-1.015324,1.448303,0.376927,3.056397,0.599708,-1.121509
390,3608,2.899837,-3.169655,-4.249302,-1.798147,-1.429902,-4.421003,-1.581822,2.496215,0.083687,3.236283,2.117777,-2.998554
390,3609,3.114249,-1.594483,-2.119441,-0.124274,0.148027,-2.460841,-0.313853,2.212081,1.435285,3.548776,0.478953,-1.211918
390,3610,3.196457,-2.341309,-2.213969,-3.528244,-1.554909,-3.456364,-1.518755,0.346915,0.537058,3.440420,2.174162,-2.461826
390,3611,1.678572,-2.657661,-1.723813,-0.292784,-0.985771,-2.382237,-3.659716,3.001845,0.317925,2.495376,2.528917,-0.225730
390,3612,0.854184,-2.607362,-1.638212,1.977917,-1.830036,0.752024,-4.263259,1.958261,1.581181,3.822827,1.667997,-3.320069
390,3613,2.572966,-1.690209,-2.478336,1.775682,-0.670634,-2.286131,-2.611083,2.107272,0.416838,3.525871,1.540955,-0.442946
390,3614,2.314520,-1.606786,-0.385923,-0.064837,-1.281264,3.298502,-0.908347,2.904924,0.565979,3.327267,0.908675,-0.402173
390,3615,-0.367563,-1.097408,-1.868279,0.707530,-1.111819,-2.667570,-2.946928,5.282208,1.955779,3.299632,1.378492,-2.346565
391,3616,2.492783,-2.019038,-3.245592,1.286812,-2.141957,-4.243619,-2.871530,2.318052,-0.110728,2.760104,0.303267,-1.589900
391,3617,0.836156,-1.927076,-2.180229,-2.266159,-0.874334,-4.751250,-4.942084,2.248730,1.007929,2.741805,1.302409,-0.162770
391,3618,2.103976,-2.745531,-3.752113,0.650649,-0.363616,-3.275562,-0.643781,3.286837,0.023809,2.533140,0.917960,-1.523345
391,3619,1.685975,-2.151486,-3.027417,-1.328622,-0.027981,-3.869557,-1.939202,2.960261,1.015874,2.588458,1.592049,-2.903948
391,3620,-0.438167,-1.631606,-1.190761,-1.331535,-2.182036,1.115060,-3.818469,1.750328,0.765733,3.935996,0.479985,-0.821790
391,3621,1.656200,-2.356821,-2.402247,1.475284,0.325709,-0.111252,-2.106899,1.661055,-0.173442,2.471498,0.956850,-1.086292
391,3622,2.295583,-0.991651,-1.902204,1.776381,-2.329352,-1.532516,-0.591782,2.913742,0.170307,2.887091,1.704530,-2.288085
391,3623,5.128395,-1.452689,-2.102030,-2.276181,-0.907184,-4.700280,-3.843143,3.216181,0.749259,2.045821,0.911482,-2.918691
391,3624,1.801693,-0.989680,-2.335421,3.610719,-0.735171,-3.884068,-2.591406,1.938899,0.324118,3.076596,0.927736,-1.652048
391,3625,2.710612,-0.465131,-3.152208,1.890848,-0.765287,-3.709052,1.056728,1.774743,0.100530,2.316541,0.722055,0.376913
392,3626,1.799856,-0.964783,-2.664438,2.746947,-1.188837,-2.182887,-0.405207,3.830341,1.208363,2.620853,1.343812,-0.131088
392,3627,2.116519,-2.097045,0.563549,-1.841908,-2.174873,-4.298907,-0.858988,2.096624,1.323952,2.607689,0.276808,-0.573912
392,3628,4.008278,-2.835686,-3.870629,0.480259,-0.097731,-5.302042,-2.088838,2.197802,0.288473,3.032308,0.334383,-1.364323
392,3629,1.525912,-1.572374,-0.649757,-0.674939,0.407814,-1.858132,-0.729581,0.929238,0.033274,0.877021,1.244728,0.837658
392,3630,3.583834,-2.516383,-3.401514,0.368916,-0.583226,-1.662804,-0.673260,1.952643,-0.186906,3.382172,0.844700,-1.807682
392,3631,3.114483,-1.875537,-1.778579,2.409071,-1.120278,-4.106306,-2.830786,2.151768,-0.935918,2.420375,0.717191,-2.065080
392,3632,2.821099,-2.125959,-2.910503,0.063614,-1.938446,-1.473608,-2.183911,2.251133,-0.075170,2.936541,1.249415,2.116279
392,3633,3.182718,-1.795928,-2.082924,0.338162,-0.331096,-1.994289,-2.341190,2.857676,0.711324,2.161161,0.538440,-0.287271
392,3634,4.011731,-2.198033,-3.709160,-3.081608,0.014841,-1.708677,-2.658509,1.517511,0.897630,3.099552,0.801261,-1.816739
392,3635,3.199382,-2.107618,0.186240,-0.675562,-0.706682,-3.720471,1.073989,2.286085,1.033288,2.713295,0.427461,1.434393
393,3636,0.061400,-1.970447,-1.960745,0.833676,-1.517247,-2.278319,-1.003655,1.602847,0.388922,2.640712,0.752042,-1.065756
393,3637,3.715928,-2.416181,-3.140555,0.022332,-0.603646,0.219530,-0.605428,2.472099,0.574401,2.747175,0.330903,-1.335730
393,3638,3.211241,-3.527789,-1.569276,1.468841,-0.885734,-5.954682,-2.168787,2.733502,1.242538,3.231060,1.019153,-0.413707
393,3639,3.649882,-2.248699,-3.183243,1.090526,-0.652489,-1.279829,-2.316089,1.430714,0.509558,3.161845,1.223897,-2.084665
393,3640,2.877251,-2.024798,-4.483679,2.579727,1.149890,-1.543192,-3.886471,1.224283,1.578475,2.674917,0.490955,-0.396866
393,3641,1.429399,-2.994804,-1.333308,-1.031550,-2.103333,-4.174154,-2.077479,2.624052,0.287052,3.039663,-0.390711,0.602008
393,3642,1.910312,-1.527743,-3.278062,0.412353,-1.933312,0.121908,-0.484358,2.369936,0.518288,2.604790,1.026919,0.391046
393,3643,3.855391,-2.561336,-2.077347,-1.745115,0.258694,0.949774,-2.612794,3.933890,1.059817,3.191930,1.487364,-1.240732
393,3644,2.493906,-0.385044,-3.380472,1.720425,0.786193,-0.733987,-2.656777,2.439063,1.152634,3.977164,1.253167,-0.434033
393,3645,1.407352,-0.893386,-2.357358,1.235469,-1.885475,-4.408574,-0.748817,2.636086,0.120875,3.017289,0.585342,-1.511919
394,3646,3.618970,-2.330924,-1.071750,1.938951,-1.168655,0.133221,-1.208690,2.006267,0.224941,4.037224,0.403385,-1.968994
394,3647,3.480546,-1.819168,-2.151976,-2.471102,-1.254333,-3.462686,1.251935,1.112834,0.447930,3.203474,0.142247,-1.975156
394,3648,3.312713,-2.073480,-2.579822,2.208681,-0.524016,-1.447713,-2.395408,2.080936,0.629666,2.854876,0.862391,-2.498341
394,3649,3.408393,-2.999802,-3.185580,-0.350592,-1.155980,-2.065232,-1.563865,1.340800,0.778704,3.220700,0.975205,-3.278244
394,3650,2.586427,-2.067690,-2.716770,3.517610,-1.396413,-6.987628,-2.595361,1.759945,0.489305,2.416491,1.285912,-0.025975
394,3651,0.786229,-2.742024,-0.904470,-0.297679,0.254266,-3.100772,-0.493690,2.838256,0.248498,2.560574,2.018981,0.245198
394,3652,2.004786,-2.768500,-1.912932,1.286117,-1.556793,-2.780833,-3.022516,1.873807,-0.202536,3.440561,0.393240,-1.861087
394,3653,1.916428,-2.114436,-4.173340,-0.808652,-0.300819,-3.165675,-3.393371,3.227068,1.290052,3.591701,0.771109,-1.984381
394,3654,2.434190,-2.483342,-2.198694,2.276178,0.141019,-5.969001,-1.150537,2.904139,0.197542,2.935528,0.538527,0.796328
394,3655,3.139514,-1.939244,-1.646952,2.203232,0.356758,0.047858,-1.353641,2.455176,1.030199,2.643705,1.538006,-0.671284
395,3656,3.452027,-2.423381,-0.558754,3.724819,-0.872480,0.775796,-2.974955,1.612387,0.317524,3.430162,0.835966,-2.108843
395,3657,2.201670,-2.166447,-2.659037,2.070636,-0.580289,-4.889538,-1.691982,2.636224,0.076544,2.476550,0.664978,-3.518108
395,3658,0.297221,-2.602417,-2.456392,0.981975,-0.231439,-2.483098,-1.162465,2.526403,0.783494,1.929656,1.236067,-0.123176
395,3659,2.594071,-1.926972,-1.371929,-1.415120,-0.422010,-2.713911,0.188816,0.612368,0.559482,2.871884,1.241835,-1.235774
395,3660,2.287954,-1.002873,-2.021787,3.802417,-1.255005,0.878554,0.183230,1.444502,0.524564,2.804475,0.499227,0.937551
395,3661,2.175668,-1.399132,-2.976537,0.488423,-0.323867,-4.726088,-2.987159,2.603509,-0.693677,3.206501,1.024541,-1.166131
395,3662,2.637121,-2.530971,-2.240831,4.358240,-0.653082,-4.982471,-2.153009,0.858067,1.383297,3.072292,1.381042,-1.180664
395,3663,3.186786,-2.173215,-1.577061,0.304504,0.422073,-3.298206,-3.088827,1.756203,0.337081,3.240771,1.515904,-2.521797
395,3664,2.990505,-1.352679,-2.420875,0.328761,0.198288,-4.758265,-2.997875,2.421676,1.271987,2.870813,0.438991,0.163035
395,3665,3.562705,-1.805622,-2.140541,1.920390,-0.580394,-3.080949,-2.778576,2.635708,0.293718,3.526321,0.898359,-3.442363
396,3666,3.737700,-2.157667,-2.710015,0.335586,0.429258,-1.469371,-2.170753,1.653141,0.692281,3.957496,0.501433,-0.317801
396,3667,3.632759,-3.805499,-2.778577,1.197613,-0.595087,-1.964620,-3.590528,2.438777,-0.750180,2.179689,1.225690,-1.633227
396,3668,2.024503,-2.423658,-2.562112,0.003382,-1.095446,-5.448964,-2.750544,2.444255,2.261455,2.954680,0.255831,-1.516924
396,3669,1.355495,-0.897379,-2.485951,-0.583401,-1.913584,-0.567348,-3.470457,2.807817,-0.168256,3.241068,1.675710,-0.683476
396,3670,2.564708,-3.334047,-3.395734,0.028351,0.954622,-1.595132,-2.305037,1.876094,-0.026892,3.565773,1.484365,-1.855633
396,3671,2.711961,-2.191175,-2.796856,3.351407,-0.674665,-3.321728,-3.140592,0.862195,0.537366,3.574097,0.970074,-1.181168
396,3672,2.142407,-0.697525,-2.670572,-0.602884,-1.542460,-1.950220,-3.039322,1.869682,0.631477,2.289034,2.301902,-1.167018
397,3673,2.624926,-1.696395,-3.802082,-0.290408,-0.130611,-2.227661,-2.795581,3.517684,0.308884,2.974598,1.025211,-1.136979
397,3674,4.061143,-2.695124,-3.611825,1.449606,0.140493,4.249651,-3.140464,2.465167,0.868927,3.300098,0.755664,0.103374
397,3675,2.322089,-2.927360,-2.456439,-0.276880,-0.840016,-1.747946,-2.741431,2.523623,1.408992,3.314867,1.100361,-2.706031
397,3676,1.822719,-0.991575,-3.504723,1.672704,-0.208643,-3.314033,-1.183597,2.226339,0.430213,2.641026,0.762966,-1.236473
397,3677,3.594716,-1.656845,-1.498430,2.630723,-1.720606,-2.819705,-1.852089,3.762755,0.041250,3.662074,2.128090,-1.220363
397,3678,2.138780,-1.723051,-0.834666,-0.204447,-0.243922,-2.952719,0.059287,2.556048,-0.387750,3.438268,0.763485,-1.134557
397,3679,1.974406,-3.281169,-1.496892,-1.242261,0.420090,-4.681836,-2.284521,2.463095,0.597409,2.982927,1.400425,-0.705870
397,3680,1.742871,-0.596027,-1.695273,0.399539,0.746191,-2.019371,-4.815305,1.367799,-0.038764,2.643689,0.377799,-1.553980
397,3681,2.286068,-3.506921,-0.448513,0.174831,-1.247389,-1.713237,-2.260011,-0.261446,-0.488614,2.162917,1.509877,-1.541740
397,3682,4.198414,-0.388358,-1.882303,-0.552012,-1.593700,-1.673012,-2.363776,2.252858,0.694822,4.334224,1.610313,-1.071338
398,3683,4.283735,-1.953017,-2.337644,-0.727794,-1.033092,-3.677661,-0.540011,2.032023,0.343598,2.244573,0.438017,-2.202950
398,3684,2.756723,-1.509799,-3.212781,-3.588940,0.361648,-1.754175,-3.284432,1.357210,0.925894,3.782609,-0.106986,-1.407904
398,3685,1.449031,-1.478859,-1.974966,0.500603,-0.182620,-0.815874,-3.296511,1.064047,-0.125149,2.790625,0.596546,-0.409525
398,3686,2.601272,-2.823266,-2.606955,2.275456,0.147359,-1.537442,-2.049515,1.752269,-0.305817,3.193370,0.511524,-1.383759
398,3687,3.205605,-2.429839,-2.079213,1.525560,0.002549,-4.865488,-2.182277,1.529282,0.528013,2.932414,1.464732,-1.530184
398,3688,3.603368,-2.622544,-2.389294,2.826383,-1.049289,-1.256816,-2.336607,1.430334,0.332512,3.704377,1.257338,-1.700072
398,3689,2.427728,-3.014189,-1.938566,0.442239,-0.352489,-1.737806,-1.177974,3.622430,1.434431,3.005690,0.870852,-1.271548
398,3690,1.407340,-2.053147,-0.634990,1.592776,-2.182065,-2.284292,-0.707986,3.686904,0.205420,2.312308,-0.059604,-0.960737
398,3691,2.199700,-2.255664,-4.403176,1.086764,0.035555,-3.335867,-3.470923,1.486085,0.358845,1.227801,1.261391,-2.391501
398,3692,2.407610,-2.859930,-2.527999,2.222732,-1.304192,-1.045549,0.417854,3.129408,0.573460,1.557388,0.636106,-0.687507
399,3693,144.452144,0.229268,-3.238791,-185.998859,-4.463206,-890.995015,-3.744322,364.846939,96.953581,4.566421,0.494915,-0.212603
399,3694,132.952774,-0.235677,-2.081972,145.936159,-3.493147,-1202.585865,0.876530,180.184450,39.876694,4.608467,0.661883,0.174156
399,3695,-72.493895,-0.223494,-4.042265,-284.304171,-4.678611,-391.270825,-2.447088,255.637361,153.951043,4.312009,0.287466,1.565060
399,3696,102.833401,-0.424125,-3.458274,-176.628976,-3.512768,-609.310362,-2.680511,136.604642,340.400873,4.452136,0.597234,0.539384
399,3697,106.587222,0.369598,-1.800339,311.657336,-2.507271,-250.248050,-1.961637,304.961707,261.124271,4.289710,-0.363268,-0.386270
399,3698,156.640024,0.911064,-2.457882,-83.533273,-4.153535,-698.904916,-0.724077,73.215102,-42.469950,4.118572,0.554006,-1.328024
399,3699,159.659676,-0.565266,-2.888335,132.115057,-3.925268,-47.424407,-1.367323,390.661517,-237.854762,4.262484,1.142607,-1.531691
400,3700,4.751666,-2.531759,-2.030293,1.243520,-1.364874,-2.508613,-2.152466,1.490740,-0.002143,2.794544,0.360314,-1.016203
400,3701,3.445845,-1.133447,-1.882170,2.317271,-0.222461,-3.103562,-1.238896,1.430382,0.141225,3.383756,0.518491,-2.278716
400,3702,2.552815,-1.816723,-1.739314,2.226311,-1.673055,-3.150768,-2.550172,1.734967,0.403655,3.734772,0.935742,1.212502
400,3703,3.174290,-1.689045,-1.756098,1.171633,1.326621,-2.539302,-1.136565,2.048754,0.386353,2.690182,1.047498,-1.991150
400,3704,1.731141,-2.084889,-0.694994,-1.306714,-0.172388,-3.457583,-2.355831,3.013745,0.379577,3.142545,1.105659,-1.353890
400,3705,1.408719,-3.779138,-0.813279,-0.291303,-2.324186,-1.504294,-2.202234,0.985642,0.127368,2.291628,1.121632,-0.781797
400,3706,2.350882,-1.243483,-2.716167,1.789836,0.584612,-5.149304,-2.759379,2.621673,0.594422,4.019709,0.016541,-0.701582
400,3707,2.762373,-2.382161,-2.077656,1.586080,-1.679172,-2.958080,-1.511785,1.708933,-0.305247,3.671878,1.344060,-1.690810
400,3708,2.317082,-0.002225,-3.143442,-1.785835,-0.244553,-2.980184,-3.110788,0.671849,0.736647,3.066209,1.567303,-2.325894
400,3709,2.386736,-1.483279,-2.364868,4.556558,-0.431435,-2.983772,-2.022703,3.004302,0.694323,2.574812,0.737377,-0.301805
401,3710,82.395711,0.018579,-0.654623,67.552619,-3.536718,142.154821,-1.342324,328.222918,160.818276,2.824149,0.264793,-0.696725
401,3711,212.867933,-0.349719,-3.654531,36.532479,-3.113815,99.072371,-2.284862,289.463380,184.754120,3.824432,1.209746,0.836524
401,3712,112.888408,0.276288,-1.432872,-133.346459,-3.530439,-685.093006,-1.840960,372.383040,196.204217,4.361660,-0.168276,-0.266071
401,3713,48.005049,-0.011619,-4.795395,443.843932,-4.467844,-1157.252416,-2.446822,432.709460,78.303182,4.144504,0.127734,-0.339453
401,3714,236.145297,-1.639330,-3.057874,-164.974890,-3.783041,-344.004864,-4.311216,267.342740,188.982047,4.575303,0.431548,-0.968242
401,3715,104.400263,0.226877,-1.313495,122.644686,-3.963254,-326.154963,-2.285770,118.621880,32.199445,4.675145,-0.329129,-1.644142
401,3716,163.790928,0.916350,-2.225157,30.286456,-3.429253,-530.355008,-2.551379,186.407935,-79.072878,4.781014,0.566108,-1.317093
401,3717,193.072059,-0.208574,-2.662703,226.729065,-4.288219,-916.970153,-2.098432,307.870220,117.169071,3.629025,1.546516,0.016676
401,3718,231.988167,-0.750386,-2.292166,240.968897,-3.732790,-840.134862,-4.681917,260.732608,152.993286,3.921638,1.452827,0.976167
401,3719,195.970587,-0.778699,-3.438699,3.444251,-3.594283,-529.724428,-1.379894,317.555004,204.163846,4.232526,0.827580,-0.657050
402,3720,299.689735,-0.505873,-3.034980,182.065543,-2.779319,-512.317205,-2.269142,404.554618,184.251064,4.354701,0.433807,0.283694
402,3721,146.734102,-0.177803,-4.986575,15.746573,-4.997271,-204.974121,-0.473279,271.816389,-87.524435,4.924335,1.261655,1.122616
402,3722,276.480324,0.049159,-1.844456,14.388860,-3.978846,-1119.211848,-2.993836,156.865361,84.729617,4.020024,0.687732,-0.084141
402,3723,157.927925,0.463692,-2.062220,-308.554135,-3.506926,-852.878993,-2.427413,248.436553,39.471473,4.725624,-0.227420,-1.961710
402,3724,159.428291,0.062336,-2.815690,-72.484316,-2.227143,-549.909159,-1.771377,284.935383,-38.258405,5.246618,0.927288,0.059926
402,3725,172.504884,-0.345479,-3.675146,337.391743,-3.930655,-144.222193,-1.564454,332.837350,-23.138566,3.954394,0.946914,-0.321862
402,3726,183.865999,-0.185555,-3.693124,299.722385,-1.442295,-988.622789,-1.966312,297.576582,64.888473,4.201134,1.909363,-0.511645
402,3727,187.559345,-1.294565,-2.285728,-116.805163,-2.545907,-547.933667,-1.693862,98.383403,141.928437,4.666376,0.864697,-0.402880
402,3728,224.598014,-1.285615,-3.282939,-121.210211,-1.860548,-694.754952,-1.850932,156.665410,138.894648,4.084517,0.464671,2.275570
402,3729,144.559467,-1.093312,-2.110009,170.242872,-3.047393,-140.006897,-2.248652,364.772511,292.286861,4.181528,1.318146,-1.998161
403,3730,1.868639,-0.947404,-2.548728,1.832421,-0.104097,-2.011262,-3.292157,1.337251,-0.655999,1.920143,0.516734,-0.707041
403,3731,2.018261,-1.529802,-1.414185,2.778445,0.580367,-2.696427,-2.851772,1.853339,1.018581,3.502043,1.161021,1.207003
403,3732,0.264709,-1.135941,-1.327843,0.031038,-1.379034,-2.687658,-4.081048,1.718697,0.371420,4.170941,1.052834,0.082732
403,3733,1.404179,-2.502254,-1.371209,-1.602942,-0.873306,1.183599,-0.912163,2.592958,1.506215,2.586585,1.513979,0.575494
403,3734,2.986481,-2.962765,-1.929808,-0.270481,-0.664985,-1.607807,-3.022812,0.509964,0.965633,3.218347,0.742941,-1.408575
403,3735,1.890700,-1.281294,-4.284743,-1.799322,0.464586,-2.337051,-1.344135,1.211771,0.415764,3.607143,0.578366,-1.685355
403,3736,2.630068,-1.304972,-2.583941,-0.174911,-1.825943,-5.625820,-2.974463,2.075985,-0.023951,3.007583,2.138968,-1.386166
404,3737,3.204074,-2.084874,-2.791115,0.626808,-0.326262,-3.244613,-4.281365,3.446656,1.147251,2.853005,-0.462496,-0.258147
404,3738,3.189325,-1.783860,-2.303982,-0.928382,-1.168548,-2.701540,-0.785515,2.211818,1.724840,2.442726,0.330799,-1.753620
404,3739,4.034901,-1.729412,-3.898907,1.925490,-0.345491,-2.816068,-2.714507,1.608399,0.487097,3.113596,0.080940,-0.986287
404,3740,1.321171,-3.185975,-1.748259,-0.201064,-1.197793,-3.120030,-1.486304,1.131131,0.291389,2.896029,1.347663,-1.569986
404,3741,3.092791,-1.454534,-2.902734,-0.256843,-1.758468,-2.082924,-1.139283,2.056122,0.084138,3.124269,0.158124,0.238667
404,3742,3.044440,-2.298812,-1.177485,-0.429442,-1.780049,-2.349131,-0.820228,0.767768,0.906538,2.671108,0.793007,-0.635747
404,3743,1.695124,-2.149789,-1.433558,0.421773,-0.826042,-4.967118,-0.341229,2.970959,-0.290251,3.026648,0.924700,0.042057
404,3744,1.978846,-1.669201,-3.042950,1.162511,-0.753777,-3.055996,-1.594412,1.197086,-0.593208,2.927007,0.617562,-3.011490
404,3745,3.065766,-2.705458,-0.532132,3.380513,-0.021251,-4.543827,-2.528547,3.901230,1.020548,1.844316,1.089030,-0.170601
404,3746,2.116275,-1.620733,-2.068927,2.180388,0.049203,-0.849908,-2.431063,2.820984,0.466645,3.020801,1.497495,-0.701454
405,3747,1.315396,-1.805346,-4.488346,-1.001655,-0.341314,-1.601344,-3.091769,2.465672,0.049971,3.461257,1.852147,-0.800068
405,3748,2.854782,-1.529774,0.730395,1.556814,-1.570537,-2.310023,-2.789600,2.660108,0.426073,3.598370,0.999813,-2.322608
405,3749,2.860171,-1.750005,-0.779015,0.435165,-0.115016,-4.925705,-0.737870,3.335545,1.184182,2.695384,1.777851,1.141573
405,3750,2.349742,-1.509440,-1.924098,1.863803,-1.232827,-0.909630,-1.769251,2.370548,0.038412,2.301638,2.707951,-0.283793
405,3751,2.508284,-2.318549,-4.666962,0.439608,-0.868536,-2.612318,-4.297097,0.287026,0.498330,2.330629,1.506019,-2.325854
405,3752,1.234196,-1.467938,-1.767830,-0.117693,-0.225099,-4.016604,-4.416220,2.167138,-0.067424,3.108206,1.267950,-0.821958
405,3753,1.660951,-1.940227,-2.057989,1.144598,-0.043027,-0.424368,-1.067307,2.259010,-0.229786,2.938324,1.791997,-1.786549
405,3754,3.682119,-2.774616,-2.221831,-0.868641,-1.158318,-1.345166,-0.865688,1.386955,0.985036,2.562204,0.779560,-0.874725
405,3755,3.164520,-1.160683,-2.837813,2.368298,0.259534,-2.436312,-3.026975,2.009648,-0.133882,3.740254,0.301096,-1.311915
405,3756,3.389487,-1.436179,-3.424914,-0.929393,-1.946260,-3.651331,-3.064342,1.780602,0.334749,3.426011,-0.016448,0.330449
406,3757,4.697503,-1.852366,-1.863126,2.785664,-0.061077,-4.784874,-1.035483,1.426913,1.382925,3.151910,1.401383,-0.598289
406,3758,1.857801,-1.282223,-2.258008,-1.404073,-0.112725,-2.812964,0.703570,2.578225,0.877849,3.628588,1.629434,-2.405370
406,3759,1.158386,-1.148777,-1.928657,0.367550,-0.130581,-2.903334,-3.872854,2.298723,-0.221478,3.631595,0.908559,-2.203983
406,3760,1.978786,-1.874702,-2.803046,-0.257865,-1.722818,-1.071676,-2.252764,3.703307,1.259287,3.925018,0.992435,-1.845707
406,3761,2.892245,-1.355552,-1.247000,-1.935414,-0.576195,-3.477140,-3.879303,2.395329,-0.086254,2.253905,0.391220,-1.719587
406,3762,2.915058,-2.511531,-1.629887,-0.053272,-0.438551,-1.926124,-2.379008,2.823081,-0.027229,3.169808,0.501116,-2.287348
406,3763,1.708706,-1.616366,-1.957497,1.385122,-2.111702,-1.300539,-3.462342,2.373086,-0.095076,2.553718,0.700044,-0.906428
406,3764,2.976377,-1.914125,-2.421027,2.302031,-1.709984,-2.653327,-1.809019,2.655240,0.544039,3.107619,1.360422,-1.076551
406,3765,3.618884,-3.048553,-0.128223,1.219625,-2.961140,-1.471441,-3.013402,2.262921,-0.093795,2.106172,1.481878,0.234057
406,3766,2.979452,-1.775842,-2.816939,-0.009009,-2.097701,-5.763672,-4.350285,3.068680,0.250503,3.363339,2.236045,-2.134941
407,3767,3.068933,-2.047749,-2.751411,2.056951,-1.445429,-1.577669,-0.123113,1.847554,0.789162,3.173601,1.533447,-2.008882
407,3768,4.360989,-2.031224,-1.561080,0.831324,-1.000836,-5.228377,-5.640711,2.318785,0.228866,2.372986,0.458059,1.342215
407,3769,2.244539,-2.218481,-2.619398,1.883726,-0.349197,-6.268687,-2.324658,3.064446,0.113858,2.921694,0.566275,-2.484960
407,3770,3.835948,-2.095276,-2.317838,1.289781,0.409027,-3.163326,-1.028266,1.868311,0.756451,4.026130,0.669310,-2.379937
407,3771,2.963938,-2.956303,-3.113074,0.494909,-0.291607,-4.862535,-2.776243,1.871902,1.215366,2.396243,0.872361,-2.017116
407,3772,0.128331,-2.301073,-3.906932,4.370689,-0.661440,-0.917331,-4.378702,1.990215,0.803411,1.967607,0.555506,-0.490467
407,3773,2.650966,-1.834243,-1.962680,0.734400,0.591955,-3.769183,-2.488546,1.872442,0.412051,2.696183,1.455515,-1.607622
407,3774,0.873475,-2.910276,-0.833656,0.570348,-1.310811,-2.778903,-2.875627,0.766471,0.483626,3.333565,0.987491,-0.087524
407,3775,3.406493,-0.977144,-2.189160,0.795752,-1.814485,-0.696666,-3.395664,1.625303,0.430186,2.643875,0.478677,-2.507802
407,3776,0.989666,-0.949227,-4.059009,1.265882,-0.683610,-1.953062,-3.443440,0.938079,-0.384541,2.733864,1.649924,-2.817537
408,3777,220.117383,-0.448716,-1.560357,-111.545590,-2.427083,-1274.794693,-2.929014,130.032369,123.702284,3.821469,0.703214,-2.344231
408,3778,143.041805,0.510312,-2.991329,-191.625023,-3.963544,-522.799617,-0.412671,416.810596,188.859371,4.174848,0.411424,0.133303
408,3779,147.667633,-1.047280,-3.769676,229.385725,-1.486903,-859.855675,-2.371329,413.470213,-5.776217,4.639088,2.859093,-0.418521
408,3780,151.532233,0.350356,-2.486317,18.436108,-1.661156,-344.881494,-0.755423,290.202394,-20.807917,4.301596,0.403629,-0.012836
408,3781,58.104746,0.435747,-2.981120,118.463903,-2.733506,-575.604661,-2.371521,263.030106,83.183992,5.385786,0.552969,0.926754
408,3782,150.043813,-1.276347,-2.701183,-299.527123,-2.608284,131.116528,-2.182598,210.972020,169.560979,4.331880,1.331751,-0.581098
408,3783,143.130285,-0.985701,-4.679029,-401.716975,-2.225246,-1174.654055,-3.166247,211.541648,107.311411,4.191882,1.317874,0.029007
409,3784,171.990240,-1.034086,-1.916122,-136.396440,-3.979551,338.354199,-1.877482,285.191660,-328.286438,3.889252,-0.307230,2.496933
409,3785,103.663343,0.788758,-2.970113,30.011685,-3.700096,-1210.282230,-0.449008,239.997417,-42.908042,4.199495,0.713174,-0.305582
409,3786,117.529241,0.152098,-3.063791,390.721754,-1.501898,154.413146,-0.744679,413.641428,180.337637,4.944530,0.766337,-0.019172
409,3787,218.333075,-0.221553,-3.089443,-295.145978,-3.403892,-463.850069,-1.020941,192.466468,-113.469706,5.100950,-0.399474,1.505620
409,3788,240.762075,0.498363,-3.618469,149.918801,-3.583401,-467.607210,-3.808514,293.025120,98.595935,4.477964,0.820408,-0.092644
409,3789,171.563829,0.295309,-1.651500,269.107627,-2.820538,-10.837238,0.045547,41.852410,-82.524001,3.710774,0.845304,-0.160375
409,3790,216.027163,-1.007196,-2.870588,177.239940,-3.532673,-1634.551689,-2.622850,530.859569,209.558527,4.455199,1.408218,1.091482
410,3791,3.535006,-2.723914,-2.309368,0.681659,0.150002,-2.657444,-3.359476,2.557344,0.135222,2.735235,1.523262,-3.071343
410,3792,1.925113,-1.578798,-2.628783,0.482388,-1.755046,-3.640649,-2.808399,0.531210,-0.290116,3.690424,1.541528,-1.804763
410,3793,1.864198,-1.993122,-3.438957,2.368536,-1.109797,-3.125646,-3.010036,2.765301,0.588908,1.833866,1.146283,0.251762
410,3794,3.831785,-2.396627,-1.153070,1.896152,0.348932,-2.437720,-0.278789,2.933725,0.935385,2.293891,0.412808,0.265683
410,3795,1.098027,-0.639162,-3.747861,-1.893987,-1.115243,-2.852069,0.279833,2.093044,0.034243,3.843240,2.048575,-1.482721
410,3796,1.081168,-1.732054,-3.519009,0.214542,-1.279666,-1.123181,-2.945871,2.407213,0.732539,1.876227,0.891353,-2.240900
410,3797,3.149212,-2.326175,-2.414108,1.806719,0.481055,-1.083124,-5.009160,1.651785,0.085538,3.016463,0.090534,-0.445080
410,3798,0.662821,-2.568344,-2.556820,0.158608,-2.207973,-1.706263,-2.321884,2.518416,-0.162655,3.187509,0.292996,0.031557
410,3799,2.137750,-2.700317,-0.708077,1.404459,0.180123,-2.034970,-1.316976,2.569022,0.582896,2.929373,1.835962,-0.948363
410,3800,2.944771,-1.801804,-3.574988,2.251016,0.157669,-0.647817,-1.807111,0.212914,-0.065766,1.959623,1.263130,-2.146129
411,3801,184.879315,1.757861,-2.632752,229.218419,-2.622574,-598.138983,-4.738909,393.731013,-14.626651,3.528218,1.744301,0.724201
411,3802,146.175570,0.674683,-1.389366,111.156984,-4.331242,-506.883712,-3.592599,173.052537,63.732504,4.121248,0.262009,1.832677
411,3803,88.717144,-0.656442,-3.452610,-120.534908,-4.290648,-407.978861,-1.177416,209.990418,204.309848,4.618789,0.661103,-0.267469
411,3804,218.009271,-0.101943,-3.707129,48.447300,-3.738126,-936.486660,-1.061758,153.373339,-69.496798,5.780617,0.800876,0.838400
411,3805,151.523404,-0.230795,-3.671686,138.823917,-3.144584,-384.186578,-2.430841,365.875302,110.407189,4.833039,0.766803,-0.164612
411,3806,184.711967,0.117083,-3.723987,109.211949,-2.241229,-869.241604,-3.746070,149.600891,-61.288728,4.117689,0.093160,-1.210855
411,3807,162.501830,-0.192024,-2.862800,226.435572,-4.346647,-259.659249,-2.987513,357.414028,-279.540543,4.195445,1.336758,1.739449
411,3808,137.185273,-1.181358,-3.176097,-23.308923,-4.888241,-873.642111,-3.304700,288.121366,-61.798197,3.940559,1.618151,-0.915626
411,3809,247.348538,0.023649,-3.206021,-87.384121,-4.410800,-545.861390,-1.963861,232.544090,109.646866,4.716212,1.461607,1.028985
411,3810,196.214246,-1.619799,-3.245832,407.079861,-3.652516,-582.886810,-4.133127,275.316534,63.907255,5.111603,0.988871,-1.796372
412,3811,3.561488,-0.645337,-2.332962,1.137216,-0.292544,-3.085479,1.402738,2.337172,1.431443,2.931560,0.632091,-3.240572
412,3812,3.039427,-2.005772,-2.651955,-0.221013,-0.459827,-3.094075,-1.794024,2.923592,0.621806,3.924431,1.460717,0.342317
412,3813,2.246916,-1.722203,-1.994069,1.980343,-1.458321,-1.974052,0.383161,2.082763,0.905083,2.709769,0.988040,-1.386518
412,3814,3.618175,-1.489541,-3.277762,2.501568,-0.502997,-2.368627,-0.324841,2.400193,0.038444,3.509686,0.936064,-0.067311
412,3815,1.737239,-2.525724,-3.286619,1.193797,-1.751280,-0.078117,-0.201633,2.593011,-0.594246,2.850648,2.028496,-1.645784
412,3816,2.996222,-1.145503,-3.905813,1.677894,0.199290,-2.990313,-4.523588,3.259102,0.340929,2.511803,0.288245,-1.067096
412,3817,0.037149,-1.697661,-2.290604,2.122505,-0.465414,-1.002046,-4.516641,1.811729,0.742772,3.657125,1.850268,-0.460134
412,3818,1.354195,-2.331663,-1.809852,1.412810,0.465168,-0.918585,-1.197134,4.408284,0.046453,3.116180,0.816408,-1.293207
412,3819,2.301217,-2.162823,-1.064565,0.873139,-1.650703,-3.933545,-2.946175,2.719672,0.348220,3.019618,2.294745,-1.364041
412,3820,3.309086,-1.383727,-3.026269,0.914361,-1.481182,-0.613237,-1.886845,0.114884,0.266576,3.630025,2.052897,-1.999015
413,3821,2.579530,-1.757012,-3.256574,-0.553873,-0.625492,-5.246428,-2.722397,2.285355,0.800761,3.029112,1.014261,0.575576
413,3822,3.724301,-0.877899,-0.263130,1.506117,-0.604156,-2.436296,-2.065834,3.533769,-0.250044,2.609390,1.309756,-1.735695
413,3823,2.187089,-2.440737,-1.020447,-2.346602,0.180650,-1.269290,-0.190500,1.061252,0.597600,1.987612,1.691947,-1.437961
413,3824,2.254609,-1.783525,-2.313090,-0.292382,-1.023837,-4.817140,-1.378188,2.603089,0.294277,2.318450,0.692896,-1.702127
413,3825,1.716912,-2.656381,-2.800624,2.947663,-0.605560,-3.931996,-3.642437,2.039320,0.691897,3.366785,0.239431,-3.139750
413,3826,1.755706,-1.668356,-1.878962,2.001188,-1.836238,-1.745384,0.001307,1.553006,0.465168,2.595206,1.531988,-1.658785
413,3827,3.311242,-1.547128,-1.376339,3.369781,-1.406105,-0.510176,-3.699911,2.645947,1.371677,2.747552,2.497847,-1.530770
413,3828,1.624312,-1.945254,-1.658959,0.958428,-0.618231,-5.757043,-1.250991,2.876253,-0.276941,1.661982,0.212404,-3.290968
413,3829,2.618312,-1.035239,-3.545306,-2.009677,-0.388537,-2.656711,-2.963069,1.809724,-0.269302,3.143284,0.074199,0.164554
413,3830,2.788427,-0.439029,-2.386930,0.295152,-0.755987,-2.245911,-0.771714,3.482300,1.097816,3.161574,0.751327,0.299946
414,3831,2.731924,-2.770101,-2.558992,2.416354,0.282451,0.465495,-1.459027,2.408597,0.148694,2.368720,1.370472,-0.757339
414,3832,1.757372,-1.351995,-2.803371,0.055361,-0.003921,-1.038868,-1.790539,1.808122,1.235459,3.722696,0.485932,-1.996728
414,3833,1.104778,-2.568163,-2.208279,0.308416,0.348484,-3.761990,-1.618638,3.211234,0.795404,3.531973,0.469318,-1.512336
414,3834,0.596162,-1.012662,-2.998580,1.699077,-2.224038,-3.101781,-2.141898,2.750265,0.727664,2.612285,1.875255,0.003900
414,3835,2.806364,-1.789289,-2.582675,2.208926,-0.568176,-4.515026,-1.352134,1.954822,-0.090275,1.436426,1.425589,-1.161576
414,3836,0.884592,-2.197267,-2.903058,0.197595,-1.180818,-3.747269,-2.230748,2.175700,0.651740,3.339782,1.011758,-0.434559
414,3837,1.608790,-1.092701,-3.556749,-2.740671,-0.736757,-2.160076,-2.645885,2.490255,-0.007651,3.685174,0.570901,-2.653441
415,3838,1.918395,-2.132805,-2.530617,-1.041144,-0.237928,-2.391975,-2.552856,0.945372,1.074860,2.259358,1.230673,-1.171073
415,3839,1.705363,-1.911031,-3.102591,0.140158,0.177984,-4.630654,-3.415880,1.786191,0.342322,2.932017,1.511608,-1.798119
415,3840,1.702162,-2.249290,-1.875463,-2.016576,-0.622219,-1.058885,-2.713770,2.501422,1.282206,3.351199,0.045396,-0.591034
415,3841,3.308685,-2.892368,-2.587534,4.601428,-1.508723,-0.083433,-3.965697,1.533079,-0.093672,3.481433,1.161317,0.292555
415,3842,2.617283,-1.613340,-1.588839,6.137126,-0.213340,-0.556759,-1.473566,2.596124,1.229028,3.672334,0.728177,-0.578747
415,3843,1.389890,-2.852987,-2.075333,0.877619,0.700116,-1.860691,-0.760638,2.388799,-0.035589,3.582077,-0.330507,-0.825416
415,3844,4.330965,-0.804260,-2.117260,1.540875,-0.717069,-2.944681,-1.876258,3.110255,0.009045,4.805940,1.059916,-1.577549
415,3845,3.428855,-2.246808,-2.436985,-3.178625,-0.668511,-3.794211,-0.416157,0.752325,0.742604,2.742495,0.299023,-2.475899
415,3846,3.903337,-3.206479,-3.405691,-0.347432,-1.994216,-2.859154,-1.096656,1.844224,0.177179,1.495258,1.213457,-0.628660
415,3847,2.541888,-2.731837,-1.132054,-1.364746,-0.322225,-1.259513,-2.898289,1.931103,1.463173,3.496150,0.659485,-0.094297
416,3848,2.019478,-1.600701,-0.789503,2.102239,0.487071,-6.037892,-3.286830,1.889976,-0.105847,2.482992,0.660260,-4.026621
416,3849,2.537242,-2.151020,-2.570069,4.909525,-1.822592,-4.555429,-2.084409,1.698262,1.007890,3.215558,1.184749,-0.620655
416,3850,3.592096,-1.893538,-0.977367,1.352866,-0.898167,-3.895287,-1.911751,2.447079,-0.404001,3.249148,0.894906,-2.725530
416,3851,3.064373,-1.171823,-1.094641,-1.417201,-0.201538,-4.575996,-3.851872,2.128440,1.352775,2.509593,0.817922,-1.555247
416,3852,1.839195,-1.460032,-1.430582,3.283583,-0.684416,-3.382071,-1.190279,1.930402,1.012058,3.335472,1.303305,-1.886868
416,3853,4.568231,-2.210975,-1.766267,0.240008,-1.337090,-2.662249,-3.499864,1.422920,-0.125128,3.727559,0.809495,-0.680892
416,3854,1.530725,-3.147590,-2.786271,0.392961,-0.019084,2.498507,-3.500736,2.537378,0.669218,3.197170,1.087007,-1.638257
416,3855,0.928650,-1.674997,-1.033083,2.421952,-1.879638,-3.914980,-5.054383,3.485169,0.144948,2.473438,1.301162,1.195329
416,3856,1.430616,-1.402588,-2.595088,2.160531,-0.675833,-2.323821,-3.027955,3.585862,0.397834,3.566330,0.665494,-1.880285
416,3857,1.166599,-2.244051,-2.075889,0.176270,0.033374,-3.003835,-2.393400,2.026490,0.908868,2.395200,0.886359,-1.218612
417,3858,90.610898,0.485462,-2.282202,122.771374,-2.761176,-299.476088,-2.080055,299.696746,140.456602,4.157463,1.121453,-0.904001
417,3859,174.068119,0.560304,-1.425203,145.145508,-3.910839,265.901241,-2.797350,121.454546,-28.297302,3.034678,1.241359,-0.629420
417,3860,155.066734,-0.233167,-2.541765,287.813937,-3.125054,-979.879363,-4.236431,185.749587,149.747587,4.436628,0.903042,-0.962996
417,3861,57.934109,-0.227036,-1.721383,-94.348523,-2.351275,-674.348698,-0.740136,203.110863,-70.397986,4.706706,1.068920,0.215497
417,3862,129.119155,0.142362,-4.262446,-62.117008,-2.412482,-176.266946,-3.523284,273.061835,168.257140,4.233758,1.377201,0.582045
417,3863,44.117430,0.026062,-1.834413,127.295276,-3.706694,190.706777,-3.278338,278.060774,-83.544143,4.527553,1.341726,-0.751639
417,3864,120.508040,-0.716463,-2.766126,-5.090330,-3.773937,-773.551341,-1.454239,210.234685,98.596618,3.950253,1.226851,0.047894
417,3865,134.090611,-0.376570,-2.756803,431.750320,-2.339434,-1295.963562,-1.849881,88.445918,76.491801,3.705882,0.074682,-0.263961
417,3866,165.351600,-0.753396,-1.782430,-3.133613,-2.221777,-71.535775,-1.977194,333.070722,92.632080,3.837540,0.559832,-0.491119
417,3867,176.071176,-0.114767,-2.644292,429.026824,-2.921866,49.514934,-0.509182,244.118812,131.309805,3.741121,1.464029,-1.530857
418,3868,178.064941,0.090813,-3.614292,105.860968,-3.465310,-736.773083,-3.714694,243.726305,44.094384,3.541130,0.200360,-0.383688
418,3869,144.210746,-0.272470,-3.617117,144.937010,-2.925779,-964.965149,-1.418362,320.308217,148.959018,3.100828,0.569947,1.557990
418,3870,165.925794,-0.203958,-2.180076,267.882540,-3.227774,-848.266680,-2.656101,195.241896,94.227937,3.422448,0.362488,-0.850983
418,3871,129.208767,0.454700,-3.041880,10.726284,-3.731828,-508.222678,-2.475245,295.269381,176.682425,3.939355,0.737840,0.905838
418,3872,216.139621,-0.235742,-1.824684,-492.093412,-4.015666,-705.975903,-0.130787,262.325560,302.929130,4.622372,0.911275,1.135342
418,3873,132.193471,0.002279,-2.378363,74.068973,-4.784157,-490.797302,-1.603019,302.398978,160.394196,2.943626,1.209117,0.303769
418,3874,172.226464,-0.193846,-3.281316,-295.887853,-4.625246,-936.175861,-4.746139,287.688625,247.846667,4.457608,0.923654,-1.625797
419,3875,218.508366,-1.894481,-2.438126,-106.847823,-2.302643,-1144.895354,-1.769911,329.090968,158.653968,4.068438,1.061578,0.502776
419,3876,52.448304,0.306105,-3.723429,-57.552443,-4.135479,-142.750300,-3.057621,250.833478,-64.481625,4.579969,1.047570,0.628249
419,3877,165.175162,0.267913,-1.585379,219.896780,-3.133987,-428.777029,-3.258576,240.003958,60.885716,4.097505,0.793988,-1.077196
419,3878,184.529602,-0.224865,-3.435345,-23.283730,-2.382568,-110.385065,-2.079741,162.178971,-17.307770,3.766958,1.602665,0.272256
419,3879,211.026488,-0.377448,-2.529224,131.950875,-2.918233,122.112643,-0.489465,93.760824,134.381304,4.707187,0.413419,1.773285
419,3880,51.176947,0.622291,-4.242433,192.825007,-3.701451,-1089.479788,-0.375442,439.526714,50.286412,4.368071,0.931301,-1.397282
419,3881,251.470374,-0.436948,-2.832823,144.002534,-3.355309,-1134.941067,-1.135736,281.597444,288.858571,3.232238,0.367425,-0.507753
419,3882,136.507627,0.373364,-3.780556,250.320636,-3.284212,-407.909157,0.071891,285.553686,50.115290,5.104724,1.213788,-0.896006
419,3883,239.482743,1.833560,-2.511832,77.022695,-2.313529,-1459.817984,-4.833749,245.857456,227.946281,4.626519,0.864628,-0.976684
419,3884,164.132348,-0.479022,-3.256221,-343.302964,-4.145448,-1079.121163,-3.058895,366.356263,74.042523,4.702615,0.573063,-2.117747
420,3885,35.652536,0.155930,-2.012579,-259.217727,-3.642999,-906.495362,-2.881262,228.606824,54.573235,4.208140,0.540758,0.492249
420,3886,176.404668,0.305819,-2.589256,143.017879,-3.352038,-1210.556825,0.780033,97.447119,8.338657,4.892504,0.246708,0.153259
420,3887,47.449916,-0.118856,-2.196648,-264.333164,-3.714334,-609.044182,-2.073581,389.574100,-241.830414,3.284643,1.364402,-0.703798
420,3888,198.044763,0.357036,-2.908039,227.481988,-3.501451,-1008.037690,-4.342315,386.143947,-15.526786,4.053359,-0.137844,-2.851759
420,3889,320.857206,0.043173,-2.196946,-172.024505,-4.150594,-383.426662,-1.246249,271.270742,277.547529,4.615536,1.524690,1.077142
420,3890,229.077261,0.104420,-0.905212,-120.779485,-2.711772,-871.267247,-3.338596,225.696070,68.967844,3.813792,1.521491,2.247994
420,3891,214.660278,0.293684,-1.341284,-14.832009,-3.269922,-610.487924,-3.391083,234.730276,-171.144594,4.894838,1.701680,-1.251438
420,3892,148.271285,0.513180,-3.363217,-260.275865,-3.611605,-641.616023,-3.328869,252.267908,109.593273,5.075106,0.455634,-1.248286
420,3893,158.000849,-0.856007,-2.142127,403.924629,-4.038826,-614.346240,-2.482011,248.028939,46.509822,2.879621,-0.067302,-0.005234
420,3894,162.650505,-0.118660,-2.846064,-13.170437,-3.489435,-1017.409120,-1.911221,278.051878,-16.293985,3.180881,0.136265,0.377875
421,3895,1.035089,-2.090138,-1.931961,-0.087561,-0.183644,-1.704033,-3.282575,0.746972,0.802068,2.017172,0.993785,-2.554987
421,3896,2.455157,-1.503853,-3.093851,2.245219,0.256102,-0.061094,-1.739418,2.492902,0.574762,2.591696,1.343614,-0.142624
421,3897,4.158354,-2.337518,-2.097097,0.767229,0.027292,-0.421805,-2.298126,1.550583,0.365375,2.830176,1.890324,-1.852498
421,3898,1.038037,-1.708852,-1.246502,2.254655,-1.481114,-2.289147,-3.961367,1.031370,1.390930,2.987168,0.816185,-1.734497
421,3899,4.058134,-1.881397,-2.678751,-0.248054,-0.069889,-3.607660,-3.701777,2.571953,0.261827,2.927578,2.801514,-2.197008
421,3900,5.085303,-2.109055,-1.042060,-0.545261,1.120137,-0.917191,-1.621264,3.410250,0.883943,3.564926,0.648779,-1.383116
421,3901,2.569897,-2.822448,-2.782096,0.155416,-1.506067,-4.509813,-1.510440,3.074575,-0.326851,3.756263,0.445826,0.863275
421,3902,4.595415,-1.160666,-4.286128,-1.248818,-0.447984,-0.384168,-4.133495,2.389554,0.635982,2.406313,1.141453,0.358457
421,3903,0.735516,-2.167531,-2.264280,-0.625140,-1.403646,-1.379125,-1.797326,2.040799,0.949221,2.293195,1.245545,-0.758275
421,3904,1.199656,-1.502628,-1.038686,1.013393,-2.189188,-2.112589,-2.120049,0.838163,0.395329,2.510648,1.517175,1.228747
422,3905,131.001621,0.052898,-4.400526,352.287501,-2.173874,-777.822799,-0.062866,164.906926,7.578373,4.917903,1.424346,0.182553
422,3906,145.989348,-0.344660,-2.815800,260.660611,-4.181111,82.130014,-3.306278,271.962711,231.468416,5.785131,1.131904,-1.576497
422,3907,270.564148,-0.799158,-1.436117,93.631047,-2.633032,-1615.521758,-3.086848,403.049959,105.603483,3.439549,0.644815,0.252015
422,3908,172.147853,-0.253793,-0.846953,265.477356,-2.572774,23.252340,-2.526165,241.205865,186.185471,4.872021,1.076808,-0.815492
422,3909,130.434909,0.625550,-3.998244,209.688004,-3.323497,-504.364133,-2.402018,288.225196,12.849264,4.097314,0.245869,0.058999
422,3910,232.132106,-0.407920,-1.513008,-174.864390,-3.861660,-532.432865,-3.224490,208.639690,91.217959,3.922679,0.860704,-1.353950
422,3911,97.954461,-0.543334,-3.233423,206.699611,-2.328953,-1118.924953,-1.949260,299.463287,-105.593262,4.832566,1.416185,-0.635544
422,3912,141.092214,-1.650055,-3.218334,577.851878,-4.444160,-195.885381,-2.131308,311.760136,154.876800,5.475155,1.788021,-2.288334
422,3913,155.272928,0.220863,-3.458800,-13.577286,-4.020810,-693.990327,-1.951696,272.139857,89.965871,4.349530,1.212472,-0.052865
422,3914,219.734272,-0.395297,-1.609214,-88.642267,-4.175034,-253.742928,-1.692336,394.308779,91.993846,3.695164,0.883085,-1.166367
423,3915,2.732787,-1.888824,-1.860340,-1.563051,-0.204039,-0.793575,-0.238887,2.564869,-0.236413,2.429945,1.483323,-3.491217
423,3916,2.228131,-3.505969,-4.195619,-0.278586,-0.985744,-3.362872,-0.914926,1.788728,-0.813841,3.442533,0.476121,-1.620860
423,3917,1.522598,-1.520835,-1.937446,-0.115900,1.266839,-2.566428,-5.166104,1.164104,1.475753,4.513237,0.444582,-2.960322
423,3918,3.005249,-1.898413,-2.632223,2.427383,-0.403438,-3.673242,-0.871226,2.090800,0.956209,2.537637,0.996418,-1.918869
423,3919,3.092657,-1.163509,-1.911076,-0.571593,-0.097791,-3.281065,-2.077556,1.472100,1.096458,1.948195,0.179565,-0.625922
423,3920,3.394273,-1.264762,-2.006295,-1.329123,-0.398741,-6.579538,-2.129876,1.968606,-0.270892,2.645118,0.478782,-2.592160
423,3921,3.190945,-2.345585,-1.992305,1.098730,-1.342099,-1.366911,-0.577008,1.963209,0.149221,3.000666,1.461456,0.197046
424,3922,3.398323,-1.748035,-1.906108,1.573049,-1.583015,-1.963889,-2.316158,2.168247,1.036306,3.601367,1.306443,-0.952632
424,3923,2.150059,-2.433876,-2.781653,-1.411392,-0.686708,-5.952152,-4.957997,3.299097,-0.257018,2.563234,1.838379,0.147589
424,3924,4.077191,-2.812843,-1.893754,4.883874,-0.214387,-4.950172,-5.227825,2.117126,0.487035,3.603170,1.117219,-0.032145
424,3925,3.230824,-3.015562,-1.677688,-1.250677,-1.156093,-5.908584,-0.467853,2.251707,0.140050,3.127431,0.516552,-0.888713
424,3926,3.134428,-2.393870,-1.870994,0.118790,-1.434790,-1.322233,-2.099342,2.598900,0.154733,2.004103,2.282371,-1.092987
424,3927,1.241171,-2.257831,-3.991137,1.166114,-1.426678,-5.111498,-4.579157,3.547626,-0.096423,3.406259,1.797459,-1.079069
424,3928,2.177831,0.471006,-2.485888,1.684864,-1.076824,-3.161812,-3.206122,1.855233,0.658706,3.161944,0.969360,0.214606
424,3929,2.306224,-3.646173,-2.609095,1.745571,-0.830257,-2.068946,-2.085603,2.026788,0.160112,2.639463,1.304056,-1.426127
424,3930,1.325470,-1.198833,-0.520924,1.547492,0.626201,-0.273961,-3.271129,2.608605,0.406193,3.461534,0.627292,-0.496118
424,3931,2.050433,-0.752394,-1.574526,0.358918,-0.366063,-3.478708,-0.518657,2.178881,-0.322802,2.447452,0.720881,1.900643
425,3932,2.715435,-1.421987,-2.367156,0.808020,0.131089,-3.214370,-2.634447,1.883898,0.746161,2.898794,0.740454,2.224269
425,3933,2.570116,-2.486093,-2.350166,0.195487,-1.024675,-0.014971,-2.313281,3.141234,0.699722,2.609456,1.331511,-2.409971
425,3934,2.066338,-2.384961,-2.834998,-2.270451,-1.590016,2.144263,-1.983435,3.405352,0.177667,3.428469,0.876994,-1.261553
425,3935,2.231051,-1.404858,-2.081040,-0.982335,-1.963745,-3.953338,-3.376973,2.166115,0.606441,1.876703,2.148416,-1.696614
425,3936,2.654021,-2.298653,-1.683837,0.572651,-0.210249,-1.002564,-2.731893,4.036938,0.248139,2.197727,1.335727,-1.764219
425,3937,0.994060,-2.964490,-1.431075,1.320623,-0.583844,-0.433255,-0.694715,2.078414,0.149899,2.733374,-0.000188,1.232268
425,3938,3.732053,-2.415657,-1.096141,-0.185848,-1.464204,0.226501,-1.104254,1.912293,0.820599,2.439820,0.604777,-0.129475
425,3939,3.298784,-1.533592,-3.579781,2.497808,-1.145668,-4.189235,-1.566428,0.491239,0.894389,2.915158,1.504218,-3.129458
425,3940,2.332817,-2.104186,-1.412491,0.182328,-1.583847,-1.896174,-2.922212,1.058125,-0.026717,2.332545,2.037582,-4.179917
425,3941,0.299304,-2.159866,-1.606143,1.560187,0.362062,-4.420716,-3.689222,1.270113,0.121305,4.184327,0.439983,-1.591766
426,3942,97.695404,-0.368957,-2.774031,38.566016,-2.007278,-1115.267113,-1.709621,286.184544,247.708956,5.363320,0.949422,0.780051
426,3943,137.249452,0.615871,-0.981894,318.427663,-3.160868,-679.202035,-0.814351,288.793783,89.308354,3.254136,0.956640,1.850419
426,3944,246.409693,-0.737802,-3.945561,236.632090,-3.467184,-1105.689729,-1.383708,421.602758,137.873647,4.699660,1.214436,-1.508022
426,3945,234.337754,0.678282,-2.193640,-137.928843,-4.363477,-729.494886,-2.652511,380.076334,-22.630625,4.738916,1.156940,-1.114260
426,3946,124.174825,-0.623078,-1.560336,-45.103012,-2.865903,-920.162985,-2.360704,385.529322,-110.363272,4.124187,0.727656,-0.286128
426,3947,184.163556,-0.842473,-2.794006,-2.399019,-1.724401,118.439916,-1.757097,347.421955,-19.932845,4.036925,1.842984,-0.334186
426,3948,170.286753,-0.232764,-2.323773,-133.646490,-3.151947,-783.493966,-2.541411,307.649007,-12.383564,3.075217,0.646671,0.814614
427,3949,61.487534,-1.067099,-4.796223,11.999560,-2.131485,-394.013693,-1.621697,61.271926,109.569003,4.029806,0.727613,-2.010605
427,3950,79.667315,0.101386,-1.166662,266.129183,-4.440572,-764.374482,-0.754066,314.028053,115.702619,3.254380,0.627672,0.655627
427,3951,168.311284,-0.134957,-2.802770,-131.333883,-2.931989,-622.989136,-2.534168,303.018625,29.059942,4.802684,1.388111,-1.997176
427,3952,223.213890,0.229911,-3.812935,321.668174,-4.903800,-324.650120,-2.756598,135.040202,230.285978,4.617021,1.085945,0.799941
427,3953,180.712655,0.630229,-2.401869,191.647985,-4.199068,-57.247874,-1.265054,143.149103,-127.062008,2.916191,0.757991,-0.698777
427,3954,278.428107,0.187953,-1.561893,92.046523,-3.815597,-597.182998,-2.082377,358.496272,7.606736,4.015158,1.671379,-1.143140
427,3955,124.809245,-0.944584,-3.651565,97.232462,-3.409137,-346.720478,-3.563468,281.373129,-30.986663,3.358897,1.078033,-0.552444
427,3956,116.049418,-0.552695,-3.913576,291.631434,-2.256422,-718.082140,-2.942862,255.470638,169.105192,5.204256,0.879824,-1.401163
427,3957,123.050273,0.276987,-2.086164,-395.563794,-2.556056,-1344.789572,-1.492211,266.502824,114.963348,5.033532,0.382891,-0.121945
427,3958,98.733544,0.567135,-3.018293,127.469107,-3.514824,-457.488217,-1.142166,246.921830,0.101587,4.240747,-0.211041,-0.818070
428,3959,3.130477,-3.139325,-2.718075,1.764834,-1.357787,-3.469646,-1.511923,2.931597,0.451096,2.741821,-0.138117,-1.901813
428,3960,4.296149,-1.940209,-2.167964,1.235870,0.371503,-0.422609,-2.049082,1.597454,0.766121,2.849471,0.887484,-0.731072
428,3961,2.700326,-2.178126,-0.814981,-0.248965,-2.994926,-2.218558,-2.680569,1.767454,-0.391768,2.232414,1.397956,-3.060980
428,3962,1.455877,-2.745109,-2.226882,-0.041978,-1.568527,-3.445740,-3.032551,0.822731,0.868030,2.300026,1.707878,0.986160
428,3963,1.289456,-2.693612,-2.832276,1.019484,-1.341126,-3.306867,-3.333870,2.790887,-0.123977,3.565966,2.337920,-1.471988
428,3964,2.697054,-1.756162,-0.628145,2.805897,-1.424776,-2.583496,-0.632900,1.691067,0.666256,2.492885,-0.458201,-2.411193
428,3965,2.275723,-3.586317,-2.382726,2.426600,-0.295258,0.904835,-1.947022,1.569476,0.530877,3.680467,1.955286,-2.092380
428,3966,3.251075,-1.022671,-4.449023,-0.935823,-1.005035,-0.863963,-2.568772,2.775624,-0.782071,2.559614,0.531027,-0.749832
428,3967,2.757605,-1.300199,-2.510434,-1.559191,-1.846234,-3.063341,-2.553259,3.922131,0.904869,4.032161,1.697151,-3.632034
428,3968,3.534024,-1.300295,-2.592996,-0.892693,-0.902243,-5.080735,-3.591824,2.998557,0.290388,2.484628,0.829650,-0.566634
429,3969,1.853762,-2.173254,-1.869451,1.639890,0.464590,-4.517842,-3.109780,0.195791,0.878632,2.475531,2.241947,0.746700
429,3970,3.484226,-2.576177,-3.353215,1.477818,-1.209082,-5.574787,-1.313178,1.341405,0.413089,2.833435,0.970075,-1.004929
429,3971,4.192656,-1.535887,-2.643737,-3.226961,-1.614377,-6.747725,-2.229925,2.074403,0.562725,3.819743,1.466817,0.767650
429,3972,2.728495,-0.744763,-0.933327,-0.517990,-0.141716,-2.772351,-3.055556,0.552454,0.096354,2.444897,0.998867,-1.109349
429,3973,3.329972,-0.496666,-1.473453,-2.180911,0.153945,-4.861542,-2.889507,2.033899,-0.696728,2.818923,1.657490,-3.357641
429,3974,2.454705,-1.008269,-1.411227,-0.854981,-0.762016,-1.522135,-3.555016,2.643521,0.552752,3.273880,1.037909,1.114472
429,3975,1.817217,-1.745363,-1.278526,3.680696,-2.332371,-0.767798,-2.846826,2.495834,0.040452,2.503628,2.447013,-1.464301
429,3976,1.980233,-2.400142,-2.733047,-1.398842,-0.678910,0.385129,-2.748072,2.385344,-0.000807,3.168769,0.350260,-1.805464
429,3977,1.897001,-3.327798,-3.124825,-2.254340,0.335923,-2.806206,-2.626553,3.194846,-0.464770,2.524916,1.003222,-3.388208
429,3978,1.443171,-1.216583,-3.195701,1.235208,-0.929753,-6.429271,-0.980882,3.151055,0.159075,2.738367,1.245467,-3.303213
430,3979,216.518009,-0.171508,-3.246429,237.356779,-4.363743,-648.337984,-3.440850,404.903335,79.211300,3.638029,0.093737,0.613510
430,3980,188.984657,0.287993,-1.911573,59.294885,-2.989169,-393.113555,0.323218,375.193660,22.738381,4.242054,0.462617,-1.477628
430,3981,179.394654,-0.200931,-3.191033,131.541979,-4.263755,-724.472939,-3.387520,303.784743,196.980717,4.934281,1.437705,0.472041
430,3982,207.019358,-0.134118,-5.726469,94.293872,-3.885310,16.854938,-2.808219,198.631773,-198.068808,4.776298,1.380471,-0.063978
430,3983,129.789982,0.787857,-2.089733,175.956075,-4.177900,37.534344,-0.695733,270.504042,15.164259,3.576656,1.757918,0.300986
430,3984,91.377839,-1.676449,-0.814833,-212.932452,-2.160588,-22.629936,-3.871466,79.327588,226.348707,3.784446,0.240373,-1.975587
430,3985,109.924764,-0.238295,-3.357165,-56.457476,-2.788019,-653.741901,-2.073457,360.520920,-118.004333,4.479148,0.878391,-0.960136
430,3986,189.067528,0.694869,-1.460344,19.874063,-2.583245,-57.329663,-2.848389,235.844426,28.639791,4.504040,0.592187,-0.814629
430,3987,162.935226,-0.625872,-4.582589,-101.059944,-2.169765,-410.703255,0.184845,324.575060,-37.697785,3.836181,-0.203310,-1.053969
430,3988,120.263322,-1.003012,-4.407996,76.212582,-2.613047,-422.474738,-0.143454,297.066623,13.174636,4.578676,0.101341,0.623792
431,3989,2.744367,-3.176473,-2.639327,0.317942,-0.294482,-2.063828,-0.557131,0.652713,0.832763,3.281792,0.425876,0.149002
431,3990,1.256133,-1.889411,-2.976562,-0.285778,-1.076807,-2.865166,-1.428141,0.541959,1.652809,2.676929,1.379070,-0.822123
431,3991,3.483083,-0.699216,-1.282100,1.418562,-1.641372,-1.552518,-2.809605,3.894595,0.382664,1.985735,1.095871,-1.345324
431,3992,2.000197,-1.363490,-0.136002,2.951834,-1.763640,-1.460538,-1.380398,2.240078,0.004752,3.199876,0.987137,-2.354482
431,3993,2.751733,-1.977876,-1.469622,2.667358,-0.620496,-5.534209,-0.847217,2.265259,0.203276,3.431980,1.290350,-1.351573
431,3994,1.771056,-1.782600,-2.562048,-0.939127,0.014973,-5.458626,-2.310651,1.256079,0.163502,3.849549,1.293595,-2.312924
431,3995,4.368748,-2.857762,0.291143,1.441090,-0.172231,-4.727492,-2.536509,1.302005,0.016980,3.603658,0.571119,-2.714772
431,3996,3.763630,-4.042724,-1.405290,3.693509,-1.506148,0.592824,-2.025850,2.956924,-0.084789,2.418408,1.097202,0.173140
431,3997,1.716692,-0.742694,-1.524423,-2.233363,-0.105011,-3.990532,-3.883652,1.753118,-0.051692,3.134172,1.526540,-1.464099
431,3998,4.087989,-1.424440,-2.331108,0.448276,0.217006,-2.311280,-2.338836,1.239459,-0.022801,2.773520,1.453489,-0.811563
432,3999,140.805813,-1.052197,-2.830232,281.861923,-4.541226,-1011.298125,-2.530579,229.862759,196.544633,4.646446,0.642714,0.423174
432,4000,282.776292,-1.159967,-2.112403,316.560534,-4.342069,-374.744639,-3.410931,125.006399,30.456337,4.290472,0.755858,0.161887
432,4001,200.217559,0.900639,-3.074047,-120.727451,-4.230514,-813.121765,-2.009708,329.379976,66.081806,4.749310,0.946029,-0.591033
432,4002,122.686936,-0.219511,-2.502191,-174.674184,-3.014061,-1590.060814,-4.900351,124.470192,-108.852089,3.254683,1.489263,-0.011308
432,4003,182.511903,-0.504827,-2.564589,-64.364694,-3.067830,-368.732003,-3.126562,138.841962,41.132205,3.148116,1.305121,1.397862
432,4004,247.035058,0.225327,-3.042716,-149.194480,-2.816032,-1331.359636,-1.800370,300.741541,210.726642,4.501980,-0.028603,0.577554
432,4005,206.607539,1.225724,-3.695487,150.629016,-3.126613,-953.744798,-2.388112,362.645142,43.081086,4.555714,1.519008,-1.026029
432,4006,116.470032,0.071146,-4.095832,144.147710,-3.428083,-381.568450,-0.985298,318.722724,113.412080,4.206037,1.653443,-0.917906
432,4007,194.166684,-0.448109,-3.094771,355.387280,-3.456639,-420.537599,-4.779487,505.400564,199.016305,5.263046,1.371507,-0.888764
432,4008,195.878704,-0.556794,-3.525085,129.831539,-4.249318,-674.993021,-2.815438,496.821360,73.548788,5.155797,0.496201,0.743509
433,4009,273.395514,-0.216241,-3.247637,122.431981,-2.666965,-561.302026,-2.740809,299.751591,175.130669,4.222069,1.607546,-1.849045
433,4010,50.447697,0.911009,-1.542443,623.679329,-3.377292,-992.275281,-3.300521,436.169575,178.888065,4.065647,-0.828191,-1.315600
433,4011,65.428695,-0.590283,-3.766303,598.502744,-4.294523,-1388.403214,1.473944,220.844909,190.836803,4.188073,0.122410,-0.512146
433,4012,171.263471,0.057212,-2.728167,-113.815626,-1.486044,-772.289872,-1.565079,394.909042,163.721901,4.678884,1.485413,1.546868
433,4013,118.304853,-1.368873,-3.027381,245.356880,-3.335643,-1309.023395,-1.616169,178.342601,75.553213,5.192186,1.168092,-0.985007
433,4014,233.507546,0.434502,-1.871162,121.603427,-3.411186,-420.843990,-2.611396,260.272320,62.401185,3.466843,1.881549,-1.914552
433,4015,135.983127,-0.015203,-0.422798,-83.113933,-2.089651,-774.941400,-1.307152,87.565362,169.177270,3.943231,1.313903,1.534904
433,4016,89.322355,-0.495613,-3.283904,-331.388349,-2.238203,-788.205088,-2.271109,434.305971,34.456886,4.165090,0.217776,0.063421
433,4017,208.626484,0.118772,-2.593153,511.572731,-2.508053,-908.514395,-2.376418,244.569936,163.536138,4.624417,0.968547,-1.597525
433,4018,244.272775,1.004114,-2.979558,368.791108,-4.358684,-566.483389,-0.369359,266.521871,125.740674,6.315140,1.061383,0.414559
434,4019,238.240665,0.413578,-3.724165,-344.836051,-2.734299,-437.307767,-1.077100,261.169591,206.441194,4.773419,0.370089,-0.611763
434,4020,174.667850,-0.623738,-3.425564,-97.947373,-3.408567,26.670113,-3.117140,230.957216,-79.835364,3.221857,0.487148,-1.614665
434,4021,252.656542,-0.552925,-4.614690,348.900221,-3.054853,-866.717890,-3.515758,309.255211,4.376750,2.964574,0.000832,-1.190123
434,4022,254.687107,0.418120,-3.677745,2.318271,-2.080077,-23.346670,-2.192285,191.001935,12.655077,3.913036,0.553583,-1.288609
434,4023,181.674917,0.811903,-3.022767,420.726303,-3.713696,-1365.019778,-3.307082,223.169483,25.639650,3.334526,0.458423,0.119595
434,4024,230.182848,-1.134556,-4.679301,40.182617,-3.276103,-652.770258,-2.898634,203.166864,89.308933,3.234188,0.938948,0.990792
434,4025,22.938004,-0.924110,-1.648094,474.958083,-3.760899,-982.046331,-3.121900,351.880022,33.489089,4.667029,0.952952,1.072597
434,4026,166.281620,-0.434683,-3.140798,182.143611,-2.417948,-842.196802,-2.006544,267.613616,-75.037760,3.404518,1.426467,0.500071
434,4027,249.298629,0.517770,-3.652430,95.330746,-2.923961,-498.398994,-3.071230,370.391757,202.698544,4.532980,1.570471,1.299017
434,4028,200.071121,0.589795,-1.698587,29.184843,-3.820283,-659.402392,-2.273581,412.865172,33.741686,3.170384,0.816456,0.875424
435,4029,294.595934,0.357398,-4.298690,79.179687,-3.241416,-844.943304,-5.081895,168.210905,94.193185,4.781388,0.653594,-0.355784
435,4030,147.140289,-0.399461,-2.629614,361.737724,-2.591028,-951.392169,-4.772279,131.741103,15.902226,3.629107,0.962880,0.328377
435,4031,146.032170,0.101916,-4.917839,-78.534188,-3.471576,-577.389828,-4.398417,234.594001,148.728294,4.301775,1.640948,1.851647
435,4032,151.376683,0.105436,-4.338501,359.016734,-2.717743,-587.974995,-2.729278,186.874595,81.436662,4.111077,0.828910,-0.200857
435,4033,79.198421,-0.967673,-2.503120,310.782947,-3.919166,-107.191880,-1.477874,293.207162,357.738821,3.716456,-0.234294,-0.249499
435,4034,198.946360,-0.133658,-3.354213,-61.033967,-2.251094,-948.919570,-1.843112,151.978980,185.402320,3.778805,0.811261,2.319133
435,4035,87.033344,0.238952,-2.163955,91.025969,-3.204696,-729.252675,-2.233871,208.490876,8.696764,4.095220,-0.077434,0.962605
435,4036,123.493560,-0.161133,-1.427118,244.438771,-3.116533,-610.557213,-2.950877,349.357935,209.127197,5.097564,-0.211856,-1.280516
435,4037,65.613031,0.376833,-2.701710,187.569038,-3.767279,-595.852311,-3.109082,318.141035,202.456815,3.551718,0.436504,-0.666610
435,4038,101.559451,-1.155391,-2.678035,110.608053,-3.609329,-713.132726,-1.896923,303.015402,-21.698479,3.832537,0.683893,0.238610
436,4039,2.477755,-0.991244,-2.668090,4.847754,0.628870,-2.662800,-1.686952,2.506448,0.522165,4.035133,0.843708,0.187896
436,4040,2.628551,-1.501499,-3.522791,0.420715,0.564062,-1.702550,-3.262841,1.964031,0.113322,1.955784,1.456001,0.035033
436,4041,3.263357,-1.129024,-2.253445,2.202600,-0.973521,-4.942617,-2.039493,3.267066,-0.217016,1.759573,0.825634,-0.880176
436,4042,4.753860,-2.432709,-0.573351,-0.768967,-0.634795,-1.221489,-0.471404,2.554339,-0.248239,2.598087,0.362016,0.341243
436,4043,2.403375,-1.584618,-2.081929,-0.398757,0.058961,-2.730881,-1.006234,1.761628,0.924422,2.103732,1.562126,0.126248
436,4044,2.638727,-0.381574,-2.855609,0.187882,-0.740010,-2.502887,-1.462538,1.896594,-0.662462,3.878503,0.243855,-1.217202
436,4045,2.543249,-2.329959,-1.699393,-1.094865,-0.262436,-0.305728,-3.412438,3.437466,-0.238625,3.459485,1.376681,-2.445440
436,4046,2.211008,-1.500953,-2.188740,2.497061,-0.182445,-4.067410,-4.442503,2.120947,0.019531,2.826942,0.573734,-1.826630
436,4047,2.680169,-3.037692,-1.695629,0.838787,-0.793560,0.876864,-4.625528,2.455983,0.177103,2.397008,0.800501,-2.111316
436,4048,1.925278,-1.190250,-1.147390,-1.708776,-2.268192,-4.609613,-2.704564,1.782200,0.239576,2.260860,0.714002,0.352961
437,4049,2.991509,-2.796089,-4.307646,1.213326,-2.770892,-6.299112,-2.415542,1.873305,0.831265,2.356470,-0.954518,-1.616914
437,4050,3.050737,-0.321281,-2.863300,-0.859972,0.572490,-1.567507,-4.300133,2.752187,1.661571,3.049141,0.507435,-1.238822
437,4051,2.651039,-1.762359,-3.124053,0.016880,0.512524,-4.874482,-2.528026,2.964257,0.779697,2.495740,0.114127,-3.134135
437,4052,2.223245,-1.663849,-2.352585,-0.242777,-1.949518,-1.264435,-2.998706,1.924871,0.616942,2.462657,1.302013,2.003026
437,4053,1.212010,-2.560248,-4.766542,-1.292866,-1.244959,-3.673956,-2.784768,2.169416,0.803256,3.631346,1.072744,-0.014921
437,4054,1.730472,-1.838599,-2.109924,1.833390,0.558768,-3.761857,0.167196,1.171870,0.338697,2.659892,0.904215,-0.462787
437,4055,2.606417,-2.402878,-0.045191,0.885975,-0.373237,-3.545898,-1.191162,1.935707,0.109052,3.212606,0.564651,-0.814072
437,4056,2.797325,-3.275718,-2.217744,-0.609672,-1.759295,-1.116977,-2.268154,2.207933,-0.928584,2.089757,0.437427,-1.593511
437,4057,3.642921,-1.976203,-1.006139,1.851832,1.542079,-1.843323,-2.571935,2.275256,-0.148604,2.910214,-0.510204,-1.347758
437,4058,3.558662,-1.764438,-2.213443,2.837197,-0.110892,-3.000291,-2.049566,1.906400,-0.073649,2.080950,0.834306,-0.789473
438,4059,110.699537,-0.715416,-2.312473,111.942615,-2.617428,-579.185713,-2.749030,219.077114,53.827116,3.767010,0.785996,0.334921
438,4060,108.071713,-0.246226,-2.456562,134.934690,-2.852643,-1370.160029,-3.221993,324.659154,-96.755516,4.132132,0.825281,-0.502257
438,4061,210.550111,0.098755,-3.667144,127.823928,-1.876422,128.803547,-3.054402,373.393212,263.160846,3.824330,1.029053,1.421633
438,4062,239.988377,0.809930,-3.697637,-273.931315,-2.061710,-1105.665781,-2.951931,267.467645,70.989195,3.556751,1.516916,-0.904445
438,4063,275.668192,-0.814045,-4.991821,-102.863362,-2.059267,-1095.790006,-3.354729,319.782322,-57.727693,3.329663,1.436093,-4.007032
438,4064,170.846965,-0.392594,-3.048416,48.987896,-3.476133,-941.841105,-1.137999,293.627887,67.482873,3.794251,0.676689,2.282312
438,4065,297.281626,-0.971064,-0.642994,123.575645,-2.958664,-292.851352,-1.882456,280.942274,188.290064,3.115682,0.370751,-1.428965
438,4066,225.305292,0.101925,-0.755663,98.400629,-2.605374,-1385.624839,-2.741143,418.942785,-190.019204,3.703618,1.235461,-1.169648
438,4067,175.047888,-0.121296,-3.367925,279.318267,-4.545542,630.279623,-2.525875,173.558804,-84.382375,2.951186,0.665949,0.384954
438,4068,34.122470,-0.140458,-3.584714,-215.881821,-4.499094,-19.212327,-1.730407,248.109917,33.073424,4.307295,0.578904,-0.902504
439,4069,2.660089,-0.774510,-0.686615,1.084654,-1.860570,-2.379448,-2.576844,2.247793,0.346539,2.625658,1.005207,-0.930297
439,4070,2.295801,-2.420883,-2.355052,-1.475472,0.374721,-1.660982,-2.513415,1.507136,1.382722,3.771712,1.409735,0.467989
439,4071,3.576468,-3.238546,-1.843051,0.391754,-0.014918,-5.322024,-2.286318,2.115753,-0.202698,2.536718,0.634118,1.241444
439,4072,1.646255,-1.570915,-1.626103,1.077528,-0.342247,-3.695426,-4.328212,3.616043,1.384141,2.497066,-0.096310,-0.816231
439,4073,2.148633,-2.028905,-2.533917,2.537080,0.185872,-2.123186,-1.342514,2.444722,-0.301761,3.099112,0.765202,-1.180221
439,4074,2.371086,-0.846050,-4.670052,0.418403,0.974092,-4.191775,-3.174741,0.769801,1.891596,2.362198,0.400130,-2.163017
439,4075,3.028836,-0.965820,-0.874395,0.436458,-1.914079,-2.454843,-0.994782,1.631646,0.620887,2.806247,0.917960,-0.778683
439,4076,2.759533,-1.213721,-3.321440,-0.104260,-0.895504,-6.233701,-1.413069,1.897284,1.087129,3.078148,1.346331,-1.958866
439,4077,5.311862,-2.718465,-2.820010,2.661293,0.056235,-2.457074,-2.842510,2.319441,0.500391,3.757703,0.920791,-0.370614
439,4078,2.189336,-1.770603,-3.227682,0.274006,-0.169527,-3.405951,-4.049583,1.960600,1.052270,3.777192,0.591161,-2.294414
440,4079,0.923574,-2.366297,-3.121790,2.590924,-0.662140,-3.874492,-4.924969,2.661931,1.415374,2.287597,0.877306,-1.116318
440,4080,3.173935,-0.825942,-2.332700,2.549135,0.815495,-2.209836,-1.973888,1.511634,0.323328,2.680837,1.337859,-1.318948
440,4081,2.615233,-1.729923,-2.881410,3.297509,1.356730,-2.233548,-2.430543,2.482699,0.929303,2.298927,1.179220,-2.260182
440,4082,3.316228,-2.306200,-2.219738,2.753248,-1.465006,-2.003982,-1.925312,2.797237,0.242972,3.039296,0.232482,-0.564524
440,4083,3.792748,-2.064997,-2.746288,2.469778,-0.546943,-3.937434,-0.622818,2.318515,-0.390626,2.753687,2.222446,-3.151677
440,4084,4.847035,-1.754906,-1.523862,-0.165366,-0.260531,-2.086947,-0.837967,2.409883,-0.279537,2.718018,0.958916,-0.684937
440,4085,3.931055,-2.751579,-1.616949,1.044954,-0.698675,-4.165276,-2.551069,1.873152,0.241878,2.840759,1.228374,-0.921883
440,4086,2.210056,-1.631421,-1.669633,-0.464589,-1.416094,-3.206091,-2.349749,2.489449,-0.602200,2.604178,1.153082,-1.441749
440,4087,2.927280,-3.366628,-4.034684,-0.417638,-0.065500,-2.053719,-2.228676,3.296833,-0.437542,2.193677,1.300348,-1.143640
440,4088,2.779051,-2.301902,-3.007673,0.634414,0.613110,-0.840930,-1.884936,1.014085,1.027601,3.836840,2.302094,-2.654132
441,4089,127.216704,-0.310915,-3.077060,206.421948,-3.798245,-397.828200,-1.270570,262.362799,129.353416,4.739687,0.582187,-0.584490
441,4090,158.645701,0.054881,-4.946785,110.680395,-4.690784,-502.537516,-3.092541,355.672758,-115.100352,4.572619,1.844555,0.099839
441,4091,65.920610,0.140598,-3.056201,187.692936,-3.460289,-603.129489,-2.409804,501.367958,220.518171,3.758433,1.236516,0.861612
441,4092,203.940908,-0.421451,-3.105626,33.979871,-3.297661,-839.230534,-3.076437,170.070731,-127.213411,4.155157,0.706892,-0.245128
441,4093,154.953044,-0.515402,-3.760772,44.544276,-3.012123,-1210.880044,-1.409404,222.265144,199.227860,4.455573,1.335700,1.962256
441,4094,127.834517,0.012019,-3.376849,173.483853,-3.695959,-1093.742151,-0.004051,149.962620,-65.612695,3.762679,-0.139289,-0.296138
441,4095,126.968455,-0.703495,-1.967486,384.270585,-3.461241,-718.145867,-4.047703,220.841517,-99.837252,4.457519,1.160585,-2.141691
441,4096,221.634073,0.564153,-3.952907,-154.425330,-3.429228,-508.164949,-3.137740,119.060919,51.368293,3.550481,0.886665,-0.487646
441,4097,246.627683,-0.283260,-3.224976,387.224913,-3.966023,418.679910,-3.586275,237.426135,-14.664898,4.440791,0.858792,-0.156861
441,4098,260.707714,-0.665146,-4.595986,60.797056,-3.678153,-585.368159,-0.901732,154.016108,5.167387,3.475829,1.657885,0.193728
442,4099,2.077907,-2.635575,0.024683,0.488636,-0.610001,-1.041789,-2.339711,1.403629,0.376323,3.492540,1.403368,0.111989
442,4100,2.362916,-2.347208,-1.811219,0.963301,0.508815,0.729926,-1.734004,1.688083,0.440799,3.578114,1.066853,-1.031800
442,4101,3.116290,-1.452191,-3.072585,5.191520,0.502670,-0.714291,-2.084588,0.848290,0.887457,2.625619,1.353649,-0.645618
442,4102,2.613973,-2.693975,-2.973389,0.441876,-0.500363,-5.555686,-3.219638,0.753290,0.133645,2.739986,0.746281,-1.838512
442,4103,2.217563,-1.555201,-3.883194,0.923858,1.623175,-3.775225,-1.999765,3.129165,0.523106,3.060688,1.969121,1.511588
442,4104,3.385735,-1.200748,-4.183617,3.100128,-0.222975,-4.772603,-3.678855,2.747225,2.162463,3.323582,0.152449,-2.208592
442,4105,2.421962,-2.693154,-0.345013,4.108207,-0.039716,-3.187561,-2.796131,2.585101,0.218707,2.690018,0.995973,-2.210521
442,4106,2.708559,-1.644838,-1.305220,-0.047169,-1.592675,-2.409269,-4.406043,1.138707,-0.564710,2.995523,2.448000,0.502762
442,4107,2.560007,-2.549363,-4.233819,4.288445,-1.214623,-2.876206,-2.435201,1.301636,0.912070,3.901479,0.048242,-2.455263
442,4108,3.591830,-2.424331,-2.878195,2.180494,0.161342,-6.247784,-2.850004,1.328913,1.378135,1.601193,1.004201,-2.318711
443,4109,225.823912,1.620769,-3.204236,303.150610,-4.577064,-1208.404220,-2.695194,161.926492,-128.992081,4.330427,0.498126,-2.003104
443,4110,200.459004,-0.643453,-2.753594,180.640189,-3.007324,-331.521421,-1.083973,213.196828,9.939298,4.473004,-0.047550,1.881727
443,4111,84.667651,-1.404689,-2.912251,-393.295422,-3.263753,-731.095850,-2.784055,257.766165,62.601641,5.082005,0.620768,0.599714
443,4112,7.320689,-0.499116,-2.245528,444.005358,-2.772225,-889.386465,-2.915124,248.249436,-32.036111,3.779919,1.871690,0.073577
443,4113,129.324975,-0.936811,-3.501018,339.237943,-2.858065,-472.714695,-1.713702,363.267569,-111.079371,4.558349,0.579906,-0.729356
443,4114,220.530960,-0.655420,-2.387255,694.386826,-3.871838,221.685235,-2.114112,431.029001,-22.727680,4.790802,0.901402,1.396892
443,4115,191.151220,-0.424610,-2.608109,125.879056,-3.121775,-654.132703,-2.426748,86.499651,64.419428,3.891358,0.140941,-0.434618
443,4116,43.921433,-0.170896,-3.765832,-420.251709,-4.071832,-896.368339,-2.591674,233.318825,13.637137,4.214931,1.589220,-2.488799
443,4117,197.198462,-0.684529,-2.575145,221.841552,-4.096275,-524.108410,-2.486626,284.730619,-17.740405,4.415097,1.759502,-0.164544
443,4118,61.677698,-0.681708,-2.502299,24.440471,-3.989965,-1029.157401,-1.494695,213.060128,-135.765328,3.796448,0.727739,-0.566271
444,4119,3.594453,-1.314231,-1.973445,0.243752,-0.203262,0.007767,-2.744651,2.326431,0.816578,2.557442,1.127110,0.994496
444,4120,2.799729,-2.207322,-1.790761,-1.281541,0.395610,-0.552367,-0.174994,1.395996,0.597926,2.706485,1.930835,-1.738421
444,4121,2.431856,-2.431281,-1.688132,1.619048,-0.458603,-5.830489,-1.466643,0.927410,0.935432,2.637719,0.681612,-2.657585
444,4122,1.828188,-1.816273,0.101956,-3.320156,0.175491,-1.078418,-3.594703,3.389939,0.815700,2.763455,1.304753,-0.624863
444,4123,2.253882,-2.257087,-0.974446,0.186046,0.280001,-5.188310,-1.422127,0.601551,0.143925,2.032172,0.863593,0.282246
444,4124,2.644392,-1.359243,-0.189049,2.591435,-0.424832,-0.219786,-1.012316,3.632363,-0.307415,2.479445,2.889077,-0.978324
444,4125,1.211017,-2.908132,1.116335,2.002031,1.822152,-0.780826,-3.272812,3.450664,0.777920,2.638200,0.430187,-1.096702
444,4126,2.729159,-1.709124,-1.553678,3.178554,-0.990682,-3.432255,-0.190523,2.478749,0.738371,2.980287,1.015985,0.078773
444,4127,3.720703,-2.381797,-1.798625,0.700856,-0.251629,-2.807351,-3.548619,1.250392,0.079073,2.015110,0.715216,-2.268529
444,4128,3.750459,-2.145118,-0.767901,-0.624204,0.391070,-5.088009,-2.174470,2.536607,0.320663,2.229825,0.412492,0.040788
445,4129,114.733697,1.060159,-2.035110,244.043618,-3.784837,-1024.096391,-1.993583,203.970155,156.339819,3.337464,1.570940,-1.619331
445,4130,276.744781,0.124568,-4.598511,-181.674317,-3.281760,-915.234987,0.196374,339.221576,51.210922,3.444833,1.065774,-2.956169
445,4131,161.588047,-0.026804,-4.730921,-93.739879,-3.160357,-514.541977,-1.418522,375.412673,26.179185,3.959971,0.472253,0.754364
445,4132,180.541555,1.746762,-3.189767,13.962415,-3.456171,-540.577830,-1.136403,127.861718,52.177515,4.319888,1.284783,-0.899973
445,4133,288.913507,-0.211947,-1.182699,-92.964600,-2.580942,-932.286045,-0.628701,227.679578,161.601453,3.835858,1.215929,-0.245658
445,4134,107.588477,-0.810824,-3.297577,413.508087,-3.001201,-485.358760,-1.312725,149.651475,164.927268,4.378033,1.530498,-0.228945
445,4135,119.013836,0.693040,-3.520213,-238.721777,-4.124825,177.795260,-1.678809,112.787693,-88.345999,4.726306,1.733137,-0.353056
446,4136,176.957383,-0.716544,-1.574899,139.525747,-4.493011,-1039.926658,-2.845260,214.045384,-133.684440,4.970531,0.938072,0.396049
446,4137,110.542929,0.195810,-1.866714,115.545853,-2.848297,-196.915165,-2.792633,173.102086,226.175982,4.292339,0.368089,-0.718960
446,4138,120.421850,0.469485,-4.381685,283.516608,-3.051644,-612.392316,-0.806385,128.792795,42.416009,4.128302,0.614197,-0.672551
446,4139,260.777837,0.388337,-2.892563,-105.145999,-3.369172,-232.824003,-1.539869,225.818677,153.315738,4.054147,-0.171591,1.719910
446,4140,198.202142,0.536387,-2.687415,567.960242,-3.797012,-743.147835,-3.045388,368.191598,1.000894,4.153630,2.398561,-0.822173
446,4141,223.960169,0.536197,-2.604928,-58.558163,-4.029217,-1156.206414,-2.979562,151.009716,-67.612110,4.172325,0.630198,-0.793230
446,4142,128.530147,0.586986,-3.851985,91.291041,-3.201033,-309.411112,-3.069136,408.855947,254.111022,4.034330,0.897168,-1.555017
447,4143,1.464447,-1.197641,-2.009163,3.260097,-0.508557,0.181164,-2.803170,1.439080,0.098171,3.220526,1.695220,-1.044473
447,4144,2.874799,-0.973668,-1.333460,1.906013,-1.558934,-5.866341,-2.010106,3.822130,-0.233561,3.203825,0.441135,0.028457
447,4145,2.655400,-1.587751,-0.769625,2.210014,0.264188,-6.975369,-3.271133,2.368628,-0.232211,3.405186,1.916866,0.946244
447,4146,3.152874,-2.844821,-0.893701,3.925300,-0.627607,-0.390510,-2.751647,4.380209,0.803416,2.985977,0.892525,-1.990971
447,4147,2.000660,-1.499899,-1.596663,3.259983,-0.250085,-3.475668,-1.032781,3.484314,0.871724,3.205919,0.837336,-1.477822
447,4148,1.922219,-0.947204,-1.559167,-2.196683,-0.627799,-3.734840,-0.765950,0.634334,0.110366,2.409726,0.398451,-0.532964
447,4149,1.038252,-0.959436,-1.064688,2.542012,-0.603444,-3.794080,-2.653822,2.153718,0.226276,1.992392,0.852571,-0.960990
447,4150,0.067089,-1.882036,-0.783965,2.320199,-0.637023,1.878835,-3.525209,2.169774,-0.098601,3.097012,0.724725,-0.500709
447,4151,2.264795,-3.148146,-0.711322,0.977306,-2.420521,-3.068666,-2.866146,2.318094,0.568120,3.350289,0.901512,0.517484
447,4152,4.506049,-1.683784,-3.105155,-1.849410,-0.504965,-4.714679,-2.139997,2.417037,-0.917730,2.905969,1.432370,-1.298726
448,4153,4.527543,-1.963053,-3.282701,0.602644,-1.508442,-0.598996,-1.118497,1.923823,-0.453454,2.872837,0.557037,-1.500497
448,4154,0.768551,-1.609265,-3.302988,-0.619385,-0.350161,-1.383404,-3.334420,1.213714,0.736414,1.602725,0.589670,-1.070016
448,4155,0.428847,-1.224489,-1.450474,1.502423,-1.882919,-0.941309,-3.450541,1.729878,0.415269,2.883209,1.844031,-2.783478
448,4156,3.957473,-2.790349,-2.362801,1.312534,-1.278106,0.599157,-1.936499,-0.079618,0.351338,2.988860,1.205845,-2.004530
448,4157,1.217579,-1.315413,-3.225578,1.631754,-2.604522,-4.888337,-1.634257,1.453735,-0.046764,3.619664,1.742499,-0.572017
448,4158,3.529955,-1.898901,-1.121714,1.450399,-1.613257,-2.464592,-2.123296,1.695200,0.484869,3.027464,0.269603,-0.768578
448,4159,1.768504,-2.766868,-2.129210,0.068437,-1.551976,-4.653191,-1.369388,2.333194,0.971685,3.112432,0.573056,-1.980118
448,4160,0.562344,-2.231447,-1.730587,-1.241427,-0.813785,-4.042803,-3.208583,3.105359,-0.037017,3.394088,0.788551,1.625993
448,4161,1.614601,-2.127163,-2.373534,2.139748,-0.751673,-2.501061,-0.783252,1.357393,0.294600,3.645686,0.934997,-2.006958
448,4162,1.549613,-1.706633,-1.602449,5.516160,-0.252367,-4.670402,-4.391436,2.567411,1.249318,3.022163,0.276839,-1.723593
449,4163,213.470936,0.430725,-4.123528,179.378199,-2.612921,-1130.399702,-1.239483,240.180711,179.517291,3.294423,0.243554,0.920282
449,4164,324.617180,0.742134,-4.774497,-282.174822,-3.216060,-43.781178,-1.058889,131.010565,-45.596445,2.786816,1.277164,-0.027499
449,4165,192.963472,0.909974,-2.544137,212.791156,-2.858692,-1133.548139,0.904625,295.307596,66.564477,4.993754,0.237481,1.543580
449,4166,169.476645,-0.731721,-2.369662,36.467999,-2.860195,-1152.971822,-3.620758,238.888518,39.291131,3.868426,1.063353,-0.079233
449,4167,301.073711,0.735119,-3.183722,-184.771815,-3.344712,-382.545505,-4.964360,326.148278,155.832270,2.836363,0.717001,-2.675848
449,4168,203.749405,0.303574,-2.551444,168.242065,-4.261744,-508.330081,-2.166621,192.246410,45.007621,4.149277,0.475467,-1.601554
449,4169,142.458975,0.037471,-2.908648,-203.245686,-3.845847,-619.968595,-3.665698,9.889555,43.692510,2.875406,-0.375125,-2.112471
449,4170,19.474861,-0.177502,-3.885999,-80.908834,-3.753795,-902.402281,-3.871439,285.644816,-109.667587,3.642994,1.040369,0.043610
449,4171,181.399185,-0.924085,-4.495751,487.112798,-3.771110,-545.133474,-3.203664,311.817639,170.714754,3.479361,0.432561,1.525076
449,4172,254.053226,-0.971832,-4.484171,461.498145,-3.165361,-760.224808,-2.281530,-42.661177,177.324566,3.483180,0.557645,-0.953749
450,4173,2.006752,-2.588680,-1.728201,-0.739896,-0.466460,-2.213226,-2.682754,2.602829,0.398938,3.979854,1.083585,-0.974597
450,4174,1.296849,-1.062727,-3.643632,1.592663,0.243110,-6.890286,-1.037011,2.084624,-0.560721,1.666390,0.929731,-1.536376
450,4175,4.149408,-3.114206,0.015367,0.374339,-0.880340,-2.697752,-0.691041,4.325817,0.003657,2.995566,1.568968,-0.452058
450,4176,2.647314,-2.672121,-1.309160,1.910577,-1.124102,-3.373957,-4.143823,1.456810,0.014007,3.014908,0.541441,-0.200520
450,4177,2.826459,-1.200757,-2.750023,2.463987,-1.268742,0.051228,-2.226713,0.400626,0.564587,2.766022,1.183032,-0.751935
450,4178,2.487882,-2.721772,-2.622402,0.118387,-0.381503,-4.166166,-2.109077,1.928186,0.779277,3.050206,1.585604,-1.524534
450,4179,2.775106,-2.458004,-2.021463,2.205893,-0.436782,-1.865591,-2.062590,2.157969,0.913982,2.438951,0.433860,-2.384420
450,4180,1.004013,-2.909613,-2.086495,3.075982,-1.407525,0.181609,-3.979527,1.017191,0.276622,2.958247,1.454296,-1.505291
450,4181,2.981406,-1.864664,-2.775827,2.088414,-1.307853,-3.735525,-2.075692,4.132014,1.492494,2.945597,0.450528,-1.601348
450,4182,0.740792,-1.440824,-0.767439,1.930388,-1.977657,-2.585381,-3.069917,2.247363,0.148356,2.764162,0.612658,-1.646030
451,4183,3.002776,-1.798835,-1.115143,-1.127140,-1.009567,-2.284766,-0.933423,1.855040,0.061606,3.147310,0.037942,-0.456289
451,4184,2.933047,-1.341911,-2.100528,1.529051,-0.423427,-6.850710,-5.707504,2.468358,1.417414,2.952340,0.655737,-0.275296
451,4185,2.583370,-1.624747,-1.913362,0.400117,-1.936741,-3.924129,-1.658265,2.946364,-0.129756,1.421126,1.288823,0.240579
451,4186,2.115885,-1.938349,-1.892962,1.680108,-0.232435,-0.166904,-3.507164,1.603635,1.395243,2.208814,1.565868,-2.320245
451,4187,3.217605,-2.380272,-3.276149,-0.401843,-0.897422,0.049201,-2.923876,2.729877,-0.087432,3.097974,1.927460,-1.523646
451,4188,2.888317,-2.504286,-2.861047,3.864917,0.234609,-3.077652,-3.831862,1.755616,0.210047,3.547905,1.886275,-1.342621
451,4189,1.520206,-2.259758,-1.682064,0.542093,-1.230647,-1.822172,-2.216645,2.757290,0.376318,3.212208,1.338653,-0.650319
451,4190,1.710936,-1.567996,-2.661372,1.902220,-0.555040,-1.511216,-4.536234,3.259859,0.334442,2.695962,0.714781,-2.166576
451,4191,1.919068,-2.526476,-1.197160,-0.554923,-1.711385,-0.190171,-2.856032,2.854669,0.249210,2.108997,1.301573,-0.125569
451,4192,2.344550,-2.324086,-1.577126,2.454991,-0.722808,-4.573579,-0.960092,2.974778,0.679607,4.054216,1.312338,0.844241
452,4193,2.444687,-2.862939,-0.471224,-0.753170,-2.132889,1.587525,-1.515476,2.718930,1.360419,3.821436,1.410584,0.724251
452,4194,1.094860,-0.057578,-2.874790,2.865371,0.274660,-0.099483,-0.891456,2.750444,-0.021027,2.112366,1.948464,0.550401
452,4195,3.888440,-1.433238,-2.674074,0.019672,-0.788928,-3.424958,-2.381077,2.183113,1.126277,3.340574,0.937306,-2.157769
452,4196,2.047569,-1.204811,-2.956749,1.293370,-1.595129,-3.240855,-0.923134,2.081168,-0.487637,2.798985,0.686584,-0.692039
452,4197,3.517746,-2.262087,-1.719719,1.950572,0.343049,-3.729530,-1.900833,2.474674,0.574038,2.326459,0.934816,-0.823240
452,4198,3.383985,-2.306136,-0.817656,0.529899,0.389577,-1.649591,-4.186196,1.911172,0.397288,3.034291,0.985101,0.633114
452,4199,3.735394,-2.865793,-1.594184,1.629782,-1.943829,0.914098,-4.355145,1.998144,-0.369095,4.377793,1.484698,-1.003884
453,4200,3.651027,-1.908771,-0.245383,1.876661,-0.523411,-6.019143,-2.803328,3.241606,0.987206,2.769392,0.923731,1.536038
453,4201,2.124662,-3.411601,-1.728503,-0.337199,0.190534,-0.858812,-3.250691,2.539648,0.232900,3.851799,0.965569,-0.807272
453,4202,3.202542,-2.564714,-0.867359,0.984378,-1.329952,-3.331026,-2.675693,2.423386,0.453522,1.861989,1.166757,-0.011784
453,4203,2.286245,-1.850192,-1.112808,2.075540,-1.878884,-2.328522,-1.607667,2.076369,0.069972,2.865121,1.261810,-0.842021
453,4204,2.923551,-2.615088,-2.168395,1.962527,-1.076755,-4.105375,-0.762511,2.603516,0.509809,2.070371,1.336168,-0.018068
453,4205,2.800038,-1.421803,-1.544231,1.530937,-0.183994,-1.830620,0.298201,3.303778,-0.255699,1.583400,1.288388,-1.005097
453,4206,2.653334,-0.461961,-3.482927,-0.094179,-0.818520,-4.276945,-2.977964,3.139644,1.221467,2.624897,0.940556,-1.206177
453,4207,2.235025,-2.608607,-0.550176,3.460915,-1.542846,-3.448194,-1.389543,2.095885,-0.065665,3.938961,0.935076,-0.173707
453,4208,2.259943,-2.209971,-0.851730,0.189880,0.176288,-0.031000,-3.075470,3.230087,-0.409318,3.159878,1.732687,-0.337631
453,4209,1.632611,-1.878385,-1.742278,2.018418,-0.494215,-5.324161,-1.085957,1.657187,0.959220,2.794653,0.493817,-1.180170
454,4210,41.033527,-0.086263,-2.657783,409.272512,-3.498785,-380.792417,-0.213683,288.648731,63.248087,3.952538,0.148128,-0.220794
454,4211,156.710956,-0.167440,-2.113842,-87.405007,-3.672462,-611.863137,-3.018837,343.864741,214.245922,4.586061,0.847495,-2.294981
454,4212,209.097244,-0.221256,-1.205986,231.102107,-1.930453,-1010.680626,-3.727411,67.790693,175.051316,5.052520,1.257340,-1.826726
454,4213,168.174002,-0.075198,-4.317889,-91.923147,-3.475731,-392.497070,-0.332773,367.065631,-104.580688,3.947200,0.759384,0.675963
454,4214,93.349889,0.085177,-3.333912,9.771758,-3.901427,-965.299466,-2.040087,179.512070,13.734344,4.478236,0.916475,-1.217711
454,4215,53.709257,-1.486230,-2.840204,-225.924412,-2.631274,-633.474270,-0.795995,190.848029,216.421419,5.152183,0.748430,0.042519
454,4216,16.825995,-1.036962,-4.724027,-122.446749,-3.909214,-182.605477,-2.044242,72.458074,157.651262,4.712908,0.332572,0.653425
455,4217,124.769084,-0.489401,-3.490087,-343.782232,-2.210424,-355.407003,-3.687519,366.075785,-168.662739,5.871412,0.601671,1.077310
455,4218,97.335578,-0.474569,-3.332338,226.270886,-4.821816,-332.817843,-1.154461,292.374994,192.669525,2.780679,0.923204,0.710343
455,4219,136.932603,0.217125,-3.978271,-211.866633,-3.320207,-935.373195,0.101754,192.743461,-173.071945,4.748087,0.027754,-0.957669
455,4220,155.017343,-0.409080,-1.948582,25.065381,-2.806354,-1248.203763,-2.915216,285.777595,0.808977,3.803415,0.901049,0.020521
455,4221,116.826071,1.233288,-3.527490,107.161225,-3.764379,321.129046,-2.754471,165.579912,-305.359502,3.961627,0.783385,-0.563180
455,4222,182.813607,-0.592356,-1.512064,176.701304,-4.285859,-561.664658,-0.810769,367.555877,228.902360,3.788539,1.333268,1.759892
455,4223,211.592552,0.008741,-2.219014,-75.710543,-3.811710,-444.226245,0.192721,237.539143,-68.800964,5.218914,0.302524,-1.487435
455,4224,97.154753,1.006853,-2.059737,6.236966,-2.570634,-776.219072,-2.601025,377.146730,47.361140,4.141153,0.456413,0.639192
455,4225,202.618123,-0.581563,-1.491226,-136.498741,-1.311751,-317.365494,-1.158450,182.243899,90.185400,3.071379,0.871563,-0.461702
455,4226,82.987514,0.128179,-3.791938,-313.891469,-3.034241,-70.816385,-2.000575,300.765867,29.424793,4.961401,1.041951,-0.601171
456,4227,2.863703,-2.094033,-0.933749,-2.930735,-0.898555,-1.857748,-2.137156,2.452041,0.426351,2.695173,1.674267,-1.474949
456,4228,3.616444,-0.507490,-1.923098,-1.207675,-1.318128,-3.997627,-3.194517,3.265668,-0.479132,3.455677,1.514265,-3.030876
456,4229,4.264802,-3.621300,-2.472046,0.358142,-0.937954,1.895802,-2.666623,1.896798,0.108887,4.024432,1.572981,-0.894710
456,4230,1.600740,-2.749200,-2.265686,0.636168,-0.996662,-4.513707,-4.077307,2.783170,0.733605,2.640484,1.160229,-1.633216
456,4231,1.306327,-2.167872,-2.564668,-1.187583,-0.544642,0.063332,-3.135576,2.670599,0.580686,1.978675,0.624302,-2.681293
456,4232,2.312914,-2.582419,-2.692128,-1.843192,-0.421882,-3.479395,-4.637413,0.775086,0.942834,3.177021,1.676770,-0.646807
456,4233,3.049716,-2.472385,-3.430441,0.292049,-0.211498,-4.645637,-3.412244,1.655374,0.060839,2.377071,0.319902,-0.338467
456,4234,1.416717,-1.343613,-3.494275,0.970414,-1.421485,-7.012310,-1.657610,3.062789,1.116059,4.186354,0.982974,-0.865574
456,4235,2.448245,-1.727170,-3.623262,-0.614724,-0.479232,-2.138159,0.297957,1.365951,0.858530,1.819740,1.009101,-0.772426
456,4236,1.999441,-1.849134,-1.686876,-1.486991,-0.447788,-1.648591,-1.212748,1.934026,0.727727,2.554125,0.718545,-0.453890
457,4237,189.074775,-1.561273,-2.598488,146.952790,-3.204083,-524.857177,-2.819453,147.201125,190.635167,3.720759,0.974027,-0.559431
457,4238,196.312130,-0.614044,-2.582884,163.396390,-3.717374,-475.924413,-2.617498,259.054549,-13.642608,3.693518,0.293145,1.238163
457,4239,118.739612,-0.428726,-2.501585,428.378668,-2.983669,-852.786147,-2.064947,273.163789,15.753547,2.804446,0.327663,1.742973
457,4240,167.833323,-0.853839,-3.741449,-103.029185,-3.201203,-419.721018,-3.257470,331.985096,223.158437,4.588757,1.215027,-0.648041
457,4241,236.332823,-1.113584,-0.879669,-208.525296,-2.861503,-372.249995,-2.450765,270.070082,278.869089,4.085823,-0.432081,-0.422412
457,4242,105.364115,-0.210081,-3.050913,167.404717,-4.223578,-1157.697629,-4.454749,402.723025,180.487657,4.880021,-0.250312,1.544417
457,4243,221.186356,-0.019165,-2.852948,52.641965,-2.742914,-230.768025,-1.887003,351.832991,131.265753,4.670299,0.677433,-0.595932
457,4244,193.272920,-0.090393,-3.416822,-110.919182,-3.316672,-715.792049,-0.414360,226.550977,-19.297677,4.269741,0.440770,-0.979342
457,4245,152.621057,0.438369,-4.494037,85.031941,-3.140443,-506.221688,-2.133986,231.921633,-59.541772,4.776706,0.113843,0.048337
457,4246,199.078764,0.850397,-3.653006,499.832784,-3.253536,-740.062458,-2.281037,201.135287,21.916684,4.183619,0.949336,0.641670
458,4247,354.948935,-0.978256,-3.169072,28.505404,-2.100420,32.623238,-2.504225,322.302300,76.433688,4.649271,2.555769,-0.215084
458,4248,230.232911,-0.257724,-3.629830,-124.906096,-4.280115,-680.416674,-0.356393,335.937143,159.684004,3.991341,-0.088362,-0.563181
458,4249,108.326859,-0.938973,-0.827274,-145.549272,-2.537328,-1084.240258,-4.495641,239.598115,120.616851,4.578476,0.469259,-0.571929
458,4250,225.622499,-0.755853,-4.029436,164.695980,-3.265281,-1767.554782,-3.082161,141.955516,-10.260697,5.501174,0.911178,-0.364263
458,4251,172.270259,0.503041,-2.626919,350.443218,-1.341794,-193.108882,-1.074241,285.312564,-11.883046,5.117209,0.800186,-0.618420
458,4252,44.752420,-0.396290,-3.057937,-167.781685,-3.064412,-1012.092860,-0.666133,269.483959,151.928862,3.882792,0.326222,-0.794705
458,4253,265.929168,0.337889,-2.892370,-66.845407,-3.375246,-805.158177,-1.733128,226.048582,-29.517069,4.427760,1.251595,-1.198499
458,4254,159.507496,-0.164548,-0.768905,161.330426,-4.200148,-199.619809,-2.428940,108.467282,22.045357,3.726593,0.760784,-1.863973
458,4255,246.532977,1.582405,-2.522607,125.567357,-4.257543,-942.659786,-1.496573,218.844989,-1.757746,4.518422,0.859954,0.367612
458,4256,191.604123,-0.056167,-1.400247,196.990618,-2.750392,73.670524,-4.012505,179.305472,-36.153098,4.796587,0.256609,-0.737308
459,4257,4.067520,-1.150706,-2.528365,3.033919,0.134821,-2.103825,-1.891151,1.619835,0.060932,1.963058,0.062214,0.785522
459,4258,0.483022,-2.000788,-2.501565,-1.586502,-1.268315,-1.328964,-1.296573,0.454698,0.976946,1.775143,1.755135,0.340268
459,4259,1.287751,-2.243972,-2.197972,0.351337,0.287076,0.671033,-3.476185,2.010380,1.150756,3.716672,0.608292,-2.864709
459,4260,1.816885,-2.563923,-2.363180,-3.148119,-0.181821,0.424553,-1.184456,3.610764,0.333335,2.417580,0.748108,-2.614878
459,4261,1.534498,-2.236365,-3.811104,1.736221,-1.690987,-0.500259,-2.512657,2.745183,0.566314,2.069654,1.305716,-1.642029
459,4262,2.977680,-1.964353,-2.595359,-2.453660,0.021802,-0.012981,-3.295851,1.731279,-0.385497,3.695583,1.583749,-0.489278
459,4263,1.763774,-1.868384,-1.614533,-2.043483,-2.115777,-3.132649,-2.520357,3.494005,0.356218,3.034202,0.282621,-2.191361
459,4264,2.655402,-3.271590,-0.481631,5.006570,-0.156053,-5.628240,-2.815284,2.426653,0.775752,3.465273,0.231223,-0.981747
459,4265,2.924450,-0.822823,-0.948028,0.925040,-0.054500,-0.912549,-2.480398,1.554695,-0.170570,1.938509,1.146372,-0.285329
459,4266,3.242358,-2.120331,-3.480505,-2.691315,0.321363,-3.767112,-1.521916,2.460366,0.883026,2.977660,1.210427,0.046707
460,4267,1.930268,-1.597252,-1.826947,-1.189599,-1.385607,-2.004325,-1.786593,2.352770,0.720429,4.027621,0.732856,0.230381
460,4268,2.485032,-2.323004,-2.398996,0.627223,-0.626855,-4.063008,-2.056574,2.052135,0.977438,1.903992,1.017533,-1.094401
460,4269,2.334612,-1.825478,-3.057277,0.036008,0.249485,-2.438929,-2.887265,2.723387,0.545062,2.655820,0.767172,1.061045
460,4270,1.873431,-1.735705,-2.884779,1.888177,-0.286702,-7.755532,-1.733609,2.282700,1.118794,1.827028,0.929282,-2.401482
460,4271,4.121223,-1.089019,-1.644351,1.048772,-1.494110,-2.579400,-2.978646,1.286900,0.039652,3.106488,0.096600,-1.960259
460,4272,1.195538,-1.324432,-2.919800,1.098767,-1.669380,-1.525929,-3.016809,1.355238,-0.363155,3.161463,1.070671,-2.720201
460,4273,1.804426,-2.431465,-2.341196,3.590633,-1.527953,-2.706902,-0.390548,2.190392,0.868311,2.621018,1.524471,0.539441
461,4274,1.846631,-2.798956,-2.856325,2.073278,-0.078710,-1.769686,-1.192101,2.212882,-0.083425,2.649124,0.253877,-2.648343
461,4275,4.874278,-2.578227,-4.191924,0.002751,-0.534664,-2.384978,-2.350715,2.943958,0.677348,2.978302,1.298263,-0.260139
461,4276,1.427244,-2.544264,-3.305941,1.223379,-0.738362,-4.709115,-0.830151,2.106561,0.681966,3.662367,1.076901,0.438717
461,4277,2.918270,-1.324127,-1.355165,2.119860,-3.342090,-3.027544,-2.997642,1.623230,0.126993,3.136595,-0.290218,-0.051283
461,4278,3.430253,-2.484399,-1.715743,-2.273114,-1.415317,-2.871333,-2.579425,1.201916,1.813232,3.568870,1.553810,-2.172820
461,4279,2.475050,-1.591158,-0.996508,-0.892707,0.534351,-1.596738,-1.289947,0.546230,1.118643,2.716964,0.831894,0.238717
461,4280,3.088819,-2.059074,-1.953889,0.942441,-0.286821,-1.326038,-1.277125,2.248380,0.584003,2.395691,2.144276,0.165582
461,4281,1.948092,-3.094023,-3.559479,1.159810,-0.544421,-5.478843,-3.529961,1.021791,-0.563874,4.040070,0.577127,-0.848491
461,4282,0.772383,-1.785477,-0.903887,3.714755,-0.743134,-2.808450,-1.503416,2.650941,0.482739,3.140532,1.275727,-0.199569
461,4283,2.196121,-2.008607,-1.568669,1.864422,-0.388974,-3.341174,-3.373623,2.028598,0.655123,3.574593,1.392860,-1.375717
462,4284,3.285824,-1.575783,-2.993518,-1.962362,0.605456,-3.096295,-3.073969,2.316346,-0.009482,3.242514,1.439059,-0.211654
462,4285,1.923611,-3.049151,-0.543698,-1.791907,-2.213682,-2.684684,-2.410503,0.857525,-0.368035,3.054782,0.766404,-1.987338
462,4286,1.204685,-1.860716,-1.360345,0.845801,-0.762717,-1.602802,-2.442037,1.531451,1.922128,2.759408,1.977927,-0.286539
462,4287,4.512299,-2.003635,-1.694829,0.926759,-0.508369,-2.428110,0.912668,1.500116,0.988645,3.209201,0.526088,0.733560
462,4288,-0.499006,-2.396922,-0.892223,-0.812747,1.065933,-3.215017,-3.173992,2.152408,-0.274759,3.315751,1.130563,-2.306708
462,4289,1.948045,-1.957547,-3.369165,-1.258917,-1.633910,-0.539150,-0.516780,4.086107,-0.228062,2.424908,1.446205,-0.471486
462,4290,0.898407,-1.609669,-1.188948,-0.792888,-0.506415,-5.342485,-2.793227,2.854229,0.465550,3.599112,1.280152,-3.159158
462,4291,2.116245,-1.759097,-2.043305,-1.169549,-0.992784,-0.209889,-2.701390,2.391045,0.631380,2.470158,1.856698,-2.138553
462,4292,0.422136,-1.835316,-2.626275,2.257635,-0.512655,-4.084015,-1.455329,3.447554,-0.179475,4.285034,0.918517,-3.739892
462,4293,2.917799,-2.954783,-3.506330,-0.042454,-0.085622,-0.616304,-2.726196,2.331584,0.373312,3.401622,0.874716,-3.020063
463,4294,134.445578,-0.446884,-3.539704,-266.914798,-2.237253,-828.551588,-0.677951,148.197488,206.090330,4.501167,0.924918,1.522461
463,4295,109.193100,0.320687,-2.049492,142.627601,-2.635552,-724.348908,-2.805095,131.235715,48.872972,5.189183,1.534703,-1.418379
463,4296,205.955543,0.228324,-4.273574,320.591763,-2.664798,-1165.777408,-2.734866,210.974903,196.048149,4.042300,1.194748,0.607861
463,4297,154.087220,-0.457451,-3.493649,61.234490,-3.272831,-596.214206,-3.552926,177.947432,213.502571,4.020324,0.644466,0.719909
463,4298,128.270049,0.301988,-2.865739,216.721523,-3.039021,-1194.032568,-1.855185,256.806808,254.241304,4.967852,0.631257,0.086185
463,4299,250.122845,1.103218,-3.709854,-335.421583,-1.913121,-480.708572,-1.370773,152.563398,53.337213,4.414172,0.854178,-1.887651
463,4300,229.434016,-0.622972,-2.639813,-95.849253,-3.757896,-218.600507,-1.721723,309.463027,258.781376,4.328802,0.529838,0.731348
464,4301,188.939705,0.887912,-2.644785,162.679686,-3.902115,-670.365076,-1.204709,225.133994,-34.250630,4.303082,1.455669,1.101776
464,4302,178.241600,-0.822295,-3.325711,257.880191,-3.839445,-353.519013,-1.798044,196.200525,294.863048,5.112538,0.451905,-1.514672
464,4303,233.449713,-0.111926,-3.092149,159.984289,-3.309799,-885.215445,-2.795597,338.653603,14.064173,4.111406,1.125477,1.957824
464,4304,264.930926,-0.272241,-3.941772,287.815055,-3.399140,-416.866851,0.739493,418.967467,16.977302,4.949888,1.043190,0.692849
464,4305,157.180522,-1.263216,-3.274436,-35.990854,-2.842593,-892.455428,-0.850145,235.074369,78.272723,3.672100,1.295526,2.124702
464,4306,260.474076,0.318335,-2.402944,270.872748,-2.644434,-734.214991,0.725917,380.822117,105.360873,3.454064,0.888062,-0.372767
464,4307,218.578882,0.256488,-1.995797,233.184140,-3.053078,163.961740,-1.657223,292.459352,61.662498,4.059593,1.255932,-1.375210
464,4308,172.520784,0.436567,-1.731338,287.772819,-4.778437,-1196.763026,-1.891699,309.001631,-42.409614,4.427385,0.140979,-1.448315
464,4309,189.269971,0.651111,-2.333276,-24.271952,-2.687321,-334.744213,-4.291287,200.214964,-61.564689,3.873611,0.184969,0.420054
464,4310,213.020399,-0.310209,-2.233248,-116.049220,-4.614056,-444.670548,-0.442745,194.096185,140.456358,4.664901,1.358886,0.916328
465,4311,130.687777,-0.068883,-2.042661,68.626926,-3.504445,-1146.626111,-0.493515,273.238007,46.397559,4.656553,1.003008,-2.069995
465,4312,178.420817,0.460181,-3.870366,161.079691,-3.808510,-315.882191,-3.866709,224.456236,80.851998,4.111996,0.361223,-1.067875
465,4313,213.672554,-0.712035,-2.816174,-88.356297,-2.698694,-978.272804,-1.613946,470.092694,154.865696,2.923041,0.522350,1.738142
465,4314,207.896099,0.236580,-3.649836,-76.345047,-2.543032,405.148832,-4.101520,240.524252,230.473074,5.306087,0.517802,-1.476259
465,4315,149.199914,-0.735332,-2.484903,-149.592135,-5.034663,-523.687657,-4.284682,141.415113,59.165604,4.578851,0.216761,-0.639360
465,4316,122.581218,-0.753702,-3.268622,345.683626,-3.543942,-513.635829,-3.233879,311.827072,27.682729,4.871559,1.078367,-0.211966
465,4317,186.530863,0.131546,-3.721405,-132.915407,-3.400239,-707.074164,-3.920206,342.818119,-42.188853,5.248688,0.660984,-0.579068
465,4318,191.310000,-0.115600,-3.516684,484.595759,-3.861253,-1039.431220,-1.519470,287.222606,54.448401,3.826678,0.366701,-0.171146
465,4319,147.351829,-1.224219,-2.179634,297.119106,-2.611463,-574.868920,-1.549921,149.254003,198.231626,4.672288,1.170832,-1.331805
465,4320,197.134867,0.487661,-2.880468,430.843605,-4.640804,-361.272145,-2.334172,247.859587,300.778333,4.913446,1.213390,-0.326889
466,4321,76.744502,0.964094,-2.294223,154.354244,-4.074619,-702.200264,-2.028029,230.428704,-98.562988,3.457192,0.918256,1.539424
466,4322,288.763994,-0.496666,-2.749093,-289.085535,-5.487533,-546.008532,-1.099147,190.969908,56.047403,4.306116,-0.337243,-0.202973
466,4323,176.841355,-0.165449,-4.837725,-248.427657,-3.940363,-451.577349,-3.314293,278.015294,40.615635,4.408877,0.158961,0.783550
466,4324,51.629549,0.000033,-4.487841,198.520691,-3.457786,-1271.876791,-1.433888,395.131074,125.705270,4.894244,0.548186,0.381510
466,4325,166.720220,-0.908723,-0.739252,-139.923845,-2.730317,-1387.869541,-2.659036,383.626618,114.099780,3.004397,0.292000,0.259037
466,4326,200.260157,-0.685188,-3.144580,167.123853,-3.869901,-873.541290,-3.581153,395.232460,-249.936817,4.447445,1.067966,-2.178064
466,4327,209.672747,0.422380,-3.596374,37.676593,-3.829931,-405.539289,-2.581796,202.360946,283.361505,3.056230,0.936467,-0.540690
466,4328,205.805537,0.253354,-2.336821,366.590568,-4.837591,-139.123135,-3.112037,246.427206,-155.655292,4.506813,2.242509,0.998754
466,4329,-0.466981,-0.147941,-3.727138,-52.401131,-4.199076,-624.203600,-1.211053,320.142250,283.374346,3.967733,1.577676,-0.677715
466,4330,196.844374,0.471847,-2.582971,28.148116,-3.386027,-356.594123,-3.036521,232.573172,-27.495484,3.883026,1.219477,0.000024
467,4331,3.480410,-2.247496,-1.596244,3.352030,-0.961529,-3.254866,-1.938936,1.383024,-0.049139,3.063060,0.196836,-0.055529
467,4332,2.855611,-4.228993,-0.147890,2.530507,0.350251,-1.156920,-3.045541,1.916133,0.812538,3.687554,0.086723,-0.762567
467,4333,1.402524,-3.044806,-2.011461,0.774531,-0.631135,-4.352788,-2.153386,3.434555,-0.035302,3.937650,1.810782,-1.922933
467,4334,4.648172,-2.552907,-0.153552,-0.509966,-0.522367,-0.143749,-3.771458,1.089157,0.038282,2.646512,0.743674,-0.527196
467,4335,1.570907,-1.678599,-2.074523,-0.732407,0.224365,-4.422906,-1.587308,3.270372,0.821687,3.305221,0.566350,-2.160766
467,4336,1.342224,-2.010371,-4.347562,3.024769,-0.386450,-2.307043,-1.756350,2.699518,-0.122492,2.656741,0.609496,-3.260247
467,4337,0.262373,-2.062656,-2.104913,2.814653,1.154641,-2.053691,-1.362018,2.607659,1.269898,2.650914,0.562140,0.128014
467,4338,1.917068,-2.846148,-2.642705,1.153945,1.613326,-3.749258,-1.474349,3.576304,1.397982,2.489923,1.612655,-1.048098
467,4339,2.066156,-2.044466,-2.844530,4.124350,0.907589,-1.773567,-1.823228,4.531707,2.077896,2.366402,0.489776,-1.434386
467,4340,2.857008,-2.599315,-2.042349,-3.419116,-1.193494,-5.723437,-2.672888,1.024853,0.206267,3.243919,1.050405,0.811560
468,4341,246.777849,1.243791,-3.160475,261.592189,-3.341849,-648.015255,-2.056404,259.066765,168.773380,2.686983,0.278098,0.042346
468,4342,225.607367,0.432260,-3.595808,14.798301,-2.718761,-1091.908570,-2.689114,144.108246,150.892986,4.570175,0.804192,1.253676
468,4343,191.321870,-0.361847,-2.552714,284.779554,-3.833440,-1499.436153,-0.019806,257.611827,-25.451016,4.746879,1.286306,1.372414
468,4344,222.362900,0.037747,-3.068203,-138.526526,-2.662997,-1841.817749,-2.617203,165.193853,53.301808,4.558953,1.540780,-2.196672
468,4345,168.805765,0.630705,-2.573472,-91.091216,-2.085685,-806.565573,-5.952342,410.765162,69.884700,3.371393,0.041809,0.098204
468,4346,267.490164,-0.405602,-2.465271,-67.317452,-4.674805,-832.723361,-3.180401,303.324968,-31.685081,4.696907,1.275733,0.420314
468,4347,130.976426,-0.716168,-2.644046,354.450916,-4.292192,-157.133366,-4.091085,59.033154,36.277062,3.329798,0.780757,1.129817
468,4348,154.061036,-0.320095,-1.034597,382.395273,-2.584887,-46.125666,-1.525345,66.323920,118.586157,5.670305,0.515463,-0.962980
468,4349,161.158403,0.547486,-3.832840,22.694515,-4.620104,-471.100693,-2.060834,89.987107,-15.085658,5.608502,1.620513,-1.285324
468,4350,215.845747,-0.462820,-1.969108,319.832681,-4.035430,-1037.037935,-2.316628,248.511590,81.878428,5.247009,2.019415,-0.530319
469,4351,2.563069,-2.969545,-2.071397,-0.691980,-1.135302,-0.793648,-1.054365,3.647152,-0.287382,3.779221,0.129008,-0.261224
469,4352,1.915323,-2.917108,-3.406256,0.633638,0.738641,-3.402025,-1.191799,1.540723,0.753364,3.548209,1.514734,-0.829468
469,4353,2.946715,-1.148746,-1.833369,-1.981717,-1.189047,-5.399086,-2.232138,1.357655,1.212630,1.492055,1.271016,0.864443
469,4354,2.396480,-0.645343,-2.732513,-0.320490,-1.184886,-3.886445,-0.905800,0.785331,0.428582,2.467373,0.993726,-1.346938
469,4355,3.215184,-1.566658,-1.417062,0.548338,0.285387,-2.234004,-3.145871,2.515378,1.057755,3.406372,0.120289,-2.321426
469,4356,3.627615,-1.709461,-2.508819,1.236610,-1.485892,-5.139855,-1.314577,1.991571,0.369867,4.102546,0.661010,-2.561016
469,4357,1.428463,-2.486577,-2.161923,2.706087,-0.494153,-4.530870,-2.276685,1.522155,-0.017143,3.614364,1.082751,-0.655060
470,4358,1.927111,-4.217204,-1.408490,-0.544776,-0.642580,-3.772833,-2.466881,2.069778,-0.023937,3.148165,2.509131,-1.553352
470,4359,2.285659,-2.055533,-0.428347,-1.135480,-0.819971,-2.075009,-2.557170,2.527077,0.918419,2.376570,2.425837,-1.217613
470,4360,-0.086211,-2.876313,-3.396792,1.314651,-0.910000,-2.001893,0.408335,1.500642,0.711643,3.119461,0.996748,0.571417
470,4361,1.421309,-1.432055,-1.025545,1.237744,-0.068234,-1.032388,-1.697187,3.456166,-0.252925,2.619993,0.729191,-0.306680
470,4362,2.499415,-2.453866,-3.254677,0.782250,-1.613334,-2.722036,-1.935596,1.432264,0.384399,2.778081,0.900905,0.583234
470,4363,3.251358,-2.206969,-2.837002,3.386501,-0.427008,-1.654813,-3.261609,3.064815,0.421236,2.184393,0.662702,-3.606918
470,4364,1.356229,-2.209811,-3.002182,-3.714890,-1.221986,-3.714315,-1.420562,3.710490,0.857040,2.149461,0.652509,-0.528279
470,4365,4.033643,-2.639076,-2.134848,-3.001479,-1.484084,-4.455774,-4.546420,1.603167,-0.590760,3.150306,1.362121,-0.793933
470,4366,2.349645,-2.686005,-1.646763,0.052359,-1.359567,-1.525303,-2.115097,2.399023,0.113759,2.478624,1.267916,-0.391215
470,4367,3.449006,-2.323779,-1.030748,-1.175035,-1.255229,-0.612206,-1.339851,2.424829,-0.203065,2.706625,0.936390,-1.846994
471,4368,0.471125,-2.671884,-0.717885,-0.820128,0.122712,-4.345727,-2.494756,2.376673,-0.192070,2.666570,1.100822,-2.334196
471,4369,1.360323,-3.200552,-1.726758,1.486211,-0.770206,-1.310567,-2.729154,1.928967,-0.079354,2.575675,1.001394,0.231460
471,4370,0.108305,-1.996450,-2.924713,-0.251787,-1.037500,-3.447287,-3.315884,2.137049,0.662193,3.893574,0.593132,-2.624495
471,4371,4.250601,-2.251757,-3.026308,-0.442428,-1.083707,-2.355530,-1.657288,1.269964,1.125624,3.244305,1.432347,-1.492747
471,4372,3.147436,-2.050965,-4.082800,0.873295,-1.139196,2.151192,0.270481,1.892133,0.542702,3.180254,2.167764,-1.715541
471,4373,1.603731,-0.809964,-2.440610,1.990809,0.115397,-5.286915,-3.270293,2.221673,-0.360818,2.525943,0.346527,-1.670102
471,4374,3.196060,-2.452690,-1.870624,0.184278,-1.296572,-1.902688,-1.282342,2.448831,1.545537,3.973359,0.622089,-1.665889
471,4375,2.616209,-2.140690,-3.103872,-0.571728,-0.431737,-3.765742,-3.012101,3.425841,0.898516,2.118525,0.920601,-0.689913
471,4376,1.692508,-1.579015,-1.329042,-0.622156,-1.124300,-0.080537,-1.284050,2.114237,1.925628,2.624752,1.111432,-1.058627
471,4377,2.501701,-1.387883,-2.603585,-0.009967,-1.199067,-3.512591,-1.248393,1.894594,-0.628218,2.058395,1.476790,-1.922397
472,4378,145.736331,0.696004,-3.431326,-33.142060,-2.441920,-322.921601,-4.142571,292.192651,255.917806,4.565111,0.398170,0.803619
472,4379,258.094147,-1.240884,-4.870048,612.965203,-3.070509,-193.217989,-1.508689,314.735667,337.854538,4.417609,1.051805,2.407743
472,4380,245.824396,2.438907,-3.674529,432.979748,-2.727712,-432.311452,-2.554370,171.684506,170.406392,4.189349,0.710505,0.359532
472,4381,187.906615,0.226320,-4.045919,300.621207,-2.215609,-652.898983,-1.936746,300.537223,-17.422001,4.386040,0.998139,-0.907757
472,4382,258.234434,0.077482,-1.407083,-165.240435,-1.705095,-537.551537,-1.511861,348.469245,204.709388,4.903899,1.186277,0.277049
472,4383,114.158903,-0.790968,-2.876905,50.908977,-4.175130,-1036.052804,-2.679919,276.721191,-102.302222,4.151610,0.871976,-0.153152
472,4384,169.912388,0.439838,-4.293760,-158.769725,-4.555139,-688.405057,-1.495750,285.302962,-77.064664,4.271920,0.890104,1.333105
472,4385,179.477584,-0.832969,-3.560339,-222.226432,-4.682739,-445.028722,-2.023353,351.919109,-27.169899,4.008363,0.452105,1.963067
472,4386,87.262480,0.439712,-3.700203,152.286204,-3.519668,-1479.034294,-1.613886,283.539731,418.999500,4.779450,0.433407,0.809570
472,4387,161.614840,0.076185,-3.188115,132.770161,-2.929146,339.926592,-1.292559,418.691238,20.720387,4.161317,1.298730,0.707168
473,4388,1.959411,-2.064687,-2.059581,3.461722,-2.523807,-5.044827,-3.051380,2.247667,0.633308,3.103241,0.835218,-0.760915
473,4389,3.170701,-1.828609,-2.679095,3.385979,-0.558943,-1.743933,-4.298754,1.561491,0.569308,3.352143,1.480346,-2.065427
473,4390,3.775061,-2.293007,-1.810381,0.923174,-0.700046,-2.994981,-2.959439,1.234774,0.207237,3.332951,0.827576,-0.301917
473,4391,1.289169,-1.531998,-1.370385,0.579022,-0.398319,-1.145339,0.410914,2.760794,0.685434,3.018268,0.530433,-1.821104
473,4392,4.527335,-2.413752,-1.531880,-0.808881,-1.490966,-5.103566,-1.585033,2.545700,0.366474,3.374702,0.960856,-2.673660
473,4393,2.616506,-1.363747,-1.605261,0.372432,-0.174743,-4.082700,-2.747657,2.342928,-0.285263,2.017307,0.199554,-0.311652
473,4394,1.615133,-3.526034,-3.564168,-0.211632,-1.205035,0.897026,-2.741476,1.730911,1.101557,3.440161,0.675867,0.454844
473,4395,4.178918,-2.853287,-4.276574,4.765321,-0.843013,-2.084902,-1.231107,2.099101,0.000839,2.620070,1.130498,-0.449131
473,4396,2.963062,-2.248469,-4.167475,0.955218,-1.022307,-3.205246,-2.028027,1.463085,0.217996,2.600330,1.376061,0.129105
473,4397,3.580069,-3.217630,-2.660059,2.310175,-0.005792,-4.184363,-4.966732,1.836020,1.106977,3.324033,0.813606,-0.433676
474,4398,210.371313,0.958029,-3.586047,10.265994,-3.148204,-601.557819,0.233154,301.689212,41.001819,4.722429,0.496162,-1.249671
474,4399,88.841198,0.325883,-1.644842,-198.355073,-3.342742,-228.211098,-3.405510,367.677908,288.299661,4.240885,0.858698,-1.602009
474,4400,174.839374,0.323819,-3.337303,169.091772,-2.284415,-670.709544,0.186645,410.065398,69.192690,4.868419,0.965992,-0.438307
474,4401,182.884510,1.241115,-3.531701,62.050924,-1.639350,-631.399719,-0.763527,409.206831,87.191954,4.086969,1.237602,0.506916
474,4402,139.691150,0.230797,-4.728788,-142.693329,-2.842188,-1239.675997,-5.198291,395.863123,189.963348,3.623359,0.773241,-0.080450
474,4403,80.123374,-0.437665,-3.071933,-4.002221,-2.902922,-1392.719382,-2.132911,91.895460,337.171847,4.550731,-0.658888,-1.104497
474,4404,183.247637,-0.362731,-1.246054,-330.493072,-2.671639,-243.330359,-4.447553,332.297838,46.594882,3.786268,1.316415,-0.587066
474,4405,205.770373,-0.365115,-2.107383,5.717005,-4.209961,-1073.223064,-2.267225,236.177099,251.227201,4.247972,1.507788,-0.672466
474,4406,158.149091,-1.172265,-3.923020,-117.594700,-3.381557,-376.310130,-2.378746,277.538363,3.959437,3.829316,0.171123,-0.691225
474,4407,96.871005,0.053637,-2.996097,194.880073,-2.960924,-748.081424,-1.204833,172.935852,130.000324,3.234150,0.299259,0.097690
475,4408,248.460206,-0.140956,-4.559388,280.551270,-3.025287,-378.471619,-4.722177,276.394625,-90.253423,4.803160,0.981765,0.375125
475,4409,58.933964,-1.173300,-1.899523,419.162531,-4.967730,-600.401060,-3.051953,168.317012,179.862351,4.779152,0.553223,-0.289592
475,4410,124.178306,0.059560,-2.785930,263.078549,-3.793935,-680.809408,-0.804791,321.412592,196.521528,5.732496,0.486001,0.625958
475,4411,170.531020,0.288550,-2.672487,-226.166982,-2.535818,163.487832,-2.223699,128.489368,395.982432,4.210882,1.546378,-1.432574
475,4412,81.372351,-0.481509,-2.279964,87.841110,-3.295654,-316.959679,-3.864062,308.546764,63.125447,2.930465,0.881724,0.397561
475,4413,100.265737,-0.423337,-3.876459,29.024631,-3.118041,-80.503207,-1.315598,428.994571,338.633720,3.974004,0.107079,-0.264167
475,4414,173.486298,-0.026857,-1.961950,159.501968,-3.190105,-862.637091,-1.531567,327.922311,30.428416,4.140440,0.681309,0.864227
475,4415,89.678734,-0.401163,-2.415130,-70.094683,-2.421991,385.169828,-2.065236,203.754005,14.466784,3.334476,0.973915,1.377186
475,4416,24.447737,-0.234486,-3.296314,49.422095,-2.542383,-396.178611,-2.701789,371.062754,332.110715,4.467373,0.885503,0.097006
475,4417,153.272142,-0.571475,-2.338557,-169.130388,-5.017248,-1208.465242,-5.201945,296.085559,49.871000,3.871985,1.540136,-2.482878
476,4418,2.416613,-0.301879,-2.898563,-0.320412,-1.026724,-3.049142,-0.237614,2.371900,0.946388,2.941434,0.231836,-1.847812
476,4419,1.224255,-2.460456,-1.902099,1.198995,0.205018,-1.237424,-2.479129,0.855815,0.064182,1.883724,0.741772,-1.893652
476,4420,2.260996,-1.185240,-0.992575,2.539198,-0.958021,-2.416439,-0.870085,2.122996,0.176774,2.641849,1.190478,-1.589060
476,4421,3.230536,-2.423249,-1.883499,-0.020000,-0.413445,-3.865710,-3.686418,2.711617,0.194564,3.779507,1.087272,-1.800462
476,4422,1.823781,-3.090359,-2.065865,0.333820,-1.715354,-1.309752,-0.423668,1.900672,0.509979,2.671306,1.940173,-0.909214
476,4423,2.435708,-2.444108,-1.909495,2.338376,-0.270800,-1.756066,-2.294791,1.690146,0.912810,3.349785,1.439287,-1.346420
476,4424,1.836694,-2.593655,-3.443183,-1.320845,-0.097859,-4.365212,-2.611210,3.039919,0.623184,2.937953,0.527142,-2.215000
476,4425,0.444413,-2.659984,-1.237637,1.419891,-0.914514,-1.719722,-1.989526,1.611092,0.849812,2.354566,1.676219,-1.354896
476,4426,1.897009,-1.655715,-4.470463,-0.617640,-1.152239,-2.000191,-3.316466,3.630305,-0.346832,3.847671,0.821530,-1.914468
476,4427,2.116079,-1.692117,-1.473023,0.496240,0.383056,0.666619,-1.913430,1.445443,0.432332,3.840554,0.467269,-2.378498
477,4428,236.788282,1.323065,-1.455115,203.266521,-3.131795,-578.001450,-3.736206,83.882509,242.788942,4.607146,1.627353,0.922787
477,4429,193.670607,-0.586171,-2.338446,-12.668848,-3.963284,-1311.415831,-2.248015,252.837997,307.462702,4.204494,0.322826,0.030216
477,4430,257.735651,0.683367,-3.045291,114.043161,-3.665948,-1126.870210,-2.473322,397.856111,177.341860,4.314268,0.710782,-1.488648
477,4431,310.492314,-0.152333,-2.732909,-283.511483,-4.095536,-160.630425,-2.711397,370.360228,5.477313,3.074739,0.836746,-1.536450
477,4432,207.486607,-0.156414,-2.846570,146.591533,-3.277973,-509.630307,-0.661039,176.554174,128.924199,4.382841,0.590221,-1.069566
477,4433,175.935340,-0.489716,-3.162477,133.203840,-2.592532,-894.128832,-2.404015,245.717468,116.126584,4.404588,1.255277,1.412633
477,4434,277.113710,-1.572259,-0.265353,-466.434677,-2.164145,-491.430891,-2.532623,385.226119,89.733599,4.363283,0.613754,0.418026
477,4435,240.892080,0.568626,-4.286025,221.335256,-3.204872,-691.869857,-2.506817,91.214388,219.814757,4.141195,0.315372,-0.660459
477,4436,229.629957,-0.559801,-4.019941,250.642188,-5.154185,-1129.366498,-0.293323,302.640043,184.213905,4.225044,0.321397,0.497538
477,4437,183.198187,-0.581731,-2.939466,557.662119,-2.735767,-709.075731,-3.196599,149.130536,5.342913,4.437658,1.698909,0.262719
478,4438,140.530832,0.216390,-3.488283,124.603971,-2.824195,-1043.646775,-4.776600,387.224979,40.258251,3.966306,1.805150,-1.523038
478,4439,238.936419,-0.231495,-3.304664,153.534062,-3.065272,41.317343,-1.547397,318.226365,-123.342991,4.948799,0.002833,0.444728
478,4440,217.836181,0.108109,-2.578251,78.749210,-3.414587,-2.373955,-3.504958,241.714253,-128.872620,3.173824,0.664323,-1.121294
478,4441,107.151273,0.767826,-2.000442,84.765788,-3.477282,236.449113,-3.930230,131.850293,369.706153,3.938827,0.228394,-0.329318
478,4442,170.258862,-0.736942,-3.214460,85.895711,-3.796779,-911.584577,-3.471274,212.837367,45.539295,4.271673,0.666266,-0.282042
478,4443,109.853313,-0.277797,-3.621068,-22.405980,-2.455727,-791.696720,-1.986321,459.424509,-34.511059,3.958986,2.863252,1.055053
478,4444,255.606703,0.363127,-1.053306,42.131707,-5.490256,-793.343549,-5.436162,82.578378,-157.957665,3.486585,0.523884,2.020497
478,4445,167.920137,-0.250905,-2.014807,-121.607227,-3.807963,-838.873034,-1.799318,345.569437,157.892462,4.238346,0.382191,-1.758867
478,4446,189.326938,-1.365006,-3.652307,221.441302,-3.883477,-516.375935,-1.117556,280.866177,144.609172,4.014038,1.815364,-1.154929
478,4447,56.398531,-0.260796,-3.524325,-42.213018,-3.105803,-406.645779,-4.982463,247.633059,29.959547,4.330709,1.494194,-1.230664
479,4448,69.564468,0.333686,-3.936548,28.187302,-1.500330,-233.620749,-2.457550,252.600968,157.152719,3.992138,0.969823,1.547752
479,4449,201.520918,-0.072531,-3.686707,-13.339100,-3.849098,-736.098994,-4.745562,211.523457,103.139923,3.567552,0.739090,0.285320
479,4450,188.609525,0.261572,-1.623527,18.123187,-2.516597,-342.168559,-4.631820,351.998439,138.212223,3.974175,1.238409,-2.589473
479,4451,202.769731,0.676377,-3.936263,392.069496,-3.674806,-844.048514,-3.538216,263.248428,-10.619277,4.361538,0.699438,0.959648
479,4452,288.552483,0.664796,-2.141115,76.068323,-1.783773,-1372.125977,-2.885519,319.916952,46.521784,4.182418,0.585720,-1.383017
479,4453,70.210599,-0.416548,-1.456068,-153.285773,-3.140340,-582.571708,-3.221135,229.964769,131.366758,4.250681,0.984504,-0.351401
479,4454,284.822987,2.280425,-3.849253,67.855144,-5.284372,-351.786110,-2.362005,372.752393,-10.052950,3.304352,0.788472,-1.159428
479,4455,47.249821,-0.760454,-2.606746,307.385547,-5.051017,41.878334,-2.024707,-30.671055,147.414218,5.561175,1.546245,-2.586912
479,4456,148.837367,-0.261469,-3.032939,244.286425,-3.806639,-1187.787322,-4.620958,311.128928,6.879962,4.186785,0.518777,0.121645
479,4457,173.473326,0.954727,-0.680342,129.359079,-2.890576,-615.528089,-4.645478,421.881149,289.914345,4.557029,-0.265792,0.494214
480,4458,144.449240,0.571379,-1.935825,269.344807,-2.179760,-272.975299,-1.050098,355.009208,251.251092,4.530744,0.640357,0.373249
480,4459,142.409074,-0.413908,-3.322701,-160.421989,-1.885883,-544.047522,-0.196170,396.271041,203.324273,3.857403,1.414203,3.372491
480,4460,228.357733,0.776746,-2.644987,250.850819,-3.573871,60.767328,-2.254048,224.514805,129.422295,4.792329,0.141240,0.022645
480,4461,206.864378,-0.472314,-2.535595,-77.025890,-1.453182,-658.614930,-2.459213,232.123901,316.486570,4.449735,0.993949,-0.501626
480,4462,240.834245,-0.160524,-0.910087,383.993384,-3.501407,-272.048925,-2.301245,144.389754,172.132258,5.523330,-0.307612,-1.484486
480,4463,201.220323,-0.421535,-1.536757,29.249065,-1.853317,-468.277617,-0.769992,198.323171,29.839976,4.211146,0.808898,-0.631384
480,4464,127.903881,0.075955,-2.757629,73.203763,-2.155899,-956.141958,-1.082130,132.868502,268.790031,4.091475,0.610001,0.478532
481,4465,235.800866,-0.034774,-2.762634,-64.748880,-4.004165,-1267.676160,-2.599605,127.584496,172.144845,4.981517,1.368461,-2.042635
481,4466,202.446241,0.410622,-3.007477,322.619006,-4.492413,-456.174040,-0.750889,270.855137,75.160856,4.559408,0.552243,-1.706668
481,4467,188.881745,-0.245363,-1.527207,284.592891,-1.753696,-770.981339,-3.136139,372.852681,185.384098,4.682973,0.008278,0.600145
481,4468,250.187378,-1.252553,-1.059545,287.578596,-2.838080,-109.018831,-2.094263,229.154509,-10.311336,4.228066,0.733293,-0.427017
481,4469,190.448850,-1.262723,-4.617725,144.958590,-3.340147,-575.310469,-2.936229,210.943160,-123.597520,3.373179,0.190198,-1.143774
481,4470,154.420896,-0.295066,-3.833473,131.079936,-2.701811,-389.767769,-3.077106,196.407873,68.121660,2.550341,0.878030,1.946725
481,4471,108.385276,-0.009184,-2.488867,-99.098106,-3.632152,-801.736567,-4.332920,68.004327,141.346030,3.346519,1.270189,-0.190685
481,4472,137.607054,-2.126562,-3.357202,-94.266574,-3.645920,-964.975958,-0.174105,152.355307,-3.066003,3.716680,0.810604,-0.232721
481,4473,129.217473,-1.120724,-3.879856,155.161967,-3.711661,-1089.041234,-3.603197,448.913932,25.220031,4.292956,-1.152660,1.100444
481,4474,101.150043,-0.729402,-1.175031,-32.582048,-3.444743,-1446.665355,-0.244138,225.035902,229.026661,3.627546,0.670235,0.039709
482,4475,198.442957,-0.042018,-3.057081,157.497631,-4.525814,-1191.530282,-1.216406,532.704343,202.509609,5.435502,1.074490,-2.622582
482,4476,197.487395,1.383216,-1.472694,-186.584505,-2.467791,-791.203485,0.372604,177.030618,-143.936162,4.371700,0.404088,0.607377
482,4477,226.484125,0.049653,-2.924203,217.641605,-3.643107,-1269.888144,-3.899547,263.865509,-102.043203,4.307621,0.502417,-0.627645
482,4478,261.520702,1.142887,-3.974585,-65.935677,-3.491609,-660.128534,-3.262372,406.875622,60.191169,4.411168,1.268490,-1.708548
482,4479,140.141402,-0.127667,-3.514338,239.215699,-3.989202,-783.499963,-0.907374,326.217585,172.231316,4.221305,0.234646,0.516622
482,4480,52.207643,-0.411853,-3.310044,113.813929,-2.174573,-264.278962,-0.471774,421.780337,214.872568,4.285029,1.050962,-1.538071
482,4481,136.707753,-0.220327,-3.048714,-7.738199,-4.665993,-286.727973,-3.438747,188.571829,189.420320,4.609029,-0.215290,0.477232
482,4482,242.990787,-0.617807,-2.311110,197.489266,-3.995709,-422.677576,-0.610453,283.519547,165.842639,4.661546,0.949712,0.067350
482,4483,170.266076,-0.147048,-3.786600,-51.859771,-3.067454,-717.463301,-3.151405,284.082574,122.729456,5.388787,0.528703,-1.748155
482,4484,176.824941,-0.338841,-2.475444,365.611729,-2.857577,-836.410821,-0.318462,278.073240,84.036449,3.497390,0.412338,-0.134953
483,4485,0.531093,-2.226434,-3.376943,-0.264228,0.299332,-3.443030,-2.252617,0.519756,-0.795593,3.336328,1.365061,-0.070989
483,4486,3.120053,-2.029748,-2.040208,3.695600,0.198876,-3.522352,-3.235241,2.706445,-0.151848,2.728888,1.929873,-0.548421
483,4487,1.238901,-1.905943,-2.071773,-0.136952,-1.257365,-1.879037,-0.303079,1.372275,-0.262902,1.450672,1.627208,-2.744259
483,4488,2.045978,-3.032779,-3.129169,1.861013,-0.463734,-5.640254,-0.700924,1.821403,-0.101151,2.236126,1.456186,-1.767352
483,4489,1.856759,-2.545835,-2.399260,-0.016180,-0.225631,-2.308142,-1.978038,2.826658,0.491514,3.372253,1.439430,-3.078312
483,4490,2.555200,-1.361695,-1.484754,0.659255,-1.402817,-2.764650,-1.118788,2.820678,0.983101,2.481665,1.440874,-2.029990
483,4491,3.137189,-1.236689,-2.401360,-1.684704,0.016317,-2.812853,-3.239014,2.895968,-0.015020,3.210665,1.058825,-1.390043
483,4492,1.555611,-2.448225,-3.585241,0.741412,-0.315313,-3.902095,-1.890716,1.412547,0.451509,2.590702,1.199473,-2.148662
483,4493,2.114124,-1.532095,-2.658363,1.148215,-1.705501,-3.383432,-3.587763,3.615479,1.218188,3.518841,0.403353,-0.365527
483,4494,3.418925,-2.250015,-2.028771,0.154553,0.882630,-0.273698,-1.544688,2.340541,1.115233,4.384967,1.480570,-0.998945
484,4495,3.348681,-2.400101,-0.086378,3.030041,-0.720321,-1.888343,-1.137692,0.465741,-0.161550,3.459490,0.501209,-0.677184
484,4496,2.115482,-2.213539,-2.673412,0.274769,-0.015786,-1.365552,-0.905933,1.489326,0.582398,2.628538,1.043106,-3.659004
484,4497,2.755876,-2.579185,-2.627599,2.743335,-0.051611,-0.308320,-2.963703,1.226582,-0.681501,2.732430,1.728337,-1.562453
484,4498,2.347873,-2.817663,-2.478156,0.879617,-0.527322,-0.202852,-4.909233,2.407947,0.428572,2.323875,0.755257,-0.353874
484,4499,0.706786,-0.284608,-2.208357,1.347566,0.003185,-3.853740,-2.544662,0.267124,0.781673,3.538211,0.831049,0.317562
484,4500,4.542794,-1.143892,-1.395736,2.272992,-1.553617,-2.165888,-1.786794,2.814874,-0.400797,2.655281,1.156531,-2.238613
484,4501,2.400987,-1.474245,-2.863558,0.980499,-0.934220,-1.279259,-1.520937,2.371297,0.179243,2.920177,0.946844,-1.220098
484,4502,2.226198,-2.403822,-2.731800,1.412541,-0.940511,-2.858239,-5.119584,1.228701,0.655657,3.345957,0.160741,-3.252115
484,4503,0.983424,-1.735172,-2.342634,-1.591267,-1.723004,-3.254985,-3.161584,0.602640,0.914101,3.023274,0.470448,-0.653606
484,4504,1.374186,-0.092172,-2.422987,2.150005,-0.044028,-3.168530,-3.370873,1.665461,0.124968,3.367144,0.933757,0.053522
485,4505,325.338669,0.607798,-3.138210,-229.855763,-2.684817,-487.199143,-3.484056,304.539996,160.205733,5.103332,0.688435,-1.925901
485,4506,204.198653,-0.790774,-4.535856,120.529282,-2.147447,-325.828717,-1.931884,206.468848,296.111848,4.669089,0.732902,-0.143692
485,4507,241.234493,-0.349366,-3.097350,451.005872,-3.956970,53.696234,-0.695559,214.431775,-14.219930,3.544805,1.386751,-0.233827
485,4508,33.788080,0.027860,-2.863001,-34.046124,-3.611793,-149.216116,-1.549607,226.917647,53.799239,5.497507,2.041634,-2.725861
485,4509,177.660967,0.585184,-3.909461,115.414070,-1.998596,-445.182079,-2.958080,312.297220,120.529995,3.609168,1.019666,0.406674
485,4510,99.593500,0.707835,-2.743966,-239.383078,-3.876596,-1045.707631,-0.955058,248.198286,27.823858,4.114203,1.179398,0.010125
485,4511,120.755924,-0.774326,-4.760289,317.760084,-3.052867,-1014.711591,-3.338367,216.645732,88.188659,4.119347,1.686270,-0.154448
486,4512,3.026843,-0.804596,-3.899238,2.637929,-1.073090,-2.383278,-3.968951,1.023221,-0.513840,3.604039,0.541524,1.821672
486,4513,1.741657,-1.853268,-0.728137,-0.603926,-0.612726,-4.497673,-0.585922,2.076065,0.388765,2.906432,1.525528,-0.797601
486,4514,4.066969,-1.387242,-2.604332,0.719056,-0.774216,-1.854226,-3.861753,1.283462,0.668128,2.079161,1.578923,0.871526
486,4515,2.773799,-1.347422,-2.731454,1.966296,-0.276646,-3.697812,-3.380791,2.532559,-0.159760,3.456446,1.795898,-2.330829
486,4516,3.658789,-1.190635,-3.577506,-0.866656,-0.737695,-3.870453,-0.067053,0.949928,0.462388,3.245266,1.311450,1.980312
486,4517,2.598010,-1.711392,-1.829272,-0.073220,-1.279911,-4.509587,-1.187990,3.544286,0.029500,2.126335,0.780483,-1.727850
486,4518,2.083318,-3.379801,-3.147606,3.897485,-1.059947,-6.385718,-2.405451,1.815104,0.036514,4.199543,1.107090,-1.403575
486,4519,1.915579,-2.243071,-1.775388,0.254032,-0.653443,1.546019,-2.534970,-0.345233,1.288054,4.166525,0.794075,-2.488849
486,4520,0.995644,-2.113660,-0.789375,-2.658747,0.050538,-4.360140,-2.662188,2.598676,-0.132041,3.019682,0.580825,-2.295901
486,4521,3.686318,-1.590591,-3.214943,2.638602,-0.100127,-1.272001,-1.144376,3.624155,1.134421,4.342258,0.911542,0.402127
487,4522,4.080864,-3.047527,-4.005357,1.718528,0.002436,-6.126281,-1.877650,2.163877,1.292196,2.561994,0.834935,-1.429476
487,4523,3.513687,-2.318054,-1.308906,0.879350,-1.904714,-3.171632,-1.649707,1.756989,0.887385,3.601938,0.521964,-1.179670
487,4524,4.610072,-1.441997,-2.499750,-1.162073,-1.991853,-2.949451,-3.642197,3.146467,0.813350,2.838355,1.025661,-0.143860
487,4525,0.698526,-1.961712,-3.474287,0.228861,0.143186,-2.335616,-2.912105,2.185108,-1.578245,2.962734,2.286893,-1.293665
487,4526,4.005540,-1.548376,-3.565441,1.356163,-0.552021,-4.905443,-1.932354,1.811719,1.131812,4.100379,0.902773,-2.056270
487,4527,2.163188,-1.718950,-1.442905,0.418043,-0.796734,-1.378943,-1.890957,2.039291,1.135281,3.988489,2.050954,-2.206949
487,4528,2.914062,-2.661335,-0.506648,0.399767,-1.295251,-4.258386,-3.173909,1.955531,0.884065,4.207775,0.960189,-0.217511
487,4529,5.165879,-0.522945,-1.031379,0.709500,-1.116962,-0.569571,-0.023040,2.027433,1.206638,3.629807,2.182674,-2.310981
487,4530,3.197249,-1.084627,-2.791025,0.566400,-1.263895,-3.929808,-1.238299,1.245928,1.438086,2.869041,2.110526,-0.727977
487,4531,1.576328,-1.572648,-0.171608,-2.435046,-1.655271,-5.273053,0.503069,2.353989,2.088928,3.368252,1.407443,-0.027523
488,4532,2.428313,-1.521769,-1.466526,-0.214199,-1.130689,-1.898434,-2.384998,2.273104,1.518815,3.377408,1.257263,-0.447394
488,4533,0.466639,-1.317505,-1.929937,0.346747,-0.963106,-2.641917,-1.971331,2.369126,0.545567,2.890549,0.953704,-1.859454
488,4534,0.154125,-1.912172,-0.996482,0.770050,-1.240774,0.101196,-1.246821,1.772544,1.163150,3.293757,0.466372,-1.887715
488,4535,2.035023,-2.667008,-2.982474,2.491415,-0.778275,2.782844,-3.137369,2.865379,0.495149,2.264568,-0.149907,-0.030148
488,4536,4.057498,-0.755710,-3.750866,-0.428275,-2.418173,-4.204660,-2.073832,2.955466,-0.310970,2.186558,1.530081,-1.359525
488,4537,2.781135,-2.973145,-0.815730,1.746513,-2.387373,-2.270707,-2.586836,2.428419,0.741273,2.390263,1.984978,-0.528804
488,4538,3.022705,-2.391089,-3.552127,2.291663,-1.209719,-0.696362,-2.191864,1.867596,0.363145,2.842230,0.834626,-0.494263
488,4539,3.224881,-1.527411,-1.986016,2.834397,-0.941538,-5.518026,-1.564236,1.702552,0.727084,4.200476,1.673127,-0.724056
488,4540,1.998892,-1.830385,-0.325247,1.081350,0.960359,-8.265651,-1.614916,-0.341061,0.940764,3.252505,1.301339,-2.084949
488,4541,3.862934,-2.453629,-2.852508,0.127409,-0.849207,-2.893622,-3.443429,0.780010,0.574828,2.790657,0.962088,-0.992140
489,4542,3.637659,-1.091006,-1.602333,-1.199214,-0.918732,-2.896466,-4.228163,0.554460,1.974211,2.424447,1.611417,-0.236551
489,4543,4.568816,-1.271446,-2.888621,0.911170,-0.346037,-0.344681,-0.126023,2.018751,-0.220088,2.123407,1.141142,0.803865
489,4544,1.863889,-1.638333,-2.760937,-0.011598,-0.994726,-2.524140,-2.167874,3.273117,0.763298,1.904924,1.376775,-2.072729
489,4545,3.063792,-2.168836,-3.013876,2.467710,-0.487385,-0.958904,-1.157372,2.954002,0.924163,3.048834,0.677103,0.012256
489,4546,2.562982,-1.007720,0.171074,-0.342199,-0.911491,-3.782437,-3.241214,3.427560,0.207027,2.756163,0.646680,-1.739230
489,4547,3.081636,-1.919955,-1.588113,1.273895,-1.941356,-3.410479,-3.038430,2.195653,0.240139,4.401024,0.886559,-1.190622
489,4548,0.999510,-2.980796,-2.715255,0.489107,-0.797514,-3.309237,-4.608402,0.711977,1.624973,3.343778,0.680283,0.942350
489,4549,3.605740,-2.894320,-1.738567,2.186533,-0.754001,-3.024023,-0.456890,2.485378,0.522047,2.386582,1.225649,-1.237700
489,4550,2.175856,-1.114364,-1.353141,0.925189,-1.250469,-2.242427,-3.199532,1.778431,-0.183205,3.434778,1.368094,-1.241815
489,4551,3.414982,-1.975194,-1.465810,2.650948,-1.975855,-2.349838,-2.507811,2.109814,-0.300901,3.029397,2.236286,-2.686929
490,4552,2.429161,-2.212838,-3.630337,0.875059,-2.107875,-4.708570,-6.246280,2.507383,0.561789,3.086621,2.336508,-0.511063
490,4553,3.508616,-2.300407,-3.048115,0.936295,-0.011835,-0.314855,-2.378691,2.058673,-0.850345,4.002890,0.534249,-2.599664
490,4554,1.311445,-1.071348,-2.337416,-1.053364,1.061428,-3.033278,-1.889820,2.218179,-0.362121,2.606751,1.585988,-0.554748
490,4555,2.284540,-2.161472,-2.534987,2.370587,-1.974491,-0.348348,-2.268801,1.108786,0.341876,3.082373,0.502754,-3.620387
490,4556,3.394628,-1.417354,-2.656944,-0.020526,-1.277660,-5.479633,-1.811939,1.981690,0.306628,2.280485,1.422071,-1.843880
490,4557,3.053665,-1.636751,-1.725306,-2.275334,0.414277,-3.622505,-2.833905,1.521265,1.646024,2.162090,1.013644,-0.535806
490,4558,2.646938,-1.049641,-2.269959,-2.785586,-0.998696,-2.917766,-3.066226,2.672232,1.843980,3.096490,0.476098,-2.427949
490,4559,4.830050,-1.939353,-2.604450,1.023221,-0.927881,2.149026,-3.048652,0.318082,-0.546775,1.620007,1.659745,-0.711348
490,4560,2.655741,-2.364123,-3.240711,2.741167,-1.646738,-5.260022,-0.996150,2.350455,0.794109,3.449826,1.248983,-1.464329
490,4561,3.185881,-2.459864,-2.456012,-1.036953,-0.399335,-2.939333,-2.874098,1.988806,0.929370,2.952572,0.339174,-1.093700
491,4562,137.006253,-0.254175,-2.910701,232.560998,-2.128829,-521.500339,-0.750730,240.239069,122.889816,3.576612,0.824282,1.108173
491,4563,136.066735,0.717152,-2.987331,152.435147,-3.885423,-810.282755,-3.034581,277.338507,124.815418,4.355808,0.389833,-1.098351
491,4564,266.221945,0.611089,-3.867602,-185.278084,-4.391760,-933.081650,-2.638627,407.196712,-17.583123,4.477272,-0.541012,-0.314504
491,4565,176.859287,-0.904079,-4.018223,-163.642800,-2.890140,-1093.742907,-2.906370,161.982457,131.316675,3.954204,1.061302,-0.439309
491,4566,134.604449,0.036732,-2.338283,242.940118,-3.790791,-460.486512,-2.026074,169.092556,131.681938,3.857077,0.605947,0.319175
491,4567,176.160490,0.061992,-1.668609,-464.046764,-4.255301,-1646.443249,-3.641938,262.741736,168.655310,3.836283,2.045133,0.776130
491,4568,183.408000,-0.070902,-3.955719,-58.493169,-2.937126,-831.972660,-2.757391,155.433088,-53.506705,4.221799,0.702653,-1.556811
491,4569,331.552209,-0.087204,-2.681008,298.154918,-2.330376,-796.497435,-2.072148,24.578770,-2.843520,3.700631,0.774544,2.247581
491,4570,270.902227,0.198398,-2.284828,335.855151,-3.700647,-321.087788,-2.985920,360.891874,91.735992,3.983582,-0.031904,-2.884249
491,4571,219.104055,-1.632461,-2.473608,-250.984896,-2.452170,-164.981430,-1.224687,261.806210,-42.781973,4.817152,1.325873,1.896375
492,4572,1.723177,-2.084718,-2.485213,-1.613367,-1.185092,-3.128720,-1.433047,3.606747,1.623049,3.394373,0.336320,-0.535462
492,4573,2.135868,-0.469709,-0.880789,0.146784,-1.293991,-2.532830,-2.179964,3.404254,-0.193709,2.117535,0.665727,-1.282152
492,4574,2.080171,-2.257369,-3.499316,2.130075,0.308836,-1.722266,-3.700869,2.159756,0.815599,3.027883,0.103883,-1.938364
492,4575,2.566796,-1.162533,-1.986152,1.407432,-0.471000,-0.738231,-0.328194,3.348642,1.128308,3.205452,1.540729,-0.788316
492,4576,2.171859,-1.797118,-2.555954,2.343561,0.703880,-0.753898,-2.772679,1.306479,1.118179,2.084109,1.366774,-2.789266
492,4577,1.831513,-1.477725,-2.289443,1.697168,0.160907,-7.538107,-1.282113,2.019481,0.506016,3.021839,1.043845,-1.027017
492,4578,1.283848,-1.286735,-2.590291,0.230235,-1.102392,-2.909107,-4.188677,3.698121,0.277815,3.068146,0.759492,0.372489
492,4579,3.129884,-1.119199,-1.361086,1.209508,-0.098400,-2.970624,-2.357591,2.280344,-0.457049,2.839963,0.334594,0.662632
492,4580,2.043684,-0.823562,-3.292981,0.094233,-0.892815,-1.814106,-0.228567,3.237961,1.266715,2.257314,1.356953,0.744233
492,4581,1.237066,-2.245720,-1.298489,0.482153,0.018917,-2.550387,-4.719022,3.034594,-0.420996,3.842390,1.284396,-1.514324
493,4582,2.198037,-2.285061,-2.384744,-2.169311,-0.410906,-2.617503,-3.007326,2.848876,0.825913,2.662097,0.773533,-0.511246
493,4583,3.037324,-3.289730,-0.960620,2.902183,-0.537214,-5.647701,-3.652351,2.034059,1.225150,3.193545,0.515454,0.952389
493,4584,1.859397,-0.856178,-1.245056,-0.691479,-0.354968,-2.276991,-2.787160,0.313173,0.458861,3.469973,1.838121,-1.448497
493,4585,1.907690,-2.663015,-2.340941,-0.104243,-0.059685,-2.514373,-4.240560,1.758721,-0.338985,3.032468,0.597851,-0.590949
493,4586,3.453688,-2.961927,-2.517448,1.782513,-1.095133,-0.556402,-1.302853,2.183741,-0.985857,2.159484,2.041060,-1.530085
493,4587,3.210354,-1.667512,-2.399056,1.464538,-0.486232,-3.653020,-3.779949,2.604847,-0.548015,1.947195,0.933206,-1.794191
493,4588,3.029416,-1.930402,-1.005766,1.350417,-0.612419,-2.783202,-1.871420,2.742534,-0.395026,2.608682,0.770039,-1.085979
493,4589,3.187961,-2.621568,-2.454660,-0.087078,-0.832614,-3.101693,-2.102161,2.201609,0.809088,3.131297,1.122664,-0.344687
493,4590,2.563109,-1.628234,-2.219905,-0.523067,-0.263384,-0.972069,-0.500195,3.829288,0.615099,3.795130,0.258369,0.073110
493,4591,1.874121,-3.552086,-1.786488,0.413579,-0.130168,-1.911206,-2.234692,1.074930,0.037707,2.579603,0.706865,-1.856678
494,4592,0.251672,-1.602283,-1.792065,1.871901,-0.800190,-1.018549,-2.189323,2.004714,-1.053816,2.394244,0.668337,-1.717600
494,4593,1.465225,-1.996238,-2.780982,1.726668,-1.116447,-5.873341,-2.569762,1.716467,1.008007,2.885936,1.077120,-0.776818
494,4594,2.729175,-1.886401,-2.301566,1.006921,0.099459,-1.598451,-2.739182,1.009350,0.023313,3.482464,0.198115,-1.171682
494,4595,2.036483,-2.442488,-3.166530,-1.079184,0.271147,-3.982554,-1.805336,2.656824,0.671527,3.607885,0.092837,-0.875696
494,4596,3.339672,-2.741644,-1.011653,0.429359,-1.542048,-1.010321,-0.252305,1.932107,0.388638,3.573974,1.262131,-1.256203
494,4597,1.446253,-2.961572,-1.031428,2.187794,-1.624675,-3.511281,-1.119075,2.714935,-0.023445,3.000786,0.967788,-0.925182
494,4598,2.536718,-3.071092,-0.428899,4.388953,0.359510,-1.730330,-0.734110,2.348143,0.148078,3.935050,1.548731,-1.440835
494,4599,3.245605,-1.052228,-1.866917,-0.596526,-0.209456,-3.764905,-2.932860,2.731732,0.665402,4.237767,1.574312,0.707732
494,4600,2.776168,-1.918414,-1.580849,2.361475,-1.033984,-3.540108,-2.359574,1.414621,0.425834,2.386625,2.477599,-1.186974
494,4601,4.829887,-2.541884,-1.867076,1.676976,-0.538181,0.058169,-3.902806,3.302307,0.177835,3.757576,1.937994,-2.011020
495,4602,237.449560,0.068151,-4.229196,460.257178,-4.191827,-426.187084,-3.763639,412.208693,50.967817,4.325892,0.050997,-0.876785
495,4603,79.394284,0.571238,-2.361851,173.725911,-1.867617,-1380.056121,-3.912387,142.964168,-96.092875,3.530929,0.752827,0.038841
495,4604,238.272974,-1.679298,-4.882167,146.538969,-4.785076,-181.471320,-2.738474,202.657111,127.576089,4.650473,1.847900,-0.762770
495,4605,268.572705,0.877832,-3.169210,-10.232616,-2.825474,-6.206314,-2.589886,361.548939,318.440575,3.963067,0.565506,-0.365554
495,4606,36.022011,-0.634883,-4.453448,-110.848563,-4.393829,-359.217083,-2.246442,240.272952,119.256166,3.751340,0.547511,0.467318
495,4607,158.039251,0.778217,-4.508761,-80.765201,-3.734680,-202.536841,-2.027986,350.270929,81.756130,4.152188,0.065899,-1.574965
495,4608,179.548934,0.714583,-3.619201,-356.698142,-2.618593,-798.075628,-2.264333,391.599764,-134.151996,3.773787,0.621687,-3.235513
495,4609,48.329650,-0.242119,-4.082019,93.162534,-2.447659,-930.702167,-4.215999,334.926209,164.370347,5.079916,1.653754,1.275310
495,4610,191.487102,0.901397,-1.267343,3.320930,-3.446448,-1110.185223,-4.561339,199.467237,-162.037767,4.397204,0.583536,-0.202372
495,4611,195.287596,-1.535525,-4.844074,39.592996,-2.773581,-375.041323,-3.033611,321.644938,180.948470,4.311680,1.675104,1.378430
496,4612,2.069767,-1.197509,-1.411630,-2.336642,0.213749,-3.237761,-2.056109,2.426830,1.266995,3.586577,0.957115,-0.804030
496,4613,1.910287,-2.297328,-0.278771,0.207566,-1.285161,-2.684751,0.118712,1.732675,0.496644,1.622970,0.948000,-0.430229
496,4614,1.375811,-2.874711,-3.395481,-0.497398,-0.507353,-1.165911,-0.556387,2.434606,0.376720,3.021274,0.199491,-2.924811
496,4615,3.585977,-1.286134,-0.833620,0.958836,0.002272,-4.706398,-1.867653,2.509992,1.238115,3.869885,0.211722,-0.701842
496,4616,1.568490,-0.892260,-2.888322,0.054130,-0.608372,-1.625412,-2.408501,2.095710,1.343550,3.018307,1.368047,0.366152
496,4617,2.269443,-1.344142,-1.046863,2.362040,0.028419,-2.582154,-2.366447,1.079969,-0.420374,3.628062,1.402428,-0.347668
496,4618,2.868782,-0.732549,-1.750619,3.210187,-0.161932,-5.968358,-1.534758,1.824762,0.445274,3.172584,-0.120230,-1.254782
496,4619,1.562380,-2.487834,-1.178180,-1.453868,-1.145453,-3.495940,-0.453576,3.309608,-0.056203,2.348765,1.350506,-1.379842
496,4620,2.804157,-1.655401,-1.549996,-0.423874,-1.034510,-1.588470,-3.122774,2.759686,0.871843,3.023657,0.311462,-0.852072
496,4621,2.434694,-1.948305,-1.636898,3.340187,-0.507713,-1.793210,-2.706103,2.270263,0.877002,3.342550,1.810256,-1.243017
497,4622,1.329856,-3.719799,-3.788148,-0.133585,-1.919898,-1.574127,-1.675675,2.659614,1.179084,2.343172,0.485723,-1.420531
497,4623,3.900376,-1.775574,-1.986284,2.992486,-0.797120,-1.283815,-1.780442,2.195703,0.334743,2.580302,0.732454,-2.881156
497,4624,2.016698,-1.505637,-1.044859,-0.148903,-0.805738,-2.530153,-2.681650,0.801791,0.691389,2.787312,0.932685,-2.768610
497,4625,1.175458,-1.999312,-1.404863,2.183360,0.035462,-1.010845,-0.245285,2.162928,0.467684,3.594211,1.237800,-0.130307
497,4626,2.721588,-3.469122,-2.443875,3.136971,0.143594,-2.412782,-4.393206,2.319610,0.791221,3.317685,1.518739,-2.310131
497,4627,1.561327,-1.062050,-2.832800,1.017840,-1.125320,-1.040114,-1.353752,2.160542,0.628519,2.597845,1.361983,-1.799773
497,4628,2.015765,-1.562334,-2.521362,0.598087,-1.474768,-1.985249,-2.954001,3.160280,0.758420,3.258274,1.685648,-2.711638
497,4629,2.648665,-1.532190,-0.888401,-0.228733,-1.478969,-0.888130,-2.406504,1.122547,1.362557,1.430886,0.635422,0.989387
497,4630,1.963214,-1.686842,-1.735678,3.772255,-0.474774,-2.493511,-2.044758,2.191925,0.525964,3.406772,0.522778,-0.872386
497,4631,3.679525,-1.750666,-2.896734,-1.736479,-0.758897,-2.513469,-0.188105,0.769797,1.869840,2.371400,1.463414,0.171347
498,4632,2.669022,-2.930194,-1.497838,-2.024562,-0.656225,-1.713297,-0.640417,2.492867,-0.134736,3.512331,1.551770,-0.447805
498,4633,1.780411,-2.714295,-2.742895,2.263337,0.572912,-0.464212,-2.396354,3.430951,-0.066662,2.638292,2.503567,-1.034739
498,4634,3.111908,-2.199380,-1.247172,1.080446,-0.177632,-3.375892,-3.523394,1.106988,-0.167560,3.367221,0.157013,-1.252955
498,4635,2.104596,-1.101532,-3.988780,2.301509,-2.065169,-3.224921,0.148442,2.063077,1.440792,2.153596,1.895479,0.691849
498,4636,1.000543,-2.129076,-2.443840,0.973033,-1.471382,-3.927524,-2.931871,0.482915,0.333311,3.156248,1.576403,-1.906355
498,4637,1.968825,-1.151573,-2.032775,0.710078,-1.069029,-3.714664,-5.064183,0.947403,-0.166681,3.270428,1.601890,-0.936572
498,4638,2.591088,-1.515985,-3.739982,0.202785,-0.512776,-0.784954,-1.865076,1.401532,1.847167,3.211663,1.556230,-2.365814
498,4639,0.740717,-0.938398,-1.899804,5.348486,-0.613762,-1.177201,0.064999,1.996590,0.546706,2.310286,1.122527,-2.735000
498,4640,1.208362,-1.625707,-1.993192,-0.576289,-0.094588,-2.333224,-1.597022,2.549473,0.519030,2.594261,1.060112,-2.543833
498,4641,1.751919,-2.324473,-3.801474,2.807468,0.139804,-4.065288,-3.627355,2.092592,-0.229390,1.617808,0.779123,-0.083958
499,4642,231.346734,0.425175,-1.726242,-152.616314,-3.709043,-425.740278,-2.130301,322.178702,61.579067,4.456156,1.340031,-0.754599
499,4643,74.561462,-1.008735,-1.626361,65.015218,-4.183380,-795.173459,-3.027475,337.895167,319.160540,3.690591,-0.164868,-1.624252
499,4644,173.253801,0.276669,-4.381775,15.740994,-2.419460,218.087325,-2.483649,266.236651,-17.093094,4.843465,1.130499,0.789977
499,4645,36.977011,0.465493,-2.958951,-108.039643,-3.625619,-95.898549,-2.657018,110.950059,171.391714,4.811796,1.377359,1.136412
499,4646,83.184865,-0.611122,-2.045001,65.247936,-3.621719,-1373.484519,-3.651296,273.421493,242.992659,3.591971,0.530121,-1.485080
499,4647,154.558250,0.263545,-4.531638,85.090262,-1.966555,-407.176836,-0.964506,207.315143,147.901345,4.955233,0.384658,2.564916
499,4648,241.352143,0.072332,-4.922373,-147.409168,-3.686243,8.384170,-1.406224,273.952922,62.112004,3.968722,1.090359,-1.094175
499,4649,95.705159,-0.640989,-2.687071,220.976187,-4.241511,-62.412969,-3.683875,313.547342,58.068712,3.252689,0.951468,1.459262
499,4650,239.339949,0.471954,-4.550892,531.195216,-2.409731,-1004.972073,-3.645487,239.180745,74.847770,4.656135,0.455032,3.560373
499,4651,256.642503,1.011813,-2.509047,-13.067170,-3.853749,-658.155420,-1.205630,221.583189,2.909343,4.520207,1.010778,0.125021
500,4652,4.555675,-1.915228,-0.833498,-1.878111,-0.334946,-2.533053,-2.506841,2.366464,0.012722,2.785225,1.734147,-1.344720
500,4653,1.826133,-2.207934,-1.086498,0.252819,-1.109316,-3.250922,-3.529397,1.990528,0.101280,2.718320,0.676395,-1.014156
500,4654,4.395085,-1.394114,-1.975781,-1.146695,-0.888910,-1.860815,-3.418782,2.505111,1.212765,2.830015,0.502763,0.244627
500,4655,3.527107,-2.715701,-1.946377,-0.374530,-1.852554,-3.307191,-3.664011,1.506015,-0.587277,2.029882,1.482662,-2.311971
500,4656,0.812098,-2.064682,-0.594546,-1.661856,-0.190693,-3.469729,-1.685460,2.315136,0.544367,2.906847,1.088722,-1.669096
500,4657,2.860079,-1.764438,-1.275775,0.795098,0.451249,-3.673402,-3.155309,2.442563,-0.433184,2.718329,1.687754,0.386487
500,4658,1.307538,-2.329874,-2.946361,3.753759,0.152175,-4.873338,-2.379736,2.606096,0.821258,2.616167,1.785701,-1.604938
500,4659,2.378202,-0.815508,-2.709976,1.736056,-1.520345,-1.598896,-1.099630,2.220226,0.209452,3.213446,0.336978,-0.244837
500,4660,2.135235,-2.014494,-1.997686,-1.083065,-1.009674,-0.518266,-2.755168,1.923988,1.401688,3.775949,1.051669,-1.732284
500,4661,1.601027,-2.522813,-1.638959,0.749758,-1.205150,-2.963332,-3.369278,1.634742,0.521041,2.646253,1.659821,-3.775791
501,4662,3.622768,-1.419585,-0.791163,0.894145,0.238831,1.853954,-0.635088,2.341896,0.566178,2.640121,1.295182,-0.712232
501,4663,2.053724,-2.468509,-3.067019,-1.084265,-0.815911,-0.200958,-2.441214,0.128731,-0.185947,3.334923,0.086446,1.678398
501,4664,3.556839,-2.300915,-2.046539,1.279553,-1.538000,-0.793625,-3.618112,1.664596,0.118546,3.121004,0.504120,-0.808088
501,4665,1.790143,-0.798436,-1.549910,0.504042,-0.025126,-4.751340,-2.260796,3.376624,0.352447,2.687544,0.773373,0.631808
501,4666,1.890005,-2.933340,-2.491902,-3.177014,-0.985575,0.050339,-0.928297,1.454918,0.207354,2.815472,0.795464,-1.449524
501,4667,3.559727,-1.653648,-2.255988,3.678922,-0.503572,-4.009582,-2.175571,2.173818,0.872371,3.613908,0.363368,-0.753480
501,4668,3.426866,-1.160949,-1.414838,1.189274,-0.874200,-0.009720,0.530168,2.479251,-0.464270,2.370562,0.953732,-1.330435
501,4669,3.495421,-1.762872,-2.186623,4.720785,0.413382,-2.164494,-1.630733,3.009887,0.094436,2.385222,1.488884,-1.197539
501,4670,1.542211,-1.728738,-2.735043,4.121078,-0.623712,-5.344201,-1.787547,1.828911,-0.680958,1.673037,2.151627,-2.817745
501,4671,2.085472,-1.878916,-2.505670,3.490915,0.143383,-2.015143,-1.912328,2.522349,-0.891958,3.638270,0.243081,0.582728
502,4672,19.119351,-1.233476,-2.727614,500.234207,-1.818824,-1096.963086,-3.245734,376.224755,136.475568,3.634372,1.153546,-0.948307
502,4673,159.779144,0.722937,-3.801985,128.639031,-2.105067,-406.142881,-1.254563,440.122694,324.980646,5.044809,2.298123,-2.872017
502,4674,203.024982,0.069917,-3.107270,275.684439,-2.765041,-1185.057177,-2.151108,285.742131,-52.158288,4.605601,1.027327,-1.597403
502,4675,219.235846,0.413801,-1.518363,276.846058,-2.921924,-808.965401,-0.770636,151.558860,55.340824,4.866444,0.236232,-0.159830
502,4676,192.643321,0.588312,-2.995786,-25.014731,-2.810204,-435.022096,-1.661624,147.701060,171.338302,5.610792,0.773347,-0.527634
502,4677,329.962764,-1.120550,-3.467894,196.217175,-3.593130,-850.619754,-4.219104,184.708251,30.587608,4.628210,0.367360,0.819537
502,4678,94.364550,0.130111,-2.151405,-207.389708,-5.925748,-820.223117,-2.611151,213.167910,243.287613,2.908860,0.579513,1.798075
502,4679,164.714386,-0.285653,-1.727911,444.756564,-2.447992,-768.229789,-3.681071,226.652477,257.330582,4.894354,0.501050,0.571593
502,4680,208.375478,-0.908794,-3.115579,574.456050,-4.664535,-780.105684,-5.603088,268.312909,1.217006,2.886528,0.655827,0.795718
502,4681,158.324396,-0.776112,-2.721160,113.322272,-3.803045,-442.684705,-2.463369,253.524465,141.022327,5.288898,0.232669,-0.165050
503,4682,3.333609,-2.305844,-2.690210,0.879775,0.294842,-3.091304,-1.084509,2.732144,1.137640,2.165648,2.354282,-1.406891
503,4683,2.082053,-1.751073,-1.563550,-0.931780,-0.351981,-2.438073,-4.219999,3.163352,1.211113,2.502315,1.328943,-3.534875
503,4684,2.287079,-2.269648,-3.234815,1.311523,-0.745073,-1.106055,-2.398300,1.859258,-0.144686,3.119775,1.100635,-0.036603
503,4685,2.450948,-2.005736,-1.682435,1.978437,-1.141074,1.299716,-2.295853,0.845777,0.384244,3.362293,0.525039,0.629462
503,4686,3.499537,-2.646182,-2.544594,0.241573,-1.035612,-4.526400,-0.993241,2.090074,0.640024,3.617367,0.637904,-0.880718
503,4687,2.732597,-2.212823,-2.696920,0.155554,0.656688,-1.499924,-0.588804,3.062239,0.165958,2.842781,1.387034,0.401300
503,4688,2.020530,-2.582024,-2.020095,-1.112546,-0.099658,-3.298323,-1.628256,3.008309,0.156791,2.878790,-0.150915,-1.808471
503,4689,3.807781,-1.435604,-0.714913,0.956709,-0.801309,-3.548249,-1.582636,1.807260,1.257758,1.979286,0.296172,-0.968577
503,4690,3.119841,-1.352730,-1.955904,0.384090,-0.803235,-3.428828,-0.590833,1.920502,1.025376,3.955009,0.419581,-1.814152
503,4691,3.217135,-2.003624,-2.593978,-1.258098,-1.680192,-3.680802,-2.738768,1.929846,0.437622,3.037945,0.338126,-1.162178
504,4692,72.773709,-0.767593,-2.831465,-12.465907,-4.465070,-207.440004,-0.880221,311.439141,-70.416339,3.678782,1.293193,-2.485133
504,4693,112.857839,-0.634411,-1.467647,57.000297,-3.351179,147.053857,-1.822355,326.991917,134.230814,5.221399,0.747742,-1.273289
504,4694,190.962036,-1.008353,-3.308230,107.809111,-4.794272,-393.747247,-3.240729,197.369211,129.846152,4.585407,0.971966,-2.355601
504,4695,304.724376,0.066968,-1.855320,346.838294,-3.066097,-511.607523,-4.217098,401.484403,32.462798,4.794853,0.049754,-1.332081
504,4696,214.486620,0.737411,-2.539718,465.628627,-3.210168,-850.965846,-2.906068,177.642689,25.800034,3.847658,1.266682,-1.517270
504,4697,135.248960,-0.345382,-1.469943,-109.899769,-3.109768,-977.694876,-1.996891,247.503664,-66.874760,4.151821,2.125060,-0.383356
504,4698,150.225412,0.415967,-3.497403,127.753445,-2.810544,-733.280626,-1.691580,423.645122,235.552373,3.193044,0.280004,-0.071756
504,4699,314.073994,0.504293,-1.859766,297.429745,-2.539684,-551.477197,-0.269628,240.447970,26.590304,3.889444,0.677674,-0.620439
504,4700,142.469970,0.635142,-2.792700,-277.882761,-3.814257,-1108.397933,-1.721906,374.747470,69.253918,2.489697,0.400046,-1.613966
504,4701,116.663535,-0.346993,-3.401794,349.721817,-2.356067,-24.143401,-0.964882,375.087089,176.325903,4.372831,0.800827,1.844120
505,4702,2.145070,-2.632791,-2.812992,1.549116,-1.553032,-3.726981,-2.710147,1.991574,0.383120,2.393538,1.529823,-1.267621
505,4703,3.186810,-1.564521,-2.731391,3.078101,-0.638436,-3.550734,-3.893030,0.855768,0.716867,4.084242,1.829928,-2.404167
505,4704,3.746051,-2.332960,-2.489957,0.662584,0.301022,-2.121532,-1.976690,2.545614,-0.681302,2.690423,0.901241,-2.102012
505,4705,3.243549,-1.326396,-1.903791,0.672439,-0.757349,-1.831900,-1.245020,2.939861,0.220033,2.427987,1.197601,-1.595585
505,4706,4.016321,-2.884003,-2.922106,1.067140,-0.474650,-3.706888,-3.737129,1.402856,0.137063,2.450697,0.410924,-3.460525
505,4707,5.239907,-0.863584,-3.826140,-0.276348,1.017507,-3.056807,-5.413922,2.947688,0.121689,3.326055,0.650016,-0.394979
505,4708,1.832410,-1.407887,-1.054427,1.554459,-1.786596,-2.548223,-0.751756,3.057658,-0.104562,2.627434,2.139571,0.743143
505,4709,1.105905,-2.761329,-3.354133,1.221862,-0.764456,-3.388100,-2.911143,1.435478,0.422584,2.558085,1.520821,-1.664805
505,4710,4.051814,-2.161440,-3.098576,-0.378349,0.772179,2.042541,-3.229352,3.258678,0.095978,3.590493,1.172693,-3.854943
505,4711,2.414485,-3.504227,-1.606692,-3.614111,-0.659957,-2.657089,-3.773544,2.275030,0.073474,3.036602,0.593512,-1.694327
506,4712,32.969477,0.281929,-0.649131,44.433701,-4.146994,-658.462784,-2.800664,182.311830,-32.885558,3.869817,1.312075,0.250797
506,4713,128.785473,0.758719,-1.932471,-88.691668,-2.635541,-665.205624,-3.909060,225.356687,249.653364,3.912679,0.055101,0.986962
506,4714,220.242474,-0.669415,-3.671530,-322.277457,-3.809734,-1014.532808,-0.889910,269.252731,130.392831,4.111666,1.289231,-1.155983
506,4715,131.772773,-0.545238,-1.457656,255.659842,-3.352467,300.153975,-2.981281,442.950638,421.178774,3.329250,1.097306,-0.394631
506,4716,137.154240,0.301531,-3.188648,-204.065148,-2.754968,-645.759165,-3.285102,229.889913,100.751611,4.550513,0.649001,-1.293830
506,4717,127.949048,-1.149226,-0.913370,-326.502997,-1.983753,-757.122344,-2.224170,213.168982,-9.819132,5.223282,0.652984,-0.145574
506,4718,166.860082,0.029363,-3.175189,-264.663744,-3.530244,-645.925414,-3.101395,295.079050,-130.887314,3.163921,1.586091,0.260448
507,4719,36.394729,-0.678244,-3.259444,-18.274291,-2.828300,-479.669816,-0.334070,327.322479,-142.332775,4.228232,2.229424,-2.263783
507,4720,95.109745,-0.286357,-1.421601,157.432606,-3.797760,-12.929996,-2.096089,465.441217,111.608974,4.407084,0.459340,-2.105316
507,4721,208.926316,0.811918,-3.571972,-30.314048,-4.505661,-180.341979,-1.015853,169.805510,-9.698540,4.522178,0.794774,-0.640496
507,4722,236.571179,0.743683,-2.219128,120.943380,-2.820385,-1212.822491,-1.007004,450.146407,-98.074193,4.530701,-0.502992,-0.982786
507,4723,214.201963,0.320430,-2.933302,214.135087,-3.506903,-705.814209,-2.946621,199.412086,36.849964,4.752649,1.084611,1.442893
507,4724,117.774272,-0.262609,-3.375114,591.109500,-2.123417,-1040.964969,-4.447120,79.979292,34.925579,3.034506,1.430777,-0.743485
507,4725,329.886657,-0.449974,-3.804150,194.818068,-4.521693,-929.201146,-1.687897,341.483352,58.952623,4.821951,1.466166,1.172460
507,4726,74.379196,0.510164,-3.159755,357.385157,-3.254420,-558.219632,-2.085433,207.818419,72.031896,4.871775,0.962495,-1.522092
507,4727,198.451966,0.520312,-2.924539,13.968923,-2.630809,14.594090,-1.387065,142.469042,116.973463,3.261716,0.358480,0.775112
507,4728,113.232304,-0.549353,-3.574135,88.571542,-2.720937,54.977725,0.374052,278.063085,281.150450,4.386642,0.874589,-0.583217
508,4729,2.552074,-2.105907,-1.375672,3.942319,0.089630,-4.950762,-1.929076,0.587723,-0.227417,3.566940,1.076112,-2.355909
508,4730,2.363916,-1.781461,-2.729740,-0.528140,-1.050682,1.427788,-3.154205,3.411927,0.814192,2.925416,0.524511,-0.936010
508,4731,2.979178,-2.460528,-3.340198,-0.730740,-1.753953,-4.498155,-1.372414,1.435633,-0.247217,2.485123,1.927141,-1.260490
508,4732,2.329301,-1.631176,-3.239003,1.867569,-0.636514,-6.093540,-1.663969,0.987112,0.425595,3.672576,2.423947,-2.705740
508,4733,2.203020,-1.688547,-1.120036,-1.645463,-0.166167,-2.003246,-3.569757,2.228486,0.892706,2.231522,1.124807,-0.040411
508,4734,4.209911,-1.200558,-2.117237,0.283047,-0.320125,-4.480920,-5.092344,2.931865,-0.106904,1.742329,1.147754,-1.229256
508,4735,1.684470,-2.390967,-3.239874,2.921326,0.074978,-3.880634,0.737624,3.123193,0.792477,3.338733,1.568706,-1.678753
509,4736,3.886984,-2.154616,-2.020172,-0.411602,0.471860,-1.636323,-2.883278,2.099993,-0.461433,3.171884,1.188439,-1.394750
509,4737,0.982464,-2.430897,-1.465689,-2.360687,-1.745643,-3.782001,-1.783079,1.593735,0.411708,4.130115,0.601599,-2.597650
509,4738,1.737061,-2.648640,-3.159863,-1.505339,-0.912068,-4.383454,-0.909452,2.602213,0.153407,1.719419,1.252984,-0.339859
509,4739,3.218408,-2.003772,-1.082441,-1.712005,0.498419,-4.013295,-2.700940,1.591023,-0.277499,4.155266,0.829641,-0.605372
509,4740,2.183642,-2.396107,-1.838327,-1.689782,-0.372665,-4.977595,-0.591926,3.232427,0.307031,2.089171,0.448351,-2.159024
509,4741,3.530137,-2.756795,-1.261705,1.266591,-0.049674,-0.827818,-3.905120,2.270895,0.027076,2.437335,1.417359,-1.674398
509,4742,1.708319,-2.100261,-2.654802,2.670810,-0.011821,-0.757133,-1.611926,1.339014,0.265643,2.817848,1.964340,-1.512019
509,4743,2.202038,-1.705547,-1.442355,-0.973645,1.638992,-3.146376,-0.053983,0.770772,0.561450,3.059434,0.928463,-1.302561
509,4744,1.556094,-2.117488,-3.237052,-0.488632,-0.564435,-4.953057,-2.286432,0.517280,0.324435,3.943524,2.029790,0.239402
509,4745,2.032348,-0.943968,-3.218385,3.035183,-1.456779,0.549502,-0.975709,2.285268,-0.474370,2.547733,0.827585,-3.412147
510,4746,122.146658,0.968109,-3.517224,398.665757,-3.295481,-901.239278,0.103843,302.643438,182.275789,4.978205,1.754163,-1.323925
510,4747,81.194387,0.301620,-2.968671,89.618128,-3.269201,605.332872,-0.695934,153.439730,-100.011796,3.633646,0.212830,0.397758
510,4748,135.543168,0.681578,-1.886882,539.058853,-3.955141,-507.732834,-3.533184,255.181653,-24.657268,3.594686,1.306727,-2.011331
510,4749,85.833528,-0.448474,-2.274548,392.325821,-3.080029,-1504.141524,-2.243261,405.721336,231.698523,4.413081,-0.036496,-1.162687
510,4750,306.222689,-0.518379,-3.534161,605.092999,-3.017254,-451.720669,-1.798538,242.787119,-117.998575,4.889625,0.055231,0.153743
510,4751,316.397031,-0.432004,-2.787144,-101.845393,-3.734372,-990.285293,-1.371194,184.411430,339.989033,4.561103,0.348168,0.268057
510,4752,191.480856,-1.321234,-5.034550,335.614869,-3.753978,-293.048518,-1.774756,81.391465,14.096755,3.811253,0.173871,-0.058091
511,4753,41.944214,0.463951,-1.696237,133.298740,-3.615755,-264.264360,-1.653213,386.274533,220.626305,4.809484,0.644553,-0.515982
511,4754,190.904806,0.221054,-2.287168,274.487885,-3.447678,-1246.204533,-2.831668,160.608167,147.434328,4.778931,0.238871,1.781170
511,4755,176.700912,-1.165720,-1.323139,-61.829319,-3.153353,-509.807756,-1.065661,302.050931,305.063976,3.557270,1.342746,0.794401
511,4756,299.712343,-0.350374,-2.397309,-6.855164,-3.963484,-1089.282158,-2.526903,415.512405,-4.473177,4.732440,1.158452,-0.873603
511,4757,292.132689,-0.326735,-4.087884,387.719269,-3.281015,-144.396626,-1.894310,136.282957,138.903876,4.084162,0.548529,2.154536
511,4758,223.622726,-0.454898,-3.021688,-219.233779,-3.107038,-573.676171,-1.826845,444.035816,283.748477,4.403262,0.919000,0.588153
511,4759,104.381035,-0.503399,-1.917670,-282.646655,-4.759861,-514.907742,-1.567226,244.965236,242.415159,3.725918,2.592381,-1.149432
511,4760,238.787547,0.333507,-3.793864,-194.234197,-3.816517,-428.648229,-1.213270,225.689883,231.638716,3.547166,2.183726,-0.255018
511,4761,145.719149,0.750458,-4.774146,-2.919347,-4.090613,-1066.994380,-2.822100,243.067987,86.036109,4.132893,1.398302,1.783614
511,4762,175.866968,-0.872511,-3.933541,-160.328086,-2.843014,-1306.380920,-4.373935,528.364912,244.488055,4.707831,1.039899,-0.133083
512,4763,110.675464,-1.287154,-3.095137,181.767276,-3.903582,-269.841390,-1.328154,174.771063,65.031276,3.637730,-0.056727,0.537108
512,4764,182.404040,-1.080445,-3.300319,154.930179,-3.051909,-1134.235548,-1.981012,78.605420,-54.398686,3.626320,1.826872,0.207845
512,4765,231.865146,-0.231079,-1.968023,533.176211,-2.154730,-615.027430,-3.813439,172.445554,232.693211,3.933581,0.962884,0.215827
512,4766,228.620928,0.630685,-1.214603,55.155227,-2.370790,-363.510258,0.070537,197.760797,279.123398,3.786717,1.536026,-0.776789
512,4767,125.385022,-0.990026,-2.564659,-62.990336,-3.484185,-1346.544654,-3.648260,246.000103,205.947975,5.224421,0.910486,-0.013633
512,4768,219.926119,-0.418365,-2.850217,176.055513,-4.541411,-1220.122244,-1.542867,225.606064,-42.290174,3.592304,0.793355,1.368846
512,4769,150.077573,-0.940916,-5.995382,418.210942,-1.465608,-358.062485,-0.604028,286.558211,73.336072,5.215839,0.805789,-0.617105
513,4770,3.319915,-0.870049,-1.299143,0.075751,-0.873979,-0.687462,-0.890517,1.833657,0.661580,2.591946,0.219867,-0.850324
513,4771,3.404669,-2.736459,-2.642429,1.656060,0.213473,-5.536665,-0.089561,0.498468,0.160273,2.692173,1.208448,-0.548713
513,4772,1.929852,0.247668,-2.824975,0.465071,0.144012,-1.097063,-2.971004,2.188855,0.987737,2.119264,1.392121,0.424883
513,4773,1.672642,-1.565038,-3.675892,-2.157086,-0.769570,0.573702,-2.263237,0.622739,1.220860,3.157195,1.351334,-0.325832
513,4774,2.755808,-2.211150,-1.229081,2.511712,-1.413963,-1.057445,-0.546056,2.239723,0.857380,2.965455,0.967039,-2.392422
513,4775,2.639205,-3.147702,-1.535801,2.868517,0.009411,0.804450,-0.208837,1.483407,0.069759,2.911841,0.905147,-1.304484
513,4776,3.741169,-1.954334,-2.781805,0.250299,-1.311943,-4.744347,-1.406444,1.717759,0.023309,3.294794,1.133031,-2.750439
513,4777,2.120841,-1.852680,-2.745450,-0.548482,-1.717463,-1.356999,-2.938605,2.744858,-0.507594,1.759113,0.350177,-1.139786
513,4778,0.942016,-1.052023,-1.298961,0.935091,-1.377648,-3.073894,-3.091102,1.256092,0.508008,1.807152,1.348816,-2.643783
513,4779,1.359187,-2.518785,-1.099579,2.073851,-2.140483,-2.596215,-1.988186,1.496916,0.957750,4.350537,1.613620,-3.506645
514,4780,3.772397,-2.528333,0.363694,2.052432,-0.399455,-6.699328,-2.682534,1.991191,0.430359,2.540501,0.804058,-1.793801
514,4781,3.844163,-3.330888,-4.205342,3.980483,-0.037988,-4.019307,-4.409147,2.976855,0.582673,3.031774,1.675551,-2.063602
514,4782,2.198356,-2.282071,-1.709773,-3.125196,-0.518415,-3.065217,-3.074149,1.866891,-0.310667,4.066268,0.821266,-0.418416
514,4783,2.027287,-2.293738,-2.700410,0.880718,-0.952636,-5.635341,-0.705528,1.883179,0.467998,3.593670,1.168058,-1.255287
514,4784,1.837241,-0.336243,-2.457201,-0.586653,-0.877708,-3.908650,-1.251462,1.159064,0.734320,2.970697,1.792310,-1.712468
514,4785,4.056359,-1.410150,-1.983346,1.630002,-0.110129,-2.787172,-1.569673,1.420949,0.846171,3.519265,1.568388,-2.589068
514,4786,1.960150,-2.287036,-4.711528,0.407147,-0.870549,-0.167284,-2.428880,2.208337,0.526905,2.753992,1.251857,0.914131
514,4787,2.698719,-3.638967,-3.562255,3.413084,-0.295924,-6.052164,-1.607881,2.889411,0.479445,2.535967,0.797678,-1.694120
514,4788,2.799297,-1.571086,-1.744677,3.313367,-1.063260,-4.650851,-2.326240,1.871681,0.615817,2.904305,1.161776,0.111580
514,4789,2.939583,-2.559176,-3.126436,0.486212,-0.244747,0.232336,-4.200336,0.797208,0.882820,1.326679,1.176902,0.318915
515,4790,1.907361,-1.112148,-0.405739,3.009228,0.220686,-2.088458,-3.411567,2.957265,1.025754,3.173952,1.291207,-1.907294
515,4791,2.401981,-1.101793,-1.678908,1.189816,-0.236824,-5.426928,-2.998900,2.819671,0.716754,2.923261,0.633894,0.389851
515,4792,3.072209,-2.054577,-2.109762,-0.415613,-1.074005,-4.091952,-1.629417,1.082806,1.017404,4.069117,0.680253,0.334903
515,4793,3.884644,-2.921556,-1.751860,-4.520679,-0.639723,-3.975599,-2.986562,1.958485,1.267409,3.200116,1.853600,-2.412099
515,4794,0.824127,-3.747187,-2.311355,-0.459292,0.455697,-3.362232,-4.111734,1.766207,0.913880,3.474708,0.752857,-1.604182
515,4795,2.357435,-1.875590,-3.175820,0.601163,-2.175564,-3.225991,-2.927979,0.956198,0.309409,2.293993,1.289780,-1.900976
515,4796,2.494262,-1.439151,-0.908217,0.409119,0.698984,-4.659355,-2.280916,2.048274,0.690230,3.176208,0.771371,-0.538024
515,4797,2.575698,-1.951549,-0.984471,-0.451443,0.091347,1.110131,-0.533207,2.322425,-1.055669,3.157552,0.253577,-0.702581
515,4798,1.708232,-1.896791,-3.213511,-0.367049,-0.373367,-5.717785,-1.081054,1.279475,0.949977,3.160792,1.926541,-1.071968
515,4799,3.138529,-2.456014,-2.280416,3.444379,-0.213630,-5.013099,-2.364936,2.381144,0.884594,2.783421,1.526838,-3.233699
516,4800,1.849223,-0.546220,-2.403154,3.234645,-0.596514,-2.337533,-3.572700,2.596643,0.589589,2.421289,0.006849,-3.078398
516,4801,2.279992,-1.799771,-2.922986,-0.195437,-0.934821,-4.609960,-1.384956,2.069025,0.093424,2.511184,1.150639,-2.004211
516,4802,2.094642,-0.686824,-3.118440,1.340473,-3.292631,-1.184386,-2.313088,1.765288,0.790078,2.618118,-0.908261,-1.816644
516,4803,2.639718,-1.733743,0.512077,-0.594908,-1.225949,-0.362295,-2.132990,1.740349,-0.534106,3.601679,1.390191,-1.463522
516,4804,2.915901,-2.762882,-2.535403,4.818924,-0.782826,-2.295521,-2.319997,2.625226,1.117698,3.625376,1.697828,-1.301811
516,4805,2.242086,-2.287561,-0.833604,2.290086,-0.524066,-1.621746,-1.707037,2.535017,0.224213,2.433228,0.640835,-1.820682
516,4806,3.313696,-1.418326,-2.685642,1.060527,-0.890841,-0.011764,-1.228127,2.262624,0.579710,2.194457,-0.053174,-3.549630
516,4807,2.721627,-1.867743,-1.890247,0.427227,0.566857,-7.196655,-1.475186,3.394105,0.825399,2.623455,0.908795,-3.229319
516,4808,2.944673,-1.982477,-4.299166,3.001635,0.006173,-7.494322,-2.723483,2.162698,0.803206,2.937627,2.108361,-1.030432
516,4809,2.263780,-1.084691,-1.800375,-0.847855,-1.957479,-2.294166,-3.810812,1.554682,0.043196,3.242189,0.485136,-1.373436
517,4810,2.465871,-2.150097,-4.134553,0.977688,-0.675806,-0.420478,-0.729314,1.275518,1.192508,3.576310,-0.047002,-0.992505
517,4811,2.786843,-1.078019,-1.318132,1.739203,0.763210,-2.604189,-1.282964,2.346020,0.539091,3.516081,1.619772,-0.049925
517,4812,2.798636,-3.229833,-0.960957,2.103245,-0.222209,-1.129599,0.144866,3.128797,1.611102,3.038041,-0.194040,-0.687786
517,4813,3.417682,-1.429354,-1.033130,0.285937,0.114140,-4.789648,-2.715861,3.366746,0.868210,3.192959,1.031007,-1.670296
517,4814,2.744121,-1.309069,-3.287851,1.488013,-1.172333,-2.621203,-2.348099,1.686641,0.011217,3.921464,0.621354,-3.468364
517,4815,2.464286,-1.995923,-1.891080,2.181961,-0.438800,-3.710289,-1.224163,2.942604,0.885566,3.658703,1.081288,-1.300840
517,4816,1.445864,-1.994882,-2.006181,-0.065635,0.622392,-0.688022,-2.601865,1.995610,-0.178574,1.698620,1.365000,-0.312652
517,4817,2.276772,-2.104968,-1.575864,-0.278708,-0.738357,-1.677706,-5.442297,0.623208,-0.188155,2.533045,-0.215987,1.095173
517,4818,1.573609,-1.426131,-4.094019,-1.086712,-0.592472,0.339951,-1.872280,2.213568,-0.351380,2.384588,2.445861,-0.561833
517,4819,1.137508,-2.472253,-1.644122,-1.476519,-1.022902,-6.966625,-4.192220,2.726297,-0.013777,2.611421,1.923422,-0.131493
518,4820,4.082377,-3.089991,-2.109029,-1.821355,-0.358527,-1.391956,-3.603823,2.144617,1.608968,2.656023,2.174453,-1.719795
518,4821,3.264692,-1.382786,-0.494636,-0.307448,-0.196456,-2.625387,-5.037451,3.780164,1.050800,2.917400,0.693555,-0.194680
518,4822,3.089330,-2.370766,-3.495690,-0.793984,-0.411374,-1.779920,-0.481953,1.212177,0.874203,2.519148,0.212995,-0.884263
518,4823,-0.263054,-3.401611,-1.632955,1.266945,-0.729589,-2.129617,-2.311062,3.121802,0.718655,3.793404,0.977389,-1.776715
518,4824,1.494287,-0.793912,-2.850226,-0.273160,-0.381271,-1.854292,-2.497474,2.828667,0.227539,2.521683,1.965830,-1.032548
518,4825,3.164050,-1.914204,-3.195495,1.523129,-0.959568,-0.622368,-3.187390,2.202076,0.687264,2.582892,1.337681,-1.969535
518,4826,3.229273,-1.888571,-2.363429,0.322971,-0.762019,-2.878377,-4.891023,2.460286,-0.074211,3.737181,2.420580,-1.020768
518,4827,2.183506,-1.590761,-2.059869,0.357528,-0.768767,-0.835133,-3.067836,2.984932,0.913327,2.639370,1.025255,-2.043025
518,4828,3.184300,-1.758784,-1.867247,-1.647897,-1.357779,-2.974230,-2.233179,2.427784,-0.298890,3.613684,1.248700,-0.902005
518,4829,1.922232,-2.066475,-1.511682,2.738388,-0.967756,-0.232071,-1.292303,2.824880,1.772080,2.258706,1.525310,-2.597254
519,4830,2.102408,-2.326301,-2.551286,-1.920038,-1.036567,-3.696755,-3.023931,2.481995,-0.222125,4.017926,0.052143,-3.140390
519,4831,4.059146,-1.391775,-3.615276,0.439290,-0.643842,-2.472460,-2.093345,2.603757,0.376473,2.883149,-0.051904,-0.980198
519,4832,3.379605,-2.614749,-1.643953,0.124986,-1.220112,-3.548422,-4.613639,2.712311,0.276313,3.230596,0.981843,-0.682410
519,4833,2.596329,-1.964564,-2.001146,-2.707955,-1.033325,-0.735737,-1.325047,2.252960,-0.283811,3.639047,0.752826,-1.788238
519,4834,1.293356,-1.981595,-4.003140,-0.954258,0.232463,-4.381107,-4.441356,2.169254,0.149955,2.667063,0.917885,-0.358234
519,4835,3.716236,-2.448977,-1.972550,0.449024,-0.800809,-2.815513,-2.940190,3.127489,0.464078,1.664170,0.210389,-3.748588
519,4836,2.323106,-2.987658,-3.123958,2.070315,-1.280836,-3.473376,-1.874631,2.208733,0.914309,2.263043,0.630251,-2.007824
520,4837,4.487362,-2.661847,-3.321615,0.824377,-0.235239,-3.626346,-1.249978,3.353590,1.741041,2.387496,0.854281,0.478354
520,4838,3.665300,-2.384819,-1.828401,0.578081,0.383274,-3.594628,-3.907337,2.512405,0.479147,3.180825,0.754749,-0.390639
520,4839,1.904337,-0.746019,-1.417702,3.660358,-3.009533,-2.510662,-2.299704,2.594625,0.344424,3.372150,1.593503,-1.488992
520,4840,3.204534,-0.653624,-1.966738,-2.161175,-1.861471,-0.856650,-2.065120,2.444565,0.558021,3.252663,0.839816,0.133866
520,4841,2.921217,-2.290603,-0.702880,0.980567,-0.141798,-1.225766,-0.919648,2.955622,0.280300,2.407425,0.790340,-1.092893
520,4842,1.736125,-2.001134,-1.295408,3.636852,-1.572618,-0.710169,-2.733966,1.985207,-0.233992,2.682180,0.740357,-2.334713
520,4843,1.894242,-2.113307,-2.801711,1.243512,-1.407273,-0.467158,-3.456766,2.356986,0.868231,2.708788,1.309332,-0.816999
521,4844,1.268286,-2.138739,-2.985064,-0.049224,-0.031950,-0.236795,-4.079930,2.367980,0.803201,2.040352,0.803407,-1.177763
521,4845,2.823103,-1.278657,-1.655509,1.753723,-1.157756,1.392375,-0.670051,1.811048,1.550305,3.118924,1.497124,-2.170826
521,4846,1.671585,-1.590820,-2.419276,-0.506455,-1.161249,-4.722815,-5.049365,1.292277,1.292354,3.849007,0.460134,-1.050512
521,4847,4.351753,-1.972644,-2.238668,-0.668893,-0.023792,-3.314751,-3.392694,2.233373,0.219667,2.726814,1.596902,-1.695142
521,4848,1.208700,-2.642231,-2.027660,1.533939,-1.559926,-2.745579,-0.427178,3.940705,1.559983,3.094886,1.790731,-1.935154
521,4849,1.708880,-2.164086,-1.262249,0.521834,-0.821692,-0.500927,-1.671735,3.150101,1.319820,2.935689,1.413316,1.935008
521,4850,2.154835,-2.463260,-1.604108,0.299243,-0.084331,-2.026938,-5.169677,1.041808,-0.092725,1.985339,1.132898,0.082834
521,4851,0.108372,-1.786917,-2.831390,1.543222,0.758619,-0.895884,-2.433225,1.402896,1.309480,2.352980,2.190340,-3.690192
521,4852,3.323062,-1.243663,-0.854696,1.153761,-2.408102,-4.420331,0.098717,2.343843,1.752265,2.586120,1.262360,-4.092445
521,4853,3.906083,-2.013155,-1.232714,1.232403,-0.562108,-6.221500,-1.128337,2.684241,-0.515272,2.462372,0.216658,-1.743775
522,4854,2.099562,-2.100349,-0.986099,-1.485949,-0.190490,-4.789497,-1.559953,1.207904,0.520789,3.504563,1.610365,-0.373771
522,4855,1.758834,-3.020992,-1.064049,-2.433033,-0.007193,-4.117622,-0.408864,1.327678,0.548767,1.850891,1.639155,-1.433889
522,4856,2.312640,-3.294224,-2.339170,1.899339,-0.906121,-2.276950,-3.832187,2.533833,1.552142,2.830672,1.050608,-0.442359
522,4857,1.686103,-2.356255,-3.269444,-1.643825,-0.386264,-3.309159,-1.880447,2.515899,1.165325,2.719447,1.349212,-2.360838
522,4858,1.760135,-1.114657,-4.668246,-1.312194,-0.548832,-2.753579,-3.713095,1.022974,0.563183,2.009155,0.732281,-1.498133
522,4859,2.193544,-2.647833,-0.859075,0.856913,-0.640163,-1.304277,0.211006,1.782262,0.297444,4.201174,1.663754,-0.908213
522,4860,1.914606,-0.908847,-1.794400,-0.467515,0.666792,-1.515770,-2.537089,2.249896,0.554812,2.716596,0.449696,0.285954
522,4861,2.723445,-2.942697,-1.030366,1.678828,0.606433,-3.783687,-3.971317,1.725306,1.373056,2.774185,0.637114,-0.225352
522,4862,1.701303,-3.100584,-0.964637,-1.254273,0.882142,-5.866223,-0.895641,3.021869,-0.186520,2.717201,0.670626,0.258035
522,4863,1.582277,-2.303824,-0.600692,1.244337,-2.333767,-2.942221,-1.773591,2.161528,0.363791,1.910258,1.245664,-1.867198
523,4864,1.897022,-0.871540,-3.677778,1.861005,-0.782450,-0.286232,-1.341347,2.371073,1.690839,2.846691,1.527294,-0.542413
523,4865,1.638180,-1.982061,-1.822666,1.859391,0.472979,0.023715,-0.217128,2.504689,0.255502,3.209261,1.404348,-0.751600
523,4866,2.552083,-2.137973,-2.408449,-2.146887,-1.833745,-1.448628,-2.432965,2.873353,-0.255655,4.072464,0.956858,-4.060996
523,4867,2.825714,-1.413724,-2.970283,-1.580213,-1.141832,-0.837507,-3.217106,2.721957,0.539331,3.707126,2.471958,-1.201940
523,4868,2.599564,-1.885704,-2.451011,-4.498705,-0.192314,-1.913578,-1.739904,2.392597,-0.557417,2.074677,0.839873,-2.032890
523,4869,3.748257,-1.643167,-2.682364,-1.036649,-0.743311,-3.223992,-0.896935,2.680927,0.677782,2.941016,0.994187,-0.648732
523,4870,1.946073,-2.062809,-1.422664,0.753557,0.275337,-1.711171,-2.473240,1.237455,0.589642,3.534797,0.352477,-1.754143
523,4871,3.444539,-2.664111,-1.658750,0.143236,0.460008,-2.185126,-3.037090,2.105366,-0.538875,3.114118,2.104507,-0.628997
523,4872,2.564112,-2.211169,-1.763398,-0.896710,-1.810248,-2.137239,-2.569068,2.496671,0.528937,2.696178,1.426581,-1.374392
523,4873,3.214511,-1.791604,-1.544208,1.239655,-0.828354,-3.355873,-3.099436,2.722828,-1.941968,3.170882,1.397125,-0.831874
524,4874,1.864847,-1.891863,-0.066801,-0.654253,-0.436985,-4.454406,-3.380015,1.377281,0.728391,2.991960,1.045586,-1.143022
524,4875,1.691527,-2.667658,-3.851587,-1.148639,-1.084486,-3.198390,-2.133324,2.733735,-0.186016,3.428124,0.525917,-1.869678
524,4876,2.388152,-2.609567,-2.553459,0.552861,-0.888541,-2.713386,-2.717723,2.123438,0.073626,2.961044,1.248224,-0.506193
524,4877,3.027781,-1.624860,-0.217916,-0.498644,-1.908298,-5.041241,-3.101672,1.158099,0.683939,1.373792,1.591605,-0.902512
524,4878,2.150529,-2.243031,-2.578290,0.757797,-0.536616,-4.067286,-3.678388,3.646054,0.742326,3.034165,0.333292,-1.113355
524,4879,2.358566,-1.975592,-2.359505,1.913496,0.323526,-1.769762,-2.450759,0.757746,0.632065,3.239669,0.290277,-0.428467
524,4880,4.201005,-2.303449,-2.341981,2.704796,-0.290589,-2.664097,-1.591635,1.750255,1.126065,4.149742,1.095850,-0.487403
524,4881,1.152088,-2.381435,-2.679889,2.032925,-0.254980,-1.214138,-4.059199,1.933492,0.908108,1.994491,1.843935,1.518339
524,4882,2.077920,-1.157613,-2.183377,-1.021709,-1.878237,-1.319555,-2.349902,2.634510,-0.216239,2.801168,0.957792,-1.652061
524,4883,3.235506,-1.665402,-2.536908,0.798898,-1.332055,-3.804542,-0.961541,3.565445,0.622590,2.371421,1.504284,-1.868945
525,4884,2.605553,-0.826906,-2.289871,1.047900,-1.183065,-4.162528,-1.535193,1.300385,0.070750,3.115931,0.576829,-1.321659
525,4885,3.320070,-1.722270,-1.555278,1.332765,-0.442944,1.020793,-3.149307,1.623224,-0.051543,3.505953,1.939051,-1.018056
525,4886,3.022220,-2.048658,-1.235150,0.280490,-0.895549,-0.063641,-0.700831,2.833128,-0.067996,2.830727,1.106059,-2.700371
525,4887,1.877317,-1.679272,-1.165962,0.170060,-1.860305,-2.766184,-1.303336,1.323214,-0.252865,2.765922,0.038946,0.598332
525,4888,2.280307,-2.209174,-2.348979,2.875979,-2.384082,-4.780734,-1.922852,1.280378,1.050385,3.551577,1.358198,-2.325943
525,4889,2.292710,-2.806042,-2.494519,0.968652,-1.287162,0.411781,-3.262432,1.464851,0.724442,2.606089,0.373383,-0.908207
525,4890,3.047604,-2.543597,-0.875897,2.111498,0.004605,-1.048633,-2.199298,1.896717,-0.394395,2.399470,1.277020,-2.356880
525,4891,5.239256,-2.028852,-2.270502,-0.357350,-0.775739,-3.624471,-0.678801,2.158827,0.506833,3.141621,0.626964,-1.794672
525,4892,0.780576,-2.434666,-3.273614,3.140142,0.760712,-5.169379,-4.039461,1.890946,1.404519,3.609214,1.065194,-1.815413
525,4893,3.895638,-1.281253,-4.100381,0.787820,-1.580664,-0.514258,-2.376943,3.439402,0.265190,3.028670,0.813445,-0.632001
526,4894,121.911966,-0.292967,-3.306701,262.254323,-2.810521,-912.780360,-1.348448,388.313175,-260.257132,4.425544,1.413821,-0.232294
526,4895,1.895787,0.426734,-4.042727,-163.801805,-2.709099,-592.368062,-2.789842,209.726201,92.649794,5.013343,-0.139707,0.904371
526,4896,151.480394,0.454293,-3.322114,106.609451,-4.130273,-448.559371,-2.193200,354.889224,30.236844,3.961136,0.936125,-0.796376
526,4897,216.823559,-1.419838,-3.708923,-275.303077,-3.787327,-485.521175,-3.194993,7.778320,41.025548,3.730494,0.862658,-0.242594
526,4898,96.514932,-0.623056,-3.587109,316.037031,-3.562821,-659.282212,-2.923285,309.127703,-152.413899,3.419354,1.625957,-1.374093
526,4899,70.564078,0.136336,-4.292153,252.714919,-3.506517,-757.549420,-1.483553,170.699098,144.309305,4.767656,0.424885,1.083730
526,4900,106.264826,-0.892486,-2.419761,-514.694903,-2.641148,-113.603098,-2.445600,268.679021,-57.033020,2.631692,0.433810,-0.996681
527,4901,2.499159,-0.719792,-1.005175,-0.397883,-0.990735,-2.449010,-1.143353,2.170387,0.788437,3.721570,0.561329,-1.699146
527,4902,2.643019,-2.037291,-0.308580,-1.195013,-1.201342,-4.716597,-3.279857,3.115809,0.649182,2.741646,0.327437,-0.937681
527,4903,4.621786,-1.283369,-1.360438,0.415511,-1.077327,-1.798501,-3.541081,0.407067,-0.915737,3.511332,1.700209,-0.699946
527,4904,4.392270,-2.458082,-1.601684,-0.512535,-1.646129,-2.647177,-1.261100,1.971075,-0.089927,2.808028,0.661316,-0.164299
527,4905,3.415399,-2.074137,-1.968395,1.548608,-0.549219,-1.897611,-4.363844,2.561765,1.382359,1.917112,0.780115,-0.454422
527,4906,1.603280,-1.774611,-3.938128,5.796009,0.430779,-3.489035,-0.736060,2.643069,0.184678,2.640508,1.146694,-1.523178
527,4907,2.119985,-1.609915,-2.695092,1.097709,-1.480372,-0.633123,-0.500382,3.090926,-0.217414,3.774309,1.323921,0.409594
528,4908,42.538486,-0.738776,-3.424218,-274.623431,-2.272519,-125.584511,-0.212939,126.365978,227.533131,3.576736,0.513567,-1.076347
528,4909,194.213072,-0.329294,-4.295330,74.340361,-2.981795,-817.726675,-1.462682,322.941705,67.074686,3.818777,1.603365,-1.177324
528,4910,192.640261,0.484453,-2.707816,67.676153,-3.433660,6.997607,-1.241521,413.064994,12.231890,4.342666,1.159477,-1.045505
528,4911,172.532960,-0.130032,-2.522419,191.969293,-2.334951,-757.637263,-0.355349,156.705621,170.219807,3.726145,1.664881,-1.812355
528,4912,169.017366,0.769763,-3.881315,28.348231,-4.403055,-620.225383,-0.697555,358.335076,0.508631,3.796540,0.362182,0.950073
528,4913,189.717297,0.818200,-2.501121,124.742592,-4.199350,-230.021014,-2.566012,311.428057,186.663143,3.865844,0.965959,0.233948
528,4914,256.387035,0.623831,-2.650004,145.607067,-4.143322,-945.418476,-3.634038,187.486331,231.903017,3.859172,1.048868,-0.955594
528,4915,133.782306,-0.312043,-1.074798,16.735807,-2.896415,-1012.634269,-2.125823,297.270620,11.609236,5.107199,1.716604,0.708267
528,4916,83.373896,-1.320944,-2.018625,588.733074,-3.138655,-622.445573,-1.227005,447.497597,55.421528,3.871270,1.439036,-0.489719
528,4917,136.799245,0.362160,-4.786483,294.491313,-4.088268,-323.119088,-1.503084,264.901575,193.638481,4.666971,1.343422,0.384945
529,4918,2.955414,-1.326864,-2.718956,0.251993,-0.096086,0.152807,-3.657837,2.124769,0.260120,3.006578,0.918346,-0.942094
529,4919,1.145511,-2.175090,-2.294851,-0.117586,-1.300862,-3.879368,-1.745526,1.632106,0.526961,2.896807,1.004631,-0.380590
529,4920,1.820783,-2.842342,-1.965665,-0.268861,-1.523528,-4.810919,-2.106776,1.323159,0.835037,3.174735,0.884586,0.047070
529,4921,1.767930,-3.073599,-1.963491,0.531596,-1.264840,-1.928391,0.519466,2.923632,-0.531852,2.274054,0.082213,1.877517
529,4922,3.077097,-3.155277,-2.088070,4.192700,-0.605183,-2.127654,-2.307721,1.161650,-0.069713,3.193877,0.291681,0.058141
529,4923,2.980236,-1.065948,-0.471473,-0.463475,-0.673634,-3.082307,-3.821061,1.474450,-0.233327,2.878989,1.995015,-0.127648
529,4924,3.946310,-2.246600,-1.882779,-1.188007,-0.970528,-1.839178,-4.026713,2.702900,-0.067642,3.516580,1.540025,-0.847220
530,4925,145.879279,-1.455072,-3.051412,242.825778,-5.640354,-1755.207089,-1.759867,207.839599,36.881761,4.318625,0.911818,1.062480
530,4926,71.126268,-0.143417,-3.120942,-123.123919,-2.451403,-200.947307,-3.676808,324.465710,61.173302,4.206250,0.855424,-1.019749
530,4927,214.438836,-0.026819,-3.027566,284.334218,-5.540304,-995.160361,-0.863030,366.841095,29.298975,4.660296,0.001724,0.380994
530,4928,225.600447,-0.102171,-2.290162,-68.377687,-3.703447,-650.754397,-2.455099,383.203585,216.363735,3.882969,1.116251,-1.135276
530,4929,265.173801,-0.535673,-2.871776,337.661381,-1.713060,-419.905410,-3.321755,4.908760,262.580766,4.052422,1.249022,0.508144
530,4930,160.601691,-0.105608,-1.618864,190.684322,-3.109661,-926.369964,-3.592555,279.700463,-232.082175,1.948839,0.677077,-0.790337
530,4931,177.657354,-0.360686,-2.997603,-56.610400,-3.118124,-127.798825,-2.197104,275.608804,130.309630,4.388112,0.699067,-0.835847
530,4932,231.517311,-1.324785,-3.581363,590.924933,-1.995917,212.784494,-3.427612,306.141339,40.081532,3.793858,0.904972,-0.597732
530,4933,154.984309,0.283532,-2.823714,110.143623,-3.197162,-1112.747887,-1.909194,244.857425,-185.041949,6.150139,0.345219,-0.100549
530,4934,167.004878,-0.285707,-1.399358,38.947167,-4.186266,-1374.518815,-2.763301,197.877268,145.132366,4.802823,1.438048,-0.809554
531,4935,105.738965,-0.104062,-2.907256,283.656546,-2.413052,-1132.622494,-3.496484,168.805215,157.845564,4.605131,1.619442,0.743178
531,4936,95.770708,-0.437994,-2.775297,37.650201,-2.579199,-908.094119,-2.347748,219.751166,184.525188,4.158314,0.788411,1.201725
531,4937,161.491804,-0.846440,-2.320005,-105.687245,-2.751168,-1117.824449,-0.860954,154.802968,180.895181,3.810280,0.351420,0.125119
531,4938,144.783767,1.486585,-3.124211,411.181351,-2.065063,-549.525965,-2.579020,261.861906,137.668520,3.443823,0.973498,-2.287163
531,4939,194.070391,0.000981,-2.830353,87.671206,-3.675624,-529.078780,-3.642459,347.582312,143.796858,4.335985,0.550131,-0.287970
531,4940,149.654092,-0.193829,-3.645438,296.699824,-3.521928,-263.494086,-3.905022,316.268013,224.316747,4.199377,0.570568,-2.615479
531,4941,57.293875,-0.524169,-4.706405,115.759142,-4.346846,-536.321197,-2.710240,240.193409,187.095327,4.894140,0.755482,0.710609
531,4942,123.907042,-0.590921,-4.810040,-422.231637,-1.578345,-844.511333,-2.574882,78.178718,62.095272,3.752712,0.585615,-0.870713
531,4943,170.275621,-0.951555,-0.671562,70.157438,-4.997206,-599.812528,-3.066343,319.742397,-101.374242,3.917583,1.001892,-0.586447
531,4944,17.484988,0.279790,-1.192592,42.442951,-3.223485,-1238.484194,-1.620776,350.395031,126.843509,3.874454,0.126870,-1.927965
532,4945,1.876851,-1.860234,-4.551402,0.711856,-0.717840,-3.776073,-0.383611,1.394195,0.156030,2.030062,0.766191,-1.214609
532,4946,3.258348,-2.907726,-2.445784,3.447166,0.837168,-5.226998,-1.946072,1.689103,-0.093375,2.686647,0.617388,-1.908714
532,4947,1.092166,-2.041321,-1.618442,2.487386,0.567432,-3.311165,-2.203848,2.660581,-0.153277,2.346501,0.952964,0.418461
532,4948,0.663574,-2.454924,-1.375172,1.671412,-1.444158,-1.200295,-1.463615,2.095652,0.512187,3.273745,1.959144,-0.598044
532,4949,3.003931,-2.402766,-1.818866,-1.373198,-1.298577,-3.442637,-3.556552,3.365499,-0.567795,3.112288,1.187588,0.484823
532,4950,2.200882,-2.532978,-2.942621,0.041798,-1.273412,-1.174112,-2.457480,1.177979,0.560691,3.468472,0.863312,-0.499651
532,4951,2.460270,-1.041231,-1.750693,-1.207171,-1.351545,-1.994149,-1.714039,3.270218,0.342221,3.284159,1.674107,-1.441323
532,4952,2.251190,-1.760079,-2.136577,-1.842013,-0.842156,-3.411767,-1.926518,3.328698,-0.964475,2.899384,1.873022,0.792662
532,4953,2.399137,-1.693290,-2.762780,0.190270,-1.087362,-0.469974,0.288206,2.883926,0.541007,2.765469,1.150442,1.023501
532,4954,1.931880,-1.430367,-1.579092,1.374593,0.434462,1.144461,-1.821519,3.727869,0.473227,3.018907,1.412174,-2.093765
533,4955,3.755015,-2.469258,-2.937314,0.265417,-1.369163,-2.809588,-3.330523,2.350230,1.172096,2.949680,1.843353,-2.430901
533,4956,2.514196,-2.549383,-2.364090,0.905644,0.243417,0.293251,-1.657963,2.905029,-0.023772,2.393083,1.117355,-1.293463
533,4957,1.529043,0.074606,-3.558224,-2.006800,-0.237179,-2.517154,-2.689735,1.629658,-0.031654,2.133112,0.133783,-0.266765
533,4958,2.907950,-2.759613,-2.538470,-2.729843,-2.253589,-2.687668,-2.875146,0.777398,0.809926,3.036965,0.478560,-0.264321
533,4959,4.759809,-0.934301,-2.142821,-0.541974,-0.207135,-5.395294,-3.151634,1.374225,1.612845,3.166580,1.399710,-1.067355
533,4960,1.764928,-0.916989,-3.013486,-0.089945,0.257048,0.025740,-1.334500,2.151850,-0.342452,1.740449,1.726013,-1.318512
533,4961,3.851652,-1.910021,-3.763329,-2.566765,-1.710249,-7.777438,-1.236780,1.915344,1.483377,2.812521,1.833634,-1.786625
533,4962,0.511500,-0.673721,-2.860591,-1.270471,-0.781735,-3.596880,-1.144826,1.660979,0.104056,2.971203,1.821709,-0.057387
533,4963,1.049404,-0.924016,-2.562194,1.448880,-1.788837,-1.214921,-2.326791,2.341884,0.782201,3.189772,2.445960,-0.681210
533,4964,2.318584,-2.862167,-4.084684,2.632412,-0.341446,-3.042956,-3.501639,3.179568,0.132694,3.827637,1.413273,-3.283355
534,4965,57.906488,0.051119,-4.066603,54.446994,-3.068986,-731.936502,-4.022910,222.639571,270.287128,4.792555,0.928127,-0.795387
534,4966,120.570291,0.668178,-3.728068,470.434747,-3.963704,-662.409898,-0.223947,327.289856,171.585153,4.022560,0.622183,-0.979772
534,4967,186.127157,0.590688,-3.191142,-200.173706,-1.875001,-265.299976,-2.331893,325.640672,29.118748,4.200615,1.515725,-0.747508
534,4968,89.680284,0.086584,-1.643110,10.079015,-3.340800,644.341821,-0.308911,126.659295,-90.983444,3.709941,-0.158628,0.560819
534,4969,122.069448,-0.296775,-3.328737,144.459027,-2.235686,-906.879946,-1.852551,199.279969,275.029676,4.872981,0.299132,-2.555825
534,4970,222.567626,1.553373,-1.679011,193.881050,-2.954821,118.350768,-2.260360,476.001774,139.205587,5.594357,1.261971,1.088139
534,4971,263.030634,-0.987111,-4.496003,218.673487,-4.006386,-477.349991,-0.759711,213.594410,-213.451236,5.124517,1.038436,-1.073870
534,4972,129.042288,1.423904,-2.599498,92.689669,-2.860602,-1122.494952,-2.018840,461.133823,119.820781,3.986871,-0.630219,0.349603
534,4973,107.954151,-0.819809,-1.674263,112.517214,-1.186036,-722.554765,-4.618152,257.605522,163.230901,4.307051,0.394412,-0.138589
534,4974,230.110243,0.117055,-2.969883,268.347495,-4.841201,-968.937092,-0.345156,269.619397,42.858645,3.874869,1.365251,-0.247524
535,4975,2.346751,-2.021196,-2.504875,0.960328,-1.010613,-1.966676,-3.593585,2.844839,-0.653826,3.226899,1.660826,0.249814
535,4976,2.055489,-0.647545,-3.354089,2.746353,-1.340658,-3.148472,-0.659292,1.528831,0.488656,4.241185,1.095220,-1.177074
535,4977,1.369833,-2.498649,-2.480106,2.071551,-0.980017,-3.414270,-0.531825,2.199073,0.808771,2.462841,0.539517,-2.654215
535,4978,2.186441,-1.147677,-2.837037,0.431414,-1.717321,-0.665573,-0.695010,2.611215,0.490031,3.787121,0.556086,-2.242384
535,4979,1.856848,-2.723177,-0.805849,0.061956,0.507993,-2.548248,-2.310005,1.951493,0.939022,2.670624,1.309780,-0.943300
535,4980,2.582257,-0.611917,-2.560081,1.418228,0.641664,-1.118531,-1.792970,1.709607,1.486291,2.056993,2.304802,-3.258775
535,4981,1.106832,-1.502110,-2.381755,-0.074912,-0.040278,-1.834164,-1.654582,2.991651,-0.581280,3.233742,2.425848,0.879589
536,4982,161.209417,0.385995,-2.473962,-73.902557,-3.690016,-373.369164,-1.493395,187.355504,73.762048,4.750247,1.741119,0.788819
536,4983,118.564436,-1.548612,-5.341665,58.391488,-4.145120,-494.664640,-1.517727,296.759650,-182.209934,4.560756,1.445752,0.865740
536,4984,119.662464,-1.408235,-4.030122,-67.245625,-4.465984,-171.820933,-3.758606,331.081921,67.837981,5.216695,0.564966,0.333746
536,4985,51.625224,-0.411939,-3.761724,47.155417,-2.761426,-407.523601,-2.811126,186.756951,286.327395,5.029375,0.642760,0.063195
536,4986,264.973196,-0.797393,-3.113663,170.252182,-5.409023,-1127.461929,-0.940057,168.032080,24.113176,3.779337,0.289175,-1.209141
536,4987,129.216640,-0.692516,-2.470981,166.972767,-2.650236,-1559.280982,-1.025358,393.774106,5.623100,4.297702,0.601021,1.794286
536,4988,97.512765,-0.067062,-3.265943,656.280932,-2.228225,-425.180186,-2.861187,523.595074,18.508732,4.636638,0.438404,0.691405
537,4989,138.926251,-0.175654,-3.304714,-44.278501,-4.402838,-809.506969,-2.034205,53.301837,264.321156,5.206997,2.094949,-0.117473
537,4990,142.860108,0.042258,-2.239536,-69.178737,-3.795191,-486.440508,-2.345903,244.849796,122.146589,3.307333,0.017498,0.899967
537,4991,122.008115,-0.367064,-1.712451,188.788722,-2.610195,-540.185400,-5.103780,240.775026,193.012440,3.770428,0.039936,-0.757905
537,4992,204.821970,-0.816645,-0.902015,-133.574733,-2.267663,-1006.074459,-1.111127,386.034419,-106.150277,2.695068,1.489903,-1.492612
537,4993,205.401059,0.406020,-2.660807,-172.311556,-3.550429,-606.381614,-2.127427,357.561233,31.216367,4.119702,0.358411,-0.909238
537,4994,107.336944,-0.438631,-3.198056,-93.568369,-2.617441,-398.213641,-1.705203,239.346154,123.754012,3.731974,0.875023,2.022601
537,4995,149.218723,-0.568046,-3.271787,229.654263,-3.440024,-1448.731025,-2.483903,221.012742,-123.522833,5.492122,1.506839,-1.097616
537,4996,240.140002,-0.549422,-3.307486,181.803267,-3.710752,-1483.620671,-5.247748,102.989634,226.402013,4.845372,0.587979,-1.950180
537,4997,173.970249,0.240992,-3.458492,53.895012,-4.488251,-688.375525,-2.181148,291.524831,277.286090,3.225360,0.789562,-0.843160
537,4998,196.688069,-0.755827,-3.781145,123.767692,-2.812747,-973.642468,-2.660814,368.494677,287.623051,3.990173,1.500801,-0.260212
538,4999,1.678557,-1.710582,-3.275826,1.923586,0.108390,-3.728224,-1.994120,2.490977,-0.254709,3.172990,0.364652,1.537871
538,5000,3.604056,-2.149698,-3.881858,-1.833067,-1.421342,-3.437577,-0.581002,2.639220,0.920320,2.864912,0.584349,1.148537
538,5001,3.321765,-1.315890,-2.449716,0.993307,-0.661854,-0.552118,-2.790717,1.645585,-0.282323,3.172083,0.781927,-0.627568
538,5002,1.378047,-2.327100,-2.063602,-1.319777,-0.755096,-5.574745,-2.728605,1.757352,0.234757,2.615756,1.221257,-0.866686
538,5003,3.004885,-1.671468,-2.870846,1.961606,-1.527500,0.111192,-3.011567,2.670721,0.549565,2.485747,1.042725,0.051923
538,5004,2.023608,-1.259489,-2.919370,2.740654,0.216944,-0.887774,0.612750,2.517940,0.385648,1.860469,0.910704,0.188526
538,5005,4.982005,-2.362254,-2.950219,0.603369,-0.832533,-2.351845,-1.980254,2.977556,-0.390208,2.504382,1.579634,0.676815
538,5006,1.608276,-0.708549,-4.322163,-0.856949,0.331996,-5.600361,-3.165852,2.628140,1.323478,3.144146,1.297987,-2.811135
538,5007,2.216982,-1.749902,-2.173691,3.808369,0.111682,-4.390236,-2.605498,1.680793,0.425221,2.688347,0.727465,0.195706
538,5008,3.089168,-1.663845,-1.211607,-2.002813,0.891100,-2.153468,-1.258758,1.787304,0.536584,3.130586,0.312239,-1.967976
539,5009,3.215471,-1.430096,-2.588990,-0.634473,-0.193527,0.530590,-2.131334,2.120947,-0.398644,3.821058,1.812329,0.974072
539,5010,2.089048,-2.435282,-2.924325,1.033686,-1.015525,-2.796497,-1.631305,2.926516,1.229497,3.698160,1.076528,-1.830933
539,5011,2.918344,-2.179191,-1.558151,5.704531,0.313495,-1.265994,-0.048412,1.014057,0.900721,1.422182,0.109890,-2.996699
539,5012,3.047476,-1.717534,-0.333623,2.646554,-0.306529,-1.135604,-2.577058,2.234879,-0.287734,3.279320,0.196339,1.010215
539,5013,2.509258,-1.569927,-3.781050,4.802203,-0.914489,-3.263694,-0.447707,0.527357,0.272911,3.065761,0.889731,-0.387310
539,5014,2.497312,-2.518058,-3.165086,1.276000,0.057407,-3.564556,-3.837687,1.931663,-0.157466,2.544285,1.332300,-0.556689
539,5015,2.146290,-1.660800,-0.162096,3.190475,-2.069826,-3.629536,-0.380685,1.709238,0.548261,2.689949,0.496449,-0.731586
540,5016,2.486037,-2.694130,-1.684729,-1.507913,-0.047915,-4.687943,-3.616709,2.900433,0.278338,2.513379,1.054539,-1.535747
540,5017,2.460543,-1.544135,-3.427430,-0.378518,-1.148603,-1.937371,-2.677307,2.915199,0.383275,3.722272,0.829984,0.684077
540,5018,1.008251,-2.610187,-1.863232,-0.868168,1.077775,-3.425719,-2.761019,1.562157,1.314847,2.864387,1.889384,1.549961
540,5019,1.240793,-1.741362,-2.338683,1.956060,-0.414150,-1.562021,-1.707311,3.018802,0.417487,2.771001,1.500004,0.022593
540,5020,1.645828,-1.015452,-3.161994,2.985880,-1.175242,-5.222476,-2.523467,2.846779,0.822154,3.125168,1.036315,-0.638575
540,5021,0.836801,-2.961797,-2.439927,-1.531747,-0.383828,-2.978509,-1.856980,2.503000,1.119027,3.229809,1.798737,0.339513
540,5022,2.771920,-3.195719,-2.892476,1.791384,-0.137460,-1.511905,-2.169682,1.726350,-0.096220,2.429415,2.039386,-0.925352
540,5023,3.100808,-1.520581,-2.947723,1.331459,-1.068064,-1.037510,-0.307795,2.111319,0.078732,3.492753,0.942294,1.902446
540,5024,2.339012,-1.660763,-2.106029,1.300161,-0.875930,-0.613299,-2.179716,3.747620,0.665699,3.057451,1.223112,0.336080
540,5025,2.871421,-1.008164,-1.255179,-1.450667,0.349579,-0.374201,-1.849191,2.841003,-0.142134,2.539711,0.095615,-0.948122
541,5026,2.710511,-2.116893,-2.748748,1.814528,-0.936407,-2.178617,-2.619669,2.515212,0.498572,4.201756,1.429191,-1.246550
541,5027,3.408570,-2.491825,-1.507477,-2.978580,-0.574411,-5.372534,-3.945285,1.588393,1.174367,3.239907,1.780182,-2.026272
541,5028,1.797246,-1.323205,-0.657148,-1.180227,-0.955909,-1.268693,-1.142177,1.441985,-0.343678,3.405756,0.272829,-1.240417
541,5029,3.471454,-1.755874,-1.224386,-1.127846,-0.669017,-1.136568,-1.717801,3.613243,-0.416848,3.006434,2.003504,-0.175371
541,5030,3.020382,-1.509810,-1.458369,1.399431,-2.530590,1.873426,0.840725,2.407868,-0.428745,2.909303,0.920295,0.433101
541,5031,2.876507,-0.749368,-3.167409,0.633219,-0.529320,-3.534878,-2.528805,2.639805,1.141862,2.672632,1.389380,-0.431467
541,5032,1.706312,-1.695697,-2.080756,0.546244,-0.332885,-6.334995,-2.358624,1.572296,1.070217,3.482075,1.285295,-0.767280
541,5033,2.322364,-2.754175,-2.718341,1.070328,-1.296065,-4.159166,-3.237696,2.887372,-0.273529,1.744549,1.836682,-0.525067
541,5034,2.291351,-3.050122,-1.059451,-2.399863,-1.395107,-1.756216,-2.674564,1.820182,0.165809,4.043774,1.526032,-2.256407
541,5035,0.601413,-2.158715,-2.233361,2.743197,-0.728485,-6.033203,-2.430888,1.946641,1.001666,2.628622,1.279214,-0.039321
542,5036,3.287043,-1.496500,-3.409020,-2.506024,-0.600119,-2.662013,-3.351523,1.749562,1.175981,3.156032,1.355911,0.888065
542,5037,3.838577,-2.932979,-1.449211,-4.022090,-1.436239,-0.619290,-4.092686,2.383933,0.560474,3.923613,0.130742,-0.418248
542,5038,3.805887,-1.499563,-2.216439,0.608668,-0.633127,-2.695982,-1.348944,2.403369,0.366270,2.902109,1.130102,-0.650746
542,5039,2.400484,-3.198520,-2.609410,0.230083,0.111291,-1.599991,-1.757097,2.414552,0.676933,4.265431,1.056614,-0.107343
542,5040,1.601232,-1.824229,-3.691114,-1.745028,0.343450,-1.372178,-3.498106,2.933845,0.680183,3.769860,-0.145270,-1.683927
542,5041,0.292779,-2.135794,-1.413425,0.847474,0.054542,-4.640385,-2.507652,2.965194,-0.379924,2.513611,0.875564,-0.619926
542,5042,2.125244,-1.820370,-1.737574,-0.410096,-0.776437,-0.875470,-3.426230,1.519231,-0.011739,2.327313,1.633690,-0.480260
542,5043,2.642289,-1.291672,-2.627155,-0.114618,-0.596536,-3.941513,-3.010686,0.795650,0.429471,2.505197,1.595331,-1.717862
542,5044,3.402566,-1.463128,-1.963794,2.797837,-0.479254,-2.936478,-3.281137,2.682772,0.768801,3.166089,0.152723,-1.224168
542,5045,1.722248,-2.728163,-1.935847,2.081465,-0.038861,-5.250164,-3.234380,1.082870,0.326158,2.682897,1.996793,-1.741311
543,5046,1.177863,-1.869874,-4.708118,-0.415150,-0.372903,-3.349028,-3.196719,2.700426,1.403479,3.328092,0.622753,-3.124056
543,5047,3.959255,-1.899398,-2.326188,2.964998,-0.785793,0.106089,-0.414702,2.450123,0.927262,2.462205,1.960495,-1.607433
543,5048,2.033031,-1.703650,-1.549755,0.324285,0.162239,-1.784240,-3.233813,2.223224,0.223192,4.002421,0.550789,-0.832708
543,5049,3.685110,-2.641875,-3.128770,3.059633,-0.945243,-0.461671,-0.874433,1.007979,0.693022,2.646521,1.008302,-0.877974
543,5050,1.490237,-1.942488,-3.499695,0.176212,0.501284,-4.841063,-3.608899,2.260337,-0.490360,2.507476,1.416053,-0.216982
543,5051,3.098240,-2.162308,-2.047538,2.370848,-0.252160,-1.398864,-0.520079,2.438817,1.356152,4.738083,1.230211,-1.300537
543,5052,2.816447,-1.538985,-3.067276,-0.264429,-1.964447,-2.049055,-3.872391,2.387043,1.125018,2.444299,0.844634,-0.371982
543,5053,2.156509,-1.887253,-2.694089,-1.399878,0.232825,-6.347697,-2.834298,2.000288,-0.747279,2.904277,0.859889,-1.284850
543,5054,1.513628,-2.615210,-1.733487,-1.474132,-2.709583,-4.359062,-2.350652,1.389483,-0.268742,3.288921,0.836556,2.089570
543,5055,2.726166,-2.852074,-1.485106,-0.070476,-0.104326,-2.063266,-1.641275,1.623507,1.428143,3.667722,1.263599,-2.556541
544,5056,59.332528,-0.120739,-1.448699,14.992925,-4.542022,-854.464223,-1.246663,91.031900,-32.168508,4.103757,0.232625,-1.954657
544,5057,353.180300,0.166952,-3.085851,146.043738,-3.180544,134.493128,-0.771224,315.088348,105.920814,4.213228,1.705380,1.776359
544,5058,127.478862,-0.038752,-4.285386,20.600876,-3.893691,-1246.010808,-0.883616,179.806471,241.199687,5.170445,1.436489,1.705351
544,5059,105.854866,0.143428,-3.152698,-49.988903,-3.560125,-677.241470,-1.131484,363.789071,138.772892,3.247886,1.212283,0.419506
544,5060,162.643678,0.679142,-3.979407,-471.456257,-1.907656,-973.492333,-1.401110,212.533485,119.359469,3.706215,1.421508,0.741351
544,5061,156.376830,0.713137,-2.318706,338.931143,-1.851814,-578.534920,0.150237,321.178678,352.722075,2.397405,2.418960,-1.422678
544,5062,147.145985,-0.662141,-2.691336,-51.455499,-3.558363,-920.242012,-3.596677,345.796025,-165.548915,4.802852,0.762991,-2.026949
544,5063,139.999040,0.671696,-2.402992,319.169894,-2.997862,-586.210385,-0.797215,235.065910,72.290047,3.979627,0.912289,-1.135968
544,5064,158.068850,0.906984,-3.622280,174.686695,-4.352654,-465.697089,-2.502474,311.818225,101.744567,4.325005,0.945747,-0.464469
544,5065,117.729306,-0.849980,-4.447040,240.488616,-3.798383,-685.925011,-1.705233,257.662246,135.308778,3.336734,1.249782,0.839618
545,5066,0.957960,-1.862208,-4.116371,-1.347687,-1.950926,-2.541947,-3.422722,1.403960,1.650727,2.172588,-0.074182,-1.596246
545,5067,2.589443,-2.533200,-1.224951,0.559338,-0.899190,-2.166594,-1.595757,1.375381,0.360308,2.360415,1.463617,-0.519322
545,5068,3.336491,-2.633552,-2.492373,-0.274241,-1.606573,1.645326,-1.382696,2.133321,1.411480,2.401231,1.035342,-0.942747
545,5069,0.562256,-1.477937,-2.002410,3.046798,-1.433240,-3.559604,-0.277359,1.041872,0.869872,3.392206,0.973642,-1.985797
545,5070,3.083568,-1.749208,-3.590103,1.259163,-0.465582,-6.007885,-0.206411,2.189952,0.631226,3.342882,1.996546,-0.529614
545,5071,2.969244,-1.702471,-1.176241,1.418891,-0.893596,-2.092137,-3.362013,2.085662,0.972086,3.230299,1.289090,-2.270340
545,5072,3.106942,-1.704611,-2.882203,0.396068,-0.060846,-2.162691,0.649630,2.383335,1.938972,3.448170,0.727042,0.053051
546,5073,2.111295,-3.135188,-0.084818,1.412991,-0.556725,-2.199366,-2.796368,2.057759,1.047999,2.391107,0.880007,-0.249394
546,5074,1.199772,-0.848007,-2.723735,0.824858,-1.184910,-1.687852,-0.802634,2.718103,1.098284,3.428480,1.829983,-0.218035
546,5075,1.442170,-1.790113,-1.173090,0.091052,0.142274,-2.309634,-3.665852,1.757323,1.573599,3.132256,0.748844,-0.641279
546,5076,1.809512,-2.667871,-2.866883,1.544931,-0.438400,2.004334,-2.941544,1.196936,0.472567,2.915584,0.638732,-1.551719
546,5077,3.795617,-3.046098,-2.161047,-1.236113,0.101369,-3.798379,-4.526822,1.801797,0.939693,2.705722,0.098519,-0.126046
546,5078,2.774757,-1.762682,-1.720833,1.693774,0.291924,-5.776569,-2.121565,0.533955,0.582278,3.171584,1.336572,-1.281020
546,5079,1.702682,-2.761700,-2.428623,0.299821,-2.671005,-1.603870,-3.991500,3.287935,1.252434,3.596620,1.215003,-3.819767
546,5080,3.138816,-3.786282,-0.997218,1.536510,0.234811,-2.782296,-2.602511,2.544341,2.209065,3.597144,1.377514,-0.871085
546,5081,2.445330,-0.965664,-2.659367,-0.353672,0.445847,1.059382,0.200311,2.331951,0.764888,2.359643,1.549136,-4.212684
546,5082,1.573522,-1.307844,-1.546990,0.372277,0.288197,-1.603254,-4.189821,1.340027,0.151352,2.131248,1.971979,-2.012121
547,5083,3.349783,-2.931031,-1.038358,-0.919419,-0.226084,0.215472,0.355127,1.991588,0.131017,2.638372,-0.004511,-0.067783
547,5084,2.257465,-1.921259,-2.526317,3.536429,-1.017042,-2.089965,-2.161853,2.886925,0.909849,3.525321,1.082242,0.119109
547,5085,1.496048,-2.588830,-2.824880,2.047299,0.149467,-3.260274,-2.043002,2.792471,0.735647,2.674555,0.927352,-1.605919
547,5086,3.167126,-2.432469,-1.381868,1.213476,-0.915966,-5.795528,-2.202918,2.568167,0.622904,2.946662,0.517573,-2.898541
547,5087,3.733734,-2.706420,-0.230783,-1.305609,-1.250874,-4.825265,-3.708040,1.812831,0.705136,3.085760,0.902961,-2.282054
547,5088,1.642307,-2.067950,-2.778321,0.764870,-0.014048,-1.342114,-3.357011,2.631472,-0.154553,2.550052,1.704241,-1.337424
547,5089,2.941282,-1.329732,-3.354149,0.077068,-0.456094,-4.463460,0.107402,2.022713,-0.105484,2.653920,0.948761,1.036152
547,5090,2.054797,-1.211802,-1.492841,2.381671,-0.413424,-1.835586,-0.639551,2.295917,0.395036,3.028965,1.436744,-1.105033
547,5091,3.250648,-0.971407,-1.604713,-2.227637,-1.271042,-2.000006,-4.643969,2.990122,0.417591,3.497338,1.893194,-2.596892
547,5092,1.408570,-1.869570,-0.139127,1.770742,0.453418,-1.481909,-2.849706,2.407557,1.306391,2.568650,2.164235,-1.920451
548,5093,1.945601,-2.131484,-2.276862,-1.500947,-1.913465,-6.837508,-1.690768,2.253245,0.342365,3.158313,1.397896,-0.444082
548,5094,2.147170,-2.949316,-2.514607,0.522423,-0.840604,-3.173303,-4.637472,1.515096,0.296841,2.623612,1.453575,0.628430
548,5095,2.370358,-0.758201,-2.707589,1.928332,-1.370210,-1.220173,-0.787394,2.557390,-0.712265,3.684988,0.185631,-2.047903
548,5096,2.463226,-2.173014,-1.012855,0.938584,-1.909439,-7.439200,-0.733882,2.630788,1.013591,2.336447,1.471866,-1.659932
548,5097,4.356892,-0.920056,-0.816940,-2.396229,-1.014608,-4.970021,-2.075918,3.254829,1.129055,2.465671,1.368325,-1.267484
548,5098,3.770664,-1.588811,-4.046291,2.983390,-0.656658,-3.348252,-2.119132,0.991021,0.100407,3.463825,0.927026,-2.360155
548,5099,5.399517,-1.997589,-1.143423,3.431711,-0.382066,-1.767841,-4.904899,2.912325,1.184785,3.658977,0.141507,1.981069
548,5100,1.546640,-2.313462,-0.439025,-1.545835,-0.603417,-3.500661,-2.876435,2.562292,0.311732,2.977756,2.456977,-1.387521
548,5101,1.945809,-1.630271,-2.310394,-1.314147,0.268538,-5.202135,-3.815540,1.560365,-0.322981,2.094006,1.835237,-0.099965
548,5102,1.930486,-1.322628,-2.151117,1.870621,-0.814246,-1.134687,-4.137850,1.784472,-0.030787,3.499694,1.140736,-0.393455
549,5103,3.042483,-1.929412,-3.919419,1.998631,-1.506999,-2.663969,-2.401499,1.223787,0.827475,2.722806,1.679511,-0.500816
549,5104,0.453597,-1.083486,-3.217802,1.967169,-0.762236,-1.953068,-0.327009,1.621208,0.847637,4.073723,1.428694,-1.494240
549,5105,3.506930,-2.487907,-3.317488,-1.501609,-1.810542,-5.517709,-1.412445,2.691659,0.968159,2.718782,0.842913,0.697566
549,5106,1.746683,-3.017520,-3.216591,0.955045,-0.153879,-2.072309,-1.626558,2.391325,-0.144268,2.099959,0.872576,-2.497434
549,5107,2.190188,-0.630311,-2.708481,0.770517,-0.031459,-0.970922,-0.346543,3.010340,0.539815,4.551370,1.294987,-1.152751
549,5108,2.078864,-1.770067,-0.996564,1.726344,-1.092890,-1.867348,-1.694807,2.613321,0.675567,2.874912,0.659505,-1.862793
549,5109,3.218001,-1.866729,-2.868090,-0.443985,0.329475,3.540816,-1.890983,1.482699,0.703237,2.437277,1.031198,-1.867274
549,5110,3.158383,-1.383619,-3.182291,-0.045058,-1.360139,-4.183120,-2.309441,0.844075,0.151501,3.030030,1.281814,-1.432549
549,5111,3.746648,-1.328725,-1.984542,2.208200,-0.260431,-4.709611,-0.477992,2.149169,0.631259,3.759903,0.816932,-0.128735
549,5112,1.427950,-2.073506,-2.131229,1.536817,-1.396237,-2.452257,-3.635671,2.104866,0.414624,3.088184,0.928936,-1.066218
550,5113,0.021884,-1.492700,-3.030049,0.711544,-0.390796,0.621327,-4.270778,1.054209,0.133115,3.247343,1.651666,-0.067499
550,5114,4.550802,-3.179360,-2.158447,0.822432,-0.895831,-5.718577,-3.870310,3.196018,-1.032483,2.841413,0.643082,-2.700528
550,5115,1.150600,-0.496781,-1.436407,1.399962,-0.267907,-3.203333,-1.472821,2.343523,0.435869,2.261033,1.050571,-2.160018
550,5116,1.938485,-2.022980,-1.076069,2.627823,-1.297519,-2.085924,-4.865220,3.281701,0.058015,3.189527,1.095156,0.310820
550,5117,2.155137,-2.320590,-1.255746,1.382743,-0.280281,-3.326398,-1.617455,3.777896,0.310281,3.167483,1.765911,0.566493
550,5118,1.755235,-1.863388,-0.987210,0.553683,-0.463107,1.385527,-0.599964,2.090839,0.590572,3.278426,0.631355,-0.168711
550,5119,0.482381,-1.874517,-2.400355,-3.292870,-2.737553,-6.365984,-1.939787,1.356954,1.654292,1.538423,0.881588,-1.266116
550,5120,0.946673,-1.914866,-2.084576,-1.452222,1.034224,-4.520518,-3.629980,0.865977,0.021726,2.323826,0.361010,-0.581162
550,5121,2.065090,-2.126809,-1.825761,2.180704,-0.202312,-6.221131,-1.757478,2.464642,0.070930,4.435858,0.637209,-1.322044
550,5122,1.362242,-1.741406,-0.234682,2.559055,-0.252873,-1.425125,0.188476,2.212449,1.287397,2.805716,1.265211,-2.887696
551,5123,4.929246,-3.236429,-2.065318,1.045752,-0.102346,-4.919531,-1.327482,2.471782,1.111025,1.851087,0.338449,-2.017668
551,5124,2.348151,-2.242880,-2.201421,1.575238,-0.188469,-3.660144,-3.849965,2.633498,-0.386379,3.510551,1.723635,-1.254214
551,5125,4.727652,-0.893772,-1.316842,0.466961,-0.796971,-3.403944,-4.219269,2.447008,0.568926,3.581282,1.227620,-1.609650
551,5126,1.273679,-1.242864,-1.672388,-1.907644,0.299668,-2.783414,-5.311004,2.398355,0.551963,3.117676,1.157562,-0.201229
551,5127,3.278368,-1.860525,-3.322545,2.308605,-0.410981,-6.009879,-1.774710,3.256109,0.732286,2.150356,1.496154,-2.998351
551,5128,1.631552,-1.551632,-3.594636,2.176697,0.233668,-2.418392,-2.011951,3.201804,1.453200,3.166856,1.348766,-0.316393
551,5129,2.571779,-1.215596,-2.396835,0.137299,0.101825,-0.395540,-2.845133,2.139361,0.477013,3.124545,1.057300,-0.486696
552,5130,226.637671,-1.181842,-2.036436,205.844273,-3.367916,-867.444096,-1.254498,396.267775,187.417004,4.369156,0.818217,-0.145118
552,5131,206.838904,-0.648292,-3.806569,-359.300066,-2.503107,-1012.992115,-3.866199,304.313735,18.254285,4.471169,1.271504,-0.065880
552,5132,68.459001,-0.846743,-2.808149,68.407536,-2.469588,-589.222732,-3.019178,345.248186,204.521880,4.488743,1.169947,-2.570173
552,5133,171.263186,-0.179637,-1.984538,-109.018420,-3.079532,-1055.362055,-1.200274,82.599841,171.946323,4.590809,1.317262,0.698574
552,5134,190.092006,-0.431016,-1.017154,-118.078832,-4.496883,-1186.579851,-2.404973,165.548087,120.936246,3.783653,0.844931,0.667023
552,5135,57.885871,-0.182774,-2.519995,-27.263901,-3.852309,-943.944720,-3.758559,214.182079,74.375165,4.587708,0.116708,0.416412
552,5136,192.703570,0.002504,-1.367292,296.616630,-4.885486,-266.454314,-2.392466,189.046934,88.775336,4.823277,1.254310,0.233483
552,5137,204.337473,-0.096680,-3.548622,-6.749377,-3.344623,-108.972205,-4.447181,121.265005,110.823427,3.905074,1.851440,-0.844882
552,5138,333.255835,-0.450050,-3.682080,348.243343,-3.369425,-135.438370,-1.614787,187.873027,-72.846602,4.263858,0.594107,-1.268316
552,5139,111.732148,0.213451,-2.766591,226.732141,-4.159585,-892.105529,-1.749678,120.663538,144.083758,3.387190,-0.175004,-0.796339
553,5140,94.397568,-0.370503,-1.705116,181.865715,-2.179438,-516.825134,-2.124564,140.326912,221.360717,3.899383,0.321528,0.209157
553,5141,177.956638,-0.534197,-3.385121,-401.732360,-3.460986,-1559.014685,-3.282812,301.213887,-91.789258,3.755561,0.777821,-0.950560
553,5142,72.376318,-0.677020,-3.911843,-82.559915,-4.788049,-1227.352873,-4.451372,317.017314,65.532443,2.866057,1.205283,1.518088
553,5143,100.720996,-0.896516,-3.977455,168.852531,-4.955237,-505.913444,-1.023654,188.717778,86.124546,4.058824,1.609158,0.192443
553,5144,97.982949,0.482255,-1.676033,-183.746188,-4.393695,-1258.847495,-3.742073,286.177118,115.910617,5.385591,0.969267,0.716668
553,5145,159.955637,-0.543322,-3.378433,633.749521,-3.807466,-209.320719,-1.517811,368.038427,120.528544,3.829428,1.763435,-1.122326
553,5146,74.117898,0.483389,-1.937693,92.422612,-2.721522,-884.324276,-1.611083,203.133291,34.322906,3.540917,-0.422962,-1.457493
553,5147,310.587821,-0.588059,-2.156646,-105.105049,-3.488543,-1291.573449,-2.938395,165.057912,25.015802,4.710885,0.434926,0.737045
553,5148,213.476783,-0.821769,-3.523539,331.447880,-3.739339,-123.238126,-1.991152,273.305738,-84.037706,4.045085,-0.081179,1.190324
553,5149,70.873905,1.520116,-4.640784,142.822300,-3.524826,-1266.913690,-3.468589,353.042323,2.883218,4.195906,0.445843,0.620922
554,5150,3.229999,-2.179738,-3.143552,0.848895,-0.745047,0.073446,-2.970536,1.417526,-0.445653,3.329683,0.718235,-2.461169
554,5151,1.080326,-2.715701,-1.875089,-1.234541,-1.354470,-6.725181,-3.977590,3.092752,-1.124727,2.979513,0.211980,-3.382490
554,5152,4.104478,-3.026493,-3.965405,1.845773,-0.488318,-2.839423,-2.465633,1.235461,0.373886,2.685051,0.179324,-0.286157
554,5153,3.136149,-2.577256,-2.536098,0.058160,-0.063242,-3.609767,-0.045040,1.655350,-0.278080,3.745348,1.640633,0.022471
554,5154,2.228084,-2.261154,-2.286689,1.482973,-0.469016,-4.507504,-2.648023,1.682655,-1.080471,1.823946,1.965133,-2.343985
554,5155,1.119245,-0.118576,-1.465001,1.726974,-0.660897,-3.837969,-4.463165,3.292154,-0.012699,3.169050,1.245296,-0.164015
554,5156,2.555991,-1.395083,-3.077181,0.797277,-1.833630,-4.565820,-2.634918,1.515167,0.237442,3.439431,1.681992,-0.459617
555,5157,211.135297,0.128697,-2.208108,-442.218680,-3.040865,-786.410760,0.097339,102.653206,119.426282,3.623567,1.595132,0.342618
555,5158,116.906739,0.025464,-3.043136,405.104801,-4.902793,-147.652100,-3.227594,258.557239,318.764402,4.678272,-0.131550,0.949973
555,5159,286.823250,0.194959,-4.519012,-263.708977,-4.397737,-1228.558221,-2.019880,463.963980,-155.575986,4.550931,1.000575,-1.235893
555,5160,228.828488,-0.384929,-0.573571,-43.593093,-3.528875,-1353.079688,-0.118692,371.608890,180.475245,3.859247,0.838354,0.102500
555,5161,43.043051,0.633420,-2.695660,-248.942761,-4.275739,-717.063667,-3.036773,293.590872,232.297048,3.857460,0.560311,-2.479764
555,5162,181.125681,0.252813,-2.625606,135.855863,-3.046711,-114.398589,-1.546674,354.984156,-27.504727,3.935232,2.507075,1.655509
555,5163,162.392058,0.366563,-4.690123,379.672398,-3.722750,292.761519,-0.558636,214.461130,-45.117678,4.141657,0.720062,-0.889331
555,5164,227.131313,0.477375,-1.194615,214.111529,-2.794584,-669.809569,-2.009518,328.190903,62.478214,3.929245,0.259945,1.725691
555,5165,171.537963,0.302624,-4.339257,-475.237430,-3.598025,-283.802942,-1.163970,347.574765,66.584060,3.173543,1.237394,-0.946106
555,5166,0.174617,-0.233635,-2.417366,-392.789129,-3.716504,-580.564771,-2.155803,264.608492,-61.983683,3.798987,0.929233,-0.701899
556,5167,2.265101,-0.992550,-1.374521,0.527244,-1.282646,-4.553728,0.048072,2.742560,-0.528739,1.591377,2.488199,-1.002112
556,5168,3.346147,-1.658351,-2.232997,0.467175,-0.912026,-1.052779,-4.185869,2.078453,1.586763,3.229830,2.138681,1.344359
556,5169,1.705053,-2.557640,-3.278185,1.315148,-0.949175,-1.582069,-3.353531,2.942051,0.491951,3.019566,1.369987,-1.055971
556,5170,3.340763,-1.735080,-1.702369,0.557328,-1.188524,-1.170911,-2.988807,3.161533,1.440781,3.294523,0.418025,-2.425930
556,5171,4.431627,-1.344591,-2.220786,-0.136032,-0.285219,-3.965825,-3.325426,2.036721,1.443466,2.139095,1.143447,-1.094409
556,5172,2.934590,-2.287879,-0.402777,0.588773,-0.327754,-1.565250,-1.788458,1.109109,0.621556,2.556702,0.579875,-0.053078
556,5173,2.260520,-1.958689,-0.896325,5.293152,1.310843,-5.575897,-1.778767,1.448891,0.176330,3.114825,0.898425,0.470581
556,5174,2.471690,-2.123658,-3.291173,0.806028,-0.645880,-1.439556,-3.027430,2.181440,0.564994,3.318999,0.487215,1.366533
556,5175,0.912139,-0.876468,-1.245079,-2.530597,-0.974630,-0.760202,-1.695224,1.376509,0.942519,3.178944,1.463216,-0.866398
556,5176,3.915989,-3.036210,-2.962501,0.292838,-0.512883,-0.850288,-3.426607,1.547700,1.447229,2.461749,1.591451,-2.017154
557,5177,2.728439,-1.421321,-1.371134,0.647122,-1.200722,1.577201,-3.290848,2.040686,0.757737,3.933342,2.205121,-1.004411
557,5178,1.282657,-1.024474,-2.496857,1.534794,-0.682452,-1.198135,-1.018935,2.654212,0.451656,3.137419,1.762513,-2.489714
557,5179,4.890924,-2.836591,-1.745530,1.252290,-1.221906,-2.765600,-1.332346,2.829532,-0.016079,3.621181,0.725812,0.522739
557,5180,2.127565,-2.782854,-2.517874,-0.610493,-0.729297,-1.629713,-1.811018,1.667400,-0.082274,3.893320,0.121982,-2.578096
557,5181,2.534264,-1.347894,-3.226938,0.413658,-1.359652,-4.743812,-1.688254,0.839875,-0.653993,3.176161,1.583636,-1.188322
557,5182,2.591208,-0.659341,-1.881889,0.297428,-2.042451,-1.637905,-0.109338,2.110877,0.390519,2.602090,0.216440,0.435144
557,5183,4.405720,-2.516263,-1.682285,2.036476,-0.033427,1.316037,-2.973772,2.455607,1.306156,2.692536,0.487295,-0.255889
558,5184,1.913989,-1.705497,-2.493684,1.849289,-1.368304,-2.039834,-4.344846,2.421300,0.831057,3.670247,1.435359,0.239843
558,5185,2.220062,-3.559980,-2.728580,1.215994,-1.145865,-1.619263,-3.492556,2.757752,0.964811,3.053019,0.538599,-3.808792
558,5186,1.145030,-2.909664,-3.341997,-1.169061,0.028831,-0.352120,-0.559216,1.657734,0.740606,2.663832,0.829102,-2.532091
558,5187,2.696918,-1.522164,-4.694003,-1.239940,-0.287117,-5.912485,-2.818710,2.688482,0.677520,2.646493,0.962483,-3.175066
558,5188,3.456050,-2.596741,-2.498709,-0.360454,-1.496325,-0.146397,0.792949,2.100507,0.828763,3.453265,0.736512,-0.696936
558,5189,3.276656,-1.356755,-2.015996,-2.081116,-1.529103,-0.764286,-2.284696,2.159552,0.440545,3.226340,1.208057,1.284764
558,5190,0.967947,-2.339831,-1.665266,1.991236,0.610176,-4.650432,-2.789473,1.052313,0.235686,3.499304,0.615608,-0.355855
558,5191,1.216453,-2.912123,-1.140451,4.739629,-1.686952,-1.843381,-0.596825,3.364734,0.292813,3.634255,0.980707,-0.559636
558,5192,2.223180,-2.476714,-1.815498,-0.167456,-0.748511,-5.499476,-0.395080,1.707380,0.496284,3.028005,1.272538,-0.966583
558,5193,1.884206,-2.455314,-1.347320,-1.264218,-0.045519,-3.499016,-2.278108,1.891208,0.698843,3.085040,1.190497,-0.102401
559,5194,190.266565,1.154075,-2.235184,343.557033,-2.819157,-865.390700,0.960553,337.006272,-148.807632,4.517765,2.089947,0.364432
559,5195,191.458334,-0.048286,-2.348730,-244.817156,-1.962857,-953.501061,-2.866838,363.218444,-171.274556,5.268267,1.072372,-1.483909
559,5196,243.643457,-1.337161,-2.326692,354.066054,-1.746796,-750.629215,-1.806633,591.129546,179.089699,4.240063,0.140062,1.197570
559,5197,128.987526,-0.501413,-3.834207,86.284566,-3.871748,-734.147547,-2.471956,357.197108,148.316330,5.343754,0.256422,1.254244
559,5198,86.594274,-0.955829,-2.781829,190.906861,-3.357746,-407.224346,-2.027269,214.320367,132.008167,4.143974,2.050217,-1.174906
559,5199,159.942633,-0.463615,-3.210659,218.654242,-3.627402,-411.626991,-0.745290,246.669735,25.684068,5.195488,1.436985,-0.651304
559,5200,148.403974,-0.880499,-3.825101,-267.529798,-2.426358,-1533.475641,-2.398608,290.105753,-46.616626,3.352140,2.395592,-0.704769
559,5201,161.861273,-0.417446,-2.171754,206.616331,-3.995402,-762.523224,-2.401445,448.968450,135.586738,4.319552,1.306931,-0.517474
559,5202,299.401851,-1.479498,-2.893722,-79.855711,-2.921765,-508.244101,-2.592751,175.354983,-176.500884,4.692594,0.896278,-0.906118
559,5203,33.410804,-0.226933,-3.890419,-261.495693,-3.626311,-265.707012,-2.855899,242.531804,212.551953,3.334890,0.303266,-0.256644
560,5204,3.206483,-3.076272,-4.443540,3.128853,0.065684,-2.630053,-3.331627,1.048797,-0.070710,2.097935,0.914360,-1.393836
560,5205,1.175940,-1.661673,-1.848520,-0.502627,0.151833,0.778190,-2.897627,2.762542,0.938892,2.737394,1.373909,-1.591598
560,5206,3.443755,-3.025998,-1.985390,1.168846,0.190902,-3.140721,-0.333891,2.600812,-0.076784,2.601259,1.334405,-1.700945
560,5207,5.376092,-2.707963,-2.649951,-1.160006,-0.487915,-3.530039,-0.999016,3.082880,-0.743500,3.291596,1.234457,-2.118827
560,5208,1.388176,-1.922194,-2.411861,1.820550,-0.325514,-0.867782,-1.396872,2.631205,0.179391,1.814753,0.824798,1.049619
560,5209,2.113462,-1.443777,-1.802163,-0.221565,-0.752146,-3.145809,-1.323149,2.432337,0.596309,2.833652,0.856376,-1.449623
560,5210,1.961353,-2.143045,-0.489647,0.002420,-0.878943,-2.436331,-1.968913,1.307139,0.510685,3.169148,1.354940,0.613720
561,5211,97.608811,-1.021575,-2.395749,15.110078,-3.794590,-635.060403,-3.178695,154.364989,237.954102,4.586286,0.075676,-0.093108
561,5212,122.177147,0.539713,-2.975339,250.929561,-1.861431,-385.072053,-1.403668,379.442787,268.194542,3.345819,0.462171,1.856209
561,5213,54.053127,0.336272,-4.402515,58.751093,-5.189201,-893.628796,-3.849978,160.485476,342.639730,5.216545,1.386268,1.326752
561,5214,133.095358,-0.544618,-1.402219,317.503388,-3.787049,-674.591751,-0.337053,425.244795,-132.598927,4.446996,-0.093475,0.593514
561,5215,223.025396,0.453149,-2.601037,-127.251038,-3.041690,-984.983023,-2.488796,267.260410,148.104205,5.387783,0.699068,2.065181
561,5216,150.257677,-0.837682,-2.014434,89.378907,-2.982975,-985.328173,-2.373913,84.655909,15.748430,3.963648,0.937855,-0.130858
561,5217,142.866940,0.255408,-3.964916,-24.192497,-3.904478,-803.804329,-3.656317,193.369556,174.404522,3.972041,0.568433,0.350817
562,5218,1.819516,-1.594586,-3.099758,2.443817,-1.353109,-2.696176,-1.789719,3.586219,1.524788,3.416745,1.687183,-1.477220
562,5219,3.133983,-2.071884,-3.368056,-2.091405,-1.455945,-2.095288,-0.029349,2.480706,-0.237977,2.974278,0.785653,-2.133736
562,5220,2.235921,-2.644486,-1.567534,1.071009,-1.405113,-1.833834,-1.920967,1.865247,1.018956,3.879543,0.886210,-3.988265
562,5221,3.416451,-1.098292,-2.676471,4.106978,0.307281,-3.242847,-0.581750,2.672904,1.486343,3.855297,1.531298,-3.593653
562,5222,3.635702,-1.136075,-1.540358,0.506388,0.560454,-4.691873,-2.405833,2.172193,1.495315,4.119995,1.348319,-2.421403
562,5223,1.296349,-1.214411,-2.644678,-0.189244,0.577887,-5.364617,-1.552382,1.404849,0.605228,2.934543,1.234687,-0.474378
562,5224,2.660539,-0.306831,-2.761560,2.621302,-0.615941,-4.687013,-3.200878,1.986727,0.763014,3.179132,0.750505,-1.428473
562,5225,1.860374,-1.918707,-1.926755,1.044636,-1.022056,-2.250687,-1.286367,1.903749,0.633479,1.699395,0.077328,-2.663699
562,5226,2.200124,-1.212211,-2.327047,1.798003,0.797837,-2.456976,-3.836669,2.642596,-0.738844,2.986431,1.679781,-0.566802
562,5227,2.952846,-3.329435,-1.403445,2.641757,-1.725599,-6.441272,-1.521889,3.184754,-0.164106,1.512846,0.783125,-1.180830
563,5228,163.380888,-0.649802,-4.113007,480.313437,-3.711990,-1027.863873,-1.575938,297.671369,-141.716375,3.356792,1.631612,0.923640
563,5229,238.562830,-0.072599,-3.181268,305.661323,-3.786007,168.551022,-2.630907,140.187534,7.580391,3.950020,0.716887,1.920440
563,5230,133.771467,-0.974414,-3.674617,488.569672,-3.273316,-815.550235,-0.591041,307.464063,240.213127,4.949272,1.508068,-1.150195
563,5231,318.377468,0.748029,-2.626064,548.550573,-4.249060,-995.777022,-3.019011,136.450899,6.690532,4.479529,0.468863,-2.135779
563,5232,246.202160,-0.337569,-3.374422,-245.723421,-3.318635,-275.818322,-2.608931,283.945531,51.190231,4.620166,0.331281,0.585016
563,5233,212.219100,-1.421213,-1.520976,194.690732,-3.477973,-814.836998,-3.005109,333.041254,42.693326,4.695980,0.779740,-1.410095
563,5234,9.168994,-0.357544,-1.627791,347.133699,-2.772129,-844.063687,-1.027380,165.960044,180.006598,4.392227,1.389770,-0.032477
563,5235,123.512280,-1.047414,-2.811207,-109.891009,-2.647413,-620.227404,-3.711238,153.138208,64.585951,4.059937,0.794598,-1.667980
563,5236,56.824810,-0.517157,-2.689777,247.571883,-2.488420,-183.095800,-2.527719,324.222447,270.945132,3.912996,1.972108,-0.123222
563,5237,79.667965,0.225747,-2.355247,-379.539380,-3.883817,-872.554759,-1.848442,376.778666,25.219155,4.451345,1.431939,-2.918024
564,5238,143.441508,0.468869,-3.273498,128.545338,-2.993625,-1005.790635,0.894890,138.989115,64.820577,4.000021,1.121046,0.278594
564,5239,116.564214,-0.631246,-3.960448,230.703430,-2.302917,180.708345,-2.336243,192.868503,38.467406,4.611881,1.503893,-0.123285
564,5240,156.548452,-0.114186,-3.658616,544.035295,-1.891328,-1772.460700,-2.054454,283.784571,40.423666,4.654860,0.787216,1.270853
564,5241,266.184339,0.807867,-1.917110,-462.351714,-3.023836,-1087.109860,-4.412752,85.198866,9.671011,4.182067,0.610373,-3.047329
564,5242,185.568274,-1.385173,-2.936991,39.044746,-2.462480,-731.137358,-3.378767,341.468320,251.991199,4.614378,0.527688,-1.142582
564,5243,152.735818,0.147612,-1.685959,-158.507504,-4.031985,-1163.713523,-2.572047,282.873397,-208.877293,4.066035,-0.563342,-0.471361
564,5244,174.456069,-0.685420,-3.654948,313.487020,-4.452992,-348.081550,-0.959892,232.178589,87.803771,3.502252,0.500234,-0.418510
564,5245,117.838446,-0.413302,-2.931054,-286.620822,-2.482332,-679.042611,-3.960867,61.460060,118.725419,4.224090,0.969090,1.593748
564,5246,181.498724,-0.027209,-3.022001,164.220790,-2.098715,-1191.769553,-3.832330,192.555263,167.599072,3.989947,1.376129,0.497013
564,5247,162.287976,-0.676134,-2.731412,-323.149387,-3.965104,-497.581869,-3.102438,445.925880,77.876174,3.456692,0.396875,2.023992
565,5248,2.273824,-0.771211,-0.480179,3.908178,-1.398102,-4.230711,-0.456298,3.246976,0.279057,3.616612,1.573396,-0.150794
565,5249,2.506310,-2.253526,-3.306828,-1.118679,-1.452696,-0.428099,-2.568111,1.853695,1.164540,2.647578,2.117074,-0.409490
565,5250,2.468527,-1.298233,-3.001256,2.830012,-0.882437,-2.615310,-0.254160,2.052872,-0.220690,2.477348,0.785727,-3.273868
565,5251,2.488936,-1.883645,-1.682700,1.084514,-0.368230,0.029386,-3.963110,2.593545,1.275826,2.622864,0.323170,-0.718132
565,5252,2.292847,-2.200273,-1.764181,2.481801,-0.566989,-4.873972,-1.071394,2.748865,0.661790,2.075345,1.004465,-1.403486
565,5253,3.881803,-2.426043,-2.528835,-0.166685,0.488935,-2.421328,-2.730843,2.940049,0.303502,2.996482,1.993117,1.552895
565,5254,1.963695,-3.078661,-2.044154,-0.992440,-1.052519,-5.204402,-3.316009,2.644270,0.723174,2.102194,0.310495,-2.387613
566,5255,1.808781,-1.072115,-3.469778,-0.869780,-0.394776,-0.791374,-1.037646,2.375370,-0.031536,3.258334,0.884466,0.766264
566,5256,2.285551,-2.972857,-1.482445,0.179156,-1.630706,-1.559920,-4.762540,1.224538,-0.304685,3.759064,1.411448,-1.300661
566,5257,3.866098,-2.032874,-0.623398,0.677045,0.683185,-2.452986,-1.624254,2.359332,1.148491,2.399766,1.068518,-2.225284
566,5258,2.446065,-1.755973,-0.472615,-1.134103,-0.787331,0.162231,-2.569351,2.395819,-0.077395,2.595524,1.267510,-1.144297
566,5259,3.692717,-2.306905,-2.406491,1.488838,-1.620502,-3.228271,-2.402902,2.095283,0.787436,1.736494,0.653689,-2.579801
566,5260,2.923600,-0.722350,-3.491408,2.039685,-1.242964,0.289570,-3.617757,1.647699,0.203130,2.705587,1.613949,-2.139902
566,5261,3.367048,-1.657048,-3.353452,-0.733056,-0.169384,-3.943695,-0.226662,2.397379,0.669706,2.915879,0.778307,0.239839
567,5262,1.795576,-1.070645,-4.562362,2.497323,-0.897541,-3.968400,-1.702537,2.174868,0.885234,3.353848,1.087330,-0.809379
567,5263,2.457120,-1.380534,-4.051035,-2.080705,-0.178869,-1.724126,-3.591837,1.500654,0.934553,2.225407,0.638277,-2.341613
567,5264,2.999147,-0.833472,-1.627181,-1.667592,-0.492894,-2.484543,-2.447011,3.138630,1.217672,3.001607,0.692859,-0.159946
567,5265,3.467289,-2.160101,-2.423842,1.175942,-1.862705,-1.588199,-1.966924,2.825899,0.177856,2.877122,0.095615,-0.663577
567,5266,1.013472,-2.099428,-2.625834,2.288615,-1.059530,-2.463831,-3.310274,2.460356,0.487323,2.323819,1.737117,-1.897499
567,5267,2.785692,-2.142168,-2.890211,-1.142569,-0.042611,-0.821844,-2.330841,3.361504,1.343640,3.075607,1.064406,0.028276
567,5268,0.950257,-2.506951,-1.453066,-0.208947,-2.298960,-3.604021,-1.690869,1.347217,-0.323618,2.298658,1.269673,1.669499
567,5269,2.366961,-1.922271,-3.752460,-1.785535,-0.158479,-4.221186,0.002106,2.989659,-0.053830,2.715919,0.755734,2.575442
567,5270,4.186252,-1.973597,-1.704481,1.494848,0.129057,-6.216841,-1.927846,2.438893,1.530706,3.969474,2.254282,-1.439005
567,5271,2.587369,-1.761321,-2.392836,-0.042396,-0.989445,-5.088895,-1.700744,2.019022,0.230425,3.329711,1.110010,-1.066983
568,5272,1.927986,-3.531272,-1.191303,-2.259822,-1.597901,-5.260905,-2.796500,3.140338,0.590143,3.166931,1.155396,-0.193418
568,5273,2.050230,-2.356384,-2.800296,-1.119246,-0.240761,-1.716087,-1.763486,2.081734,-0.354895,2.634507,0.111383,-1.169382
568,5274,1.169506,-3.046345,-1.750255,1.366165,-1.923961,-1.805351,-2.462062,1.106868,-0.426046,3.353179,1.158585,-1.413592
568,5275,1.064613,-2.374751,-3.795350,1.347987,-0.885608,-2.548631,-1.142754,2.286084,1.541591,4.010423,0.874962,-0.736279
568,5276,2.006816,-3.284079,-4.602599,4.160862,-1.444479,-2.836513,-3.069028,2.953300,0.232263,2.256356,0.427232,-1.059288
568,5277,1.466700,-1.175010,-2.263680,1.807840,0.021267,-5.114890,-3.895754,3.330390,0.422134,3.201702,1.915090,-1.696192
568,5278,2.588227,-2.229372,-1.729201,0.130897,-0.599506,-2.634565,-1.814419,3.090955,0.189829,3.060898,0.903596,-0.814680
568,5279,1.747611,-0.922324,-2.824212,1.767281,-0.854188,-2.541880,-0.679660,1.900189,0.682125,3.870604,0.644112,-0.848222
568,5280,2.850817,-1.785626,-2.807137,2.801953,0.770724,-4.205712,-2.609621,-0.142047,0.702778,3.139895,2.176463,-0.868327
568,5281,2.807940,-2.469927,-0.423858,-0.410809,-0.444846,-0.740360,-1.566685,2.586506,0.889911,2.961569,1.193071,-2.178584
569,5282,240.748477,-0.849041,-2.751018,507.380243,-3.497012,-988.424737,-1.664096,369.283063,60.375223,4.525064,1.663659,0.948456
569,5283,219.170400,-0.272353,-2.643487,-43.455309,-4.434223,-252.303482,-2.227715,197.779399,126.431951,4.859224,1.343591,-1.160793
569,5284,134.126054,0.549654,-3.823879,2.465862,-4.561244,-824.610248,-2.498760,367.478161,95.347616,3.628221,1.964809,1.067959
569,5285,143.724971,-0.545701,-2.706192,-163.716006,-3.347386,170.404287,-1.902058,340.352000,17.356487,4.463641,0.019877,0.877880
569,5286,256.196278,-1.292452,-2.684420,556.014737,-3.089931,-1065.288328,-4.846561,366.064303,18.130206,4.390439,0.942456,0.568714
569,5287,229.220271,0.316849,-1.456656,426.971836,-3.239051,-1297.258824,-3.390907,50.936589,184.781437,5.304622,1.601291,-0.739998
569,5288,139.778612,0.537210,-2.228031,46.884871,-4.180917,-526.629027,-2.835342,321.812033,19.363352,4.279344,1.192836,-0.865491
569,5289,151.190696,0.208375,-2.453285,-103.019438,-1.682604,-47.730467,-3.265640,291.020709,-68.179340,4.243745,0.465255,0.758096
569,5290,270.355025,0.141531,-1.995615,56.004813,-2.712017,-379.901697,-3.880524,339.247558,176.126020,5.361735,0.485841,-2.094836
569,5291,93.507937,-0.440066,-3.684581,170.444463,-3.464946,-526.217867,-4.751484,414.047289,21.718335,3.288850,0.543532,0.909613
570,5292,202.307214,0.558333,-2.206710,-46.382535,-1.869052,-1043.327600,-1.002901,315.049548,-68.243704,4.222486,1.525195,2.692548
570,5293,8.896822,-0.323167,-3.593763,151.818502,-3.356168,-1238.886375,-1.734689,302.359112,33.389023,3.430233,1.416939,-0.762158
570,5294,124.509826,-0.701339,-4.764486,202.558967,-3.085258,-431.684750,-3.028150,226.940259,-2.239273,4.315093,0.333730,-2.828193
570,5295,119.931773,-0.684758,-2.920847,507.794241,-4.130869,-381.208433,-0.586579,73.890813,102.349928,3.964257,0.942813,0.080386
570,5296,259.520829,-1.098238,-2.224981,447.025138,-5.276870,-122.874802,-2.706595,276.453127,117.219239,4.051630,1.028000,-0.181102
570,5297,160.119112,0.011768,-3.344545,736.424721,-3.814991,-958.958340,-1.769769,247.414480,325.448988,4.985529,1.249671,-1.069878
570,5298,34.825942,0.369494,-2.121241,51.690913,-4.066335,-353.863663,-2.708175,276.019403,-31.397443,4.038625,0.631957,-1.311521
571,5299,143.917512,0.529191,-2.880080,61.302245,-4.567919,-450.465203,-3.830727,525.421401,47.238306,4.537797,0.341525,0.433416
571,5300,269.990964,-0.604857,-2.957257,177.494548,-4.349119,-554.156093,-5.432055,340.140408,-6.522523,4.510988,1.182019,-0.468914
571,5301,106.857324,0.408228,-3.023909,118.545047,-3.991167,-635.566063,-4.802327,102.554088,104.971486,4.143486,0.689684,-1.719719
571,5302,165.474261,0.273228,-1.306717,289.584902,-4.167679,-1235.852619,-0.812023,475.776868,192.248746,4.258516,0.927076,0.908417
571,5303,238.818240,-0.613804,-4.330614,608.599095,-3.317768,-926.134858,-2.284268,261.602495,423.397636,4.897786,1.811616,-1.213737
571,5304,206.965007,0.049871,-3.729021,229.686384,-4.222467,-888.813734,-2.925941,205.308104,251.070563,3.601496,1.212000,2.187449
571,5305,218.564377,-0.052874,-2.866920,408.461026,-3.055667,-1468.597253,-2.620816,301.789605,-75.687020,5.044929,1.445086,-0.995472
571,5306,157.138945,0.200165,-2.707733,-81.387507,-3.028434,-811.513678,-3.205853,164.355946,280.529279,3.608388,1.063719,-1.042914
571,5307,134.930546,0.811862,-1.576718,215.663873,-1.159238,-106.386285,-2.835796,335.234103,89.185056,3.536482,0.518919,1.985037
571,5308,141.551971,-0.362849,-2.996727,-24.162353,-4.216746,116.622594,-4.469735,189.984182,-53.577221,4.600015,0.089355,0.537818
572,5309,218.990153,0.515633,-2.632194,-180.638681,-3.677182,-115.348497,-3.053552,288.309241,53.040907,4.804997,0.328628,1.174285
572,5310,223.482499,-0.118785,-2.180242,-106.559740,-4.095480,-662.235184,-3.065347,290.878884,120.240805,4.576738,0.655627,-0.020690
572,5311,64.349235,0.200635,-1.252654,312.472106,-3.169364,329.158936,-2.653556,315.228650,15.864387,3.809228,0.969155,-0.060224
572,5312,133.987255,-0.326289,-2.598550,257.094735,-3.917900,-198.320549,-2.923824,259.108820,80.996727,3.392867,1.591304,-1.218933
572,5313,160.702653,-0.406221,-1.595473,-103.892558,-2.027817,-490.173252,-4.323359,196.582440,140.554494,6.189664,-0.017081,1.094083
572,5314,260.298653,0.420730,-4.311467,-200.649771,-3.366039,-13.304337,-3.762690,214.741841,-63.985146,3.637385,0.052231,2.028242
572,5315,213.470131,-1.326710,-4.017092,-35.496894,-3.523316,-19.803262,-4.552567,337.710836,72.982358,2.956100,0.609175,0.799315
572,5316,187.245415,0.185237,-1.482243,152.235357,-1.632961,-89.038105,-2.763215,97.740747,-30.092025,4.858874,-0.324169,0.100476
572,5317,200.785763,-0.609923,-3.426001,17.591286,-4.606588,-536.225304,-2.131052,385.688132,31.041794,4.018891,0.604285,-0.277259
572,5318,110.878842,-0.609958,-2.474042,-28.522574,-2.292191,-594.473567,-2.167574,172.716010,238.694273,5.546692,0.708538,0.333386
573,5319,2.856862,-0.623092,-2.440527,0.895462,-1.560849,-2.833857,-2.618906,2.249857,1.003570,2.590449,0.297837,-2.547519
573,5320,1.988237,-2.454699,-1.062790,1.801483,-0.631329,-2.259600,-2.664018,4.175793,-0.364385,3.168377,1.774798,-2.896558
573,5321,3.445649,-1.991924,-2.545619,2.447406,-1.219844,-4.010869,-3.462974,1.701371,0.304847,3.253551,0.664011,-0.197052
573,5322,2.106644,-1.912803,-3.897497,3.545357,-0.239786,-5.330719,-0.757959,1.751466,0.485689,2.796998,1.790898,-4.404049
573,5323,2.935509,-3.558226,-3.330837,1.843307,-0.817509,-2.393625,0.289831,2.491858,1.418169,2.908659,0.163805,-0.441791
573,5324,2.995665,-2.804955,-3.478797,0.701293,-0.332124,-3.482573,-2.917834,2.551492,-1.024390,2.229261,0.879511,-0.812236
573,5325,1.918059,-1.790824,-2.497008,3.558409,-2.027583,-1.967274,-1.516014,2.509325,0.894016,2.855479,0.803003,-0.085667
573,5326,2.403573,-1.297316,-1.001561,2.420758,-0.774257,-1.844900,-5.242272,2.671822,1.062619,3.589926,1.887580,-1.885385
573,5327,3.818899,-1.909790,-1.579404,1.822104,1.032303,-2.433018,-2.804636,2.156160,0.916162,3.105548,0.500123,-1.153065
573,5328,1.116301,-2.276697,-1.545386,-3.192503,0.701124,-4.832494,-4.955727,2.192407,1.126598,3.377292,1.223909,-2.227276
574,5329,4.815343,-1.440003,-1.976533,-1.085579,0.060336,-3.519700,-0.951542,2.581410,1.121719,2.728008,0.797388,-1.972666
574,5330,3.396647,-2.274856,-1.498896,1.584585,-1.389303,-1.951420,-2.683138,1.541909,1.052877,2.685202,1.386415,-2.273042
574,5331,1.229576,-2.153979,-2.580334,2.234080,-1.365327,0.754034,-2.523744,2.042246,-0.591135,1.368911,1.136190,0.673907
574,5332,3.381225,-1.388135,-0.308196,-0.391378,-1.648455,-2.917114,-1.180739,2.213890,0.040663,1.667303,0.735235,0.277205
574,5333,2.033779,-1.648184,-3.868549,0.591003,-1.348110,-1.092318,-1.849750,3.113304,0.853297,3.733257,0.795939,-2.456016
574,5334,1.536626,-0.803633,-2.085353,-0.594160,-1.315781,-2.181998,-4.207960,1.805682,0.038817,2.649278,0.321867,-0.607495
574,5335,1.656763,-2.656682,0.885375,-1.097667,-0.091806,-3.400098,-3.583392,2.605752,-0.502757,1.533789,0.306302,-0.389032
574,5336,2.481154,-0.963201,-4.081548,-0.468051,-1.815496,-2.505187,-3.724473,2.913847,-0.180034,2.217387,1.816452,-0.381354
574,5337,2.987130,-1.563467,-1.922227,1.839038,-1.140423,-2.137217,-1.668647,2.604893,0.697572,3.888092,0.675608,-2.977613
574,5338,0.254495,-1.030955,-2.502969,2.881027,-0.365326,-4.576620,-3.482758,2.494582,0.551402,3.001610,0.557051,0.355489
575,5339,95.799260,-1.071131,-2.603634,-322.456282,-2.915159,-644.896266,-2.517375,313.477168,55.787232,4.519481,1.545835,0.178627
575,5340,106.911469,1.011012,-3.108448,251.970650,-2.467984,436.768395,-1.126419,190.408256,-229.084163,4.359737,0.498309,1.815022
575,5341,132.420147,-1.097410,-4.060896,85.069934,-3.815856,-726.997061,-2.176236,259.358770,191.975077,4.394193,0.949908,0.496809
575,5342,229.016238,-0.394433,-3.938774,291.936044,-4.147051,-1001.558071,-2.980947,257.263396,108.401746,4.274003,1.577452,1.201991
575,5343,168.813488,0.794858,-2.179869,81.742896,-3.418509,-873.631375,-4.242994,273.946618,-63.651531,2.895391,0.506608,-0.167804
575,5344,335.222401,-0.496668,-2.492774,-34.865380,-2.955010,-1008.969286,-3.308862,392.655815,10.446668,4.982011,0.743225,-0.987540
575,5345,153.046175,0.601001,-3.845613,241.986762,-2.455327,-385.227038,-3.329022,357.064277,-1.497382,4.034300,0.815004,-1.933117
575,5346,150.021368,-0.003517,-4.163924,-157.162018,-3.674786,-964.399538,-2.259856,170.954672,92.807696,4.055888,0.401594,-1.416970
575,5347,74.154796,-0.931497,-2.691597,164.192609,-4.475223,-929.423357,-3.076037,483.492075,330.363317,4.149128,0.278972,0.573773
575,5348,146.533617,-0.039948,-0.114792,204.304727,-2.989459,-629.986052,-3.889420,29.838180,55.048063,3.698729,0.937504,-0.937613
576,5349,236.827484,-0.763802,-2.253146,317.669680,-2.925977,-206.185373,-3.587077,270.341872,388.772630,4.696401,0.757294,-0.480843
576,5350,177.467651,-0.459040,-3.748966,-135.785564,-3.001411,151.338884,-3.173000,261.173135,-10.704018,3.863525,-0.239536,-0.489048
576,5351,150.244041,0.730013,-3.344691,-173.633406,-3.756237,116.895627,-3.020139,343.925876,18.870147,4.398234,0.058693,0.975854
576,5352,94.066325,0.735556,-3.058757,-260.037398,-4.144792,-496.260787,-2.337379,111.627456,26.835219,2.682492,0.878766,-2.247689
576,5353,-3.152566,-0.329315,-2.786344,-156.580473,-4.443322,-369.752732,-2.663870,139.479811,76.278961,3.394720,2.119677,-1.865449
576,5354,232.475884,0.702885,-3.246429,28.887221,-3.024488,-629.636215,-2.675981,336.385593,146.370467,3.689256,0.710596,1.332980
576,5355,141.624405,0.745553,-4.892065,-256.716270,-3.203378,-637.749258,0.186218,385.553461,-57.109801,5.329452,1.208774,-0.273871
576,5356,180.872918,-0.811683,-2.192790,198.803391,-4.436262,-330.087878,-0.939897,375.622825,113.088983,3.996161,2.210087,-1.384318
576,5357,102.630310,-0.051949,-4.472089,4.411477,-3.443440,-867.175261,-1.974258,351.648411,406.478905,4.249549,0.717858,-0.701593
576,5358,184.486527,0.800993,0.359913,-169.674478,-3.808533,-1131.765950,0.104265,159.128628,-98.168483,4.417468,-0.108187,-2.469900
577,5359,2.717125,-1.328734,-3.247986,-0.349227,-1.074665,-0.440601,-2.597353,1.695914,-0.544344,3.016192,0.176720,-2.657492
577,5360,2.547431,-0.672799,-2.231129,-3.670687,-1.959820,0.092773,-2.937045,1.449972,1.318757,2.324736,0.764456,0.606834
577,5361,4.100097,-1.997743,-3.675444,-1.367603,-0.097278,-4.857272,-1.423366,2.196733,1.488033,3.177310,0.931509,-2.524984
577,5362,0.327535,-2.451851,-2.064485,-0.831718,-2.102627,-2.925227,-2.828042,3.369087,1.122830,4.457257,0.945066,-0.372041
577,5363,4.356930,-1.908066,-1.467512,-0.506940,0.459870,-3.017568,-3.068291,3.668774,-0.152513,1.918849,1.690692,-0.907121
577,5364,3.743758,-1.880724,-1.308060,3.740724,-1.265814,-1.965685,-4.111960,2.059791,0.550489,3.426279,1.596360,-2.212836
577,5365,1.308392,-2.127520,-2.663603,0.130203,1.113708,-1.845211,-2.494680,2.674900,0.990344,4.205494,1.999478,-1.562372
577,5366,-0.473036,-0.602359,-3.138087,-0.613706,0.105321,-6.782239,-0.639789,2.045409,0.162159,2.939571,1.995793,-1.495697
577,5367,2.177297,-1.833300,-2.817945,-0.875695,-0.472119,-7.901381,-5.032857,2.100337,1.179243,3.284158,-0.301396,-1.467328
577,5368,2.326731,-0.890433,-1.324591,1.269306,-0.693138,-2.968558,-2.203870,2.678542,0.295481,2.879433,0.301953,-1.189320
578,5369,129.111465,-0.936292,-2.347785,-239.347044,-1.618049,-752.928915,-6.166535,373.404749,-53.566991,4.800567,1.096985,-0.077149
578,5370,218.140015,-0.415825,-2.653470,17.599338,-1.950924,123.819610,-4.525302,254.459349,49.495351,4.931948,0.441571,-1.133252
578,5371,53.956243,0.618157,-3.480535,120.985179,-2.557677,-290.046005,-4.603716,412.799736,-34.284637,3.872178,0.719602,0.311872
578,5372,49.550220,-1.989722,-1.856874,317.084732,-3.658044,-865.708103,-3.913407,367.567944,207.796478,3.655233,1.217319,-1.386564
578,5373,360.802627,-0.366663,-2.690861,12.540457,-4.014876,-1153.041309,-2.499807,167.833237,119.943149,4.204921,0.969527,1.648603
578,5374,146.200821,-0.160743,-2.647822,-374.134362,-2.383901,-248.593330,-1.272283,269.479754,240.557402,4.571201,-0.055351,2.527553
578,5375,254.206052,-0.389005,-2.283843,-316.496319,-2.726540,-771.153056,-3.768175,201.662177,176.427450,3.918126,1.010562,-0.348353
578,5376,165.489949,0.010489,-2.913392,-647.079470,-3.258383,-1133.327501,-2.104879,319.166938,-113.480081,5.009129,0.783745,-0.916698
578,5377,202.866911,0.365701,-2.702014,401.948633,-1.654776,127.356264,-2.475193,305.771243,-65.084574,3.690080,1.283682,-1.287934
578,5378,142.351259,-0.070337,-1.810926,80.193170,-2.973152,-392.697417,-1.517402,160.646567,32.426021,3.316609,1.302163,0.895445
579,5379,207.610504,-1.015414,-3.194534,-220.769495,-2.789652,-568.951640,-0.725111,191.596753,16.777122,4.032033,-0.549741,0.560413
579,5380,61.138134,0.385102,-2.692547,-203.523156,-4.110939,-937.481362,-3.041355,254.212387,-9.986156,5.280347,1.344758,0.019542
579,5381,157.954170,1.260044,-1.079790,396.957704,-2.166147,-332.369775,-4.095794,184.675468,302.630549,4.994596,-0.075408,1.124201
579,5382,169.609881,0.108372,-3.481082,-86.107293,-2.374296,-611.521410,-1.850109,273.058137,-60.007417,4.702088,0.878106,-3.103209
579,5383,273.986067,-0.911477,-1.703170,-0.068676,-3.866549,-200.490688,-1.638739,240.960347,17.144299,3.778496,0.760227,-0.566653
579,5384,143.158844,-0.440797,-2.622097,357.717848,-2.296890,-168.278507,-1.148825,332.957908,125.714162,3.654379,-0.044350,-0.159198
579,5385,239.943189,0.616896,-3.141722,-86.705815,-2.806573,-751.159035,-1.368005,218.081331,175.050140,4.139263,0.860627,-1.838732
579,5386,155.457355,0.604829,-3.151284,-115.336406,-3.207513,-821.759230,-1.732122,108.984195,78.552826,4.216357,0.599763,1.724252
579,5387,288.898130,-1.136199,-1.735347,66.471689,-2.217455,-975.342706,-1.217303,37.756749,-143.513030,5.132989,1.689669,0.684850
579,5388,168.836400,0.649452,-0.789446,-171.016857,-2.801235,-475.876880,-2.360596,347.560961,77.586065,4.495623,0.274922,-1.875362
580,5389,294.241318,0.812360,-0.383156,35.404301,-4.056659,-514.284334,-3.120661,301.805745,24.678164,4.066289,1.445557,-0.925263
580,5390,142.581280,-0.942964,-1.992494,401.112961,-3.451062,-1495.330355,-4.887854,245.321672,239.902088,5.122899,0.448903,0.090102
580,5391,97.142797,-0.491741,-4.086575,413.642596,-3.274359,-439.616625,-2.693702,62.597221,-53.243487,4.379503,0.526744,0.518602
580,5392,167.419960,-1.375922,-4.541686,-223.010680,-3.342399,-328.379451,-1.506341,285.392403,3.368845,3.710137,0.235639,-0.748051
580,5393,238.119266,0.040247,-2.904957,330.289677,-3.539376,-796.986582,-0.748340,209.103638,16.606733,5.689215,0.891279,-0.118166
580,5394,95.646543,-0.029498,-1.566128,262.255694,-1.464966,-373.526107,-1.660658,386.688605,-17.872009,4.474614,0.410344,0.355992
580,5395,149.933935,1.245946,-2.147241,-261.585700,-3.042732,-537.052781,-2.624236,336.889260,192.310608,4.288814,1.383836,-1.414175
580,5396,206.402999,0.386219,-1.118045,-155.755648,-3.255331,216.134312,-4.583871,398.066871,-116.614349,4.313053,1.181190,-0.260887
580,5397,163.975790,-1.199956,-2.807280,414.545183,-3.752153,-534.639878,-3.092499,329.661313,178.675220,4.018916,0.572978,1.155687
580,5398,38.386341,-1.250885,-2.742725,-108.436682,-3.418067,37.446926,-0.563832,379.312679,46.194711,4.092692,0.937903,-2.321542
581,5399,2.857698,-3.000981,-3.126903,3.180173,-0.778987,-1.050704,-3.565633,1.541507,0.292659,3.421433,1.162891,-0.340183
581,5400,1.608648,-1.266501,-1.110688,-0.801811,0.613690,-1.592352,-2.162455,2.037651,0.996015,3.850492,0.303863,-0.702668
581,5401,1.344344,-1.537753,-2.668879,1.291200,-0.137352,-1.775468,-0.247206,1.416131,0.430307,3.172693,0.505276,0.276984
581,5402,1.868702,-1.558156,-1.587945,3.809675,0.049269,-3.142995,-1.997985,3.133894,1.152708,2.736776,0.776404,1.121007
581,5403,3.005744,-1.128722,-2.454966,-3.214709,-0.834286,-2.590967,-2.490349,3.786197,0.832298,2.876341,1.075227,-3.279541
581,5404,1.468821,-1.907332,-1.434883,1.487423,-0.375343,-4.369833,-1.241328,3.256024,0.323705,2.679036,0.973100,0.474445
581,5405,3.074824,-1.090341,-3.474017,1.490481,0.237117,-2.277329,-4.548738,2.066738,0.565147,1.938594,2.019730,-1.717041
582,5406,207.033832,0.440620,-2.432877,-377.570312,-4.113919,-93.275551,-1.661242,246.981572,234.073555,5.677727,1.777733,-0.278173
582,5407,114.541604,1.128374,-3.214521,111.387110,-4.366872,-596.671650,-2.971008,220.106703,-91.191462,3.422489,1.411901,0.311407
582,5408,78.121707,-0.297725,-2.790555,224.337346,-3.052785,-769.180309,-0.746398,504.473417,66.020007,4.904890,0.315459,-0.309975
582,5409,226.373433,-1.089500,-4.287983,-146.006511,-3.411364,-6.321781,-2.173639,147.184548,99.095650,5.065817,0.407862,0.967096
582,5410,89.076287,0.373677,-3.761118,338.620747,-4.022227,129.762066,-1.785895,518.927610,87.315163,3.960626,0.572853,-1.551167
582,5411,147.848721,1.057551,-2.942590,301.378519,-2.527075,-1296.722479,-2.917403,390.807728,-161.184279,4.459808,1.671645,1.503034
582,5412,228.758091,-0.854256,-3.305372,319.699935,-2.526486,-944.025584,-3.112075,386.730251,-90.346824,3.246164,1.172083,-3.284776
583,5413,229.824006,-0.028324,-3.291183,46.187620,-4.411897,-1025.835902,-1.762082,166.571364,-69.126783,5.414697,0.556721,1.122053
583,5414,295.469047,0.210625,-1.918345,100.219300,-3.410657,259.300384,-1.698096,205.424191,-83.585019,4.275631,0.895749,0.312405
583,5415,245.272524,0.032611,-3.468647,17.828091,-2.808745,-934.833526,-1.253853,241.255149,170.096128,5.173312,1.910619,-0.949225
583,5416,83.611420,-0.856477,-4.011890,260.667932,-3.662280,-658.110251,-2.715476,219.151359,81.769945,4.299974,0.474460,-0.853311
583,5417,72.456844,-0.144934,-2.221169,-419.646071,-3.367172,-1056.282087,-1.732349,194.261951,139.764042,4.056927,0.680442,-0.882923
583,5418,224.355559,0.145765,-2.671093,196.501574,-2.211147,-159.856725,-1.786166,437.790574,-36.579404,3.726187,1.274759,-1.657210
583,5419,161.088663,0.543981,-3.342783,-211.804728,-0.522054,-680.601496,-1.159043,164.114456,182.852825,4.087446,1.727494,-0.302611
583,5420,191.236247,-0.701519,-3.656456,556.819441,-2.959856,-923.316700,-2.109749,349.341649,209.966753,4.636827,1.308771,-1.050769
583,5421,177.423462,-0.223126,-2.814296,200.732430,-3.319220,-374.540234,-2.314885,217.613339,165.816094,5.253322,0.301722,-1.261992
583,5422,260.761273,-1.060194,-3.030441,77.361378,-3.845179,-954.824793,-3.647939,337.710637,84.005030,3.680108,1.197117,-1.109046
584,5423,248.931425,0.096754,-4.334401,-208.742162,-2.795059,470.202987,-3.583901,175.754997,-34.653195,3.333486,0.283725,-0.335280
584,5424,310.541302,-0.185804,-1.881908,-282.593628,-3.090725,-988.100971,-5.251244,201.059712,38.519384,4.052170,0.643331,-0.262527
584,5425,167.303997,-0.448468,-2.539252,-120.396373,-3.690767,-1035.026177,-3.196617,165.388993,-0.367485,4.064370,-0.464336,0.491978
584,5426,204.802702,0.095961,-3.733432,87.120726,-2.220402,-982.220337,-5.792993,263.914182,55.976939,4.498934,0.190846,0.996002
584,5427,126.030482,0.228656,-2.971215,-294.618706,-2.550367,-562.497730,-3.440936,138.381664,9.213893,4.771854,1.068334,-0.293710
584,5428,106.885300,0.042526,-3.475954,247.787498,-3.990045,-1262.473765,-2.236818,449.137895,4.187752,4.519158,0.916598,-0.539533
584,5429,180.561455,0.076401,-1.830221,-25.392892,-3.642607,-368.814839,-2.824443,172.759411,130.236130,4.067062,0.147223,-0.686017
584,5430,193.548167,-2.633777,-2.603593,-93.162963,-4.524172,-750.069588,-0.627104,467.399711,-84.925731,4.238622,0.759449,0.192939
584,5431,37.498396,-0.000163,-2.091661,182.355574,-3.072548,-167.957319,-4.225475,268.461776,-16.134421,3.172558,0.744079,-0.359150
584,5432,176.993094,0.064738,-1.894550,13.505313,-3.317638,-846.578079,-1.430929,352.193128,125.256477,4.692108,-0.047013,0.202953
585,5433,1.703699,-2.873338,-3.213997,1.574916,0.759419,-1.625692,-0.055549,3.471366,-0.630912,3.065583,0.777658,-2.791871
585,5434,1.590446,-3.367630,-3.304972,0.125486,-0.042004,-0.133458,-0.358454,2.339437,-0.690893,2.378848,1.330912,1.895357
585,5435,3.646074,-3.079830,-2.251226,-0.997207,-1.071166,-4.668309,-0.985950,1.668830,0.393868,2.802299,2.008303,-2.835871
585,5436,2.839088,-2.319001,-1.893122,0.830864,0.869203,-3.599564,-1.947811,2.695872,-0.027788,3.438459,0.765015,-1.677746
585,5437,1.764652,-1.948284,-1.367432,2.971367,-0.842653,-1.404391,-3.461091,2.077091,-0.018809,1.474996,1.763060,-1.485001
585,5438,2.850122,-1.034403,-1.862208,-1.598143,-0.267835,-5.305393,-2.188708,4.970811,0.302073,2.213824,2.154739,1.512157
585,5439,2.591796,-1.896367,-3.189299,2.807541,1.094362,-1.181548,-2.437571,2.725740,0.288627,4.316576,1.628962,0.462750
585,5440,1.279108,-1.650468,-1.223942,1.284996,0.088758,-2.953216,-1.551054,3.014036,-0.041113,2.522558,0.739007,-0.507689
585,5441,2.859970,-1.717140,-2.298384,2.578440,-0.455847,-0.253723,-1.766495,2.927646,1.283065,3.281533,0.645563,-1.246572
585,5442,0.963463,-2.929493,-1.572325,1.562036,-0.858539,-1.397157,-1.792905,1.673586,1.237235,3.242105,1.393769,-0.686830
586,5443,204.084603,0.233751,-2.509506,-104.490717,-2.788746,-1476.966207,-2.167600,261.197908,47.025210,3.569741,-0.420467,-0.071495
586,5444,218.570884,0.669532,-3.078055,-105.574053,-4.638705,-219.412051,-1.814939,208.168723,96.558952,4.619967,0.896723,0.834583
586,5445,138.634079,-0.827221,-0.636907,-142.455219,-3.288240,-1264.233330,-1.238731,318.302308,61.278585,3.801558,0.638404,-1.382958
586,5446,55.198029,0.248076,-3.348748,-415.801319,-4.159829,-601.334859,-0.237829,228.108872,221.341423,3.754326,1.581429,-1.072394
586,5447,195.564586,0.628942,-3.773094,401.556372,-3.677206,-1164.990874,-1.267719,332.686886,-58.628081,4.483092,0.575874,1.976993
586,5448,32.350796,-0.358700,-4.220124,452.925823,-2.272675,-872.872218,-1.804183,183.544148,261.671583,3.929895,0.987953,0.282787
586,5449,116.608441,-0.182896,-3.673797,120.984476,-2.908110,-856.343152,-2.014986,216.685635,-67.341446,4.651335,1.446003,1.062361
586,5450,298.357311,0.345381,-3.108559,-71.568678,-3.441895,-49.486542,-3.255322,193.914434,-9.604064,4.594451,-0.067374,-0.232263
586,5451,114.985218,0.504834,-3.611405,409.604014,-3.121597,-267.980712,-4.620791,443.699285,160.503152,3.666193,1.895935,-3.349475
586,5452,247.181959,-0.133607,-3.740104,197.117157,-3.711826,-807.918699,-1.362642,358.268614,95.225148,4.475258,2.402296,1.646964
587,5453,4.312239,-1.835756,-1.159912,-1.384774,-1.040415,-2.746526,-4.047515,3.005811,0.325000,3.010384,0.973534,-0.396779
587,5454,1.592526,-1.322211,-2.371951,0.453600,0.482864,-0.763016,-2.182102,1.764778,1.961422,2.270503,0.128629,0.070777
587,5455,2.332846,-2.545141,-2.877179,2.982075,-0.873414,-4.367128,-0.982788,0.901380,-0.195479,2.895626,0.771897,-1.052174
587,5456,2.252377,-2.144763,-1.595905,1.130834,-0.022203,-5.638644,-1.686496,1.880884,0.208278,2.269626,0.199049,-0.413513
587,5457,2.037523,-1.173326,-1.880493,3.891630,-0.499291,-4.546186,-2.750246,4.120939,0.080495,3.525259,1.054821,-1.339535
587,5458,1.509974,-3.028519,-2.179128,-3.537024,0.519518,-0.543063,-4.359897,2.317374,0.244601,4.081630,1.942713,-1.555231
587,5459,2.160026,-1.733021,-2.447086,2.264958,0.513290,-1.601518,-1.264541,1.899551,-0.342550,3.818760,1.095822,0.622015
588,5460,133.128786,-0.285838,-3.097994,559.544316,-4.941338,-805.725016,-3.297249,259.410567,7.807385,4.356204,1.023584,-0.092510
588,5461,219.506830,0.549828,-3.301839,-80.873633,-1.739206,-518.747115,-0.817446,270.607757,2.983251,4.929845,1.144206,-2.829270
588,5462,138.115558,-1.347691,-3.520058,346.534671,-4.811093,-594.636172,-2.119874,314.108153,45.419907,2.578061,1.688053,-2.283950
588,5463,233.634186,0.607218,-4.171665,-64.604003,-2.832471,-1187.925098,-1.689597,372.556123,370.464743,4.173938,1.662670,0.136742
588,5464,160.363750,-0.041955,-3.826761,-43.098975,-3.523572,-1628.754984,-1.075140,354.310733,71.244058,3.831587,0.915976,0.827683
588,5465,186.602838,-0.670706,-2.525057,177.784887,-3.328872,-846.866265,-2.214650,381.014524,-51.476789,3.679721,0.940031,-1.814124
588,5466,158.598806,-1.092675,-2.215787,88.944777,-4.411082,-284.626260,-1.194131,361.929785,157.362313,5.312805,1.190464,-0.174075
589,5467,203.103913,0.127971,-3.264509,130.544438,-3.454024,-416.222724,-1.236898,176.598756,66.974677,4.132225,0.785576,0.777019
589,5468,97.380778,-0.346451,-4.522251,195.311821,-2.907971,-653.803853,-3.813030,475.689757,65.051311,3.923549,0.716106,-0.389813
589,5469,224.443373,0.189922,-4.793651,361.601124,-1.646774,-313.552917,-2.182895,373.147830,216.998902,3.938897,0.995759,0.496391
589,5470,297.352355,-0.379980,-2.592731,-115.419632,-2.778992,-702.506293,-2.243317,193.885242,3.561406,5.417540,1.057057,-1.407562
589,5471,134.941257,0.447309,-4.421819,528.224725,-2.633141,-504.731572,-4.420831,302.655561,-160.247596,4.672076,1.108428,-0.652310
589,5472,87.201468,-0.877950,-1.444566,-273.796645,-4.393300,-434.576569,-1.898692,255.923987,146.453527,3.359714,0.381560,-1.838877
589,5473,186.049607,1.144878,-3.329455,392.067956,-3.359715,-1106.951423,-2.022503,187.304774,-42.281261,4.820026,1.329556,0.496575
589,5474,164.972473,0.189157,-3.219856,252.427066,-3.482738,-72.827422,-0.443146,140.713834,-35.461436,3.740960,0.492102,1.101781
589,5475,182.573894,-0.305917,-1.801053,20.780411,-2.732823,-998.150522,-3.208724,540.919366,48.851132,4.941001,0.190378,-1.868425
589,5476,125.022668,0.172507,-2.514026,-90.443193,-4.724144,21.793700,-0.262119,257.079658,-39.037305,3.918744,-0.698184,2.386862
590,5477,80.938297,0.021173,-2.250984,372.763112,-3.737528,-563.382944,-2.118363,271.516218,223.056552,5.230222,1.734299,0.545872
590,5478,306.441374,-0.278291,-3.188397,513.254583,-3.707774,-1196.850826,-2.522783,391.637622,233.558120,3.938330,1.162557,-0.501492
590,5479,126.916567,0.516428,-3.019859,132.432631,-4.363852,-478.285258,-2.560132,156.413677,381.853192,3.902226,0.689700,2.005845
590,5480,87.405111,0.365507,-3.305377,436.548816,-2.749229,-654.254841,-4.848668,203.130804,73.859155,4.367224,1.413002,-1.147833
590,5481,299.395445,1.180521,-3.367880,-23.885158,-3.386373,-661.890944,-0.507947,72.530154,-141.223402,3.466467,0.129021,1.498912
590,5482,232.154226,-0.851914,-1.674340,235.801490,-3.943416,-682.856895,-4.744402,294.244619,67.110564,4.012501,0.153126,-0.891534
590,5483,74.420067,-0.688468,-3.535189,-57.429164,-3.870438,-199.874427,-1.815080,344.483006,26.735107,4.197724,0.425717,-1.309004
590,5484,107.523587,1.460240,-5.219681,459.756327,-3.603324,-1453.247085,-1.535730,162.969914,46.277127,4.991979,0.456116,-0.382630
590,5485,170.312915,0.530164,-4.916613,-40.173241,-2.907962,399.848355,-1.117714,282.731729,-48.286131,4.298191,0.897920,-0.232087
590,5486,190.975934,-0.281461,-2.487447,174.341433,-2.987827,217.811776,-2.227714,117.216847,119.948908,4.766024,1.467010,1.969152
591,5487,128.820619,-0.341952,-4.566180,27.320496,-3.202232,-1108.813045,-3.020998,266.147349,4.883856,4.943240,1.499853,-0.070968
591,5488,216.180553,-0.158343,-3.000741,394.001662,-3.133257,-239.895524,-4.250716,280.453166,88.956050,4.206871,1.174384,0.126713
591,5489,230.832363,0.786480,-3.097892,231.008432,-2.528181,-904.452319,-0.079131,272.807233,179.627390,4.136529,1.336791,1.992563
591,5490,224.320682,0.152120,-1.279969,349.126980,-2.675900,-449.985446,-2.744250,25.886490,125.836840,4.198596,-0.020209,0.719642
591,5491,271.402892,-0.207764,-3.113102,-316.243966,-1.794871,187.246016,-2.113350,61.971297,-148.538322,4.553646,0.790813,-0.459450
591,5492,227.637601,0.111789,-2.938357,417.384679,-3.207148,-771.844138,-2.164411,542.923841,290.558152,3.791038,0.842502,0.793132
591,5493,101.536104,-0.028268,-3.485844,328.377458,-1.838235,-360.630831,-3.957130,-42.559686,120.209711,4.521925,1.722888,-1.611524
592,5494,1.671316,-0.948791,-1.831707,-0.981872,-0.995295,-4.527970,0.668752,1.713187,0.624565,2.764357,1.564056,-0.398348
592,5495,3.024335,-2.348292,-0.591852,0.308468,1.561614,1.002809,-0.747935,2.529208,0.353218,4.076309,1.651098,-1.680551
592,5496,1.885583,-1.831371,-0.965181,0.726261,-0.124342,-1.879997,-0.888566,2.128869,0.422232,4.199620,1.499197,-1.790378
592,5497,1.080928,-2.935755,-1.882768,1.235275,-0.251357,-1.752360,-1.372249,2.348077,0.668542,3.696011,1.343265,-2.307470
592,5498,1.755936,-3.495105,-1.448646,-1.111799,0.010074,-1.152700,-2.241853,1.743338,-0.786799,2.849440,0.706405,-1.321516
592,5499,3.489757,-2.229346,-3.689797,3.054393,0.364700,-3.121808,-2.181242,2.095075,0.647800,3.518593,0.473141,-3.310949
592,5500,1.976649,-1.891037,-2.473410,-1.390059,-0.466604,-3.172391,-1.045954,2.897879,0.359885,3.014645,1.041283,-3.114691
592,5501,1.792790,-0.798785,-1.314658,2.263637,-1.022232,0.255359,-0.162975,2.365178,0.429060,3.026196,1.115026,-1.309446
592,5502,2.297935,-1.269255,-3.955260,0.927079,-2.055095,-5.397438,-4.190032,1.206470,0.006729,2.951932,0.798885,-0.921203
592,5503,3.018549,-1.282327,-2.114753,0.728487,0.611470,-0.003967,-2.417924,2.487723,0.241925,2.598720,0.336769,-1.525091
593,5504,1.614507,-2.114626,-2.316914,0.592188,-0.980421,-1.000639,-1.302811,3.105227,1.207888,4.033804,0.128050,0.112369
593,5505,0.231644,-2.385104,-3.932118,-1.275033,-1.742059,-0.191126,-0.016592,1.799133,-1.353334,2.602666,0.234382,0.050009
593,5506,1.760542,-2.892429,-1.788327,0.102689,-1.091234,-4.309798,-1.240213,1.746162,-0.703579,1.994393,1.124106,-1.636834
593,5507,3.025546,-1.487264,-1.761823,1.567230,-0.466997,-1.050377,-2.321037,3.194881,1.232085,3.103537,1.742277,0.829783
593,5508,4.217330,-1.806925,-2.756296,2.057729,-0.765198,-3.351628,0.094303,2.205451,1.129841,3.463331,0.481360,-0.738442
593,5509,3.939239,-2.237829,-1.927258,3.988432,-0.932070,-0.857165,-1.426485,1.121744,0.638588,2.294405,1.790377,-1.306456
593,5510,1.570472,-1.773876,-3.175379,0.436617,-1.590818,-1.883993,-2.392845,2.758433,0.486344,2.438005,0.652106,-1.787455
593,5511,0.416904,-2.176772,-3.894897,2.603549,-1.293814,-0.812481,-0.442027,1.109531,0.720181,1.937053,0.357221,-1.670101
593,5512,1.301046,-2.623531,-3.622500,3.671168,-0.526420,-1.032852,-0.293733,2.026943,0.341061,3.375963,0.600656,-0.296377
593,5513,3.020025,-2.405265,-0.919303,2.203962,-1.941236,-1.764291,-3.213348,1.811602,1.220133,2.140804,1.106839,-0.277093
594,5514,3.287503,-2.450841,-1.997486,-0.037549,-0.273857,1.164150,-2.881862,1.561797,0.445835,4.111838,1.580127,-0.844002
594,5515,2.443209,-1.413992,-0.383447,0.961637,-1.218721,-3.165363,-2.292511,2.927254,-0.527643,2.052076,0.666625,-2.198909
594,5516,1.955936,-1.561167,-2.929536,-1.400549,-1.780397,2.806196,-1.665852,-0.243074,0.535996,2.632572,1.570689,-1.547555
594,5517,1.727407,-2.652947,-1.396912,-2.309033,-0.978858,-2.014926,-4.673870,2.307118,-0.122257,3.418648,1.036584,0.199339
594,5518,2.479315,-2.511330,-0.221350,0.257819,-0.882896,-2.716413,-1.630977,2.031784,0.155009,3.134341,1.248381,-0.809530
594,5519,2.471988,-3.093633,-2.666086,0.126178,0.168594,0.922629,-3.713346,3.018910,0.172092,3.925649,1.450791,-0.715524
594,5520,2.106315,-1.623661,-0.075782,2.546298,-1.451444,-3.390365,-2.235738,2.032784,1.533103,3.310739,1.267586,0.521889
595,5521,2.242418,-1.391939,-1.980906,1.877996,-1.013447,-2.656314,-4.076328,1.823842,0.449337,2.410878,1.012601,0.861618
595,5522,3.729440,-1.398663,-2.868158,-0.348814,-0.581390,-3.256212,-0.801047,2.307664,0.365556,3.602945,0.939746,-2.532182
595,5523,-0.156568,-1.682525,-1.947470,-1.732834,-0.838058,-1.558120,-1.432442,2.454261,0.856609,2.550627,0.766169,-3.162971
595,5524,3.791724,-1.018182,-1.889150,1.656676,-0.104411,-2.356273,-1.043179,2.035673,1.637298,2.937517,0.341418,-0.872969
595,5525,1.153027,-2.459532,-1.322594,1.475530,-0.991904,-4.561629,-3.222802,2.564737,0.604954,4.033145,0.122262,-0.750877
595,5526,3.517802,-2.698442,-1.006122,0.180532,0.824204,-2.091034,-0.801619,2.699240,-0.489974,2.761172,0.415159,0.803501
595,5527,3.561933,-2.310934,-1.345654,0.057948,0.745133,-0.871624,-3.637047,0.884133,0.354529,3.738048,1.276719,0.664026
595,5528,0.249473,-1.557269,-4.302037,1.553985,-1.655583,-1.902094,-0.919984,2.268028,0.856274,3.530375,1.772787,-0.054315
595,5529,3.883712,-1.417724,-2.283955,-0.076922,-1.685442,-2.392947,-1.812314,1.122266,0.431708,1.431810,1.426024,-0.637180
595,5530,3.519686,-1.622402,-1.634385,0.609338,-1.350463,-4.544155,-0.662274,2.515497,0.540353,2.727379,1.206923,-1.200203
596,5531,230.916382,0.697864,-3.561789,672.221720,-3.747389,-411.532268,-4.418909,273.950042,111.375729,4.108240,0.955333,-0.629321
596,5532,208.582121,-1.383120,-2.585050,-177.349254,-3.176607,12.549208,-3.231432,212.718750,266.545279,3.781155,1.373101,-2.551971
596,5533,172.661323,-0.095161,-2.606842,196.883921,-2.801543,-653.288617,0.810123,245.263072,-42.958672,4.285741,0.422814,1.464626
596,5534,210.647921,-1.174133,-1.484103,-106.663753,-2.637261,-577.387236,-1.564651,228.912591,137.386740,2.988423,0.667910,-0.333995
596,5535,264.351803,-0.660713,-2.963999,327.732195,-4.116373,-165.960894,-2.061895,62.094601,295.108486,4.490544,1.001807,-0.267815
596,5536,203.183795,0.440223,-3.858411,188.783602,-4.000423,-768.974679,-2.817838,253.631275,51.415140,4.712363,1.230806,0.585662
596,5537,268.803279,0.358651,-2.431749,-216.238739,-3.803683,-765.552381,-3.052597,373.188744,98.568430,3.625941,0.985995,-0.157669
596,5538,187.924607,-0.063347,-4.597781,195.629444,-3.071742,-501.257820,-2.718924,351.118038,91.191132,3.733495,0.885220,0.113019
596,5539,67.448635,-0.604384,-2.013384,349.047168,-3.063267,-382.134911,-2.712755,391.503661,-187.510212,4.400928,1.269909,-0.926205
596,5540,165.615548,-0.171925,-3.030670,-124.526049,-4.318398,-488.783863,-0.912069,444.957042,249.671741,4.593671,1.134035,-0.709047
597,5541,76.587903,0.818230,-3.021808,165.783098,-3.065303,-224.630915,-1.904090,390.240680,168.945377,4.570697,1.025264,1.645890
597,5542,76.580502,-0.118995,-4.452354,-94.544671,-4.534666,-360.948997,-4.772822,255.816750,61.718552,4.477712,0.566103,-0.580836
597,5543,131.866136,0.156441,-2.449936,529.446938,-2.088641,-840.407690,-2.706790,149.042871,184.870588,3.873788,1.288699,0.095793
597,5544,230.000249,0.325841,-3.082061,-94.005547,-5.112773,-1671.402478,-2.212119,364.274086,292.766897,4.841631,1.270107,0.777693
597,5545,223.415523,0.170289,-2.897466,168.026977,-2.952373,-858.120585,-1.720507,185.859206,32.444887,4.829460,0.982449,-2.616756
597,5546,269.616426,0.418569,-1.585181,320.510127,-2.854336,-519.775154,-3.353844,291.377043,197.749773,4.053132,0.835575,-0.995707
597,5547,189.644390,-0.220241,-2.359405,413.814025,-4.500468,-1118.672443,-2.208639,296.814584,402.294307,4.114801,0.460009,0.779147
597,5548,214.869842,-0.391342,-1.819503,-89.890662,-1.905812,-354.357629,-4.181524,200.340152,154.792597,5.166756,1.259175,0.312110
597,5549,207.671473,-0.746440,-3.742115,539.303427,-2.973092,-104.365937,-4.245006,37.790298,-63.073188,3.967423,0.081772,-0.781782
597,5550,143.594023,-0.347607,-3.318745,-202.907037,-3.724536,-601.623454,-1.687498,420.859361,-46.978966,4.609700,0.288216,-1.114486
598,5551,3.564306,-2.602656,-3.049581,-2.252197,-0.966014,0.392655,-3.187518,2.787004,0.263464,1.917979,1.251888,-3.191070
598,5552,2.310614,-1.762799,-4.417799,-1.144205,-0.590818,-1.087950,-2.740241,2.343718,0.898797,1.906219,1.468691,-0.069537
598,5553,1.659693,-1.019043,-2.751491,2.572471,-1.800359,0.186598,-3.446579,2.129612,0.904020,3.023395,1.368612,-1.437717
598,5554,1.669762,-1.970267,-2.263200,2.920813,-1.786089,-5.418980,-1.875098,2.819607,0.500848,3.188082,1.815832,1.599060
598,5555,2.833454,-2.139194,-0.233082,2.139665,-0.422144,-6.083252,1.098603,1.414300,0.481726,3.212629,0.346396,-2.107243
598,5556,1.704810,-1.978173,-1.987499,0.136452,-2.266022,-0.607824,-0.405855,2.851334,-0.340662,2.714762,-0.360796,-1.464065
598,5557,3.096050,-1.656961,-1.549275,-0.595864,-2.259886,-0.698158,-3.433558,3.280822,1.041401,3.049886,0.947999,-1.929978
598,5558,2.684202,-1.829995,-1.944121,-0.512655,-1.257013,1.576100,-4.625845,2.085824,-0.170321,2.983551,2.051620,-1.245774
598,5559,4.118053,-2.587239,-2.583175,0.119780,-1.985922,-2.183574,-2.147714,3.323532,0.689757,2.979111,1.265888,-0.058160
598,5560,1.695236,-2.400979,-2.764743,0.010591,-1.135532,-2.773114,-4.268608,2.075453,0.110070,4.003531,1.192122,-2.493838
599,5561,1.494448,-2.234764,-3.978447,-0.152180,0.242571,-2.061354,-4.639869,3.147716,0.089673,2.669728,1.153807,-2.273485
599,5562,2.471545,-2.723816,-3.217154,0.782303,0.852512,2.314792,-2.426829,0.543287,-0.448453,2.721376,-0.093421,0.359681
599,5563,4.551418,-1.424709,-1.700860,2.349356,0.117398,-2.429312,-2.214543,2.828472,0.052538,2.062378,1.035839,-0.863234
599,5564,2.081497,-1.634586,-2.191367,-1.988795,-1.000040,-1.698528,-2.623752,1.873993,1.083278,1.691877,0.680102,1.590585
599,5565,2.230165,-2.662309,-3.582960,3.194882,-1.382249,-3.641882,-0.636991,1.279433,0.843075,2.742297,0.981044,-3.105149
599,5566,2.770220,-2.567368,-2.486762,0.879065,-0.941853,-3.036981,-4.697709,2.708678,-0.469459,2.594112,0.524171,-1.582151
599,5567,5.464616,-1.647940,-3.476186,0.051445,-0.010342,-3.908949,-1.631994,3.482577,0.974701,2.403805,1.117709,0.638259
599,5568,2.778276,-2.968645,-1.379883,3.489034,0.532234,-2.526198,-3.661561,2.576756,1.274370,3.388042,0.812509,-0.368365
599,5569,0.845090,-2.582662,-2.294753,0.179209,-0.628630,-3.529693,-1.861311,3.841697,1.165226,3.115972,1.229300,-0.136866
599,5570,2.172647,-2.806978,-2.335640,-0.150977,-0.948864,-4.383125,-2.645775,2.632992,1.752673,3.285653,1.161447,0.058417
600,5571,268.171590,0.992716,-3.183388,360.205420,-3.349383,-748.600143,-4.231430,379.687106,351.350734,4.871464,0.743480,1.105968
600,5572,72.268266,-1.013339,-4.569442,113.855966,-2.604309,-929.118284,-4.143863,270.295934,58.306928,4.337782,0.450736,0.659121
600,5573,69.534940,0.559448,-3.739666,4.569194,-4.787848,-249.911796,-4.616517,376.653990,85.969404,4.525259,-0.043397,-1.391296
600,5574,63.781030,-0.694428,-3.919981,122.530770,-4.300677,-689.302699,-2.174314,384.556317,87.093047,4.220303,1.114207,0.042886
600,5575,230.384707,0.470941,-2.539896,261.710933,-3.081816,-350.329695,-2.252422,281.302536,212.803779,4.188885,0.677450,0.531559
600,5576,189.238025,-0.269306,-1.525186,210.632725,-4.003309,-139.149216,-1.530635,256.207062,123.430842,3.961178,0.969327,-1.566223
600,5577,82.055926,0.738603,-2.502417,5.411294,-3.618508,-618.788476,-3.919540,224.384291,20.984183,4.388947,0.795472,-3.059687
600,5578,146.154127,-0.950579,-2.726952,-204.808659,-3.299004,-52.909635,-2.592902,177.437591,265.025488,4.018395,0.798820,0.155920
600,5579,278.770662,-0.849193,-3.431343,196.747930,-3.405558,-988.910023,-1.166397,227.310507,-18.182762,4.317528,0.400306,0.647964
600,5580,157.380051,-0.292887,-4.099158,-308.748160,-1.574034,-665.985803,-0.579233,151.142568,173.934016,4.234029,0.683455,0.027311
601,5581,33.094056,0.076855,-1.903683,204.241220,-4.176389,-898.139798,-1.312309,249.782788,10.098335,3.336406,0.747679,-0.347778
601,5582,221.619403,-1.421824,-2.760238,344.295309,-4.551430,82.721686,-4.597668,207.062399,69.814950,3.851478,0.814072,-0.922470
601,5583,155.719733,0.384790,-1.323041,-216.396845,-3.517406,-495.410906,-1.627647,340.453737,52.094494,2.739005,0.440959,0.866237
601,5584,53.009518,1.395993,-3.353145,423.898280,-2.478502,-999.234079,-2.064463,208.229736,3.956452,4.693968,1.508421,-1.146812
601,5585,68.879072,-0.832129,-3.551692,224.419247,-3.494062,-937.509544,-1.192726,215.094526,150.127678,3.521151,0.142926,0.350459
601,5586,95.423959,-0.196846,-3.836245,-65.124342,-3.530513,-859.156631,-3.298830,341.512845,-57.901792,4.707697,2.056974,1.627236
601,5587,227.441988,-1.041913,-1.186176,-120.174975,-4.321768,-269.128339,-4.466593,326.633646,200.139287,3.827224,1.109669,0.136179
601,5588,96.744290,-0.108895,-2.117874,18.986613,-2.872558,-1066.114976,-2.946516,330.659060,44.932226,4.363894,1.872387,-1.350436
601,5589,166.485232,0.395517,-3.342055,195.755428,-2.340335,-626.135118,-2.114439,251.863553,190.031005,3.870219,1.334552,1.166492
601,5590,209.736939,0.048733,-2.564535,91.284594,-3.304166,74.237952,-2.083667,242.050505,242.627764,3.942646,1.009797,1.502302
602,5591,2.316716,-1.538437,-2.328341,1.107669,-0.789141,-3.765952,-2.035910,1.727865,2.200179,3.407972,1.466513,-0.853081
602,5592,3.097393,-2.438628,-2.662648,1.560831,-0.521029,-2.716163,-2.074097,2.286823,-0.087838,2.894286,0.882482,-1.066594
602,5593,1.919479,-2.725116,-3.126459,1.696624,0.258797,-0.797182,-0.064289,2.205921,0.332396,3.143823,0.516012,0.323374
602,5594,2.531384,-2.049892,-1.880255,4.293443,-2.151035,-4.950331,-2.737190,1.438896,-0.588201,3.687480,0.579922,1.082321
602,5595,2.798492,-2.588535,-3.358483,1.325031,0.116583,-2.657255,-3.682206,2.502608,-0.650661,1.891095,1.228279,-2.456256
602,5596,4.087234,-2.678910,-3.012417,0.186116,-1.274181,-3.107859,-1.049062,3.162019,1.285430,2.917150,1.222365,0.321940
602,5597,2.115265,-2.467960,-3.360383,-0.328099,0.453596,0.158489,-2.269462,3.709826,0.028138,2.742558,1.633205,-0.277638
602,5598,3.631272,-2.114192,-1.384281,1.579038,-0.099344,-1.524573,-0.077760,0.692851,0.481668,3.135464,1.221450,-2.924131
602,5599,2.318281,-2.175116,-4.930555,-0.140202,-1.378574,-6.420036,-3.615572,1.401747,-0.007488,3.082940,1.410012,-0.973854
602,5600,1.874742,-2.376654,-1.100068,-0.644522,-0.966148,-3.088661,-1.404339,1.610850,0.848802,3.288067,0.717583,-1.668251
603,5601,88.246077,-0.302102,-1.736651,121.440032,-2.877374,-1048.069138,-2.634472,199.953059,155.723110,4.595675,0.479216,-0.221008
603,5602,183.447474,0.065899,-2.199016,-449.257634,-3.216768,21.779607,-2.180426,265.692550,93.948246,4.748212,-0.012683,1.056610
603,5603,218.100717,1.053670,-4.726466,60.634403,-4.107951,-727.990120,-3.110494,166.740516,105.157833,3.314584,0.003144,-0.109420
603,5604,112.275031,1.203997,-2.248228,0.097518,-2.713648,142.453921,-2.780313,249.879900,47.589428,5.271626,1.123871,-1.350725
603,5605,220.827267,0.029204,-1.500030,-147.852858,-2.808365,502.920283,-0.298682,257.174271,165.979244,4.103272,0.237640,-1.992864
603,5606,224.687211,-1.427658,-2.821642,-187.170993,-1.821164,-1241.089480,-1.737866,194.537913,251.543061,3.567734,0.618687,-2.369566
603,5607,113.705670,-0.872476,-3.046691,25.678855,-2.375840,-403.452070,-4.229349,409.449241,-141.953858,4.470342,2.018055,-0.959428
603,5608,164.561681,0.487565,-1.548042,275.630603,-3.582965,-930.811311,-1.480008,201.008974,134.864975,5.203662,1.212150,-1.164663
603,5609,136.024725,-0.564360,-3.056918,195.506521,-1.892295,-176.595671,-2.786026,508.443326,220.467627,4.883331,1.585410,-1.253496
603,5610,154.848389,-0.670737,-1.496267,339.621619,-3.891723,-808.531593,-3.989736,327.750919,273.160451,2.839681,1.344277,-1.506294
604,5611,258.290635,0.290633,-2.763592,74.430081,-3.458136,-939.840727,0.202398,197.926360,194.538469,3.303400,0.408499,-3.084328
604,5612,120.095745,-0.477897,-1.818712,-71.706432,-1.479971,127.712347,-2.056013,381.810631,151.018401,4.229692,1.233135,-0.521849
604,5613,161.208714,-0.114802,-3.810732,-223.560585,-2.929549,-370.558269,-2.645080,174.473996,2.249214,3.658753,0.564905,-0.573765
604,5614,131.142832,1.319490,-5.304918,-72.409512,-2.623830,-1041.361491,-1.074203,338.187673,183.534613,3.690133,0.513643,-1.970018
604,5615,226.183367,0.086844,-3.361192,299.159534,-3.209449,-1472.982624,-2.253343,310.889035,-64.988863,4.385934,1.392884,0.471177
604,5616,177.275919,-0.784714,-1.794598,-51.642916,-3.170713,-408.877302,-2.479334,461.469496,167.430368,4.544510,1.555635,0.886815
604,5617,232.382957,0.044718,-2.929046,66.010572,-2.900799,-112.228729,-2.667315,52.265959,113.381328,4.037668,1.130281,-1.119243
605,5618,129.665376,0.371022,-3.445386,-104.698320,-3.803218,-727.098490,-2.177930,182.733556,75.986602,3.518226,1.901527,-0.369206
605,5619,150.018588,0.809201,-1.860149,-392.507568,-3.930110,-984.585152,-2.996992,22.953459,-9.444631,3.499530,0.106822,-1.421751
605,5620,129.317167,0.388031,-1.356219,-59.346675,-4.932002,-196.278878,-1.456371,177.188227,-46.730268,4.416657,0.539883,-0.925265
605,5621,202.523075,-0.073060,-3.863461,0.209006,-2.800150,-162.899982,-3.003477,93.939739,190.056584,4.766671,1.093108,0.622856
605,5622,162.472749,0.252403,-3.516681,-44.954617,-4.188992,-1194.131378,-2.400691,386.551563,196.779195,3.242232,1.793060,-0.390982
605,5623,236.462246,0.704784,-3.428761,785.924265,-2.869203,-657.509501,-0.760286,359.444359,139.557882,4.146226,0.375041,-0.812361
605,5624,244.362068,0.331012,-2.169105,220.362921,-2.954974,-788.160842,-1.642956,441.015341,25.294989,3.445586,0.787306,-0.747006
605,5625,159.232548,0.769511,-4.117878,8.410906,-2.212470,-1083.826092,-0.922952,273.949333,131.878614,4.085788,0.620449,-0.792553
605,5626,224.831969,0.052083,-2.038560,-114.701901,-3.099203,-195.547787,-0.230913,157.137760,40.392072,3.361215,0.846758,0.424315
605,5627,178.702226,-1.121907,-2.377664,-264.242215,-3.817796,-537.779077,-0.986404,234.598828,252.665206,3.976812,1.200335,0.830227
606,5628,3.807453,-0.842371,-0.471264,3.892056,-1.405176,-1.704487,-4.973870,0.842750,0.398523,2.594207,0.578156,-1.529209
606,5629,1.408166,-2.834854,-3.696437,-0.971681,-1.185986,-0.363284,-2.104698,1.501591,0.389530,2.678381,0.969761,-3.157208
606,5630,3.475586,-1.913550,-2.307613,0.173190,-1.288858,-1.062532,-2.146274,3.705465,0.421204,2.837176,0.386939,-1.418946
606,5631,1.662213,-1.790810,-2.221756,0.164914,-0.564255,-1.675716,-3.183186,2.705738,-0.634756,3.495628,0.875452,-1.240376
606,5632,0.391831,-1.325679,-0.965628,1.353397,-2.255833,-3.415454,-2.973955,3.052236,0.669189,2.146095,0.537240,-0.373093
606,5633,3.755647,-1.874009,-0.135173,1.874848,-1.458031,-6.278057,-1.058153,2.911055,0.142278,2.882032,0.416399,-0.435108
606,5634,2.450168,-1.678278,-2.670289,-0.144361,-2.532462,-2.102253,-3.264595,1.292826,1.364326,2.732392,0.342008,-1.231961
606,5635,2.061331,-1.851526,-1.220481,0.871131,-0.983467,-2.073133,-2.166791,1.456840,0.689350,3.284127,1.519499,-2.447702
606,5636,3.311008,-2.113723,-3.955041,0.455778,-0.810468,-2.492151,-2.117723,1.850662,-0.125053,3.278501,0.429672,-1.459648
606,5637,2.401040,-0.863372,-2.360603,1.936560,-0.544954,-1.164223,-0.366245,2.379279,0.894523,2.596851,1.124039,-0.014916
607,5638,1.177760,-1.981577,-2.545916,-1.275372,-1.455321,1.161005,-1.762623,2.902354,0.319284,3.898299,0.677607,-0.088777
607,5639,4.405022,-2.542429,-0.352232,0.443958,-0.343565,1.301648,-2.539005,3.002747,0.548991,3.295515,1.072992,-4.283709
607,5640,2.882981,-2.917722,-2.653881,0.293318,-0.073921,-1.941944,-2.192864,2.147907,-0.367612,4.417034,0.273728,-0.920393
607,5641,2.094674,-3.137668,-1.959883,-1.505040,-2.318520,-3.892813,-2.105739,2.510901,0.480156,2.524245,1.123079,-0.173885
607,5642,2.168121,-1.498900,-0.759071,-0.595297,0.725969,-2.175740,-3.226717,2.413905,0.265803,3.060279,1.209375,-0.238523
607,5643,2.446645,-3.259421,-2.623781,2.265450,0.039234,-2.599477,0.030273,3.461494,0.406736,4.610054,0.694764,-1.530264
607,5644,3.018703,-2.100488,-2.488784,-3.369188,-0.293536,-5.885488,-3.341862,1.457620,1.193626,2.915638,0.596897,-1.508155
607,5645,1.873865,-2.060027,-1.588876,-0.161307,-0.744577,-1.247878,-1.860989,1.151947,-0.067326,3.970415,0.958502,-2.473162
607,5646,0.970501,-1.964086,-2.445771,-1.724509,0.032045,-4.774137,-1.726811,2.678240,0.033474,2.633929,0.758795,-1.075663
607,5647,4.089693,-1.712014,-1.673494,0.229157,-1.194098,2.771417,-0.884939,2.660223,1.321157,2.806724,1.013733,-2.649861
608,5648,1.928588,-1.489080,-1.023479,1.054448,-1.860618,-2.809719,-1.276641,2.808464,0.035199,3.653758,1.993710,-1.720606
608,5649,2.171121,-2.576054,-1.967283,-0.220709,-0.702858,-3.255313,-2.800607,2.226899,1.051940,2.279644,1.386236,-0.470134
608,5650,2.439560,-2.150758,-2.516272,-0.345572,-0.399827,-3.401529,0.676095,1.790789,0.536116,1.409882,0.858017,-1.761992
608,5651,2.764957,-2.259138,-2.835900,1.269721,-0.302507,-5.881205,-1.439152,1.511301,0.579249,3.233773,0.813058,-0.948758
608,5652,2.786165,-2.994137,0.297507,0.954017,0.311215,-2.046448,-3.806602,2.425502,0.684503,3.112194,0.342257,0.035149
608,5653,2.681271,-2.216885,-4.721839,-1.479937,-2.467134,-5.959513,-1.375216,1.031424,0.949588,2.904036,2.029808,-0.079329
608,5654,1.664728,-1.413015,-2.601569,-2.326199,-1.136323,-1.676102,-4.387719,0.489188,0.024817,2.771320,1.207286,0.302436
608,5655,2.950917,-1.440686,-1.549810,-0.289750,-0.468433,-4.494659,-1.996549,1.639544,-0.834222,2.279972,0.739835,-0.321661
608,5656,1.774501,-1.690077,-1.297238,1.438095,-1.553247,-4.048767,-3.463119,0.971898,-0.066711,3.507454,1.637537,-2.589968
608,5657,2.489764,-1.303477,-2.571864,2.041666,-0.996906,-2.420096,-2.353053,1.975447,0.192646,3.197536,1.122823,-1.901704
609,5658,2.419584,-1.141182,-1.080958,-1.860195,0.360665,-5.746297,-1.477434,1.459795,0.681285,2.470804,1.747395,-1.748327
609,5659,2.313867,-1.754507,-3.030062,0.002361,-1.410241,-4.720584,-1.881334,2.084909,0.939383,3.032109,1.863122,-0.800164
609,5660,2.681234,-0.733009,-2.089271,-1.044257,-0.811612,-0.243515,-3.140061,1.411714,1.099699,2.656840,1.399045,-0.376323
609,5661,2.684135,-2.438830,-3.436808,1.564765,-0.079798,-3.335188,-4.310234,1.490041,0.716789,3.696204,0.392373,0.424286
609,5662,3.226864,-2.720195,-2.563744,0.783294,-0.643829,-2.835670,-0.998418,3.645677,0.609059,2.858143,1.242017,-0.836837
609,5663,1.437233,-2.152817,-3.145913,2.174516,0.349538,-1.377041,-1.692875,-0.021365,0.492496,3.011899,1.053642,-0.733960
609,5664,3.172544,-3.207661,-0.771428,0.718551,-1.181927,0.033063,-3.490017,1.016131,-0.513891,3.434800,1.094063,-1.216979
609,5665,2.566036,-2.971821,-3.628760,0.608769,0.978359,-3.138836,-3.853105,2.634735,0.722031,3.341635,0.883259,-0.871147
609,5666,2.812942,-1.582357,-2.702773,0.153051,-0.926168,-1.841391,-2.181610,2.820804,0.195082,3.402295,1.242444,-1.185286
609,5667,3.397484,-3.795067,-3.039287,-1.398484,-0.701496,-0.881948,-2.011426,1.322195,-0.197430,3.196972,1.704979,-1.454872
610,5668,34.771891,0.363096,-3.831763,-195.684153,-4.354666,-261.454212,-1.964494,590.998662,-130.105944,5.134449,1.571197,-1.048133
610,5669,99.125441,-1.228623,-1.395335,-9.901190,-3.344639,-462.825332,-4.937036,182.655393,165.935187,4.703192,0.806846,-1.100114
610,5670,100.141631,-1.010946,-3.665317,136.610281,-4.004985,-1608.637297,-3.192724,259.990502,260.784655,3.523727,0.866205,0.250972
610,5671,209.503843,0.051943,-3.785143,-149.154496,-3.555191,-1435.777071,-2.796166,179.902228,36.535202,5.462525,0.746000,0.590925
610,5672,213.232679,-0.430238,-4.033329,446.734085,-3.375359,-324.374616,-2.843590,423.149219,69.274724,3.863488,0.451554,1.402471
610,5673,141.264874,-0.688413,-2.624680,-40.760886,-5.466958,-520.455289,-3.638949,402.325334,238.204349,3.911760,0.921271,-0.371720
610,5674,22.334916,0.334144,-2.282381,120.938966,-3.038468,-247.345579,-0.493700,217.934055,-59.062872,4.204492,2.310418,0.428231
611,5675,183.065103,-1.061498,-3.580376,71.558663,-3.604864,-508.237224,-2.186884,183.812116,-23.322049,5.306718,0.594414,-0.875956
611,5676,84.820315,-1.360541,-2.806406,107.596511,-2.861147,-992.747275,-0.778693,181.717415,131.060021,4.731480,1.290501,-0.764962
611,5677,237.421524,0.192266,-2.497646,-14.398226,-3.420265,-1290.671265,-2.489151,123.664995,129.343273,4.751065,1.082134,0.920326
611,5678,314.075629,0.082691,-2.282544,-278.079384,-3.255561,26.922013,-3.241961,224.212683,14.599048,5.268769,1.305962,-0.290412
611,5679,226.559044,-0.130858,-5.311129,-405.638446,-2.851889,-292.458331,-2.463974,214.618866,-8.946974,4.671387,0.613398,-0.355046
611,5680,187.519911,0.378386,-2.380739,-19.285912,-1.782155,-228.512130,-4.500560,288.344830,56.118091,5.460459,1.120621,2.250515
611,5681,66.197704,-0.871507,-2.580385,216.443898,-3.035233,-432.159280,-3.366290,404.634143,-14.177274,2.323821,1.842703,-2.998209
611,5682,128.255409,0.266417,-1.612513,-122.814793,-3.065585,-191.427357,-1.030197,337.116754,242.159728,4.106305,2.393520,-0.620241
611,5683,255.645059,0.576873,-2.509871,32.311136,-2.885426,-739.591491,-0.627065,394.802189,214.780751,5.499340,1.427087,-1.781957
611,5684,271.722876,-0.547998,-1.571826,27.539187,-4.160684,-1208.405875,-4.164826,310.916781,159.889066,4.190886,0.607910,0.439681
612,5685,2.853529,-3.274138,-1.801651,-3.724440,-1.528679,-4.321736,-1.860628,3.043698,0.289518,3.163657,2.087882,-1.853196
612,5686,5.559810,-2.974298,-1.929091,3.762795,-0.799068,-2.626209,-1.029982,2.162651,0.219153,3.650284,1.271883,-1.647266
612,5687,2.680997,-2.026267,-1.864425,2.219193,0.338707,-3.244262,-0.265537,1.585750,0.603276,3.434656,1.549288,-1.954807
612,5688,2.916970,-2.092894,-3.684592,-1.777964,-2.432202,-5.704480,-3.518282,2.073795,1.424335,2.394963,0.718500,-4.608552
612,5689,3.317254,-2.415787,-2.557657,0.246005,-0.732489,-5.537635,-3.048842,2.468135,0.776605,4.188927,1.312495,-2.582168
612,5690,2.941412,-1.446804,-4.201914,-0.935782,-0.644481,-0.872600,-3.029984,2.320754,0.196042,3.939458,1.772451,0.056768
612,5691,2.086046,-1.905418,-2.437783,0.582058,-1.015898,-4.245687,-2.591083,3.028728,-0.442181,3.100008,-0.042625,-0.700666
613,5692,3.960508,-2.323717,-2.878075,-0.338714,-0.759462,-2.989217,-2.253065,3.396196,0.783832,2.619156,1.248905,-1.367109
613,5693,4.808502,-1.240868,-2.578394,1.823064,0.970657,-2.588602,-2.991444,2.813345,1.466574,3.298129,1.470490,-2.570160
613,5694,1.694992,-2.127166,-3.071702,3.474021,-0.517530,-1.431136,-3.163375,3.472496,0.414369,3.007215,1.839314,-2.951207
613,5695,2.659958,-1.010718,-2.069711,3.487458,-1.090855,-3.738347,-1.685775,1.893991,1.246836,1.586694,0.816990,-1.045623
613,5696,1.096517,-1.524083,-1.354668,1.553337,0.281297,-2.993582,-1.745788,2.864164,0.545417,3.200176,2.412107,0.725355
613,5697,2.594497,-1.758139,-1.979768,2.167969,-1.847947,-5.438489,0.089510,1.250417,-0.043235,3.256269,1.717415,0.557566
613,5698,3.283387,-1.338386,-4.294767,1.747043,0.072961,-4.689452,-2.718424,2.768863,0.180892,3.458182,1.114152,-1.083909
613,5699,3.515865,-2.090727,-2.579343,3.451035,-0.448203,-4.279390,-4.922804,3.538529,0.278388,3.009608,0.789874,-0.915503
613,5700,1.746197,-1.900598,-1.576088,-0.978165,-1.331024,-1.236144,-0.518385,2.165175,-1.023432,2.054920,1.414803,-2.790669
613,5701,3.173985,-2.285108,-1.607619,0.803131,0.208214,-4.280486,-2.701895,3.203300,0.028036,2.610015,0.941014,-4.291764
614,5702,2.931401,-2.368025,-3.363634,-0.630525,-1.414473,1.323068,-2.693356,1.400836,-0.179914,3.330754,1.442264,-2.961581
614,5703,5.115937,-1.526754,-2.249091,2.247147,0.989686,-3.215300,-2.578468,2.171129,0.518832,1.560717,0.869973,-0.781415
614,5704,3.013513,-1.558238,-1.684411,3.013414,-0.372506,-1.241560,-1.566034,2.811437,-0.213969,2.630884,1.546613,-1.256153
614,5705,1.529577,-2.458582,-1.029692,0.716986,-1.278916,-1.406349,-3.421018,3.037651,-0.241456,2.921555,2.026615,-0.522497
614,5706,3.021374,-1.971475,-3.433251,-2.203222,-2.352699,-2.175396,-3.472184,2.421950,0.415560,1.962805,0.564199,-1.390151
614,5707,3.370722,-1.708976,-2.229797,0.186794,-1.081949,-0.871856,-2.084644,2.933527,1.041843,3.214558,0.633313,0.214689
614,5708,2.452177,-2.402256,-4.016160,0.717370,-0.470186,-0.857934,-2.432505,2.909674,-0.278860,3.234014,0.852444,-0.557995
614,5709,1.861397,-0.863213,-2.562414,-3.258366,0.744885,-2.250642,-0.618405,2.636508,0.472588,1.788962,0.852985,-0.408225
614,5710,0.866407,-2.431129,-1.559238,2.548392,0.339556,-3.478086,-2.285426,1.888136,0.704866,2.479046,0.605296,-1.643746
614,5711,2.194256,-1.876816,-2.674136,0.773509,-0.520599,-6.075501,-1.820834,3.062241,-1.208682,2.844917,0.969225,0.246694
615,5712,4.441722,-3.150502,-0.598608,0.652640,-1.625226,-3.041518,-3.435331,2.195156,0.533994,2.287311,1.094553,-0.785984
615,5713,2.368751,-2.004340,-1.615748,-0.726595,-1.356528,-2.182913,-0.294671,0.741603,0.711266,2.162498,0.351913,-1.122056
615,5714,1.654846,-2.159311,-1.743145,0.485351,0.223600,-4.645969,-4.643231,2.813805,-0.031010,2.726879,0.856540,0.275329
615,5715,0.664427,-2.989333,-2.930991,1.055114,-2.383339,-1.975181,-2.321344,2.134562,1.299920,2.225010,1.109237,-1.567332
615,5716,1.508600,-1.872495,-3.916434,-1.886887,-1.004713,-2.213148,-1.284004,1.653601,0.404753,2.830592,1.605566,-1.985848
615,5717,3.029372,-1.353193,-3.105492,2.467192,-0.359973,-2.653367,-3.678318,3.427070,0.371245,1.153363,2.140592,-1.220811
615,5718,3.132345,-2.320325,-2.444761,-0.544082,1.282185,-0.629623,-2.861359,2.413080,0.165093,1.523615,0.668611,-2.741975
616,5719,82.640185,0.060926,-5.124301,-138.582564,-4.097190,-338.015525,-2.215654,213.946883,-44.964184,3.867951,0.691123,-0.234657
616,5720,338.752683,0.750393,-3.853064,227.563852,-5.291121,-769.363085,-2.314382,361.931573,-147.618964,5.093538,0.098108,3.133917
616,5721,141.263784,0.543568,-3.783384,189.010221,-2.712692,-755.878065,-2.667585,282.311918,-7.072636,3.460808,1.009588,-0.668644
616,5722,211.352569,-0.895471,-3.754899,146.846466,-1.873358,-150.550998,-2.543222,149.389039,138.673560,3.700373,0.857021,-0.560868
616,5723,165.445125,-0.183936,-3.123588,165.490562,-4.467603,614.471255,-0.903832,419.701999,8.847952,4.727154,1.742380,2.674203
616,5724,117.987996,0.170598,-2.316738,277.383556,-3.677949,-330.452042,-1.847893,189.443137,-251.436777,4.621707,0.502009,0.272418
616,5725,237.403681,-0.474187,-3.915733,597.473944,-4.867581,-1465.133277,-3.020289,297.467597,60.115145,3.734104,0.337510,-0.588683
616,5726,114.480869,-0.689160,-3.463463,118.780942,-4.251493,-72.183108,-3.692633,323.958584,188.521650,4.349022,1.176842,-1.647543
616,5727,178.452147,0.437217,-2.987795,138.051605,-3.832650,-317.081137,-3.047396,238.050424,50.795911,5.374182,0.701656,0.660745
616,5728,184.737269,-0.034679,-1.977947,391.140689,-3.452264,-777.791446,-1.908301,95.968998,-105.675056,4.024041,1.106358,-1.153599
617,5729,2.015572,-1.994388,-0.430737,-2.357165,-0.065197,0.751026,-1.453246,2.370294,0.412347,2.697977,1.025328,-1.691574
617,5730,1.582172,-3.441672,-1.518894,0.213373,-1.238689,-5.452423,-1.419930,3.143857,0.763275,2.898590,0.991870,-2.711248
617,5731,2.648901,-2.910322,-2.385228,0.537509,-1.056574,-2.310884,-1.108776,1.896658,1.059361,2.031413,0.683234,-1.873013
617,5732,2.938570,-2.003310,-3.142961,2.073876,-0.938918,-2.757433,-2.849281,2.222577,-0.928975,3.266513,1.278141,-2.993677
617,5733,3.055700,-1.732600,-3.795467,-1.008188,0.317188,0.041572,-2.462020,2.366225,0.071349,3.522551,0.794082,-0.209652
617,5734,2.417080,-2.444610,-3.049423,-1.303446,-1.533003,-2.634812,-2.076766,2.986159,0.584821,3.358086,1.226732,0.273245
617,5735,1.691118,-1.850254,-1.918720,0.259666,-1.596898,-3.536675,-2.669740,2.685887,0.859618,2.997451,0.361383,-0.024733
618,5736,4.529390,-2.357688,-1.179101,-0.373928,-1.319468,-1.355466,-3.384577,2.782616,-0.243484,2.690031,1.466699,-0.666163
618,5737,1.727348,-1.779241,-3.451604,1.023278,-1.228681,-2.070246,-2.323083,2.825844,0.590410,2.160568,1.133609,-3.185507
618,5738,3.404177,-1.200741,-0.767549,-0.200889,-1.028991,-3.460547,-3.158799,0.409467,1.419909,3.073624,1.822561,-1.414093
618,5739,1.601264,-0.899465,-2.221215,-1.977516,-0.258958,-1.107474,-2.384369,2.435663,0.594314,2.488592,2.132274,-0.889140
618,5740,2.881699,-1.687434,-3.866275,0.296857,-0.424416,-0.380838,-1.260019,2.505966,0.935981,3.324063,0.531730,-1.217508
618,5741,3.124157,-2.018724,-0.729212,-1.908431,0.520901,-2.536867,-1.147529,1.979962,0.726658,2.857964,1.138437,0.554468
618,5742,3.067706,-2.461413,-2.598042,0.400378,0.178661,-2.896153,-2.956770,0.997757,0.615872,2.863855,0.569875,-2.043862
619,5743,2.265823,-1.066297,-2.389888,2.928722,-1.628284,-4.690417,-2.835290,2.901237,1.344883,3.047077,1.169994,-3.211124
619,5744,3.450034,-1.581946,-2.050595,-0.861244,-0.481803,-1.802528,-1.246828,1.847230,0.989800,2.983122,0.907575,-2.794333
619,5745,2.711312,-1.319820,-1.596571,0.971160,-0.363409,-1.801390,-0.436098,1.264698,0.945088,3.812607,0.649797,-0.472647
619,5746,0.998319,-2.141638,-1.565005,0.266528,-0.520122,1.180572,-1.479845,1.680910,1.281305,1.331110,0.311530,-2.056267
619,5747,1.962418,-1.807609,-1.249170,-0.476739,-0.469094,-3.626169,-2.733362,1.832311,0.958362,2.410645,0.799633,0.658256
619,5748,2.956641,-3.147094,-1.318723,-0.825597,-1.340250,-1.247971,-2.426621,2.050107,0.519109,3.233070,0.754373,-1.981893
619,5749,2.052515,-1.581057,0.319581,-1.661664,-1.111849,1.436968,-2.819079,2.263032,0.260853,3.143583,0.440398,-0.390658
619,5750,3.777472,-2.113611,-2.163132,3.378370,-0.724829,-3.269522,-2.270353,2.446020,0.282074,2.664611,0.881886,-1.937223
619,5751,1.678837,-1.862771,-2.426042,-1.818245,-1.305663,-2.609508,-2.344277,3.039952,0.968902,3.312465,0.214427,-1.018165
619,5752,2.486064,-2.731400,-1.976579,1.490515,-0.916235,-1.066550,-3.436351,2.402437,-0.369705,2.928001,0.908329,-2.363782
620,5753,4.129381,-1.407924,-2.744009,2.844761,-0.526002,-0.404898,-1.021837,2.433283,0.250418,3.453064,0.727608,0.183161
620,5754,0.628205,-2.750990,-2.812910,2.272750,-1.137559,0.050105,-3.126729,3.376765,0.674448,2.271429,1.432417,-1.219638
620,5755,2.186290,-1.541802,-1.580427,1.613553,0.382342,-0.439002,-4.147322,2.528269,0.796478,3.326540,0.526009,-2.477219
620,5756,2.095563,-0.690525,-1.135006,1.794825,-0.986209,-1.953875,-1.683856,2.051914,0.432638,3.628293,0.915484,-2.244365
620,5757,1.544944,-1.035097,-0.713108,-0.140849,-1.026199,-2.621668,-1.512507,1.634489,-0.108085,3.617125,1.783177,0.104030
620,5758,4.468162,-2.998975,-2.089605,6.890469,-2.049837,-2.515849,-3.463955,3.403128,0.225311,2.449181,1.061853,-1.795203
620,5759,2.451399,-2.172027,-0.549563,-0.317027,-2.472255,-1.367584,-2.049287,2.453457,-0.262414,2.422745,1.509419,-1.691309
620,5760,2.640937,-1.574926,-2.156718,0.786652,-0.340712,-0.276350,-2.320208,0.816744,0.277234,3.196904,1.759437,0.468534
620,5761,2.403510,-2.695732,-4.779541,1.680343,-1.364154,-1.798143,-3.038697,0.638208,0.602052,2.039258,0.952031,-1.024342
620,5762,1.609890,-3.429804,-2.114668,-0.684308,0.476948,-4.802980,-4.294659,1.409510,0.055089,2.796244,-0.073248,0.245562
621,5763,2.292843,-1.105072,-2.394589,1.533278,-1.235981,-1.566831,-2.574186,1.235891,1.480751,2.475239,1.158180,2.172940
621,5764,3.149639,-2.053701,-1.078585,5.880310,1.137606,2.021533,-2.436273,1.399120,1.367134,1.937416,1.464582,-0.684986
621,5765,2.909097,-2.420552,-3.013092,-0.825527,-2.702049,-4.546106,-0.342769,2.413156,1.242868,2.269198,1.509765,-1.850468
621,5766,2.510997,-2.890233,-2.945944,-0.027280,-2.386756,0.157093,0.021249,2.267543,-0.326627,2.382051,1.212121,-0.283964
621,5767,2.045464,-1.587484,-1.108806,1.081686,-1.161896,-0.809469,-1.655123,2.973266,0.070330,3.915943,0.574229,0.900978
621,5768,3.733832,-1.975504,-2.749794,2.574362,-0.459274,-2.245782,-1.498308,2.500408,1.152719,2.951275,0.831402,-2.109817
621,5769,3.219691,-1.302058,-2.095117,0.922961,-0.689876,-2.021892,-3.382501,3.861786,0.625906,3.359678,0.565900,-0.070850
621,5770,2.505679,-2.344283,-3.450072,0.419963,-0.314273,-1.102690,-4.742514,3.250879,1.948228,4.297263,1.366666,-0.677523
621,5771,2.321932,-1.905604,-2.525463,0.160258,-0.753902,-2.100509,-3.317959,2.039813,-0.154172,3.141541,0.731863,0.981368
621,5772,2.250818,-2.338244,-1.480351,-2.031538,-1.663047,-1.764815,-2.439303,2.206225,-0.280368,2.951990,1.375318,-2.109409
622,5773,2.748594,-1.441265,-2.196122,0.283697,0.093270,-1.909212,-1.055561,1.914061,0.245225,2.059296,1.329365,-0.235018
622,5774,1.784572,-1.827570,-2.609035,4.213399,-0.065122,-1.464939,-1.782845,1.547524,0.567028,3.017963,1.279858,-1.610364
622,5775,1.289123,-1.892795,-2.515380,-0.519653,0.421624,0.672593,-3.923340,0.852978,0.702670,2.355181,1.299262,-1.613911
622,5776,3.865182,-3.111388,-2.003747,0.217458,-1.819537,-1.814671,-2.731752,1.993085,0.750817,2.654905,0.700803,-0.948755
622,5777,3.883601,-2.820715,-1.353909,1.398952,-1.473760,0.330901,-3.135816,3.545615,1.488848,3.111671,1.354132,-0.506795
622,5778,3.315058,-1.341535,-1.812581,1.636593,-2.349101,-6.041972,-4.334533,2.130144,0.000944,3.923214,-0.186400,0.229356
622,5779,0.816244,-1.411163,-0.932928,0.222306,-0.416243,-2.691241,-1.470092,1.269947,0.451339,3.106770,0.352466,-2.936895
622,5780,1.651818,-2.119403,-2.994667,-1.379937,-1.266710,-3.068750,-1.649773,2.786775,-0.291499,3.047573,1.210492,0.984657
622,5781,4.660169,-2.229729,-3.094701,3.071920,-0.354006,-0.575541,-2.440980,1.617403,0.004193,3.580884,0.326330,-3.263919
622,5782,2.092027,-1.996506,-1.825171,0.724526,-1.449111,-1.689805,-4.044240,2.738610,0.189901,2.420579,0.328076,-1.470009
623,5783,273.485585,-0.607036,-2.895759,101.594095,-3.590187,-15.511071,-3.104867,329.231918,190.181598,4.461236,1.248934,1.850923
623,5784,167.186985,0.369737,-3.506250,579.943101,-2.259476,-803.047137,-1.668937,190.990285,43.387056,3.730415,0.314660,0.709599
623,5785,146.575759,0.604653,-4.220884,671.483096,-1.452917,-1479.333123,-4.294999,225.604858,151.574363,5.027870,0.776842,0.337080
623,5786,81.552613,-0.101499,-1.983005,-61.360925,-2.820477,-390.734806,-2.157856,343.405561,140.435383,3.504711,1.747535,-0.483325
623,5787,138.190491,-0.375492,-3.658245,270.960180,-2.361024,-826.633361,-1.458500,302.673186,-47.886438,4.440707,1.092890,-2.085356
623,5788,166.648202,0.242409,-4.293854,183.153699,-4.298519,142.746546,-1.757495,159.555694,247.621593,4.472797,1.254511,-2.716649
623,5789,169.912902,-0.065620,-2.176787,-3.926919,-2.558601,-1025.071506,-4.504276,371.502657,-53.863318,5.474720,0.781813,-0.395608
623,5790,219.430148,0.333455,-3.541539,-80.813623,-4.098901,-264.480157,-4.416473,518.567851,131.909086,4.063813,1.032228,-0.316965
623,5791,145.944901,-0.792060,-2.375201,54.818988,-2.586833,-369.769591,-1.930339,78.740925,240.657246,4.289012,1.354220,1.340989
623,5792,178.773944,-0.837253,-2.770454,78.601742,-4.127713,-1474.000220,-3.528024,106.248853,98.782222,3.310691,0.267008,-0.332300
624,5793,3.080430,-3.025982,-1.122824,-3.449574,-1.355781,-1.497131,-2.308042,3.030937,1.021879,3.264731,1.404867,-4.041190
624,5794,2.362811,-1.896130,-3.614553,2.582594,0.843169,-1.107493,-4.100169,1.872892,0.373419,3.075805,0.825952,-2.602909
624,5795,0.669184,-2.382232,-3.463459,0.229226,-1.823886,-3.657676,-1.182474,1.812298,0.163723,3.339519,0.380031,-2.440343
624,5796,2.876236,-1.175587,-1.384717,2.505945,-0.418533,-2.970556,-5.877992,1.810213,0.879913,3.438288,0.958471,-0.963786
624,5797,4.579016,-1.962001,-2.489045,3.155025,-0.218422,-3.084928,-1.961288,1.177696,-0.309921,2.806813,1.216733,-1.181816
624,5798,1.833917,-2.814722,-1.393223,-0.431308,-1.445818,-3.451230,-2.029963,1.048477,0.247257,2.696837,1.401404,-1.854821
624,5799,1.338227,-3.247572,-2.974907,0.132164,0.277816,-1.891415,-2.778343,3.041349,1.735906,2.416245,1.448373,-2.095106
624,5800,2.168408,-1.872270,-3.549715,1.480284,-0.881512,-4.882639,-2.153933,3.596963,-0.720624,2.979862,1.047076,-0.089330
624,5801,1.466486,-1.582024,-2.904251,-0.715796,-1.542483,-3.020684,0.417073,1.931755,0.514972,3.425182,0.376805,-2.403605
624,5802,3.072088,-1.254887,-1.888900,2.220264,0.023953,-0.076016,-4.309603,2.553389,0.267471,2.266428,1.464768,-2.662409
625,5803,157.286592,-1.185432,-2.914889,244.500541,-2.163654,-741.471107,-2.011724,251.845166,98.210809,5.447676,1.131484,-2.014152
625,5804,172.350490,-0.436401,-3.545779,-282.216002,-3.242584,403.688143,-3.726191,110.169113,59.643027,5.024354,0.158770,-1.179996
625,5805,240.040148,-1.515541,-3.397623,146.041057,-3.833237,-480.282308,-2.980681,154.452460,-74.084157,4.515932,1.623121,-0.568318
625,5806,228.108616,-1.234714,-2.053347,-246.572518,-2.558414,-1262.978519,-1.543969,349.083741,164.568913,3.923777,1.180843,1.094736
625,5807,190.413089,1.346736,-3.067769,335.921433,-3.990418,-526.030532,-1.072403,159.603809,95.396470,4.115381,1.631688,1.830205
625,5808,112.891221,-0.456238,-2.799594,-11.645756,-3.610263,-73.799590,-2.322561,80.436198,-45.172584,3.173564,0.863442,-1.024762
625,5809,192.567469,-0.831425,-3.850185,-29.133893,-2.971512,-77.823865,-2.748496,435.527807,206.724696,3.903540,1.338810,-1.994041
625,5810,265.909898,-0.299667,-4.332337,235.305762,-3.116832,-653.465649,-5.167502,10.810734,-121.351978,4.472255,0.518285,-0.398953
625,5811,200.120706,-0.639180,-2.968176,178.981110,-1.873625,-1054.418087,-2.242491,254.078088,-86.327223,3.713714,0.925479,1.341569
625,5812,143.961857,-0.447433,-4.913137,-184.630963,-3.747160,-509.059086,0.913029,290.507557,130.658723,4.286092,0.105537,-0.082773
626,5813,101.976020,-2.061759,-2.703643,368.007119,-3.914295,-633.417448,-0.449320,51.020831,49.582109,2.984641,0.834138,0.189387
626,5814,200.935544,-0.092756,-3.739222,265.707464,-3.239978,-1385.780213,-2.558800,297.227756,164.431278,3.225660,0.948163,-0.026993
626,5815,146.201999,1.000124,-3.827616,-74.657119,-4.012547,-144.025373,-2.177485,255.982163,-31.201175,4.001859,1.488617,-1.875843
626,5816,274.188706,0.524309,-1.466628,78.323398,-4.161435,171.353039,-1.355449,297.678104,69.168786,4.198263,1.090716,-0.694888
626,5817,277.187389,0.459239,-3.555272,-443.059658,-3.843318,-920.928835,-2.212951,263.401718,-31.120772,3.845390,1.635820,0.263381
626,5818,225.760948,-0.099419,-3.854966,-28.399460,-3.644983,-1066.777168,-1.414225,544.768094,200.256838,4.273947,1.143876,0.555681
626,5819,211.263228,1.753214,-1.517901,-97.762320,-3.020899,-107.340012,-1.970222,121.015836,-2.446031,3.762400,0.657436,1.197887
627,5820,3.931909,-1.574973,-2.399594,0.355857,0.397331,-0.475433,-1.338271,1.527617,1.369709,1.883704,0.988281,-0.228893
627,5821,2.627702,-1.848941,-3.429767,-0.248969,-1.200255,-2.918736,-1.557960,3.166942,-0.296427,2.607020,0.609311,-2.880983
627,5822,1.748920,-2.809122,-2.558233,0.875105,0.358792,-3.549844,-2.252546,2.752191,0.895553,3.065273,0.349056,0.817660
627,5823,1.182250,-1.726398,-1.027146,-0.193316,-0.725579,-1.429138,-1.674654,0.898666,0.491788,3.295306,0.825297,-2.156892
627,5824,1.386200,-2.220627,-3.224266,3.985731,-0.657315,-6.043787,-4.618636,2.726687,0.541802,2.435016,1.521041,-1.779452
627,5825,3.962000,-0.984585,-3.308759,-1.067954,-1.233272,-3.111549,-2.412529,4.088311,0.013027,3.513757,1.571067,-0.946250
627,5826,2.290136,-2.056556,-2.417724,0.556071,-0.677214,-3.131659,-1.037569,3.217953,1.322717,3.073517,2.511002,-2.380046
628,5827,3.138664,-2.015595,-1.736627,0.463897,-0.148112,-5.230442,-3.559202,0.442876,0.909547,4.068334,1.009731,-0.584262
628,5828,1.742239,-1.524052,-1.731821,3.093889,-0.840266,-0.592759,-3.273979,2.746931,1.025317,2.446249,1.460272,-3.291158
628,5829,2.982024,-2.788739,-3.958468,0.237419,-1.395042,-3.077126,-2.357003,2.357319,0.402531,3.448674,1.036944,-2.571324
628,5830,2.993286,-1.344309,-2.676142,1.670032,-0.819457,-4.683382,-2.975469,2.007997,0.672040,2.794535,1.093354,-2.828132
628,5831,2.639952,-1.525345,-2.984660,4.083410,-0.817324,-1.457173,-2.384894,1.966281,0.178757,3.454266,0.365247,-0.504976
628,5832,2.388013,-2.399597,-2.445080,3.711319,-0.320090,-4.328378,-2.672821,2.443529,1.772287,3.877221,1.708899,-2.867648
628,5833,1.846357,-3.004374,-2.089723,1.607501,-0.849900,-3.084834,-3.286112,0.657530,0.248395,1.848849,1.510115,-0.325792
628,5834,1.370058,-2.194060,-2.286875,-0.968515,-1.023895,-0.682078,-1.871182,1.947032,0.448197,1.992693,1.098344,-1.134091
628,5835,3.479603,-1.587480,-1.738566,1.474476,-0.287554,-3.806562,-0.336861,2.398355,-0.384456,2.794003,1.005383,-1.100275
628,5836,3.041868,-2.011589,-3.782861,0.126668,0.329155,-2.202701,-0.540800,1.529035,0.658423,2.421691,1.114553,0.620275
629,5837,224.828900,0.323313,-4.249500,0.911817,-4.730637,-1096.136515,-2.129306,253.199672,45.899435,4.879799,0.571015,-0.313936
629,5838,289.787729,0.657592,-2.064615,53.670803,-2.963030,-1435.360770,-5.500429,470.453459,167.048214,4.703260,1.139521,-0.323877
629,5839,304.523570,0.329075,-3.149647,217.858066,-3.373565,-537.192377,-1.916905,95.686581,228.717921,3.377798,-0.396638,-0.508402
629,5840,166.015475,0.620259,-3.541477,354.233394,-3.141632,187.085671,-0.926917,98.604439,-19.551276,4.083012,1.310508,-1.320882
629,5841,318.437772,-0.751769,-2.820040,98.160605,-2.427180,-856.763398,-1.709227,276.138857,104.893363,2.592769,0.697850,1.717821
629,5842,65.506322,-0.716291,-3.448792,29.065570,-3.765050,-1158.951646,-5.768051,253.531893,148.656478,4.297465,0.838556,1.418182
629,5843,287.621151,-0.732451,-3.872891,368.933604,-3.577417,-547.564156,-2.486712,284.856048,94.381612,4.966481,0.525311,2.404599
629,5844,226.419674,-0.235149,-3.775205,625.362824,-4.429827,-560.747922,-1.152868,72.618357,232.710815,4.165101,0.816861,0.059934
629,5845,190.523713,0.792831,-2.948835,406.513836,-3.248924,-695.515870,-1.663197,310.412640,-80.768367,3.980989,0.522515,-1.126096
629,5846,325.174570,-0.457639,-3.319186,-111.361849,-3.853651,-902.115859,-5.127921,286.916829,177.733041,5.289325,1.644848,-0.833062
630,5847,3.334819,-1.870800,-1.990738,1.745552,0.375597,-0.863450,-1.785132,2.385371,1.272276,3.266663,1.461171,0.136646
630,5848,1.527832,-2.139504,-2.928798,0.046405,-0.382702,-2.510968,-1.838096,1.575694,1.106113,2.900289,1.797641,-0.674889
630,5849,2.836320,-1.703416,-2.736339,0.116621,0.449997,1.272756,-2.459696,2.571573,-0.363465,2.379079,0.150246,-0.634271
630,5850,3.690524,-2.449742,-1.131850,2.112595,-1.058205,-4.393410,-3.715307,2.117936,0.489454,2.512624,1.510359,-1.484863
630,5851,1.379949,-2.713561,-2.362021,0.525497,0.879299,-5.736549,-3.000710,2.128283,0.486347,3.336815,0.652106,-1.154171
630,5852,2.780363,-1.588467,-2.071660,0.436475,0.892411,-3.653856,-2.614086,1.957015,0.528329,2.523146,1.480912,-1.423830
630,5853,2.108167,-3.649328,-1.414588,0.189631,1.439191,-4.144338,-1.763804,4.309619,-0.239716,3.149235,0.090093,-1.691391
631,5854,1.533716,-1.780025,-2.192490,1.474019,-1.426244,-1.385867,-2.028998,1.930012,-0.227107,3.611583,0.110862,0.692841
631,5855,2.338264,-2.730904,-1.054511,-1.143815,0.778381,-1.710265,-1.956192,2.749067,-0.323759,2.953635,0.331541,-1.176273
631,5856,0.263643,-2.307158,-1.270842,1.823128,0.344071,-3.601691,-2.333913,3.760356,0.557053,2.499751,1.144179,-0.928632
631,5857,3.873719,-0.848333,-2.556834,-1.308511,-0.878767,-0.119694,-2.129839,2.294394,0.228338,2.490025,0.053675,-0.059465
631,5858,3.308898,-2.015898,-2.079777,1.611790,-0.487822,-1.217073,-4.141128,3.546568,-0.321556,2.930187,-0.134431,-1.820351
631,5859,2.531434,-2.059359,-0.365852,0.251833,-0.322032,-3.649503,-1.236971,2.498854,0.056672,2.271693,-0.203710,-0.401883
631,5860,2.135577,-1.945718,-1.282444,-2.905398,0.494598,-0.326894,-3.009930,2.340995,0.650062,3.519423,-0.015620,0.808307
631,5861,0.300011,-2.175377,-1.343659,-0.933592,0.419578,-1.697212,-1.418400,2.710504,-0.081731,3.313319,2.293131,-1.480133
631,5862,2.509361,-3.320447,-0.963758,2.247518,-1.049474,-0.742286,-4.396427,2.494995,0.732155,3.419115,0.681311,-1.035769
631,5863,2.518219,-1.149746,-1.273405,2.511859,0.672296,-1.502311,-2.239802,1.737967,0.208025,4.335542,1.046077,-3.006923
632,5864,148.744990,0.827259,-2.632123,12.859682,-4.082106,-223.666415,-2.653980,267.160268,132.004192,3.279781,0.491849,-2.693261
632,5865,157.695468,-0.906091,-3.550225,-314.566217,-3.690334,-367.825809,-2.520367,375.803060,251.371274,3.449345,1.604914,0.719927
632,5866,164.670077,-0.202267,-3.819356,346.810010,-2.875217,-1168.719660,-2.051589,125.710797,-16.128450,4.179875,0.935660,-0.041091
632,5867,158.734761,0.085850,-1.546484,116.401958,-3.793266,-495.696370,-3.436222,149.057950,56.090943,4.420174,0.757961,-2.603694
632,5868,178.065438,0.003941,-3.056320,117.662893,-4.131482,-446.053840,-3.439478,202.331833,119.413356,3.467014,0.597995,2.287924
632,5869,281.705825,-0.768736,-1.855237,472.889641,-4.434849,-847.658138,-3.028796,364.713022,199.808072,4.151048,1.116031,-2.735898
632,5870,266.599068,0.382449,-4.820662,-240.699271,-3.611665,-577.644841,-3.545411,208.996710,-93.224471,4.336752,1.134619,-0.228566
632,5871,83.802939,1.267421,-1.567323,23.858478,-2.874990,-429.704314,-2.805945,148.779109,350.884878,5.067142,0.557449,-3.148201
632,5872,209.690307,0.402462,-1.981848,195.921608,-3.057393,-461.606839,-0.478045,215.971379,170.665121,4.147034,1.006895,1.520015
632,5873,184.817804,-0.214701,-1.507574,38.945038,-3.551968,12.744888,-3.230577,428.107382,75.995643,5.071041,1.857040,0.133358
633,5874,259.189325,-0.016932,-2.550603,-469.165003,-2.842276,-516.063690,-3.212601,418.746793,-29.221791,4.307007,1.763569,-2.003485
633,5875,190.171768,1.135120,-3.347162,9.295505,-2.803645,-79.082988,-4.290459,303.084576,4.446148,3.956113,1.357032,0.677866
633,5876,175.242337,-0.665649,-3.531584,157.335284,-3.752610,-550.795350,-3.540706,245.470118,178.978383,4.649071,1.315938,0.786647
633,5877,193.304659,-0.719539,-4.834190,-176.295093,-3.374686,-748.247950,-3.197705,496.032243,174.155334,3.644704,0.234792,-2.234021
633,5878,169.128228,-0.940091,-3.667316,541.027383,-3.317482,-277.474741,-1.735058,216.661107,-25.758370,5.012580,0.472508,1.363523
633,5879,160.738933,0.389361,-3.020837,549.325882,-4.728402,-1868.321280,-1.380759,218.493178,72.488291,3.837891,-0.031397,-0.829690
633,5880,133.845530,-0.421922,-3.645886,-151.510268,-3.259202,-512.426568,-4.807109,247.111174,-31.586538,3.390765,0.638230,1.031630
634,5881,113.636232,-0.120240,-3.504018,190.621198,-2.751928,-548.045924,-0.919798,281.080978,218.391937,4.372493,1.320871,-0.365487
634,5882,199.246139,-0.125321,-1.821136,-92.947050,-2.328366,-878.266502,-3.857202,309.131134,-39.992245,4.201605,0.964076,-1.007625
634,5883,164.161007,0.989753,-3.313917,682.271022,-4.073930,205.059432,-0.255596,388.598009,171.820406,4.794773,0.967341,1.009489
634,5884,215.403393,0.083336,-2.020142,189.064260,-4.056803,-844.946574,-1.799290,119.322990,1.326562,3.934876,1.113412,-1.883046
634,5885,220.494910,-0.487789,-2.983928,55.420242,-2.638159,-87.436028,-3.385369,359.977198,1.576002,5.033283,0.802295,0.867635
634,5886,168.329143,-1.231549,-2.208408,211.078285,-3.607306,-458.109881,-1.544722,190.286408,-86.840304,3.616674,1.406160,2.048458
634,5887,274.934294,1.247424,-3.808349,78.821541,-3.181532,-517.126715,-1.934859,452.378270,-66.810317,3.510668,1.753774,-2.125610
635,5888,1.192624,-2.226773,-1.620867,3.208652,0.875635,-0.078934,-2.096348,2.822652,0.005996,3.503311,0.705463,-1.960674
635,5889,2.909030,-2.097375,-2.641518,-0.882659,-0.639264,-2.565915,-3.010076,3.094670,0.954136,2.776343,1.288921,-0.609716
635,5890,1.555778,-2.221643,-3.085628,0.022904,-1.874983,-2.765844,-2.184588,2.690960,0.868023,2.526148,2.161997,-2.354624
635,5891,1.154925,-0.914551,-1.961786,2.522178,-0.075156,-3.807345,-2.987204,2.582512,0.069595,2.673772,0.212818,-2.229742
635,5892,3.886904,-2.188642,-2.720131,0.992611,-0.373880,-4.291585,-1.075553,0.610485,0.516319,1.942388,0.478737,-0.990914
635,5893,3.643701,-1.625750,-2.296805,2.563992,-1.864265,0.162087,-1.348059,1.063870,1.302088,2.993028,0.807877,-1.184273
635,5894,0.523459,-1.991832,-4.207632,0.714985,-0.404535,-2.248752,-0.724570,2.849790,0.845806,3.379434,0.179022,-1.367422
636,5895,3.816029,-2.696150,-1.111666,-1.766473,-0.226093,-4.034319,-2.706164,2.797828,0.116389,2.601118,0.465803,-0.507456
636,5896,2.711249,-1.805041,-1.326472,1.379995,-0.575606,-0.403771,-1.790364,1.989950,1.005180,3.353988,1.990563,-1.584936
636,5897,3.119887,-1.892426,-1.408227,6.416663,-1.296035,-3.890804,-4.180759,2.546734,0.336544,1.937406,0.929080,0.281062
636,5898,0.660446,-1.291219,-2.114368,0.159744,0.245792,-5.712145,-4.804659,3.019465,1.402540,2.798180,1.189206,-2.074949
636,5899,3.201823,-2.576134,-3.098823,-0.124609,-0.640582,-2.019237,-4.115092,1.087026,0.253819,3.927693,0.930028,0.851180
636,5900,2.436699,-2.153989,-2.548434,1.660741,-0.408626,-4.736795,-0.722683,1.695631,0.124874,3.388773,1.307664,-1.475349
636,5901,0.861715,-1.481010,-4.068964,-0.458683,-0.661247,-0.511803,-2.347352,2.141239,0.440777,2.847468,2.284114,-2.588711
637,5902,2.104860,-2.422647,-1.606164,2.008288,-0.628851,-6.295761,-2.817775,3.394246,-0.171663,2.795738,2.076826,-1.734305
637,5903,3.160435,-1.240152,-2.087920,0.036312,1.693230,2.860183,-1.889093,2.848015,0.533570,3.396411,0.915955,-2.540281
637,5904,3.862005,-2.659904,-2.414943,-1.060130,-1.391868,-5.095453,-4.820432,2.206757,0.280294,3.489530,1.355300,-1.997325
637,5905,1.746587,-1.608156,-1.818575,1.365323,-0.772909,-2.153678,-1.735385,1.338983,-0.112965,3.531447,1.048447,0.664722
637,5906,2.312210,-2.347849,-0.138700,0.636471,-0.664566,-1.467771,-2.705829,1.143432,0.552108,4.216150,1.128300,-2.596607
637,5907,3.411504,-2.770391,-2.842264,2.411261,0.063232,-1.969196,-1.658060,0.561667,0.157240,2.346074,1.228202,0.106664
637,5908,2.849147,-0.984858,-4.005843,2.011959,0.088288,-1.478401,-2.732071,3.364573,0.686663,3.220164,1.406497,-2.242967
637,5909,3.007692,-0.553122,-0.977030,-0.972673,-0.668380,-0.019366,-2.917802,2.640836,0.708321,3.577396,0.238602,-0.564169
637,5910,2.787453,-2.208997,-3.576323,2.348047,-1.167405,-3.411372,0.610699,2.872550,0.519378,2.475674,0.349938,-1.960168
637,5911,2.564188,-1.690209,-1.210595,2.715521,-0.979999,-3.241449,-0.862531,2.809777,0.217297,3.025561,1.323985,0.377988
638,5912,3.089861,-2.384147,-2.039410,0.972955,-1.076563,-1.236935,-3.286308,3.120303,1.090009,1.726784,0.219451,-0.617682
638,5913,2.806621,-2.340561,-1.530503,3.501334,-0.618215,-2.526062,-2.801520,2.491773,1.489251,4.187813,1.019697,0.025478
638,5914,3.549227,-1.935340,-1.675004,0.742978,1.149715,-2.067178,-2.767627,1.803272,0.032941,2.891453,1.591244,-2.104680
638,5915,1.216738,-0.869493,0.246181,5.066494,-0.639518,-3.856347,-2.549352,2.108341,0.367909,2.667927,-0.152895,-0.116619
638,5916,0.862720,-2.634195,-2.672852,2.035385,-0.751280,-1.939327,-1.943402,2.427405,0.659548,3.094377,0.891018,-1.917815
638,5917,3.955041,-1.510131,-1.234952,3.356851,-0.769070,-0.705400,-1.630781,2.701851,0.412594,2.696413,-0.056494,0.482623
638,5918,2.345186,-1.085625,-3.448580,-2.870607,-0.915090,-2.830872,-1.194286,3.173476,1.465573,3.878404,0.595100,-0.565255
638,5919,2.563781,-2.020765,-2.682807,0.222068,1.623213,-2.058774,-3.693760,3.007360,-0.054677,2.646884,1.026063,-2.680022
638,5920,2.726256,-2.913982,-1.688643,1.273338,-1.339810,-2.259331,-2.439038,1.691197,-0.041466,3.137994,1.530214,-1.958226
638,5921,3.256841,-2.146052,-2.045869,1.751090,-1.384718,-1.900847,-1.886411,2.027953,0.387577,4.311147,0.639181,-0.758908
639,5922,2.255018,-1.296738,-2.253747,-0.065009,-0.857447,-4.622597,-1.739987,1.685142,0.720529,3.547219,1.477671,-2.908491
639,5923,2.149081,-3.463505,-2.237218,3.045424,-0.434170,1.489347,-1.912594,2.481066,0.143951,2.567584,1.972250,1.194474
639,5924,-0.393161,-2.406918,-1.815765,1.031888,0.884136,-2.613516,-1.996096,1.690176,0.472210,3.290342,1.056094,-1.885880
639,5925,3.439405,-1.305840,-2.121631,-1.499674,-0.113628,1.603882,-2.477784,2.340927,0.282996,2.810402,1.413520,1.832301
639,5926,3.443733,-2.267636,-3.617399,1.582908,0.912735,-2.018611,-2.849217,0.487162,-0.331618,1.729263,0.523196,-2.041954
639,5927,0.068193,-1.086851,-1.055403,0.063432,-1.729741,-3.928859,-5.444506,2.544765,0.096736,1.481185,0.912095,-1.035382
639,5928,2.466991,-0.979944,-3.358086,-0.686160,0.406461,-1.562481,-4.175473,1.956101,1.155957,2.752142,1.280929,-1.093341
639,5929,1.875460,-2.558455,-0.574881,-1.247859,-0.236801,-1.925606,-1.222056,1.769342,0.476722,3.308712,1.642876,-2.458448
639,5930,2.944376,-1.600481,-2.624654,4.814046,-1.292915,-2.280980,-1.869862,2.321023,1.187388,1.363637,0.778170,-3.414661
639,5931,1.812514,-2.362525,-1.531633,-0.432590,0.431724,2.122765,-3.251714,1.537771,-0.629911,2.048490,1.743294,-1.752857
640,5932,2.296938,-2.066476,-3.075496,0.943567,-1.914716,-2.965105,-2.785908,1.465180,-0.128912,2.778462,1.642601,0.109451
640,5933,1.827008,-2.822188,-3.604662,-0.623686,-0.742992,-7.053774,-2.850627,0.992960,-0.257215,3.429424,1.357293,-0.232470
640,5934,2.232853,-2.470774,-3.596054,3.096968,-1.254933,-3.914135,-1.077680,1.903220,0.167220,2.479209,1.359292,-0.128601
640,5935,4.655890,-2.235556,-3.314553,1.759958,1.421490,1.756404,-2.941330,2.773452,0.759149,3.240136,1.921928,-0.435472
640,5936,4.079921,-1.520560,-3.349160,0.496640,-0.196683,0.693664,-4.340448,0.553602,2.264976,2.339843,2.072359,-0.889564
640,5937,0.324241,-2.682526,-1.623070,0.779110,-1.177626,-1.732013,-1.086893,1.820511,1.041178,2.010362,0.877342,0.731461
640,5938,2.371370,-0.720831,-2.749874,0.835257,-0.824615,-3.069935,0.338949,1.804854,0.569292,4.300289,1.875216,-1.181342
641,5939,4.363210,-0.657203,-1.981009,-0.093559,-0.880955,-2.307906,-3.739959,2.251076,1.124503,3.077330,0.405693,-0.117390
641,5940,2.814375,-2.772498,-1.769155,-0.787111,-1.075146,-1.729064,0.383934,3.030434,0.070662,3.406520,0.872657,-1.895206
641,5941,2.496557,-2.103321,-1.255984,2.087432,-0.478919,-1.584495,-4.524113,1.424092,0.461319,2.984430,0.694151,0.578721
641,5942,3.236626,-1.877492,-2.593942,3.545135,1.420776,-1.680482,-2.483431,1.638437,1.265458,3.025872,-0.503276,-0.195047
641,5943,2.886844,-1.619586,-2.260668,-1.457388,-0.260330,1.099027,-2.376447,2.157442,-0.321578,3.203352,1.628692,-0.961187
641,5944,2.047126,-2.065002,-2.700711,0.371399,-1.236855,-2.292072,-3.506453,2.148050,0.395849,3.217682,0.119086,-0.842288
641,5945,3.102065,-0.774997,-3.072539,-0.035322,-0.286224,-3.333869,-1.717880,1.640650,0.980475,2.780314,1.932320,-3.195390
641,5946,1.206639,-1.369845,-2.623838,2.477923,-1.915069,-3.463982,-2.440372,1.341309,0.403480,3.478830,0.195615,-2.622793
641,5947,3.220658,-1.653786,-2.482712,2.527477,-2.327430,-3.759626,-0.649716,1.799849,0.127803,2.824107,1.109524,-1.085128
641,5948,2.252001,-1.455724,-1.020822,2.761923,-0.445605,-3.309443,-1.591454,2.150962,0.127647,2.564271,1.513515,0.207076
642,5949,117.247558,0.121755,-2.297775,-188.658126,-2.902748,-600.283520,-0.900454,285.650156,-6.390601,4.098060,1.144791,0.467084
642,5950,172.930092,0.210746,-1.899810,-181.475490,-4.039948,-157.591799,-2.912879,409.635932,-188.554136,4.368278,0.553068,0.782675
642,5951,326.942785,1.484051,-2.357086,-519.941498,-3.344287,-1056.714837,-1.314439,360.046968,220.762884,4.987515,1.959023,-0.665901
642,5952,305.673802,-0.802425,-0.540161,110.771771,-4.609878,-429.851784,-3.786545,163.962619,119.297745,4.229625,0.643306,0.012967
642,5953,195.198962,-0.322355,-2.414467,-184.418378,-3.202152,109.101135,-2.733155,216.023136,104.095303,3.369045,1.019050,0.577806
642,5954,257.873459,-0.894454,-2.346712,-129.823313,-2.898102,-1191.258598,-4.664582,184.465433,82.181087,4.437239,0.887724,1.027980
642,5955,72.128926,-0.873304,-4.068725,231.263378,-3.286997,-692.754308,-2.251967,305.646138,2.182061,3.383883,1.369159,0.527141
642,5956,165.557002,0.811841,-1.698576,-185.591407,-1.626733,-40.962563,-0.885570,102.252097,132.831267,3.779262,0.849964,0.166114
642,5957,164.186113,-0.911027,-3.239393,-103.129905,-2.442290,-330.567501,-2.328873,156.704108,296.627487,4.510614,1.327409,0.051714
642,5958,117.887936,-0.181148,-2.976999,278.748176,-2.095533,-65.402873,-3.531524,188.757626,-97.291419,4.631677,1.003508,-0.349470
643,5959,2.251944,-1.980467,-1.562333,0.872069,0.327204,-2.576534,-0.640055,0.142830,0.830684,3.374783,0.529723,-1.877208
643,5960,2.550761,-1.810422,-3.911725,-0.432983,-1.712358,-2.332388,-3.060277,2.908321,0.786923,3.478845,1.158613,0.679606
643,5961,2.434598,-2.561870,-2.199654,-0.353753,-0.113469,-0.994023,-2.736319,1.983225,0.104251,3.698051,0.382195,-2.423839
643,5962,3.138522,-1.430215,-1.190256,-1.260895,-0.581420,-4.160541,-2.225330,3.506272,-0.212540,1.244285,1.125266,-1.862670
643,5963,4.493090,-1.914854,-1.827079,1.908395,-2.183228,-2.507736,-1.553870,1.562378,0.512618,2.555311,0.056549,0.327675
643,5964,4.100764,-1.480224,-2.198358,0.177978,-1.890144,-2.330036,-1.807086,2.716633,1.204255,2.962442,1.165889,-3.373301
643,5965,2.540718,-1.608420,-0.306138,1.277200,0.172843,-1.592109,-2.760989,2.256052,-0.056648,3.077548,0.502351,0.849987
644,5966,4.585106,-2.319804,-0.886704,1.065790,-0.381562,-3.962775,-0.874803,2.171968,0.109075,4.055284,0.735604,-0.711809
644,5967,2.122351,-2.290009,-3.391055,-1.354796,-2.177987,-1.749929,-0.077863,0.868542,0.873208,2.237776,1.776890,-0.672263
644,5968,0.666974,-1.114142,-3.202482,-0.730056,-1.120050,-1.029645,-2.083749,2.242186,-0.275993,2.548032,0.625539,0.754998
644,5969,3.974179,-2.407443,-2.031748,-0.151940,0.474137,-0.956192,-2.618663,2.857300,0.658111,2.559332,1.070739,-1.576828
644,5970,2.122592,-2.365971,-2.174019,-1.501359,-0.646660,-5.384810,-2.330966,2.193988,1.683489,3.475254,0.593029,-2.857525
644,5971,0.105271,-2.809276,-2.181089,0.498947,-0.764261,-2.048995,-1.989589,2.104466,-1.069357,3.636659,1.087105,-2.557430
644,5972,3.428503,-1.360823,-2.335295,0.118961,-0.119285,-1.272218,-2.373624,3.503199,0.123852,2.778426,1.098197,-0.568790
644,5973,1.759907,-1.643717,-2.682368,0.122785,-0.484450,-3.466554,-4.395083,4.019049,1.114694,2.409649,0.531404,0.008046
644,5974,2.505053,-0.722963,-1.779890,1.399171,-1.277343,-2.914630,-2.794318,3.122474,1.101778,3.277363,1.155081,-1.281921
644,5975,3.029859,-1.851400,-3.777060,-1.088685,-1.159131,-7.866700,-1.818031,1.370800,0.575692,3.892854,0.312081,0.052842
645,5976,2.494481,-1.769062,-1.957234,1.127089,-0.590802,-1.817747,-2.590284,2.988317,-0.324887,3.592237,0.290515,-0.671913
645,5977,3.486555,-3.016985,-3.547423,3.685066,-1.622060,-4.278632,-5.023074,2.240317,0.797452,3.017837,1.815879,-0.518585
645,5978,1.383885,-1.529941,-2.121279,0.957215,-0.263118,-2.783858,-4.311601,3.339516,0.130560,3.241809,0.083352,-2.280193
645,5979,3.043114,-1.364927,-1.942263,6.522630,0.358035,-3.772167,-2.934438,2.718821,-0.203184,4.129904,0.264193,0.961169
645,5980,1.590722,-1.942799,-4.019731,2.029843,-0.980215,-0.344394,-2.571171,0.469221,0.931763,2.379424,1.054071,0.282445
645,5981,2.281724,-1.949525,-2.895549,-2.952451,-2.343489,-2.987548,-0.541906,1.623093,0.991386,2.651333,1.412915,0.004070
645,5982,1.826780,-1.898208,-2.535970,0.632534,-1.007113,-2.869884,-2.295180,2.434018,0.753189,3.823093,1.007473,-2.160031
646,5983,114.555710,1.403762,-3.054149,-27.898686,-3.400442,-842.881771,-2.421610,362.414439,-21.776662,3.719895,1.412086,-0.235374
646,5984,121.921993,0.353929,-2.586393,180.278675,-1.876063,-79.119553,-2.534922,107.849760,223.379612,4.398211,0.920673,0.313862
646,5985,101.591831,-0.093482,-4.124702,350.762765,-2.866828,-128.698769,-2.418533,291.911418,77.621750,3.453835,0.738916,-0.869408
646,5986,112.904977,-0.795433,-2.889110,149.727830,-2.533382,-828.321447,-4.139239,320.058746,83.489959,3.469291,0.440918,-0.256741
646,5987,130.354047,-0.404562,-3.080694,192.836248,-3.248577,-473.305944,-2.291168,337.659454,-98.642062,4.232250,0.824621,0.115125
646,5988,228.097756,-0.392862,-2.982284,355.224889,-2.837294,-386.390803,-1.818396,242.210185,-1.485648,4.426786,2.490048,0.089259
646,5989,242.860573,-0.067813,-2.876013,257.546919,-3.277035,-510.951884,-2.507436,172.471874,70.418421,3.541578,1.526842,-0.920970
646,5990,194.203797,0.329316,-2.932114,257.599869,-3.247445,-678.349344,-1.511309,294.799039,230.215647,4.823407,1.764845,1.144936
646,5991,184.778032,0.953113,-2.378053,449.763252,-2.596725,-1083.901558,-0.159238,394.475661,230.494828,4.635061,0.662812,0.470509
646,5992,215.826278,0.255786,-2.987180,-96.158719,-4.260111,-485.591751,-2.640358,277.704498,23.028160,3.678873,1.835976,0.330516
647,5993,3.788449,-1.609367,-3.742735,-0.613153,-0.667612,-3.064475,-1.481756,1.840316,0.684162,2.882429,1.429836,-1.366400
647,5994,2.639137,-2.091253,-2.289457,3.021079,-0.833118,-3.235319,-2.197014,0.996856,1.184652,2.886743,1.094359,1.455077
647,5995,2.785117,-2.703094,-2.996934,0.074645,-1.495019,-1.046528,-1.774967,2.328005,0.043540,3.974403,2.060690,-1.318964
647,5996,1.889814,-1.899927,-2.498475,0.861453,-0.980272,-2.887517,-2.275164,2.308110,0.113857,3.101003,1.204443,-2.973867
647,5997,1.338533,-1.796134,-2.608548,-2.286766,0.001334,-1.737484,-2.596308,2.611978,0.144291,2.773585,0.983624,-2.190052
647,5998,3.058148,-1.607448,-1.574586,-2.241350,-1.059369,-7.966513,-1.797571,1.788925,0.946756,3.459650,1.468268,-1.599266
647,5999,1.969012,-3.073516,-3.630552,2.117959,-1.245202,-1.359004,-3.304195,2.196570,-1.402342,2.499352,1.280387,0.739951
647,6000,0.871868,-2.138426,-2.460629,0.365177,0.126627,-5.565875,-1.478548,1.923598,0.783422,2.823970,0.841285,-1.852918
647,6001,2.823839,-2.234499,-3.432475,-0.310676,-0.204262,-1.728005,-1.155432,2.616832,0.368871,2.874326,0.697395,0.300165
647,6002,1.989243,-1.242266,-2.211922,2.679669,-1.091867,-2.326787,-1.432221,0.918430,1.240137,3.240373,0.035012,2.284559
648,6003,1.436419,-2.993699,-3.256439,-0.658925,-0.831699,-1.258089,-2.192934,1.941976,-0.367056,2.942260,1.632834,-1.630445
648,6004,3.089902,-0.867568,-1.745468,0.699781,-0.945567,-4.612700,-5.773143,1.355034,1.335172,3.363092,1.105495,-3.017244
648,6005,2.525744,-1.970769,-1.707610,-2.831841,-0.865222,-1.603709,-0.931287,1.593071,0.501496,2.381163,1.508859,-1.241796
648,6006,2.535573,-1.011888,-4.374338,0.620249,0.138684,-2.089140,-2.239823,2.089927,1.502654,3.408395,1.927214,-0.382202
648,6007,3.895808,-2.590854,-1.598945,0.380657,-1.264221,-4.467750,-2.095372,2.978536,0.598317,1.844520,0.958493,-0.391746
648,6008,3.967772,-1.044930,-1.997391,3.415454,-1.694655,-2.503878,-3.957748,2.563421,1.178229,2.275186,1.960975,-2.348341
648,6009,3.447936,-1.283678,-1.918311,2.376444,0.039577,-5.388925,-2.836388,0.428511,0.024745,3.123778,0.761921,-2.095440
648,6010,2.548928,-2.394389,-2.537212,5.256103,0.392659,-1.505116,-1.743959,3.035607,0.720626,2.081283,0.943803,-1.328699
648,6011,3.312069,-2.860583,-2.825599,-0.848448,-0.041992,-1.725111,-2.067302,1.780509,-0.125793,2.788624,1.762899,-1.470448
648,6012,2.869457,-2.013063,-1.579829,0.874146,-0.672816,-0.305891,-4.514681,2.074737,0.529707,2.255300,0.997065,0.585953
649,6013,314.302799,-0.222729,-4.133071,46.507817,-2.486847,-810.291603,-3.397543,49.614998,93.580423,4.070239,0.932402,-0.574976
649,6014,153.364030,-0.528287,-3.544664,216.096989,-3.749074,-348.170308,-0.096895,94.036360,89.652365,4.647598,0.604825,0.257511
649,6015,112.421308,-1.380465,-2.464606,80.352364,-4.583290,-141.212049,-2.948215,117.922928,389.091241,3.723782,0.259815,-1.563863
649,6016,101.545412,-1.028985,-2.932594,42.471496,-4.315916,-731.052825,-2.298984,318.969907,-136.141349,3.932219,1.093423,-1.314992
649,6017,270.831755,0.315526,-6.169913,96.268234,-3.397327,-934.416252,-3.984003,145.556736,53.248378,6.077936,0.168956,-2.462130
649,6018,157.872246,0.099670,-2.857002,-23.822420,-3.371208,-1010.313067,-2.665156,308.231609,90.225876,3.699945,0.462744,-1.565812
649,6019,279.599525,0.384774,-3.255445,151.176887,-2.499608,-1324.479308,-3.045202,205.516761,79.896607,4.857667,1.591233,0.122440
650,6020,3.553873,-2.201840,0.752208,0.852553,-0.262674,-2.663749,-0.892434,2.721364,0.797121,2.851245,0.751663,-0.216516
650,6021,3.307905,-2.408482,-1.003794,3.401390,-0.428272,-1.688876,-2.340254,1.653811,-0.293524,3.079604,0.650485,-0.248677
650,6022,1.379577,-0.938192,-2.344760,4.506470,-1.024128,-1.678350,-1.227698,2.571033,0.144886,3.550369,0.568888,0.721985
650,6023,2.141981,-1.644863,-1.188363,-1.633625,-1.077631,-2.362560,-1.199426,2.239444,-0.253342,2.942195,0.094928,0.892986
650,6024,2.437453,-1.642433,-2.459888,-1.020019,-1.401624,-4.003593,-1.837882,2.877639,0.764060,4.985050,0.696009,-0.194233
650,6025,2.750686,-2.808248,-2.460349,-1.526049,-0.835160,-5.659539,-3.361901,2.935396,1.118881,3.127072,1.169820,-1.076237
650,6026,2.862825,-1.995308,-2.989230,2.013955,0.441817,-3.154482,-2.737446,1.953090,0.325699,3.203654,0.406718,-1.719419
651,6027,3.615851,-2.325290,-3.292026,2.144730,-0.337521,-3.095024,-0.911424,1.108958,0.780587,2.148982,1.465130,-0.979867
651,6028,2.655286,-0.717779,-2.275971,0.362349,-0.247695,-2.908033,-1.532907,2.278595,0.239114,3.640923,0.557809,-0.818182
651,6029,2.740308,-1.730611,-0.575718,-3.159015,-1.697128,0.095865,-1.597437,0.756324,-0.065991,3.455496,0.398351,0.629778
651,6030,3.751737,-2.040564,-2.520788,0.628348,-0.065908,-2.101483,-1.648527,2.556408,1.788452,3.872482,0.684164,-0.326036
651,6031,1.165769,-1.530662,-3.955177,3.870482,-0.455209,-1.582000,-3.215345,2.868263,1.241147,2.154517,0.375061,-0.947920
651,6032,0.752842,-1.636313,-2.370877,1.975953,0.783745,-1.126150,-2.457936,2.660307,-0.000284,2.902002,1.016888,0.179657
651,6033,2.651648,-1.651420,-2.742690,1.755304,-1.003216,-4.787371,0.413974,1.197029,-0.102153,2.176579,0.823447,-1.406466
651,6034,2.745783,-2.094992,-1.731422,0.551022,0.551253,-1.042334,-4.223498,3.140328,-0.014587,2.913566,0.925099,-2.717909
651,6035,2.041396,-0.881457,-2.153096,1.318269,-3.015884,-2.744604,-2.956084,2.802339,0.315275,3.484441,0.848861,-1.875884
651,6036,2.905389,-1.591253,0.048540,3.112679,0.228485,-2.037124,-2.005753,0.873018,0.440730,2.618674,1.735445,-4.142413
652,6037,190.450080,-0.138481,-3.648063,-2.860962,-1.965555,-758.526391,-3.769890,269.317149,-88.364924,3.714315,0.981379,-2.344472
652,6038,152.041789,0.585905,-3.544426,120.554545,-2.690317,-389.994570,-3.635068,286.277763,-157.985478,4.425265,0.148574,-0.699674
652,6039,49.894098,-0.045701,-2.602575,58.848737,-3.808142,-491.798463,-2.389140,114.997945,-192.936673,5.141921,1.087834,-2.040123
652,6040,153.712425,-0.833585,-4.604339,-195.577361,-3.119483,-472.070459,-4.123363,281.969212,83.732733,4.271784,0.108899,-0.115338
652,6041,235.669409,0.430743,-3.420328,-65.167365,-3.933600,-863.348306,-3.004283,222.306339,75.675969,3.765568,-0.154117,-0.950715
652,6042,153.249870,-0.122564,-2.942208,589.587508,-3.488102,-748.397023,-2.160980,249.873458,275.832455,4.863791,0.812652,-0.481297
652,6043,94.265929,0.706241,-4.292124,-42.494718,-3.127773,-768.174936,-1.646815,368.488145,34.453668,3.657235,0.968138,0.706816
652,6044,146.009105,0.063320,-2.565118,-283.412306,-3.737912,-1415.925586,-1.304184,151.502433,47.946349,4.176887,1.174619,-2.155195
652,6045,-10.104307,-1.198948,-1.837622,155.248958,-4.352484,-1173.404020,-1.962807,295.840820,-31.539202,3.095579,0.303891,-0.169060
652,6046,142.732948,0.057375,-2.172745,-126.726598,-3.453352,-1126.022344,-3.556373,235.025479,125.530013,4.934950,0.510925,-1.453123
653,6047,97.383078,-1.277664,-3.176276,-189.478369,-2.626395,-661.911294,-1.919309,211.292567,-53.045110,5.657112,0.727557,-2.359991
653,6048,211.641501,-1.068818,-2.666595,302.906195,-1.931715,-217.327315,-2.955946,169.777366,-116.701234,4.464650,0.931837,-0.007806
653,6049,56.831911,-0.845410,-2.463463,-214.961584,-2.833166,-1483.253161,-3.114982,244.497533,-3.185167,4.556656,0.825227,-0.775868
653,6050,39.127278,-0.503398,-3.978980,162.438929,-3.061729,-242.733407,-3.218776,271.461124,119.548744,3.601952,0.822270,-0.861171
653,6051,95.847157,-1.257615,-2.638119,254.970971,-4.125372,196.684056,-2.986210,320.571054,113.173310,5.526897,1.006346,-0.967511
653,6052,154.561084,0.909414,-3.579733,398.187482,-3.132436,344.587760,-3.041232,423.592277,-6.419419,4.571153,0.386130,0.351414
653,6053,290.042762,-1.237725,-5.679255,478.446972,-2.964205,-1228.760819,-0.960836,468.366396,82.226537,3.935810,1.762842,-0.592578
654,6054,121.763989,0.186506,-2.941504,-73.093047,-2.798070,-580.761588,-3.424218,344.743102,99.689880,4.730888,1.854069,-0.249628
654,6055,80.621614,-1.441365,-1.265634,791.068580,-1.938779,-929.628561,-1.010249,286.203899,116.016995,5.382997,-0.038893,-0.514796
654,6056,93.931522,0.781859,-1.687417,279.956543,-4.235508,-235.340218,-4.060115,150.541605,210.945245,3.967519,1.221720,2.463427
654,6057,233.838941,-0.531496,-1.431724,-101.970800,-3.225541,-690.135808,-1.172057,409.600225,144.546228,4.970841,1.250737,0.015227
654,6058,241.320102,-0.292083,-2.407003,275.856363,-2.930204,-304.781125,-1.874286,342.881001,35.870763,4.383353,0.808461,3.020650
654,6059,165.660491,0.526840,-3.228747,81.541656,-2.774840,-348.633578,-3.012620,298.827745,139.628897,4.974215,2.203699,-2.278332
654,6060,231.289235,0.159514,-1.196663,82.536946,-2.693275,-488.262969,-1.160423,247.751432,109.206370,3.276415,-0.371697,1.600191
655,6061,254.549858,-0.036390,-2.099963,-297.992633,-3.391737,-830.150974,-4.497424,149.443043,119.890998,4.104827,0.138409,-0.185632
655,6062,160.446588,0.394581,-3.911580,-294.097670,-3.713844,-400.382296,-0.599639,263.273691,44.303423,4.034856,-0.156700,-0.211736
655,6063,232.087188,0.439175,-2.522281,-208.982840,-1.545116,-1316.576250,-3.578182,228.348855,144.023618,5.405283,0.593935,0.664886
655,6064,143.564855,-0.253547,-3.076995,166.617903,-3.555930,-511.816557,-1.701074,224.321229,-89.279926,3.976227,0.963848,0.809469
655,6065,182.115814,0.354607,-3.126764,10.258267,-4.572013,-656.304400,-2.623015,-8.015495,238.389286,4.378393,1.450357,-0.108011
655,6066,168.731717,0.693311,-4.357670,384.617729,-1.515316,-530.485510,-2.883541,225.160693,175.282864,4.185583,1.285034,0.010688
655,6067,226.551438,-0.498655,-2.505470,303.977503,-2.934695,-800.477916,-1.761146,69.794281,105.521479,3.703455,1.219569,-1.134361
655,6068,116.023543,0.554757,-1.750353,-43.679367,-3.685653,-415.123302,0.451344,121.448215,-23.909804,5.047936,0.485837,-0.356608
655,6069,239.157964,-0.989316,-2.231925,155.604597,-3.514774,-936.054079,-3.021455,21.087965,70.737503,4.267680,0.595239,0.202860
655,6070,182.802065,2.181485,-1.246690,-147.737093,-2.410742,-753.113467,-1.386782,168.859177,43.403042,4.572353,0.565578,-0.201131
656,6071,2.594280,-1.325103,-3.244286,0.664616,-1.506310,-1.939431,-3.036353,1.905839,0.834944,4.187210,1.635448,1.016349
656,6072,2.487748,-2.416303,-1.687217,-0.334312,-0.383406,-3.372856,-1.408847,1.568699,0.428295,3.010137,1.417367,2.078418
656,6073,3.482668,-1.616555,-1.794626,3.974760,-0.706483,-7.822504,-1.722732,4.376824,0.605952,2.519996,1.337105,-3.254402
656,6074,4.262938,-1.382424,-3.210343,1.049796,0.029930,-6.543685,-1.771088,2.618993,-0.016600,2.472594,0.193423,-1.367485
656,6075,2.649551,-1.957068,-1.512039,0.768694,-1.988152,-2.757555,-3.633721,1.351114,-0.318970,2.986547,1.258434,-0.148225
656,6076,2.670878,-2.479301,-1.117497,2.338061,-1.906930,-2.869500,-2.905851,1.016240,-0.531339,2.660195,0.810523,-0.182339
656,6077,3.732807,-1.222680,-2.291863,1.949927,0.435751,-4.212117,-2.525433,1.968996,0.434823,4.381954,1.070905,-1.924236
656,6078,2.825775,-1.888190,-2.175401,-0.897711,-0.058070,-6.566680,-1.830737,2.894555,0.773245,3.435834,1.120548,-2.069607
656,6079,2.868039,-1.554867,-1.855980,1.697021,-0.185010,-2.049594,-1.729620,0.985258,-0.085120,2.701645,2.108839,-1.514856
656,6080,1.164172,-0.657483,-3.260865,0.874434,-0.332458,-1.814608,-4.284634,1.390263,-0.017183,3.263861,1.500065,-1.663323
657,6081,2.305695,-1.422944,-1.921681,-0.689985,-1.316672,-2.402742,-3.336110,1.794165,0.334773,2.765351,1.638881,-2.402526
657,6082,5.877155,0.133503,-3.269534,1.351233,0.915240,-2.733237,-3.332540,3.436874,-0.470969,2.594488,0.699510,-3.895849
657,6083,1.374080,-1.446361,-4.160073,3.582688,-0.306099,-5.717975,-3.307184,2.787193,0.845578,2.598135,1.976016,-1.414194
657,6084,2.084640,-1.513767,-1.655036,-0.405372,-1.246787,-3.844078,-3.185265,1.741345,0.565611,2.243083,0.479458,-1.902822
657,6085,2.555223,-0.496222,-2.196316,-3.507697,0.382678,-4.340569,-2.416688,1.831222,-0.387100,3.881588,1.457559,-2.816912
657,6086,3.291068,-2.260426,-2.544965,0.580420,-2.049634,-2.713145,-3.363290,2.941139,0.450262,2.419593,0.693927,-0.872628
657,6087,1.447570,-2.317985,-0.911635,0.785361,-1.790032,-2.049817,-3.255767,0.865739,-0.450942,3.662162,1.684562,-3.308668
657,6088,1.373180,-1.846052,-0.566063,1.975247,-1.484026,-0.660835,-3.479681,1.643887,0.258920,2.816837,1.905205,-0.323537
657,6089,3.162469,-2.906954,-1.348206,2.248187,-0.627056,-2.058960,-2.033971,2.156095,0.434981,3.115112,1.109023,-1.839604
657,6090,2.545652,-1.178723,-0.473878,2.606794,-0.111899,-1.947796,-3.800459,0.372512,0.712736,2.248789,2.384030,-3.406901
658,6091,3.513424,-1.928525,-3.215513,3.758010,1.416024,-3.090828,-1.367648,3.071511,1.640626,3.018593,0.394052,-2.769410
658,6092,1.973988,-2.242880,-1.221513,0.945282,-0.595964,-4.472375,-1.680664,2.826278,0.404862,3.121387,2.420100,-0.200306
658,6093,2.687236,-1.817556,-2.952633,0.027260,-0.130407,-4.179988,-3.087364,1.248771,1.438014,3.604237,0.654948,-2.608965
658,6094,3.094093,-1.681786,-2.522433,1.953562,-0.910729,-3.066123,-4.106526,0.462037,-0.365225,3.257404,0.932556,-1.393432
658,6095,3.660928,-1.166547,-1.553291,-2.243998,-2.953830,1.666729,-1.566056,2.812977,0.211674,3.663080,1.942827,-1.453869
658,6096,2.038637,-2.844094,-1.929715,1.627207,0.664006,-2.459480,-5.028623,1.847758,1.380783,2.526104,1.242312,-1.044991
658,6097,3.679322,-3.229832,-2.680749,-1.137596,-1.620071,1.997994,-3.845176,1.510070,0.790111,3.194952,2.107725,0.347489
658,6098,2.328846,-2.900318,-1.234669,-2.118271,-0.603031,-5.330388,-3.934779,1.262303,-0.487060,3.086729,1.288934,1.536941
658,6099,1.372524,-2.747308,-4.624744,-2.811647,-0.482880,-0.827323,-1.985178,4.041767,0.916022,2.200383,0.102336,-1.065715
658,6100,4.012396,-2.932361,-3.466266,1.680695,1.233058,-2.167042,-0.383505,3.021035,0.154540,2.739678,1.292994,-0.665127
659,6101,154.078832,0.285822,-4.986257,-148.535909,-3.836901,141.126596,-1.222409,380.763643,150.778631,5.167675,2.153949,-0.269164
659,6102,64.418702,-0.520298,-2.554327,312.010073,-3.681312,-930.982833,-1.246267,227.123057,237.198653,3.355545,-0.166211,1.982998
659,6103,-32.537064,0.189612,-1.989163,-123.264216,-3.705912,-845.672916,-2.682282,292.057439,-1.908973,4.614653,1.396065,-1.358772
659,6104,101.365251,0.976136,-2.209244,-44.927231,-3.231173,-425.812824,-4.318612,361.213596,-9.855260,3.990122,0.146226,-0.541496
659,6105,271.163498,0.102693,-2.989761,89.134447,-4.093815,36.096118,-0.858770,196.682275,-70.967905,2.935098,0.436718,-2.735794
659,6106,223.600796,0.281597,-3.656615,-152.895835,-3.558069,-103.503634,-2.898944,268.688473,78.465133,4.160349,0.324052,-0.520294
659,6107,77.972062,-0.258724,-3.609037,-362.893285,-2.425332,-378.829077,-1.141816,269.068325,100.776354,4.339084,0.316913,0.730465
659,6108,212.719101,-0.261230,-3.753584,69.702139,-2.496826,-794.706898,-1.989199,288.479160,0.760951,4.460188,1.363631,0.242968
659,6109,164.619858,-0.213286,-2.647443,146.160475,-2.632213,-1037.129703,-2.504911,120.937710,142.089993,4.285584,0.458928,-1.055037
659,6110,120.083759,-0.097048,-2.280596,-103.220602,-3.545508,-213.219292,-3.220157,197.200465,146.993375,4.085840,0.012189,-1.453715
660,6111,1.139276,-2.153359,-1.559849,2.718403,-0.184772,-4.315968,-2.105925,1.842277,0.205509,3.152621,0.684859,-0.912770
660,6112,4.136612,-1.973606,-2.047316,1.699873,0.218574,3.171598,-4.916199,1.459666,1.600795,3.058663,0.972358,-3.668399
660,6113,4.291510,-2.516269,-1.987025,1.969369,-0.450369,-0.332634,-1.882311,1.919114,0.566053,3.018256,2.085731,-1.303839
660,6114,3.109864,-2.428395,-2.167841,0.202624,-1.730878,0.031228,-1.075199,1.421421,-0.095925,2.944063,0.626591,1.483693
660,6115,2.390901,-2.008008,-2.513843,1.162334,-0.266334,-1.928319,-2.012639,2.126694,0.901816,1.988621,1.139945,-2.109200
660,6116,1.963313,-1.776878,-0.285999,0.848203,-1.749344,-3.443724,-1.879810,2.922947,-0.156088,3.548354,1.860805,-0.908480
660,6117,3.106948,-2.722707,-3.726032,0.726190,0.498368,-0.217521,-3.385039,1.059554,0.553837,2.503628,1.951360,0.722315
660,6118,1.973355,-1.303802,-3.236940,0.369444,-0.083396,0.594076,-2.922948,2.039549,-0.562853,2.473654,0.322245,1.235826
660,6119,2.173855,-2.757850,-2.641205,2.019262,-0.214578,-3.243614,-2.837610,1.925590,0.012206,3.676650,1.640493,-0.724843
660,6120,3.084356,-2.529528,-1.483598,2.062601,0.315688,-3.780029,-1.279706,1.353431,-0.303325,2.012354,1.409997,-0.253982
661,6121,267.785045,-0.939829,-2.810061,624.821200,-2.585361,-152.208075,-1.918366,207.842928,-25.233982,3.915738,0.239635,0.064577
661,6122,192.478023,-0.560346,-3.316732,210.066106,-3.707501,-564.868211,-0.203900,214.075695,129.703900,4.536645,0.883018,-0.382679
661,6123,184.864921,-0.180252,-2.480853,102.800252,-3.580451,-1330.861570,-1.818589,251.098488,381.696268,3.920163,1.313302,-1.375297
661,6124,146.151033,0.161020,-2.054049,-78.585907,-3.642570,-676.214231,-4.180792,226.722276,-17.473470,4.112175,0.664938,0.418152
661,6125,321.510270,-0.252680,-2.149454,-16.311803,-2.559618,-54.199806,-1.365057,198.906038,413.791941,4.878917,1.003051,0.443410
661,6126,150.587862,0.424892,-1.540460,211.876288,-3.471159,-957.482486,-1.847902,216.628887,191.679682,4.850904,0.184001,-1.349329
661,6127,188.383195,0.025637,-2.768302,51.326436,-4.065785,-827.854678,-2.968537,339.652227,210.342733,4.986702,0.838871,0.551340
661,6128,26.445345,0.397135,-2.013343,140.904003,-3.200767,-841.563854,-2.437541,280.435622,69.990207,3.696100,1.221936,3.032653
661,6129,125.357929,0.694025,-0.933670,31.439763,-2.845757,-275.258243,-0.619256,141.463219,-122.055089,3.737188,0.953503,-0.910374
661,6130,296.708990,-1.546081,-3.679319,129.290853,-3.991386,-1273.455866,-2.460422,301.309649,292.945358,4.817804,0.802803,-0.792782
662,6131,3.323484,-2.068605,-1.204499,0.640935,0.960275,3.797163,-2.740143,2.316322,-0.471024,3.070424,1.112837,-2.021134
662,6132,1.715232,-1.563598,-3.062531,-0.993587,-0.537883,-1.026561,-2.332278,1.426840,0.485028,3.506459,2.354447,-1.416352
662,6133,-0.839405,-0.845640,-2.665175,0.362723,-1.089817,-2.991093,-1.282386,2.071378,0.378710,3.048331,1.382630,-0.663285
662,6134,1.799217,-2.230754,-2.618195,-1.222603,-0.401561,-4.586041,0.050331,2.435939,0.413931,3.299788,1.672175,-2.502126
662,6135,1.569061,-1.889138,-3.771467,0.197269,-0.772132,-1.185812,-2.060023,2.774914,0.460961,2.818780,0.907433,-0.130173
662,6136,2.975626,-1.445024,-1.563959,-0.107217,-1.706138,-4.645782,-2.362070,3.024382,-0.270901,3.435184,1.455368,-2.054261
662,6137,2.492913,-2.062388,-4.560980,-2.655963,0.033035,-4.297488,-1.137292,2.254420,0.129365,1.891347,-0.552851,-0.363075
662,6138,0.859833,-3.728005,-2.326192,1.775369,-0.734023,-3.348809,-2.356157,3.207994,0.094131,3.347399,1.062341,-0.844608
662,6139,2.262010,-1.664567,-0.839931,0.384023,-1.909046,-0.487814,-1.714421,0.252272,-0.133786,1.865864,1.595673,-0.068617
662,6140,2.930627,-1.243400,-2.157440,1.623419,-1.055979,-2.384664,-2.333922,0.365689,-0.106533,2.530625,0.022191,-0.052586
663,6141,189.727359,-0.781147,-1.561220,242.914779,-4.696313,-639.301794,-2.037260,285.857578,220.910059,4.776349,0.629963,-0.471998
663,6142,97.615259,0.737958,-3.079590,180.582937,-1.729907,-769.231164,-5.638542,179.048765,-143.824311,3.897090,0.472910,0.381316
663,6143,187.151971,-0.413943,-1.155479,190.936945,-2.334633,-942.903822,-4.632203,139.021910,47.330347,4.666876,1.162953,-0.847525
663,6144,211.132556,-0.054840,-3.832616,26.989035,-3.960899,-641.800180,-0.748496,314.434829,63.944186,4.743179,1.192513,0.281992
663,6145,189.658383,-0.116398,-1.047520,181.837886,-3.404825,-377.469540,-1.980389,146.641345,49.809387,2.897436,1.086872,0.656888
663,6146,225.791339,0.272979,-4.182304,54.255217,-3.513398,-682.551179,-2.446619,126.163745,66.320698,3.823983,-0.187281,0.101461
663,6147,234.537112,0.042646,-5.245987,382.573156,-3.858041,-598.161653,-1.716103,331.923820,11.380609,3.938234,1.047000,-2.678589
664,6148,1.553112,-1.553265,-0.818818,0.924288,-1.871755,-2.372984,-3.849776,2.863177,1.065686,2.900507,1.269150,-1.230203
664,6149,3.223574,-2.248892,-3.119983,0.880231,-0.992085,-4.782390,-0.964774,0.681902,-0.034038,2.085510,0.899709,-1.006852
664,6150,3.169445,-0.919949,-2.719141,1.661769,-0.750189,-3.348819,-0.988313,3.092319,1.698777,2.950019,0.749268,-0.076300
664,6151,2.545383,-3.514649,-2.219418,1.607589,0.150655,-2.591087,-3.243025,2.823033,-0.260825,3.192584,1.107258,-2.436086
664,6152,1.075396,-1.386974,-2.190143,-2.509351,-0.255750,-0.395744,-2.020396,2.139332,1.122146,3.199061,0.940501,-1.090586
664,6153,3.527078,-1.782948,-3.210707,0.058447,0.210429,-3.189278,-0.930126,1.150312,0.813535,3.182754,0.834785,-2.644588
664,6154,2.197388,-2.566454,-1.532434,1.995433,0.377660,-2.194007,0.029593,4.068670,0.465624,3.248180,1.886094,-1.075998
664,6155,0.460612,-3.310471,-1.249996,1.859743,-0.683075,-9.029561,-2.449982,2.394550,0.452659,4.053764,1.110146,-1.968902
664,6156,0.604236,-2.106517,-1.755634,-0.505793,-0.412191,1.397454,-1.133913,2.548099,0.311363,2.328001,1.276503,-2.113534
664,6157,2.737326,-3.360847,-0.756843,0.827689,-0.254234,-2.805856,0.615699,2.239557,0.182132,2.271813,0.570484,-1.116528
665,6158,1.490572,-1.648251,-2.094377,2.895507,-0.777785,-0.731028,-1.373216,2.104002,0.526273,3.113069,1.667657,0.603263
665,6159,1.820810,-1.009750,-2.569166,-0.906412,-1.377431,-3.552406,-3.850503,2.250407,-0.380288,2.695998,1.425461,-3.220793
665,6160,0.457073,-1.583071,-3.586280,-0.966357,-1.201694,-0.741663,-2.386723,1.404262,0.547320,1.261454,1.901776,0.168007
665,6161,0.733573,-2.047855,-2.708694,-1.301015,0.151697,-1.408044,-2.534646,2.166014,-0.235290,3.272625,0.878657,-0.464553
665,6162,3.234902,-2.285528,-0.092767,3.713530,0.078778,-2.504449,-2.985579,2.473309,0.848606,3.097482,0.948119,-1.160682
665,6163,1.799406,-0.937660,-3.343760,-0.907223,-0.798848,-0.442199,-2.953464,1.707257,0.879310,3.207446,0.294159,-2.544404
665,6164,0.941435,-2.053974,-2.545925,2.758352,-1.728177,-1.734323,-3.828764,1.557158,0.748427,2.676254,0.708058,-1.624828
665,6165,2.319211,-2.747896,-2.068775,1.907563,-1.723279,-2.290749,-1.604015,2.247485,0.466380,3.745093,1.187082,-3.728370
665,6166,1.959316,-1.379053,-2.388971,-0.273893,-1.241642,-5.939593,-3.492215,1.454707,0.735362,2.663824,1.106860,0.504686
665,6167,2.271673,-1.747967,-2.764105,-1.871900,-0.316286,-2.813520,-2.233684,2.361140,0.881122,2.599015,0.329894,-1.861857
666,6168,2.917016,-2.579977,-1.740962,-1.598103,-1.324213,-6.429143,-2.946618,1.850760,0.835037,3.623073,1.754410,0.831038
666,6169,0.876211,-0.459363,-1.450619,1.363450,0.085025,-5.948280,-1.829853,2.147865,0.257816,4.198512,2.231424,-2.362664
666,6170,1.925081,-0.786831,-2.658404,1.045366,-0.543977,-0.300101,0.590421,3.066715,0.508851,2.632352,1.465171,-3.012829
666,6171,1.452893,-1.496630,-2.571814,3.985507,-0.337368,-2.881394,0.510651,2.752425,0.336422,3.571317,0.879812,-1.048207
666,6172,1.431711,-2.489742,-1.822477,-1.165444,-2.159489,-0.788890,-0.720286,2.488572,0.890919,2.865032,1.767565,1.088194
666,6173,3.249722,-2.006933,-2.835644,0.769495,-0.765711,-1.971693,-1.289552,1.794541,-0.261448,4.436838,0.940455,0.301257
666,6174,1.236602,-1.865191,-4.028411,-0.910438,-1.302417,-2.413509,-3.122949,3.516799,0.328688,2.518322,0.779294,0.529515
666,6175,3.001601,-3.153834,-1.566551,0.832724,-0.172070,-2.221135,-3.133544,2.099349,0.095305,2.738662,1.161203,1.078464
666,6176,2.881459,-2.642675,-1.728298,-1.640568,-0.336226,-2.007734,-1.343410,2.665366,1.426519,2.900913,0.956954,-1.301856
666,6177,2.122906,-2.011773,-1.884157,1.265747,-0.163453,-2.065884,-2.660676,2.789993,0.140996,2.981185,1.213962,-1.859852
667,6178,2.776379,-1.797607,-0.427872,0.559249,-1.596891,-4.567032,-1.470937,3.328428,-0.050308,1.975725,2.496768,-2.170966
667,6179,3.411190,-2.823233,-2.011785,-1.051630,-0.761907,-3.736420,-3.144279,0.892446,0.735648,3.035186,1.359948,-1.050914
667,6180,1.421129,-0.810108,-1.527171,-0.796537,-0.800290,-3.914460,-3.103727,1.916733,1.096450,3.612562,2.074237,-2.285712
667,6181,2.822918,-1.744719,-3.068762,0.023067,0.901778,-1.109179,-4.272156,1.461602,-0.328956,3.433715,0.752895,-1.465929
667,6182,2.727840,-2.973563,-2.134410,1.690741,-1.746616,-2.088942,-2.717982,1.879402,0.633759,2.932971,1.503496,-1.225352
667,6183,3.064839,-0.740141,-2.081615,3.091315,-1.091947,-4.047645,-4.126289,3.164189,-1.447345,1.607972,1.124763,-1.840953
667,6184,2.861161,-0.782064,-2.290886,0.709430,0.551769,-3.340611,-2.390688,1.541321,1.181828,2.565827,1.042471,-1.987673
667,6185,2.166479,-2.576825,-2.073287,-0.054472,0.875914,-0.766711,-3.756793,1.402492,1.302932,1.989441,0.184483,0.688994
667,6186,4.101654,-1.469570,-0.319261,0.779583,0.476187,-1.987092,-2.053204,2.051589,0.437114,3.273286,0.616194,0.691633
667,6187,2.243378,-1.259078,-1.042196,3.868704,0.823118,-2.022658,-1.387144,2.780417,0.618098,2.811079,1.361418,-0.959553
668,6188,233.177636,-0.559506,-2.881238,-4.305388,-2.736030,-1311.959823,-1.577649,342.767203,110.104624,4.130071,1.376179,0.135468
668,6189,240.013413,-0.347750,-2.412669,-247.938850,-3.134548,-646.265195,-3.340805,156.787974,226.052147,4.126996,1.041183,0.881843
668,6190,125.733794,-0.311905,-4.190560,7.996586,-2.370413,-576.001052,0.207421,219.751141,119.717433,4.369275,0.464440,-1.425007
668,6191,197.723590,0.412514,-3.936401,233.815400,-5.339475,-399.488344,-1.805079,137.434035,35.978526,3.994862,0.145030,-1.878624
668,6192,276.912795,0.095089,-2.887677,118.872902,-2.932244,-765.188120,-2.164322,267.635529,-176.856057,4.978104,1.263508,1.160339
668,6193,193.706991,0.279099,-3.199447,135.936436,-3.337112,-536.713886,-3.602760,212.323439,106.735099,4.239989,0.841564,1.431396
668,6194,130.572312,-0.120010,-2.190057,98.575761,-2.803758,-692.842795,-0.828839,283.716526,215.284042,3.570273,0.273003,-0.154722
668,6195,171.529406,-0.394939,-2.567926,-17.669669,-2.227180,41.814654,-2.705184,228.555466,173.756164,4.074249,1.050061,0.204084
668,6196,106.687863,-0.461638,-3.200566,325.127078,-3.939974,-32.447751,-2.258781,318.608451,336.406706,4.561013,0.398480,1.856659
668,6197,244.825817,0.081885,-5.912799,-186.862551,-1.170583,-278.831485,-1.911971,64.303392,247.884690,4.244772,0.900630,-1.380514
669,6198,209.315497,-0.724269,-3.494261,-344.016314,-4.740452,8.404956,-4.150776,243.750552,41.812382,4.110436,-0.434257,0.999955
669,6199,66.089666,1.516661,-3.935576,396.388080,-3.354454,-229.543134,-0.207474,176.881755,169.301348,3.696932,-0.022520,-0.885563
669,6200,152.668727,-0.416590,-3.621025,726.585412,-4.238953,-818.531592,-1.487171,271.047539,20.881452,3.692993,1.566191,0.761646
669,6201,158.616957,-0.536665,-2.982136,222.053313,-4.329108,-450.842079,-1.469351,155.065892,-67.300966,3.124440,1.508093,-0.569758
669,6202,194.247368,0.725811,-4.124888,234.147924,-2.685760,-1178.845202,-2.376414,136.459457,164.491383,5.183962,1.247522,1.713756
669,6203,189.686693,0.154355,-1.533639,335.255627,-3.160905,-1214.188491,-0.101606,311.052691,190.784904,4.340605,0.643658,-0.070619
669,6204,198.797583,1.186122,-2.854685,291.799009,-3.827127,-995.399140,-3.396810,246.361330,320.034614,4.050059,0.692333,-0.849505
669,6205,228.011940,1.232197,-3.898341,357.540190,-3.059809,-1250.759059,-1.766295,353.614567,265.855071,4.749189,0.454817,-1.071953
669,6206,153.855789,-0.911601,-4.001792,73.134012,-3.859619,-481.370252,-0.239241,264.875836,-146.693693,3.518050,1.221774,1.170033
669,6207,160.479147,0.066334,-3.368818,-107.285876,-1.786722,-858.799501,-1.155514,318.316481,150.286054,3.776363,0.286226,-0.580731
670,6208,1.954076,-2.338855,-2.338548,1.193672,-1.012898,-3.826580,-2.197505,1.990515,-0.854989,1.723982,0.462460,-3.284014
670,6209,0.616086,-0.687441,-2.319852,-2.635035,-1.959352,-2.619757,-2.629105,1.101851,0.725489,4.200008,1.557428,-2.672142
670,6210,3.717625,-1.538633,-3.616394,-0.853070,0.244052,-1.553526,-0.951941,1.618232,0.150091,3.350557,0.658570,-0.393733
670,6211,2.056280,-2.024878,-1.579938,1.180727,-1.495541,-4.182743,-2.328744,2.204389,0.133643,2.507123,0.005753,-0.001623
670,6212,3.346497,-1.045596,-2.192005,2.306354,0.022514,-3.291473,-3.310491,2.056131,1.617205,4.041396,1.772089,-0.997844
670,6213,2.891391,-1.781880,-3.320586,1.791232,0.291512,-3.496961,-2.062909,2.461076,0.612277,3.447189,0.295631,-1.006096
670,6214,1.643002,-0.895730,-1.494029,-1.126767,-0.698571,-6.198461,-4.046584,1.587542,0.907686,2.189181,1.488111,-2.807756
670,6215,3.973873,-2.582118,-1.894770,0.914079,0.654462,-5.274612,-2.103547,1.697437,0.417801,3.016279,0.945054,-3.308318
670,6216,2.853536,-1.820370,-2.993004,-0.460649,-1.347766,-1.379402,-0.577160,3.149462,0.362704,3.774018,0.900944,-1.394802
670,6217,2.575287,-1.722666,-2.282617,0.594810,-1.778312,-6.438296,-2.262534,1.594862,0.223734,2.894731,1.517620,2.186864
671,6218,194.538613,-1.113254,-4.408134,-370.643946,-3.826100,-321.690653,-0.437602,427.648963,24.063689,3.943660,1.163096,-0.981199
671,6219,143.908482,0.467196,-2.574505,175.130523,-2.973667,-435.274337,-2.086758,292.329257,291.582229,5.363108,1.205564,-2.331234
671,6220,248.846758,-0.112658,-3.051584,129.482322,-3.311252,-416.363133,-2.574988,250.031821,-22.681456,5.112270,0.997727,-1.434864
671,6221,110.284160,-0.358457,-3.085965,346.369510,-3.064873,-798.056582,-2.501541,361.915501,-9.414315,3.982276,0.219520,-0.416430
671,6222,207.482705,-0.428958,-3.144130,-414.490895,-2.724799,-603.274411,-1.517770,197.416880,70.751272,5.033803,0.748814,-1.237384
671,6223,141.457229,-0.592954,-2.353775,-409.687755,-3.429760,-918.865340,-2.678767,169.616343,48.210128,4.176199,1.605418,0.836761
671,6224,341.713081,0.690692,-1.900162,107.406602,-3.629542,-1109.063329,-0.899311,425.539560,94.016460,3.486695,-0.030420,-2.010756
672,6225,253.240137,0.198101,-3.193948,335.486884,-5.424007,-79.477126,-1.660186,222.919240,89.462940,5.131345,1.302397,0.894582
672,6226,145.281565,1.404123,-2.979162,-136.187290,-3.969729,-633.474837,-3.928155,85.484746,146.306593,5.094154,1.530336,-2.731869
672,6227,12.669103,-1.239126,-2.065208,189.599827,-2.808943,-409.510252,-2.487891,356.691993,164.760096,3.890104,1.610581,1.226163
672,6228,194.268103,-0.473853,-2.999328,331.414631,-2.737667,-60.600374,-2.212095,129.706910,-34.668877,4.019322,1.213945,-2.427094
672,6229,224.057346,0.247391,-2.556298,78.203772,-5.465342,-100.615969,-4.077679,433.383086,78.071270,4.297461,-0.182782,-2.706006
672,6230,96.890342,-0.253771,-2.968080,315.219300,-3.503827,-356.229932,-1.223052,335.149671,-7.818094,3.965876,1.852373,0.899492
672,6231,133.704209,0.734568,-2.276688,156.042651,-2.847805,-915.193229,-2.157054,313.326408,165.825588,4.124555,1.599493,-1.093489
672,6232,184.199723,-0.493510,-2.220554,247.915779,-2.004680,-811.170469,-3.529345,368.210968,61.466356,3.636210,0.555113,1.782991
672,6233,136.554077,-0.080886,-4.229923,83.203242,-4.332544,-524.969085,-3.929984,244.127325,42.397055,4.980865,0.318319,0.100185
672,6234,174.627627,0.795771,-3.057103,-279.907043,-4.798915,-458.177797,-1.168506,85.745667,149.238616,4.391521,0.254540,0.515400
673,6235,1.500121,-0.698034,-1.362463,2.375030,-0.644701,-1.601777,-5.590530,2.094933,0.084926,2.154845,0.064350,-1.166944
673,6236,1.634755,-1.150161,-1.441681,2.830234,-1.044302,-2.177659,-0.656740,3.377742,0.306512,2.710978,1.079259,-2.019362
673,6237,3.042193,-2.134286,-2.308155,1.758504,0.041870,-2.727372,-3.331395,1.537570,1.539512,2.687675,0.632491,-2.074285
673,6238,2.754562,-1.744406,-1.244906,3.782036,-1.130579,-0.726745,-2.231136,-0.626324,0.544064,2.860370,1.003279,0.314469
673,6239,2.197926,-1.774207,-2.547417,0.667688,-0.076512,-6.370468,-1.339844,1.978090,0.007241,3.100043,1.533703,-2.734701
673,6240,2.716780,-2.221772,-3.560211,-0.033114,-1.218239,-4.198501,-0.840096,2.267887,0.944613,2.903688,0.723759,-2.147937
673,6241,1.403978,-1.764623,-1.902540,0.205909,-2.233060,-2.232818,-3.999016,1.354343,-0.417364,2.362723,0.731784,-0.888030
673,6242,1.931018,-1.803445,1.837467,-2.330421,-0.136922,0.761019,-1.024280,2.955205,-0.089337,2.528512,0.808111,-0.817851
673,6243,2.651777,-2.146311,-2.841690,0.395271,-1.076444,-3.709969,-0.346255,2.998172,0.487379,2.644323,1.129847,1.266094
673,6244,2.456680,-2.169812,-3.218403,-0.328801,-1.089543,-4.588657,-2.619286,2.659225,1.458546,3.863547,0.832487,-2.670745
674,6245,1.670286,-1.267469,-1.496140,2.776872,-0.136962,-1.358811,-0.806154,1.989440,-0.111207,2.191149,1.256702,-1.107980
674,6246,3.056457,-1.746494,-1.234140,0.655818,0.201351,1.297722,-3.123302,2.917498,0.281750,1.939560,1.175031,0.582337
674,6247,2.466928,-0.797967,-2.796114,-1.733139,-0.236172,-4.670959,-0.509907,1.597930,0.992264,2.319260,1.022684,0.269491
674,6248,2.166712,-1.909029,-3.218316,-1.642520,-0.453325,-2.387004,-3.405124,2.138173,1.333095,3.141601,2.017571,0.699182
674,6249,2.158839,-1.756793,-2.051844,0.728449,-1.158607,-2.630203,-4.371266,2.147555,0.878307,2.978971,1.147424,0.801370
674,6250,2.621907,-1.318871,-2.906711,-1.128348,-0.434386,-2.115076,0.995778,2.623791,-1.230668,2.991949,1.026929,-1.957144
674,6251,3.542205,-2.582926,-2.773619,3.140828,-2.107237,-3.505185,-4.028202,2.113925,0.682555,4.374146,1.435138,-2.787679
674,6252,3.108272,-1.260385,-1.625055,1.228786,-0.844544,-3.708569,-0.938903,2.371844,0.550987,3.496657,1.900849,-2.853739
674,6253,4.022050,-1.964459,-1.214884,-1.439332,-1.851896,-2.705472,-2.901442,2.386379,0.167459,2.195208,1.258822,-0.948099
674,6254,0.057623,-1.861708,-3.123329,-1.813996,0.149574,-4.218460,-2.772280,1.097013,1.010197,2.331476,1.032864,-1.184226
675,6255,1.335041,-2.124100,-1.695927,-1.268474,-0.704845,-2.624410,-2.475547,1.567322,0.023682,2.056802,0.987727,-0.037713
675,6256,2.291637,-0.908669,-1.004253,0.443328,0.539570,-0.927627,-1.784514,1.952480,0.988644,3.108385,1.995362,-1.164838
675,6257,2.607689,-2.814347,-0.976866,2.941285,-1.249841,-1.719941,-2.576920,1.582422,0.469460,2.759776,2.076868,-0.382274
675,6258,3.813388,-2.472497,-3.004317,2.395222,0.218940,-1.954638,-3.368248,1.327219,-0.233595,4.214721,1.278996,-2.421385
675,6259,1.676401,-1.798906,-4.068636,1.058129,-0.238136,-5.639481,-1.487179,0.680431,0.560206,2.620173,0.682704,0.347757
675,6260,1.712506,-1.567364,-2.577746,-0.466490,-0.300819,-6.703738,-3.697484,2.132322,0.646830,3.680337,2.028729,-1.977902
675,6261,3.334552,-2.576772,-0.831825,3.097375,-0.483294,-3.638753,-2.736394,2.904932,1.265782,2.595607,1.006328,-0.501982
675,6262,3.725871,-2.315487,-2.405463,0.730568,-1.334930,-1.172059,-2.350513,1.433195,0.495063,3.125720,0.704549,0.806422
675,6263,2.038390,-1.272445,-1.505828,3.965008,-0.181715,-4.621923,-2.731934,2.009427,-0.086026,3.546428,1.200601,-0.697051
675,6264,3.216270,-2.350989,-1.212837,-0.376095,-1.285149,-4.372526,-2.596248,1.868798,0.704196,2.010943,1.121988,-1.862740
676,6265,2.323521,-1.052168,-4.501527,1.481679,-0.490026,-1.783508,-0.787477,2.604634,0.288801,2.485797,0.298971,-0.596481
676,6266,0.925195,-1.860298,-1.925388,4.116156,-0.593663,-3.907931,-1.705960,1.870968,1.323026,2.195682,1.405523,-4.398213
676,6267,2.058001,-3.061956,-1.676817,-1.682271,-0.967276,-1.779499,-3.917304,3.230256,0.972367,2.360887,-0.106007,-1.747215
676,6268,3.029916,-2.488944,-4.678527,-1.472343,-0.235220,-3.682044,-3.393880,3.271298,0.512625,2.669713,0.731957,-0.138461
676,6269,2.611877,-1.679070,-2.734360,4.033271,0.005449,-1.431821,-2.409654,0.343490,0.240201,2.231856,1.464974,-1.848895
676,6270,1.902379,-1.143217,-5.329887,0.146509,-0.423536,-0.620898,-2.936986,1.950584,1.017610,2.745061,0.770370,-1.499491
676,6271,2.573763,-2.203855,0.000086,-3.525485,0.606502,-3.365617,-2.204568,3.886268,1.235906,0.952944,0.637030,1.930802
676,6272,2.717117,-2.602852,-1.655835,-1.237582,-1.170943,-1.210714,-2.007759,1.999842,-0.310552,3.107508,1.888523,0.630789
676,6273,2.027279,-0.233413,-3.493479,0.018082,-0.163655,-2.669892,-0.738158,0.506523,1.274024,1.213863,1.332748,0.284846
676,6274,2.761666,-0.864926,-1.581321,2.638263,-0.910627,-1.049769,-2.618161,2.075905,0.812412,2.878168,1.354749,-1.188945
677,6275,237.824257,-0.613395,-5.078753,165.525728,-3.340094,-1134.341195,-2.328909,176.474711,-25.850142,4.127576,0.524768,0.874236
677,6276,108.510037,-0.305690,-1.480132,-252.034267,-3.462495,-1595.111989,-3.326365,347.998931,45.296102,4.529937,0.902471,0.208328
677,6277,224.776891,-0.377077,-2.269585,-111.687645,-3.755150,-28.698119,-2.960845,162.324172,138.386369,4.121418,1.306283,1.133658
677,6278,208.957638,-0.069859,-2.998671,169.109632,-4.184890,-717.194484,-3.120751,191.931250,4.156689,4.845381,0.442313,-2.855449
677,6279,206.859001,-1.203266,-3.058354,255.066793,-3.708163,-686.116997,-1.925808,201.354835,12.595880,5.630345,-0.136460,-0.924617
677,6280,233.445492,0.439854,-4.100121,-58.818481,-2.742498,-1175.633243,-2.005224,185.480593,76.303714,4.586647,1.113378,-0.767569
677,6281,202.043001,-0.055745,-2.531859,434.860682,-2.518773,-618.953841,-0.410022,92.221501,-6.987650,3.977993,1.873073,0.810808
677,6282,224.178829,-0.923624,-4.552542,309.841777,-3.502589,-693.295515,-3.138913,380.298203,11.605675,3.637806,0.108190,-2.646257
677,6283,259.065517,0.839108,-4.132272,272.295087,-3.501716,121.688005,-4.148010,340.001113,12.661253,4.581348,-0.168940,-1.400471
677,6284,88.723554,0.561007,-4.355020,-143.502867,-3.131847,-940.587553,-2.888121,191.199690,-35.450415,5.231358,1.001140,0.897582
678,6285,121.315359,-1.003292,-2.395156,-417.819939,-3.008157,-733.597495,-1.111485,309.875952,172.080364,5.552143,1.710389,-0.950099
678,6286,173.227674,-0.190289,-3.435170,346.516965,-3.346648,-246.409080,-2.643137,158.988255,40.099071,3.985494,1.702882,-2.538510
678,6287,207.301508,-0.025826,-3.504532,246.422216,-3.903365,-1190.592162,-3.691446,259.548829,21.145480,5.406672,0.688866,1.101616
678,6288,149.258427,0.521361,-3.823343,71.576425,-4.603102,-552.074599,-4.886522,282.876127,296.874649,4.307993,0.964049,-0.553522
678,6289,215.563343,-0.217195,-2.571022,250.676395,-4.393403,-1294.666702,-5.510442,482.216013,2.971239,4.401098,0.622161,-0.668889
678,6290,149.008072,-1.562850,-3.812484,385.868576,-2.841279,-758.231823,-2.094702,442.612990,22.972780,4.438426,0.392066,-2.595202
678,6291,269.285470,-0.127086,-1.434322,137.765275,-3.808499,-472.481434,-2.097733,288.554192,59.459759,5.827342,1.852804,-1.516700
678,6292,308.462856,-0.099842,-3.047086,405.347421,-3.599331,-688.163676,-3.020729,416.901477,-81.400374,3.839918,0.614483,-0.270735
678,6293,118.391698,0.603887,-4.158206,115.193588,-3.561889,-858.222596,-3.787314,-126.529969,15.628947,3.815474,0.833093,-2.675851
678,6294,238.208740,0.073028,-2.009362,77.953291,-2.714432,-863.892413,-3.189373,254.220904,48.269118,2.944041,1.478498,-1.716583
679,6295,85.988387,0.850682,-2.541922,104.914371,-2.059628,-201.578364,-3.695801,228.020454,104.268172,4.835368,1.049910,-0.913527
679,6296,140.903468,0.965470,-2.389633,328.257827,-3.460181,-1293.094966,-0.087361,321.411636,74.485236,4.632432,1.287600,0.907816
679,6297,165.113256,0.262736,-2.747365,379.008517,-3.960655,-274.413402,-2.849058,35.463397,-73.516691,4.652065,0.752788,-2.019969
679,6298,100.008347,0.811822,-3.704504,229.756151,-3.505156,-406.328738,-2.402952,220.708453,51.623601,4.781061,0.414557,-0.153214
679,6299,233.812373,-1.076206,-2.175713,-174.336173,-3.991979,-915.042785,-2.808133,243.103001,117.485385,5.048447,0.624085,1.480553
679,6300,276.378142,-0.327523,-2.273561,177.620818,-3.043260,130.385876,-2.485326,425.934094,45.466788,4.726426,0.363873,0.299141
679,6301,259.998432,-0.103282,-3.271242,123.253210,-4.290572,-380.989742,-2.445178,7.602412,67.753954,4.374550,0.841312,0.209920
679,6302,244.670642,0.208599,-2.689760,50.827889,-3.388318,-495.032541,-0.213144,83.481230,71.606979,5.361209,1.325821,-1.156461
679,6303,179.094089,0.161990,-0.830918,262.340191,-3.652624,-598.177422,-2.788695,251.733186,194.415580,3.957801,0.382128,-0.352341
679,6304,162.555140,-0.449208,-3.433029,231.651989,-3.734610,-344.188923,-1.376669,336.699501,107.788451,3.811117,0.302438,-0.030499
680,6305,1.634059,-1.236552,-2.440472,1.383649,-0.614354,-3.747826,-4.365446,3.452580,0.838960,3.391150,1.193017,0.553537
680,6306,2.113902,-2.509090,-3.073771,0.675084,-1.144982,-1.733952,-1.381630,0.963602,0.542053,3.662105,1.343439,-1.846047
680,6307,3.902579,-1.384546,-1.579397,1.513760,-0.645567,-2.633399,-3.285549,2.821605,0.180634,2.729183,0.709367,-3.383581
680,6308,2.950016,-2.860524,-2.211354,1.703913,-2.530385,-3.158313,-1.052517,1.834279,0.479189,1.398470,1.249194,-0.160814
680,6309,1.924869,-2.392052,-2.950252,1.795544,-0.723782,-1.990084,-2.797885,1.671773,-0.072177,2.895636,-0.047557,0.178586
680,6310,4.234456,-1.232090,-3.026344,-0.307381,-1.050770,-5.769846,-2.021255,1.511102,0.472034,2.531496,0.517583,-0.092926
680,6311,1.841752,-2.239064,-1.841392,3.439216,-0.409608,-4.277350,-2.102922,2.699385,1.661624,3.303707,0.742976,-1.839309
680,6312,1.941947,-2.015268,-2.832891,-1.497202,-0.122949,-2.596895,-3.390407,2.608907,0.153909,2.646118,1.011426,-1.368714
680,6313,2.753398,-2.554011,-1.146480,2.668547,-1.624324,-3.696399,-0.186311,0.583573,-0.170853,4.718799,0.990134,0.190746
680,6314,4.213852,-2.735860,-1.992686,3.453958,-1.090063,-2.822809,-1.818323,1.248734,0.841768,2.422413,0.922253,0.206903
681,6315,45.011045,-0.586600,-3.597319,427.791883,-3.045476,-918.402553,-1.081282,276.665987,-15.027987,4.145209,-0.100302,0.002398
681,6316,95.892869,-1.028318,-4.174113,212.984878,-3.380757,-676.154063,-3.198082,309.480272,149.652103,4.727318,0.303756,-0.087106
681,6317,289.849547,-0.050534,-3.356599,33.631307,-1.875076,-938.081087,-1.403206,400.202497,300.349499,4.238716,1.040147,1.518127
681,6318,147.959075,-0.169265,-3.942865,367.041092,-3.409799,-50.156958,-2.125794,252.438569,-91.559113,4.314971,-0.086170,1.263317
681,6319,71.194714,-0.406188,-3.527424,180.183503,-2.477905,-907.979027,-2.596081,331.020962,216.730950,4.713265,1.812589,0.487770
681,6320,66.682825,-0.654870,-3.181855,46.627613,-1.668073,-698.006208,-1.490105,250.652742,240.436515,3.531965,0.049270,-0.584553
681,6321,237.912310,0.293772,-4.121766,-109.249306,-1.550430,-22.326966,-1.763114,212.696798,-10.279360,3.447680,0.301179,-0.536655
681,6322,148.095513,0.082004,-2.694973,-20.085014,-3.561652,-246.181608,-3.143734,361.145627,-96.305592,5.318758,1.182239,-1.710014
681,6323,253.630658,-0.501636,-1.664310,108.783842,-2.952781,-1379.781812,-2.404623,168.407081,122.138060,4.824806,1.193397,1.087806
681,6324,189.369236,-1.605520,-0.579533,-235.287491,-4.505720,-19.556884,-3.346488,501.013531,170.189983,4.107919,0.242130,1.405848
682,6325,1.387196,-1.806436,-3.018130,4.846396,-1.368150,-3.879192,-2.144111,2.547176,-0.759392,1.455524,0.338267,1.087087
682,6326,2.091141,-3.150448,-1.412718,-2.714950,-0.194032,-2.829343,-4.689513,1.529105,0.167677,2.319164,1.516613,0.030346
682,6327,3.341220,-2.615479,-1.972659,-1.072384,-0.836652,-4.640091,-1.203633,2.485861,-0.705833,3.122866,1.249188,-1.198318
682,6328,3.451821,-2.338955,-3.185294,0.659598,-0.110897,-5.238852,-2.265179,2.013819,0.015308,2.928165,0.431165,-2.567891
682,6329,3.330025,-3.285241,-3.236326,0.536224,-2.340013,-1.345478,-2.106100,1.106027,-0.213769,3.948743,1.306330,-1.194869
682,6330,2.459639,-2.083013,-3.996639,0.526096,-0.479196,-0.063239,-2.057442,2.293679,0.665111,2.611942,0.714507,-2.457198
682,6331,1.342106,-1.969188,-3.533296,-0.300768,-0.742717,-4.066668,-3.214025,3.054986,1.347704,2.611066,1.224547,-1.994948
682,6332,3.517592,-2.299510,-1.525456,1.737740,-1.202635,-2.960824,-1.508163,2.054391,0.982359,2.667007,1.999995,-0.268542
682,6333,3.812340,-1.046328,-1.369732,-0.363925,-1.760337,-4.918844,-2.174302,2.069763,0.216667,3.010982,1.325892,-3.063640
682,6334,3.778717,-2.528654,-2.737720,-0.900821,-0.504645,2.127288,-2.165405,3.070110,-0.480863,1.580277,2.065685,-1.412549
683,6335,0.773540,-1.521679,-5.101388,2.454816,-0.568415,-1.978799,-1.696876,3.294269,0.291262,2.215010,1.801722,-2.369007
683,6336,2.367773,-0.928752,-3.015261,-2.678122,-0.769382,-4.830733,-2.736026,1.586905,0.557819,2.587960,1.127180,-2.113371
683,6337,3.658976,-1.381083,-1.313533,2.989863,-1.208212,-3.095622,-1.354826,0.754824,-0.375211,3.602868,0.813698,-3.384764
683,6338,1.967377,-2.161452,-1.262525,1.408169,-1.857054,-1.287182,-4.678246,2.964852,0.216561,2.009825,1.419175,-0.785767
683,6339,1.900657,-1.409807,-3.312445,1.866853,0.581114,-0.797677,-0.120438,1.282882,0.737559,3.643948,1.182837,-1.711080
683,6340,2.330506,-1.441520,-1.376786,-0.509927,-0.328877,-1.921933,-1.201278,2.960135,1.221700,3.824948,1.788714,-1.726941
683,6341,2.733871,-2.475503,-2.299427,0.957031,0.670006,-3.060149,-1.946160,1.895420,0.106909,3.401148,0.727217,0.204588
684,6342,2.944539,-2.407298,-2.670032,3.091702,-3.236309,-1.074349,-3.519680,2.770688,-0.982028,3.445781,1.263220,-0.903760
684,6343,4.116496,-2.789121,-1.707170,1.270643,0.012390,-4.455486,-3.010718,3.285860,0.253493,2.469320,1.057793,1.936593
684,6344,1.724621,-2.009141,-3.363670,1.897840,-1.632322,-0.619325,-2.664535,0.471406,0.848584,2.589160,0.804401,-0.668076
684,6345,1.128036,-1.948466,-3.201768,2.267950,-0.681655,-2.633354,-0.928960,3.921359,0.442559,3.184950,1.687117,-0.509127
684,6346,3.211142,-1.734941,-1.941070,3.363616,-1.124938,0.083704,-1.013806,1.963423,0.126677,3.849693,1.226755,-0.277769
684,6347,2.976408,-1.291357,-3.117463,1.729605,-1.123802,-4.101171,-1.968037,3.632059,0.063901,3.100213,1.387599,-0.617280
684,6348,1.492681,-2.636351,-1.327154,0.670251,-1.909598,-4.687608,-0.820347,2.739722,1.137079,2.287189,1.096240,-2.087805
685,6349,248.180825,-0.555246,-1.933751,-133.121622,-3.008491,-57.562370,-5.434525,413.210099,136.134096,4.112312,0.568203,-1.046903
685,6350,139.866700,0.022613,-2.274476,131.437556,-3.079988,-113.837017,-1.671159,307.562959,115.249115,3.945910,-0.372366,-1.233498
685,6351,109.918955,-0.404615,-1.193748,-136.889812,-3.173712,-920.220613,-2.458519,356.492352,-6.246913,4.532885,0.579141,-2.290853
685,6352,143.007283,-0.065336,-2.607210,85.356189,-4.382409,-1487.370448,-3.405105,278.955398,-149.822766,3.426682,1.188860,-1.417355
685,6353,128.316147,-0.111876,-2.961240,-242.976350,-3.630182,-709.335232,-3.110442,304.656307,377.132357,4.896479,-0.185804,1.856024
685,6354,243.995422,0.307075,-2.896409,544.848068,-3.435119,-434.858564,-3.626033,209.364922,74.752564,4.507685,0.745643,-0.783555
685,6355,170.457347,0.405622,-3.009585,396.121900,-3.087219,-1398.129525,-3.171016,312.813473,-80.867639,3.729663,1.059079,-1.981129
686,6356,4.213471,-1.965953,-0.256835,1.296406,-1.231427,-3.376673,-3.262274,2.154696,0.425013,3.137565,-0.467379,-0.880556
686,6357,3.036310,-2.397476,-2.354410,1.517484,0.075461,-3.803554,-2.461590,1.314989,0.896476,2.186045,1.135523,-2.013827
686,6358,3.764435,-2.247212,-3.920159,0.861826,-0.828538,-3.023723,-0.463650,2.088383,0.305238,2.298522,0.390289,-0.734475
686,6359,4.337202,-1.641510,-1.507818,0.643860,-0.514570,-1.518440,-1.653716,1.461205,0.584122,2.733855,0.473177,-3.433903
686,6360,0.959262,-2.827945,-0.235480,0.362293,-0.167413,-2.070193,-1.616521,3.216428,-0.109205,3.165404,1.639486,-0.329663
686,6361,3.213017,-2.841294,-2.037799,-1.668586,-0.060731,-3.702911,-3.854379,2.412454,0.636766,3.473399,1.555744,-3.507219
686,6362,1.952385,-1.194298,-2.714957,-0.016641,-1.252716,-3.948696,-3.285960,2.488738,1.683431,3.013404,1.213713,-1.996597
686,6363,3.495009,-2.646567,-1.854011,-0.198353,0.433327,-3.168971,-3.090412,2.862434,0.389619,4.310933,2.052020,-0.530350
686,6364,2.881684,-1.668198,-2.612667,1.258812,0.056388,-2.116736,-1.748982,1.808304,-0.460035,2.873924,1.278166,-2.880605
686,6365,4.702083,-2.142826,-0.910143,-1.363098,-0.608707,-1.936018,-1.657969,1.561874,1.067085,2.972238,1.529540,-1.820292
687,6366,157.851048,-0.702498,-3.543290,114.652804,-2.040847,-573.914380,-3.761755,305.435570,198.967516,4.169512,1.720918,2.034797
687,6367,196.321336,-0.668236,-2.384588,769.938548,-4.007865,-311.820050,-3.254827,425.718936,38.366872,5.181113,0.896082,-0.026990
687,6368,150.407904,-0.576894,-3.668216,135.588284,-2.886941,704.699962,-2.588350,293.016797,106.384185,3.548276,0.714995,1.778154
687,6369,154.867602,-0.487135,-2.911520,201.361977,-2.359866,-1290.953229,-3.529130,311.306829,187.818290,3.620798,0.483797,2.759580
687,6370,130.268043,-0.173504,-2.340737,-135.466660,-2.733274,-1386.442313,-2.982881,239.603598,21.111299,4.926772,1.052401,-0.879771
687,6371,157.617085,-0.500450,-2.829995,187.220327,-3.054786,-1174.935401,-4.926377,326.546191,-41.365438,5.151837,0.906208,-1.245704
687,6372,262.412492,-0.295778,-3.150299,360.385985,-2.709121,-55.573288,-2.980693,297.142120,188.719334,5.568090,1.548062,0.433025
687,6373,118.332425,-1.328029,-0.976736,269.160936,-3.716134,218.012445,-3.476480,195.489620,-68.337731,4.797232,1.352181,1.413005
687,6374,167.711083,-1.197549,-3.809069,128.449622,-4.009218,-710.044821,-0.441388,158.534119,184.870318,4.223556,-0.206429,-0.826381
687,6375,222.314876,0.536945,-3.254429,408.650516,-4.821422,-1106.109626,-0.508500,410.019025,55.119283,4.216883,0.371438,0.357379
688,6376,295.550555,-0.934726,-3.387229,23.530998,-4.939185,-391.873626,-3.276563,189.544264,49.247670,3.455261,1.322490,-0.331495
688,6377,157.321135,-0.578643,-1.733151,198.921157,-2.201654,-29.415407,-3.909224,253.122199,22.150636,3.329042,0.831918,1.392504
688,6378,164.963543,1.153376,-1.264584,231.599660,-3.998724,-418.078970,-2.445702,331.110952,194.276943,4.647996,1.309454,-0.461402
688,6379,264.634667,-0.801654,-1.194962,121.287855,-2.914891,-909.473119,-3.970193,226.962957,128.799612,4.130270,2.005066,-1.333788
688,6380,153.572540,-0.754063,-3.333983,-42.962488,-2.857821,-571.585342,-3.270447,196.464277,-19.576434,2.426835,0.981362,-0.743510
688,6381,62.560502,0.529716,-2.693171,-449.482204,-3.607574,-424.606930,-1.059595,362.345235,-161.259726,4.466013,0.694852,2.888627
688,6382,163.174311,-0.439855,-2.410054,489.364836,-3.562189,-1250.772837,-3.247327,213.625933,67.171416,3.985292,0.570926,0.507523
688,6383,22.311500,0.113612,-2.624358,1.425592,-3.312845,-206.839588,-2.399295,313.927917,248.794026,4.757972,1.410868,-1.931729
688,6384,73.189513,-0.989159,-3.001330,286.955950,-2.739156,-1223.509682,-2.709860,298.684961,190.468927,4.734339,-0.198133,0.191747
688,6385,-0.975499,-0.177393,-2.526399,208.841204,-4.421541,-881.868201,-1.709019,135.545860,9.131131,3.382994,0.674578,0.281209
689,6386,153.766682,0.252775,-3.354825,46.092954,-2.627179,-790.101421,-3.186735,388.530252,-78.862291,4.498148,0.164825,-1.157312
689,6387,132.314539,-0.170478,-2.095415,-283.857456,-3.854091,-153.255944,-2.121039,255.705914,-32.339868,4.428166,0.677122,0.681111
689,6388,211.840183,0.053388,-2.340526,94.263411,-2.412984,-746.576033,-2.502809,145.336857,70.732320,3.984922,1.183206,-0.595473
689,6389,197.690642,1.137623,-5.017388,557.316860,-3.174500,459.547080,-2.215368,185.264620,-205.145011,4.577857,0.431580,0.546978
689,6390,111.591312,-0.310573,-2.627821,608.082210,-4.390870,-1703.833657,-4.369912,290.180875,-106.938421,4.237410,0.776410,0.570940
689,6391,259.050434,-0.120003,-3.790806,138.617055,-3.509910,-253.347826,-1.623789,288.390798,-42.341480,3.991510,-0.098128,-0.682794
689,6392,152.629206,0.530546,-1.861747,228.065168,-2.459770,-1423.656364,-1.595416,284.049769,-42.117596,3.643971,-0.281420,-0.448084
689,6393,311.928745,0.186928,-1.909084,123.744672,-3.386171,-658.258788,-2.941966,203.347524,316.834955,4.901883,0.533902,0.494257
689,6394,103.531043,-0.500300,-2.072455,-143.914455,-3.858175,-833.039555,-2.965751,200.437432,13.772300,4.784212,0.648560,1.718187
689,6395,264.779856,-0.414801,-3.875313,353.331575,-3.014800,-1095.161232,-2.378055,338.416779,-24.892630,4.168591,1.892808,-1.192967
690,6396,3.133897,-2.503066,-0.969356,1.575716,-1.192404,-3.853786,-3.361071,2.031708,0.042205,2.685764,1.136191,0.301624
690,6397,2.986273,-3.061396,-2.743333,6.218513,-1.531984,-1.563130,-1.556904,2.045470,1.189490,1.491044,1.212979,-2.283231
690,6398,3.142052,-1.320683,-2.793510,0.592926,-0.272387,-0.845101,-2.494748,3.127639,-0.023636,2.963795,1.399912,0.288388
690,6399,4.149192,-2.170887,-2.302972,3.694951,-2.194383,-5.796827,-1.133719,1.369632,0.764809,4.212196,2.567209,-2.799304
690,6400,2.318107,-0.879659,-3.039650,-0.116662,-0.797862,-2.806753,-0.720373,2.951850,1.101295,2.197673,1.578282,-1.929573
690,6401,2.675177,-2.403953,-3.295092,-0.851647,0.407616,-5.222440,-3.212429,2.883937,0.881367,3.642484,0.218566,-1.148743
690,6402,1.719218,-1.059738,-1.286067,2.379061,-0.612845,-0.862939,-4.340970,2.631053,0.581100,3.037595,0.861605,-1.002672
690,6403,1.743684,-0.845210,-1.326067,0.822451,1.117900,-3.118946,0.604404,2.752707,0.785609,3.013746,0.718556,0.340316
690,6404,2.679348,-2.649763,-2.152065,-0.955309,-0.066073,0.056793,-2.508366,2.355747,0.695837,3.672151,1.153538,0.631698
690,6405,3.229161,-1.664381,0.675445,0.414357,-0.461981,-3.206134,-2.832529,2.467257,-0.028940,3.275975,1.029953,-0.679314
691,6406,4.429546,-2.410501,-3.695087,0.877379,-0.676734,-4.340288,-0.065481,1.149548,0.299489,3.355264,1.353022,-1.608484
691,6407,1.747883,-0.816069,-0.916021,0.010019,-0.163025,-3.353988,-4.389536,2.288511,0.011907,2.448640,0.707217,-1.185496
691,6408,1.263096,-3.117092,-2.581588,0.385105,-0.785943,-5.800126,-1.753613,2.572860,-0.665180,3.602289,0.461138,-0.186715
691,6409,4.105414,-2.044672,-2.593385,0.030604,-0.379899,-4.315634,-1.178005,2.019071,-0.291228,1.834588,1.609717,0.180228
691,6410,2.528464,-3.123281,-1.888293,1.138922,0.345598,-1.934128,-2.539481,2.449110,1.244801,3.107794,1.356777,-0.996691
691,6411,3.410423,-1.609876,-1.294544,3.563520,-1.694722,-2.696175,-1.038967,2.725537,1.676945,2.925503,0.537487,-0.893676
691,6412,1.598143,-2.353861,-1.502805,2.725066,0.466825,0.104927,-1.456473,2.316882,1.088725,3.426582,1.092151,-1.355222
692,6413,3.862191,-2.228554,-2.459564,0.788473,-0.588641,-3.661187,-2.831848,1.258426,0.313152,3.408998,0.800092,-0.738569
692,6414,2.139942,-2.689693,-2.823755,-3.190473,-1.102029,-0.977262,-1.828705,1.842478,0.550875,3.134483,2.316801,0.524215
692,6415,1.059356,-1.796673,-1.503380,1.107039,-1.164207,-6.396131,-1.423914,1.541440,1.488668,3.126610,0.633006,-2.298712
692,6416,2.539891,-2.142077,-1.876192,-0.578294,-1.315392,-1.988474,-5.292121,2.285425,1.016364,2.919273,0.224696,-1.134587
692,6417,3.361723,-1.223536,-1.280205,-3.187637,-0.838429,-4.811379,-2.597182,1.662041,0.460548,2.693377,0.679257,-0.993751
692,6418,2.538700,-1.561598,-2.068309,3.632425,-0.270124,-1.544531,-3.311257,2.069263,1.026641,3.163999,1.343198,-0.871979
692,6419,3.300936,-2.218593,-1.578221,1.405409,-0.296257,-4.903945,-1.951208,2.433129,1.021048,2.911642,1.737615,1.485866
692,6420,2.779228,-2.521235,-1.805103,2.028859,-0.491301,-5.151329,-3.733614,2.697464,-0.198297,2.235985,0.792006,-1.781651
692,6421,2.380536,-1.971124,-2.716627,2.183603,-0.712318,-1.946311,-1.037987,2.754688,-1.649448,3.390444,0.528998,-0.330525
692,6422,1.854626,-1.022394,-2.171518,1.047089,-1.131606,-4.049670,-1.522725,2.361765,1.169483,2.711627,0.478082,-0.523583
693,6423,101.586314,0.188509,-3.698500,185.130025,-3.883375,-744.816456,-2.673437,177.670784,114.865572,4.350076,2.086135,0.141894
693,6424,203.345384,0.102023,-1.747181,70.147489,-0.858313,-1501.496456,-2.163193,437.362854,-7.901618,3.361591,0.443504,-0.470973
693,6425,208.860275,0.089778,-1.841338,293.474626,-3.529812,-987.821911,-3.713654,159.758580,71.459133,4.184019,0.273621,0.620650
693,6426,71.797336,-0.887876,-2.174545,26.869678,-3.619308,-636.732088,-2.751558,9.698573,284.910431,3.778468,1.649994,1.477049
693,6427,129.790081,-0.256196,-3.255363,-41.840011,-3.853007,-620.096432,-1.324237,168.520485,155.275032,4.375251,-0.920379,0.986743
693,6428,49.930898,1.662695,-2.616160,-90.011733,-1.497831,110.330427,-2.185195,381.422347,120.170319,4.488903,0.879821,0.726786
693,6429,82.006499,0.731417,-3.721151,71.107895,-2.898371,-32.481057,-4.733618,175.202756,-46.672876,3.727747,0.808014,-0.841593
693,6430,79.599730,-0.440829,-5.624601,43.111488,-4.335379,-138.614342,-2.740322,304.894817,317.136596,4.320780,0.415422,0.193475
693,6431,222.377151,-0.559863,-3.341238,-1.583376,-3.851484,-823.162568,-3.669484,148.226165,173.247378,4.666251,1.080162,1.213871
693,6432,161.271618,-0.763212,-3.326965,481.180141,-2.866204,-1047.450998,-2.613791,313.988159,-74.600348,3.656475,0.505021,-1.228946
694,6433,1.991785,-2.750465,-1.533443,-0.546698,-0.619546,-4.262746,-0.603496,2.706028,-0.091951,2.357015,0.284894,0.044054
694,6434,2.705309,-2.373119,-3.872076,0.396619,-1.547397,-1.445770,-1.986841,1.790682,-0.445658,2.378357,1.501210,-1.690386
694,6435,2.215707,-2.483197,-2.001375,1.907110,-0.521240,0.552842,-3.011359,2.174928,0.214420,2.218937,1.325364,-0.783392
694,6436,4.550657,-1.292189,-2.205245,1.636853,-1.291665,-0.803788,-1.887173,3.521679,-0.224591,2.793119,1.158425,0.427297
694,6437,1.526163,-1.790176,-1.207409,-0.313552,0.359499,-3.702233,-2.355442,2.333974,-0.137598,2.452732,-0.091004,-0.405687
694,6438,2.847860,-2.058245,-2.348869,-0.568550,-1.267903,-6.559785,-3.457799,2.834162,1.690282,2.831706,0.657883,0.108293
694,6439,1.814542,-2.383181,-3.349767,4.212427,-0.841570,-2.927861,-2.062201,3.421667,0.737603,3.026596,1.520813,-2.214712
694,6440,1.098692,-1.464361,-2.084449,-2.679488,-0.492649,-1.173348,-0.010379,0.544690,0.806523,2.558234,1.454529,-0.585773
694,6441,2.123227,-2.313579,-1.595803,0.470113,-1.008099,-0.446992,-1.337922,1.682170,0.134488,2.125738,1.049667,0.493059
694,6442,1.445377,-1.809496,-3.980415,2.700978,0.038513,-0.566054,-3.293460,1.393539,0.338703,2.124481,0.869373,-1.049331
695,6443,95.144309,-0.630736,-3.522663,-52.099865,-3.742466,-110.194842,-2.581813,179.463774,293.505614,3.389490,1.162932,-1.136977
695,6444,71.974875,-0.339666,-3.063307,-38.798905,-4.140764,-806.358562,-3.029048,125.573175,127.456262,3.855062,0.573303,-1.848281
695,6445,215.925858,0.606887,-2.982910,-196.742264,-3.807773,-1269.028503,-2.805440,404.823258,224.125153,3.443183,1.343326,-1.018370
695,6446,101.471365,-0.709039,-3.290332,259.261087,-3.088400,-33.328826,-0.085148,402.064671,25.677580,4.997069,1.212814,1.142709
695,6447,92.017210,-2.162221,-1.693885,448.809690,-2.918397,-900.646609,-0.298310,325.594514,43.419885,4.681722,1.301539,-0.645210
695,6448,107.073764,-0.566628,-4.200532,4.771102,-3.675291,-606.000486,-2.279692,267.448863,158.637418,3.220490,0.154579,0.677544
695,6449,208.129115,-0.759936,-3.019282,125.687032,-2.729573,-293.653399,0.557406,154.917592,-97.342924,4.849412,0.670278,0.319699
696,6450,2.571362,-1.434669,-2.093811,0.260283,-0.987690,0.766516,-2.726112,2.377599,0.959174,1.878644,0.984676,-1.611842
696,6451,2.422864,-1.586752,-1.775431,-0.231781,-1.082823,-6.117535,-0.880116,2.139547,1.254532,3.417315,1.645065,-0.065493
696,6452,2.328097,-1.521494,-1.839720,2.285780,-1.580596,-1.118595,-1.740104,2.554605,0.320390,3.853826,1.294234,-1.323581
696,6453,2.231101,-1.858025,-1.727947,0.559948,-0.536145,-6.716010,-2.936656,1.337897,-0.538373,1.731363,1.684450,-1.968132
696,6454,2.671544,-2.569521,-2.768564,2.668077,-0.418504,-3.437355,-3.170133,3.384572,1.100935,2.795234,1.000046,-1.658422
696,6455,2.388460,-2.598266,-1.275703,0.404218,-1.197358,-4.388470,-0.028747,2.253416,-0.226130,2.509739,1.687722,-1.273721
696,6456,3.255220,-1.462985,-4.160463,-0.236343,0.891653,-3.552459,-2.065827,1.398928,0.726734,1.718049,0.964324,-0.871108
696,6457,0.785457,-1.544054,-2.299735,-1.672745,-0.564470,1.417731,-2.128038,1.899296,0.533050,1.557890,2.278234,-0.908703
696,6458,4.093603,-2.107377,-2.328872,-1.007405,-0.741030,-2.971597,-2.491522,3.469312,-0.198441,1.154177,1.701777,-2.120727
696,6459,2.127097,-1.920167,-1.052079,1.780250,-1.506578,-3.104010,-2.643585,1.986191,1.076512,3.594625,1.310845,-0.360716
697,6460,200.557413,0.167777,-0.482156,-286.105468,-2.522824,-1197.861873,-1.919157,373.574099,64.195576,4.357131,0.879091,-0.391643
697,6461,196.468731,0.556169,-2.432053,173.334661,-3.287319,-454.151306,-2.845582,199.257615,56.222425,5.019719,0.633923,-0.814612
697,6462,278.614589,-0.167606,-3.029800,182.854605,-2.940318,-1037.659757,-4.101056,208.852199,147.498911,3.574336,0.235492,-0.667504
697,6463,211.100738,-1.324003,-2.796080,463.402517,-1.893083,-557.868776,-0.569468,352.582792,3.005537,4.106273,0.251688,0.132250
697,6464,105.531098,-0.598853,-4.206095,370.216496,-2.639578,-601.110399,-4.509971,360.840329,153.042509,5.034050,0.861493,0.435311
697,6465,292.161663,-0.394944,-2.256156,-22.227594,-4.778721,-723.442638,-1.816334,261.655115,173.400507,3.568432,0.436384,0.439174
697,6466,143.839740,1.221817,-2.543423,-101.083955,-3.367819,-329.479673,-3.233432,269.792300,-114.828689,5.402666,0.730760,-0.811978
697,6467,228.621234,1.082819,-3.056300,-69.407723,-2.264463,213.220899,-1.470530,164.453147,44.672401,5.018201,-0.383730,0.868014
697,6468,302.432967,0.146788,-3.021059,101.681156,-3.578879,-323.509072,-2.024131,289.794496,145.075784,3.904992,0.378759,-1.516678
697,6469,232.517557,-1.143981,-1.568043,78.143243,-4.176314,-1354.712094,-2.693717,315.452727,101.815776,3.857950,0.054986,0.789762
698,6470,3.561723,-2.197420,-3.538035,0.714762,-0.139638,-3.097683,-4.048989,3.039222,1.403854,2.976125,1.344824,-2.128138
698,6471,1.510161,-2.869992,-3.062246,-2.379630,-1.200827,-0.506785,-4.473893,1.673717,1.599051,2.797569,1.494854,-3.267995
698,6472,1.774733,-0.769988,-3.416830,0.902831,0.274622,-0.464015,-3.696674,1.367748,-0.179425,3.149357,1.357715,-1.100788
698,6473,2.012499,-1.956080,-2.591702,2.859890,1.553139,-1.380620,-2.598831,3.425268,0.828345,2.578827,0.461645,-0.298545
698,6474,-0.487757,-1.277845,-1.974151,-0.945480,-0.562253,1.320793,-3.403025,1.387402,0.506523,2.882097,1.514838,-1.742510
698,6475,1.900624,-2.713558,-2.676485,1.537614,-0.981709,2.137709,-0.511145,-0.264242,-0.950922,3.186427,1.379695,-1.789130
698,6476,3.321506,-1.533646,-1.431989,1.550024,-0.873861,-7.122457,-2.251594,1.492212,0.442242,3.465293,2.249370,-2.003088
698,6477,2.973138,-1.396817,-2.444465,0.740923,-1.128956,-3.419104,-0.747386,2.739059,0.094601,2.526134,1.653454,0.807060
698,6478,2.213676,-1.455337,-3.846865,5.434411,0.162141,-0.722576,-3.786974,1.330238,-0.842803,3.558257,0.702733,-1.581561
698,6479,2.317284,-2.148100,-3.761806,1.302587,-0.782127,-5.650547,-3.201745,2.383362,0.726499,3.335758,1.787371,-1.298822
699,6480,1.015537,-1.524100,-1.055148,0.714942,-1.353702,-2.139516,-3.571482,2.820895,0.122351,2.982382,0.633351,-1.230538
699,6481,3.489586,-2.688893,-3.259692,3.410178,-1.657746,-3.397047,-0.933811,2.457631,0.583362,2.355718,1.752764,-3.658374
699,6482,3.326929,-1.502539,-1.033881,1.260774,-0.568756,-3.033787,-1.185867,1.650526,1.257987,3.965127,2.200125,-1.525035
699,6483,1.511034,-1.160969,-1.788653,-0.598374,-0.821241,-1.870467,-1.474788,2.296007,0.043879,2.615774,0.709725,-0.882271
699,6484,2.021184,-0.970042,-1.117009,-1.858974,-0.307002,-4.677472,-0.478946,2.814735,1.264006,2.386668,0.920867,-1.807130
699,6485,0.612385,-1.970864,-3.357533,-1.601426,-0.049632,-5.394018,-2.665119,1.927295,-0.049549,2.333131,0.696859,-1.222084
699,6486,3.364161,-1.220413,-0.786555,1.993397,-0.511083,-1.463383,-2.038260,3.623074,-0.527399,3.265665,0.362252,-0.119380
699,6487,1.363064,-3.526806,-1.726668,0.410684,-0.959433,-0.070803,-0.811657,2.336530,-0.299856,2.533019,0.739831,1.631323
699,6488,2.223921,-2.044591,-3.609122,0.072022,-1.052214,-0.225576,-1.575927,2.342134,0.729120,2.096737,0.432986,-1.761302
699,6489,3.036151,-0.966890,-1.730370,-0.709581,-0.404963,-0.266600,1.233595,2.809250,1.061800,2.378969,1.515250,-2.073703
700,6490,2.916651,-2.275848,-2.038774,-1.766078,-0.591454,-1.429023,-2.681206,2.472577,0.240798,2.477795,1.135671,-2.404545
700,6491,3.035886,-1.562895,-2.379258,3.124698,-1.408333,-5.015417,-0.501718,1.643641,0.442792,3.125222,1.124814,-1.734110
700,6492,2.702923,-2.303386,-3.020424,-1.078423,-0.995237,0.401161,-1.563707,2.105266,1.372963,2.974807,0.267006,-0.684805
700,6493,2.924000,-2.151014,-2.958181,-0.164376,-1.948795,-0.948065,-1.955163,1.310440,-0.138360,2.548321,1.246926,-0.380574
700,6494,1.714405,-1.928837,-0.288266,0.708439,-0.852062,-4.086512,-1.502028,1.431940,1.179174,3.350623,0.189601,0.925524
700,6495,1.932862,-3.296744,-3.597135,1.173063,-1.394292,-0.195903,-3.054952,2.791034,0.903143,2.790164,1.188306,-1.083274
700,6496,2.431086,-1.391631,-2.154872,-1.032271,0.646228,-2.573427,-2.275361,1.079837,0.557153,3.687082,1.443258,-0.874076
700,6497,3.582488,-1.788686,-2.082682,1.699486,-0.858628,-2.196067,-3.020902,0.291368,0.120195,2.234481,1.049384,-0.355613
700,6498,1.645855,-2.024976,-0.656194,0.755551,-0.534023,-1.400131,-1.948176,1.200299,1.176756,2.183856,0.602259,-0.518283
700,6499,0.953020,-2.023204,0.362760,-0.295031,-0.647317,-1.520372,-3.522539,2.640539,0.663967,2.022746,2.164319,-3.156434
701,6500,2.371690,-0.871757,-1.949310,0.945801,-0.636802,-3.994877,-1.306800,2.920578,0.613174,2.696932,0.687897,-0.130982
701,6501,3.011817,-2.384673,-1.051598,-1.110614,0.383809,-2.038227,-1.002524,1.821548,0.310794,2.433014,1.086500,-0.926730
701,6502,2.684583,-2.682569,-2.333601,-1.424820,-0.881168,-5.142202,1.083457,1.967197,0.183509,2.717598,1.589041,-0.870411
701,6503,1.843530,-2.264805,-0.208643,-0.238058,0.015747,-1.676192,-3.124583,0.893081,0.784739,3.275043,1.917241,-0.589463
701,6504,2.060053,-2.386775,-2.723038,-0.282054,-1.082021,-4.438385,-3.368536,2.546804,0.687234,2.387179,0.953934,-1.462453
701,6505,1.658128,-2.911512,-2.526752,3.518384,0.527971,-4.928033,-3.665171,2.902191,0.484200,3.396002,0.386846,-2.287432
701,6506,1.064591,-1.426738,-3.369780,-0.627981,-0.605090,-2.552145,-1.062819,0.728367,-0.640887,1.869890,0.933272,1.551306
701,6507,4.233885,-3.078516,-2.397572,2.016208,0.923111,-2.323796,-1.818731,2.210650,1.156590,3.229555,0.859076,0.156824
701,6508,4.482892,-1.917926,-2.528609,-0.993588,-0.807729,-2.656689,-3.669632,2.300454,0.290266,2.821136,1.487847,0.319806
701,6509,3.586953,-1.586872,-2.273948,-0.593953,-0.929160,-3.796570,-2.328320,2.092840,0.033785,2.749185,1.754742,-1.200786
702,6510,248.487492,0.558930,-1.638887,-260.897092,-1.911454,-605.883217,-2.023853,305.859025,-21.175407,4.010171,0.660014,1.704204
702,6511,196.884364,0.312245,-3.887149,264.014175,-3.225795,-736.258578,-3.158060,105.073747,262.256002,3.842690,0.811758,-1.394855
702,6512,207.533857,-0.406251,-4.098802,-83.937596,-4.640734,-254.612193,-1.948522,264.496909,194.295965,4.181724,0.697634,-1.877807
702,6513,277.962065,-1.425680,-4.549216,277.078295,-3.826676,-1109.673879,-1.365792,176.301646,111.798679,3.402597,1.064465,-0.424109
702,6514,283.965902,-1.353463,-3.387842,54.128717,-3.494229,-500.613713,-6.883048,368.893603,169.511277,3.802745,-0.173247,-0.440942
702,6515,192.442944,-0.330942,-1.686867,613.723863,-1.812984,-400.934490,-3.847979,160.451785,46.044443,5.285484,1.191957,0.004150
702,6516,203.133544,1.288025,-1.470929,322.311229,-3.524367,-358.830720,-3.441033,273.423143,-31.249332,4.418569,0.070129,-1.602262
702,6517,134.422401,0.074032,-2.780198,149.761788,-1.024832,-1033.685537,-3.004548,226.403692,-74.082548,4.795203,0.470263,1.955209
702,6518,155.547669,1.588195,-2.475946,11.940118,-3.911377,-112.729520,-3.764239,131.492888,265.229967,3.377685,1.047493,0.552313
702,6519,103.368531,-0.021993,-3.576037,253.630766,-3.093455,-867.776320,-1.507231,106.242563,-138.856905,4.208114,1.652265,0.550291
703,6520,213.956724,1.386290,-3.682994,197.206326,-3.206858,-578.489323,-2.194660,312.584596,-77.212094,3.950955,0.496672,-0.648537
703,6521,113.160808,0.434457,-3.011578,17.152748,-3.921286,-523.015539,-1.360520,227.527934,71.970815,4.944275,1.494398,0.517273
703,6522,248.810482,0.043599,-2.302987,193.362529,-3.412680,-871.885676,-0.599557,184.717702,-43.466901,4.369433,0.304018,-1.359630
703,6523,85.861568,-0.981727,-0.448767,412.167714,-3.040551,-1451.902929,-2.472665,291.940956,-39.748595,4.382314,0.536965,1.867611
703,6524,66.202089,-0.265701,-3.489957,115.086690,-2.946036,137.048930,-3.100712,273.717360,-79.632735,3.949634,0.029432,-0.230855
703,6525,236.832291,2.118556,-3.114524,-64.948458,-2.998182,-985.404869,-2.030775,313.486532,9.271182,4.707086,0.932796,0.601724
703,6526,84.307980,-1.625979,-3.210210,337.944098,-2.011720,-754.518968,-3.170683,363.612427,260.462678,4.346179,0.851203,-0.966790
703,6527,92.079183,-0.123537,-1.595035,86.068559,-1.675291,-430.602404,-1.787749,379.119994,104.136725,4.397461,1.854742,-1.719234
703,6528,202.722836,-0.154557,-1.923930,233.441084,-3.785598,-789.452186,-1.508551,39.237153,215.994844,4.087163,1.207455,3.046623
703,6529,122.856774,0.062890,-3.190441,518.124546,-3.433914,-1080.138445,-1.674497,180.136984,204.403851,4.849100,0.668421,0.715872
704,6530,1.939737,-1.379993,-3.395254,-1.771079,0.050627,-3.215778,-0.589001,2.448136,-0.317920,4.108448,0.363165,-1.621019
704,6531,1.930089,-2.175773,-3.000528,0.572636,0.142984,-2.380339,-3.136498,1.325734,-0.064092,2.525163,0.713865,-2.022463
704,6532,1.196215,-1.351893,-2.681883,2.869053,-2.146809,-3.016574,-1.824215,0.826074,0.191588,3.389868,1.277877,0.006587
704,6533,3.069026,-1.978216,-1.311357,3.871563,-0.943481,-1.822723,-2.955290,2.380612,-0.504310,3.345539,1.481760,-0.900204
704,6534,2.885700,-2.262613,-1.739857,2.047660,-1.530708,-0.192512,-2.634785,1.841662,0.965243,3.034190,1.364503,-0.257660
704,6535,3.378147,-2.401503,0.452646,-0.732831,-2.075831,-2.143973,-4.207060,3.885372,0.210687,2.923821,0.683790,-0.722851
704,6536,3.304172,-2.207574,-2.155344,-1.527538,0.019900,-1.706896,-1.211459,2.194800,0.350566,4.350295,1.172143,0.553683
704,6537,1.609972,-2.278266,-1.716658,-1.488011,-0.243414,-1.273354,-3.946972,1.404450,0.622403,2.299380,1.112383,-0.308318
704,6538,2.366282,-1.573073,-0.917573,3.491586,-1.218319,-0.198985,-2.445916,2.322264,0.705800,2.918478,0.733195,-1.884736
704,6539,2.319452,-1.745281,-1.390679,2.680240,-0.583052,1.807809,-3.450677,3.759084,0.513917,2.659998,0.429485,-2.276479
705,6540,2.760010,-1.007190,-2.273784,3.161725,-1.465436,-1.191965,-0.278015,2.573500,0.008507,2.301817,1.208997,-0.476304
705,6541,3.340819,-2.883924,-3.037464,1.921324,-1.572642,-4.046800,-1.741502,2.906281,0.672991,2.720877,1.631561,-0.518481
705,6542,1.995502,-1.563042,-1.421449,1.476628,-0.481615,-5.644405,-1.753714,3.758279,0.378832,2.583070,1.547629,-1.407784
705,6543,3.164774,-2.154489,-2.281203,-3.199711,0.038843,-1.735288,-4.181425,2.231490,1.185826,2.946758,1.338216,-0.012797
705,6544,2.028159,-2.042531,-2.474747,2.396189,-1.840681,-1.495922,-2.782904,2.451415,-0.135270,2.625766,0.798793,-1.324414
705,6545,2.884263,-2.219382,-3.297976,1.763162,0.129273,-3.762293,-1.293614,2.629266,0.624518,2.771033,1.178743,-0.714193
705,6546,1.383548,-0.961387,-3.373497,-1.709048,-1.879858,-3.951580,-2.492353,2.009382,-0.534287,2.781157,0.773962,-2.245880
705,6547,4.036180,-2.961150,-3.246716,3.108053,0.152226,-2.717507,-2.284764,2.496243,0.222177,2.562566,1.700240,0.085150
705,6548,2.919506,-1.399880,-2.021750,1.541625,-0.119558,-4.224884,-5.111945,1.428749,-0.206548,2.147016,1.577361,-2.931274
705,6549,2.431243,-3.628292,-2.017618,0.999738,1.548077,-2.670817,-2.596906,3.186938,1.917966,3.119079,2.515269,-0.211468
706,6550,3.328835,-2.341761,-3.615319,-0.355884,-0.265551,-1.808330,-0.000633,1.405783,-0.116023,3.316718,0.621880,-1.865700
706,6551,1.224827,-2.222605,-2.693186,1.733913,-0.076564,-2.996022,-2.212104,2.492645,1.766192,2.779768,1.511250,-1.761775
706,6552,2.708496,-2.435990,-1.537055,0.669678,-1.285157,-4.896976,-1.288874,1.909219,0.208462,2.500612,2.017190,-2.816234
706,6553,3.098087,-1.572533,-0.701111,-0.708463,-1.319588,-2.796409,-0.386550,1.630189,0.645891,3.302864,0.678917,-1.911895
706,6554,2.939287,-2.172478,-1.482516,2.895722,-1.611497,-3.165634,-2.826491,1.831018,-0.194507,3.310769,1.043274,-2.474074
706,6555,3.555379,-3.023955,-1.753440,3.775558,-0.576068,-3.861118,-0.549782,2.521142,0.872186,3.200083,0.185029,-0.228607
706,6556,3.822210,-1.576054,-2.111052,0.737578,-0.231984,-2.999493,-1.339544,2.652927,0.247249,3.291971,0.283677,0.699313
706,6557,3.943404,-3.005537,-2.108607,-2.704191,-0.081368,-2.349478,-2.528905,2.268515,-0.033683,3.999098,0.539039,-0.508500
706,6558,2.614216,-1.976987,-2.648082,-0.522631,0.708079,-4.855038,-3.726389,1.951331,1.532887,2.974730,1.705841,-1.033384
706,6559,4.250590,-1.238602,-2.428295,-0.982061,-0.192868,0.089111,-2.065687,1.098657,0.489276,2.987667,0.571459,-1.478720
707,6560,102.725478,0.102535,-2.823058,305.167535,-3.609015,-713.859317,-4.332994,316.973830,-167.104283,4.139613,1.256328,-0.564184
707,6561,184.072682,-0.189468,-1.956591,-153.582287,-4.451179,-1267.178184,-2.715497,324.682854,278.334797,2.944310,0.724725,-1.056546
707,6562,170.247365,-0.286512,-2.830781,364.736618,-4.299719,124.181364,-1.499041,101.033121,238.800433,4.052061,0.844882,0.402480
707,6563,58.153341,0.438325,-2.338324,23.902576,-2.943380,-653.199228,0.572281,298.512160,-16.267150,5.034690,1.399150,-1.789474
707,6564,215.033821,0.308921,-3.206132,-62.611062,-3.450363,-1113.228490,-2.920746,151.895468,171.505366,3.656462,0.208884,0.338552
707,6565,218.248302,-0.277662,-2.466494,161.439706,-2.610237,-645.572967,-4.206457,243.634073,198.913584,4.020783,0.737687,-0.444223
707,6566,175.633211,0.620280,-1.629983,-305.557575,-3.559588,-335.248112,-1.352421,241.757540,352.818263,4.542023,0.905997,-0.506238
707,6567,174.004829,0.214186,-4.347128,336.895361,-2.155891,-1597.281672,-3.483864,305.042266,13.648177,3.285402,1.067998,-0.384465
707,6568,150.311512,-0.424018,-3.322198,-300.933310,-2.821729,-496.338608,-3.656460,462.697137,182.031096,3.774655,1.920645,-0.016251
707,6569,68.751759,-0.191013,-2.263129,454.513300,-2.809285,-397.874412,-4.526021,170.036332,-115.017650,3.816876,0.753816,-0.119754
708,6570,0.923460,-1.539304,-2.451653,2.247049,-0.242170,-6.849133,-2.762117,2.362896,-0.459068,2.026377,0.869120,-0.795045
708,6571,2.888520,-1.524100,-1.609278,0.344261,-1.553234,-4.166209,-2.268116,3.533755,0.430920,2.745313,1.962285,-1.594815
708,6572,3.421281,-2.679894,1.316903,2.101682,-1.176861,-1.028947,-3.919077,0.253547,1.254046,2.763612,1.264908,-1.130666
708,6573,2.313998,-1.858446,-1.764244,-5.568280,-1.314493,-1.429965,-3.141806,2.675367,0.783998,2.215190,2.264290,-3.089281
708,6574,3.218010,-2.030351,-0.987293,3.139132,0.286462,-0.935132,-3.532924,2.661851,0.473448,4.187761,1.752920,0.510695
708,6575,1.742453,-2.547215,-1.419802,-0.641937,-1.663820,-2.943288,-2.983830,2.137748,1.383900,2.055109,1.275492,-2.284903
708,6576,2.631726,-2.123940,-1.497615,-1.726617,-1.321471,-3.268912,-2.165689,1.679854,0.129808,3.023714,1.370430,-1.292812
709,6577,3.754084,-2.508287,-3.080191,1.095949,-1.156317,-6.654892,-2.197856,2.563376,-0.052551,2.782279,1.089926,-1.870172
709,6578,2.760110,-2.213190,-2.854233,-2.116617,-2.095566,-0.206701,-0.509743,2.939624,0.694938,1.968848,1.161488,0.355224
709,6579,0.262785,-2.571042,-4.373381,1.720883,-0.416337,0.137664,-2.807622,3.073982,0.409371,2.896459,2.087807,0.579550
709,6580,-0.340308,-1.953933,-2.310787,0.776603,-0.965988,-3.928488,-3.813543,2.204800,1.131151,3.356004,0.581414,-1.883482
709,6581,0.544703,-1.916957,-2.828504,1.220843,-1.066233,-1.559892,-1.260207,2.817068,1.633303,3.376706,0.711823,-0.999895
709,6582,2.507659,-1.984516,-1.479165,3.653813,-0.765069,-1.213015,-2.510715,1.300069,0.268637,3.069025,1.218520,-3.480665
709,6583,2.099255,-2.335565,-3.082343,-3.100449,-0.928448,-2.083718,-1.972711,2.135766,0.092637,2.258674,1.703572,-1.463033
709,6584,1.611124,-2.454542,-1.321298,2.076913,-0.088677,-1.082550,-2.411220,2.240416,-0.342570,1.778093,0.018374,-2.938024
709,6585,2.700063,-1.168083,-1.783648,-0.451524,-2.212280,1.605620,-4.442079,1.885636,0.920180,3.062567,1.387285,0.083236
709,6586,1.551683,-0.807922,-1.806110,1.719679,0.440225,-2.303037,-2.000100,2.678595,0.260146,2.842465,1.870301,-1.064535
710,6587,172.172032,-0.543599,-3.562287,-21.813762,-3.032499,-918.353044,-0.541460,336.012568,259.977435,5.038646,0.779883,-2.241856
710,6588,117.365412,0.010621,-1.972831,498.939433,-3.420110,-270.604044,-3.107538,199.070428,-116.550766,3.658581,0.591422,-0.068593
710,6589,210.286908,1.392680,-4.344016,335.934028,-3.237539,-458.247616,-0.948689,378.590180,218.203737,3.611974,1.146723,-1.466356
710,6590,189.694124,-0.299529,-2.831675,12.574506,-3.435326,-107.482735,-1.604234,360.853928,21.200256,4.629243,0.131145,0.419811
710,6591,164.112006,-0.281344,-2.115660,107.059891,-4.101373,-1090.276609,-3.681569,67.906535,-11.129234,4.104544,0.816246,0.751656
710,6592,235.475282,-0.334409,-3.644166,-253.587108,-3.725586,-1051.147649,-0.853998,321.609885,104.352089,4.668823,-0.184967,-0.672059
710,6593,236.121145,-0.783319,-2.960707,-12.116106,-1.743887,-367.277572,-1.787078,314.878766,255.718943,2.719386,-0.008961,0.755150
710,6594,97.074804,-0.209235,-3.403814,-243.628741,-4.154712,-341.510108,-3.380642,244.380990,43.174565,4.036616,-0.031958,-3.891884
710,6595,54.741434,-0.278706,-4.508732,566.258276,-2.943538,-1431.878901,-2.290326,433.340750,13.661612,5.802592,-0.149982,0.074518
710,6596,204.711066,0.071089,-0.702675,-54.352683,-2.941123,-1126.025729,-1.818615,313.650563,62.951184,3.787785,0.263958,-0.910225
711,6597,234.424477,-0.563185,-2.882737,3.104113,-3.948310,-986.006980,-2.717304,107.193625,34.099622,3.741168,0.740866,-2.405307
711,6598,170.803035,-1.222706,-4.135693,493.201695,-2.945028,-259.189834,-2.319486,334.360858,-194.894774,3.609404,-0.280620,1.220442
711,6599,162.505736,0.463831,-4.250592,186.351469,-1.908854,-523.147229,-0.617616,342.204395,166.212651,3.656463,-0.324076,-2.045557
711,6600,154.438408,0.229850,-2.632633,-62.075770,-3.062817,-991.557119,-1.183414,390.557676,4.443706,4.892732,0.996759,-0.241186
711,6601,157.775788,-0.927114,-2.971866,-6.944590,-4.418453,-751.894962,-0.560445,432.094453,206.830390,3.676811,0.201656,-0.187368
711,6602,123.728086,0.170372,-2.230321,-117.803726,-3.456573,26.842397,-1.624247,203.750746,18.227955,4.071103,0.802590,0.033987
711,6603,103.854041,0.747096,-2.922114,170.405048,-2.123635,-802.799102,-2.223104,150.011280,-53.636017,3.857034,1.293306,0.533692
711,6604,272.763161,-0.950274,-2.525155,414.194124,-4.240768,-107.483836,-3.806751,153.925961,-51.562590,4.481368,0.885756,-0.821385
711,6605,321.953343,-0.933688,-2.983894,-1.678696,-3.880250,-316.498181,-3.429679,263.675267,96.400778,5.228492,0.401127,1.408541
711,6606,122.123676,-0.329234,-3.614278,-253.965908,-2.021965,-1412.111402,-2.092656,146.971917,2.184981,4.265055,1.710066,-1.313939
712,6607,3.397002,-1.409756,-3.102765,2.686873,0.662720,-6.530159,-2.874129,3.042487,0.760497,1.712285,0.641388,-1.870652
712,6608,1.550817,-1.925708,-1.918486,1.031317,-1.179398,-4.549722,-3.186367,2.932334,-0.216468,2.623127,1.049277,-2.743199
712,6609,2.650684,-2.112215,-3.012128,3.546283,0.610909,-1.598237,-3.562431,3.320278,-0.330707,2.739153,0.615914,0.243441
712,6610,3.359309,-1.495174,-2.889810,3.111863,-0.544637,-2.788948,-0.625566,1.411201,0.060405,3.381915,1.316343,-2.894407
712,6611,3.631930,-0.627751,-2.546299,-1.391203,-1.619708,-1.782210,-3.984071,1.911899,0.795918,3.394209,0.686452,-0.427733
712,6612,1.979619,-2.766838,-3.028324,3.936662,-0.469959,-4.213550,-1.489402,1.614734,-0.293200,3.586676,1.897716,-1.819047
712,6613,2.106888,-3.254749,-2.931456,-0.057222,-1.296682,-1.189024,-2.503019,1.995757,1.181259,2.610973,-0.011918,0.275017
712,6614,2.288472,-2.498263,-2.325553,0.027693,-1.263843,-3.015639,-1.529766,4.552185,-0.292490,2.449856,1.201311,-3.160321
712,6615,1.846311,-1.623193,-1.393634,4.852366,-1.887277,-0.322494,0.208191,2.728261,0.935864,2.112401,0.443684,0.850231
712,6616,2.728299,-1.457022,-2.482543,-1.447389,0.028238,-2.358503,-1.491400,2.972270,1.424369,2.421923,1.282855,1.011000
713,6617,2.178921,-3.239729,-2.938645,2.086259,-1.192465,-3.451494,-2.726828,1.621146,-0.330998,3.736287,0.951069,-1.928718
713,6618,2.707479,-3.729341,-2.998604,1.796311,-0.870088,-2.704383,-2.612570,2.811273,0.354659,2.884224,1.537884,-0.594768
713,6619,4.090864,-1.400716,-0.606833,0.637741,0.269207,-1.751811,-3.080403,3.001246,0.539847,1.959756,1.930498,-1.295409
713,6620,1.581098,-2.030234,-2.656322,0.539201,-0.882383,-6.290876,-0.879815,3.699354,-0.476976,3.079257,0.789165,-1.605741
713,6621,2.446791,-1.520447,-1.518773,2.934525,-0.969696,-0.602143,-2.302416,2.644999,-0.729689,2.309466,0.243364,-1.393605
713,6622,3.574181,-1.707308,-0.892144,-0.295116,0.298429,-2.596875,-2.826655,1.657947,0.453919,3.507989,0.194733,-3.046955
713,6623,3.430309,-1.594120,-2.196067,1.785309,-0.928048,-3.423710,-0.626694,1.638618,1.079104,3.073477,1.016574,-2.510165
713,6624,4.806857,-1.811534,-1.945006,-1.472159,-1.563700,-1.242508,-3.634675,2.868496,0.420808,2.330775,1.133979,-1.246375
713,6625,2.239577,-1.865165,-1.978698,1.760735,-1.472175,-2.244866,-2.497358,2.630247,0.372760,2.271937,1.565066,-0.564164
713,6626,2.026652,-1.331011,-3.250195,-1.431785,-0.470668,-1.468349,-1.543552,3.157733,0.540241,2.612890,0.865887,0.835869
714,6627,2.327262,-2.161920,-1.774423,1.546158,-1.559121,0.146940,-0.440137,3.256786,-0.504432,3.318773,0.308948,-2.973439
714,6628,2.574884,-1.069922,-1.545871,5.092647,0.284881,-3.206162,-3.448155,3.069293,0.558572,2.922720,1.005871,-1.353389
714,6629,3.964853,-2.008169,-2.658437,-0.214729,-0.917405,-1.823547,-2.842280,1.865341,1.215743,4.363682,0.988331,-2.034268
714,6630,3.467932,-0.478591,-1.078498,-1.223781,-1.637353,-4.293236,-2.952884,2.921876,-0.169370,3.799751,1.267008,-0.590194
714,6631,3.176490,-2.114053,-1.332708,0.235033,-0.586572,-0.312224,-2.576806,0.495663,1.384716,2.919953,0.267226,-0.853998
714,6632,2.440114,-2.097914,-2.652029,0.670088,-0.814313,-2.962301,-3.008849,1.881471,0.455301,3.272760,0.645008,-1.680397
714,6633,2.326164,-2.695532,-2.210257,1.286590,-0.483503,-2.563315,-2.361797,1.145998,0.624708,2.673643,1.804051,-2.693146
714,6634,2.481234,-1.383962,-1.847561,-1.337547,-0.251231,-0.018251,-3.164036,3.862381,0.421792,2.538220,0.101779,-3.943552
714,6635,2.171707,-2.276565,-1.286500,1.975219,-0.907494,-2.130538,-4.930075,2.239222,0.147398,3.192719,1.219179,-2.673500
714,6636,2.664827,-1.612985,-2.835807,-0.285645,-1.054070,-2.935115,-1.605379,2.328074,-0.132047,2.827935,1.766083,-0.354869
715,6637,0.290809,-2.200927,-3.659781,-2.235501,-0.959962,-4.666842,-3.976981,1.754607,0.341362,1.613236,0.958103,0.251955
715,6638,2.733237,-0.960674,-1.697820,-0.094005,1.526986,-1.381171,-2.503078,2.639160,1.070092,3.136506,0.925347,-1.818267
715,6639,2.332317,-1.644144,-2.635593,0.897646,0.324372,-3.548593,-1.871987,2.354211,0.772766,2.038708,2.075414,0.167975
715,6640,2.326311,-1.800836,-1.991368,2.910476,-0.790359,-0.526754,-2.153036,2.027945,-1.003358,2.352761,-0.177187,-0.424912
715,6641,3.301973,-2.151598,-1.609384,-0.336756,-0.420285,-1.742634,-1.103638,0.479190,0.342765,2.349698,2.254292,-2.035096
715,6642,3.016510,-1.543226,-2.372365,2.016922,-0.204564,-3.719402,-1.917228,2.482124,-0.138015,2.705573,1.357945,-0.280348
715,6643,1.228892,-2.214753,-2.006451,-0.679449,-1.380763,-4.150573,-1.056125,1.685788,-0.278831,2.572276,0.627901,-0.988308
715,6644,3.919372,-1.076469,-3.883153,-0.859523,-1.067560,-3.732121,-2.772789,1.919484,1.319025,3.865024,0.984258,-3.682643
715,6645,3.657420,-2.192344,-0.658009,1.093339,-1.446852,-0.293660,-0.944938,1.966306,-0.052678,2.706585,2.134908,-0.793544
715,6646,1.740744,-1.740726,-1.699531,0.243341,-0.524094,-5.454923,-1.726310,1.814942,0.595200,2.232088,1.593276,0.997719
716,6647,89.509841,-0.968978,-1.728132,-43.141972,-2.113910,-267.139936,-2.095179,220.727258,200.588241,4.040052,0.618318,-0.367891
716,6648,231.197334,-0.042121,-4.217340,98.049904,-3.759506,-601.552100,-1.580510,182.407182,260.253294,4.833960,0.087638,1.076031
716,6649,17.893470,-0.048626,-2.132644,125.906455,-2.831807,-635.947448,-0.903766,432.075005,86.513641,5.120162,0.266734,1.377871
716,6650,163.029539,0.431958,-1.095915,-153.274280,-2.805284,-984.055268,-4.604714,383.127580,118.689202,4.558807,1.523930,-1.101974
716,6651,161.242334,0.011171,-2.956166,29.703643,-4.284155,-263.112083,-1.429759,306.793898,64.301325,3.519549,0.339483,1.000228
716,6652,168.753709,0.790356,-2.953226,136.271131,-2.068457,399.600274,-0.720279,391.391048,110.489177,4.524273,1.637873,-0.686249
716,6653,134.700489,0.004427,-2.907770,447.222762,-3.054244,-1461.842028,-2.840857,256.450520,67.058725,5.009461,1.650507,-1.900768
716,6654,161.631571,-0.474034,-2.026720,-12.520504,-2.901473,-829.527524,-2.184879,63.948341,29.048334,4.448310,1.445577,1.755769
716,6655,200.336164,0.718475,-2.694132,-180.125410,-4.047746,-427.869335,-0.909007,115.252501,141.663657,3.376832,1.409965,0.002159
716,6656,43.041703,0.264811,-3.970121,-164.092280,-2.483583,-622.374330,-0.622068,402.081872,-74.264317,4.180632,1.366772,-0.010707
717,6657,2.205172,-1.209851,-1.917423,-1.804254,-1.002145,-1.160598,-4.474163,1.641675,-0.102096,3.474805,1.965119,-0.446928
717,6658,4.822508,-1.746962,-2.504708,0.546008,-2.711278,-3.085827,-0.925626,2.545103,1.043304,2.634629,1.150983,-1.423678
717,6659,3.187804,-0.851321,-2.747030,1.296380,-0.248311,-1.725819,-2.514384,3.232790,0.768506,3.374741,1.622218,-1.268770
717,6660,0.579952,-2.283376,-2.371608,-1.096919,-1.066791,-2.320915,-2.786299,1.719844,1.781026,3.087004,0.771646,1.244175
717,6661,1.545767,-2.584712,-2.406270,3.510228,-1.730276,-1.842230,-2.059952,3.689627,-0.191468,2.582388,1.030133,0.343174
717,6662,3.935395,-2.209851,-2.116686,-0.570495,1.121790,-1.937756,-2.471240,1.443340,-0.345229,2.958986,1.042761,-0.333951
717,6663,2.135867,-1.814126,-1.100172,2.034784,-1.236516,-1.576613,-3.838935,1.228337,-0.229364,1.541237,1.346305,-0.908953
717,6664,3.954007,-1.279400,-1.158260,1.130851,-0.753040,-3.635176,-0.474798,2.722864,1.144569,1.827745,2.102216,-1.047517
717,6665,2.463707,-2.093844,-2.593663,0.971710,-0.488047,-5.485056,-5.018134,1.795236,0.856657,2.695247,0.707115,-0.352085
717,6666,1.752308,-1.487327,-3.374073,4.584955,-0.675454,-4.587482,-3.065476,1.887324,0.958081,3.450553,0.725442,-1.265578
718,6667,4.330126,-1.941260,-2.242167,0.717153,-1.845903,-2.608934,-4.134947,3.372344,0.726278,4.033503,1.879379,-2.906775
718,6668,1.293690,-2.188398,-3.327047,0.506978,-0.687260,-3.376525,-1.271980,0.924758,1.201032,2.652571,1.141600,-2.612416
718,6669,1.611774,-1.680725,-1.553277,-0.577818,0.061230,-2.006054,-1.678570,2.583062,0.642276,2.260926,1.806811,-2.033722
718,6670,2.983590,-2.095022,-2.933455,-0.343804,-0.535926,-0.881235,-0.999639,-0.113356,0.824942,2.685365,0.294035,-2.216175
718,6671,4.241225,-2.464022,-3.911662,2.526381,1.486428,-4.915107,-0.747857,1.585903,1.108051,2.844095,1.441601,1.363926
718,6672,3.029893,-1.755935,-1.849080,-0.009881,-1.272341,-5.154602,-2.453628,2.262767,2.515460,3.056245,0.605238,-0.347717
718,6673,1.599689,-1.945803,-3.352253,0.455525,-0.388057,-2.436060,-0.971647,2.383561,0.137428,3.009038,0.992909,-2.182574
718,6674,2.588128,-1.851143,-2.222433,1.233669,0.022543,-2.596723,-1.875637,1.882201,-0.056366,2.471722,1.996518,0.614959
718,6675,3.552619,-3.336825,-3.199130,-1.077222,-0.698420,-2.905271,-3.653572,3.092826,0.208953,4.282823,0.568781,-0.701689
718,6676,4.954720,-2.003280,-1.013913,0.951952,-1.757564,-4.109235,-4.197970,2.204032,0.076328,1.695853,1.214120,-1.352664
719,6677,2.525114,-1.878565,-0.967730,-0.456956,-0.514384,-4.869950,-2.098541,2.698065,-1.112381,3.276509,0.661360,-1.739141
719,6678,2.184276,-1.853070,-1.785565,-1.251050,1.203434,0.621371,-2.714549,1.268334,0.361454,2.757785,0.693078,-1.584944
719,6679,0.118191,-1.560436,-1.454083,-1.319546,-1.154705,-5.278196,-3.993742,2.189261,0.294521,1.435968,0.613239,0.959398
719,6680,4.224534,-2.284899,-2.896961,-0.429574,-1.440969,-3.160627,-4.433194,1.366780,1.915206,2.453246,0.796990,0.000047
719,6681,1.724706,-1.870619,-2.861983,-1.397625,-1.017613,-4.719615,-1.352218,1.133264,0.426566,3.302048,0.788184,-2.343878
719,6682,3.141004,-2.669059,-2.119654,-0.897712,-1.902160,-1.616082,-2.180597,3.810697,0.065542,2.686253,1.094031,-1.332445
719,6683,2.499687,-2.968150,-1.782864,2.802537,-1.151715,-2.511596,-1.570589,2.221768,0.277757,2.311752,0.769009,-0.814544
719,6684,4.162320,-1.252251,-1.617246,2.711095,0.125993,-2.956157,-3.596656,1.953621,-0.002587,2.970736,1.290715,-0.911227
719,6685,3.459443,-2.669964,-4.236646,0.756967,-0.860471,-3.691546,-4.582286,2.586147,-0.467771,3.363172,0.396721,-0.139915
719,6686,2.589137,-1.710754,-5.141593,-0.465887,-2.662566,-2.460568,-2.203594,2.752153,0.085496,2.664471,1.534865,-0.373751
720,6687,104.161030,-0.281213,-1.900601,33.588403,-3.110591,-853.767836,-2.078155,305.091309,31.033320,4.359890,1.441073,3.155059
720,6688,136.630676,-0.519704,-2.101026,237.157094,-3.273256,-498.072533,-0.732294,327.971686,60.844790,4.275030,1.456512,-0.914085
720,6689,168.244008,-0.441447,-2.465014,-108.821267,-3.184232,-169.490509,-2.028611,109.610029,118.177425,4.041121,0.915544,-0.436196
720,6690,249.565133,-0.456022,-1.790141,62.079214,-2.771356,-1251.766602,-2.348662,335.645033,-13.293797,3.517605,0.941798,-0.177437
720,6691,195.012266,0.278907,-4.356684,32.890349,-4.010024,-1279.176656,-3.745549,222.035181,-118.715456,4.675640,0.839577,0.752691
720,6692,173.555580,0.112455,-3.707660,-41.931734,-4.170832,-767.390889,-1.935017,234.192250,9.839525,4.426738,0.406354,-2.443040
720,6693,216.513723,-0.524242,-2.201001,80.012380,-4.021559,-1016.131574,-2.321277,211.881922,47.431721,3.757333,1.494546,-0.883838
720,6694,102.287282,-0.856580,-3.607958,-132.980360,-4.434316,-785.916844,-2.837008,162.650275,207.550407,3.751255,1.268980,1.360782
720,6695,153.144618,1.380631,-2.086409,158.389245,-3.751168,-490.174510,-2.874358,244.901815,78.369120,4.861566,1.674146,-3.191669
720,6696,225.752399,-0.840130,-3.263168,393.993819,-4.941749,-1045.168481,-6.437270,302.368408,-25.802140,3.903684,0.598315,0.280031
721,6697,2.173175,-4.409258,-0.898144,-0.988999,-0.224259,-3.588689,-1.050999,3.077386,0.958145,2.311287,0.876025,-1.413337
721,6698,2.612156,-1.639735,-1.419643,2.348661,-1.231418,-1.233962,-2.552182,1.191292,0.139841,3.435936,1.054828,-0.130748
721,6699,2.895628,-1.619617,-1.325791,3.009608,-0.537012,-0.759564,-1.857157,0.347196,0.758785,2.492321,1.182235,-3.187616
721,6700,3.139817,-1.170136,-2.319442,3.604289,0.837967,-3.432629,-3.876110,3.208820,1.177568,2.659725,1.128586,-0.395808
721,6701,2.386906,-1.917100,-2.863741,0.447977,0.211445,-5.452533,-4.779246,3.186737,0.847490,2.521193,1.218577,-0.764907
721,6702,0.970971,-3.658105,-2.024722,0.369535,-2.117282,-4.937831,-2.581967,2.999396,0.227638,2.625876,1.183721,-2.174965
721,6703,1.920034,-1.917757,-3.444751,1.782288,0.361119,-4.779221,-2.685498,2.306224,1.118205,1.993500,1.033045,-1.008436
721,6704,1.918379,-2.009018,-2.021342,1.831331,0.416070,-1.358414,-3.410642,1.681013,0.954421,1.847778,2.306943,-1.447176
721,6705,1.716874,-2.811519,-0.857602,0.890208,-0.585031,-5.607534,-4.278611,2.538729,0.485954,2.803089,1.737235,-1.152705
721,6706,2.838441,-1.448241,-3.438505,0.543079,-0.935612,-1.984850,-2.009381,2.580815,0.492953,1.912952,0.240126,0.735083
722,6707,3.499933,-2.447109,-2.417116,-2.365222,0.008618,-1.557403,-3.504911,2.352699,2.278224,3.101691,0.937767,-0.229246
722,6708,1.594418,-2.609935,-2.326975,1.233715,-1.111093,-2.072860,-1.694602,3.592818,1.213552,2.270076,1.417339,-2.502487
722,6709,0.877338,-2.331029,-2.603819,-0.730967,1.186660,-3.749381,-1.683483,0.335559,2.173265,1.782256,1.010709,-0.603372
722,6710,3.335034,-2.724114,-1.874824,0.539715,0.607177,-3.049440,-0.843499,2.742466,-0.102611,2.483871,0.452955,-0.385877
722,6711,2.917631,-1.399848,-3.732274,-1.575266,-2.451157,-4.719640,-3.794441,1.547238,1.313547,2.919532,0.720403,-0.080516
722,6712,4.605848,-1.091189,-0.644861,-0.470459,-0.755612,-1.003797,-3.184419,1.718294,0.247895,3.765383,1.028795,0.723006
722,6713,2.016761,-2.635444,-4.657528,2.424547,-0.299256,-2.237577,0.500583,1.335631,1.280797,2.612878,0.444529,-0.126141
722,6714,3.002761,-2.001822,-2.365425,-3.173761,-1.299673,-0.486429,-1.831742,1.099602,-0.540654,2.535388,1.159306,-1.622279
722,6715,4.951903,-1.778249,-2.226090,0.089832,-0.363738,-1.265891,-3.642840,2.851887,-0.171280,4.472188,0.809628,-2.195743
722,6716,1.295529,-1.293295,-0.464560,0.416074,-0.609869,-4.622198,-1.221485,2.200433,0.678857,2.798775,1.420301,-0.669857
723,6717,224.763037,-0.594033,-3.321229,12.664217,-3.353206,-359.937225,-2.527465,322.144551,77.748162,3.662961,0.521540,-0.276478
723,6718,145.587110,-0.335637,-1.229269,430.353208,-3.741626,-855.540681,-2.481535,203.294656,132.988465,4.287316,1.073059,-0.021661
723,6719,177.463607,0.133060,-2.667791,482.236226,-3.283670,2.781385,-1.079498,324.655012,59.009728,4.717661,0.678387,-2.149342
723,6720,182.252146,0.193967,-2.375144,18.890087,-4.562479,-185.740118,-2.909530,433.402025,137.182081,3.273791,1.543430,-1.087278
723,6721,216.400087,-0.325146,-1.639224,256.487247,-2.032819,-626.672327,-2.071437,151.720936,-16.193760,4.666047,0.924296,-0.468432
723,6722,64.497507,0.537025,-3.027247,316.130437,-3.610119,-577.855918,-3.263792,373.900696,87.672581,4.891251,0.504052,2.283427
723,6723,83.889748,-0.236658,-5.036549,-74.457426,-4.084880,-436.457869,-1.397393,213.757116,13.612555,3.527345,0.491457,0.500767
723,6724,87.813122,-0.498549,-2.863003,-107.626577,-2.522487,-696.023819,0.321375,160.273567,-25.860197,4.308167,0.315150,-0.112264
723,6725,120.441322,1.336253,-3.765758,30.274774,-3.376914,-1147.332986,-1.991919,365.443264,-150.380084,3.699680,1.197311,-0.594339
723,6726,148.836818,-0.812103,-3.632529,145.615268,-2.176984,-269.732267,-3.628834,304.829184,175.078527,4.722367,1.468764,-2.106420
724,6727,2.192813,-2.327585,-1.533961,0.265808,-0.714761,-4.765234,-1.946015,2.026802,0.439848,3.919192,0.338385,-0.600037
724,6728,2.559011,-2.476692,-3.683214,1.618984,-0.823644,-2.565738,-2.403346,2.175812,0.641170,3.586875,0.459089,-1.980420
724,6729,3.671332,-2.326714,-2.493333,0.638344,-1.300526,0.148955,-1.334306,2.483854,-0.035718,2.781641,1.109613,-0.461224
724,6730,3.281226,-2.152487,-1.069870,0.085058,-1.230985,-2.025222,-3.845663,2.240922,-0.350209,3.100658,0.525159,-1.411113
724,6731,2.099034,-2.162646,-1.555966,3.271081,-1.676911,-0.812271,-3.971874,0.972125,0.571206,2.916799,0.972462,-3.053415
724,6732,4.450351,-2.615366,-2.767371,0.915301,-0.955365,-0.545283,-2.401793,2.491609,-0.047387,3.117601,1.215206,-0.618248
724,6733,2.980228,-1.801362,-0.478702,2.095527,1.547134,-1.871154,-1.241415,1.625677,0.716352,3.720688,1.923945,-2.885684
724,6734,3.165078,-2.392467,-3.745699,0.840517,-1.074377,0.251018,-3.809579,3.026707,0.342015,3.405075,0.899544,-0.638924
724,6735,3.675872,-2.039401,-2.012492,1.566038,-1.801712,-0.617921,-2.760361,1.825077,0.564581,3.260591,1.545426,-1.291712
724,6736,1.916479,-2.763646,0.926523,1.327603,-0.883517,-5.396606,-2.477996,2.748383,1.356189,2.868033,1.530164,-1.230131
725,6737,258.271561,-0.363707,-2.144502,216.425429,-1.695420,-648.660593,-2.091354,289.390138,59.363469,5.156155,1.022285,-2.200238
725,6738,152.628002,-0.216885,-3.667034,413.770938,-2.680373,-151.808975,-1.704528,294.377031,-62.383038,3.120180,0.948513,0.159374
725,6739,286.807283,0.237243,-1.912719,75.635002,-3.554317,-895.742067,-0.611415,460.320651,161.871856,4.032379,0.293134,0.440052
725,6740,144.026531,-0.484607,-3.029391,95.298595,-2.382276,-800.779817,-2.150517,240.608751,-171.633770,4.321978,0.569503,1.982546
725,6741,214.648136,-1.259888,-1.674053,320.545000,-2.714894,-856.024915,-4.472672,348.997373,30.944568,4.022748,0.299292,-0.639096
725,6742,315.155233,0.019355,-2.819249,-438.189771,-4.520883,-891.006047,-2.159457,338.884151,112.279572,3.447173,0.535807,1.204966
725,6743,119.413308,0.275377,-4.455448,463.939065,-3.563248,-341.641541,-3.033216,316.268690,291.352844,4.699526,0.303271,0.950052
725,6744,108.287919,-0.263154,-4.349940,136.278379,-2.948927,-45.199472,-3.851084,263.997038,-65.272053,4.544564,1.083339,-0.090951
725,6745,100.717940,-0.689635,-2.878840,-10.713107,-3.712059,-137.703800,-2.293817,202.483103,-112.391168,4.090151,1.282237,0.784424
725,6746,310.445952,-1.314586,-2.263959,233.244066,-2.802656,-881.227986,-2.165260,369.126087,173.389675,3.071216,0.589918,-0.613102
726,6747,203.689452,-0.460162,-3.080976,-398.798623,-3.150712,-513.469124,-4.223796,92.168019,238.605760,4.060734,0.780196,-2.236005
726,6748,240.413448,-0.895473,-2.429610,-93.349590,-2.510898,-275.894989,-4.428661,243.040707,-50.762752,4.011809,0.373246,-2.019034
726,6749,283.776809,-0.240549,-4.673442,-304.132595,-2.297402,-1069.069362,-2.654657,331.186148,82.207530,4.762135,0.073857,-1.094909
726,6750,127.768950,-0.022310,-2.408676,425.914171,-3.407160,-605.570580,-1.466824,209.165442,75.524424,4.747996,1.774300,-1.471989
726,6751,164.126852,0.730667,-1.481801,76.895506,-3.297488,-593.160160,-2.218880,253.851294,60.749391,3.857581,0.682259,0.640237
726,6752,242.009392,0.692751,-0.898270,97.719249,-3.093552,-979.443202,-4.292680,225.492837,39.222347,3.529666,1.557055,-1.318584
726,6753,125.424989,-0.654057,-3.066986,129.015666,-2.208650,-385.496225,-3.110000,245.082352,117.692937,3.785149,0.279225,-1.691707
726,6754,175.274491,-0.807251,-1.439660,166.135240,-2.594869,-1206.904911,-4.042903,158.331044,-80.951538,3.592460,0.614129,-1.352140
726,6755,159.043068,-0.209832,-2.880456,160.360496,-4.593473,-994.684774,-2.512855,7.274183,14.465614,4.341648,0.745448,-0.244983
726,6756,172.942494,0.691526,-3.600384,-197.043051,-2.960851,-507.408808,-1.255800,101.022230,122.444421,4.148221,0.056028,-1.417785
727,6757,2.069861,-0.156342,-4.395807,-0.242262,0.399199,-4.058196,0.728323,2.463008,-0.259234,2.542961,1.040815,-2.581230
727,6758,2.935030,-0.485819,-3.950659,1.648471,-0.803407,-4.041205,-2.515887,3.376936,0.364100,4.044953,1.752959,-1.405863
727,6759,1.908901,-1.936685,0.612666,1.415722,-1.342350,-0.579943,-1.820156,3.772443,0.568811,2.296866,1.466922,-0.613817
727,6760,1.263129,-1.709739,-3.480676,0.728861,-0.448319,-2.183024,-2.368954,3.639199,0.963293,3.502610,1.675773,1.442522
727,6761,2.181543,-0.990503,-2.476107,-1.363974,-0.325923,-3.867376,-2.448705,2.769473,0.562807,3.069004,1.352764,-1.221641
727,6762,3.373019,-2.636627,-2.270693,-2.097115,-0.935926,-1.795270,-2.290062,0.167771,0.369670,3.117602,0.953343,-1.317105
727,6763,2.794774,-2.593591,-1.701854,-0.656487,-1.989427,-3.246645,-3.196157,3.280920,0.857624,3.349221,1.620298,-1.576741
727,6764,2.838466,-2.705060,-3.949045,3.117531,-0.695523,-3.942903,-1.550795,2.286308,-0.142275,2.725201,-0.189331,-1.661773
727,6765,3.202061,-2.364984,-0.228244,0.918503,-0.964645,-4.328347,-2.314681,2.335053,0.829136,2.865221,0.890937,0.492339
727,6766,3.015311,-1.613657,-2.169660,2.455923,-0.296255,-3.403429,-3.094343,2.091866,0.334423,3.640388,2.216531,-1.018955
728,6767,1.689509,-2.063067,-1.743165,0.501354,-1.006822,-6.288628,0.982149,2.143955,1.270469,2.040950,1.111569,-0.060570
728,6768,2.024531,-1.894780,-1.093045,2.310863,-0.720821,0.294328,-1.854057,2.017220,0.498888,2.196758,0.923893,0.108947
728,6769,2.334043,-1.675627,-1.682885,2.107986,0.373779,-0.622196,-1.989464,1.834180,0.174961,2.556686,2.274531,-2.012233
728,6770,3.386343,-3.358615,-2.896831,0.447712,1.264257,-2.480810,-1.266755,3.069220,-0.415847,3.596628,1.468702,-1.770103
728,6771,2.876527,-1.232809,-3.273200,3.112210,-0.183477,-1.190862,-3.744970,2.302872,0.833295,3.591915,2.016822,-0.832116
728,6772,1.945154,-2.492600,-1.363110,1.822547,-0.175782,-1.005250,-1.377623,2.437083,1.079416,3.820099,1.663317,-0.651327
728,6773,2.835350,-1.686686,-2.396772,2.424830,-1.330727,-4.252908,-0.219752,2.885498,-0.163319,2.588670,1.410444,0.310612
728,6774,1.055117,-2.628724,-2.488305,2.291161,-0.957063,-1.893828,-0.311745,2.496217,0.650875,3.619684,1.464090,0.695376
728,6775,1.244081,-1.478258,-2.125861,2.959408,1.071346,-2.582092,-1.866837,2.811996,-0.019843,4.264523,1.268625,0.814352
728,6776,3.879279,-1.509136,-1.876568,1.034347,-0.302366,0.259379,-2.028330,1.373490,1.128195,2.933729,1.330331,-1.341414
729,6777,1.401514,-1.934427,-1.656966,3.181424,-0.664656,-1.360283,-2.270978,3.060221,0.355980,3.957595,1.150484,-0.290206
729,6778,1.597488,-3.250522,-3.001367,2.846244,-0.200492,-3.600849,-2.475595,3.725867,0.939153,3.073328,1.088308,-1.617212
729,6779,2.687136,-1.861154,-0.584662,1.630198,-0.725924,-1.367601,-0.628349,2.270561,1.210755,2.563777,0.572820,-1.885100
729,6780,3.398178,-1.589875,-2.452409,0.318379,-0.862840,-3.608233,-3.138926,1.442446,0.691735,2.385326,1.597461,-0.912589
729,6781,3.617031,-2.448653,-1.398883,2.499929,0.736958,-1.222599,-3.530167,2.219019,-0.237336,3.113419,1.718765,-0.299547
729,6782,2.458216,-2.146807,-1.223741,1.824580,-1.539647,-2.339783,-2.375606,0.614491,0.346497,2.911608,1.676061,-0.403399
729,6783,2.946831,-1.430130,-2.269158,0.298058,0.416115,-1.511382,-2.402281,1.701579,0.400393,3.553684,1.250339,-1.507872
729,6784,1.738670,-2.285042,-2.406607,0.988539,-0.990358,-2.098342,-1.723807,1.875677,0.446822,3.137232,0.893351,-1.343848
729,6785,1.529274,-0.875480,-1.789795,0.784062,-1.065445,-0.330489,-1.844292,2.748481,1.005545,3.183137,1.696930,-1.353084
729,6786,1.284805,-2.072465,-2.923511,-1.944999,-0.345343,-1.515160,0.256827,1.567139,0.173169,2.909022,1.269750,-1.881508
730,6787,111.618813,-0.765276,-2.109820,93.746507,-2.190687,-1029.264607,-2.117033,280.637632,153.243376,3.641619,0.344630,1.300166
730,6788,174.698578,0.216323,-2.602320,-118.861002,-4.268308,-550.382774,-3.330256,209.585631,188.159946,4.733658,0.809239,-2.172115
730,6789,98.407216,-0.657386,-4.797893,-57.170243,-3.637300,-451.015130,-0.697378,130.126554,25.562410,4.463253,1.525762,-0.710446
730,6790,193.901386,-0.671374,-2.321961,89.457782,-1.512254,142.042182,-2.466563,327.058256,366.585396,3.422333,0.273092,0.182738
730,6791,135.260840,0.066788,-3.638885,115.524174,-3.646430,-1274.149942,-3.097511,416.834562,72.321957,5.022425,1.684459,1.695350
730,6792,131.283371,-0.659463,-3.247160,-56.645969,-2.197021,-422.979780,-2.411322,177.938974,182.936362,4.378023,-0.001064,0.197902
730,6793,232.575860,-0.033777,-2.421248,368.512360,-3.040861,-478.966017,-1.247475,346.200984,186.097293,4.470905,0.581236,-2.426243
730,6794,89.885464,-0.724205,-2.814325,550.882397,-3.579504,-545.176532,-5.463450,328.783733,69.134543,4.437973,1.891072,0.304704
730,6795,198.933190,0.703867,-3.470172,236.309394,-3.781760,-752.999062,-2.006592,359.152660,-20.138660,4.497940,0.562663,-1.917169
730,6796,271.018731,0.900982,-1.651674,-85.858076,-3.133606,-804.017099,-2.764191,162.002300,-91.050130,4.780301,0.595427,-0.565425
731,6797,194.428550,-0.774745,-4.273096,350.235805,-4.428401,-206.343692,-3.427294,288.001727,178.414896,4.337403,1.942039,0.935857
731,6798,60.112272,-1.860665,-2.088500,185.133534,-4.279509,-448.524508,-3.068883,288.335594,22.031745,3.603640,0.894579,-0.422219
731,6799,184.340451,-0.779374,-3.108013,576.950978,-3.498120,-812.391010,-3.081800,452.612197,141.326960,3.813819,0.998424,1.404316
731,6800,311.457743,-0.645963,-2.809402,-246.975952,-3.401821,-767.552089,-4.000738,296.702836,51.998633,4.525343,0.592962,1.237690
731,6801,116.108601,-0.485524,-2.461944,195.001297,-4.492638,-501.269301,-1.490430,91.220059,35.440952,4.618526,0.621895,-1.123079
731,6802,260.418010,0.447077,-2.861695,371.263133,-1.700847,-239.809573,-2.918433,163.803333,-27.209218,4.067795,0.442817,-0.156144
731,6803,218.551622,0.636287,-3.446695,-539.380921,-3.172843,-755.624140,-2.236933,300.947302,197.052893,5.233762,1.027738,-1.511249
731,6804,217.352228,0.806736,-2.880589,412.907278,-2.312459,-248.089250,-3.062610,218.703354,203.448768,4.764819,0.298745,0.364889
731,6805,119.326459,-0.465129,-2.995413,251.243443,-3.153611,-1069.689434,-4.451955,291.014451,146.693553,3.955598,0.545805,0.174753
731,6806,178.486825,-2.118211,-2.639307,-178.943751,-2.074372,75.289776,-4.202883,210.740834,78.204918,3.670679,-0.067703,2.939291
732,6807,98.310207,-0.703200,-3.014768,576.486350,-4.671417,-170.056237,-4.248617,112.727657,269.842362,3.244083,1.698405,-1.933588
732,6808,174.069285,0.420494,-3.570567,168.897961,-2.236504,-1794.752583,-1.000882,286.998153,56.622215,4.777644,1.287999,-0.872619
732,6809,164.373060,0.927011,-3.489298,44.169626,-3.896070,-861.331861,-2.708610,433.168788,316.440678,4.973357,0.521783,-1.600452
732,6810,294.659986,1.317990,-5.136698,-505.465180,-3.774453,-834.010754,-3.848177,232.995661,-4.529699,4.363742,1.168640,0.783078
732,6811,138.368723,-0.964147,-4.339398,-387.397418,-4.469135,-974.328830,-2.826102,314.071140,200.858710,3.468064,0.199468,1.816134
732,6812,266.808921,0.336315,-2.483640,261.113455,-2.231085,-404.550460,-4.981375,325.837206,0.869324,3.203604,0.922468,1.052027
732,6813,133.451733,-0.074303,-1.594635,477.899848,-3.361377,-929.584032,-1.082620,260.534092,1.580793,3.323296,0.426255,1.752415
732,6814,299.738666,0.400326,-2.794491,259.214655,-3.586920,262.726272,-0.799815,312.403410,197.561220,4.198318,0.947724,-0.974375
732,6815,186.403557,0.672057,-3.464888,-225.230692,-4.918806,-27.149214,-2.108310,51.594119,233.840792,3.461068,0.448547,0.558424
732,6816,182.388283,0.531130,-3.313239,-175.227783,-3.031384,560.302181,-1.595294,310.098716,-73.460875,4.024196,1.131302,-0.787393
733,6817,1.307887,-2.842076,-1.400200,3.008134,-0.144029,-6.045244,-2.586098,2.183177,0.031859,3.109375,1.972923,-1.849313
733,6818,1.695473,-2.165127,-0.658794,0.524067,-0.514772,-4.497793,-2.570730,-0.173483,-0.216771,3.312513,0.648767,-0.261437
733,6819,3.279851,-2.486752,-2.809155,-0.298192,-1.485216,-3.168071,-2.925376,2.173725,0.529331,2.877642,1.359169,-0.215442
733,6820,1.798316,-1.339007,-2.231113,3.105194,-0.460438,-2.942969,-5.027159,2.191630,0.326222,2.897161,1.165976,-1.614862
733,6821,2.251481,-1.647192,-4.216223,2.308535,-2.373756,-1.994665,-2.711512,2.015672,0.591864,2.761539,0.535856,-1.085054
733,6822,4.285932,-1.544582,-0.585978,-0.811920,-0.979922,-3.239403,-2.168084,2.510224,0.214987,3.536703,1.521996,-2.371345
733,6823,3.848035,-2.692678,-0.770926,-1.147134,0.097220,-3.537110,-2.646372,2.602060,-0.154854,3.237289,-0.215987,-2.286277
734,6824,1.429671,-0.595536,-1.514569,1.790636,-0.953974,-3.364474,-3.176946,0.782270,0.204618,2.746708,0.371943,-0.657238
734,6825,1.816699,-1.955330,-3.791331,1.006546,-0.843868,-2.757944,-4.068835,1.305813,-0.884088,1.823654,0.113712,-0.959507
734,6826,2.783046,-2.212039,-2.855666,3.053952,-0.639935,-3.076762,-2.453592,1.952997,0.064777,2.522578,2.122528,-1.231801
734,6827,0.199613,-1.834707,-0.519233,-2.138687,-0.474058,-3.358739,-2.437311,3.320169,0.874144,2.209048,0.310912,-1.735654
734,6828,2.742061,-2.225753,-2.714135,-1.191464,-0.760355,-4.020512,-2.736404,3.253454,-0.558916,3.837604,1.973876,-1.155609
734,6829,2.110760,-1.414782,-1.957673,3.083215,-0.568622,-7.078684,-2.198145,2.096008,0.213479,3.534004,1.918668,-0.298378
734,6830,2.008473,-1.112789,-2.533154,0.888617,-1.626604,-0.804977,-0.912149,1.354978,0.853956,2.630431,1.391557,-0.341260
734,6831,3.593856,-1.394558,-2.618102,2.010269,-0.632695,-1.696640,-3.239688,1.825638,-0.732741,2.819482,1.365138,-1.704036
734,6832,0.584048,-2.779688,-0.993563,3.088509,0.135008,-1.152536,-1.214046,0.922111,-0.138580,2.896111,1.956570,-0.706830
734,6833,2.117348,-2.482151,-1.553755,0.709543,-0.191318,-3.054712,-1.733055,2.323978,0.379270,2.663560,1.414327,-1.084394
735,6834,2.590234,-1.183209,-3.720348,-2.657388,-0.348465,-0.968313,-2.419189,0.190765,0.806371,2.679931,0.468084,0.419147
735,6835,1.932524,-2.169944,-2.693763,0.142518,-1.240586,-0.901931,-3.090973,1.403281,0.874797,2.887591,0.706897,-2.856449
735,6836,0.775670,-1.682021,-2.665162,-0.116266,-1.626255,-1.281035,-3.628026,2.988909,0.610125,2.581541,1.479329,-1.863897
735,6837,4.544333,-2.539690,-2.179626,3.265754,-0.947963,-2.724485,-2.711774,2.956955,-0.338472,3.251986,1.609743,-1.356559
735,6838,3.834758,-2.421122,-1.001779,0.955913,-0.614999,-2.547567,-1.592895,2.541057,1.131715,3.052562,1.558027,-2.086317
735,6839,1.668145,-2.327132,-1.436815,2.452915,-1.647922,-3.219113,-1.368252,1.775998,0.544746,3.113099,1.219958,-0.589870
735,6840,3.329697,-1.649820,-2.269364,2.546347,-1.721236,-2.349518,-1.994059,1.125328,0.947371,2.569772,1.070557,-0.675720
736,6841,291.159214,-1.631221,-3.701194,181.623382,-2.733089,-540.051889,-2.919402,257.937366,236.497504,5.231591,1.131328,0.751295
736,6842,249.039269,-0.374243,-3.030676,398.053583,-1.689810,-984.135555,-1.482599,248.124967,204.198060,4.942958,1.489977,0.555417
736,6843,158.198023,-1.011312,-2.665608,79.931419,-2.116978,-168.107983,-1.625026,142.108695,179.671721,4.375325,0.468618,-0.217640
736,6844,145.272231,-0.229927,-1.793644,304.214170,-4.310702,-934.631911,-2.800917,381.400207,265.047133,4.727240,0.525487,0.709420
736,6845,157.596972,-0.760612,-1.081846,-223.454427,-4.065365,-980.778131,-5.859441,261.104472,53.348191,3.927543,1.032209,-0.212128
736,6846,118.337702,-1.331823,-1.890351,-19.601886,-2.642041,-636.450953,-0.482949,437.119473,141.653397,3.696973,0.474499,-2.043276
736,6847,173.250574,-0.890742,-2.650976,-537.492149,-2.918884,-666.192278,-2.057152,289.199411,-82.315431,3.869854,0.441950,-1.808252
737,6848,206.920234,0.216314,-4.557978,312.608917,-3.018468,-490.450455,-1.746210,452.911655,-106.471942,4.374766,1.143885,-1.112503
737,6849,205.529267,0.254223,-3.991539,-23.389800,-2.922590,-798.042499,-1.210037,386.090901,56.921252,4.641320,1.103342,-0.727462
737,6850,160.819129,-0.436775,-1.536306,120.395778,-2.068143,-1235.046220,-0.036887,167.865525,157.744670,3.815070,0.640932,2.959086
737,6851,186.381247,-0.638147,-2.431485,35.937903,-2.488362,-563.978131,-0.442002,357.250404,306.227057,4.658178,0.713795,1.226836
737,6852,129.652131,0.463301,-3.991832,-115.315354,-2.892750,-920.686618,-1.827233,83.311962,231.586192,3.677008,0.605192,-1.811541
737,6853,72.566051,-1.447393,-4.725722,-108.384542,-3.955983,-1359.028915,-3.862887,303.321518,86.822671,4.372587,1.613371,-3.015544
737,6854,63.891386,-0.067635,-2.979560,87.623452,-3.213520,-783.884014,-0.735187,59.944524,-134.261005,3.121370,0.405215,0.749443
737,6855,16.526109,-1.079630,-2.348297,5.112298,-3.852227,-1210.744064,0.442986,461.832774,-16.744392,3.516022,0.139573,1.452029
737,6856,162.328852,0.439044,-2.092228,535.854128,-2.518619,-779.858907,-2.144361,261.004085,98.214069,3.179804,0.160732,-0.069739
737,6857,153.116427,0.066329,-3.849493,-338.602343,-4.458467,-377.134356,-3.727273,362.097745,41.617543,3.365604,0.165580,-1.071203
738,6858,92.034386,-0.666331,-3.195041,237.257301,-3.097381,-143.603927,-0.828669,342.401886,2.377275,4.527812,0.343127,-1.061137
738,6859,170.883373,0.462905,-3.101390,25.699539,-3.986363,-372.664724,-3.747409,426.872429,110.900594,4.482448,1.063778,-0.742886
738,6860,32.662727,-0.653597,-4.501738,148.008682,-2.487395,-689.802026,-3.550807,286.689755,214.229885,4.406491,1.272988,-0.260874
738,6861,297.936299,0.203695,-2.051847,-192.984231,-3.402610,-692.213979,-1.952026,82.638697,27.971183,3.967868,0.807535,1.016157
738,6862,95.843590,0.034208,-3.305528,261.038507,-4.167250,-1046.617607,-2.765841,174.753364,223.676106,4.455634,0.437357,-0.720968
738,6863,75.199021,0.030767,-0.671190,139.803025,-1.675357,-783.776634,-3.000111,266.043653,18.296196,2.961990,0.753409,-0.391121
738,6864,204.841919,-0.358056,-3.829527,-301.103944,-2.731876,329.511989,-3.103719,367.199980,-69.507271,4.092954,0.581339,-1.938485
738,6865,95.872056,-1.324812,-2.699562,-153.244671,-2.247030,115.073710,-1.029931,183.738622,32.158842,3.355230,2.137469,-1.655127
738,6866,130.918350,-1.003405,-2.862818,-59.025840,-4.081643,-44.266223,-2.359043,319.907140,54.608880,4.431150,0.303720,0.003263
738,6867,155.876521,1.251150,-2.659554,525.770496,-2.219556,-59.772076,-1.175327,317.128337,143.620872,4.633422,1.615236,0.156099
739,6868,3.155732,-2.336411,-2.822851,-3.685549,-0.294107,-1.634939,-3.913400,2.913634,-0.928456,3.596429,2.101374,-1.226014
739,6869,2.815329,-2.614978,-4.476164,-0.445492,0.172637,-2.989478,-1.517460,2.289281,0.052883,2.783057,1.102323,-1.111154
739,6870,3.714544,-2.392227,0.174114,1.859420,-0.839132,-0.963614,-2.120077,0.986647,0.366237,3.329771,0.340538,0.158405
739,6871,2.198462,-1.944400,-1.928211,0.581168,-1.495694,-0.203530,-2.430435,2.759649,1.133145,2.924213,2.637248,-1.166023
739,6872,3.330410,-1.218841,-2.694188,-1.538972,0.856338,-4.827661,-4.095535,3.182147,0.709462,2.004589,0.357353,2.168602
739,6873,3.783517,-1.912875,-3.385191,-0.077882,-0.520286,-1.219565,-2.406676,1.775659,0.027261,2.943538,0.535528,-0.372493
739,6874,3.018425,-2.186902,-3.235673,0.918517,-0.508336,-2.956449,-0.946031,2.455334,-0.402897,2.358300,1.097150,-2.795935
739,6875,2.674401,-2.263110,-1.992753,-0.094857,-0.045380,-3.346350,-2.109841,2.613124,0.916457,2.639207,0.346424,-1.866182
739,6876,2.169849,-1.545673,-3.622679,5.364620,-2.545142,-0.563205,-2.732874,1.108655,1.202992,3.313592,0.113974,-0.782807
739,6877,2.273159,-2.490509,-2.190412,3.673274,0.577024,-3.793991,-3.915347,1.873416,1.194358,3.302380,1.875267,-2.402941
740,6878,2.812405,-3.812532,-2.014567,0.308092,-0.712557,-1.787075,-2.894523,1.455906,1.494904,4.007905,1.132892,-1.829567
740,6879,3.705881,-1.336151,-3.681175,-2.020032,-0.692030,-2.775616,-1.967756,1.941738,1.515600,2.901086,1.096743,-0.610846
740,6880,4.676098,-2.046758,-2.067660,-1.687466,-0.375627,-1.153707,-2.644732,3.660680,1.283950,2.364606,0.617598,-0.836138
740,6881,1.702884,-2.424361,-4.085401,0.685679,1.657807,-5.201294,0.013108,2.288366,0.121949,2.829810,1.397001,1.249109
740,6882,2.747448,-2.336654,-3.074449,3.146782,0.924128,-1.186675,-1.848438,2.620979,1.140546,3.523605,-0.226347,0.436050
740,6883,2.683097,-1.757559,-3.169288,-0.362575,-1.150233,-2.974347,-3.862991,1.646769,-0.225605,4.120812,0.749205,-0.375829
740,6884,0.754459,-2.793396,-2.848133,-0.041794,-0.069180,-2.629421,-2.853116,2.948692,-0.360003,2.956980,1.186809,-1.558253
741,6885,3.072826,-2.537540,-1.004570,0.143239,-2.472527,-5.036527,-3.815619,2.525694,-0.526492,2.757053,0.889595,-0.090388
741,6886,1.497139,-1.343838,-0.625970,-0.051548,-0.409131,1.477429,-1.232290,2.812070,0.795898,1.773303,0.586183,-1.244363
741,6887,2.704732,-2.002057,-1.740891,3.045986,-1.267200,-3.500035,-2.091889,1.582045,1.403476,1.956995,0.908465,-1.982589
741,6888,4.049330,-2.270107,-2.499566,0.186386,-0.723172,-2.557316,-0.857558,1.448011,1.049873,2.932167,2.041197,-2.182265
741,6889,2.235108,-1.202957,-2.267513,1.311024,-1.621462,1.811563,-2.655702,3.578786,0.720522,2.855658,-0.458725,-2.903134
741,6890,2.663315,-3.344158,-1.852047,-0.549637,-0.905487,-2.700087,-3.811684,2.548255,0.050866,2.867096,1.646917,-0.401671
741,6891,2.838635,-3.180276,-1.484279,0.102721,-1.610698,-2.125336,-4.598391,2.783715,1.313606,3.382740,1.024964,-0.474658
741,6892,3.073950,-2.377674,-2.404049,1.155120,-0.815768,0.936683,-4.889152,1.766374,0.729925,2.362199,1.291122,0.677240
741,6893,3.541962,-0.983326,-2.367898,-0.723063,-2.047917,-1.998091,-2.106862,3.973723,-0.338968,2.647097,0.675641,-0.990981
741,6894,2.768536,-1.826774,-1.662819,3.831837,-0.627148,-1.361179,-1.650017,3.092058,0.342494,2.698499,0.695546,-2.354811
742,6895,0.342181,-3.080610,-2.863528,-0.415872,-0.958992,-7.897918,-1.742132,3.592497,-0.577120,2.203827,0.498185,-0.779681
742,6896,0.491616,-0.506048,-2.265731,4.295559,-0.955479,-2.116674,-3.851085,1.654653,-0.456795,3.313763,0.465334,-1.043990
742,6897,1.562806,-1.896648,-1.518349,-0.532606,-1.438714,-3.597742,-1.472427,2.205520,-0.787202,1.900634,1.360263,-0.220847
742,6898,1.570104,-2.322278,-2.990601,-0.649908,-0.553794,-5.996035,-2.192034,2.851821,1.526125,1.016890,1.003949,-1.352215
742,6899,3.295230,-1.539461,-1.789629,0.088621,0.342393,-5.002370,-0.158415,1.520002,0.763940,2.520593,1.258310,-0.767973
742,6900,2.883041,-1.797693,-4.027976,2.163284,0.902824,0.263954,-3.079951,3.280829,1.262278,3.151934,0.757962,0.774449
742,6901,2.873109,-2.310428,-1.021808,0.634841,-0.732298,-2.278039,-2.382337,2.247758,0.646977,3.791652,1.587605,-0.367434
742,6902,2.381095,-2.002230,-1.482431,-1.433183,-0.541572,-4.436388,-1.892421,1.397291,0.370845,2.264458,1.234878,-0.743078
742,6903,1.358058,-2.324339,-1.843647,-0.127124,-1.716371,-1.757955,-3.763387,1.665249,0.326246,2.398167,2.319261,-1.139007
742,6904,3.043802,-1.836206,-2.021942,-2.580225,-0.344230,-1.061493,-2.320703,1.614290,-0.050330,3.924315,1.295226,1.320363
743,6905,3.094652,-2.223702,-2.740817,0.875333,-1.833659,-2.056571,-1.213118,1.910902,-0.700125,3.757287,0.747000,-2.859471
743,6906,0.905472,-1.771055,-1.634102,2.514677,-0.376942,-1.376791,-1.237676,2.972832,0.673270,3.179518,0.862722,-2.460518
743,6907,4.054240,-3.050632,-1.392715,0.888600,-0.526821,-4.293455,-2.782884,2.140482,0.617536,2.839391,1.498238,-0.813490
743,6908,2.385330,-2.342402,-1.686570,0.438044,-0.670437,-3.668325,-2.421673,2.345715,0.150076,2.819417,1.086890,0.491122
743,6909,3.194572,-2.247369,-1.639078,-0.985869,-1.271932,-3.967858,-0.998184,2.186002,0.833458,2.072456,-0.075949,-1.392555
743,6910,4.947510,-3.360184,-2.276909,3.137060,-0.949975,-2.060297,-2.330896,2.671363,-0.330114,3.372721,1.427051,-0.171281
743,6911,1.557849,-2.105511,-2.203277,2.174931,0.719266,-1.585917,-2.338338,2.262017,-0.185291,3.531703,0.662523,0.799145
743,6912,2.692201,-3.117165,-1.450361,-0.432676,-2.059204,-2.682735,-1.441601,2.425420,0.153690,2.803278,1.912139,0.090652
743,6913,2.397662,-1.676363,-2.197219,4.184979,-1.592249,-3.554478,-3.717270,2.235289,-0.054560,2.847510,0.828050,-1.404437
743,6914,2.159477,-2.118686,-2.399610,-1.749591,-0.360383,-4.284757,-2.064312,2.316198,0.409749,2.500142,1.129945,0.638292
744,6915,2.538343,-0.971704,-0.541045,1.005246,-0.969832,-3.951734,-2.661817,1.553540,0.541730,3.690776,0.893432,-0.410740
744,6916,3.406350,-1.499749,-2.064020,2.651043,-0.989516,-3.592273,-2.573141,2.829781,1.298397,2.021172,1.323620,-0.074292
744,6917,2.293009,-2.188254,-3.143338,0.938553,-0.668829,-4.321072,-1.079717,3.038563,0.397449,3.398149,0.908452,-0.972306
744,6918,0.474249,-3.440074,-1.266622,0.826264,-0.100212,0.979668,-3.045118,1.422182,0.678886,3.050655,0.837024,-0.769315
744,6919,1.405326,-0.977601,-1.361420,3.112546,-1.111911,-3.416820,-1.698449,2.840683,-0.545289,3.143266,1.073068,0.983717
744,6920,2.365542,-3.300747,-1.533585,0.826861,-0.972264,-0.790939,-2.445502,3.491617,0.811939,3.249710,0.811865,0.836344
744,6921,0.497240,-2.595523,-2.946310,0.542587,-1.274702,0.321029,-3.054952,1.204688,1.173866,2.413150,0.004131,-3.835113
744,6922,2.458528,-1.700358,-0.691649,-1.232067,1.944068,-2.724643,-0.471938,1.453801,0.993333,2.280413,0.982638,-1.358267
744,6923,4.966639,-2.194114,-0.497715,2.203325,-0.980670,-5.830554,-2.366840,3.093230,0.238533,3.554473,1.381880,-0.048647
744,6924,-0.399558,-1.245329,-2.694602,-0.751475,0.413643,-0.463357,-0.652848,2.837887,-0.070131,3.358505,0.982269,-0.587372
745,6925,26.955824,-0.541796,-3.048710,-101.259328,-3.836883,-1330.415328,-3.892211,287.631623,-63.555293,5.801579,1.163998,1.768843
745,6926,201.065003,0.246742,-1.439372,375.040832,-3.196387,-647.327338,-3.526505,509.854230,203.608475,4.608749,0.285084,-1.266940
745,6927,184.648444,-0.301777,-3.683706,-442.979940,-3.161924,-649.383914,-3.393763,255.331420,222.759512,4.937999,0.508076,-0.174924
745,6928,130.460693,-0.499020,-3.728910,77.257927,-3.890753,-101.014679,0.711943,335.862379,-24.308573,3.677754,0.508026,-2.608704
745,6929,184.870238,0.377371,-3.157725,314.509993,-2.393719,52.268128,-1.374605,225.936853,165.064702,4.952146,0.879471,0.715108
745,6930,193.464755,-1.788045,-3.315076,301.757447,-4.163679,-1386.263967,-3.034677,244.379258,329.226264,3.685292,0.266766,1.480511
745,6931,95.809959,-0.153908,-2.019554,-128.670819,-2.608977,-529.421922,-1.339935,228.608994,51.097022,4.683051,0.242711,-0.274856
746,6932,345.981913,0.373909,-2.728357,-260.143567,-2.558490,-84.792792,-4.179754,228.806788,179.020652,3.157503,1.656258,0.815551
746,6933,188.166811,-0.344133,-2.598301,188.752470,-4.596448,-960.583793,-2.140827,209.384947,55.827013,3.963195,0.950528,-0.662665
746,6934,277.852290,-0.557994,-3.646734,201.251737,-3.755872,-533.348292,-0.761892,259.929704,180.380138,4.997558,0.956908,0.062527
746,6935,154.808538,0.392236,-2.717784,303.088863,-2.482763,-633.676412,-1.701842,138.682006,9.552555,3.181688,0.036373,1.258488
746,6936,126.993933,-1.324958,-4.471416,356.636104,-1.747280,-184.107406,-3.180091,189.954472,159.339313,3.477353,-0.748952,0.461319
746,6937,81.775314,-0.063377,-3.892078,213.263981,-2.063313,-408.206501,-0.603592,160.855157,72.512101,4.455739,0.233391,-0.658875
746,6938,187.492171,-0.370032,-3.390303,30.952713,-1.812168,-1081.908961,-4.128200,200.150973,192.261266,2.777378,1.237565,1.977463
746,6939,173.139201,-0.338727,-4.077139,57.521278,-2.285292,50.487950,-2.864998,303.419871,4.404675,4.213145,0.652310,0.563331
746,6940,245.122653,-0.765069,-2.670292,295.776531,-4.072860,-445.728483,-2.753730,245.240473,-72.917542,4.413340,0.949465,-0.250240
746,6941,288.671239,0.458466,-1.727394,-371.801421,-3.511343,-506.331165,-2.227645,332.585972,120.581461,4.177552,1.453734,-2.245328
747,6942,4.138477,-1.468475,-3.088860,-3.740331,-2.046162,-4.003224,-2.909848,1.825061,0.389494,2.989828,0.996729,-3.132421
747,6943,2.660702,-1.856031,-2.629917,1.814934,-0.673947,-0.457500,-4.102017,1.423953,0.301554,2.962083,0.870060,-0.182903
747,6944,1.320202,-1.514560,-2.882803,0.840395,-0.045057,-3.942585,-2.283288,2.416401,1.427105,2.796555,0.520069,-3.234324
747,6945,2.945105,-2.410010,-1.345473,1.538168,-2.751549,-0.666588,1.011630,2.385985,0.503182,3.497277,1.550721,0.362427
747,6946,2.439414,-1.750362,-2.197556,4.057143,-0.583693,-2.505315,-2.805321,1.418402,0.602595,2.872311,1.815051,0.350031
747,6947,1.414882,-1.958023,-1.344632,1.488639,-0.826228,-2.882036,-3.544196,3.156584,-0.093601,2.658871,0.033551,-1.838820
747,6948,4.012085,-1.634211,-2.018193,-2.195391,-1.641023,-4.777796,-4.104062,1.331422,0.283936,3.262336,1.669937,-0.792936
748,6949,2.365277,-2.280697,-0.806310,3.467793,-0.042839,-2.055021,-3.154529,4.501163,0.839667,2.766062,1.015186,0.811708
748,6950,2.459919,-1.359798,-1.668319,2.802175,-0.016962,-6.012283,-1.339131,2.159399,-0.169165,2.948382,0.528694,-0.430286
748,6951,3.220751,-1.466506,-3.617505,0.891061,-0.628073,-1.302804,-0.549020,3.727147,0.477680,2.123544,1.151944,0.513260
748,6952,2.331581,-2.191097,-2.727536,-1.278556,-0.192626,-4.759078,-3.548081,2.322754,0.719388,3.267722,1.332324,-1.091131
748,6953,3.637895,-1.439772,-1.398817,-0.130151,-1.884753,-3.194684,-3.878692,3.420754,2.092760,2.668414,1.633541,-1.546720
748,6954,2.483837,-1.945624,-2.926282,0.662980,-0.216589,-1.509156,-2.494448,2.508314,0.159665,2.725122,0.989777,-0.309387
748,6955,1.515831,-1.336932,-2.211691,0.309187,-0.915791,-2.700950,-2.167693,1.020374,0.503053,2.331468,0.939014,0.733079
748,6956,2.031053,-0.878245,-3.044652,2.255837,-1.825749,-1.295849,-1.713636,1.907293,1.169018,3.429466,0.885789,0.236508
748,6957,1.765429,-0.844544,-3.500904,3.338584,-0.959014,-1.614993,-2.000699,0.774110,1.532572,3.190768,1.128929,-0.226891
748,6958,1.589370,-1.186612,-2.732604,0.692766,-0.417116,-3.300267,-0.921085,3.661943,-0.092370,2.909273,1.271819,-0.464680
749,6959,2.192084,-1.163173,-1.655149,0.609729,-0.138491,-0.221411,-2.316922,3.014780,-0.729988,3.379270,1.037001,-0.069638
749,6960,2.364067,-2.551185,-3.138942,4.149673,-0.508383,-2.074588,-1.085900,1.547141,0.776280,3.013987,0.686132,-3.377753
749,6961,1.447460,-0.966054,-3.186157,1.777870,-0.419675,-2.206738,-3.110402,1.083932,0.823233,3.576233,1.571241,-1.233538
749,6962,2.352008,-1.832870,-2.297479,0.964151,-1.288642,-3.015027,0.430685,2.534613,1.144577,2.612531,-0.078415,0.474056
749,6963,1.522667,-1.475509,-1.586508,0.041655,-2.041284,-1.715100,-1.952771,2.442001,1.295081,1.580897,1.751077,-1.212309
749,6964,2.061056,-1.594936,-2.904286,-0.126705,-0.925005,-4.503535,-0.488094,2.200734,0.828502,1.856004,1.436019,-0.548106
749,6965,3.075003,-1.958773,-1.327818,0.593988,-0.630327,-3.727408,-2.076392,1.935510,0.741566,3.387960,0.768676,-2.522009
749,6966,0.364630,-1.889210,-2.256438,2.680300,0.653643,-1.040634,-2.917045,1.399878,0.987282,4.051805,0.048923,0.725255
749,6967,2.650994,-1.877872,-2.273125,1.301420,0.114241,-1.717404,-3.672468,2.670329,1.202616,3.300484,0.394446,-0.090629
749,6968,2.543776,-1.247368,-0.720837,0.419161,-0.912245,-5.021474,-0.684369,2.594899,0.796350,2.946610,1.287372,-1.194690
750,6969,1.290839,-2.523488,-2.087402,-0.767904,1.242027,-3.917227,-2.151392,1.921962,0.609684,2.547986,0.656193,-2.284036
750,6970,3.326946,-0.815068,-1.742903,3.611426,-0.362918,-2.628294,-2.139273,2.413871,0.683329,2.362467,0.993384,-0.565887
750,6971,2.171952,-1.850465,-2.379750,1.445955,0.300266,-4.315145,-1.317061,4.519336,0.588733,2.941385,1.528568,-0.291858
750,6972,1.733575,-1.362613,-2.276735,-1.126228,-0.578574,-2.240017,-2.468546,1.693726,-0.478857,3.198462,1.529576,0.308512
750,6973,0.770642,-2.612238,-2.180612,-0.855700,-0.808611,-4.281890,-0.610441,2.300443,0.866187,3.246016,1.140584,0.803825
750,6974,3.185321,-3.141141,-1.902365,1.268616,0.196962,-1.997560,-2.868777,1.132678,0.197530,1.742737,1.356822,-0.487123
750,6975,2.644883,-1.775520,-2.078310,1.287149,-0.196729,-1.715984,-2.511442,1.253013,0.025494,3.741378,0.673172,-3.366285
750,6976,2.561591,-2.991284,-1.584580,2.101302,-0.818380,-2.786636,-1.306804,0.903753,0.532814,2.455147,1.572010,-1.717586
750,6977,1.382773,-2.070543,-2.619189,0.531599,-1.798943,-2.810151,-0.881595,3.328176,0.894320,2.612924,1.037553,-1.344139
750,6978,1.855722,-2.458015,0.180541,1.320444,-0.744814,-0.125801,-0.244919,2.938568,1.194766,2.295208,1.087007,-0.628795
751,6979,2.386090,-2.705879,-3.432879,0.720392,-0.500570,-3.746282,-2.154187,2.903513,-0.008548,2.388358,0.486438,-2.056498
751,6980,4.736026,-2.849933,-1.697816,1.184292,-0.088246,-0.776215,-2.794679,0.911911,0.257577,2.763572,0.481976,-1.717087
751,6981,2.442452,-1.706871,-2.857972,3.151565,-1.711206,-3.003686,-0.889436,2.720079,0.368981,3.063732,1.010414,-0.557937
751,6982,3.081750,-2.202834,-0.343301,0.401345,0.210259,-2.208166,0.297271,1.809335,0.779074,3.496328,1.296764,0.209235
751,6983,2.375953,-1.747444,-3.164798,0.230172,-1.693293,-0.582380,-3.756704,3.538800,-0.088325,2.546470,1.869966,-0.839049
751,6984,1.505675,-2.068765,-2.663477,0.757758,-1.791873,-2.714365,-2.573911,3.111246,0.813871,1.957275,1.216776,-1.868933
751,6985,2.600353,-0.667830,-2.493686,1.243206,-0.428862,-2.263371,-2.442757,0.612503,0.410275,2.596239,0.592572,-2.245034
751,6986,2.318889,-1.520550,-2.748575,-0.387415,-0.823876,-0.870173,-2.464434,3.073291,0.569762,3.110448,0.918784,-2.884385
751,6987,0.861845,-1.723168,-1.383683,0.813532,-0.199733,3.068049,-0.970545,2.398071,0.286084,2.263490,1.688773,-0.567583
751,6988,3.651514,-2.260686,-1.988325,-1.549097,0.191814,-3.913388,-3.405953,3.055927,0.357305,3.359115,0.772118,-1.999417
752,6989,201.508818,0.034255,-1.574174,-184.082734,-2.691662,-624.713670,-3.396099,255.164231,-142.569517,4.258959,1.577982,-0.264457
752,6990,137.853835,0.995823,-3.448912,261.443217,-3.985610,-454.946405,-2.773693,259.446566,114.673553,4.031095,1.675587,-0.400433
752,6991,182.257111,-0.862661,-3.577325,428.561663,-4.038029,-339.446977,-3.430269,313.323344,357.932625,4.319059,1.146690,-0.926517
752,6992,210.397372,-0.948281,-4.059971,187.263585,-4.839548,-474.524568,-2.704450,401.049215,268.560646,4.547803,0.943827,-1.982685
752,6993,153.204000,0.177825,-1.842629,-457.192835,-4.136811,-213.671671,-4.295648,347.055177,-2.583484,3.918959,0.415817,0.087171
752,6994,186.442234,-0.211923,-2.160807,-117.273002,-4.153127,-428.807821,-3.077318,134.431951,78.900277,5.150031,0.867962,2.448381
752,6995,87.255366,-0.596985,-4.083101,289.840598,-2.971684,-812.528570,-2.679166,209.921349,255.907576,4.908893,0.630330,-2.996908
752,6996,128.280469,-0.296873,-3.963009,32.929433,-2.159497,-830.978170,-5.906906,179.138877,-164.646431,2.965454,1.046882,-0.666116
752,6997,70.363632,-0.894429,-3.554759,539.712056,-1.944987,-1324.025725,-2.756012,153.500287,73.767654,4.794196,1.419195,-1.443321
752,6998,194.958553,0.680437,-2.313569,-377.398294,-3.998632,-755.407886,-2.384082,343.754071,-36.779034,4.086987,1.291269,0.451817
753,6999,3.494187,-3.621898,-1.828096,3.949389,-0.713287,0.093514,-3.328411,2.677837,1.553377,3.172786,2.599294,-1.967940
753,7000,2.414417,-0.922845,-3.751921,2.231624,0.520219,-5.115718,-3.793969,1.599296,0.508012,3.410360,0.417890,-1.169155
753,7001,3.323786,-1.013296,-1.444936,1.239407,0.615191,-0.205609,-1.875488,1.730287,0.088941,2.044146,0.427647,-0.993595
753,7002,0.687756,-1.208984,-1.553758,-0.879874,-1.370943,-0.581473,-3.597319,2.726061,0.571623,3.463068,0.850506,-0.524215
753,7003,3.127306,-1.672328,-1.595084,1.293732,-1.240117,-2.614298,-2.348729,3.101851,0.151115,2.026273,0.191372,-0.211627
753,7004,2.028183,-1.838995,-4.075770,0.264637,-2.449886,-3.578112,-4.130323,2.611515,0.738864,3.115915,1.599982,0.671357
753,7005,2.645548,-1.795641,-2.086543,1.187726,0.214366,-2.652484,-3.894327,2.791121,1.093052,3.312193,1.110880,-1.214246
754,7006,113.762800,-0.062113,-3.466576,80.638395,-4.354208,-399.633145,-1.733136,247.757501,-35.227274,4.118725,0.347931,-2.034642
754,7007,146.857741,0.369941,-3.221944,-190.670180,-3.474921,104.451905,-1.536052,129.992607,20.585930,5.257812,0.601632,-1.514446
754,7008,53.787739,-0.388283,-3.762793,-69.510021,-3.348921,-825.771570,-2.682763,251.644473,4.433089,3.956761,1.440542,0.325274
754,7009,73.652537,-0.551427,-1.285440,68.083170,-2.940713,-945.293899,-2.481874,275.020068,92.680629,4.940810,0.690481,0.128102
754,7010,184.077600,-0.725929,-2.085653,-219.038755,-4.644643,-225.935811,-2.019782,443.031547,105.622992,3.153984,0.865745,-0.488746
754,7011,211.571189,-0.014167,-1.418990,179.790750,-3.455432,-1123.510962,-2.130923,260.964610,-107.213653,4.294838,-0.039710,0.616229
754,7012,-1.015735,-0.254705,-4.494561,-52.730705,-2.695227,-572.581602,-3.340985,306.515909,24.129638,3.552946,0.533170,1.055388
755,7013,98.460876,-0.680775,-2.476782,94.479708,-4.858384,-581.619265,-2.829390,328.507185,193.134228,4.063478,1.456624,-0.128661
755,7014,222.536159,-0.522207,-3.053249,219.147581,-3.899615,-1067.249515,-4.772799,417.246671,102.302665,4.621570,1.314781,-0.629096
755,7015,179.479490,-0.454172,-1.834511,-257.199300,-4.265196,-373.709854,-0.177764,248.647842,-1.104313,4.806999,1.488592,-0.918453
755,7016,264.868382,-0.238666,-1.849915,149.338442,-4.106086,23.766055,-1.625719,132.057190,85.015265,2.986501,0.106914,-1.955300
755,7017,52.521866,-1.203237,-2.725889,536.290290,-3.121192,-6.361576,0.322488,79.084484,96.233268,4.036247,0.621183,-1.897720
755,7018,284.305028,-0.086732,-2.629184,139.650613,-4.309875,-806.168539,-2.755556,378.209505,94.972315,4.647016,1.687275,1.890849
755,7019,179.891916,-0.018630,-3.749476,40.470442,-3.519711,-964.550245,-1.309056,133.152847,197.336238,4.194514,1.506097,-1.743766
756,7020,2.720566,-2.341169,-1.565211,2.873032,-0.118265,-2.675207,-3.346510,3.009097,1.470443,3.758500,1.150945,-1.583789
756,7021,0.753587,-0.791123,-1.802933,0.138722,0.190538,-0.847006,-3.519356,2.180052,0.717788,2.932791,0.330390,-1.680763
756,7022,1.608419,-1.818102,-0.645261,0.720804,-1.683482,-3.640875,-3.300980,1.932864,-0.291298,3.370394,2.463560,-1.711772
756,7023,2.626682,-0.681372,-0.785094,-0.987100,-0.107210,-6.179557,-4.201441,1.636022,0.641145,2.473163,0.447444,0.668959
756,7024,1.864185,-2.654674,-2.724857,1.081581,-0.328506,-3.790812,-3.529287,1.362407,-0.040206,2.998749,0.533873,-1.234791
756,7025,2.901550,-2.886875,-2.666998,2.070890,-1.063257,-2.752155,-1.594517,1.595973,0.819643,2.838105,0.839343,-2.082687
756,7026,1.405098,-2.472703,-2.479714,1.143122,-0.178983,0.355488,-0.864379,3.973332,0.295419,1.951371,1.572496,-2.006535
757,7027,2.940139,-1.963133,-0.826554,-0.499865,0.599240,1.606252,-2.328474,1.681753,0.102858,3.859227,1.285125,0.111104
757,7028,4.979325,-2.133767,-1.018516,0.787436,-1.179025,0.415312,-4.034124,1.679645,-0.047726,3.003495,1.403566,-1.129362
757,7029,3.383614,-2.221638,-2.014175,2.127807,-1.155567,-0.757213,-1.115125,2.037314,0.111858,3.335098,1.746384,-1.210550
757,7030,1.687271,-2.358095,-1.718806,1.063758,-1.011491,-3.247882,-1.892703,0.749859,1.519013,3.503472,0.496648,-0.763602
757,7031,0.858740,-2.213203,-1.632211,2.056103,-0.912383,-1.924275,-2.483399,1.493163,0.334721,3.124648,1.251166,-0.214575
757,7032,3.812069,-2.502840,-2.660923,-0.839729,-0.973916,-3.237965,-2.709791,2.354843,1.043859,2.419405,0.466211,-2.993152
757,7033,2.116990,-1.310735,-2.190986,2.466889,0.270204,-2.437382,-0.888562,2.017683,-0.310142,2.277862,0.831398,-0.784603
757,7034,2.877071,-1.151536,0.639372,-0.035554,-1.353797,-0.427825,-1.599759,0.519460,0.622632,3.341343,2.142892,-1.056878
757,7035,2.415459,-0.862521,-2.121570,-1.924060,1.461165,-3.501122,-3.531164,1.978640,-0.087127,2.937034,1.418048,-2.037458
757,7036,2.727212,-1.515509,-2.695652,-0.310898,-0.273654,-0.865121,-3.047458,2.166628,0.088953,3.766951,1.796057,-0.967639
758,7037,196.951842,0.318706,-2.215500,-20.876521,-3.408667,-1014.731488,-3.842892,130.858177,316.857226,4.111769,0.452570,-0.117731
758,7038,225.369127,-1.153719,-1.878278,281.011461,-5.229860,-996.489913,-3.334847,150.818367,65.168311,4.954893,1.660790,-0.583065
758,7039,86.046611,-1.037133,-3.645951,529.932731,-3.161953,-1112.967363,-1.354873,246.235793,286.645140,5.742550,0.735223,-1.476353
758,7040,175.173046,0.405187,-3.248344,576.764491,-3.674982,-314.455934,-2.597865,291.170070,158.854105,4.777342,0.442655,0.377666
758,7041,159.790998,0.169805,-3.270329,144.646927,-3.142145,-797.842597,-1.870361,449.009255,327.730756,3.526435,0.595591,1.212080
758,7042,213.420034,-0.993625,-2.569319,225.460464,-4.009272,-1550.361190,-0.850551,229.074694,52.223281,4.790442,1.131465,-0.565936
758,7043,94.771261,0.123875,-3.319292,121.195628,-3.489027,-442.898914,-0.643182,92.341808,-124.219364,4.956107,0.834125,1.311077
758,7044,116.542487,0.378399,-3.117593,205.367921,-2.581655,-537.162554,-2.477303,400.768326,250.797120,3.553057,-0.545996,-0.814734
758,7045,150.530335,0.026872,-3.699166,340.136588,-2.460781,-895.952484,-5.765639,371.116960,-62.249795,3.161600,0.871098,0.276354
758,7046,159.654240,-0.179211,-2.347657,246.296087,-3.145009,-1366.598083,-1.797235,192.215157,35.280749,3.182128,1.054367,-0.705277
759,7047,203.260644,-0.088158,-1.804008,571.386131,-3.968910,-569.408079,-1.528866,227.354476,-61.146056,4.796177,0.596050,-0.703249
759,7048,171.576065,-0.200617,-4.000578,-208.616334,-1.855003,-1068.777647,-4.611317,180.694122,-20.268361,4.885856,0.675775,-0.505906
759,7049,203.463787,-0.605676,-3.019980,373.405646,-2.752450,-365.425566,0.169584,580.222777,180.367039,4.523394,0.950401,0.172821
759,7050,221.523087,-0.045140,-4.081385,348.694592,-4.980348,-282.396605,-2.824013,367.339103,224.563454,4.283123,0.543415,-1.321446
759,7051,209.875394,-0.696550,-2.978304,-261.684549,-4.417208,-318.871546,-1.068810,203.376198,-133.722704,3.672155,1.073210,-0.416284
759,7052,240.281388,-1.037441,-3.004489,126.697666,-2.990322,-743.497907,-4.041658,227.479541,69.577841,4.035814,0.962622,0.189494
759,7053,183.535512,-0.102224,-3.493286,167.299097,-2.855318,-1018.252591,-4.096426,272.044850,110.646669,3.933562,0.426792,-0.140771
760,7054,260.107048,0.500421,-3.558779,-221.488435,-1.556946,-770.587412,-2.795699,506.118317,36.896743,5.582109,0.746588,1.414240
760,7055,212.279882,-0.182093,-4.051652,298.076295,-2.188070,-920.533433,-4.230039,142.245163,232.401793,5.144272,2.742208,0.491888
760,7056,222.855938,0.784349,-3.187392,456.205214,-3.557838,-1198.221049,-3.373364,225.662043,130.070422,2.959484,2.439918,0.282227
760,7057,254.855766,-0.972331,-2.849664,459.795727,-2.546980,-738.653326,-4.028521,273.721707,-74.947980,4.692156,0.659302,1.225044
760,7058,49.934549,0.193773,-2.687293,152.249926,-3.868041,48.738781,-0.928658,194.628068,178.732154,4.821616,1.086580,-0.532093
760,7059,159.730499,0.374118,-1.040940,388.991937,-2.093615,-865.820555,-1.946548,284.446449,-103.005942,5.350418,1.257197,-2.188505
760,7060,206.122142,1.013101,-3.246470,247.945268,-3.142073,-1534.630380,-4.331262,319.152354,181.734797,4.126906,1.073305,0.336495
761,7061,2.727914,-2.605133,-1.305412,3.383641,-1.652261,-0.817653,-1.159038,2.376509,0.589622,2.590544,0.693599,-0.477576
761,7062,2.566499,-1.436787,-2.705702,-1.624003,-0.640821,-3.788845,-2.389702,0.874308,-0.218228,3.705002,1.476660,0.622582
761,7063,2.075755,-2.802869,-3.337140,-1.025679,-0.399232,-4.698325,-3.463874,3.994728,0.606401,3.147694,1.112070,-1.578728
761,7064,3.167679,-2.026671,-2.468368,-4.180935,0.424969,0.124270,-2.489133,1.388091,0.399747,2.269793,1.161438,0.585698
761,7065,1.339047,-1.899110,-2.185511,0.490281,-0.071198,-3.846684,0.410938,1.619051,1.123312,3.375739,2.281596,-2.604205
761,7066,2.168307,-2.179200,-3.682807,2.709066,-0.807112,-1.544129,-0.838357,2.336996,0.521994,2.898687,0.975621,0.041148
761,7067,1.994395,-1.529934,-1.813181,-0.421336,0.411054,-6.476939,-3.149313,2.506082,-0.982572,4.050196,1.604516,-0.516949
761,7068,2.641106,-2.411575,-3.699838,3.379840,0.291172,-4.505056,-0.988699,1.175392,0.184507,1.936140,1.513089,1.683805
761,7069,2.041691,-2.708338,-2.359516,-0.418985,-1.104135,-2.461690,-2.344116,2.483605,0.053279,2.347604,0.995227,-1.196175
761,7070,3.173049,-1.375459,-1.934592,1.030288,-2.368389,-1.270427,-0.996886,1.145131,0.119379,3.546156,1.028890,-2.321572
762,7071,2.458204,-1.342874,-0.876520,0.240783,-1.590892,-2.845139,-2.567073,2.676575,0.145371,4.179319,0.912377,-0.102482
762,7072,2.593490,-0.439154,-1.408776,-2.085632,-0.943036,-2.123515,-1.204053,2.459688,0.342952,2.435934,1.267696,-0.605074
762,7073,2.696491,-2.538792,-1.953855,-2.390944,0.307822,-3.502556,-3.357206,2.562871,0.684724,2.951951,0.625307,-2.529688
762,7074,1.744528,-2.254688,-1.548618,1.656711,-1.338084,1.328920,-2.619564,2.090657,1.096447,3.486514,1.685792,-0.018731
762,7075,0.851375,-1.558621,-3.734488,-1.066506,-0.951135,-2.044915,-1.763377,1.838736,0.656342,3.543946,0.376960,-3.298004
762,7076,3.764935,-2.062893,-2.046048,1.197683,-1.165838,-2.822331,-1.879376,2.780074,0.259021,3.247971,1.111195,0.022900
762,7077,0.536324,-0.669329,-2.663068,0.258813,-0.259203,-3.271975,-1.212559,0.846997,0.234880,3.528139,0.690252,-0.571932
762,7078,3.701324,-0.734015,-2.371652,3.983801,-0.767318,0.720706,-4.086767,2.639844,0.703494,3.763616,2.025036,-1.335653
762,7079,2.316081,-2.386148,-2.898345,0.394696,0.868736,-2.249061,-0.368299,1.367422,-0.048316,3.229603,1.975801,-1.579418
762,7080,2.774634,-2.146551,-1.793237,-0.519705,-1.196047,-3.438577,-1.218085,2.509562,0.783445,3.651920,0.364390,0.036659
763,7081,2.905605,-2.296469,-3.867962,3.329251,-1.482789,-3.788396,-2.546204,1.752016,0.796220,2.238478,2.008486,-3.009435
763,7082,1.025501,-1.070064,-1.975236,0.363486,0.520263,1.567275,-3.584081,1.229725,0.842308,3.031890,1.292848,-2.481524
763,7083,2.238990,-1.328921,-2.493353,-0.896364,-0.313675,-0.841923,-3.392998,1.546972,0.047402,3.447304,0.659598,-0.480858
763,7084,3.441776,-2.218887,-1.079390,0.166056,-0.640424,-1.809805,-2.129051,1.702071,1.617311,3.154887,-0.248657,-1.077964
763,7085,1.784099,-0.491415,-4.777570,0.013496,-2.465218,-3.169774,-3.011126,1.448809,0.694997,3.278462,1.041329,-3.669572
763,7086,5.066332,-3.054076,-2.390673,1.563555,-0.090330,-1.076049,-0.999598,2.577809,0.477125,3.661262,1.421077,-0.837131
763,7087,0.268936,-1.206081,-0.565623,1.457268,-0.791389,-1.938067,-1.827350,1.563101,0.011696,2.722741,1.367686,0.108669
763,7088,2.890310,-2.533361,-0.535582,-0.130022,-0.432365,-3.154130,-3.809187,2.861585,-0.490714,3.457324,1.419755,-1.017326
763,7089,3.259354,-2.366877,-2.285555,2.330774,-0.991911,-0.906094,0.385738,1.385548,0.112136,2.934029,1.790244,-2.055299
763,7090,2.629330,-2.293306,-1.873295,2.298455,-2.271112,0.351341,-2.501057,2.501697,0.846723,2.821694,1.387295,-2.416398
764,7091,4.647531,-2.242790,-2.171761,3.082783,-1.512661,-3.710755,-2.268233,1.957422,-0.221231,3.495235,0.886400,0.431257
764,7092,3.940246,-1.664862,-1.657672,2.366499,-1.000070,-4.163235,-2.776034,2.692302,1.004634,2.580235,0.613509,-0.999517
764,7093,2.980938,-1.615744,-1.852583,-2.904386,-0.152919,-2.255710,-3.942707,1.660367,-0.585816,2.897611,0.953637,-3.426351
764,7094,2.365087,-2.319346,-1.659955,3.538550,-0.363225,-5.547902,0.474496,2.328294,-0.195501,1.740991,0.424794,0.323951
764,7095,3.265301,-1.381150,-1.636207,1.315994,-0.282626,-2.613690,-1.559115,4.231986,0.329355,3.284877,1.315984,-0.607662
764,7096,2.653508,-1.762576,-1.613548,0.581099,-0.924350,-3.649040,-1.685146,1.637788,-0.655845,3.407343,1.338884,-0.316044
764,7097,2.499774,-2.910325,-0.570054,-0.210128,0.333528,-2.670675,-3.778901,2.342691,1.193319,3.201604,1.840219,0.965036
765,7098,1.900668,-1.249175,-4.086165,0.582224,-0.256075,-2.527874,-3.167190,1.533808,1.036148,3.522345,1.021614,-0.019750
765,7099,1.978306,-0.663248,-1.784268,-0.889387,0.213135,-2.775276,-3.139161,1.492546,-0.587673,2.894612,1.218637,1.202549
765,7100,1.957230,-2.335767,-0.530014,-0.145223,-0.437660,-2.805908,-0.749525,1.948500,0.395343,2.554506,2.276099,-3.329711
765,7101,2.451535,-1.047370,-0.976610,-1.888341,-1.033203,-5.292279,-0.910580,2.272387,0.195182,3.443861,1.371128,-1.646080
765,7102,3.363160,-1.628685,-2.353975,-0.038210,-1.782113,1.096973,-2.278150,1.686525,-0.126893,3.668776,0.387467,-2.367479
765,7103,2.133541,-1.350431,-1.224929,1.002003,-0.187730,-0.095704,-0.193463,2.055363,-0.515625,1.943442,1.931382,-1.283685
765,7104,4.213047,-2.436080,-3.606861,-1.675708,-0.523701,-2.660942,-2.409217,2.621387,0.600182,3.290745,1.225918,-0.184947
766,7105,2.849474,-1.401400,-2.888298,0.336626,-1.131048,-3.107567,-2.631746,2.215569,-0.292848,1.484390,1.832612,-0.977722
766,7106,1.688527,-3.554780,-2.314560,1.460392,-0.457073,-1.894863,-1.267164,1.520434,1.063947,3.138020,0.675992,-3.126517
766,7107,3.253078,-2.196928,-2.173210,1.282901,-0.543025,-0.062319,-3.663129,-0.229952,0.552192,1.544234,1.097926,-0.047661
766,7108,4.920624,-1.237433,-2.725582,0.500788,-0.024275,-0.050160,-3.868034,3.281412,0.458682,2.876283,0.649843,0.307561
766,7109,2.022019,-2.018275,-2.687216,1.616324,-0.946336,-1.965620,-2.168799,1.967466,0.048003,2.351034,1.244473,-1.026138
766,7110,1.258522,-1.470976,-1.153174,2.726190,-1.855416,-4.831053,-4.130743,4.143104,-0.945322,3.101217,0.911667,0.392203
766,7111,2.016062,-2.614744,-2.520441,1.928910,-0.502171,-3.236900,-5.436988,1.435970,0.542195,2.973029,1.568866,-2.117672
767,7112,4.427091,-3.279477,-1.881227,2.874201,-0.027818,-5.261619,-2.106811,2.095750,-0.063562,3.719435,0.403801,0.230037
767,7113,1.845289,-2.354259,-2.451794,0.389671,-0.939530,-1.316117,-1.644076,3.151313,-0.458584,2.243314,1.132615,0.060668
767,7114,1.463609,-2.173707,-2.963389,3.761012,-1.519781,-0.649763,-3.167247,1.064432,-0.735807,1.984641,0.903296,-1.350624
767,7115,2.460546,-2.032162,-3.298341,2.019560,-0.595502,-3.687230,-4.936065,0.924854,0.395760,2.910042,0.514234,0.795809
767,7116,3.987320,-2.075167,-1.215186,-0.350545,-1.503954,-4.231619,-2.474386,1.200512,-0.203510,1.813548,1.525052,-2.101229
767,7117,2.853593,-2.140904,-2.545682,0.612379,-1.168699,-0.934857,-3.644327,3.127142,0.371601,3.516341,0.963181,-2.684981
767,7118,1.250413,-1.942164,-3.036958,0.795468,-1.474413,-1.444674,-1.081608,2.838987,0.983554,2.442340,0.302351,-1.548237
767,7119,0.576239,-2.031051,-1.213378,2.213742,0.510755,1.023757,-2.744915,1.934423,-0.406845,3.049554,0.128287,-0.235815
767,7120,1.395879,-0.872380,-1.103228,5.977082,-1.185718,0.596175,-3.028692,2.102907,0.195783,3.056583,1.044922,-2.726737
767,7121,2.958084,-1.563337,-2.709449,0.586364,-0.452962,0.530474,-1.789447,2.324277,0.845703,3.343911,0.482127,-2.084385
768,7122,3.827768,-2.307513,-0.260481,0.522179,-1.287720,-4.101992,-2.222146,3.911773,-0.031989,3.955114,0.694112,0.957732
768,7123,3.309923,-1.685920,-2.524243,-0.475342,-0.437214,-5.097411,-2.606889,3.285285,0.668863,2.508795,1.651316,-1.671537
768,7124,3.737226,-2.392360,-0.529784,2.937835,-0.063618,-3.397140,-2.020343,3.183751,1.100110,2.768478,1.721281,-1.236859
768,7125,2.836354,-3.348479,-2.232212,0.777493,0.502599,-3.523015,-2.662439,2.340555,-0.082429,2.616120,1.412624,-0.864480
768,7126,1.860357,-1.715937,-0.505643,1.752111,-2.153086,-4.427337,-2.661005,3.728065,0.744760,2.003496,0.552114,-2.862314
768,7127,1.167818,-2.577647,-2.738337,0.182601,-2.060071,-4.086332,-2.160501,1.815660,-0.078526,2.570839,1.814158,1.651115
768,7128,0.917703,-2.660100,-2.083913,1.032624,0.013019,-4.185600,-3.647180,2.005226,-0.076940,2.825129,0.544159,0.325751
769,7129,213.859572,-0.396490,-4.654308,532.992762,-3.792472,-918.520669,-2.855193,219.690859,-99.488749,4.356834,1.564815,-0.984643
769,7130,123.595640,0.071945,-1.547178,-252.691720,-4.104837,-612.159991,-2.072178,150.827975,18.846302,3.840291,-0.149977,-0.166338
769,7131,170.857220,-1.087492,-2.354008,171.162121,-3.654181,-522.303163,-1.941269,112.914332,-45.226961,3.545487,0.528701,-1.006193
769,7132,223.608476,1.371803,-3.064432,-29.980631,-3.722388,288.832325,-1.918000,419.085954,-167.664008,3.897588,0.378693,0.142100
769,7133,195.945263,0.233580,-3.801911,-79.327603,-3.263830,-441.827846,-1.199712,371.544888,-83.995732,4.197952,0.821179,-0.994459
769,7134,137.686816,-0.647558,-1.491370,157.370368,-1.967816,-624.449909,-2.445274,294.998250,159.043342,3.284426,0.412471,0.300810
769,7135,130.580667,-0.499246,-3.342403,116.149611,-2.328121,-353.644619,-1.646622,380.311910,12.047402,4.810200,0.507583,0.294386
770,7136,1.918484,-2.009334,-1.600234,-1.513147,1.169586,-4.877057,-2.956705,2.805931,0.153023,2.400670,0.825588,0.025849
770,7137,2.633524,-2.445254,-1.808156,1.878371,-1.025403,-5.287407,-1.737366,2.313833,1.156957,3.174739,1.525787,-2.246349
770,7138,1.514142,-2.657355,-3.061107,-1.855706,-0.943949,-3.540196,-2.686613,2.685267,1.170556,2.222893,0.081782,-1.114375
770,7139,2.628121,-2.597046,-3.623224,2.077540,-1.012463,-5.240312,-1.704363,3.231168,-0.152014,2.952399,0.640421,-1.630371
770,7140,1.985796,-1.644594,-1.656893,-0.459261,1.096502,-3.101969,-2.840806,2.051207,1.105960,2.346559,1.280115,-3.117499
770,7141,3.813329,-3.148434,-2.949425,3.124551,-1.386250,-3.834480,-1.766937,3.318784,-0.062232,2.858499,0.774414,-2.624899
770,7142,2.876010,-2.135890,-2.632938,2.991741,-0.008449,-0.272553,-1.786898,1.625334,1.250870,2.902738,2.227865,-0.142541
770,7143,2.575758,-1.201323,-1.906553,-3.033837,-1.073784,-2.869345,-1.948413,2.833972,0.122445,3.958468,0.627482,-0.732216
770,7144,2.657963,-0.896290,0.146382,-2.087129,1.123775,-2.221501,-2.599962,1.876520,-0.673274,2.847029,0.757101,1.032685
770,7145,2.406462,-3.644165,-2.644967,1.447369,-1.645050,-0.542289,-2.337619,2.815430,-0.084008,2.704324,0.673345,-2.233145
771,7146,1.695513,-2.970609,-3.367573,2.785300,0.965565,-2.548670,-3.757881,1.758139,1.233477,3.180630,0.698324,-1.143534
771,7147,3.124391,-1.472979,-2.256480,1.125741,-0.818840,-3.386898,-4.050264,1.282772,-0.507584,2.491151,1.483673,-1.069018
771,7148,4.051947,-1.154993,-1.791953,2.464260,0.206286,-1.990992,-3.499625,2.146508,0.900546,3.236610,0.221726,0.542237
771,7149,3.060925,-1.892675,-1.911083,1.517764,-0.399410,-1.711011,-1.464991,3.032372,0.890218,2.901964,0.808122,-0.474373
771,7150,3.387952,-2.367310,-1.498492,0.497877,0.167701,-4.415925,-1.941948,2.216366,0.619025,2.948537,1.382886,-1.557192
771,7151,1.768979,-3.930730,-2.420786,0.565605,-0.227561,-1.110983,-3.476221,1.294081,1.057880,2.792597,0.744808,-1.598936
771,7152,3.721097,-1.738742,-4.276440,-1.483326,-0.833343,-0.318631,-1.022066,3.140114,0.575830,2.946074,-0.303198,-1.715034
771,7153,3.113374,-2.879474,-2.412136,0.561069,-1.192651,-3.313331,-1.925644,3.946905,0.408101,2.435206,0.390079,0.643641
771,7154,4.329860,-1.533806,-1.769249,2.385216,0.049067,-1.021302,-2.955478,2.220778,-0.378835,3.210246,1.122454,-2.693037
771,7155,1.316318,-1.424171,-2.665608,2.171364,-0.469405,-1.849422,-2.250174,2.722711,0.220223,2.771001,0.662761,-1.636288
772,7156,3.441530,-2.671628,-4.300698,0.313397,-1.025894,-3.436601,-1.425966,1.103117,1.058819,3.367031,0.541258,0.527808
772,7157,1.888079,-2.903481,-3.163427,1.536487,-1.815896,-3.477716,-1.134335,3.457818,-0.906229,2.957968,1.232904,0.638880
772,7158,1.243025,-1.997344,-0.881316,1.452463,-0.167924,-2.222467,-2.622860,1.766354,0.001040,3.258734,0.849998,-0.011423
772,7159,0.977322,-3.070776,-1.962214,2.776104,-1.063925,-4.757878,-3.163180,2.473791,0.516536,2.789816,1.445182,0.007761
772,7160,1.743180,-2.531407,-3.118403,0.143097,-1.728687,-4.995896,-1.403662,1.511466,0.210453,2.781979,0.554240,-0.407111
772,7161,3.936328,-1.733084,-1.142456,1.809862,-0.789955,-2.821427,-2.213346,0.751012,-0.107566,3.026917,0.708014,-2.976306
772,7162,2.832792,-2.491067,-1.285451,0.583272,-2.023455,0.034273,-2.899256,2.108936,0.746936,1.724213,2.325028,-0.020767
773,7163,2.912259,-1.367630,-1.838222,-1.855207,-0.202889,-3.670339,-0.133628,2.253545,0.703421,3.037500,0.079911,-0.706471
773,7164,1.477700,-2.133951,-1.409727,3.914744,-0.210226,-3.653985,-1.648713,1.701229,0.476216,3.404376,1.713938,1.739258
773,7165,1.148327,-2.077872,-2.475952,-0.655490,-1.995569,-2.110723,-4.490843,3.103792,-0.283188,1.991667,0.536647,-0.499203
773,7166,4.094635,-2.887947,-1.981369,0.718959,-1.039523,-5.970594,-2.001073,2.180409,0.177196,2.642386,1.237742,-1.458905
773,7167,2.673333,-2.204342,-2.218478,2.013671,-0.403042,-0.791195,-2.970755,3.417933,-0.201299,4.385245,1.078291,-1.725825
773,7168,2.953358,-1.659912,-2.656004,0.610793,-1.186082,-1.125881,-2.442585,2.165272,0.854716,2.878430,1.108153,-2.584901
773,7169,2.462051,-2.000300,-2.776735,1.361991,-1.125984,-5.789299,-3.034959,2.316961,-0.596287,3.066084,0.722623,-2.899428
773,7170,2.554933,-2.850038,-4.605822,-0.410491,1.497388,-5.618661,-2.005070,2.002201,0.360749,2.472225,1.134628,-0.754199
773,7171,0.121712,-2.067646,-2.623205,-0.960844,0.438234,-3.553368,-3.430387,1.390935,0.860585,4.181727,1.148685,-2.032941
773,7172,2.803559,-1.509276,-1.270858,0.971264,0.480877,-4.603789,-3.760003,2.639680,0.600007,2.270738,1.606792,-2.102291
774,7173,94.743836,-0.209322,-3.216386,363.077947,-3.828582,-623.076978,-3.964550,339.788479,276.657945,4.459580,0.691695,-2.482968
774,7174,127.039748,0.083765,-4.189380,499.449416,-3.561119,-184.888388,0.267685,209.571045,191.249448,3.134195,1.060187,-0.831040
774,7175,114.612176,0.938487,-2.035743,-225.688831,-2.507044,-1292.866970,-1.331716,239.914674,31.691543,4.670241,0.548299,-0.434400
774,7176,253.667704,0.408745,-2.063781,86.628454,-3.287719,-495.019452,-1.316639,260.821596,174.778190,5.092111,0.138558,-1.454861
774,7177,140.065276,-0.603325,-2.524851,137.598462,-2.255985,-973.211456,-3.278516,85.956988,190.351859,2.957080,0.912852,0.616344
774,7178,298.399728,0.968800,-1.620652,392.397464,-2.345656,116.692413,-2.788007,115.821367,-73.598256,3.855771,0.813754,0.848711
774,7179,296.003284,-0.078375,-2.612870,-453.803417,-2.665008,390.119063,-0.985853,373.789073,-21.325774,3.309813,0.193605,-0.647820
774,7180,154.107574,-0.257253,-2.702321,79.823257,-5.151172,165.726889,-3.235966,334.621130,46.907625,3.880932,0.933320,-3.195861
774,7181,210.040528,-1.101459,-2.874493,-176.977971,-1.598737,-1058.596960,-1.479059,175.568792,-140.866902,3.440639,1.263693,-0.639626
774,7182,130.124779,-1.696359,-3.203490,-319.779159,-1.678937,-1676.669659,-3.619083,276.850013,-51.557531,4.226127,-0.176620,-1.562933
775,7183,197.279934,0.420489,-2.245451,275.187616,-2.916830,-826.206768,-2.967616,169.289700,-37.444690,4.460349,0.392131,-1.992426
775,7184,147.417213,-0.901157,-3.417200,294.775135,-3.707204,-1037.279123,-3.767515,200.450087,232.336120,3.505930,-0.138270,-0.003268
775,7185,92.702672,-0.357379,-3.360881,132.881493,-2.837740,-1260.599759,-1.604672,325.054949,11.964356,4.276271,0.716959,0.913458
775,7186,125.808779,1.712551,-0.987112,223.412748,-3.499960,-809.537981,-1.943704,155.654938,-37.876456,3.648690,0.515221,-0.288351
775,7187,179.861041,0.289754,-4.382838,345.371788,-4.239870,-678.567049,-0.125754,194.488311,49.759806,3.608018,0.788696,-0.457529
775,7188,203.044695,-1.036223,-2.772587,-50.295567,-3.334261,-311.950110,-3.370838,292.667496,181.561222,3.965024,0.870282,0.910507
775,7189,222.019389,0.595418,-3.596254,-83.315257,-2.917499,-217.077255,-0.403762,199.908404,182.192609,3.717739,-0.062164,-1.697699
776,7190,197.418917,-0.124202,-2.779850,-41.318471,-2.419883,-1326.663917,-2.762748,162.335736,93.756497,4.677441,1.317548,1.413635
776,7191,177.370571,-0.357380,-4.912001,111.071055,-5.209570,-999.875930,-3.448670,272.861977,-86.640192,4.712542,0.367793,1.414272
776,7192,119.562094,-0.855435,-3.418587,-436.489804,-4.618118,-911.073217,-2.219879,247.104840,132.549838,4.521628,0.557632,-0.058210
776,7193,73.238948,-0.524249,-3.185502,-278.312697,-2.035574,-541.915277,-0.942478,112.892276,222.621990,4.275695,1.475870,-0.606828
776,7194,206.574458,-0.878922,-2.169758,385.499509,-4.077392,-557.150800,-2.507247,71.094757,122.055764,5.116855,1.181981,0.559943
776,7195,252.613396,0.791336,-4.291302,164.936394,-2.706116,-306.017788,-3.799385,386.669652,218.736343,3.520348,-0.445761,-0.588011
776,7196,266.040083,-0.425351,-4.409328,-42.400786,-4.784869,-1379.786698,-0.049638,404.853144,82.223974,4.849230,1.518564,-1.035996
776,7197,128.116110,-0.056244,-2.741065,400.960937,-2.968827,118.484706,-3.096185,183.808010,44.294279,4.376815,0.769769,-0.679976
776,7198,141.576786,-0.246210,-1.432084,-255.820885,-3.078898,-1440.781634,-2.139098,185.505217,160.527601,3.428117,1.166296,-0.115552
776,7199,156.685698,0.258442,-4.420621,36.667447,-4.835969,-1116.008305,-3.202263,336.848447,14.836100,4.333871,1.907868,-0.207343
777,7200,3.325791,-2.496561,-1.070193,1.762427,0.103221,-4.345926,-3.301597,2.708563,0.292781,2.745166,0.569127,-1.973143
777,7201,1.614706,-1.894494,-1.021543,1.082024,-1.241962,-4.847828,-0.510447,2.311879,0.554752,2.714027,0.809127,-1.403361
777,7202,2.626720,-2.050018,-2.917236,0.785971,-0.812199,-1.015573,-2.268884,1.671569,1.270992,3.821140,0.079055,-1.280981
777,7203,3.211152,-1.783572,-2.872888,-1.069820,-0.395696,1.395852,-1.137518,3.487503,0.263276,3.253249,0.844093,-2.726857
777,7204,3.709359,-1.931297,-1.836273,0.271348,-1.541778,-3.862590,-0.990764,1.530914,0.214097,3.427057,1.217680,0.172085
777,7205,2.078392,-2.278389,-1.648346,2.081737,-1.425478,-0.876248,-1.402728,2.250253,-0.182970,3.309005,0.901144,-0.887019
777,7206,1.659944,-2.468524,-2.245413,2.194410,0.012561,-2.691900,-1.377924,1.988141,0.593537,2.669853,1.072715,-1.738228
777,7207,2.047054,-1.498681,-2.885684,0.771699,-1.945395,-1.079872,-1.365152,1.984550,0.378590,3.084300,0.802072,0.908064
777,7208,1.242219,-1.597610,-3.383842,0.250293,0.032305,-3.480249,-2.959772,2.571174,1.283813,3.134858,1.010364,-0.388261
777,7209,3.454679,-2.480771,-2.767699,1.579617,0.360547,-8.124322,-2.490527,2.396098,0.852920,3.067188,0.638623,1.382634
778,7210,1.771141,-2.135390,-1.649304,-0.783848,-0.061674,-4.875619,-0.954732,3.765015,0.838061,3.627226,1.229415,-1.920258
778,7211,2.830328,-1.819436,-3.266377,2.043435,-0.327264,-2.898596,-1.864602,2.312052,0.501338,2.739326,1.803725,-0.551951
778,7212,2.717644,-1.954415,-2.136308,2.840029,0.329870,-1.202734,-2.018698,1.242214,1.101383,1.907652,-0.360683,-3.185309
778,7213,0.081755,-2.113604,-2.541934,1.313931,-2.460416,-2.826184,-1.191016,1.344119,1.056924,4.033340,0.770813,-1.742426
778,7214,3.329847,-1.592067,-2.308299,3.090469,-0.507965,-6.463710,-1.136909,1.683929,-0.394519,3.102112,1.515279,-2.725211
778,7215,0.774590,-2.147187,-1.850330,-1.190528,-0.660821,-3.034634,-4.472499,3.020325,-0.341520,2.401801,0.346057,-0.106070
778,7216,2.732376,-3.294564,-1.960173,0.602736,-0.472563,0.166194,-2.686215,4.050048,-1.367803,3.644981,0.344973,1.421841
779,7217,4.247744,-1.897460,-2.124722,-1.390865,-1.397134,-2.027461,-2.417125,0.889069,0.148555,3.588385,0.160845,-4.503129
779,7218,1.864240,-1.063468,-3.351762,-3.178682,-0.792164,-2.561342,-3.332214,1.280439,0.949184,2.764628,1.116809,-1.265388
779,7219,0.891847,-2.846984,-1.935357,-0.303250,-1.316866,-2.776862,-3.912010,3.053845,0.838859,3.509556,1.608397,1.042695
779,7220,1.149311,-1.954963,-1.735942,3.259987,-0.391058,1.482231,-1.383946,1.294512,0.084210,2.264231,1.258605,-2.957369
779,7221,1.250203,-1.947254,-0.451294,1.772234,-2.510392,-3.031303,-2.416884,1.579902,-0.096589,3.097769,0.817958,-2.481769
779,7222,2.539370,-1.901028,-0.770699,0.004891,-1.086018,-0.331070,-2.487924,3.322587,0.138344,3.664924,1.028119,-2.560728
779,7223,2.148321,-2.759220,-2.838132,1.139272,-0.839374,-4.370258,-3.347164,2.368753,1.207377,3.622065,2.223288,-0.667571
779,7224,2.953497,-1.672226,-2.469844,-1.854039,-2.181133,-4.040773,-1.119050,2.120778,0.582988,2.218008,2.351264,-3.102089
779,7225,3.918881,-2.252643,-2.471237,1.178928,-0.627196,-2.825690,-1.387627,3.199534,0.684077,2.689810,1.933185,-3.285058
779,7226,2.730524,-1.114415,-1.021976,-1.139132,-0.466177,-3.147323,-1.189754,1.546697,2.497962,3.218226,-0.448503,-0.137277
780,7227,4.693845,-1.399923,-2.135378,1.503574,-1.413913,-3.775729,-2.215932,1.611075,1.271532,1.539279,-0.028356,-0.183758
780,7228,2.722528,-0.408456,-2.099715,-0.420356,-1.088723,-4.173311,-0.730765,3.305002,-0.446730,3.842824,1.341297,0.640424
780,7229,2.471434,-1.220302,-1.972628,2.321489,-0.742604,-2.834278,-4.239654,2.349249,0.541120,2.571158,1.434038,-1.397137
780,7230,1.439962,-1.354627,-1.215853,0.442284,-0.701207,-0.345521,-2.121869,1.033424,1.375065,2.726373,2.303807,-0.983922
780,7231,3.260975,-3.576958,-3.342932,-0.683236,-1.416582,-1.580686,-2.297960,2.687703,0.078385,3.372087,1.129310,0.141370
780,7232,3.649058,-1.485082,-0.961005,0.180404,-0.510972,-2.888531,-1.078883,2.116984,0.306542,2.070103,0.925450,-1.560550
780,7233,2.505326,-1.875347,-1.191281,3.795087,-0.810716,-2.419333,-3.029561,3.180678,-0.535885,2.512276,1.671474,-3.732147
780,7234,4.229331,-2.240376,-1.460655,-0.850561,0.226189,-4.271809,-0.618870,1.831765,1.234222,3.285607,1.532367,-2.523237
780,7235,2.129269,-2.220239,-1.822730,5.062179,-2.442279,-2.455563,-3.003389,1.678099,1.930080,3.669901,0.766711,-1.612762
780,7236,3.557093,-1.558714,-2.242191,2.173435,-0.780967,0.290591,-2.956814,2.215926,0.724509,2.410200,1.458130,-1.136524
781,7237,2.426303,-2.300460,-3.739083,-0.271515,0.080753,-2.142221,-2.866711,2.066018,0.889620,3.585576,1.779970,-2.843981
781,7238,0.979293,-2.165272,-1.547560,1.056409,-0.012543,-4.351108,-1.292169,2.865091,-0.583288,2.710966,1.392555,0.224370
781,7239,2.807305,-1.001617,-3.807485,-0.194790,-0.185555,-2.222061,-3.702984,3.327759,0.509457,3.227931,1.230524,-2.730359
781,7240,1.290587,-2.188714,-1.110510,-0.377524,-2.101926,-3.027911,-1.804804,2.507873,-0.031757,3.513383,0.699831,-2.611081
781,7241,1.354695,-1.469408,-3.616080,4.505382,-1.119681,-2.397301,-2.221721,2.378144,0.045085,3.353596,1.137294,-1.627169
781,7242,3.753811,-3.047999,-1.355095,1.129399,-0.401797,-0.276779,-2.416528,2.419588,0.029457,3.696747,0.137704,0.959057
781,7243,2.985709,-1.320057,-0.959024,-3.521710,-0.056456,-2.491367,-4.898804,2.383294,1.467457,3.249282,0.902237,-0.960834
781,7244,2.007720,-1.566925,-4.316265,2.150403,0.690431,-4.103735,-2.790102,3.470451,0.661947,3.308963,0.868655,-2.262938
781,7245,2.275836,-2.502786,-2.083644,0.937597,0.407011,-0.014167,-3.835278,1.771507,0.327005,2.516196,0.430745,-1.717807
781,7246,1.820768,-2.515346,-1.587873,2.713393,-0.997785,-1.994499,-3.700243,3.034334,1.404314,2.992069,1.742910,-0.092436
782,7247,2.409742,-2.948168,-2.281461,2.438538,0.397887,-4.333221,-1.927138,1.505985,1.033050,2.520161,0.022782,0.441619
782,7248,3.137227,-2.567258,-2.309609,2.342658,1.438879,-5.167087,-2.817770,2.384547,-0.113004,2.341313,1.026344,-1.740790
782,7249,3.425869,-2.377468,-4.485422,0.379752,0.462622,0.034482,-2.298744,1.540914,1.009626,3.054815,0.219567,-1.083695
782,7250,2.541376,-3.581063,-2.275212,0.277240,-1.340202,-4.938188,-1.368069,1.887987,-0.336863,3.056012,0.484855,-0.093169
782,7251,1.979483,-1.893745,-1.901982,0.225352,0.822413,-3.941826,-2.693193,1.467443,0.827138,3.686354,1.330040,-1.457916
782,7252,2.186391,-0.744252,-2.202102,1.563617,-3.187177,-1.869266,-1.096424,1.261325,0.756122,2.410252,0.675012,0.272965
782,7253,3.709567,-1.964040,-0.520311,1.194322,-0.829011,-6.227936,-1.128806,3.482568,0.519577,3.457384,0.700581,-1.845532
782,7254,1.824762,-3.452197,-3.043327,3.414958,0.974970,-0.029596,-3.103704,3.274574,0.666784,2.605242,0.616176,-2.612071
782,7255,0.849372,-1.417583,-1.199986,-1.045989,0.020085,-2.453718,-2.336882,1.602117,1.737877,3.335279,0.999794,-0.158323
782,7256,3.232644,-1.883817,-1.441639,4.345459,-1.304485,-1.912186,-4.406118,2.332005,1.024010,3.316728,1.008569,0.608237
783,7257,271.366906,-0.532437,-2.249368,446.992317,-3.307289,-1067.617120,-2.076418,241.613231,-38.849289,4.066288,0.375510,0.910323
783,7258,179.063473,0.411661,-3.229936,200.341965,-3.904348,-1496.250726,-3.160180,247.568821,274.185165,3.941199,0.616036,-1.806489
783,7259,227.108018,-0.091650,-2.495171,-222.910365,-2.755706,-1479.650127,-2.082226,169.322983,140.440008,4.126313,0.392081,-2.117448
783,7260,169.968828,-0.509309,-5.305924,435.046070,-2.482711,-1076.962032,-3.213503,268.801612,108.675455,3.667915,0.427079,-1.281164
783,7261,103.059081,-0.978161,-2.067180,212.016290,-3.484105,-1148.365037,-3.387069,216.707001,-36.163066,3.610865,0.904248,1.884849
783,7262,262.892587,-1.177284,-1.746234,9.742597,-4.076567,-124.553268,-2.515256,247.005846,88.542326,4.547882,0.873233,-0.153014
783,7263,92.769213,-0.142789,-4.327741,-5.566726,-4.727065,409.300411,-3.414681,213.755832,-166.064805,4.812205,0.593709,0.802988
783,7264,194.288301,-0.928831,-4.117579,389.095581,-4.082343,-1104.920745,-3.483080,361.173157,-128.866315,4.191094,0.819676,-0.195255
783,7265,119.765923,-0.287369,-4.142340,99.959724,-3.735321,-577.841873,-2.198682,233.122826,126.468062,3.743686,0.988874,0.686840
783,7266,262.066491,0.102242,-3.344736,254.516107,-2.929522,-423.545306,-0.684310,306.785250,85.449590,3.711897,0.731819,0.073461
784,7267,158.225569,-0.589385,-2.912347,98.587154,-2.869136,-180.144663,-0.733693,355.676844,344.775644,3.738381,-0.461415,-0.531632
784,7268,156.080787,0.994429,-3.055897,150.472507,-2.279439,-913.025397,-1.522799,191.874674,31.988632,3.374241,1.275192,1.618555
784,7269,251.015158,-0.136000,-3.951851,-92.550011,-1.978268,-1050.773966,-0.825468,341.239739,-99.634694,4.526050,0.879848,-0.291792
784,7270,113.740637,1.346314,-2.789321,246.915411,-3.012111,-888.805965,-1.795324,186.346871,148.734070,3.340416,0.587229,-2.209368
784,7271,206.925681,-0.639338,-4.416067,129.049213,-3.003665,-517.612161,-2.493003,196.323233,-57.722776,3.876126,1.026446,-0.371565
784,7272,313.190646,-0.226695,-4.076728,53.174799,-3.593974,-605.562701,-1.309167,163.598653,194.196325,4.796888,1.180043,-1.157318
784,7273,141.659630,0.179239,-4.189793,170.670976,-1.859964,163.686431,-2.761323,130.765325,97.209836,5.140300,0.550942,-1.634286
784,7274,228.537646,-0.164352,-2.485454,-248.060661,-4.487349,-935.591616,-2.901828,284.702287,50.853165,4.174946,0.833373,0.357340
784,7275,54.526863,0.316436,-2.925556,845.057511,-4.142787,-339.975606,-1.472089,324.119386,-33.643126,5.053939,1.133356,1.443364
784,7276,208.109471,-0.672782,-3.870699,220.456393,-2.317255,424.903998,-1.831382,133.978219,223.307420,3.017802,1.655604,1.332918
785,7277,25.368573,-0.137900,-2.623496,-114.914596,-3.608697,-699.790773,-1.869785,223.936646,141.067089,4.297666,0.733353,0.344573
785,7278,117.280317,0.468464,-1.394071,-510.494781,-3.280215,-644.041458,-0.648753,400.772495,214.732087,4.667683,1.587064,0.066981
785,7279,106.630716,0.994160,-3.804066,179.016093,-3.882259,-646.296478,-2.574939,54.970050,9.045139,4.196073,0.825127,-0.561395
785,7280,219.155758,0.427102,-4.636593,114.126472,-2.191383,-195.341799,-3.242916,132.964343,69.315035,4.537500,1.431178,-1.979419
785,7281,153.910792,-0.539353,-4.414500,64.796574,-2.865822,-797.609935,-2.484166,232.502168,-2.307795,4.957403,0.619948,0.283234
785,7282,232.926176,0.721668,-2.338132,194.066783,-2.217900,-58.697282,-3.493869,298.508048,59.281077,4.112937,-0.178441,-0.205008
785,7283,208.177537,-0.667757,-1.485267,-402.202159,-3.748902,-809.618379,-1.857984,184.260986,254.744473,4.723126,1.648955,-0.408277
785,7284,151.276119,-1.465757,-2.502184,-183.174738,-2.384731,324.586579,-3.351359,224.521639,-28.228310,4.435632,0.451322,-0.422943
785,7285,188.152287,0.357247,-2.582822,313.813313,-3.604282,-1135.369357,-2.275112,243.340798,136.238768,3.804687,0.754410,1.989077
785,7286,180.994111,-1.444746,-2.626811,556.810390,-2.285806,-44.890982,0.549591,236.839169,-46.764268,4.605035,1.147957,2.722715
786,7287,2.523655,-1.935687,-3.044368,3.926177,-1.857425,-0.722382,-4.049489,1.410168,-0.221844,3.525343,1.967959,-0.477484
786,7288,1.182051,-1.732162,-3.571604,-1.803755,-1.029988,-2.812569,-0.834888,2.240262,-0.422302,3.994724,1.216523,0.048298
786,7289,0.529212,-0.978429,-2.983187,-2.327249,-0.833905,-0.657213,-1.058448,3.388596,-0.268050,2.457187,0.833785,-0.395797
786,7290,4.040998,-2.401055,-2.022374,-1.435880,-0.277374,-2.805324,-1.742325,1.754239,1.285221,3.286110,1.110311,0.599106
786,7291,2.074533,-2.916071,-2.088305,-0.850770,-1.614028,-3.078316,-3.945449,1.927494,0.160135,2.678238,1.790478,-4.184303
786,7292,1.092818,-2.299458,-1.085356,-0.103297,-1.090915,-4.626875,-1.523906,0.995826,0.757178,2.768949,0.311695,0.114083
786,7293,1.933357,-1.704421,-1.393211,-2.887231,-1.794190,-1.985204,-2.286738,3.789785,0.386555,2.789456,1.103499,-0.660608
786,7294,-0.810698,-1.924713,-0.577816,1.391345,-0.906997,-2.557846,-1.573562,1.854661,-0.052755,1.991646,0.568081,-0.153180
786,7295,1.888267,-3.078069,-3.125577,1.395953,-0.398092,-2.313798,-1.057375,2.077917,1.051653,2.749584,1.333560,1.071978
786,7296,3.104995,-3.145981,-1.957946,-1.331322,-0.878074,-3.374798,-4.583033,2.485187,0.860847,2.665074,0.836213,-1.147336
787,7297,2.472055,-2.403403,-0.346166,0.678468,-0.331669,-2.133839,-2.911438,1.257514,0.336031,3.356845,1.618632,-1.807446
787,7298,0.967624,-1.187127,-2.401710,0.154275,-0.404840,-0.386580,-2.736774,1.134797,-0.051046,2.732892,0.115694,-3.181342
787,7299,0.457173,-1.699875,-1.184001,1.322933,-0.395686,-1.428837,-3.880167,2.287306,0.118855,3.264078,0.798822,-2.718089
787,7300,2.526032,-1.981808,-0.531696,3.286614,-1.353310,-0.892018,-1.024900,2.969487,0.811227,2.545811,1.061760,0.521538
787,7301,1.607942,-0.967573,-3.157538,-0.267027,0.638049,-5.119220,-1.657354,2.813270,0.703940,3.327910,1.614233,-1.922001
787,7302,2.427426,-2.158374,-2.566337,-0.810049,-1.475473,-4.481882,-4.401853,3.126280,0.709997,2.817746,1.569842,-0.489712
787,7303,2.591049,-2.800268,-2.212957,3.588025,1.331779,-5.577079,-3.364486,1.720268,-0.100706,3.592948,1.437967,-0.195777
787,7304,3.034953,-1.728739,-2.225163,1.206650,-1.488874,-4.835500,-0.417730,3.341266,0.836761,3.059870,1.943982,-1.366534
787,7305,3.498127,-2.313395,-1.170251,0.617550,-0.259280,-4.868506,-2.249452,0.514792,0.796785,3.246774,0.812701,-1.016241
787,7306,2.481005,-1.579652,-3.118663,-0.595333,-0.362816,-1.260855,-3.887890,2.938449,0.266307,2.924171,1.199609,-0.695833
788,7307,190.600850,-0.553253,-3.237651,-10.914865,-3.670088,-50.683042,1.336891,196.246382,131.744222,4.052196,0.951917,1.040687
788,7308,185.704099,0.009606,-1.328684,-328.665584,-2.253306,-31.196424,-1.346724,233.530812,-100.517326,3.628591,0.674215,0.736021
788,7309,14.718801,1.549140,-3.264983,-94.037048,-3.485206,-710.671565,-2.014376,169.573854,1.744879,4.818156,0.445650,-1.625555
788,7310,179.811254,0.519342,-3.963065,-7.230260,-2.707943,-1032.665066,-2.735369,253.194184,195.768527,3.975406,0.657942,-0.670059
788,7311,272.472003,0.051814,-3.447495,502.136751,-1.465723,-845.312653,-3.043159,148.619139,115.625441,4.527724,1.391042,-0.553503
788,7312,211.019008,-0.984093,-2.997069,184.005261,-2.653612,-698.229402,-1.228531,198.190939,69.502630,3.916741,1.210656,-0.814102
788,7313,204.027543,-0.624539,-2.062075,-194.928312,-3.277940,-184.242374,-2.544928,177.086209,18.883974,3.865965,0.650459,-0.682884
788,7314,111.498562,-0.047405,-2.034567,-38.130287,-4.165734,-1257.175984,-2.190795,473.585825,-96.170300,3.987345,0.317598,0.898143
788,7315,263.891352,0.582308,-2.304767,-19.992655,-3.361381,-975.857456,-2.046510,199.461665,79.170601,4.319429,1.332940,-0.403421
788,7316,287.363837,-0.537885,-2.695407,141.103362,-1.241695,-740.546108,-0.737515,58.712709,167.457998,4.868902,1.078757,0.473957
789,7317,166.952058,-0.051699,-4.412566,65.652509,-3.318213,-649.948125,-2.665158,390.220015,99.301784,3.815829,0.568741,-0.079065
789,7318,77.271517,0.141919,-3.056746,299.201974,-3.534587,-991.911385,-3.504691,158.432690,162.855281,3.539803,1.176901,0.751308
789,7319,207.928401,-0.898545,-2.789951,-50.818214,-2.403949,-1029.446437,-2.097219,322.753496,191.485722,2.846828,0.272397,-0.253768
789,7320,86.568082,-0.376178,-3.508170,17.380374,-2.615336,-238.602960,-2.581606,359.005220,203.497577,4.446715,0.477482,-1.134096
789,7321,61.360152,-0.361043,-3.216119,-110.857825,-3.614240,-573.918188,-2.099770,247.429727,-45.714685,3.608065,1.601056,-2.141415
789,7322,173.980922,-1.452015,-2.732357,260.310295,-4.342631,-790.034964,-3.263215,474.545744,135.739363,3.269221,-0.025182,1.946225
789,7323,296.500567,0.380923,-2.244624,-21.406293,-4.272991,-501.329015,-3.338727,495.596084,-3.084309,4.766838,-0.381717,0.457121
790,7324,3.532814,-2.430301,-2.546928,1.174008,-0.775765,-1.966806,-1.052632,0.489829,0.061614,2.814454,1.497534,-0.225778
790,7325,3.333211,-0.477657,-1.038427,-2.489148,-0.037341,-0.175841,-2.491751,1.037904,0.133139,2.983046,1.552014,-1.320538
790,7326,1.419046,-2.761387,-1.483146,1.609617,0.048805,-3.548482,-4.817938,2.541069,0.499588,2.448705,1.418359,-2.720038
790,7327,2.201214,-2.468668,-2.371067,-0.006902,-0.777224,-5.115439,-1.570292,3.632483,0.505176,2.939653,1.054319,-1.536479
790,7328,4.409911,-0.803073,-0.570766,0.290713,-0.626733,-1.275250,-2.180740,2.180025,0.674531,2.064055,0.856060,-0.595460
790,7329,2.203559,-2.201429,-1.895927,-0.065458,-1.864076,-1.740010,-3.922130,2.618174,0.781024,1.315228,1.397607,-0.909940
790,7330,2.512375,-1.447140,-2.321025,0.077990,0.583433,-2.214487,-0.837837,0.948316,-0.115994,2.954433,0.652985,-1.332031
791,7331,2.054579,-2.304526,-2.925601,0.291935,-1.508837,-0.379297,-2.736824,3.472512,1.664978,2.650103,1.415886,-0.712220
791,7332,2.833910,-1.027631,-3.326528,-1.188906,-2.029030,-1.647653,-1.554143,1.951034,0.455715,2.761039,-1.020076,-0.207020
791,7333,3.532440,-1.613515,-1.945352,-0.723676,-0.703967,-2.064777,-3.256992,1.032671,0.174794,2.271965,1.089893,-3.044480
791,7334,2.211627,-1.290920,-2.380442,0.937816,-0.623567,-0.347725,-5.220158,3.672172,0.111850,3.013218,1.263107,2.086345
791,7335,0.854317,-1.677272,-0.317529,2.039518,-0.463173,-1.987763,-2.287478,1.251228,0.224706,4.381466,0.707902,-1.121549
791,7336,1.833192,-3.556284,-1.337953,1.765160,0.798095,-0.756013,-3.856055,3.081367,1.702438,3.602383,1.457924,-0.900209
791,7337,3.931347,-2.340899,-3.554133,3.754637,-0.252592,-3.860809,-4.208019,3.203992,-0.170639,2.937508,1.195427,-2.432356
791,7338,2.408960,-2.252153,-2.473629,-1.385736,-1.859396,-3.594493,-4.383426,2.237545,-0.766643,3.014524,1.372184,-0.377048
791,7339,2.182134,-1.915849,-3.133088,2.058116,-0.829232,-1.196832,-3.940972,2.852645,0.801690,3.564381,1.339644,-3.577709
791,7340,2.278560,-1.268464,-0.801553,-0.579873,-0.362293,-4.360624,-4.095297,2.046757,0.518479,3.706771,0.224193,-3.603279
792,7341,3.006344,-2.207721,-2.474371,-1.747495,-2.040090,-4.785196,-1.167565,3.107901,0.842736,2.389118,2.434780,-1.324753
792,7342,3.263668,-2.460767,-5.030249,0.775181,0.602742,-5.806935,-1.710224,2.937150,-0.892402,3.446678,1.512984,-0.941778
792,7343,3.477954,-0.836207,-4.852714,2.868553,-1.104082,-1.512088,-3.245696,2.122314,-0.441085,2.506986,0.986855,-1.251079
792,7344,4.611559,-2.407664,-0.126881,-0.567875,-1.808148,-2.974092,-2.802035,2.284014,-0.498716,2.602164,0.712901,1.097563
792,7345,2.585362,-1.640084,-2.331974,-3.768571,-1.215870,-4.729366,-3.557423,3.398668,0.397876,2.063476,0.484581,0.031767
792,7346,1.766940,-2.192270,-1.686757,1.940389,-0.168933,-6.142227,-1.845799,2.366183,0.822968,3.047635,1.542866,-1.974874
792,7347,1.726817,-3.030760,-3.098846,2.809823,-1.933013,-2.230250,-0.799505,1.518338,0.346969,2.271747,1.488600,-1.059363
792,7348,2.563074,-1.907777,-1.648662,1.068834,-1.461250,-3.485645,-1.715971,1.404498,0.619903,2.951113,0.287697,1.398544
792,7349,1.418881,-0.637359,-3.081435,1.757395,-0.588491,-5.268033,-0.594604,1.954109,-0.436761,2.527932,1.314636,-3.350463
792,7350,4.012957,-0.349347,-1.628923,2.550633,-1.394181,-4.772299,-2.508739,2.306570,-0.132305,3.093904,0.357724,-3.362991
793,7351,2.220601,-2.137720,-1.477555,1.157650,-0.746988,-1.418799,-2.135671,1.319020,0.834171,3.560151,0.908453,-1.419056
793,7352,1.220125,-1.290747,-0.993228,-2.735860,-0.803453,-1.311562,-3.531244,2.069944,1.047832,3.041788,0.349384,-0.184353
793,7353,2.952279,-0.895282,-2.580001,2.820208,-1.466259,-5.032032,-2.608934,1.974133,0.415719,2.996410,0.479051,-3.617577
793,7354,3.539063,-1.371108,-1.601873,1.582947,0.703304,-2.685400,-1.529128,1.768969,0.841622,2.853132,1.403252,1.005912
793,7355,1.637136,-2.625927,-2.945904,-0.157145,-0.874990,-1.674630,-2.483927,1.373048,0.336803,2.692545,0.616105,0.267187
793,7356,1.559812,-2.545195,-1.152535,3.416881,-0.958149,-5.205405,-4.051939,2.221362,0.623338,3.105336,0.939852,0.084922
793,7357,3.050016,-1.842762,-3.177451,-0.802193,-0.595450,-2.455553,-3.471768,0.937971,0.580455,2.801872,1.823220,-1.510349
793,7358,1.830773,-1.942357,-1.744751,2.753337,-0.660307,-3.096818,-2.095659,1.449003,0.063306,2.385207,0.798256,-1.799239
793,7359,2.255308,-1.009455,-1.475019,2.394432,-0.931599,-3.797546,-2.995469,1.120308,0.940143,2.031299,1.123554,-0.507077
793,7360,1.894793,-1.987992,-3.651985,0.649962,-0.736487,-0.612692,-0.915492,1.421915,1.325524,2.795511,0.865446,-1.366597
794,7361,154.904216,0.783411,-1.957101,279.792066,-3.939899,-665.015750,-1.284316,190.899052,335.155006,4.586940,1.566157,-1.064778
794,7362,227.892180,-1.150675,-4.505625,376.600145,-2.802775,-1249.241525,-1.942521,178.178408,-37.441041,4.060113,-0.164669,1.464212
794,7363,131.443128,-0.497068,-2.793348,-56.985354,-3.812620,-309.610035,-1.653872,221.071317,-38.202873,4.616976,0.390944,0.684677
794,7364,256.551889,0.278307,-3.969875,206.929031,-4.193383,-1117.644928,-1.845471,262.578221,94.725703,4.069783,0.760438,-0.652248
794,7365,254.322146,-0.530398,-2.637733,304.583986,-4.023694,-853.261659,-2.183323,404.621233,71.336160,4.513435,0.633214,2.102796
794,7366,72.973628,-0.310933,-2.912576,23.768855,-3.621586,273.928070,-2.644745,371.189209,-14.037962,4.005465,0.840608,-1.237180
794,7367,254.165187,0.365504,-3.043205,-165.188746,-3.292555,-1083.989063,-2.376692,455.527430,162.602269,5.292308,0.067715,-1.121232
794,7368,94.991538,-0.155513,-1.950548,256.707909,-2.734222,-66.409781,-1.640475,325.193636,282.657084,4.796604,0.881053,-0.737864
794,7369,98.795188,0.093767,-3.650757,63.344646,-4.599777,-58.593954,-3.815102,185.888615,226.914517,5.154686,1.455663,0.397282
794,7370,232.818471,0.200230,-0.557773,96.452994,-4.568497,86.569362,-4.918258,270.504412,16.222025,3.997522,0.867986,-0.270407
795,7371,2.207973,-2.074383,-1.961762,2.105268,0.631801,-1.996181,-1.937093,1.478254,0.438392,2.551194,0.764129,-0.394037
795,7372,1.315278,-2.064313,-3.318712,2.271294,-1.035146,-3.147566,-3.264532,2.356862,0.787140,1.894874,2.024727,-1.958756
795,7373,2.787169,-1.421361,-4.336326,0.380794,-0.552574,-3.613866,-2.947180,3.325103,0.570404,2.911719,0.493703,-1.535698
795,7374,2.009566,-1.847062,-2.205994,-2.253128,0.198836,-2.110949,-0.714221,2.777670,1.410063,3.375735,0.168484,-2.168525
795,7375,4.761558,-1.271842,-2.341963,-0.343625,-1.110806,-1.545631,-3.272666,2.736374,1.335146,2.231206,1.298837,1.987004
