record_id,source_split,capture_action,behavior_propensity,target_probability,policy_weight,x1,y1,x2,y2,x3,y3,x4,y4,x5,y5,x6,y6,x7,y7,x8,y8,digit_label
train_00001,training_writers,long_sweep,0.35699517,0.47000000,1.31654441,47,100,27,81,57,37,26,0,0,23,56,53,100,90,40,98,8
train_00002,training_writers,compact_trace,0.50477452,0.32000000,0.63394642,0,89,27,100,42,75,29,45,15,15,37,0,69,2,100,6,2
train_00003,training_writers,compact_trace,0.52059047,0.32000000,0.61468663,0,57,31,68,72,90,100,100,76,75,50,51,28,25,16,0,1
train_00004,training_writers,compact_trace,0.50005250,0.32000000,0.63993281,0,100,7,92,5,68,19,45,86,34,100,45,74,23,67,0,4
train_00005,training_writers,compact_trace,0.51746833,0.32000000,0.61839533,0,67,49,83,100,100,81,80,60,60,40,40,33,20,47,0,1
train_00006,training_writers,compact_trace,0.53662287,0.32000000,0.59632196,100,100,88,99,49,74,17,47,0,16,37,0,73,16,20,20,6
train_00007,training_writers,long_sweep,0.34425248,0.47000000,1.36527704,0,100,3,72,26,35,85,35,100,71,73,97,65,49,66,0,4
train_00008,training_writers,long_sweep,0.35924675,0.47000000,1.30829297,0,39,2,62,11,5,63,0,100,43,89,99,36,100,0,57,0
train_00009,training_writers,long_sweep,0.35897616,0.47000000,1.30927915,13,89,12,50,72,38,56,0,4,17,0,61,32,94,100,100,5
train_00010,training_writers,long_sweep,0.35023745,0.47000000,1.34194672,57,100,22,72,0,31,25,0,75,13,100,50,75,87,26,85,0
train_00011,training_writers,long_sweep,0.35570978,0.47000000,1.32130189,74,87,31,100,0,69,62,64,100,79,100,38,84,0,18,1,9
train_00012,training_writers,long_sweep,0.36460065,0.47000000,1.28908161,48,96,62,65,88,27,21,0,21,33,79,67,100,100,0,85,8
train_00013,training_writers,compact_trace,0.52145561,0.32000000,0.61366680,100,100,72,99,36,78,34,54,79,47,64,13,19,0,0,2,5
train_00014,training_writers,long_sweep,0.35248747,0.47000000,1.33338073,91,74,54,100,0,87,23,59,81,67,100,39,79,4,21,0,9
train_00015,training_writers,compact_trace,0.53202959,0.32000000,0.60147030,0,85,38,100,81,88,87,50,84,12,58,0,53,22,100,24,7
train_00016,training_writers,compact_trace,0.53438641,0.32000000,0.59881763,35,76,57,100,100,92,68,66,81,38,82,9,32,0,0,17,3
train_00017,training_writers,compact_trace,0.53261333,0.32000000,0.60081110,50,84,66,100,75,75,51,51,100,42,97,13,49,0,0,7,3
train_00018,training_writers,long_sweep,0.34500279,0.47000000,1.36230782,99,80,63,100,25,76,79,68,100,62,97,23,54,0,0,16,9
train_00019,training_writers,compact_trace,0.53736872,0.32000000,0.59549428,24,66,43,100,59,65,34,28,0,1,16,11,58,0,100,1,2
train_00020,training_writers,long_sweep,0.34088199,0.47000000,1.37877627,0,73,19,99,72,100,70,73,32,48,5,18,46,0,100,0,2
train_00021,training_writers,long_sweep,0.35686377,0.47000000,1.31702918,12,77,20,62,78,40,50,0,1,17,0,64,23,98,100,100,5
train_00022,training_writers,compact_trace,0.50974190,0.32000000,0.62776868,0,46,49,64,78,87,100,100,91,75,85,49,75,24,89,0,1
train_00023,training_writers,long_sweep,0.34912457,0.47000000,1.34622434,10,86,34,66,68,34,34,0,4,26,0,69,34,95,100,100,5
train_00024,training_writers,long_sweep,0.36738135,0.50000000,1.36098362,73,62,53,100,0,72,82,39,100,0,15,14,52,57,90,94,8
train_00025,training_writers,long_sweep,0.34391848,0.47000000,1.36660293,54,100,34,75,6,43,0,11,70,0,100,28,44,46,36,21,6
train_00026,training_writers,compact_trace,0.52646121,0.32000000,0.60783206,11,100,0,69,15,43,87,47,100,65,74,67,71,33,66,0,4
train_00027,training_writers,long_sweep,0.34801323,0.47000000,1.35052338,36,92,7,83,0,37,26,0,77,6,100,46,84,89,36,100,0
train_00028,training_writers,compact_trace,0.54057500,0.32000000,0.59196226,46,100,10,83,34,64,100,77,71,82,49,54,22,27,0,0,4
train_00029,training_writers,long_sweep,0.36595509,0.47000000,1.28431059,61,59,58,100,0,84,44,42,80,0,8,5,33,44,100,70,8
train_00030,training_writers,compact_trace,0.49750435,0.32000000,0.64321046,100,84,31,100,0,88,8,70,15,53,15,35,0,17,0,0,1
train_00031,training_writers,long_sweep,0.35996734,0.47000000,1.30567400,32,59,53,100,100,95,79,46,48,0,93,19,58,55,0,63,8
train_00032,training_writers,long_sweep,0.35242708,0.47000000,1.33360920,40,99,51,66,79,26,39,0,0,27,8,77,46,100,100,94,5
train_00033,training_writers,compact_trace,0.54695152,0.32000000,0.58506100,0,98,36,100,80,85,68,42,56,0,25,23,50,37,100,32,7
train_00034,training_writers,long_sweep,0.35467234,0.47000000,1.32516676,27,76,1,42,16,0,70,3,100,40,92,84,44,100,0,73,0
train_00035,training_writers,rising_tail,0.22880201,0.43000000,1.87935413,0,0,31,15,63,30,88,52,100,79,82,100,56,82,79,64,9
train_00036,training_writers,compact_trace,0.53351096,0.32000000,0.59980023,30,86,67,100,77,77,53,50,78,40,100,17,56,0,0,5,3
train_00037,training_writers,long_sweep,0.35538095,0.47000000,1.32252445,29,91,14,57,66,39,30,0,0,19,3,72,39,97,100,100,5
train_00038,training_writers,long_sweep,0.34946754,0.47000000,1.34490315,77,97,40,100,0,59,9,29,84,33,100,64,77,44,48,0,4
train_00039,training_writers,long_sweep,0.36894020,0.47000000,1.27391920,64,93,0,67,97,67,89,100,14,70,100,68,96,36,28,0,9
train_00040,training_writers,long_sweep,0.34400396,0.47000000,1.36626335,9,93,53,100,89,80,57,52,17,30,0,5,50,2,100,0,2
train_00041,training_writers,long_sweep,0.35072968,0.47000000,1.34006338,0,93,62,100,100,78,69,43,50,5,35,0,15,35,86,37,7
train_00042,training_writers,long_sweep,0.35589316,0.47000000,1.32062106,30,87,16,55,68,41,52,0,0,16,15,63,41,100,100,98,5
train_00043,training_writers,long_sweep,0.35227762,0.47000000,1.33417500,60,100,20,76,0,39,10,1,69,0,100,33,56,40,15,10,6
train_00044,training_writers,compact_trace,0.54654223,0.32000000,0.58549913,0,83,29,100,88,95,64,69,73,43,100,13,50,1,10,0,3
train_00045,training_writers,compact_trace,0.51959939,0.32000000,0.61585908,5,90,46,98,89,100,100,81,77,59,62,34,37,14,0,0,3
train_00046,training_writers,long_sweep,0.35859152,0.47000000,1.31068355,100,99,67,100,24,68,0,32,27,0,99,8,77,40,9,55,6
train_00047,training_writers,compact_trace,0.52314817,0.32000000,0.61168139,47,86,73,100,89,75,68,49,100,28,82,4,38,0,0,13,3
train_00048,training_writers,compact_trace,0.54539130,0.32000000,0.58673470,29,72,45,100,78,78,60,41,25,12,0,4,50,6,100,0,2
train_00049,training_writers,long_sweep,0.35108166,0.47000000,1.33871989,1,88,0,54,59,31,36,0,11,28,4,68,28,97,100,100,5
train_00050,training_writers,compact_trace,0.51394666,0.32000000,0.62263270,63,100,40,73,70,63,100,77,79,74,55,48,29,23,0,0,4
train_00051,training_writers,compact_trace,0.54647241,0.32000000,0.58557393,11,92,56,100,83,82,52,59,87,39,100,14,55,0,0,0,3
train_00052,training_writers,compact_trace,0.49670194,0.32000000,0.64424955,51,76,68,91,100,100,83,80,59,60,34,40,10,20,0,0,1
train_00053,training_writers,long_sweep,0.35637015,0.47000000,1.31885344,56,99,18,72,0,24,36,0,85,23,100,69,58,100,19,74,0
train_00054,training_writers,compact_trace,0.51562938,0.32000000,0.62060079,0,75,47,87,100,100,91,80,72,60,53,40,35,20,19,0,1
train_00055,training_writers,long_sweep,0.34713909,0.47000000,1.35392416,17,100,0,74,6,36,77,37,100,63,73,95,71,47,75,0,4
train_00056,training_writers,long_sweep,0.35065375,0.47000000,1.34035357,41,96,17,76,50,37,31,0,0,34,1,86,49,98,100,100,5
train_00057,training_writers,compact_trace,0.53805382,0.32000000,0.59473605,20,82,62,100,100,81,68,54,82,50,89,19,42,0,0,13,3
train_00058,training_writers,compact_trace,0.54334051,0.32000000,0.58894928,12,78,40,100,74,77,52,41,13,14,0,17,50,8,100,0,2
train_00059,training_writers,long_sweep,0.34980477,0.47000000,1.34360662,18,73,0,73,10,24,54,0,100,22,95,71,52,100,5,84,0
train_00060,training_writers,long_sweep,0.35861205,0.47000000,1.31060850,97,100,41,90,4,58,0,22,52,0,100,22,49,38,8,13,6
train_00061,training_writers,long_sweep,0.36935495,0.47000000,1.27248871,57,63,100,100,0,91,36,53,95,16,2,0,5,36,91,67,8
train_00062,training_writers,long_sweep,0.35492990,0.47000000,1.32420515,30,81,87,100,100,98,37,86,46,54,99,32,59,2,0,0,5
train_00063,training_writers,long_sweep,0.35332879,0.47000000,1.33020580,12,61,0,20,44,0,92,23,100,64,70,100,15,92,0,52,0
train_00064,training_writers,long_sweep,0.34218085,0.47000000,1.37354266,0,84,50,100,72,79,37,52,51,41,100,27,62,3,3,0,3
train_00065,training_writers,long_sweep,0.34135756,0.47000000,1.37685538,0,100,61,100,100,93,63,64,36,33,14,0,9,29,47,42,7
train_00066,training_writers,long_sweep,0.35095374,0.47000000,1.33920784,100,79,67,100,26,76,41,38,47,0,0,8,38,38,96,58,8
train_00067,training_writers,compact_trace,0.54576909,0.32000000,0.58632855,37,91,84,100,100,96,52,87,32,57,74,38,41,1,0,0,5
train_00068,training_writers,compact_trace,0.54470787,0.32000000,0.58747086,100,100,58,83,31,55,17,24,43,0,80,19,50,43,0,39,6
train_00069,training_writers,long_sweep,0.36315475,0.47000000,1.29421411,94,79,40,100,13,65,59,30,67,0,0,17,45,52,100,83,8
train_00070,training_writers,long_sweep,0.36781755,0.47000000,1.27780744,0,82,75,56,100,12,22,0,22,41,92,73,84,100,2,80,8
train_00071,training_writers,compact_trace,0.53185022,0.32000000,0.60167315,80,100,36,100,58,80,65,82,82,47,100,14,53,0,0,7,9
train_00072,training_writers,long_sweep,0.35610629,0.47000000,1.31983065,35,76,0,42,11,0,65,5,100,41,97,85,49,100,9,69,0
train_00073,training_writers,compact_trace,0.52755920,0.32000000,0.60656700,34,100,21,76,0,35,43,30,91,29,100,41,74,46,67,0,4
train_00074,training_writers,compact_trace,0.50538283,0.32000000,0.63318336,0,75,31,72,67,84,100,100,94,82,80,54,68,27,56,0,1
train_00075,training_writers,long_sweep,0.35880687,0.47000000,1.30989690,90,71,100,100,25,85,10,50,80,62,99,53,64,17,0,0,9
train_00076,training_writers,compact_trace,0.54210710,0.32000000,0.59028926,0,97,42,100,67,71,53,35,34,0,16,23,40,42,100,42,7
train_00077,training_writers,long_sweep,0.34821590,0.47000000,1.34973735,38,94,4,63,0,20,41,0,84,19,100,60,77,98,32,100,0
train_00078,training_writers,long_sweep,0.35204163,0.47000000,1.33506937,72,100,38,88,2,57,0,19,51,0,100,20,55,34,12,7,6
train_00079,training_writers,compact_trace,0.54743664,0.32000000,0.58454254,26,79,69,100,92,85,56,56,90,42,100,15,51,0,0,2,3
train_00080,training_writers,long_sweep,0.34655344,0.47000000,1.35621217,8,77,47,100,100,96,71,66,100,46,99,13,46,0,0,13,3
train_00081,training_writers,compact_trace,0.53587473,0.32000000,0.59715449,31,73,55,100,55,53,33,14,0,0,30,11,65,1,100,1,2
train_00082,training_writers,compact_trace,0.51579794,0.32000000,0.62039798,46,100,21,85,0,60,24,42,68,44,100,49,76,25,58,0,4
train_00083,training_writers,long_sweep,0.34159929,0.47000000,1.37588106,41,69,76,100,73,81,57,39,46,0,0,10,50,9,100,10,1
train_00084,training_writers,compact_trace,0.54338129,0.32000000,0.58890507,32,100,12,76,0,48,1,21,39,0,100,9,64,21,18,3,6
train_00085,training_writers,long_sweep,0.34660186,0.47000000,1.35602273,16,90,9,61,50,35,23,0,5,35,0,81,48,97,100,100,5
train_00086,training_writers,long_sweep,0.36641613,0.47000000,1.28269462,21,88,0,57,88,58,88,18,15,0,8,42,12,83,100,100,5
train_00087,training_writers,compact_trace,0.54688760,0.32000000,0.58512937,0,100,54,98,91,85,71,52,62,17,74,0,100,32,42,37,7
train_00088,training_writers,long_sweep,0.36219748,0.47000000,1.29763466,47,93,1,67,0,16,53,0,100,32,95,81,42,100,7,62,0
train_00089,training_writers,long_sweep,0.35066247,0.50000000,1.42587258,38,51,8,66,0,19,42,0,87,26,100,71,61,100,16,84,0
train_00090,training_writers,long_sweep,0.33998526,0.47000000,1.38241286,95,92,50,100,21,77,74,87,100,86,69,56,37,26,0,0,9
train_00091,training_writers,long_sweep,0.34228585,0.47000000,1.37312132,18,88,2,54,40,25,2,0,0,30,20,70,45,100,100,93,5
train_00092,training_writers,long_sweep,0.34380861,0.47000000,1.36703964,39,100,23,82,0,52,1,21,48,0,100,16,70,42,6,55,6
train_00093,training_writers,compact_trace,0.53724131,0.32000000,0.59563551,22,100,1,66,0,33,50,32,100,36,82,63,77,30,71,0,4
train_00094,training_writers,long_sweep,0.34525458,0.47000000,1.36131433,3,96,53,100,81,68,83,28,72,0,100,34,51,41,0,43,7
train_00095,training_writers,compact_trace,0.48892403,0.32000000,0.65449840,0,65,38,79,62,100,72,86,77,65,79,43,83,21,100,0,1
train_00096,training_writers,long_sweep,0.34180610,0.47000000,1.37504859,19,81,0,41,12,0,54,1,88,29,100,71,72,100,31,91,0
train_00097,training_writers,compact_trace,0.50644953,0.32000000,0.63184973,0,60,38,80,80,100,100,92,80,69,65,46,55,23,55,0,1
train_00098,training_writers,long_sweep,0.36324859,0.47000000,1.29387976,40,72,16,50,96,69,70,100,0,73,65,57,100,47,94,0,9
train_00099,training_writers,compact_trace,0.54736695,0.32000000,0.58461696,100,100,63,78,28,53,0,27,4,0,60,1,78,22,24,21,6
train_00100,training_writers,long_sweep,0.35683737,0.47000000,1.31712664,33,58,19,90,78,100,91,62,51,28,0,2,37,1,100,0,2
train_00101,training_writers,long_sweep,0.34922801,0.47000000,1.34582563,14,91,9,52,28,10,74,0,100,38,86,81,43,100,0,80,0
train_00102,training_writers,long_sweep,0.33916570,0.47000000,1.38575332,20,85,62,100,71,72,45,52,98,47,100,17,53,0,0,0,3
train_00103,training_writers,long_sweep,0.34684261,0.47000000,1.35508148,9,100,0,66,20,25,61,0,100,21,93,64,54,91,9,76,0
train_00104,training_writers,long_sweep,0.36558150,0.47000000,1.28562303,42,83,60,53,89,11,13,0,0,33,77,57,100,92,18,100,8
train_00105,training_writers,long_sweep,0.34919293,0.47000000,1.34596082,4,63,12,15,52,0,92,15,100,63,72,100,28,97,0,62,0
train_00106,training_writers,compact_trace,0.54306269,0.32000000,0.58925057,38,94,90,100,94,79,59,57,68,33,100,12,54,0,0,1,3
train_00107,training_writers,long_sweep,0.33957150,0.47000000,1.38409731,22,55,10,60,0,18,46,0,89,28,100,70,68,100,29,69,0
train_00108,training_writers,long_sweep,0.36067229,0.47000000,1.30312200,27,100,0,58,12,5,62,0,100,39,97,91,48,97,18,53,0
train_00109,training_writers,long_sweep,0.35157688,0.47000000,1.33683421,43,94,15,66,52,38,20,0,5,35,0,83,42,100,100,98,5
train_00110,training_writers,compact_trace,0.53530651,0.32000000,0.59778836,0,87,37,100,19,70,5,42,88,49,100,58,84,28,88,0,4
train_00111,training_writers,long_sweep,0.36213690,0.47000000,1.29785173,73,98,35,100,0,59,0,13,71,8,100,45,29,41,9,0,6
train_00112,training_writers,long_sweep,0.34724136,0.47000000,1.35352538,15,73,0,34,30,0,81,1,100,38,87,78,44,100,16,68,0
train_00113,training_writers,long_sweep,0.35740300,0.47000000,1.31504211,85,100,30,84,5,54,0,22,48,0,100,21,66,47,0,37,6
train_00114,training_writers,long_sweep,0.36176692,0.47000000,1.29917903,0,88,24,68,76,33,43,0,29,32,84,66,100,100,8,89,8
train_00115,training_writers,long_sweep,0.35336624,0.47000000,1.33006480,50,97,72,68,100,100,42,86,93,72,89,48,70,7,0,0,9
train_00116,training_writers,compact_trace,0.54224118,0.32000000,0.59014330,42,100,9,79,0,46,48,31,100,46,89,52,46,30,19,0,4
train_00117,training_writers,long_sweep,0.35126191,0.47000000,1.33803291,7,100,0,56,51,37,39,0,9,15,5,62,42,92,100,96,5
train_00118,training_writers,compact_trace,0.54459544,0.32000000,0.58759214,100,77,92,100,49,76,18,48,0,15,38,0,75,23,29,27,6
train_00119,training_writers,compact_trace,0.54560784,0.32000000,0.58650184,44,66,67,100,80,62,47,25,5,0,0,3,50,4,100,7,2
train_00120,training_writers,long_sweep,0.35945315,0.47000000,1.30754176,37,100,48,57,74,97,27,97,80,68,100,26,49,0,0,22,9
train_00121,training_writers,long_sweep,0.36796503,0.47000000,1.27729528,100,89,40,83,63,40,84,0,0,7,53,53,80,100,3,78,8
train_00122,training_writers,long_sweep,0.36669469,0.47000000,1.28172021,45,93,0,60,75,69,89,29,19,0,15,43,26,93,100,100,5
train_00123,training_writers,long_sweep,0.35997365,0.47000000,1.30565113,45,100,10,67,7,16,56,0,100,31,91,79,38,95,0,61,0
train_00124,training_writers,long_sweep,0.34139755,0.47000000,1.37669411,13,68,15,30,42,0,86,19,100,56,84,90,33,100,0,73,0
train_00125,training_writers,long_sweep,0.35574055,0.47000000,1.32118760,49,83,8,57,0,17,51,0,93,28,100,70,61,100,8,86,0
train_00126,training_writers,compact_trace,0.50115565,0.32000000,0.63852418,16,100,0,78,5,54,41,32,93,39,100,48,91,24,89,0,4
train_00127,training_writers,compact_trace,0.52881046,0.32000000,0.60513175,22,93,0,95,50,97,100,100,67,81,43,56,28,28,30,0,7
train_00128,training_writers,compact_trace,0.53440230,0.32000000,0.59879982,52,91,72,100,87,70,57,43,100,45,90,15,43,0,0,12,3
train_00129,training_writers,compact_trace,0.53302723,0.32000000,0.60034457,96,100,52,95,48,76,96,98,100,85,71,54,39,25,0,0,9
train_00130,training_writers,compact_trace,0.53452473,0.32000000,0.59866267,29,73,56,100,68,71,45,38,11,12,0,8,50,6,100,0,2
train_00131,training_writers,long_sweep,0.34427644,0.47000000,1.36518201,14,94,4,63,43,36,36,0,10,27,0,72,47,92,100,100,5
train_00132,training_writers,long_sweep,0.36187436,0.47000000,1.29879333,53,87,32,47,98,64,69,100,58,69,100,61,71,3,0,0,9
train_00133,training_writers,long_sweep,0.35068754,0.47000000,1.34022442,68,100,24,83,0,41,13,0,60,3,99,30,100,71,55,89,0
train_00134,training_writers,compact_trace,0.53590021,0.32000000,0.59712610,100,98,60,100,29,73,10,41,6,6,46,0,46,27,0,30,6
train_00135,training_writers,long_sweep,0.36161422,0.47000000,1.29972766,100,70,58,100,10,75,0,24,48,0,100,19,97,68,45,81,0
train_00136,training_writers,long_sweep,0.35561654,0.47000000,1.32164832,84,100,59,99,16,72,0,42,20,12,100,0,94,22,4,27,6
train_00137,training_writers,long_sweep,0.35152661,0.47000000,1.33702537,100,100,53,81,25,54,11,25,38,0,99,8,65,29,0,25,6
train_00138,training_writers,compact_trace,0.51268715,0.32000000,0.62416232,0,42,30,56,59,72,86,94,100,100,80,68,62,35,53,0,1
train_00139,training_writers,long_sweep,0.33802674,0.47000000,1.39042254,67,100,30,90,0,57,41,40,100,53,98,67,66,34,40,0,4
train_00140,training_writers,long_sweep,0.36259412,0.47000000,1.29621517,73,85,31,65,0,0,52,9,100,57,82,100,81,78,38,25,0
train_00141,training_writers,long_sweep,0.35964435,0.47000000,1.30684660,28,82,0,39,30,0,80,5,100,54,70,99,22,100,7,50,0
train_00142,training_writers,long_sweep,0.35349860,0.47000000,1.32956681,86,100,48,79,13,52,0,22,45,0,100,16,76,40,6,35,6
train_00143,training_writers,compact_trace,0.53723378,0.32000000,0.59564385,40,79,61,100,78,72,46,41,0,16,1,5,61,1,100,0,2
train_00144,training_writers,compact_trace,0.54323095,0.32000000,0.58906805,100,88,69,100,20,84,70,86,93,71,70,44,38,19,0,0,9
train_00145,training_writers,long_sweep,0.34799169,0.47000000,1.35060697,30,98,16,60,53,28,46,0,13,29,0,68,27,95,100,100,5
train_00146,training_writers,long_sweep,0.34872500,0.47000000,1.34776688,2,78,46,99,100,100,77,76,94,38,94,0,41,3,0,28,3
train_00147,training_writers,compact_trace,0.51335716,0.32000000,0.62334768,0,42,34,57,64,79,95,100,100,85,81,57,62,28,45,0,1
train_00148,training_writers,compact_trace,0.50492394,0.32000000,0.63375882,19,100,4,77,0,51,46,36,100,47,96,49,87,23,77,0,4
train_00149,training_writers,compact_trace,0.52251710,0.32000000,0.61242015,3,66,16,100,27,69,14,32,0,0,33,5,67,10,100,11,2
train_00150,training_writers,compact_trace,0.51174435,0.32000000,0.62531223,47,100,40,82,18,49,0,19,53,20,92,34,94,35,100,0,4
train_00151,training_writers,compact_trace,0.51864481,0.32000000,0.61699258,29,38,61,60,92,83,100,100,73,76,49,50,25,25,0,0,1
train_00152,training_writers,compact_trace,0.50562686,0.32000000,0.63287777,0,63,41,77,79,94,100,100,85,74,75,48,71,22,82,0,1
train_00153,training_writers,long_sweep,0.35789379,0.47000000,1.31323877,0,52,52,83,97,100,91,55,84,10,21,0,21,7,100,7,1
train_00154,training_writers,long_sweep,0.35267451,0.47000000,1.33267357,65,100,24,84,0,48,9,10,61,0,100,24,58,47,2,46,6
train_00155,training_writers,long_sweep,0.34832700,0.47000000,1.34930681,88,80,12,80,100,100,100,91,65,68,29,46,6,23,0,0,1
train_00156,training_writers,long_sweep,0.36222753,0.47000000,1.29752701,13,80,53,71,100,100,23,99,0,71,81,74,74,40,47,0,9
train_00157,training_writers,long_sweep,0.35956894,0.47000000,1.30712068,0,79,51,59,100,29,51,0,22,26,51,60,73,94,9,100,8
train_00158,training_writers,compact_trace,0.51325094,0.32000000,0.62347670,72,100,38,84,13,63,0,40,40,28,88,31,100,22,84,0,4
train_00159,training_writers,long_sweep,0.35294958,0.47000000,1.33163496,0,100,67,100,86,72,56,37,34,0,6,33,32,45,100,46,7
train_00160,training_writers,compact_trace,0.54619958,0.32000000,0.58586644,37,84,69,100,96,87,55,61,88,38,100,9,51,0,0,3,3
train_00161,training_writers,compact_trace,0.51020785,0.32000000,0.62719537,0,100,73,97,95,80,100,64,95,48,82,31,64,15,23,0,1
train_00162,training_writers,long_sweep,0.36411848,0.47000000,1.29078864,0,59,77,74,100,100,17,93,7,71,82,68,45,35,20,0,9
train_00163,training_writers,long_sweep,0.35159641,0.47000000,1.33675995,2,85,31,100,76,74,62,37,47,0,100,8,68,30,0,41,7
train_00164,training_writers,compact_trace,0.51332963,0.32000000,0.62338112,13,100,0,76,28,53,94,56,100,76,93,66,94,33,91,0,4
train_00165,training_writers,compact_trace,0.54362885,0.32000000,0.58863690,21,75,40,100,85,94,67,63,100,43,95,11,47,0,0,13,3
train_00166,training_writers,long_sweep,0.34734858,0.47000000,1.35310761,48,100,15,83,0,39,23,1,71,0,100,34,86,77,44,98,0
train_00167,training_writers,long_sweep,0.34797979,0.47000000,1.35065314,24,100,100,99,93,78,64,48,39,17,19,0,0,31,72,38,7
train_00168,training_writers,compact_trace,0.54464904,0.32000000,0.58753432,45,85,93,100,100,98,48,88,7,62,48,48,48,18,0,0,5
train_00169,training_writers,long_sweep,0.36851256,0.47000000,1.27539750,54,93,0,88,54,46,70,0,5,9,54,52,100,96,7,100,8
train_00170,training_writers,compact_trace,0.52953505,0.32000000,0.60430371,46,83,87,100,100,79,75,54,90,36,100,13,49,0,0,12,3
train_00171,training_writers,long_sweep,0.35826129,0.47000000,1.31189166,84,100,46,98,13,60,0,19,53,0,100,32,33,36,10,4,6
train_00172,training_writers,long_sweep,0.34437366,0.50000000,1.45191130,26,74,19,49,64,21,20,0,1,25,0,64,45,87,100,100,5
train_00173,training_writers,compact_trace,0.54716861,0.32000000,0.58482887,39,62,78,88,79,100,57,64,38,30,0,0,34,4,100,0,1
train_00174,training_writers,long_sweep,0.35664816,0.47000000,1.31782541,14,100,1,54,51,47,36,0,0,14,6,71,42,93,100,97,5
train_00175,training_writers,compact_trace,0.52270348,0.32000000,0.61220178,0,65,43,76,93,96,100,100,71,75,48,50,26,25,5,0,1
train_00176,training_writers,compact_trace,0.48928080,0.32000000,0.65402117,0,70,53,88,64,100,62,78,70,57,83,36,100,14,98,0,1
train_00177,training_writers,compact_trace,0.49428427,0.32000000,0.64740073,0,67,16,80,64,100,85,99,85,74,89,49,95,24,100,0,1
train_00178,training_writers,compact_trace,0.54128435,0.32000000,0.59118650,88,99,45,82,78,75,90,100,100,68,93,36,59,9,0,0,9
train_00179,training_writers,compact_trace,0.53118057,0.32000000,0.60243168,30,100,16,84,0,51,28,26,80,33,100,65,79,34,68,0,4
train_00180,training_writers,long_sweep,0.36283943,0.47000000,1.29533882,24,100,14,55,72,52,54,0,8,2,0,58,35,95,100,99,5
train_00181,training_writers,compact_trace,0.51002511,0.32000000,0.62742009,0,78,18,96,59,95,100,100,86,82,66,56,52,29,47,0,7
train_00182,training_writers,compact_trace,0.54069410,0.32000000,0.59183187,0,91,46,100,85,80,91,40,88,0,99,22,100,52,50,49,7
train_00183,training_writers,long_sweep,0.35491000,0.47000000,1.32427941,21,92,85,100,90,67,67,34,49,0,0,26,27,43,100,42,7
train_00184,training_writers,long_sweep,0.34009112,0.47000000,1.38198256,31,95,5,61,0,23,32,0,77,18,100,51,82,85,37,100,0
train_00185,training_writers,compact_trace,0.52456272,0.32000000,0.61003192,19,73,54,91,100,100,99,78,86,52,78,26,43,8,0,0,3
train_00186,training_writers,long_sweep,0.35441965,0.47000000,1.32611158,98,100,52,77,18,52,0,25,25,0,100,5,97,29,23,22,6
train_00187,training_writers,long_sweep,0.34446210,0.47000000,1.36444619,79,74,21,67,15,92,71,100,100,75,73,45,36,18,0,0,9
train_00188,training_writers,compact_trace,0.54624423,0.32000000,0.58581854,100,100,59,79,26,54,2,28,1,0,58,0,58,21,0,19,6
train_00189,training_writers,long_sweep,0.36344199,0.47000000,1.29319124,19,86,35,72,95,94,0,100,60,78,100,52,67,26,26,0,9
train_00190,training_writers,long_sweep,0.34642245,0.47000000,1.35672500,16,59,0,31,31,0,78,15,100,55,87,98,40,100,6,67,0
train_00191,training_writers,long_sweep,0.34180646,0.47000000,1.37504714,83,86,44,100,0,74,58,67,100,94,89,63,77,31,75,0,9
train_00192,training_writers,compact_trace,0.54630994,0.32000000,0.58574809,0,97,43,100,58,62,41,17,26,0,8,36,54,34,100,33,7
train_00193,training_writers,compact_trace,0.50119674,0.32000000,0.63847183,0,70,63,80,90,100,100,89,100,67,92,44,84,22,71,0,1
train_00194,training_writers,compact_trace,0.54378117,0.32000000,0.58847201,30,100,4,67,0,24,30,0,66,11,95,41,100,82,64,93,0
train_00195,training_writers,compact_trace,0.52754956,0.32000000,0.60657809,100,96,71,100,42,79,49,56,91,51,82,16,42,0,0,1,5
train_00196,training_writers,long_sweep,0.34036436,0.47000000,1.38087315,47,100,19,67,0,30,20,0,68,5,100,33,91,72,50,88,0
train_00197,training_writers,compact_trace,0.53007140,0.32000000,0.60369225,100,100,64,98,26,85,36,63,76,58,75,24,42,1,0,0,5
train_00198,training_writers,long_sweep,0.35705629,0.47000000,1.31631906,29,47,59,71,100,100,90,81,74,50,66,18,0,0,99,7,1
train_00199,training_writers,long_sweep,0.34845561,0.47000000,1.34880882,89,87,38,100,17,78,80,77,100,76,92,34,61,0,0,4,9
train_00200,training_writers,compact_trace,0.53507071,0.32000000,0.59805180,67,100,36,82,0,60,5,37,66,38,100,50,73,25,56,0,4
train_00201,training_writers,long_sweep,0.34357268,0.47000000,1.36797839,53,100,23,77,0,57,74,66,100,79,70,85,44,42,16,0,4
train_00202,training_writers,compact_trace,0.54522911,0.32000000,0.58690924,27,100,0,74,40,54,100,59,84,91,57,64,43,32,33,0,4
train_00203,training_writers,long_sweep,0.34689919,0.47000000,1.35486049,2,80,36,50,54,12,9,0,0,41,5,78,49,95,100,100,5
train_00204,training_writers,long_sweep,0.33787683,0.47000000,1.39103944,48,95,94,100,100,73,75,47,41,25,0,5,41,1,94,0,2
train_00205,training_writers,compact_trace,0.52880551,0.32000000,0.60513742,100,100,68,96,38,70,14,44,0,14,36,0,51,23,3,28,6
train_00206,training_writers,long_sweep,0.36208356,0.47000000,1.29804290,58,100,0,89,44,53,100,21,63,0,62,36,87,80,25,91,8
train_00207,training_writers,compact_trace,0.52566760,0.32000000,0.60874971,0,61,22,89,59,100,72,73,53,42,31,12,58,0,100,4,2
train_00208,training_writers,compact_trace,0.50510801,0.32000000,0.63352786,0,75,29,79,71,91,100,100,82,74,68,48,57,21,58,0,1
train_00209,training_writers,compact_trace,0.50539566,0.32000000,0.63316729,0,48,28,64,61,82,92,100,100,84,86,56,73,28,64,0,1
train_00210,training_writers,long_sweep,0.34294713,0.47000000,1.37047363,36,90,86,100,87,73,47,49,92,44,100,16,53,0,0,1,3
train_00211,training_writers,long_sweep,0.35509724,0.47000000,1.32358111,78,85,65,66,100,25,49,0,15,29,58,67,66,100,0,84,8
train_00212,training_writers,compact_trace,0.53865734,0.32000000,0.59406969,69,100,31,73,39,55,89,62,100,84,63,57,31,28,0,0,4
train_00213,training_writers,long_sweep,0.35111459,0.47000000,1.33859433,0,87,55,100,100,81,74,41,49,0,20,10,32,32,99,35,7
train_00214,training_writers,compact_trace,0.47686966,0.32000000,0.67104291,100,100,92,85,75,71,58,57,58,42,33,28,8,14,0,0,1
train_00215,training_writers,long_sweep,0.35054327,0.47000000,1.34077600,47,91,37,63,65,27,21,0,9,40,0,91,49,100,100,91,5
train_00216,training_writers,compact_trace,0.51050507,0.32000000,0.62683020,0,96,45,100,100,99,79,83,60,63,45,42,36,21,33,0,7
train_00217,training_writers,long_sweep,0.34403894,0.50000000,1.45332384,12,73,29,62,66,32,29,0,5,29,0,71,38,96,100,100,5
train_00218,training_writers,long_sweep,0.36649213,0.47000000,1.28242862,84,93,20,100,22,50,44,0,0,22,54,59,100,95,27,97,8
train_00219,training_writers,rising_tail,0.25745604,0.40000000,1.55366329,39,80,21,60,35,19,12,0,0,31,16,72,51,98,100,100,5
train_00220,training_writers,compact_trace,0.51744265,0.32000000,0.61842602,52,100,29,73,0,47,19,42,69,37,100,54,90,30,88,0,4
train_00221,training_writers,long_sweep,0.35514905,0.47000000,1.32338803,78,100,40,94,16,58,5,21,53,0,100,27,36,30,0,0,6
train_00222,training_writers,compact_trace,0.54581069,0.32000000,0.58628386,0,89,47,100,89,87,74,61,45,37,15,14,43,0,100,1,2
train_00223,training_writers,compact_trace,0.52708235,0.32000000,0.60711576,44,80,80,100,100,85,72,59,92,38,93,14,49,3,0,0,3
train_00224,training_writers,compact_trace,0.52071813,0.32000000,0.61453593,80,100,60,76,26,52,0,28,46,11,97,29,100,24,100,0,4
train_00225,training_writers,long_sweep,0.33906051,0.47000000,1.38618327,51,100,0,90,5,57,92,61,100,70,85,82,68,40,86,0,4
train_00226,training_writers,long_sweep,0.36370400,0.47000000,1.29225963,95,68,77,100,21,76,60,38,68,0,0,15,29,53,100,81,8
train_00227,training_writers,long_sweep,0.34857928,0.47000000,1.34833029,91,100,66,88,31,58,15,26,50,0,100,17,67,45,0,47,6
train_00228,training_writers,compact_trace,0.54385682,0.32000000,0.58839016,34,64,52,100,58,57,37,16,0,0,24,20,61,1,100,5,2
train_00229,training_writers,long_sweep,0.34309177,0.47000000,1.36989588,38,92,15,72,42,44,25,0,0,8,8,61,40,93,100,100,5
train_00230,training_writers,long_sweep,0.34720651,0.47000000,1.35366124,27,92,22,53,58,28,18,0,0,32,13,85,50,98,100,100,5
train_00231,training_writers,long_sweep,0.35346009,0.47000000,1.32971166,100,100,52,80,20,52,6,20,45,0,99,12,59,30,0,25,6
train_00232,training_writers,compact_trace,0.53873648,0.32000000,0.59398242,0,96,40,100,60,66,58,27,41,0,20,35,54,42,100,46,7
train_00233,training_writers,compact_trace,0.54703423,0.32000000,0.58497254,0,82,25,100,52,73,44,34,32,0,0,29,50,34,100,39,7
train_00234,training_writers,compact_trace,0.51583052,0.32000000,0.62035880,0,48,30,67,65,85,100,100,84,75,65,51,47,25,34,0,1
train_00235,training_writers,long_sweep,0.34032731,0.47000000,1.38102348,0,100,50,97,100,91,74,63,55,29,42,0,20,31,68,36,7
train_00236,training_writers,long_sweep,0.33853067,0.47000000,1.38835279,14,55,40,61,59,100,58,62,59,21,100,14,48,5,0,0,1
train_00237,training_writers,compact_trace,0.50812618,0.32000000,0.62976484,46,96,80,100,81,76,77,60,100,36,75,12,36,0,0,6,3
train_00238,training_writers,long_sweep,0.34851656,0.50000000,1.43465207,0,67,38,66,62,30,38,0,8,30,45,63,100,90,58,100,8
train_00239,training_writers,long_sweep,0.35234493,0.47000000,1.33392016,92,73,32,63,0,86,51,100,100,82,96,51,64,23,21,0,9
train_00240,training_writers,long_sweep,0.35612489,0.47000000,1.31976171,34,76,0,41,7,0,62,0,100,33,95,74,49,100,0,83,0
train_00241,training_writers,compact_trace,0.54237280,0.32000000,0.59000009,52,80,84,100,100,75,58,53,91,48,89,10,44,0,0,16,3
train_00242,training_writers,long_sweep,0.34025866,0.47000000,1.38130210,33,93,8,58,0,20,35,0,78,21,100,55,94,93,48,100,0
train_00243,training_writers,compact_trace,0.53987970,0.32000000,0.59272464,0,93,45,100,74,75,57,37,35,0,25,24,53,41,100,37,7
train_00244,training_writers,long_sweep,0.36185794,0.47000000,1.29885226,100,75,95,100,24,81,38,44,69,8,0,0,45,33,96,64,8
train_00245,training_writers,long_sweep,0.34208388,0.47000000,1.37393201,9,61,25,100,59,72,42,27,0,5,5,24,53,16,100,0,2
train_00246,training_writers,long_sweep,0.34927923,0.47000000,1.34562825,65,96,81,66,100,100,40,92,71,64,93,45,65,5,0,0,9
train_00247,training_writers,long_sweep,0.36458085,0.47000000,1.28915163,77,100,53,90,0,43,13,0,86,34,100,84,73,51,10,9,0
train_00248,training_writers,rising_tail,0.24616499,0.43000000,1.74679594,0,0,38,13,71,34,94,61,100,90,63,100,44,76,73,53,9
train_00249,training_writers,long_sweep,0.35409114,0.47000000,1.32734188,49,54,100,78,65,100,0,82,12,60,90,64,95,33,86,0,9
train_00250,training_writers,compact_trace,0.52445395,0.32000000,0.61015843,0,45,0,61,48,82,100,100,97,78,72,51,45,24,33,0,1
train_00251,training_writers,long_sweep,0.33793754,0.47000000,1.39078954,73,100,43,70,0,42,25,41,100,45,90,64,63,32,54,0,4
train_00252,training_writers,long_sweep,0.34951837,0.47000000,1.34470759,100,100,71,95,30,64,1,27,32,0,82,19,54,51,0,48,6
train_00253,training_writers,long_sweep,0.34345724,0.47000000,1.36843819,0,82,40,100,80,80,43,53,54,45,100,25,63,0,3,4,3
train_00254,training_writers,compact_trace,0.53787118,0.32000000,0.59493799,0,74,28,100,69,99,79,63,59,28,28,0,57,0,100,2,2
train_00255,training_writers,compact_trace,0.52211545,0.32000000,0.61289126,100,100,68,78,37,55,13,29,11,0,51,2,41,20,0,20,6
train_00256,training_writers,long_sweep,0.36051643,0.47000000,1.30368540,22,98,0,75,4,18,55,0,100,36,84,89,34,100,21,46,0
train_00257,training_writers,long_sweep,0.36470232,0.47000000,1.28872225,100,100,14,90,74,55,79,97,37,62,0,39,36,0,39,44,8
train_00258,training_writers,long_sweep,0.35884757,0.47000000,1.30974831,67,97,19,74,0,30,34,0,79,32,100,76,58,100,10,73,0
train_00259,training_writers,long_sweep,0.36833350,0.47000000,1.27601752,86,100,0,95,32,56,100,22,30,0,5,36,80,68,52,99,8
train_00260,training_writers,long_sweep,0.34716064,0.47000000,1.35384010,76,82,34,77,0,84,55,100,100,85,77,52,38,25,3,0,9
train_00261,training_writers,compact_trace,0.54705060,0.32000000,0.58495503,34,79,66,100,83,72,52,51,100,49,91,13,43,0,0,14,3
train_00262,training_writers,long_sweep,0.36669285,0.47000000,1.28172664,0,68,73,45,100,8,20,0,37,38,92,72,85,100,7,81,8
train_00263,training_writers,compact_trace,0.51111890,0.32000000,0.62607742,100,92,64,100,37,77,20,50,11,21,22,0,35,26,0,40,6
train_00264,training_writers,compact_trace,0.54493481,0.32000000,0.58722620,85,100,56,72,42,39,55,7,100,0,95,30,46,37,0,23,6
train_00265,training_writers,long_sweep,0.34449200,0.47000000,1.36432776,28,75,57,100,93,82,71,51,33,26,0,0,49,5,100,16,2
train_00266,training_writers,long_sweep,0.35675656,0.47000000,1.31742497,31,88,5,50,4,8,57,0,100,30,100,71,56,100,0,92,0
train_00267,training_writers,long_sweep,0.34885304,0.47000000,1.34727218,62,45,95,75,69,100,4,86,0,59,74,57,100,32,94,0,9
train_00268,training_writers,compact_trace,0.50287736,0.32000000,0.63633805,0,89,41,94,87,100,100,98,80,75,68,50,59,25,60,0,7
train_00269,training_writers,long_sweep,0.35757013,0.47000000,1.31442748,38,73,5,64,0,15,53,0,98,34,100,83,47,100,20,60,0
train_00270,training_writers,long_sweep,0.36677276,0.47000000,1.28144740,56,83,28,61,90,23,24,0,22,40,100,72,72,100,0,72,8
train_00271,training_writers,long_sweep,0.36628449,0.47000000,1.28315562,76,85,0,100,16,63,81,31,69,0,6,25,34,64,100,95,8
train_00272,training_writers,compact_trace,0.50007758,0.32000000,0.63990072,3,100,4,83,0,56,15,31,60,28,100,42,91,26,88,0,4
train_00273,training_writers,compact_trace,0.52473176,0.32000000,0.60983540,70,100,46,70,12,38,0,25,52,29,100,41,96,38,90,0,4
train_00274,training_writers,long_sweep,0.35074536,0.47000000,1.34000347,65,100,25,93,0,56,11,16,60,0,100,20,50,28,9,1,6
train_00275,training_writers,long_sweep,0.34611794,0.47000000,1.35791864,100,100,50,98,16,67,0,30,26,0,80,8,81,34,29,24,6
train_00276,training_writers,compact_trace,0.50539116,0.32000000,0.63317292,13,100,8,93,0,66,8,41,57,40,100,50,82,25,69,0,4
train_00277,training_writers,long_sweep,0.35810055,0.47000000,1.31248052,10,97,2,47,24,1,74,0,100,43,82,90,33,100,0,65,0
train_00278,training_writers,compact_trace,0.52953462,0.32000000,0.60430421,28,55,63,78,100,100,75,71,56,42,35,13,0,0,25,0,1
train_00279,training_writers,long_sweep,0.33963569,0.47000000,1.38383570,41,79,47,100,84,94,71,52,42,16,0,3,49,7,100,0,2
train_00280,training_writers,compact_trace,0.53833465,0.32000000,0.59442579,0,80,30,100,74,81,82,43,75,4,39,0,44,16,100,20,7
train_00281,training_writers,compact_trace,0.54708704,0.32000000,0.58491607,33,80,23,100,87,96,97,68,79,44,100,16,44,0,0,22,3
train_00282,training_writers,long_sweep,0.36047033,0.47000000,1.30385211,45,100,1,67,0,24,69,24,100,48,73,98,80,53,90,0,4
train_00283,training_writers,compact_trace,0.50611653,0.32000000,0.63226546,100,96,66,100,63,85,85,88,78,53,66,20,35,0,0,12,9
train_00284,training_writers,compact_trace,0.53633563,0.32000000,0.59664133,100,100,62,83,36,57,23,26,42,0,81,10,43,23,0,18,6
train_00285,training_writers,compact_trace,0.52901313,0.32000000,0.60489992,100,97,56,100,22,83,18,50,53,47,68,22,37,0,0,6,5
train_00286,training_writers,compact_trace,0.53585864,0.32000000,0.59717242,36,69,33,100,64,85,43,48,0,21,6,19,57,0,100,20,2
train_00287,training_writers,long_sweep,0.34433954,0.47000000,1.36493184,100,100,59,78,25,52,0,24,16,0,79,8,70,29,7,27,6
train_00288,training_writers,long_sweep,0.35553248,0.47000000,1.32196081,0,95,52,100,100,79,83,44,67,8,45,0,3,30,84,38,7
train_00289,training_writers,long_sweep,0.35241468,0.47000000,1.33365615,92,100,61,85,31,57,10,29,21,0,100,7,69,27,0,13,6
train_00290,training_writers,long_sweep,0.35289030,0.47000000,1.33185866,93,91,40,100,15,79,23,36,72,53,100,21,57,0,0,6,5
train_00291,training_writers,compact_trace,0.53760298,0.32000000,0.59523480,23,76,52,100,100,98,79,71,63,50,82,19,49,0,0,7,3
train_00292,training_writers,compact_trace,0.54456131,0.32000000,0.58762897,28,71,43,100,76,79,49,47,11,21,0,0,50,1,100,4,2
train_00293,training_writers,long_sweep,0.34206344,0.47000000,1.37401414,100,100,63,94,20,73,13,44,70,47,89,19,46,0,0,7,5
train_00294,training_writers,compact_trace,0.54644723,0.32000000,0.58560092,100,100,54,90,17,66,0,35,16,5,66,0,66,29,22,47,6
train_00295,training_writers,long_sweep,0.33943194,0.47000000,1.38466640,74,100,30,76,0,50,55,49,100,72,77,56,52,28,35,0,4
train_00296,training_writers,compact_trace,0.53374997,0.32000000,0.59953165,39,81,72,100,100,77,71,51,95,43,95,16,50,0,0,1,3
train_00297,training_writers,long_sweep,0.35811173,0.47000000,1.31243954,41,53,60,100,100,89,70,42,33,0,72,16,54,62,0,72,8
train_00298,training_writers,compact_trace,0.51743421,0.32000000,0.61843611,0,84,34,100,67,85,60,44,31,19,26,20,64,13,100,0,2
train_00299,training_writers,long_sweep,0.35422642,0.47000000,1.32683496,29,88,23,57,73,40,51,0,0,13,12,58,42,94,100,100,5
train_00300,training_writers,compact_trace,0.53991991,0.32000000,0.59268050,11,84,52,100,100,96,83,66,72,50,87,16,45,0,0,11,3
train_00301,training_writers,compact_trace,0.53856775,0.32000000,0.59416852,54,85,100,100,99,98,49,86,23,60,63,34,50,1,0,0,5
train_00302,training_writers,long_sweep,0.34978089,0.47000000,1.34369834,0,94,46,100,100,97,82,62,48,30,17,0,18,34,74,38,7
train_00303,training_writers,compact_trace,0.51307654,0.32000000,0.62368862,47,100,19,81,0,58,19,39,61,38,100,42,82,23,62,0,4
train_00304,training_writers,long_sweep,0.33842894,0.47000000,1.38877014,13,78,45,100,97,87,69,58,76,47,100,15,49,0,0,19,3
train_00305,training_writers,compact_trace,0.52644918,0.32000000,0.60784595,100,100,55,98,26,81,40,67,78,55,74,25,43,1,0,0,5
train_00306,training_writers,compact_trace,0.51033516,0.32000000,0.62703891,0,32,29,55,63,78,100,100,90,75,88,50,84,25,80,0,1
train_00307,training_writers,compact_trace,0.52854493,0.32000000,0.60543575,0,73,28,92,73,100,100,81,85,55,58,32,36,8,79,0,2
train_00308,training_writers,compact_trace,0.52127425,0.32000000,0.61388031,100,97,66,100,30,88,24,55,54,59,61,27,38,0,0,1,5
train_00309,training_writers,long_sweep,0.36211922,0.47000000,1.29791508,92,65,50,100,0,82,47,46,87,6,42,0,54,45,100,79,8
train_00310,training_writers,long_sweep,0.36592115,0.47000000,1.28442974,9,32,60,62,80,100,6,93,36,56,100,27,57,0,0,25,8
train_00311,training_writers,compact_trace,0.52092537,0.32000000,0.61429145,42,100,34,73,0,42,2,42,62,36,100,59,92,35,87,0,4
train_00312,training_writers,long_sweep,0.36129022,0.47000000,1.30089324,0,78,40,100,97,78,69,39,44,0,100,7,35,37,22,73,8
train_00313,training_writers,long_sweep,0.34647987,0.47000000,1.35650018,43,100,98,96,77,97,37,70,60,53,100,20,47,0,0,14,5
train_00314,training_writers,compact_trace,0.54190953,0.32000000,0.59050447,100,74,46,65,0,78,36,100,78,88,80,58,78,28,88,0,9
train_00315,training_writers,compact_trace,0.53556987,0.32000000,0.59749440,33,78,66,100,91,86,64,60,100,42,82,10,41,0,0,7,3
train_00316,training_writers,long_sweep,0.36002226,0.47000000,1.30547482,10,86,0,44,33,0,80,9,100,65,64,100,22,74,32,20,0
train_00317,training_writers,compact_trace,0.53912862,0.32000000,0.59355038,0,85,32,100,76,91,70,65,38,43,11,20,50,6,100,0,2
train_00318,training_writers,long_sweep,0.34730350,0.47000000,1.35328323,0,84,40,100,76,71,65,33,32,0,5,28,42,44,100,46,7
train_00319,training_writers,long_sweep,0.35756554,0.47000000,1.31444435,21,82,13,55,54,100,27,87,38,37,40,0,0,7,100,5,1
train_00320,training_writers,compact_trace,0.54716632,0.32000000,0.58483131,0,65,46,91,50,100,50,62,52,23,4,2,12,5,100,0,1
train_00321,training_writers,compact_trace,0.52873614,0.32000000,0.60521681,36,63,0,67,53,84,100,100,83,74,66,47,53,21,51,0,1
train_00322,training_writers,compact_trace,0.52752863,0.32000000,0.60660215,10,100,24,93,0,61,0,37,69,35,100,57,80,34,70,0,4
train_00323,training_writers,compact_trace,0.53270967,0.32000000,0.60070244,0,88,41,100,73,80,64,40,49,0,40,13,49,42,100,46,7
train_00324,training_writers,compact_trace,0.53651492,0.32000000,0.59644194,0,89,41,100,89,93,100,62,84,31,64,0,27,17,54,34,7
train_00325,training_writers,long_sweep,0.35616129,0.47000000,1.31962686,55,76,22,68,66,29,39,0,52,32,100,68,69,100,0,86,8
train_00326,training_writers,compact_trace,0.51791767,0.32000000,0.61785881,0,52,37,73,76,94,100,100,75,75,53,49,35,22,28,0,1
train_00327,training_writers,long_sweep,0.33903763,0.47000000,1.38627680,45,92,19,94,42,68,58,100,89,69,100,24,55,0,0,3,9
train_00328,training_writers,long_sweep,0.35765207,0.47000000,1.31412631,27,100,2,56,12,8,62,0,100,33,94,79,46,94,0,72,0
train_00329,training_writers,long_sweep,0.35206797,0.47000000,1.33496948,100,100,66,100,25,69,0,35,14,0,77,0,72,34,10,51,6
train_00330,training_writers,long_sweep,0.35308515,0.47000000,1.33112366,38,76,58,100,21,65,0,27,44,0,100,22,45,36,22,8,6
train_00331,training_writers,long_sweep,0.36763249,0.50000000,1.36005389,24,66,100,89,30,66,88,32,34,0,0,34,61,72,77,100,8
train_00332,training_writers,compact_trace,0.51288833,0.32000000,0.62391749,37,100,57,91,47,50,22,20,0,17,33,17,66,4,100,0,2
train_00333,training_writers,compact_trace,0.54472642,0.32000000,0.58745085,5,85,50,100,79,77,54,50,85,44,100,22,56,2,0,0,3
train_00334,training_writers,long_sweep,0.36615425,0.47000000,1.28361203,93,100,5,96,42,65,85,32,58,0,0,14,36,47,100,74,8
train_00335,training_writers,compact_trace,0.52343685,0.32000000,0.61134404,0,89,28,100,64,85,43,61,9,44,23,21,62,11,100,0,2
train_00336,training_writers,long_sweep,0.36592969,0.47000000,1.28439974,43,99,8,68,73,74,62,25,0,0,7,49,20,96,100,100,5
train_00337,training_writers,long_sweep,0.34134686,0.47000000,1.37689857,22,83,62,100,92,78,51,53,55,37,100,17,55,0,0,7,3
train_00338,training_writers,long_sweep,0.35742178,0.47000000,1.31497301,100,100,44,91,7,60,0,24,46,0,99,24,41,30,19,0,6
train_00339,training_writers,compact_trace,0.53951143,0.32000000,0.59312923,0,83,37,100,81,90,65,61,100,45,97,15,54,0,14,7,3
train_00340,training_writers,compact_trace,0.54506835,0.32000000,0.58708233,0,76,24,100,65,97,61,63,40,31,6,5,51,2,100,0,2
train_00341,training_writers,compact_trace,0.51645169,0.32000000,0.61961266,0,95,35,100,59,78,61,52,46,27,22,5,56,0,100,1,2
train_00342,training_writers,long_sweep,0.34447747,0.47000000,1.36438531,100,100,57,78,25,53,12,26,30,0,88,7,65,28,0,21,6
train_00343,training_writers,compact_trace,0.51300060,0.32000000,0.62378095,5,79,19,100,25,66,14,32,0,3,34,0,66,5,100,7,2
train_00344,training_writers,compact_trace,0.54250711,0.32000000,0.58985402,50,86,17,60,0,27,21,0,70,9,100,37,91,70,63,100,0
train_00345,training_writers,long_sweep,0.36089111,0.47000000,1.30233189,86,79,47,100,18,62,65,27,66,0,0,3,46,39,100,71,8
train_00346,training_writers,long_sweep,0.35968661,0.47000000,1.30669306,38,96,49,68,74,100,24,87,91,80,100,30,54,0,0,32,9
train_00347,training_writers,long_sweep,0.34089527,0.47000000,1.37872256,0,100,65,99,70,66,51,33,32,0,15,12,29,39,100,44,7
train_00348,training_writers,long_sweep,0.34399948,0.50000000,1.45349058,0,69,10,54,67,37,47,0,14,13,17,54,34,92,100,100,5
train_00349,training_writers,long_sweep,0.34757449,0.47000000,1.35222814,73,100,49,62,0,38,56,43,100,57,88,78,65,39,49,0,4
train_00350,training_writers,compact_trace,0.53827721,0.32000000,0.59448922,40,84,61,100,87,83,53,60,96,47,100,23,55,5,0,0,3
train_00351,training_writers,compact_trace,0.50710882,0.32000000,0.63102826,0,75,45,85,100,100,84,80,71,59,58,37,55,15,63,0,1
train_00352,training_writers,compact_trace,0.53691771,0.32000000,0.59599449,44,60,0,77,47,99,100,100,84,75,75,50,75,24,100,0,1
train_00353,training_writers,compact_trace,0.53586324,0.32000000,0.59716729,100,100,75,83,43,57,20,28,31,0,77,6,48,24,0,24,6
train_00354,training_writers,long_sweep,0.34864215,0.47000000,1.34808716,100,99,56,100,31,65,87,73,98,90,94,48,61,13,0,0,9
train_00355,training_writers,long_sweep,0.34594659,0.47000000,1.35859122,0,56,5,14,47,0,86,25,100,66,76,100,34,80,6,45,0
train_00356,training_writers,long_sweep,0.33821629,0.47000000,1.38964332,19,88,62,100,100,81,83,48,47,23,0,6,18,0,72,1,2
train_00357,training_writers,rising_tail,0.26752190,0.43000000,1.60734504,11,50,0,16,38,0,79,8,100,46,76,84,37,100,0,84,0
train_00358,training_writers,long_sweep,0.34599152,0.47000000,1.35841481,32,76,70,100,100,72,66,38,7,19,0,33,59,18,91,0,2
train_00359,training_writers,long_sweep,0.34602992,0.47000000,1.35826406,86,78,48,100,14,72,19,35,2,0,0,29,49,59,100,88,8
train_00360,training_writers,long_sweep,0.36336169,0.47000000,1.29347702,24,87,0,62,7,0,61,0,100,44,80,100,29,93,7,36,0
train_00361,training_writers,compact_trace,0.53818684,0.32000000,0.59458905,13,71,40,100,65,69,41,34,0,12,2,8,51,6,100,0,2
train_00362,training_writers,long_sweep,0.34415246,0.47000000,1.36567380,100,100,51,85,18,58,0,28,17,0,78,1,68,20,8,12,6
train_00363,training_writers,long_sweep,0.34711064,0.47000000,1.35403512,80,100,32,81,7,52,0,21,40,0,100,9,88,30,28,22,6
train_00364,training_writers,compact_trace,0.50810033,0.32000000,0.62979688,0,58,4,67,42,83,79,100,100,98,81,66,65,34,66,0,1
train_00365,training_writers,long_sweep,0.34118468,0.47000000,1.37755306,0,82,47,100,75,72,52,35,22,0,16,22,41,48,100,52,7
train_00366,training_writers,long_sweep,0.34745499,0.47000000,1.35269320,97,66,77,100,8,96,0,67,69,72,100,73,92,36,86,0,9
train_00367,training_writers,compact_trace,0.52457798,0.32000000,0.61001417,40,76,62,100,62,69,34,40,0,16,12,11,57,10,100,0,2
train_00368,training_writers,compact_trace,0.54609317,0.32000000,0.58598059,25,76,45,100,77,66,57,25,9,3,0,7,53,6,100,0,2
train_00369,training_writers,compact_trace,0.51842409,0.32000000,0.61725527,15,100,8,70,0,39,19,20,78,21,100,43,76,30,72,0,4
train_00370,training_writers,long_sweep,0.35747099,0.47000000,1.31479200,21,100,12,66,64,49,52,0,10,16,0,72,43,94,100,94,5
train_00371,training_writers,compact_trace,0.54731980,0.32000000,0.58466732,17,82,56,100,100,90,64,66,85,40,94,12,48,3,0,0,3
train_00372,training_writers,long_sweep,0.34535746,0.47000000,1.36090879,39,100,0,82,22,55,100,63,62,99,62,81,59,40,60,0,4
train_00373,training_writers,compact_trace,0.51992268,0.32000000,0.61547613,0,82,26,100,51,80,43,50,24,22,12,2,57,1,100,0,2
train_00374,training_writers,compact_trace,0.54427436,0.32000000,0.58793877,30,81,70,100,69,65,39,31,0,5,7,18,52,0,100,4,2
train_00375,training_writers,long_sweep,0.35900431,0.47000000,1.30917649,100,100,26,97,1,66,45,33,29,0,0,26,38,61,87,93,8
train_00376,training_writers,long_sweep,0.35720468,0.47000000,1.31577224,21,85,8,46,61,47,39,0,0,13,11,66,35,98,100,100,5
train_00377,training_writers,long_sweep,0.35922322,0.47000000,1.30837867,17,96,0,45,26,0,73,1,100,48,88,100,44,99,23,52,0
train_00378,training_writers,long_sweep,0.35990791,0.47000000,1.30588961,73,98,0,95,16,60,84,29,70,0,45,35,100,69,88,100,8
train_00379,training_writers,long_sweep,0.35128740,0.47000000,1.33793585,18,78,53,100,90,81,43,57,90,55,100,22,52,0,0,16,3
train_00380,training_writers,long_sweep,0.35136726,0.47000000,1.33763175,9,86,1,51,27,11,76,0,100,39,84,83,37,100,0,69,0
train_00381,training_writers,long_sweep,0.35175553,0.47000000,1.33615526,0,100,67,94,83,65,57,33,41,0,0,20,29,31,100,32,7
train_00382,training_writers,compact_trace,0.52164441,0.32000000,0.61344471,35,98,76,100,80,72,67,54,100,34,77,9,35,0,0,7,3
train_00383,training_writers,compact_trace,0.54360143,0.32000000,0.58866658,33,100,10,76,0,48,4,20,43,0,100,10,81,31,21,25,6
train_00384,training_writers,long_sweep,0.35820678,0.47000000,1.31209129,10,78,40,100,100,99,70,53,29,12,0,0,7,45,70,55,7
train_00385,training_writers,compact_trace,0.53256201,0.32000000,0.60086899,54,78,77,100,64,60,36,27,0,2,12,4,56,2,100,0,2
train_00386,training_writers,compact_trace,0.51109849,0.32000000,0.62610242,0,36,35,56,68,78,100,100,94,76,80,51,70,25,70,0,1
train_00387,training_writers,long_sweep,0.35196840,0.47000000,1.33534714,89,100,56,85,0,62,44,50,100,54,82,77,52,38,20,0,4
train_00388,training_writers,long_sweep,0.34729987,0.47000000,1.35329737,7,86,0,62,15,20,62,0,100,31,96,73,53,100,8,78,0
train_00389,training_writers,compact_trace,0.50363384,0.32000000,0.63538224,0,98,4,100,59,100,100,87,96,64,75,43,51,22,40,0,7
train_00390,training_writers,long_sweep,0.34726735,0.47000000,1.35342408,0,99,50,100,100,91,54,57,32,0,69,13,70,28,31,23,7
train_00391,training_writers,long_sweep,0.34572780,0.47000000,1.35945098,51,100,21,77,2,49,0,20,45,0,100,17,51,27,4,7,6
train_00392,training_writers,long_sweep,0.35723859,0.47000000,1.31564734,63,77,30,100,0,59,12,13,67,0,100,37,88,83,34,88,0
train_00393,training_writers,compact_trace,0.52637247,0.32000000,0.60793453,0,83,11,100,56,93,53,67,66,42,100,20,73,1,16,0,3
train_00394,training_writers,long_sweep,0.36020662,0.47000000,1.30480668,100,66,56,100,23,73,77,34,65,0,0,24,55,58,73,77,8
train_00395,training_writers,long_sweep,0.34178368,0.47000000,1.37513879,100,100,54,85,21,57,0,27,23,0,75,7,57,29,3,23,6
train_00396,training_writers,compact_trace,0.52702905,0.32000000,0.60717716,100,100,62,86,30,66,7,41,0,12,36,0,59,18,17,25,6
train_00397,training_writers,long_sweep,0.34127118,0.47000000,1.37720391,23,83,0,48,10,9,53,0,91,23,100,63,75,97,31,100,0
train_00398,training_writers,long_sweep,0.36442956,0.47000000,1.28968682,39,76,74,40,83,2,11,0,50,35,100,67,73,100,0,81,8
train_00399,training_writers,long_sweep,0.34350734,0.47000000,1.36823859,37,79,78,100,94,68,60,37,10,19,0,31,55,24,100,0,2
train_00400,training_writers,compact_trace,0.54314399,0.32000000,0.58916237,22,75,47,100,74,82,47,53,84,44,100,17,54,0,0,9,3
train_00401,training_writers,long_sweep,0.34140726,0.47000000,1.37665496,12,86,62,100,92,86,54,64,81,46,100,22,62,0,0,5,3
train_00402,training_writers,long_sweep,0.34581660,0.47000000,1.35910189,79,97,0,100,9,73,89,87,100,95,79,63,60,30,57,0,9
train_00403,training_writers,compact_trace,0.54586476,0.32000000,0.58622579,0,89,10,55,51,30,48,0,18,23,20,66,49,94,100,100,5
train_00404,training_writers,compact_trace,0.52000906,0.32000000,0.61537390,0,71,39,81,74,99,100,100,78,75,53,50,28,26,11,0,1
train_00405,training_writers,long_sweep,0.36164813,0.47000000,1.29960576,89,100,38,83,0,44,2,0,61,2,100,40,100,88,45,98,0
train_00406,training_writers,long_sweep,0.36019602,0.47000000,1.30484505,64,60,76,100,13,99,39,75,100,87,98,44,65,6,0,0,9
train_00407,training_writers,long_sweep,0.34773289,0.47000000,1.35161217,76,100,34,77,7,48,0,17,47,0,100,13,78,37,21,29,6
train_00408,training_writers,compact_trace,0.54019913,0.32000000,0.59237415,35,61,54,100,58,76,54,31,78,0,100,6,36,5,0,8,1
train_00409,training_writers,long_sweep,0.34994611,0.47000000,1.34306393,84,100,37,82,7,55,0,25,35,0,100,7,85,30,23,19,6
train_00410,training_writers,compact_trace,0.53918057,0.32000000,0.59349319,44,83,70,100,93,77,59,50,93,44,100,16,53,0,0,3,3
train_00411,training_writers,long_sweep,0.34826601,0.47000000,1.34954314,0,99,48,100,100,96,90,55,58,15,33,0,40,40,92,37,7
train_00412,training_writers,long_sweep,0.36061921,0.47000000,1.30331380,72,83,49,100,61,58,82,17,0,0,25,33,100,61,75,92,8
train_00413,training_writers,compact_trace,0.52176684,0.32000000,0.61330076,0,72,62,95,74,100,69,74,72,49,79,23,51,0,100,0,1
train_00414,training_writers,compact_trace,0.54627458,0.32000000,0.58578600,23,63,31,100,64,84,54,45,28,10,0,5,50,3,100,0,2
train_00415,training_writers,long_sweep,0.33896260,0.47000000,1.38658363,100,81,83,96,26,100,0,88,16,54,69,40,87,6,34,0,5
train_00416,training_writers,long_sweep,0.36323689,0.47000000,1.29392145,22,77,89,62,98,100,32,87,68,63,100,55,81,11,0,0,9
train_00417,training_writers,compact_trace,0.54157947,0.32000000,0.59086434,29,72,52,100,63,58,39,17,0,0,18,17,59,10,100,3,2
train_00418,training_writers,compact_trace,0.54687736,0.32000000,0.58514033,12,76,47,100,100,98,97,72,52,54,74,30,52,5,0,0,3
train_00419,training_writers,compact_trace,0.51858419,0.32000000,0.61706470,9,100,0,72,7,44,62,28,100,45,86,55,68,27,55,0,4
train_00420,training_writers,compact_trace,0.50565296,0.32000000,0.63284511,0,96,45,98,100,100,97,83,77,62,60,39,52,17,55,0,7
train_00421,training_writers,compact_trace,0.54098448,0.32000000,0.59151420,0,92,39,100,67,79,50,37,24,0,17,22,52,41,100,46,7
train_00422,training_writers,long_sweep,0.36423671,0.47000000,1.29036966,31,93,12,78,71,36,31,0,21,33,100,65,69,100,0,78,8
train_00423,training_writers,compact_trace,0.53043711,0.32000000,0.60327605,54,100,28,76,5,51,0,28,66,27,100,49,82,25,69,0,4
train_00424,training_writers,long_sweep,0.34047958,0.47000000,1.38040586,12,82,41,100,84,84,54,51,88,43,100,10,50,0,0,6,3
train_00425,training_writers,long_sweep,0.36756486,0.47000000,1.27868589,29,74,97,77,100,100,0,84,2,59,100,71,44,35,7,0,9
train_00426,training_writers,compact_trace,0.54289129,0.32000000,0.58943661,0,98,40,100,78,88,59,42,32,0,28,14,47,41,100,42,7
train_00427,training_writers,long_sweep,0.36401716,0.47000000,1.29114792,64,100,34,73,100,39,94,3,0,0,38,38,90,74,76,95,8
train_00428,training_writers,long_sweep,0.34025972,0.47000000,1.38129778,100,97,50,100,12,88,6,48,37,47,78,25,50,0,0,2,5
train_00429,training_writers,compact_trace,0.54371575,0.32000000,0.58854282,7,89,0,45,16,5,51,0,84,20,100,61,84,100,50,98,0
train_00430,training_writers,compact_trace,0.52648725,0.32000000,0.60780200,49,86,50,100,100,96,81,66,82,40,87,9,38,0,0,22,3
train_00431,training_writers,long_sweep,0.35656422,0.47000000,1.31813564,6,74,0,32,38,0,90,14,100,64,67,100,18,78,16,34,0
train_00432,training_writers,long_sweep,0.35920716,0.47000000,1.30843717,77,60,77,100,10,90,15,49,40,8,0,0,32,34,100,55,8
train_00433,training_writers,compact_trace,0.52170453,0.32000000,0.61337402,38,100,18,81,0,52,36,38,95,42,100,60,83,31,85,0,4
train_00434,training_writers,long_sweep,0.34810214,0.47000000,1.35017842,0,99,51,100,100,96,72,59,56,16,41,0,24,39,81,50,7
train_00435,training_writers,long_sweep,0.35227119,0.47000000,1.33419936,99,100,61,78,37,40,41,0,99,0,100,33,47,50,0,28,6
train_00436,training_writers,long_sweep,0.35417851,0.47000000,1.32701444,33,100,0,66,28,40,55,12,1,0,10,46,44,84,100,92,5
train_00437,training_writers,compact_trace,0.52394477,0.32000000,0.61075140,4,80,0,100,37,82,33,53,5,28,4,6,52,2,100,0,2
train_00438,training_writers,compact_trace,0.50621585,0.32000000,0.63214140,0,79,31,94,68,100,100,88,94,62,74,39,51,18,64,0,2
train_00439,training_writers,long_sweep,0.35243444,0.47000000,1.33358136,48,100,39,64,0,31,89,31,100,59,77,85,71,42,63,0,4
train_00440,training_writers,long_sweep,0.35964205,0.47000000,1.30685498,84,81,39,100,0,66,9,18,60,0,100,33,89,80,36,92,0
train_00441,training_writers,compact_trace,0.51874443,0.32000000,0.61687409,26,89,64,100,81,82,73,61,100,37,81,11,41,0,0,5,3
train_00442,training_writers,long_sweep,0.35420072,0.47000000,1.32693124,31,88,6,58,14,13,64,0,100,33,96,77,49,100,0,81,0
train_00443,training_writers,compact_trace,0.53577628,0.32000000,0.59726422,0,84,25,100,58,74,51,37,38,0,15,20,43,33,100,32,7
train_00444,training_writers,compact_trace,0.51610892,0.32000000,0.62002416,42,79,67,100,78,79,71,60,100,39,85,10,41,0,0,14,3
train_00445,training_writers,compact_trace,0.53411895,0.32000000,0.59911748,15,90,57,100,82,85,60,62,100,47,86,23,44,8,0,0,3
train_00446,training_writers,compact_trace,0.54456486,0.32000000,0.58762513,15,97,0,76,33,46,95,59,100,100,83,83,87,41,97,0,4
train_00447,training_writers,compact_trace,0.52784272,0.32000000,0.60624119,58,85,100,100,87,94,52,72,59,43,85,27,47,2,0,0,5
train_00448,training_writers,long_sweep,0.36025781,0.47000000,1.30462126,32,95,100,100,55,95,0,71,7,45,73,33,78,7,11,0,5
train_00449,training_writers,compact_trace,0.52301754,0.32000000,0.61183416,0,94,44,100,84,82,100,47,93,10,90,0,88,23,41,26,7
train_00450,training_writers,long_sweep,0.34212833,0.47000000,1.37375353,0,95,50,100,100,86,90,49,66,15,49,0,23,32,76,41,7
train_00451,training_writers,compact_trace,0.51022284,0.32000000,0.62717694,0,100,17,94,8,64,24,37,70,41,100,57,87,28,100,0,4
train_00452,training_writers,compact_trace,0.50461831,0.32000000,0.63414266,66,94,100,100,81,96,50,81,47,50,54,19,26,0,0,12,5
train_00453,training_writers,long_sweep,0.35393746,0.47000000,1.32791821,44,97,9,62,0,13,41,0,82,26,100,72,63,100,17,92,0
train_00454,training_writers,compact_trace,0.52981378,0.32000000,0.60398580,72,100,36,98,39,81,82,99,100,84,70,48,37,16,0,0,9
train_00455,training_writers,compact_trace,0.50437494,0.32000000,0.63444864,0,65,37,82,82,100,100,90,86,65,70,39,55,14,49,0,1
train_00456,training_writers,long_sweep,0.35747019,0.47000000,1.31479495,35,96,100,100,44,93,0,73,27,60,85,46,76,17,21,0,5
train_00457,training_writers,compact_trace,0.54276958,0.32000000,0.58956878,32,72,57,100,76,71,56,35,21,7,0,4,51,0,100,6,2
train_00458,training_writers,long_sweep,0.34337271,0.47000000,1.36877505,100,100,81,81,39,55,0,28,8,0,75,4,66,31,12,25,6
train_00459,training_writers,long_sweep,0.34405246,0.47000000,1.36607074,15,72,47,100,88,89,52,60,75,35,100,7,50,0,0,11,3
train_00460,training_writers,compact_trace,0.51860833,0.32000000,0.61703598,0,64,47,81,100,100,91,84,65,62,47,40,42,17,63,0,1
train_00461,training_writers,compact_trace,0.53792861,0.32000000,0.59487448,51,91,86,100,70,66,43,34,8,6,0,11,49,10,100,0,2
train_00462,training_writers,compact_trace,0.52797454,0.32000000,0.60608983,41,82,77,98,100,100,59,90,28,69,54,42,39,13,0,0,5
train_00463,training_writers,compact_trace,0.54332146,0.32000000,0.58896993,80,100,31,86,63,74,100,95,83,70,81,41,56,15,0,0,9
train_00464,training_writers,compact_trace,0.51955184,0.32000000,0.61591544,100,82,76,100,57,78,99,87,92,68,67,40,38,14,0,0,9
train_00465,training_writers,long_sweep,0.35371977,0.47000000,1.32873547,33,76,48,100,100,97,74,50,44,4,77,0,39,40,0,79,8
train_00466,training_writers,long_sweep,0.35031637,0.47000000,1.34164439,86,71,72,100,32,75,55,35,42,0,0,17,48,45,100,70,8
train_00467,training_writers,long_sweep,0.34251663,0.47000000,1.37219616,31,100,4,70,0,37,66,36,100,50,66,68,36,34,14,0,4
train_00468,training_writers,compact_trace,0.54397134,0.32000000,0.58826628,0,87,32,100,75,90,64,45,49,0,82,10,100,33,54,37,7
train_00469,training_writers,compact_trace,0.53652475,0.32000000,0.59643101,100,95,87,100,49,74,16,43,6,6,52,0,48,29,0,39,6
train_00470,training_writers,long_sweep,0.33841939,0.47000000,1.38880930,100,69,78,100,37,85,83,77,91,52,97,15,51,0,0,0,9
train_00471,training_writers,long_sweep,0.34958111,0.47000000,1.34446623,35,44,41,2,81,14,100,60,81,100,40,85,9,49,0,0,0
train_00472,training_writers,long_sweep,0.34080501,0.47000000,1.37908772,64,100,32,77,16,47,16,16,58,0,100,16,49,23,0,9,6
train_00473,training_writers,long_sweep,0.35441346,0.47000000,1.32613473,100,81,55,54,0,63,23,95,84,100,94,64,74,29,35,0,9
train_00474,training_writers,long_sweep,0.35578346,0.47000000,1.32102826,100,64,45,45,0,65,22,100,80,99,99,62,85,23,40,0,9
train_00475,training_writers,long_sweep,0.35866238,0.47000000,1.31042458,0,89,31,100,100,80,94,39,63,0,22,15,8,37,95,44,7
train_00476,training_writers,long_sweep,0.35386488,0.47000000,1.32819058,100,100,59,73,26,45,0,15,33,0,97,18,81,38,9,28,6
train_00477,training_writers,long_sweep,0.35658315,0.47000000,1.31806564,100,77,58,100,16,69,0,27,40,0,93,15,95,58,53,89,0
train_00478,training_writers,long_sweep,0.34267864,0.47000000,1.37154741,45,82,39,100,82,99,64,43,25,5,0,0,50,4,100,0,2
train_00479,training_writers,long_sweep,0.36484517,0.47000000,1.28821767,27,100,0,64,4,8,63,0,100,46,73,96,12,79,0,25,0
train_00480,training_writers,long_sweep,0.34343407,0.47000000,1.36853051,40,67,54,100,91,85,69,49,34,20,0,0,49,1,100,0,2
train_00481,training_writers,compact_trace,0.54666150,0.32000000,0.58537138,44,89,100,100,91,93,35,79,33,55,73,29,54,0,0,11,5
train_00482,training_writers,compact_trace,0.52343192,0.32000000,0.61134980,100,100,66,94,38,70,15,45,0,18,26,0,55,16,11,24,6
train_00483,training_writers,long_sweep,0.35736756,0.47000000,1.31517255,0,98,51,100,100,87,76,48,60,8,46,0,3,24,94,26,7
train_00484,training_writers,long_sweep,0.35201944,0.47000000,1.33515352,93,100,52,82,19,52,12,18,60,0,100,21,44,32,0,10,6
train_00485,training_writers,long_sweep,0.36318964,0.47000000,1.29408978,8,92,58,64,100,30,73,0,12,22,0,61,3,97,90,100,5
train_00486,training_writers,long_sweep,0.34983943,0.47000000,1.34347349,23,85,0,49,2,11,52,0,91,30,100,67,70,100,14,96,0
train_00487,training_writers,rising_tail,0.25809586,0.40000000,1.54981177,20,85,0,61,18,22,50,0,86,11,100,51,79,87,45,100,0
train_00488,training_writers,long_sweep,0.33940584,0.47000000,1.38477287,13,54,0,16,39,0,82,17,100,54,89,93,47,100,26,65,0
train_00489,training_writers,long_sweep,0.34206215,0.47000000,1.37401932,68,46,89,75,52,100,0,80,6,53,72,54,100,33,89,0,9
train_00490,training_writers,long_sweep,0.34731766,0.47000000,1.35322803,29,97,31,70,61,42,50,0,0,20,17,60,41,98,100,100,5
train_00491,training_writers,long_sweep,0.35142510,0.47000000,1.33741159,41,96,99,100,100,74,58,38,28,0,7,16,0,45,80,34,7
train_00492,training_writers,long_sweep,0.36071047,0.47000000,1.30298409,100,100,50,76,0,36,76,35,99,62,89,96,80,45,72,0,4
train_00493,training_writers,compact_trace,0.54413159,0.32000000,0.58809303,22,77,34,100,90,99,65,67,72,56,100,28,58,2,0,0,3
train_00494,training_writers,compact_trace,0.51989428,0.32000000,0.61550976,0,75,8,100,40,91,28,59,7,31,13,8,56,5,100,0,2
train_00495,training_writers,compact_trace,0.54379755,0.32000000,0.58845428,0,57,36,83,62,100,54,64,47,28,12,0,30,2,100,3,1
train_00496,training_writers,compact_trace,0.50955539,0.32000000,0.62799846,0,64,48,80,100,100,95,87,76,65,67,43,57,22,71,0,1
train_00497,training_writers,long_sweep,0.36462083,0.47000000,1.28901029,0,87,9,47,80,54,80,7,24,0,2,50,25,91,100,100,5
train_00498,training_writers,long_sweep,0.34387654,0.47000000,1.36676959,0,72,9,100,68,94,74,63,49,34,6,9,30,0,100,1,2
train_00499,training_writers,compact_trace,0.53741558,0.32000000,0.59544236,0,90,46,100,100,98,87,76,56,56,74,34,56,12,8,0,3
train_00500,training_writers,compact_trace,0.54481409,0.32000000,0.58735632,53,79,44,55,22,10,0,0,32,36,66,69,100,100,61,83,8
train_00501,training_writers,compact_trace,0.52490622,0.32000000,0.60963271,100,95,68,100,34,98,19,61,53,61,61,20,31,2,0,0,5
train_00502,training_writers,long_sweep,0.36543048,0.47000000,1.28615436,0,12,50,48,84,87,24,100,29,65,100,35,84,0,9,11,8
train_00503,training_writers,compact_trace,0.54330520,0.32000000,0.58898756,0,95,51,100,91,86,81,45,68,5,55,0,46,34,100,33,7
train_00504,training_writers,long_sweep,0.35652992,0.47000000,1.31826242,43,97,3,69,0,20,43,0,88,23,100,70,62,100,14,84,0
train_00505,training_writers,long_sweep,0.35144693,0.47000000,1.33732850,0,89,54,100,100,80,82,37,48,0,11,5,19,32,76,38,7
train_00506,training_writers,long_sweep,0.35899646,0.47000000,1.30920510,14,86,0,58,58,63,77,21,27,0,14,55,36,93,100,100,5
train_00507,training_writers,long_sweep,0.36320945,0.47000000,1.29401918,34,100,9,68,61,65,67,24,0,0,3,45,20,92,100,99,5
train_00508,training_writers,long_sweep,0.35954953,0.47000000,1.30719126,45,70,77,35,58,0,0,10,48,42,100,71,84,100,26,81,8
train_00509,training_writers,compact_trace,0.51090381,0.32000000,0.62634099,29,75,29,85,100,100,85,81,59,61,38,41,15,20,0,0,1
train_00510,training_writers,compact_trace,0.54656741,0.32000000,0.58547215,6,100,0,80,32,54,100,59,99,99,72,77,60,38,43,0,4
train_00511,training_writers,compact_trace,0.52115043,0.32000000,0.61402616,68,100,50,79,15,51,0,47,54,38,100,49,91,35,87,0,4
train_00512,training_writers,long_sweep,0.36539170,0.47000000,1.28629085,99,68,58,100,0,78,47,42,100,9,39,0,47,41,100,73,8
train_00513,training_writers,long_sweep,0.34204261,0.47000000,1.37409782,0,86,37,100,95,92,87,67,55,44,18,23,32,2,100,0,2
train_00514,training_writers,compact_trace,0.54511388,0.32000000,0.58703330,100,94,54,96,9,100,0,60,43,52,72,24,41,0,13,8,5
train_00515,training_writers,long_sweep,0.34326429,0.47000000,1.36920738,0,79,36,100,82,81,87,40,70,0,31,24,45,45,100,50,7
train_00516,training_writers,compact_trace,0.51636015,0.32000000,0.61972249,32,74,87,95,100,100,84,73,79,46,66,18,0,0,3,0,1
train_00517,training_writers,compact_trace,0.52730141,0.32000000,0.60686354,29,100,3,82,0,52,60,51,100,78,90,56,81,27,75,0,4
train_00518,training_writers,compact_trace,0.54138340,0.32000000,0.59107834,0,75,36,100,63,73,47,34,14,4,4,10,52,9,100,0,2
train_00519,training_writers,long_sweep,0.36577728,0.47000000,1.28493493,13,95,17,66,83,35,77,0,0,14,42,49,100,81,34,100,8
train_00520,training_writers,compact_trace,0.52313084,0.32000000,0.61170165,8,58,56,77,100,100,88,95,60,72,36,48,12,24,0,0,1
train_00521,training_writers,long_sweep,0.33969805,0.47000000,1.38358168,15,73,42,100,32,72,27,39,44,7,100,0,52,5,0,3,1
train_00522,training_writers,long_sweep,0.36130586,0.47000000,1.30083691,27,90,0,77,64,52,72,11,8,0,7,41,29,84,100,100,5
train_00523,training_writers,compact_trace,0.52264555,0.32000000,0.61226963,0,62,21,100,27,80,26,35,4,4,12,0,55,2,100,5,1
train_00524,training_writers,compact_trace,0.54580073,0.32000000,0.58629457,0,90,47,100,65,69,48,31,37,0,14,34,49,40,100,39,7
train_00525,training_writers,long_sweep,0.35859498,0.47000000,1.31067088,24,58,84,87,100,100,89,60,85,20,45,0,0,1,94,2,1
train_00526,training_writers,long_sweep,0.33831507,0.47000000,1.38923757,45,100,12,82,0,41,17,4,62,0,100,21,96,60,54,66,0
train_00527,training_writers,compact_trace,0.54032786,0.32000000,0.59223302,26,74,54,100,70,70,49,37,18,7,0,7,49,15,100,0,2
train_00528,training_writers,long_sweep,0.36639760,0.47000000,1.28275949,38,63,74,100,11,86,34,43,67,0,0,7,27,48,100,76,8
train_00529,training_writers,compact_trace,0.53900819,0.32000000,0.59368301,43,83,42,76,52,100,46,44,36,0,0,13,50,12,100,13,1
train_00530,training_writers,long_sweep,0.36665048,0.47000000,1.28187476,21,90,3,52,77,55,62,5,0,0,6,52,14,100,100,100,5
train_00531,training_writers,long_sweep,0.35802579,0.47000000,1.31275459,5,100,93,97,100,74,65,41,37,8,5,0,0,24,89,23,7
train_00532,training_writers,compact_trace,0.51597871,0.32000000,0.62018063,8,100,0,81,9,52,81,54,100,75,86,64,87,32,90,0,4
train_00533,training_writers,long_sweep,0.34598325,0.47000000,1.35844728,12,83,8,54,56,31,22,0,4,24,0,63,37,94,100,100,5
train_00534,training_writers,long_sweep,0.35346348,0.47000000,1.32969891,68,100,23,77,0,41,7,3,64,0,100,31,56,39,14,11,6
train_00535,training_writers,compact_trace,0.53599495,0.32000000,0.59702055,26,80,57,100,72,75,54,44,24,18,0,11,50,8,100,0,2
train_00536,training_writers,compact_trace,0.51684611,0.32000000,0.61913980,52,96,84,100,100,79,73,58,84,35,90,11,47,0,0,5,3
train_00537,training_writers,long_sweep,0.35659928,0.47000000,1.31800604,0,95,43,100,100,93,64,62,33,29,1,0,1,36,72,36,7
train_00538,training_writers,long_sweep,0.34839251,0.47000000,1.34905311,100,97,40,100,0,65,35,27,39,0,40,38,87,73,87,100,8
train_00539,training_writers,long_sweep,0.36608362,0.47000000,1.28385968,76,70,32,100,10,71,85,41,100,4,4,0,0,39,54,73,8
train_00540,training_writers,long_sweep,0.34038180,0.47000000,1.38080236,36,100,3,76,0,32,27,0,70,6,100,37,91,76,49,70,0
train_00541,training_writers,compact_trace,0.49493562,0.32000000,0.64654873,8,100,0,77,0,55,29,38,71,55,71,42,71,20,100,0,4
train_00542,training_writers,long_sweep,0.36357189,0.47000000,1.29272921,17,89,0,55,65,58,69,11,11,0,10,60,31,100,100,96,5
train_00543,training_writers,long_sweep,0.35148876,0.47000000,1.33716937,0,78,39,100,82,75,68,37,54,0,6,25,35,37,100,37,7
train_00544,training_writers,compact_trace,0.54655426,0.32000000,0.58548624,0,95,54,100,93,79,81,42,60,7,36,0,44,27,100,31,7
train_00545,training_writers,long_sweep,0.34833503,0.47000000,1.34927571,55,89,32,100,5,65,0,28,43,0,100,19,51,31,16,0,6
train_00546,training_writers,long_sweep,0.34994527,0.47000000,1.34306718,33,95,4,69,0,27,39,0,88,16,100,56,69,89,17,100,0
train_00547,training_writers,compact_trace,0.51560267,0.32000000,0.62063294,19,100,3,83,0,60,8,37,92,33,81,44,70,21,100,0,4
train_00548,training_writers,long_sweep,0.35879840,0.47000000,1.30992780,81,90,29,82,0,42,10,0,70,16,100,56,96,100,47,82,0
train_00549,training_writers,long_sweep,0.36786826,0.47000000,1.27763130,59,85,25,71,88,35,79,0,7,29,62,64,100,100,0,99,8
train_00550,training_writers,compact_trace,0.50824467,0.32000000,0.62961802,0,96,10,100,59,99,100,87,93,64,69,43,44,22,25,0,7
train_00551,training_writers,compact_trace,0.54699913,0.32000000,0.58501007,0,84,46,100,96,88,94,50,83,11,62,0,45,26,100,26,7
train_00552,training_writers,compact_trace,0.50122965,0.32000000,0.63842991,0,98,20,100,19,70,11,40,43,27,89,42,94,29,100,0,4
train_00553,training_writers,long_sweep,0.34448778,0.47000000,1.36434447,0,54,49,75,96,100,91,75,69,45,51,16,27,0,100,6,1
train_00554,training_writers,long_sweep,0.34090243,0.47000000,1.37869362,44,73,66,100,100,88,74,57,33,32,0,21,53,19,99,0,2
train_00555,training_writers,long_sweep,0.34180245,0.47000000,1.37506328,31,79,55,49,70,14,32,0,14,38,0,71,49,86,100,100,5
train_00556,training_writers,compact_trace,0.49974126,0.32000000,0.64033136,0,100,82,95,100,79,100,64,91,48,82,32,55,15,55,0,1
train_00557,training_writers,long_sweep,0.33966337,0.47000000,1.38372293,0,99,50,100,77,77,59,50,29,26,0,2,48,0,100,4,2
train_00558,training_writers,compact_trace,0.54747112,0.32000000,0.58450572,9,61,16,100,58,96,41,53,7,18,0,8,49,2,100,0,2
train_00559,training_writers,compact_trace,0.54308331,0.32000000,0.58922820,84,52,98,96,64,100,73,62,100,55,83,9,42,0,0,4,9
train_00560,training_writers,long_sweep,0.34581898,0.47000000,1.35909253,65,100,20,85,0,52,59,42,100,64,79,62,38,32,7,0,4
train_00561,training_writers,long_sweep,0.36103969,0.47000000,1.30179592,78,99,0,100,17,63,57,28,47,0,7,31,45,65,100,95,8
train_00562,training_writers,compact_trace,0.54221123,0.32000000,0.59017590,19,74,43,100,70,80,53,53,100,42,98,12,50,0,0,4,3
train_00563,training_writers,long_sweep,0.35946944,0.47000000,1.30748251,27,84,65,77,71,100,0,88,78,80,100,53,60,24,5,0,9
train_00564,training_writers,long_sweep,0.34251892,0.47000000,1.37218696,43,75,61,100,94,86,75,47,43,14,0,2,49,0,100,1,2
train_00565,training_writers,long_sweep,0.36375318,0.47000000,1.29208492,14,99,16,67,67,33,74,0,0,17,44,48,100,77,39,100,8
train_00566,training_writers,long_sweep,0.35066258,0.47000000,1.34031981,38,85,13,55,31,8,75,0,100,40,85,87,42,100,0,79,0
train_00567,training_writers,compact_trace,0.52269486,0.32000000,0.61221187,45,79,57,100,100,93,86,66,70,44,87,20,46,6,0,0,3
train_00568,training_writers,long_sweep,0.33825569,0.47000000,1.38948142,10,86,51,100,84,78,53,48,85,40,100,14,52,0,0,0,3
train_00569,training_writers,compact_trace,0.52589636,0.32000000,0.60848491,100,100,65,85,33,64,10,39,0,11,35,0,54,22,10,24,6
train_00570,training_writers,long_sweep,0.34438370,0.47000000,1.36475680,50,89,52,100,0,67,23,45,96,48,100,76,60,39,38,0,4
train_00571,training_writers,compact_trace,0.51697549,0.32000000,0.61898485,42,100,22,76,0,52,26,34,82,41,100,47,74,24,57,0,4
train_00572,training_writers,long_sweep,0.36089182,0.47000000,1.30232931,100,100,35,91,0,57,1,18,67,10,96,39,27,33,16,0,6
train_00573,training_writers,long_sweep,0.35457273,0.47000000,1.32553906,0,82,37,62,83,30,65,0,46,32,81,66,100,100,23,90,8
train_00574,training_writers,compact_trace,0.54637869,0.32000000,0.58567438,100,100,63,84,32,55,13,22,43,0,81,17,36,28,0,8,6
train_00575,training_writers,compact_trace,0.52657542,0.32000000,0.60770023,19,100,55,99,58,67,30,39,0,15,21,0,60,1,100,0,2
train_00576,training_writers,long_sweep,0.36198850,0.47000000,1.29838380,57,68,52,100,4,71,48,37,63,0,0,13,27,49,100,78,8
train_00577,training_writers,long_sweep,0.35699730,0.47000000,1.31653657,45,100,14,69,61,42,46,0,0,3,15,50,42,91,100,96,5
train_00578,training_writers,compact_trace,0.54078658,0.32000000,0.59173066,33,64,36,100,59,71,44,34,0,18,32,26,71,0,100,22,2
train_00579,training_writers,compact_trace,0.53834645,0.32000000,0.59441277,8,80,40,100,61,67,38,31,0,12,21,27,61,10,100,0,2
train_00580,training_writers,long_sweep,0.36445291,0.47000000,1.28960418,44,93,9,64,82,45,63,8,0,0,13,44,28,88,100,100,5
train_00581,training_writers,long_sweep,0.35689264,0.47000000,1.31692265,100,100,51,95,16,64,0,28,36,0,98,12,68,35,6,24,6
train_00582,training_writers,long_sweep,0.35175765,0.47000000,1.33614721,29,89,84,100,80,73,36,50,94,38,100,9,41,0,0,17,3
train_00583,training_writers,long_sweep,0.35396131,0.50000000,1.41258378,16,38,67,29,43,0,22,25,66,57,100,94,50,100,0,74,8
train_00584,training_writers,long_sweep,0.36010557,0.47000000,1.30517280,35,73,77,55,100,20,39,0,37,35,79,68,86,100,0,84,8
train_00585,training_writers,long_sweep,0.36696496,0.47000000,1.28077622,75,100,0,89,70,61,100,26,32,0,7,31,63,63,95,99,8
train_00586,training_writers,long_sweep,0.34411269,0.47000000,1.36583165,62,99,19,100,55,82,71,98,99,58,100,14,49,0,0,20,9
train_00587,training_writers,compact_trace,0.54428749,0.32000000,0.58792459,26,76,23,100,52,68,43,30,0,12,49,5,97,0,100,32,2
train_00588,training_writers,long_sweep,0.34966415,0.47000000,1.34414694,35,85,22,38,45,0,87,12,100,57,81,100,37,97,0,72,0
train_00589,training_writers,long_sweep,0.36093742,0.47000000,1.30216480,86,90,28,100,0,52,46,4,26,0,25,51,100,83,73,99,8
train_00590,training_writers,compact_trace,0.53937414,0.32000000,0.59328021,62,77,76,100,95,83,56,58,95,52,100,21,55,2,0,0,3
train_00591,training_writers,compact_trace,0.54264979,0.32000000,0.58969893,100,92,62,100,21,75,51,73,87,85,63,51,36,17,0,0,9
train_00592,training_writers,long_sweep,0.36311687,0.47000000,1.29434912,62,76,23,100,0,67,67,35,89,0,22,22,56,60,100,96,8
train_00593,training_writers,compact_trace,0.53243134,0.32000000,0.60101647,27,100,34,93,0,62,25,44,100,44,91,65,68,32,51,0,4
train_00594,training_writers,long_sweep,0.35178596,0.47000000,1.33603967,21,82,36,60,82,32,82,0,37,28,0,58,34,89,100,100,5
train_00595,training_writers,compact_trace,0.50532676,0.32000000,0.63325362,0,58,42,78,90,99,100,100,87,75,78,50,76,25,84,0,1
train_00596,training_writers,long_sweep,0.34492187,0.47000000,1.36262744,36,84,9,86,0,38,27,0,72,9,100,47,88,94,46,100,0
train_00597,training_writers,compact_trace,0.52434385,0.32000000,0.61028655,18,97,35,100,0,76,0,53,64,54,100,53,75,27,66,0,4
train_00598,training_writers,long_sweep,0.36149001,0.47000000,1.30017423,48,77,19,66,0,6,49,0,93,38,100,96,48,100,0,70,0
train_00599,training_writers,long_sweep,0.34725340,0.47000000,1.35347848,100,86,63,100,20,78,22,43,76,47,90,13,36,0,0,24,5
train_00600,training_writers,compact_trace,0.54101513,0.32000000,0.59148069,19,81,53,100,68,79,49,52,95,38,100,9,50,0,0,7,3
train_00601,training_writers,compact_trace,0.54463493,0.32000000,0.58754953,66,100,33,78,11,53,0,25,20,0,77,1,100,24,41,26,6
train_00602,training_writers,compact_trace,0.54225627,0.32000000,0.59012688,85,87,48,72,0,73,34,100,82,96,89,64,87,31,100,0,9
train_00603,training_writers,compact_trace,0.53705197,0.32000000,0.59584550,73,100,39,75,0,52,43,54,92,61,100,71,84,35,72,0,4
train_00604,training_writers,compact_trace,0.52437844,0.32000000,0.61024629,0,79,19,100,60,93,59,64,41,38,19,12,54,1,100,0,2
train_00605,training_writers,long_sweep,0.35411124,0.47000000,1.32726653,100,95,38,99,35,65,70,29,32,0,0,27,36,64,65,100,8
train_00606,training_writers,long_sweep,0.34572273,0.47000000,1.35947094,34,89,14,84,0,38,24,0,75,3,100,42,82,86,34,100,0
train_00607,training_writers,long_sweep,0.35187316,0.47000000,1.33570859,13,87,0,57,60,37,42,0,12,16,14,59,30,98,100,100,5
train_00608,training_writers,long_sweep,0.36102254,0.47000000,1.30185778,100,100,24,77,0,56,96,57,100,86,79,70,37,35,4,0,4
train_00609,training_writers,long_sweep,0.34019334,0.47000000,1.38156731,57,94,39,100,11,69,0,35,23,4,97,0,100,24,41,5,6
train_00610,training_writers,long_sweep,0.36734620,0.47000000,1.27944701,3,57,83,70,100,100,6,85,20,52,71,20,0,0,37,32,8
train_00611,training_writers,compact_trace,0.50105135,0.32000000,0.63865709,0,66,37,73,73,90,100,100,98,74,96,48,90,22,87,0,1
train_00612,training_writers,long_sweep,0.34405767,0.47000000,1.36605004,31,100,0,62,37,38,100,43,88,80,66,85,62,42,51,0,4
train_00613,training_writers,compact_trace,0.53800941,0.32000000,0.59478514,14,70,46,100,48,78,41,36,21,0,0,3,50,1,100,1,1
train_00614,training_writers,compact_trace,0.51063256,0.32000000,0.62667370,0,61,24,71,62,90,100,100,86,74,68,49,51,23,41,0,1
train_00615,training_writers,long_sweep,0.34086582,0.47000000,1.37884168,55,83,100,100,93,83,82,56,84,28,71,2,0,0,73,3,1
train_00616,training_writers,long_sweep,0.36363299,0.47000000,1.29251200,16,81,40,59,100,90,30,100,48,69,95,59,75,9,0,0,9
train_00617,training_writers,long_sweep,0.36817901,0.47000000,1.27655296,82,100,35,78,97,39,94,0,0,1,39,42,100,81,40,94,8
train_00618,training_writers,long_sweep,0.35609567,0.47000000,1.31987002,8,95,8,58,61,47,54,0,20,21,0,68,37,100,100,100,5
train_00619,training_writers,long_sweep,0.34197814,0.47000000,1.37435683,9,86,53,100,96,81,64,55,93,48,100,18,51,0,0,11,3
train_00620,training_writers,compact_trace,0.53956166,0.32000000,0.59307401,20,73,47,100,62,70,41,35,11,3,0,15,49,9,100,0,2
train_00621,training_writers,long_sweep,0.34088400,0.47000000,1.37876814,0,84,39,100,79,78,39,55,67,48,100,21,62,0,15,10,3
train_00622,training_writers,compact_trace,0.53650619,0.32000000,0.59645164,14,88,49,100,65,77,34,53,0,31,1,7,50,0,100,0,2
train_00623,training_writers,long_sweep,0.34166046,0.47000000,1.37563473,19,100,61,98,62,56,50,14,29,0,0,35,50,40,100,39,7
train_00624,training_writers,long_sweep,0.35057633,0.47000000,1.34064956,19,78,29,36,13,0,8,27,58,49,100,79,55,100,0,88,8
train_00625,training_writers,compact_trace,0.52133558,0.32000000,0.61380810,17,100,3,75,0,43,60,46,100,62,94,69,92,34,92,0,4
train_00626,training_writers,compact_trace,0.52522454,0.32000000,0.60926324,100,100,61,87,70,65,93,92,89,64,74,28,41,6,0,0,9
train_00627,training_writers,long_sweep,0.34588904,0.47000000,1.35881725,55,40,100,64,92,100,48,81,45,40,55,0,0,4,11,38,8
train_00628,training_writers,long_sweep,0.35580287,0.47000000,1.32095617,0,67,14,25,57,0,100,22,95,75,54,100,7,87,4,39,0
train_00629,training_writers,compact_trace,0.54193538,0.32000000,0.59047631,20,82,35,100,73,87,42,60,72,49,100,26,57,4,0,0,3
train_00630,training_writers,rising_tail,0.26667836,0.40000000,1.49993424,38,83,40,53,55,14,11,0,0,30,10,71,52,92,100,100,5
train_00631,training_writers,long_sweep,0.36651922,0.47000000,1.28233386,73,64,54,100,0,75,60,40,91,0,13,13,46,55,100,87,8
train_00632,training_writers,compact_trace,0.50086899,0.32000000,0.63888963,0,62,34,82,84,100,100,88,89,66,79,44,76,22,84,0,1
train_00633,training_writers,compact_trace,0.51616992,0.32000000,0.61995088,0,95,37,99,77,100,100,74,98,37,95,0,70,13,77,31,7
train_00634,training_writers,long_sweep,0.35308335,0.47000000,1.33113044,0,44,15,0,62,5,95,40,100,88,60,100,27,64,11,17,0
train_00635,training_writers,long_sweep,0.35124718,0.47000000,1.33808902,0,69,29,100,77,97,39,64,61,38,100,10,47,0,2,15,3
train_00636,training_writers,long_sweep,0.34982822,0.50000000,1.42927293,15,72,0,39,57,42,43,0,16,15,11,62,36,93,100,100,5
train_00637,training_writers,long_sweep,0.34192058,0.47000000,1.37458820,13,84,66,100,90,80,52,54,75,51,100,24,60,0,0,1,3
train_00638,training_writers,compact_trace,0.52430998,0.32000000,0.61032597,0,86,26,100,70,84,77,45,68,5,54,0,50,25,100,23,7
train_00639,training_writers,long_sweep,0.36281555,0.47000000,1.29542409,28,95,100,100,51,97,0,74,16,54,86,42,71,13,1,0,5
train_00640,training_writers,long_sweep,0.35485651,0.47000000,1.32447902,82,97,35,100,0,67,0,25,45,2,100,10,61,23,14,0,6
train_00641,training_writers,long_sweep,0.35942427,0.47000000,1.30764680,98,74,82,100,6,85,10,60,87,75,100,47,69,17,0,0,9
train_00642,training_writers,long_sweep,0.35859016,0.47000000,1.31068849,19,86,18,35,57,0,100,24,92,72,47,100,0,77,1,31,0
train_00643,training_writers,compact_trace,0.54645418,0.32000000,0.58559348,55,91,100,100,64,94,27,69,53,52,84,32,48,7,0,0,5
train_00644,training_writers,long_sweep,0.34284360,0.47000000,1.37088746,22,98,71,100,100,80,59,61,99,39,95,10,47,0,0,10,3
train_00645,training_writers,compact_trace,0.54568737,0.32000000,0.58641636,100,85,48,79,18,100,57,99,64,62,69,26,43,0,0,19,9
train_00646,training_writers,compact_trace,0.51687814,0.32000000,0.61910144,59,85,84,100,82,79,60,56,100,48,74,28,37,14,0,0,3
train_00647,training_writers,compact_trace,0.51461618,0.32000000,0.62182266,66,91,100,100,90,89,53,77,29,52,58,30,38,4,0,0,5
train_00648,training_writers,long_sweep,0.34093654,0.47000000,1.37855565,0,97,61,100,100,81,88,50,69,20,51,0,30,30,90,36,7
train_00649,training_writers,compact_trace,0.50419619,0.32000000,0.63467358,57,82,65,100,100,88,89,64,79,39,75,13,39,2,0,0,3
train_00650,training_writers,long_sweep,0.34959435,0.47000000,1.34441530,39,69,55,100,96,81,80,43,45,10,0,0,44,15,100,3,2
train_00651,training_writers,long_sweep,0.36623759,0.47000000,1.28331995,7,100,74,93,38,60,0,93,70,92,100,44,67,0,4,7,9
train_00652,training_writers,compact_trace,0.50966157,0.32000000,0.62786763,0,44,30,61,67,80,100,100,96,80,83,53,68,26,62,0,1
train_00653,training_writers,compact_trace,0.54086107,0.32000000,0.59164916,56,97,42,100,0,74,52,60,100,81,74,60,50,30,33,0,4
train_00654,training_writers,compact_trace,0.52200557,0.32000000,0.61302028,100,100,65,79,39,56,17,32,8,5,49,0,47,18,0,12,6
train_00655,training_writers,compact_trace,0.53091927,0.32000000,0.60272817,0,83,35,100,71,91,63,46,57,0,40,17,60,34,100,34,7
train_00656,training_writers,compact_trace,0.50886730,0.32000000,0.62884764,0,53,8,55,46,79,89,100,100,85,78,57,56,29,47,0,1
train_00657,training_writers,compact_trace,0.53861713,0.32000000,0.59411404,58,94,84,100,82,74,46,57,92,42,100,14,52,0,0,1,3
train_00658,training_writers,long_sweep,0.35194602,0.47000000,1.33543206,16,78,0,100,76,92,100,78,77,35,74,0,98,32,27,38,7
train_00659,training_writers,long_sweep,0.34828049,0.47000000,1.34948701,49,100,5,87,15,59,92,53,100,84,69,57,35,28,0,0,4
train_00660,training_writers,compact_trace,0.54209546,0.32000000,0.59030193,100,94,63,100,30,71,8,39,6,6,57,0,54,19,0,10,6
train_00661,training_writers,long_sweep,0.34927286,0.47000000,1.34565280,100,100,49,80,15,54,0,25,26,0,86,7,62,24,0,19,6
train_00662,training_writers,long_sweep,0.34686914,0.47000000,1.35497784,35,100,1,77,0,57,86,62,100,77,48,81,22,41,6,0,4
train_00663,training_writers,long_sweep,0.34836567,0.47000000,1.34915706,94,100,56,74,27,46,15,13,61,0,100,20,49,31,0,19,6
train_00664,training_writers,compact_trace,0.52287362,0.32000000,0.61200257,0,91,34,100,65,83,43,56,12,36,25,13,63,7,100,0,2
train_00665,training_writers,long_sweep,0.35163216,0.47000000,1.33662405,40,63,60,100,100,82,85,40,44,11,0,0,45,19,93,3,2
train_00666,training_writers,compact_trace,0.51174810,0.32000000,0.62530765,0,81,11,100,55,97,100,96,86,76,66,51,48,26,38,0,7
train_00667,training_writers,compact_trace,0.50695841,0.32000000,0.63121549,100,84,27,100,0,85,0,68,13,51,20,34,27,17,60,0,1
train_00668,training_writers,long_sweep,0.36136560,0.47000000,1.30062185,38,99,90,95,29,100,10,58,60,53,100,23,49,0,0,18,5
train_00669,training_writers,compact_trace,0.51325982,0.32000000,0.62346591,50,91,78,100,85,74,71,61,100,38,81,10,41,0,0,4,3
train_00670,training_writers,compact_trace,0.51412983,0.32000000,0.62241088,25,85,59,100,86,89,86,67,100,45,88,24,49,9,0,0,3
train_00671,training_writers,long_sweep,0.35228009,0.47000000,1.33416566,64,100,21,74,0,38,17,3,72,0,100,31,59,51,6,39,6
train_00672,training_writers,compact_trace,0.51205679,0.32000000,0.62493068,0,68,38,78,91,96,100,100,78,75,62,49,59,24,81,0,1
train_00673,training_writers,compact_trace,0.47565466,0.32000000,0.67275700,100,100,100,92,80,76,65,61,50,45,40,30,15,15,0,0,1
train_00674,training_writers,long_sweep,0.36202792,0.47000000,1.29824242,60,98,34,56,99,66,74,100,58,65,100,58,66,0,0,8,9
train_00675,training_writers,long_sweep,0.35650153,0.47000000,1.31836741,42,49,34,94,81,100,85,53,48,16,0,0,45,3,100,3,2
train_00676,training_writers,compact_trace,0.54508085,0.32000000,0.58706888,60,72,89,100,73,83,62,49,44,15,0,0,47,4,100,5,1
train_00677,training_writers,long_sweep,0.35433261,0.47000000,1.32643733,17,82,3,39,30,0,81,8,100,49,74,90,24,100,0,61,0
train_00678,training_writers,compact_trace,0.54549329,0.32000000,0.58662500,48,99,9,100,44,82,64,89,92,56,100,18,55,0,0,5,9
train_00679,training_writers,long_sweep,0.35163585,0.47000000,1.33661000,6,43,16,2,68,0,100,35,81,75,38,100,7,63,0,22,0
train_00680,training_writers,long_sweep,0.36778407,0.47000000,1.27792377,79,100,14,81,49,39,100,0,32,0,52,55,71,100,0,71,8
train_00681,training_writers,long_sweep,0.35082923,0.47000000,1.33968313,89,100,48,76,18,46,8,12,55,0,100,14,51,23,0,12,6
train_00682,training_writers,long_sweep,0.36249886,0.47000000,1.29655579,85,69,47,100,0,75,44,38,72,0,16,16,57,55,100,87,8
train_00683,training_writers,compact_trace,0.53708976,0.32000000,0.59580358,0,78,36,100,79,99,85,67,70,41,100,16,63,0,24,16,3
train_00684,training_writers,compact_trace,0.51825966,0.32000000,0.61745110,10,89,30,100,49,73,29,42,0,16,20,19,64,20,100,0,2
train_00685,training_writers,long_sweep,0.36080411,0.47000000,1.30264593,1,91,11,49,72,47,53,0,13,12,0,68,36,97,100,100,5
train_00686,training_writers,compact_trace,0.53634934,0.32000000,0.59662607,15,59,57,81,100,100,79,72,65,44,53,15,0,1,21,0,1
train_00687,training_writers,long_sweep,0.33815364,0.47000000,1.38990077,26,87,64,100,66,57,39,21,0,0,15,29,57,21,100,21,2
train_00688,training_writers,long_sweep,0.33948990,0.47000000,1.38442997,36,78,75,100,77,82,61,34,39,0,0,8,50,8,100,7,1
train_00689,training_writers,compact_trace,0.54413448,0.32000000,0.58808992,100,77,57,100,0,81,20,50,79,66,86,68,81,31,84,0,9
train_00690,training_writers,long_sweep,0.36164130,0.47000000,1.29963032,25,97,37,70,100,88,27,100,0,80,76,65,75,31,29,0,9
train_00691,training_writers,long_sweep,0.34664209,0.47000000,1.35586534,0,70,1,29,37,0,88,5,100,43,78,79,34,100,5,70,0
train_00692,training_writers,compact_trace,0.51550614,0.32000000,0.62074915,66,100,100,94,91,69,69,47,95,24,74,2,36,0,0,9,3
train_00693,training_writers,long_sweep,0.36299693,0.47000000,1.29477681,45,74,23,68,92,35,77,0,45,28,100,64,95,100,0,80,8
train_00694,training_writers,rising_tail,0.26557248,0.43000000,1.61914366,0,0,42,10,79,33,100,64,89,96,40,100,22,73,67,64,9
train_00695,training_writers,long_sweep,0.34732050,0.47000000,1.35321700,39,94,100,100,99,98,36,92,50,69,93,39,61,7,0,0,5
train_00696,training_writers,compact_trace,0.50757755,0.32000000,0.63044553,0,81,7,96,58,100,100,100,89,75,77,50,67,25,56,0,7
train_00697,training_writers,long_sweep,0.34396355,0.47000000,1.36642384,70,91,25,69,0,35,6,0,58,0,97,25,100,63,85,100,0
train_00698,training_writers,compact_trace,0.54353151,0.32000000,0.58874232,26,87,67,100,80,76,61,48,33,23,0,1,48,0,100,3,2
train_00699,training_writers,compact_trace,0.50628651,0.32000000,0.63205318,0,48,35,64,66,82,100,100,94,75,85,50,84,24,93,0,1
train_00700,training_writers,long_sweep,0.34759704,0.47000000,1.35214042,100,100,54,89,18,61,0,27,29,0,83,11,61,35,7,25,6
train_00701,training_writers,long_sweep,0.34829730,0.47000000,1.34942187,56,60,65,100,100,83,81,39,51,0,85,16,56,50,0,55,8
train_00702,training_writers,compact_trace,0.54135486,0.32000000,0.59110950,25,79,35,100,78,78,50,50,68,48,100,21,59,0,0,11,3
train_00703,training_writers,long_sweep,0.35679697,0.47000000,1.31727574,64,92,3,100,25,62,44,23,0,0,1,30,55,58,100,90,8
train_00704,training_writers,compact_trace,0.54499244,0.32000000,0.58716410,0,83,32,100,75,89,39,69,49,49,100,35,70,15,21,0,3
train_00705,training_writers,long_sweep,0.35427145,0.47000000,1.32666633,26,52,16,8,63,0,100,34,99,81,54,100,6,82,0,38,0
train_00706,training_writers,long_sweep,0.35721293,0.47000000,1.31574183,98,89,48,100,29,65,58,25,6,0,0,31,53,63,100,91,8
train_00707,training_writers,compact_trace,0.54224524,0.32000000,0.59013888,20,84,60,100,93,83,60,58,73,43,100,22,54,5,0,0,3
train_00708,training_writers,long_sweep,0.34357611,0.47000000,1.36796472,19,66,3,28,34,0,77,13,100,51,78,89,34,100,0,76,0
train_00709,training_writers,long_sweep,0.35003531,0.47000000,1.34272170,0,99,71,100,100,77,72,48,53,18,40,0,0,27,66,33,7
train_00710,training_writers,long_sweep,0.36045268,0.47000000,1.30391595,29,94,90,100,43,100,8,70,56,61,100,39,61,11,0,0,5
train_00711,training_writers,long_sweep,0.34033488,0.47000000,1.38099273,19,91,22,58,50,24,25,0,4,37,0,73,44,94,100,100,5
train_00712,training_writers,long_sweep,0.34422956,0.47000000,1.36536792,30,82,52,100,100,85,81,53,38,28,0,26,56,17,97,0,2
train_00713,training_writers,long_sweep,0.34584301,0.47000000,1.35899812,4,68,28,98,75,100,64,65,31,36,0,8,43,0,100,6,2
train_00714,training_writers,long_sweep,0.35021282,0.47000000,1.34204112,42,100,93,98,79,64,51,31,15,0,0,30,25,53,100,52,7
train_00715,training_writers,long_sweep,0.36491801,0.47000000,1.28796053,47,68,0,70,53,34,85,0,22,12,53,59,100,100,46,88,8
train_00716,training_writers,long_sweep,0.35104223,0.47000000,1.33887027,78,72,81,100,8,91,0,55,69,59,100,71,74,33,58,0,9
train_00717,training_writers,compact_trace,0.50133039,0.32000000,0.63830162,62,86,87,100,100,79,85,54,85,25,64,4,29,0,0,12,3
train_00718,training_writers,long_sweep,0.36084045,0.47000000,1.30251473,48,53,10,54,0,0,49,6,88,48,100,100,48,84,7,44,0
train_00719,training_writers,long_sweep,0.34400054,0.47000000,1.36627691,5,85,47,100,95,93,55,70,78,50,100,29,49,14,0,0,3
train_00720,training_writers,compact_trace,0.51953725,0.32000000,0.61593273,0,42,10,60,68,83,100,100,77,75,61,50,48,25,35,0,1
train_00721,training_writers,long_sweep,0.35120817,0.47000000,1.33823764,66,100,45,75,71,33,46,0,0,23,6,71,45,95,100,91,5
train_00722,training_writers,long_sweep,0.33831305,0.47000000,1.38924583,29,84,65,100,87,74,69,45,38,19,0,0,49,6,100,12,2
train_00723,training_writers,long_sweep,0.36898680,0.47000000,1.27375831,48,97,9,67,100,64,66,100,24,57,0,0,87,8,15,41,8
train_00724,training_writers,long_sweep,0.35531284,0.47000000,1.32277798,91,100,48,76,17,51,0,24,28,0,100,5,78,26,0,29,6
train_00725,training_writers,compact_trace,0.54605749,0.32000000,0.58601888,100,100,55,88,20,61,0,28,19,0,66,14,62,43,17,43,6
train_00726,training_writers,compact_trace,0.50499381,0.32000000,0.63367113,9,100,10,91,0,61,0,31,55,24,90,45,88,29,100,0,4
train_00727,training_writers,long_sweep,0.34868032,0.47000000,1.34793957,100,100,57,90,32,60,15,30,26,0,89,7,70,34,0,43,6
train_00728,training_writers,compact_trace,0.54641206,0.32000000,0.58563861,30,76,53,100,82,74,66,39,31,12,0,3,50,3,100,0,2
train_00729,training_writers,long_sweep,0.35302801,0.47000000,1.33133912,31,93,7,59,8,20,54,0,98,27,100,65,60,94,0,100,0
train_00730,training_writers,long_sweep,0.34711606,0.47000000,1.35401397,19,71,55,100,100,99,73,66,55,44,97,22,55,0,0,4,3
train_00731,training_writers,long_sweep,0.36965047,0.47000000,1.27147139,100,95,0,78,93,59,81,100,62,44,2,5,96,0,48,48,8
train_00732,training_writers,long_sweep,0.34434960,0.47000000,1.36489195,0,46,52,72,100,100,84,75,71,42,64,9,2,1,32,0,1
train_00733,training_writers,long_sweep,0.35359208,0.47000000,1.32921530,0,86,46,100,100,76,81,38,58,0,53,6,8,38,83,40,7
train_00734,training_writers,long_sweep,0.33853878,0.47000000,1.38831952,66,100,25,80,4,53,0,25,26,0,94,0,100,22,45,8,6
train_00735,training_writers,compact_trace,0.53783813,0.32000000,0.59497455,21,87,61,100,71,66,38,36,0,12,15,1,60,1,100,0,2
train_00736,training_writers,compact_trace,0.49126247,0.32000000,0.65138296,0,81,15,100,20,76,19,52,24,28,71,21,88,23,100,0,4
train_00737,training_writers,long_sweep,0.34817083,0.47000000,1.34991206,14,91,7,55,36,17,4,0,0,51,4,98,52,100,100,97,5
train_00738,training_writers,compact_trace,0.54442675,0.32000000,0.58777420,0,79,32,100,69,93,54,58,25,29,4,5,52,0,100,2,2
train_00739,training_writers,long_sweep,0.36234685,0.47000000,1.29709971,61,96,0,83,61,66,100,30,49,0,5,30,39,68,42,100,8
train_00740,training_writers,compact_trace,0.52353867,0.32000000,0.61122515,0,34,25,52,62,76,100,100,81,79,57,53,37,27,25,0,1
train_00741,training_writers,long_sweep,0.34771309,0.47000000,1.35168910,26,100,38,78,66,38,45,0,15,33,0,77,34,97,100,100,5
train_00742,training_writers,long_sweep,0.34950688,0.47000000,1.34475179,30,100,90,99,81,100,32,78,52,57,100,31,58,0,0,17,5
train_00743,training_writers,long_sweep,0.35143469,0.47000000,1.33737507,17,100,17,69,60,36,30,0,0,20,0,73,41,91,100,92,5
train_00744,training_writers,compact_trace,0.54646688,0.32000000,0.58557987,0,100,53,100,100,88,84,56,61,24,42,0,18,31,56,46,7
train_00745,training_writers,compact_trace,0.54540067,0.32000000,0.58672462,31,78,71,100,73,99,56,63,50,26,21,0,0,0,100,3,1
train_00746,training_writers,compact_trace,0.54026195,0.32000000,0.59230527,55,70,73,100,62,66,49,26,30,0,0,2,50,3,100,6,1
train_00747,training_writers,compact_trace,0.51159976,0.32000000,0.62548896,32,89,67,100,100,93,79,71,66,47,68,22,40,6,0,0,3
train_00748,training_writers,compact_trace,0.54198570,0.32000000,0.59042148,30,100,0,78,56,82,44,78,75,51,100,22,72,0,15,7,9
train_00749,training_writers,compact_trace,0.51777077,0.32000000,0.61803411,0,90,31,100,46,72,27,42,2,17,29,4,64,2,100,0,2
train_00750,training_writers,compact_trace,0.54452315,0.32000000,0.58767015,25,91,61,100,74,75,44,55,94,43,100,16,53,0,0,6,3
train_00751,training_writers,long_sweep,0.34127924,0.47000000,1.37717136,33,89,92,100,100,91,63,62,29,31,0,0,6,29,66,38,7
train_00752,training_writers,long_sweep,0.35771300,0.47000000,1.31390249,47,69,42,100,6,75,54,39,47,0,0,21,42,58,100,90,8
train_00753,training_writers,rising_tail,0.26712520,0.40000000,1.49742517,20,85,3,55,0,17,38,0,79,23,100,58,83,92,35,100,0
train_00754,training_writers,long_sweep,0.35241220,0.47000000,1.33366552,73,96,50,70,38,24,0,0,29,41,70,77,100,100,46,78,8
train_00755,training_writers,compact_trace,0.52101928,0.32000000,0.61418073,0,76,53,85,100,100,76,81,60,61,44,40,27,20,5,0,1
train_00756,training_writers,long_sweep,0.35690443,0.47000000,1.31687915,28,94,96,100,83,94,22,76,50,64,100,41,66,9,0,0,5
train_00757,training_writers,long_sweep,0.36285585,0.47000000,1.29528021,13,94,10,63,73,46,65,0,0,8,3,57,31,100,100,99,5
train_00758,training_writers,compact_trace,0.54521782,0.32000000,0.58692139,61,77,78,100,94,76,77,43,47,15,0,1,47,0,100,4,2
train_00759,training_writers,long_sweep,0.35006331,0.47000000,1.34261429,99,97,47,100,8,74,0,41,28,11,85,0,100,22,38,24,6
train_00760,training_writers,long_sweep,0.33970504,0.47000000,1.38355319,33,69,57,100,87,75,66,39,24,15,0,15,51,14,100,0,2
train_00761,training_writers,long_sweep,0.36736279,0.47000000,1.27938922,100,92,18,81,46,39,62,0,1,13,43,56,74,100,0,75,8
train_00762,training_writers,compact_trace,0.53910667,0.32000000,0.59357455,42,98,89,100,73,72,59,52,100,32,88,3,41,0,0,19,3
train_00763,training_writers,compact_trace,0.54425154,0.32000000,0.58796343,100,100,59,82,31,56,17,27,35,0,83,0,49,16,0,8,6
train_00764,training_writers,compact_trace,0.54753966,0.32000000,0.58443255,0,73,30,100,68,87,56,51,25,22,2,2,51,4,100,0,2
train_00765,training_writers,long_sweep,0.36903605,0.47000000,1.27358833,50,100,5,82,71,42,91,0,7,18,78,56,100,92,0,90,8
train_00766,training_writers,long_sweep,0.35695344,0.47000000,1.31669833,86,88,33,65,0,87,58,100,87,67,100,31,93,0,19,7,9
train_00767,training_writers,compact_trace,0.54330894,0.32000000,0.58898350,9,100,19,75,0,35,46,35,100,34,74,67,77,27,83,0,4
train_00768,training_writers,compact_trace,0.50567084,0.32000000,0.63282272,0,64,46,77,81,100,100,99,96,72,88,45,74,19,85,0,1
train_00769,training_writers,long_sweep,0.35134580,0.47000000,1.33771344,0,92,68,100,89,81,74,40,61,0,35,13,20,42,100,50,7
train_00770,training_writers,compact_trace,0.53124163,0.32000000,0.60236243,0,87,32,100,67,84,48,50,16,23,16,2,58,3,100,0,2
train_00771,training_writers,long_sweep,0.35755099,0.47000000,1.31449785,34,76,0,41,8,0,65,11,100,47,99,90,42,100,7,67,0
train_00772,training_writers,long_sweep,0.34353892,0.47000000,1.36811282,46,94,13,69,0,28,32,0,77,7,100,44,85,83,43,100,0
train_00773,training_writers,compact_trace,0.54706939,0.32000000,0.58493494,100,100,58,85,23,59,0,30,9,0,58,5,60,34,7,25,6
train_00774,training_writers,long_sweep,0.36589556,0.47000000,1.28451955,100,75,47,100,0,79,49,41,66,0,3,25,27,66,98,91,8
train_00775,training_writers,long_sweep,0.35043512,0.47000000,1.34118979,97,81,52,100,0,87,21,60,76,70,100,47,74,12,23,0,9
train_00776,training_writers,compact_trace,0.52357504,0.32000000,0.61118269,0,35,39,53,72,75,100,100,83,80,61,54,41,27,24,0,1
train_00777,training_writers,compact_trace,0.53340996,0.32000000,0.59991381,100,98,58,100,29,81,55,55,87,32,81,4,39,0,0,1,5
train_00778,training_writers,long_sweep,0.34896453,0.47000000,1.34684175,0,91,26,57,52,22,8,0,4,39,4,81,41,100,100,98,5
train_00779,training_writers,long_sweep,0.36598213,0.47000000,1.28421571,77,72,51,100,0,77,61,42,94,0,22,2,33,45,100,76,8
train_00780,training_writers,compact_trace,0.54181773,0.32000000,0.59060452,27,73,42,100,62,66,41,30,0,13,38,10,82,0,100,34,2
train_00781,training_writers,long_sweep,0.35730730,0.47000000,1.31539434,38,73,84,41,100,0,53,7,73,49,98,90,54,100,0,75,8
train_00782,training_writers,long_sweep,0.34182453,0.47000000,1.37497445,0,52,56,73,100,100,91,85,88,51,89,16,42,0,93,6,1
train_00783,training_writers,long_sweep,0.36197422,0.47000000,1.29843500,0,23,63,46,100,87,50,100,34,57,86,23,57,0,9,22,8
train_00784,training_writers,long_sweep,0.35361035,0.47000000,1.32914660,83,85,57,77,60,83,65,100,72,55,87,10,0,0,100,2,1
train_00785,training_writers,long_sweep,0.35597853,0.47000000,1.32030436,40,94,22,95,0,45,23,0,83,10,100,58,61,100,19,75,0
train_00786,training_writers,long_sweep,0.34126882,0.47000000,1.37721341,100,100,56,81,33,51,26,18,63,0,93,25,47,38,0,20,6
train_00787,training_writers,compact_trace,0.53577615,0.32000000,0.59726437,50,100,63,87,26,62,0,36,59,31,100,54,80,27,76,0,4
train_00788,training_writers,compact_trace,0.54506167,0.32000000,0.58708953,15,90,59,100,71,74,50,55,99,42,100,13,53,0,0,10,3
train_00789,training_writers,compact_trace,0.54646831,0.32000000,0.58557833,100,91,63,100,18,89,5,53,42,50,77,32,47,4,0,0,5
train_00790,training_writers,compact_trace,0.53733106,0.32000000,0.59553602,0,97,41,100,68,77,64,38,51,0,28,34,56,40,100,37,7
train_00791,training_writers,long_sweep,0.35216526,0.47000000,1.33460068,78,100,43,76,10,47,0,16,57,0,100,24,51,44,9,23,6
train_00792,training_writers,long_sweep,0.34194547,0.47000000,1.37448817,0,89,61,100,90,74,69,37,42,2,27,0,35,30,100,38,7
train_00793,training_writers,compact_trace,0.51431725,0.32000000,0.62218407,0,66,44,83,92,100,100,85,81,64,61,42,40,21,22,0,1
train_00794,training_writers,compact_trace,0.51864492,0.32000000,0.61699245,0,61,36,82,78,100,100,95,76,71,49,47,24,23,22,0,1
train_00795,training_writers,compact_trace,0.51417365,0.32000000,0.62235783,75,86,100,100,95,78,65,57,90,36,81,10,42,0,0,0,3
train_00796,training_writers,long_sweep,0.35630700,0.47000000,1.31908720,0,92,33,100,97,83,82,41,59,0,100,9,82,37,7,45,7
train_00797,training_writers,compact_trace,0.54424744,0.32000000,0.58796785,58,83,85,100,93,77,50,57,94,40,100,11,50,0,0,11,3
train_00798,training_writers,long_sweep,0.34342622,0.47000000,1.36856179,9,78,39,100,86,87,51,58,79,50,100,19,54,0,0,11,3
train_00799,training_writers,long_sweep,0.34110404,0.47000000,1.37787871,18,92,66,100,93,81,49,56,0,35,14,16,75,10,100,0,2
train_00800,training_writers,compact_trace,0.53600273,0.32000000,0.59701189,63,93,36,100,30,74,58,85,80,53,100,20,60,0,0,8,9
train_00801,training_writers,long_sweep,0.36042977,0.47000000,1.30399882,91,98,48,100,12,60,0,15,55,0,100,27,39,38,5,5,6
train_00802,training_writers,long_sweep,0.35863309,0.47000000,1.31053161,3,79,36,59,88,39,66,0,15,14,0,55,27,89,100,100,5
train_00803,training_writers,long_sweep,0.36245761,0.47000000,1.29670336,28,6,64,48,100,91,53,100,22,59,80,31,66,0,0,2,8
train_00804,training_writers,long_sweep,0.36588931,0.47000000,1.28454148,25,89,65,55,100,21,20,0,0,30,55,62,94,95,22,100,8
train_00805,training_writers,long_sweep,0.35557073,0.47000000,1.32181858,38,96,6,60,0,19,47,0,99,25,100,65,71,100,17,85,0
train_00806,training_writers,long_sweep,0.34394289,0.47000000,1.36650592,100,97,48,100,12,80,9,42,51,53,80,28,49,0,0,5,5
train_00807,training_writers,compact_trace,0.51045266,0.32000000,0.62689457,0,32,34,50,63,76,94,100,100,84,86,55,73,27,70,0,1
train_00808,training_writers,long_sweep,0.35962259,0.47000000,1.30692569,54,92,5,69,51,52,50,3,0,0,12,43,45,86,100,100,5
train_00809,training_writers,long_sweep,0.36674554,0.47000000,1.28154251,43,82,85,44,100,3,17,0,0,34,62,64,90,100,7,95,8
train_00810,training_writers,long_sweep,0.35448544,0.47000000,1.32586545,50,60,47,100,92,95,88,47,48,15,0,0,49,5,100,3,2
train_00811,training_writers,long_sweep,0.34935513,0.47000000,1.34533592,69,100,43,92,15,58,5,21,50,0,100,20,48,34,0,15,6
train_00812,training_writers,compact_trace,0.53268104,0.32000000,0.60073472,38,70,51,100,37,72,38,38,28,5,0,0,50,4,100,10,1
train_00813,training_writers,compact_trace,0.51811673,0.32000000,0.61762144,44,100,65,100,54,62,30,32,0,10,29,7,64,1,100,0,2
train_00814,training_writers,long_sweep,0.34172292,0.47000000,1.37538332,80,88,43,100,9,70,0,31,28,0,78,11,100,46,90,85,0
train_00815,training_writers,compact_trace,0.54057875,0.32000000,0.59195816,11,72,39,100,62,77,50,42,24,12,0,0,50,3,100,3,2
train_00816,training_writers,compact_trace,0.53018303,0.32000000,0.60356516,48,80,50,100,100,99,78,69,76,49,91,18,45,0,0,9,3
train_00817,training_writers,compact_trace,0.54107938,0.32000000,0.59141045,45,87,41,100,89,96,54,65,68,55,100,26,60,0,0,3,3
train_00818,training_writers,compact_trace,0.52254408,0.32000000,0.61238852,10,100,4,67,11,70,2,80,19,33,0,0,21,8,100,12,1
train_00819,training_writers,compact_trace,0.50797342,0.32000000,0.62995423,0,55,53,77,100,100,87,95,87,71,87,47,87,23,80,0,1
train_00820,training_writers,compact_trace,0.54493956,0.32000000,0.58722108,55,76,70,100,95,78,72,50,40,25,0,3,40,0,100,2,2
train_00821,training_writers,long_sweep,0.34102240,0.47000000,1.37820860,42,100,7,72,0,41,54,38,100,44,73,73,56,36,39,0,4
train_00822,training_writers,long_sweep,0.34182805,0.47000000,1.37496030,9,98,16,100,0,55,65,40,100,58,80,89,52,46,33,0,4
train_00823,training_writers,long_sweep,0.34991210,0.47000000,1.34319449,25,100,0,69,1,20,43,0,87,16,100,61,72,100,29,96,0
train_00824,training_writers,compact_trace,0.54258880,0.32000000,0.58976522,0,63,23,100,56,78,48,34,19,0,11,13,55,23,100,11,2
train_00825,training_writers,compact_trace,0.50575687,0.32000000,0.63271508,0,61,33,71,66,86,100,100,94,77,79,52,66,26,62,0,1
train_00826,training_writers,long_sweep,0.34573483,0.47000000,1.35942334,51,69,74,37,100,0,52,4,41,41,73,75,60,100,0,83,8
train_00827,training_writers,long_sweep,0.35254421,0.47000000,1.33316611,97,100,63,90,30,56,11,20,48,0,100,22,39,27,0,4,6
train_00828,training_writers,long_sweep,0.36008453,0.47000000,1.30524906,17,100,8,53,61,47,42,0,3,17,0,80,44,96,100,94,5
train_00829,training_writers,long_sweep,0.36464815,0.47000000,1.28891370,37,71,79,71,49,100,0,45,25,36,66,0,100,51,10,26,8
train_00830,training_writers,long_sweep,0.34584241,0.47000000,1.35900046,10,76,39,100,88,87,55,62,100,43,98,13,43,0,0,8,3
train_00831,training_writers,compact_trace,0.51409222,0.32000000,0.62245641,33,100,21,78,0,53,4,28,77,36,90,51,88,25,100,0,4
train_00832,training_writers,long_sweep,0.34971918,0.47000000,1.34393543,53,91,100,100,86,100,28,86,58,64,98,32,60,0,0,1,5
train_00833,training_writers,compact_trace,0.53815672,0.32000000,0.59462233,0,55,41,82,72,100,66,65,63,29,31,0,33,4,100,5,1
train_00834,training_writers,long_sweep,0.34474449,0.47000000,1.36332854,32,94,23,68,60,34,33,0,0,26,17,69,41,98,100,100,5
train_00835,training_writers,long_sweep,0.34861715,0.47000000,1.34818383,0,100,51,85,100,74,63,37,26,0,15,12,38,31,100,37,7
train_00836,training_writers,long_sweep,0.34530592,0.47000000,1.36111190,82,90,39,100,25,64,75,80,100,83,91,43,58,9,0,0,9
train_00837,training_writers,compact_trace,0.54096907,0.32000000,0.59153105,3,87,50,100,100,100,78,76,76,52,90,30,47,13,0,0,3
train_00838,training_writers,long_sweep,0.34174181,0.47000000,1.37530727,81,100,50,79,23,52,17,22,70,15,100,31,44,19,0,0,6
train_00839,training_writers,compact_trace,0.54667075,0.32000000,0.58536148,14,73,52,100,66,98,50,55,35,12,0,7,50,3,100,0,1
train_00840,training_writers,long_sweep,0.36638772,0.47000000,1.28279410,7,94,17,51,94,47,66,0,9,3,0,56,18,97,100,100,5
train_00841,training_writers,long_sweep,0.34217509,0.47000000,1.37356579,100,97,58,100,21,70,0,34,21,0,71,1,57,28,11,14,6
train_00842,training_writers,compact_trace,0.54633364,0.32000000,0.58572267,100,100,53,82,18,57,0,29,14,0,69,1,64,20,12,7,6
train_00843,training_writers,rising_tail,0.26505276,0.43000000,1.62231850,12,55,0,46,21,6,66,0,100,30,99,73,63,100,18,93,0
train_00844,training_writers,long_sweep,0.36008759,0.47000000,1.30523799,32,94,0,57,56,47,59,0,17,4,12,64,42,100,100,95,5
train_00845,training_writers,long_sweep,0.34913590,0.47000000,1.34618066,73,100,35,81,10,51,11,19,59,0,100,19,62,44,0,47,6
train_00846,training_writers,long_sweep,0.34151527,0.47000000,1.37621957,0,78,40,100,80,86,70,42,40,7,14,0,56,18,100,3,2
train_00847,training_writers,compact_trace,0.53635358,0.32000000,0.59662136,62,100,37,81,14,55,0,28,55,24,100,45,66,27,58,0,4
train_00848,training_writers,compact_trace,0.51768122,0.32000000,0.61814103,32,100,12,77,0,48,53,38,100,55,94,57,81,28,65,0,4
train_00849,training_writers,compact_trace,0.52086258,0.32000000,0.61436551,38,100,14,74,0,46,39,35,93,35,100,53,86,27,70,0,4
train_00850,training_writers,compact_trace,0.53403841,0.32000000,0.59920784,0,76,42,100,51,91,43,52,46,13,100,7,71,2,31,0,1
train_00851,training_writers,long_sweep,0.36838389,0.47000000,1.27584297,96,100,0,98,22,54,87,15,51,0,25,39,100,73,38,94,8
train_00852,training_writers,compact_trace,0.54665327,0.32000000,0.58538020,0,94,50,100,94,100,73,58,60,14,43,0,50,27,100,19,7
train_00853,training_writers,long_sweep,0.33906347,0.47000000,1.38617115,0,93,53,100,83,84,68,43,55,0,30,22,45,46,100,51,7
train_00854,training_writers,compact_trace,0.54253609,0.32000000,0.58982251,37,100,48,71,0,44,63,37,100,37,89,63,80,29,74,0,4
train_00855,training_writers,long_sweep,0.35249159,0.47000000,1.33336515,32,90,0,60,2,17,51,0,95,27,100,69,66,100,25,72,0
train_00856,training_writers,long_sweep,0.34243739,0.47000000,1.37251368,48,100,18,59,43,74,53,82,41,22,0,0,38,1,100,0,1
train_00857,training_writers,compact_trace,0.50027520,0.32000000,0.63964794,0,66,54,79,78,100,100,86,98,63,92,42,80,20,90,0,1
train_00858,training_writers,long_sweep,0.34476052,0.47000000,1.36326515,21,100,0,64,2,23,40,0,86,18,100,56,75,91,30,81,0
train_00859,training_writers,compact_trace,0.51612545,0.32000000,0.62000430,0,92,42,100,90,100,100,83,71,63,57,40,44,17,14,0,3
train_00860,training_writers,compact_trace,0.54161707,0.32000000,0.59082333,0,71,20,100,54,91,51,55,29,22,3,0,54,3,100,9,2
train_00861,training_writers,compact_trace,0.52029413,0.32000000,0.61503673,31,87,57,100,55,65,30,37,0,14,26,9,62,5,100,0,2
train_00862,training_writers,long_sweep,0.34160618,0.47000000,1.37585331,79,81,57,100,17,82,62,65,99,52,100,16,52,1,0,0,9
train_00863,training_writers,long_sweep,0.34261094,0.47000000,1.37181843,53,81,86,100,98,69,83,37,52,9,0,3,47,0,100,2,2
train_00864,training_writers,compact_trace,0.54272068,0.32000000,0.58962190,27,66,53,100,76,77,49,40,9,13,0,15,50,5,100,0,2
train_00865,training_writers,long_sweep,0.36314520,0.47000000,1.29424816,60,80,12,50,3,0,57,10,97,50,100,100,46,92,0,59,0
train_00866,training_writers,compact_trace,0.50730639,0.32000000,0.63078251,0,91,36,100,62,83,57,60,70,39,100,22,78,4,39,0,3
train_00867,training_writers,long_sweep,0.34205731,0.47000000,1.37403874,0,95,62,100,100,82,88,50,79,19,66,0,35,27,99,37,7
train_00868,training_writers,compact_trace,0.53464867,0.32000000,0.59852388,43,80,28,100,60,73,40,38,0,14,0,3,50,0,100,0,2
train_00869,training_writers,long_sweep,0.34264176,0.47000000,1.37169504,100,89,52,100,25,71,45,34,38,0,0,17,34,47,76,71,8
train_00870,training_writers,long_sweep,0.34843485,0.47000000,1.34888917,71,92,48,62,100,82,59,100,87,75,87,47,55,0,0,5,9
train_00871,training_writers,compact_trace,0.54411649,0.32000000,0.58810936,34,100,15,78,0,43,56,37,100,43,78,70,54,36,41,0,4
train_00872,training_writers,long_sweep,0.34505507,0.47000000,1.36210142,62,100,27,82,0,51,2,19,51,0,100,18,62,40,20,22,6
train_00873,training_writers,long_sweep,0.34424665,0.47000000,1.36530013,63,98,95,76,93,100,61,74,100,81,99,33,67,0,0,4,9
train_00874,training_writers,compact_trace,0.54136581,0.32000000,0.59109754,34,66,65,100,62,99,55,61,44,23,0,0,21,3,100,2,1
train_00875,training_writers,compact_trace,0.51774406,0.32000000,0.61806600,0,42,42,55,73,77,100,100,81,77,61,52,46,26,39,0,1
train_00876,training_writers,long_sweep,0.36349369,0.47000000,1.29300733,0,100,28,65,100,79,38,96,58,55,96,44,72,0,11,23,9
train_00877,training_writers,long_sweep,0.36728440,0.47000000,1.27966230,90,94,13,95,26,56,96,27,52,0,0,26,45,64,100,100,8
train_00878,training_writers,long_sweep,0.34132063,0.47000000,1.37700439,2,85,0,58,45,34,24,0,7,28,1,69,44,93,100,100,5
train_00879,training_writers,compact_trace,0.51805186,0.32000000,0.61769878,0,50,13,63,56,83,100,100,94,75,75,50,54,24,31,0,1
train_00880,training_writers,compact_trace,0.52986907,0.32000000,0.60392277,23,100,15,75,0,40,60,29,94,60,100,70,86,35,78,0,4
train_00881,training_writers,long_sweep,0.33792024,0.47000000,1.39086076,47,100,11,81,0,39,21,3,62,0,98,22,100,63,61,73,0
train_00882,training_writers,long_sweep,0.34414075,0.47000000,1.36572029,45,69,58,100,94,83,75,47,39,18,0,0,50,9,100,2,2
train_00883,training_writers,compact_trace,0.50457202,0.32000000,0.63420084,0,64,37,82,85,99,100,100,85,75,76,50,70,24,67,0,1
train_00884,training_writers,compact_trace,0.52979767,0.32000000,0.60400417,100,100,55,99,39,73,91,84,86,76,68,47,43,20,0,0,9
train_00885,training_writers,compact_trace,0.53718286,0.32000000,0.59570031,0,79,27,100,84,99,82,75,84,52,100,28,55,11,2,0,3
train_00886,training_writers,compact_trace,0.53883051,0.32000000,0.59387876,23,88,68,100,100,84,73,60,82,37,98,12,52,0,0,3,3
train_00887,training_writers,compact_trace,0.53264356,0.32000000,0.60077700,0,77,33,100,55,71,45,35,14,8,9,19,56,17,100,0,2
train_00888,training_writers,compact_trace,0.49625941,0.32000000,0.64482404,75,80,93,100,100,81,80,59,66,35,66,9,34,0,0,4,3
train_00889,training_writers,compact_trace,0.53009008,0.32000000,0.60367098,38,100,20,75,0,47,56,35,100,50,80,56,61,28,43,0,4
train_00890,training_writers,long_sweep,0.34023643,0.47000000,1.38139233,0,87,46,100,88,85,73,43,65,0,36,18,46,42,100,50,7
train_00891,training_writers,compact_trace,0.53918148,0.32000000,0.59349220,24,91,67,100,61,65,36,33,0,6,0,13,50,3,100,0,2
train_00892,training_writers,long_sweep,0.34887357,0.47000000,1.34719290,100,52,40,48,0,71,26,100,78,91,88,57,73,22,33,0,9
train_00893,training_writers,long_sweep,0.34879606,0.47000000,1.34749229,4,80,50,100,100,91,71,60,46,44,89,25,51,0,0,6,3
train_00894,training_writers,long_sweep,0.35331929,0.47000000,1.33024154,87,100,51,81,0,45,74,46,100,66,89,90,78,44,60,0,4
train_00895,training_writers,long_sweep,0.35501062,0.47000000,1.32390405,18,99,6,51,22,6,69,0,100,37,90,83,44,100,0,80,0
train_00896,training_writers,long_sweep,0.35639560,0.47000000,1.31875928,27,82,5,39,30,0,80,15,100,59,74,100,23,95,0,53,0
train_00897,training_writers,long_sweep,0.34275652,0.47000000,1.37123576,0,90,37,98,89,100,67,52,50,0,33,18,48,40,100,47,7
train_00898,training_writers,compact_trace,0.54681923,0.32000000,0.58520253,32,87,74,100,82,75,45,53,87,43,100,18,54,0,0,3,3
train_00899,training_writers,long_sweep,0.34686887,0.47000000,1.35497890,0,82,43,100,100,94,90,65,55,41,13,18,28,1,92,0,2
train_00900,training_writers,compact_trace,0.53034664,0.32000000,0.60337895,14,66,23,100,41,74,24,34,0,0,22,15,61,9,100,3,2
train_00901,training_writers,long_sweep,0.36940385,0.47000000,1.27232025,66,90,6,55,100,73,45,100,33,46,0,0,89,11,13,23,8
train_00902,training_writers,compact_trace,0.52869510,0.32000000,0.60526379,64,92,100,100,85,98,47,80,70,54,82,18,43,0,0,13,5
train_00903,training_writers,long_sweep,0.36535933,0.47000000,1.28640482,96,85,31,100,44,64,96,27,37,0,0,31,72,62,100,91,8
train_00904,training_writers,compact_trace,0.50854231,0.32000000,0.62924952,0,60,42,80,90,100,100,97,84,72,68,47,55,22,45,0,1
train_00905,training_writers,long_sweep,0.35500604,0.47000000,1.32392112,40,100,0,60,20,21,86,14,100,40,75,86,61,50,59,0,4
train_00906,training_writers,long_sweep,0.35570923,0.47000000,1.32130392,59,90,16,88,0,41,25,0,77,10,100,55,82,100,35,94,0
train_00907,training_writers,compact_trace,0.54373983,0.32000000,0.58851675,16,100,11,71,5,39,29,11,85,11,100,28,46,18,0,0,6
train_00908,training_writers,long_sweep,0.35282141,0.47000000,1.33211872,36,100,19,61,0,27,80,28,100,52,73,90,70,45,69,0,4
train_00909,training_writers,compact_trace,0.54550361,0.32000000,0.58661390,56,76,75,100,91,67,68,33,28,10,0,17,51,14,100,0,2
train_00910,training_writers,compact_trace,0.53986991,0.32000000,0.59273538,0,77,13,100,57,99,60,64,38,30,11,2,57,0,100,6,2
train_00911,training_writers,compact_trace,0.54460809,0.32000000,0.58757849,0,99,56,100,72,80,54,41,49,0,22,18,41,36,100,39,7
train_00912,training_writers,compact_trace,0.51517992,0.32000000,0.62114222,30,100,19,80,0,53,11,32,74,40,100,56,89,28,85,0,4
train_00913,training_writers,long_sweep,0.34605713,0.47000000,1.35815724,32,99,35,63,56,21,17,0,0,36,12,82,54,100,100,83,5
train_00914,training_writers,compact_trace,0.52360287,0.32000000,0.61115020,51,100,93,95,64,73,70,61,100,39,82,12,38,0,0,7,3
train_00915,training_writers,long_sweep,0.34612147,0.47000000,1.35790477,0,94,61,100,100,77,83,44,58,13,44,0,25,29,97,36,7
train_00916,training_writers,compact_trace,0.53829983,0.32000000,0.59446424,0,68,27,100,73,93,73,52,54,12,50,0,49,34,100,38,7
train_00917,training_writers,compact_trace,0.53365473,0.32000000,0.59963864,6,80,45,100,59,70,37,39,3,13,0,9,52,5,100,0,2
train_00918,training_writers,long_sweep,0.35858250,0.47000000,1.31071651,76,95,23,100,36,60,68,22,23,0,0,33,46,65,100,94,8
train_00919,training_writers,compact_trace,0.52370468,0.32000000,0.61103139,0,51,24,64,66,85,100,100,72,75,47,51,26,25,11,0,1
train_00920,training_writers,compact_trace,0.54370414,0.32000000,0.58855538,29,71,55,100,74,75,59,39,30,9,0,8,49,0,100,2,2
train_00921,training_writers,compact_trace,0.52107587,0.32000000,0.61411403,40,78,62,100,58,67,35,39,0,32,27,22,62,7,100,0,2
train_00922,training_writers,long_sweep,0.35371666,0.47000000,1.32874714,81,97,2,90,0,61,81,72,100,100,81,67,69,33,59,0,9
train_00923,training_writers,compact_trace,0.51009152,0.32000000,0.62733840,0,88,26,100,56,86,45,51,26,19,34,0,69,2,100,10,2
train_00924,training_writers,compact_trace,0.53946122,0.32000000,0.59318443,35,100,5,72,0,40,44,18,87,30,100,58,70,30,53,0,4
train_00925,training_writers,compact_trace,0.53488786,0.32000000,0.59825624,31,85,63,100,75,71,39,43,0,17,11,4,58,1,100,0,2
train_00926,training_writers,compact_trace,0.53917490,0.32000000,0.59349944,0,74,36,100,64,74,54,37,37,0,23,12,38,39,100,43,7
train_00927,training_writers,long_sweep,0.35576994,0.47000000,1.32107843,13,98,0,74,51,57,32,0,2,22,4,85,41,100,100,100,5
train_00928,training_writers,compact_trace,0.54479610,0.32000000,0.58737571,98,78,44,76,40,100,91,98,100,69,79,42,44,18,0,0,9
train_00929,training_writers,compact_trace,0.52060847,0.32000000,0.61466538,46,88,78,100,79,67,65,47,100,32,75,7,37,0,0,5,3
train_00930,training_writers,long_sweep,0.36052232,0.47000000,1.30366408,94,77,54,100,0,74,47,52,85,76,100,38,82,0,5,0,9
train_00931,training_writers,compact_trace,0.54556564,0.32000000,0.58654721,41,75,62,100,100,94,74,67,37,43,0,20,23,2,83,0,2
train_00932,training_writers,rising_tail,0.24860457,0.40000000,1.60898085,32,75,6,48,0,16,34,0,79,11,100,39,99,70,82,100,0
train_00933,training_writers,long_sweep,0.35440118,0.47000000,1.32618069,71,100,29,69,0,32,24,0,76,18,100,56,85,95,31,98,0
train_00934,training_writers,long_sweep,0.34120969,0.47000000,1.37745207,42,80,19,62,51,28,13,0,0,26,11,70,46,100,100,98,5
train_00935,training_writers,long_sweep,0.36798665,0.47000000,1.27722024,32,52,22,0,100,2,78,63,35,37,14,100,71,92,0,73,8
train_00936,training_writers,compact_trace,0.53308831,0.32000000,0.60027578,27,100,15,72,0,42,49,31,100,36,82,62,68,31,66,0,4
train_00937,training_writers,compact_trace,0.51214633,0.32000000,0.62482143,0,77,26,100,49,87,39,54,15,26,24,11,62,4,100,0,2
train_00938,training_writers,long_sweep,0.35909813,0.47000000,1.30883444,34,96,43,63,89,37,65,0,0,14,12,54,26,93,100,100,5
train_00939,training_writers,compact_trace,0.54380099,0.32000000,0.58845056,29,100,16,77,0,41,70,34,100,64,89,67,57,34,26,0,4
train_00940,training_writers,long_sweep,0.34482833,0.47000000,1.36299705,0,96,51,100,98,88,87,61,53,42,100,27,68,7,17,0,3
train_00941,training_writers,long_sweep,0.35311704,0.47000000,1.33100344,6,83,0,39,24,0,73,11,100,51,82,94,35,100,6,62,0
train_00942,training_writers,long_sweep,0.36283680,0.47000000,1.29534819,33,88,39,59,63,100,0,65,28,43,40,0,100,42,25,47,8
train_00943,training_writers,long_sweep,0.36914707,0.47000000,1.27320528,69,97,0,90,24,45,81,3,0,0,46,45,100,89,20,100,8
train_00944,training_writers,compact_trace,0.51620845,0.32000000,0.61990461,0,51,10,59,57,79,100,100,92,78,70,52,52,25,32,0,1
train_00945,training_writers,compact_trace,0.53938900,0.32000000,0.59326386,27,84,58,100,76,68,57,34,16,13,0,9,50,5,100,0,2
train_00946,training_writers,compact_trace,0.50356716,0.32000000,0.63546638,0,61,15,62,51,81,89,100,100,80,86,53,72,26,57,0,1
train_00947,training_writers,compact_trace,0.53051354,0.32000000,0.60318913,13,96,56,100,56,75,30,53,0,32,3,11,51,5,100,0,2
train_00948,training_writers,long_sweep,0.35929394,0.47000000,1.30812113,35,88,30,57,50,17,11,0,0,38,56,68,100,100,20,100,8
train_00949,training_writers,long_sweep,0.35105671,0.47000000,1.33881502,54,96,60,67,87,34,48,0,14,26,0,72,40,100,100,99,5
train_00950,training_writers,compact_trace,0.53509661,0.32000000,0.59802285,22,72,34,100,62,73,38,35,0,8,5,0,53,3,100,8,2
train_00951,training_writers,long_sweep,0.35053939,0.47000000,1.34079082,28,86,8,60,54,45,28,0,6,20,0,70,40,98,100,100,5
train_00952,training_writers,long_sweep,0.34142054,0.47000000,1.37660142,0,92,51,100,100,98,83,57,71,14,59,0,44,33,97,42,7
train_00953,training_writers,compact_trace,0.53330528,0.32000000,0.60003156,0,94,22,100,71,94,70,51,61,0,42,9,52,32,100,20,7
train_00954,training_writers,long_sweep,0.35148354,0.47000000,1.33718921,62,88,20,65,0,24,34,0,78,24,100,63,77,100,26,93,0
train_00955,training_writers,long_sweep,0.35099829,0.47000000,1.33903785,11,85,31,100,92,95,75,63,46,36,100,16,62,0,0,9,3
train_00956,training_writers,long_sweep,0.34704775,0.47000000,1.35428051,70,69,100,95,40,100,0,74,53,75,78,57,51,28,21,0,9
train_00957,training_writers,compact_trace,0.54579635,0.32000000,0.58629927,4,77,29,100,80,98,68,69,93,46,100,13,52,0,0,4,3
train_00958,training_writers,compact_trace,0.53728927,0.32000000,0.59558234,33,100,13,89,0,61,49,58,100,76,63,55,37,28,20,0,4
train_00959,training_writers,long_sweep,0.35252627,0.47000000,1.33323396,100,87,26,100,0,70,66,68,97,99,86,66,72,33,69,0,9
train_00960,training_writers,long_sweep,0.35374725,0.47000000,1.32863224,10,71,57,100,91,76,65,37,30,0,0,11,30,31,100,33,7
train_00961,training_writers,compact_trace,0.51794077,0.32000000,0.61783127,9,100,18,82,0,49,10,24,71,26,100,51,92,31,90,0,4
train_00962,training_writers,long_sweep,0.34069816,0.50000000,1.46757472,0,66,1,64,26,53,63,26,12,0,12,52,33,91,100,100,5
train_00963,training_writers,compact_trace,0.54157273,0.32000000,0.59087170,100,100,54,85,21,60,0,33,2,5,52,0,54,22,1,17,6
train_00964,training_writers,compact_trace,0.50104766,0.32000000,0.63866180,0,81,41,79,79,96,100,100,95,74,87,49,78,23,78,0,1
train_00965,training_writers,long_sweep,0.34144974,0.47000000,1.37648369,0,95,31,100,78,97,54,47,23,0,17,5,44,39,100,48,7
train_00966,training_writers,compact_trace,0.52405859,0.32000000,0.61061874,20,100,6,79,0,49,65,43,100,66,86,59,70,29,52,0,4
train_00967,training_writers,long_sweep,0.35836512,0.47000000,1.31151157,11,84,0,34,35,0,84,19,100,67,65,100,21,70,11,24,0
train_00968,training_writers,long_sweep,0.34714305,0.47000000,1.35390870,57,96,3,100,27,74,62,90,86,71,100,31,63,0,0,3,9
train_00969,training_writers,long_sweep,0.36707827,0.47000000,1.28038089,66,86,0,94,21,52,80,14,14,0,42,39,100,78,49,100,8
train_00970,training_writers,compact_trace,0.54583187,0.32000000,0.58626111,25,75,37,98,92,100,100,75,68,51,97,27,51,9,0,0,3
train_00971,training_writers,long_sweep,0.36729939,0.47000000,1.27961006,78,67,65,100,0,75,56,37,84,0,2,10,35,52,100,86,8
train_00972,training_writers,long_sweep,0.35735481,0.47000000,1.31521946,22,100,0,55,40,59,53,2,19,0,20,66,41,99,100,98,5
train_00973,training_writers,long_sweep,0.35566105,0.47000000,1.32148292,89,100,40,79,0,42,69,38,100,59,74,87,69,43,68,0,4
train_00974,training_writers,long_sweep,0.35812125,0.47000000,1.31240465,0,99,91,100,79,69,60,35,50,0,17,3,9,28,100,37,7
train_00975,training_writers,compact_trace,0.54159509,0.32000000,0.59084730,55,83,100,100,88,92,40,78,24,43,68,31,48,5,0,0,5
train_00976,training_writers,long_sweep,0.35279418,0.47000000,1.33222151,31,91,0,85,8,45,85,44,100,82,66,100,68,50,76,0,4
train_00977,training_writers,long_sweep,0.35749891,0.47000000,1.31468933,31,83,0,53,1,8,57,0,100,30,98,75,51,100,7,72,0
train_00978,training_writers,compact_trace,0.52765167,0.32000000,0.60646069,7,86,44,100,54,70,30,39,0,13,14,4,57,2,100,0,2
train_00979,training_writers,long_sweep,0.35953764,0.47000000,1.30723450,0,98,5,73,70,39,100,0,43,9,53,50,84,90,26,100,8
train_00980,training_writers,compact_trace,0.52905220,0.32000000,0.60485525,100,100,70,93,37,68,11,41,0,11,38,0,48,25,2,35,6
train_00981,training_writers,compact_trace,0.51109034,0.32000000,0.62611241,0,40,22,53,49,64,76,79,100,100,84,73,71,38,63,0,1
train_00982,training_writers,compact_trace,0.54288204,0.32000000,0.58944665,41,81,63,100,82,75,52,47,100,46,98,17,46,0,0,9,3
train_00983,training_writers,long_sweep,0.35499997,0.47000000,1.32394376,100,100,49,91,13,62,0,28,33,0,90,15,75,45,8,49,6
train_00984,training_writers,long_sweep,0.36433199,0.47000000,1.29003221,24,86,36,55,98,77,27,100,45,81,100,49,84,10,0,0,9
train_00985,training_writers,compact_trace,0.50811221,0.32000000,0.62978215,44,100,16,79,0,53,20,33,61,32,100,37,85,28,81,0,4
train_00986,training_writers,compact_trace,0.51044399,0.32000000,0.62690522,90,85,100,100,64,97,59,68,80,38,72,8,36,1,0,0,5
train_00987,training_writers,long_sweep,0.35735494,0.47000000,1.31521897,28,61,59,27,33,0,2,20,63,46,100,79,48,100,0,74,8
train_00988,training_writers,long_sweep,0.34392597,0.47000000,1.36657318,94,95,56,100,23,67,0,29,19,0,69,16,100,50,89,90,0
train_00989,training_writers,long_sweep,0.36131208,0.47000000,1.30081452,27,89,0,64,62,46,54,0,3,1,6,52,31,93,100,100,5
train_00990,training_writers,long_sweep,0.34188303,0.47000000,1.37473921,100,100,55,100,13,76,0,46,12,15,64,0,78,27,26,46,6
train_00991,training_writers,long_sweep,0.34301474,0.47000000,1.37020353,34,71,16,65,17,23,0,0,1,42,44,75,100,100,46,91,8
train_00992,training_writers,compact_trace,0.52768390,0.32000000,0.60642366,34,29,0,51,37,76,92,100,100,80,84,53,74,26,74,0,1
train_00993,training_writers,compact_trace,0.54691907,0.32000000,0.58509571,38,79,59,100,89,77,69,44,31,17,0,22,54,20,100,0,2
train_00994,training_writers,compact_trace,0.53297042,0.32000000,0.60040856,100,100,60,89,26,65,3,36,0,4,43,0,51,26,12,31,6
train_00995,training_writers,long_sweep,0.34984650,0.47000000,1.34344633,75,100,46,69,22,37,12,3,66,0,100,26,45,34,0,13,6
train_00996,training_writers,long_sweep,0.35160890,0.47000000,1.33671245,21,100,19,70,32,100,45,52,63,7,0,0,34,8,100,13,1
train_00997,training_writers,compact_trace,0.51981520,0.32000000,0.61560339,25,89,62,100,65,78,66,52,100,33,81,7,41,0,0,3,3
train_00998,training_writers,long_sweep,0.35408507,0.47000000,1.32736465,7,97,15,68,65,39,31,0,0,25,4,77,33,97,100,100,5
train_00999,training_writers,long_sweep,0.36612169,0.47000000,1.28372618,56,80,5,100,10,65,87,33,71,0,0,22,58,59,100,97,8
train_01000,training_writers,long_sweep,0.34381298,0.47000000,1.36702227,51,80,56,100,100,93,82,53,45,20,0,0,42,10,94,1,2
train_01001,training_writers,long_sweep,0.35351625,0.47000000,1.32950041,4,92,45,100,100,91,59,52,32,5,15,0,0,38,65,38,7
train_01002,training_writers,long_sweep,0.34484508,0.47000000,1.36293087,93,69,100,100,44,95,12,68,68,69,80,46,50,17,0,0,9
train_01003,training_writers,compact_trace,0.54567488,0.32000000,0.58642978,30,84,70,100,78,69,63,38,34,10,0,12,46,14,100,0,2
train_01004,training_writers,compact_trace,0.53889179,0.32000000,0.59381123,31,100,20,90,16,57,75,52,100,79,68,63,33,31,0,0,4
train_01005,training_writers,compact_trace,0.53761923,0.32000000,0.59521681,22,100,9,68,0,35,22,16,100,18,88,37,50,33,57,0,4
train_01006,training_writers,compact_trace,0.52830074,0.32000000,0.60571560,9,100,9,77,0,46,2,22,81,29,100,35,56,31,59,0,4
train_01007,training_writers,compact_trace,0.53875319,0.32000000,0.59396400,80,100,32,85,63,72,61,81,86,48,100,16,53,0,0,5,9
train_01008,training_writers,compact_trace,0.53704717,0.32000000,0.59585083,21,83,55,100,92,86,73,61,92,35,100,9,52,0,0,0,3
train_01009,training_writers,long_sweep,0.34019202,0.47000000,1.38157269,52,100,19,73,0,44,6,14,58,0,100,17,60,36,19,20,6
train_01010,training_writers,compact_trace,0.54730667,0.32000000,0.58468134,14,100,66,86,66,57,50,28,31,0,0,9,25,29,100,30,7
train_01011,training_writers,long_sweep,0.35253819,0.47000000,1.33318890,3,70,0,25,41,0,89,18,100,61,75,100,25,100,14,58,0
train_01012,training_writers,long_sweep,0.33919939,0.47000000,1.38561571,69,90,33,100,63,76,70,98,100,61,98,16,51,0,0,10,9
train_01013,training_writers,compact_trace,0.54407540,0.32000000,0.58815377,55,89,52,100,0,71,16,53,100,60,100,65,57,33,27,0,4
train_01014,training_writers,compact_trace,0.53776502,0.32000000,0.59505544,34,78,60,100,100,81,70,57,94,39,89,9,39,0,0,17,3
train_01015,training_writers,long_sweep,0.35782255,0.47000000,1.31350023,19,96,21,59,73,41,40,0,3,21,0,77,36,98,100,100,5
train_01016,training_writers,long_sweep,0.34969197,0.47000000,1.34404003,75,100,30,73,0,44,62,44,100,51,70,78,55,38,38,0,4
train_01017,training_writers,long_sweep,0.36296524,0.47000000,1.29488982,0,79,65,71,100,100,27,90,3,62,78,68,70,41,35,0,9
train_01018,training_writers,compact_trace,0.54447123,0.32000000,0.58772619,23,100,17,81,0,48,43,33,100,39,58,66,38,34,27,0,4
train_01019,training_writers,compact_trace,0.54642628,0.32000000,0.58562337,95,85,100,100,61,71,41,36,50,0,93,3,58,30,0,26,6
train_01020,training_writers,compact_trace,0.51246664,0.32000000,0.62443088,21,68,48,83,100,100,83,80,59,60,41,40,17,19,0,0,1
train_01021,training_writers,long_sweep,0.34106682,0.47000000,1.37802907,6,76,33,100,73,75,52,39,6,16,0,31,52,17,100,0,2
train_01022,training_writers,long_sweep,0.34218324,0.47000000,1.37353309,56,86,100,100,64,92,18,73,48,62,81,38,50,7,0,0,5
train_01023,training_writers,compact_trace,0.51194712,0.32000000,0.62506455,0,34,34,55,70,77,100,100,95,78,84,51,73,26,64,0,1
train_01024,training_writers,long_sweep,0.34809131,0.47000000,1.35022042,31,78,0,57,14,13,59,0,100,23,98,69,62,100,19,91,0
train_01025,training_writers,compact_trace,0.54763784,0.32000000,0.58432778,75,87,39,100,30,65,83,75,100,70,91,31,57,0,0,9,9
train_01026,training_writers,long_sweep,0.34613029,0.47000000,1.35787018,12,73,0,30,33,0,77,6,100,44,78,85,37,100,12,67,0
train_01027,training_writers,long_sweep,0.36166404,0.47000000,1.29954860,9,96,1,50,12,0,69,3,100,48,82,97,28,100,0,54,0
train_01028,training_writers,compact_trace,0.54730413,0.32000000,0.58468406,38,78,52,100,97,79,58,52,78,41,100,11,38,0,0,20,3
train_01029,training_writers,compact_trace,0.51847532,0.32000000,0.61719428,35,100,21,73,0,46,18,30,77,30,100,53,87,27,79,0,4
train_01030,training_writers,compact_trace,0.50318773,0.32000000,0.63594555,16,100,9,84,0,59,30,40,86,49,100,47,75,24,63,0,4
train_01031,training_writers,long_sweep,0.34627972,0.47000000,1.35728421,15,80,0,46,20,7,67,0,100,33,93,76,53,100,16,75,0
train_01032,training_writers,compact_trace,0.53186314,0.32000000,0.60165854,49,84,55,100,100,98,72,72,48,50,81,31,49,8,0,0,3
train_01033,training_writers,long_sweep,0.34153163,0.47000000,1.37615366,0,92,44,100,80,88,43,67,71,45,100,23,54,7,2,0,3
train_01034,training_writers,compact_trace,0.50017428,0.32000000,0.63977701,0,73,46,84,87,100,100,92,86,69,76,46,69,22,67,0,1
train_01035,training_writers,long_sweep,0.34312134,0.47000000,1.36977780,98,70,85,100,33,86,46,65,100,73,84,37,52,6,0,0,9
train_01036,training_writers,compact_trace,0.54215224,0.32000000,0.59024012,100,100,59,82,25,57,0,28,14,0,59,14,46,39,0,30,6
train_01037,training_writers,compact_trace,0.51667422,0.32000000,0.61934579,27,99,50,100,40,57,19,21,0,14,33,15,65,0,100,12,2
train_01038,training_writers,compact_trace,0.51852086,0.32000000,0.61714007,100,75,79,100,47,82,79,84,66,64,62,23,36,0,0,5,9
train_01039,training_writers,long_sweep,0.34103066,0.47000000,1.37817520,100,80,54,100,42,64,92,80,96,76,94,35,62,0,0,8,9
train_01040,training_writers,compact_trace,0.54212992,0.32000000,0.59026441,42,74,67,100,63,53,36,15,0,0,24,20,62,11,100,0,2
train_01041,training_writers,long_sweep,0.36823532,0.47000000,1.27635774,19,100,0,52,75,73,100,28,27,0,3,46,1,94,92,99,5
train_01042,training_writers,long_sweep,0.35941667,0.47000000,1.30767446,7,91,57,100,8,96,0,54,57,50,100,21,46,0,1,14,5
train_01043,training_writers,long_sweep,0.35143253,0.47000000,1.33738332,29,94,2,59,0,17,47,0,90,25,100,66,71,100,19,98,0
train_01044,training_writers,compact_trace,0.50406472,0.32000000,0.63483911,53,92,88,100,100,86,73,65,70,39,70,13,36,1,0,0,3
train_01045,training_writers,compact_trace,0.50986263,0.32000000,0.62762003,15,100,4,75,0,50,55,41,100,57,85,49,83,24,77,0,4
train_01046,training_writers,long_sweep,0.36599157,0.47000000,1.28418259,45,72,18,100,0,64,64,33,98,0,7,5,26,41,100,68,8
train_01047,training_writers,compact_trace,0.54214480,0.32000000,0.59024822,0,95,40,100,74,80,40,55,1,35,15,12,63,8,100,0,2
train_01048,training_writers,long_sweep,0.34562812,0.47000000,1.35984306,19,83,12,55,57,31,28,0,7,35,0,73,41,97,100,100,5
train_01049,training_writers,long_sweep,0.34009040,0.47000000,1.38198550,100,100,57,84,24,58,0,27,18,0,69,10,57,38,4,42,6
train_01050,training_writers,long_sweep,0.35293974,0.47000000,1.33167208,0,90,59,100,100,79,72,40,55,0,40,1,9,30,84,31,7
train_01051,training_writers,compact_trace,0.53887159,0.32000000,0.59383350,19,100,0,63,3,30,63,47,100,77,91,75,77,38,68,0,4
train_01052,training_writers,long_sweep,0.36393180,0.47000000,1.29145077,100,94,40,100,0,68,43,35,92,5,23,0,3,34,46,68,8
train_01053,training_writers,long_sweep,0.34463454,0.47000000,1.36376350,57,100,35,87,9,58,0,28,29,2,100,0,71,16,5,5,6
train_01054,training_writers,compact_trace,0.53841447,0.32000000,0.59433766,47,74,68,100,100,88,74,60,62,34,96,18,52,0,0,4,3
train_01055,training_writers,long_sweep,0.34166109,0.47000000,1.37563221,7,76,27,45,48,7,8,0,0,40,8,81,52,98,100,100,5
train_01056,training_writers,long_sweep,0.34489717,0.47000000,1.36272501,0,96,59,100,86,72,68,36,48,0,16,13,38,34,100,37,7
train_01057,training_writers,long_sweep,0.34895213,0.47000000,1.34688961,0,59,9,36,43,0,91,20,100,65,65,100,15,84,10,41,0
train_01058,training_writers,long_sweep,0.35629989,0.47000000,1.31911352,51,67,100,87,56,100,0,84,48,74,91,54,65,24,22,0,9
train_01059,training_writers,compact_trace,0.50289613,0.32000000,0.63631430,0,59,46,70,86,91,100,100,95,75,92,50,89,25,95,0,1
train_01060,training_writers,long_sweep,0.33956856,0.47000000,1.38410928,100,100,56,82,19,56,0,25,30,0,87,2,84,16,30,9,6
train_01061,training_writers,compact_trace,0.51655346,0.32000000,0.61949057,0,65,49,81,91,100,100,90,78,67,56,45,36,22,16,0,1
train_01062,training_writers,compact_trace,0.54151131,0.32000000,0.59093872,39,100,5,79,0,47,55,42,100,64,80,60,52,30,28,0,4
train_01063,training_writers,compact_trace,0.54234905,0.32000000,0.59002593,0,93,44,100,79,72,76,35,53,0,29,2,43,28,100,32,7
train_01064,training_writers,long_sweep,0.34701547,0.47000000,1.35440647,77,96,29,90,66,73,66,100,100,64,93,19,49,0,0,20,9
train_01065,training_writers,compact_trace,0.51110811,0.32000000,0.62609063,0,52,40,76,80,100,100,91,100,66,91,40,80,15,54,0,1
train_01066,training_writers,compact_trace,0.52538640,0.32000000,0.60907553,63,100,46,78,19,55,0,32,54,24,100,44,87,24,74,0,4
train_01067,training_writers,long_sweep,0.33858293,0.47000000,1.38813851,34,100,32,100,8,64,0,27,41,0,100,10,76,42,19,60,6
train_01068,training_writers,compact_trace,0.52065815,0.32000000,0.61460673,0,99,8,99,70,100,100,99,60,78,33,52,15,25,22,0,7
train_01069,training_writers,compact_trace,0.53782234,0.32000000,0.59499202,0,64,17,100,56,98,53,58,26,26,15,4,57,4,100,0,2
train_01070,training_writers,compact_trace,0.52822313,0.32000000,0.60580460,0,87,36,100,56,71,37,40,1,19,15,19,61,16,100,0,2
train_01071,training_writers,long_sweep,0.34414258,0.47000000,1.36571300,82,100,51,89,0,62,23,43,100,43,99,66,70,33,47,0,4
train_01072,training_writers,compact_trace,0.54166592,0.32000000,0.59077005,0,93,43,100,93,90,89,63,60,39,28,17,44,0,100,4,2
train_01073,training_writers,long_sweep,0.34430399,0.47000000,1.36507277,31,100,17,68,41,36,5,0,0,35,7,81,43,99,100,97,5
train_01074,training_writers,long_sweep,0.36575670,0.47000000,1.28500723,63,65,35,100,1,69,61,36,79,0,0,15,33,54,100,86,8
train_01075,training_writers,compact_trace,0.53128140,0.32000000,0.60231734,41,85,77,100,92,73,66,49,100,31,78,5,37,0,0,15,3
train_01076,training_writers,long_sweep,0.35516677,0.47000000,1.32332200,100,100,47,79,14,53,0,26,24,0,93,2,95,25,14,25,6
train_01077,training_writers,long_sweep,0.33793883,0.47000000,1.39078425,93,93,44,100,26,73,53,51,100,46,86,12,38,0,0,13,5
train_01078,training_writers,long_sweep,0.34215395,0.47000000,1.37365066,41,91,100,100,99,99,45,86,40,57,89,39,57,9,0,0,5
train_01079,training_writers,compact_trace,0.50851094,0.32000000,0.62928833,0,76,63,91,100,100,90,80,73,60,57,40,50,20,60,0,1
train_01080,training_writers,long_sweep,0.33838205,0.47000000,1.38896256,49,100,19,91,31,54,36,15,0,0,7,36,51,63,100,87,8
train_01081,training_writers,compact_trace,0.54069485,0.32000000,0.59183105,7,100,0,73,57,81,49,80,76,52,100,23,65,0,1,2,9
train_01082,training_writers,long_sweep,0.35838255,0.47000000,1.31144779,60,90,26,82,49,39,35,0,0,23,56,54,100,90,37,100,8
train_01083,training_writers,long_sweep,0.34587411,0.47000000,1.35887594,87,100,34,81,0,53,38,32,99,49,100,53,55,27,18,0,4
train_01084,training_writers,long_sweep,0.35655167,0.47000000,1.31818202,100,67,66,100,0,89,10,55,70,70,87,50,74,9,12,0,9
train_01085,training_writers,long_sweep,0.34808487,0.47000000,1.35024540,38,58,85,86,85,100,70,60,59,21,0,0,23,3,100,8,1
train_01086,training_writers,long_sweep,0.34540473,0.47000000,1.36072253,86,86,37,100,0,74,53,62,100,86,83,66,61,32,41,0,9
train_01087,training_writers,long_sweep,0.34855796,0.47000000,1.34841277,99,100,54,77,26,52,17,23,51,0,100,14,61,35,0,27,6
train_01088,training_writers,compact_trace,0.54309620,0.32000000,0.58921421,41,100,0,80,52,71,68,77,83,49,100,19,65,0,6,2,9
train_01089,training_writers,long_sweep,0.36803121,0.47000000,1.27706560,25,98,7,67,95,78,36,100,0,79,100,71,76,33,14,0,9
train_01090,training_writers,compact_trace,0.50971838,0.32000000,0.62779765,11,100,8,93,0,60,17,33,60,41,100,57,85,32,76,0,4
train_01091,training_writers,compact_trace,0.52578882,0.32000000,0.60860937,16,100,18,77,0,47,26,29,88,35,100,58,74,30,59,0,4
train_01092,training_writers,long_sweep,0.34425829,0.47000000,1.36525396,26,91,0,80,2,34,33,0,80,8,100,50,82,92,38,100,0
train_01093,training_writers,long_sweep,0.34773443,0.47000000,1.35160616,39,96,14,77,0,36,25,0,78,4,100,43,77,82,28,100,0
train_01094,training_writers,compact_trace,0.54189935,0.32000000,0.59051557,17,85,51,100,83,82,55,53,59,39,100,20,55,0,0,3,3
train_01095,training_writers,compact_trace,0.51252775,0.32000000,0.62435644,42,100,24,76,0,53,19,35,79,41,100,48,82,24,73,0,4
train_01096,training_writers,compact_trace,0.53114641,0.32000000,0.60247042,0,80,33,100,65,77,63,39,58,0,35,25,55,39,100,41,7
train_01097,training_writers,compact_trace,0.54103729,0.32000000,0.59145646,68,100,42,75,0,52,44,50,100,66,86,46,51,20,41,0,4
train_01098,training_writers,long_sweep,0.34509213,0.47000000,1.36195514,21,69,49,100,87,85,69,45,32,16,0,8,50,7,100,0,2
train_01099,training_writers,long_sweep,0.35590948,0.47000000,1.32056050,98,100,50,76,20,42,21,5,77,0,100,34,45,37,0,10,6
train_01100,training_writers,long_sweep,0.34013872,0.47000000,1.38178918,100,71,46,71,18,92,66,100,91,74,75,45,44,19,0,0,9
train_01101,training_writers,long_sweep,0.35468691,0.47000000,1.32511234,16,100,10,59,57,35,27,0,0,29,2,86,45,96,100,96,5
train_01102,training_writers,long_sweep,0.36228092,0.47000000,1.29733579,51,92,12,63,0,8,54,0,100,37,86,86,28,100,20,56,0
train_01103,training_writers,long_sweep,0.33892500,0.50000000,1.47525265,12,67,42,36,57,4,12,0,0,38,12,73,55,87,100,100,5
train_01104,training_writers,long_sweep,0.34762172,0.47000000,1.35204439,97,100,53,77,32,44,39,9,90,0,100,31,51,49,0,36,6
train_01105,training_writers,long_sweep,0.36754820,0.47000000,1.27874385,40,100,7,84,72,47,100,5,22,0,52,45,84,90,0,94,8
train_01106,training_writers,long_sweep,0.34240184,0.47000000,1.37265619,54,100,24,79,6,48,13,16,59,0,100,15,54,30,0,23,6
train_01107,training_writers,compact_trace,0.52124407,0.32000000,0.61391586,0,40,26,65,60,85,97,100,100,82,74,56,48,29,30,0,1
train_01108,training_writers,compact_trace,0.48415658,0.32000000,0.66094320,100,100,79,89,57,75,36,60,14,44,0,29,0,13,29,0,1
train_01109,training_writers,long_sweep,0.35550286,0.47000000,1.32207095,43,100,8,67,3,27,41,0,87,27,100,66,54,92,0,74,0
train_01110,training_writers,compact_trace,0.54755050,0.32000000,0.58442098,28,88,75,100,100,99,51,87,8,70,32,45,47,12,0,0,5
train_01111,training_writers,compact_trace,0.54498425,0.32000000,0.58717294,9,100,4,64,0,24,28,0,69,18,100,49,92,84,46,90,0
train_01112,training_writers,long_sweep,0.34383646,0.47000000,1.36692892,100,81,52,62,17,77,57,100,79,68,75,31,52,0,0,12,9
train_01113,training_writers,compact_trace,0.53459661,0.32000000,0.59858217,100,100,67,76,39,51,15,23,29,0,73,10,46,26,0,22,6
train_01114,training_writers,compact_trace,0.51481970,0.32000000,0.62157683,0,91,19,97,69,100,100,85,84,62,59,41,33,21,7,0,7
train_01115,training_writers,compact_trace,0.54611847,0.32000000,0.58595345,52,100,21,75,5,49,0,22,34,1,100,0,95,22,35,16,6
train_01116,training_writers,rising_tail,0.25915237,0.43000000,1.65925553,18,26,43,0,77,5,100,43,88,86,55,100,21,88,0,52,0
train_01117,training_writers,long_sweep,0.34157564,0.47000000,1.37597634,100,100,70,86,30,60,0,29,11,0,70,9,76,32,16,35,6
train_01118,training_writers,long_sweep,0.36215846,0.47000000,1.29777447,7,78,78,100,100,93,98,51,98,9,22,0,0,1,93,2,1
train_01119,training_writers,long_sweep,0.34858721,0.47000000,1.34829963,43,99,19,72,53,36,30,0,0,25,10,73,42,100,100,98,5
train_01120,training_writers,compact_trace,0.54381863,0.32000000,0.58843148,53,86,59,50,52,12,6,0,0,25,18,62,53,89,100,100,5
train_01121,training_writers,long_sweep,0.34480703,0.47000000,1.36308127,21,89,34,58,62,22,31,0,8,40,0,79,48,96,100,100,5
train_01122,training_writers,long_sweep,0.33941476,0.47000000,1.38473650,0,100,38,100,70,74,55,30,26,0,19,44,59,50,100,54,7
train_01123,training_writers,compact_trace,0.52954485,0.32000000,0.60429254,22,100,0,80,19,55,73,48,100,68,63,57,41,29,26,0,4
train_01124,training_writers,compact_trace,0.54292177,0.32000000,0.58940352,100,100,56,100,19,75,0,43,12,10,62,0,68,14,15,12,6
train_01125,training_writers,long_sweep,0.35375154,0.47000000,1.32861613,7,96,18,69,68,41,46,0,11,25,0,71,29,96,100,100,5
train_01126,training_writers,compact_trace,0.52745609,0.32000000,0.60668557,14,86,46,100,50,63,34,28,0,5,18,8,62,1,100,0,2
train_01127,training_writers,long_sweep,0.34294722,0.47000000,1.37047326,28,100,0,52,37,99,45,89,51,34,24,2,30,0,100,0,1
train_01128,training_writers,compact_trace,0.53860359,0.32000000,0.59412898,0,100,37,94,47,55,46,15,37,0,6,29,53,34,100,37,7
train_01129,training_writers,long_sweep,0.35507811,0.47000000,1.32365241,0,90,67,100,85,68,65,34,40,0,4,16,14,40,100,44,7
train_01130,training_writers,long_sweep,0.36380814,0.47000000,1.29188975,81,82,0,95,19,62,84,29,45,0,24,33,83,68,100,100,8
train_01131,training_writers,long_sweep,0.35750618,0.47000000,1.31466260,49,93,0,55,28,74,63,100,62,50,59,3,24,1,100,0,1
train_01132,training_writers,long_sweep,0.35954688,0.47000000,1.30720089,57,87,100,69,97,100,23,83,74,59,96,52,78,10,0,0,9
train_01133,training_writers,compact_trace,0.53019797,0.32000000,0.60354814,60,100,40,81,0,54,2,43,60,34,100,57,82,36,71,0,4
train_01134,training_writers,compact_trace,0.54677722,0.32000000,0.58524750,27,70,37,100,72,87,63,48,35,16,0,10,50,10,100,0,2
train_01135,training_writers,compact_trace,0.53550068,0.32000000,0.59757160,15,66,14,100,50,89,37,51,7,18,0,12,50,8,100,0,2
train_01136,training_writers,compact_trace,0.54165584,0.32000000,0.59078104,12,63,37,100,61,76,37,36,5,1,0,1,49,3,100,0,2
train_01137,training_writers,compact_trace,0.51082333,0.32000000,0.62643967,16,100,15,94,6,66,0,38,69,34,95,56,92,28,100,0,4
train_01138,training_writers,long_sweep,0.35324748,0.47000000,1.33051195,44,100,58,57,100,88,40,95,63,62,77,60,67,10,0,0,9
train_01139,training_writers,long_sweep,0.35824123,0.47000000,1.31196514,0,81,54,58,100,82,33,100,37,81,82,55,72,20,12,0,9
train_01140,training_writers,long_sweep,0.36804908,0.47000000,1.27700360,59,99,16,72,89,38,91,0,28,18,73,58,100,100,0,95,8
train_01141,training_writers,long_sweep,0.36070675,0.47000000,1.30299753,3,92,12,64,60,28,18,0,0,32,67,55,100,91,33,100,8
train_01142,training_writers,compact_trace,0.54462867,0.32000000,0.58755629,100,100,59,92,25,65,0,33,4,0,53,2,48,30,1,33,6
train_01143,training_writers,compact_trace,0.50700166,0.32000000,0.63116165,0,54,38,77,82,100,76,88,65,63,70,38,70,13,100,0,1
train_01144,training_writers,compact_trace,0.51208358,0.32000000,0.62489800,0,100,14,96,75,97,100,89,61,71,40,48,36,23,47,0,7
train_01145,training_writers,long_sweep,0.33778641,0.47000000,1.39141182,100,91,67,100,27,71,0,35,17,0,68,4,58,34,23,15,6
train_01146,training_writers,long_sweep,0.34635169,0.47000000,1.35700219,97,69,79,100,0,92,18,60,96,74,100,68,83,32,83,0,9
train_01147,training_writers,long_sweep,0.35937780,0.47000000,1.30781589,87,62,61,100,0,87,18,48,78,73,100,63,71,20,10,0,9
train_01148,training_writers,compact_trace,0.50669785,0.32000000,0.63154007,0,44,24,55,62,78,100,100,100,80,95,52,91,24,81,0,1
train_01149,training_writers,long_sweep,0.35203422,0.47000000,1.33509749,55,96,14,68,48,40,19,0,0,18,6,73,47,100,100,96,5
train_01150,training_writers,long_sweep,0.34752617,0.47000000,1.35241613,93,93,60,100,19,71,0,39,23,8,100,9,86,26,38,0,6
train_01151,training_writers,compact_trace,0.52180494,0.32000000,0.61325599,0,61,35,82,90,100,100,93,69,71,44,47,23,24,8,0,1
train_01152,training_writers,long_sweep,0.36680336,0.47000000,1.28134049,44,68,58,44,100,7,0,0,7,36,78,68,93,100,11,74,8
train_01153,training_writers,compact_trace,0.54563075,0.32000000,0.58647721,32,70,45,100,77,84,49,49,14,20,0,0,51,9,100,22,2
train_01154,training_writers,long_sweep,0.34923428,0.47000000,1.34580146,79,100,35,80,6,52,0,22,43,0,100,6,75,31,17,31,6
train_01155,training_writers,compact_trace,0.54759782,0.32000000,0.58437048,54,63,100,76,80,100,43,75,51,35,47,0,0,16,27,46,8
train_01156,training_writers,compact_trace,0.51446304,0.32000000,0.62200775,13,59,0,63,42,82,90,100,100,80,80,54,59,27,45,0,1
train_01157,training_writers,long_sweep,0.36241844,0.47000000,1.29684351,88,78,34,100,0,73,45,38,78,0,21,11,50,49,100,82,8
train_01158,training_writers,compact_trace,0.50882197,0.32000000,0.62890366,100,100,63,85,83,78,93,84,90,52,77,23,45,0,0,2,9
train_01159,training_writers,long_sweep,0.36422425,0.47000000,1.29041382,4,11,46,53,76,100,24,98,41,53,100,24,57,0,0,15,8
train_01160,training_writers,compact_trace,0.51718274,0.32000000,0.61873681,88,100,53,84,77,69,100,86,88,60,73,35,43,13,0,0,9
train_01161,training_writers,compact_trace,0.54603076,0.32000000,0.58604757,23,67,31,94,90,100,80,75,76,44,100,14,56,0,0,5,3
train_01162,training_writers,long_sweep,0.34266017,0.47000000,1.37162133,0,82,38,100,74,76,49,36,15,0,6,11,35,38,100,43,7
train_01163,training_writers,compact_trace,0.52535634,0.32000000,0.60911038,0,100,55,98,100,80,98,51,80,22,72,0,91,28,71,43,7
train_01164,training_writers,compact_trace,0.51060605,0.32000000,0.62670624,100,100,67,90,39,70,14,47,0,19,22,0,37,21,3,30,6
train_01165,training_writers,long_sweep,0.34457535,0.47000000,1.36399772,16,68,31,100,76,82,70,40,28,13,0,4,55,3,100,0,2
train_01166,training_writers,long_sweep,0.33778334,0.47000000,1.39142448,70,100,49,82,26,52,19,20,62,3,100,19,43,20,0,0,6
train_01167,training_writers,compact_trace,0.52189004,0.32000000,0.61315598,22,57,0,63,46,82,94,100,100,80,78,53,56,27,44,0,1
train_01168,training_writers,long_sweep,0.35649469,0.47000000,1.31839271,37,84,0,51,2,7,53,0,98,27,100,70,58,100,7,99,0
train_01169,training_writers,compact_trace,0.53034145,0.32000000,0.60338486,100,100,61,88,30,64,7,36,0,5,42,0,49,23,6,25,6
train_01170,training_writers,compact_trace,0.54750913,0.32000000,0.58446514,5,88,50,100,76,80,44,58,73,43,100,21,59,3,0,0,3
train_01171,training_writers,compact_trace,0.54271833,0.32000000,0.58962446,100,100,56,86,23,61,0,30,14,0,59,7,47,33,1,27,6
train_01172,training_writers,long_sweep,0.35695222,0.47000000,1.31670282,100,100,31,89,36,55,70,22,23,0,0,28,43,58,86,89,8
train_01173,training_writers,compact_trace,0.51567353,0.32000000,0.62054765,39,59,74,78,100,100,76,77,62,51,57,24,38,0,0,2,1
train_01174,training_writers,long_sweep,0.34597502,0.47000000,1.35847957,73,100,45,79,18,49,7,16,49,0,100,14,55,21,0,12,6
train_01175,training_writers,long_sweep,0.36040564,0.47000000,1.30408615,69,100,22,80,0,34,31,0,80,28,100,75,56,99,7,71,0
train_01176,training_writers,compact_trace,0.50090859,0.32000000,0.63883912,0,53,45,75,79,100,93,99,93,73,97,46,100,19,93,0,1
train_01177,training_writers,compact_trace,0.53633473,0.32000000,0.59664233,86,71,100,100,58,79,24,51,0,17,28,0,43,25,2,21,6
train_01178,training_writers,long_sweep,0.34815660,0.47000000,1.34996722,0,86,55,100,73,70,50,35,29,0,3,32,38,45,100,41,7
train_01179,training_writers,compact_trace,0.50587328,0.32000000,0.63256949,46,84,72,100,83,83,82,60,100,36,77,12,39,0,0,3,3
train_01180,training_writers,compact_trace,0.53804326,0.32000000,0.59474771,43,100,30,87,0,57,51,61,100,75,80,62,50,31,23,0,4
train_01181,training_writers,long_sweep,0.36683116,0.47000000,1.28124338,40,89,0,25,46,0,100,49,70,100,44,78,95,62,34,22,0
train_01182,training_writers,compact_trace,0.53392282,0.32000000,0.59933756,51,100,86,94,69,61,37,34,0,12,9,0,54,2,100,0,2
train_01183,training_writers,long_sweep,0.36639089,0.47000000,1.28278300,100,90,27,100,0,66,56,33,81,0,10,16,33,57,98,84,8
train_01184,training_writers,compact_trace,0.53679900,0.32000000,0.59612630,28,95,39,84,67,100,42,90,81,62,100,27,56,3,0,0,9
train_01185,training_writers,long_sweep,0.33922241,0.47000000,1.38552169,0,80,39,100,73,83,38,57,60,42,100,22,62,1,9,0,3
train_01186,training_writers,long_sweep,0.36616416,0.47000000,1.28357727,8,94,40,66,95,100,26,100,88,85,100,50,81,1,0,0,9
train_01187,training_writers,long_sweep,0.35872109,0.47000000,1.31021010,46,95,0,94,18,100,94,92,59,61,4,32,49,7,100,0,2
train_01188,training_writers,long_sweep,0.34667852,0.47000000,1.35572287,0,94,49,99,100,100,73,67,54,26,45,0,22,39,71,50,7
train_01189,training_writers,long_sweep,0.34670082,0.47000000,1.35563566,0,90,40,100,97,93,100,54,98,14,71,0,32,19,91,27,7
train_01190,training_writers,compact_trace,0.52744052,0.32000000,0.60670349,0,89,26,100,35,51,32,0,13,13,22,32,60,40,100,46,7
train_01191,training_writers,compact_trace,0.50814092,0.32000000,0.62974656,0,91,0,97,52,100,100,93,100,69,78,47,58,24,44,0,7
train_01192,training_writers,compact_trace,0.51011718,0.32000000,0.62730685,0,54,50,76,80,100,60,82,52,57,60,33,88,9,100,0,1
train_01193,training_writers,compact_trace,0.54424436,0.32000000,0.58797118,37,100,0,72,6,57,65,67,100,86,64,66,44,32,20,0,4
train_01194,training_writers,compact_trace,0.53052782,0.32000000,0.60317289,0,84,34,100,63,75,51,39,15,16,14,27,58,14,100,0,2
train_01195,training_writers,compact_trace,0.52348322,0.32000000,0.61128989,55,79,82,100,98,81,69,60,100,42,85,19,45,5,0,0,3
train_01196,training_writers,long_sweep,0.35836259,0.47000000,1.31152084,41,100,0,65,41,43,61,12,6,0,24,47,42,93,100,98,5
train_01197,training_writers,compact_trace,0.52706476,0.32000000,0.60713602,0,5,18,35,47,63,76,88,100,100,79,68,60,35,58,0,1
train_01198,training_writers,compact_trace,0.52801006,0.32000000,0.60604906,0,42,35,71,70,100,63,74,57,37,48,0,44,0,100,2,1
train_01199,training_writers,long_sweep,0.34371564,0.47000000,1.36740940,100,100,53,84,18,58,0,28,19,0,76,4,84,27,24,27,6
train_01200,training_writers,compact_trace,0.53320252,0.32000000,0.60014720,100,100,57,90,28,67,6,43,0,15,37,0,70,16,28,27,6
train_01201,training_writers,compact_trace,0.52988111,0.32000000,0.60390905,17,78,30,100,55,80,31,50,0,23,4,0,52,1,100,5,2
train_01202,training_writers,compact_trace,0.54036509,0.32000000,0.59219221,0,98,49,100,100,99,88,65,61,33,34,0,21,18,44,41,7
train_01203,training_writers,long_sweep,0.33776974,0.47000000,1.39148049,100,81,55,100,0,83,33,65,85,85,83,64,64,32,62,0,9
train_01204,training_writers,long_sweep,0.36573888,0.47000000,1.28506982,53,93,3,71,47,34,23,0,0,29,59,63,100,100,9,98,8
train_01205,training_writers,compact_trace,0.53427489,0.32000000,0.59894262,100,100,62,81,35,58,18,33,31,7,76,0,49,18,0,17,6
train_01206,training_writers,compact_trace,0.52674445,0.32000000,0.60750521,100,100,55,91,79,72,94,93,86,66,80,35,48,11,0,0,9
train_01207,training_writers,long_sweep,0.35915691,0.47000000,1.30862022,8,90,81,100,76,97,12,80,64,70,100,44,66,15,0,0,5
train_01208,training_writers,long_sweep,0.34781845,0.47000000,1.35127967,54,82,12,67,0,28,34,0,83,8,100,46,73,82,28,100,0
train_01209,training_writers,long_sweep,0.35816774,0.47000000,1.31223430,60,59,98,26,48,0,25,19,77,49,100,85,43,100,0,70,8
train_01210,training_writers,long_sweep,0.35912317,0.47000000,1.30874318,15,58,80,78,100,100,88,69,73,38,56,7,0,0,98,4,1
train_01211,training_writers,compact_trace,0.50335146,0.32000000,0.63573870,7,100,0,77,0,55,20,33,96,42,87,45,85,22,100,0,4
train_01212,training_writers,compact_trace,0.53563787,0.32000000,0.59741855,11,31,0,51,59,76,100,100,67,77,44,51,33,26,48,0,1
train_01213,training_writers,long_sweep,0.35969837,0.47000000,1.30665033,5,77,0,64,21,5,71,0,100,49,67,100,19,93,13,28,0
train_01214,training_writers,long_sweep,0.35925446,0.50000000,1.39177118,54,64,30,96,15,61,69,27,52,0,0,30,48,66,100,100,8
train_01215,training_writers,compact_trace,0.50276388,0.32000000,0.63648168,0,78,21,100,54,97,68,72,60,43,48,16,66,0,100,6,2
train_01216,training_writers,compact_trace,0.54203622,0.32000000,0.59036645,30,93,70,100,88,63,86,23,85,0,100,30,50,34,0,34,7
train_01217,training_writers,long_sweep,0.36446109,0.47000000,1.28957524,81,69,63,100,0,82,41,41,81,0,19,3,41,44,100,74,8
train_01218,training_writers,compact_trace,0.52957047,0.32000000,0.60426331,94,79,69,100,48,71,85,70,100,54,85,18,44,0,0,9,9
train_01219,training_writers,long_sweep,0.35523548,0.47000000,1.32306603,4,91,47,100,100,87,68,44,45,0,25,5,0,36,76,35,7
train_01220,training_writers,compact_trace,0.51817952,0.32000000,0.61754660,61,74,78,100,100,79,73,52,87,40,87,12,41,0,0,14,3
train_01221,training_writers,compact_trace,0.51598932,0.32000000,0.62016788,2,44,0,58,43,79,86,100,100,93,77,63,56,32,50,0,1
train_01222,training_writers,compact_trace,0.51009247,0.32000000,0.62733723,100,100,76,95,50,72,26,49,6,26,0,0,46,2,25,20,6
train_01223,training_writers,long_sweep,0.34587062,0.47000000,1.35888962,64,100,20,79,0,49,2,18,49,0,100,15,59,25,17,3,6
train_01224,training_writers,compact_trace,0.53576582,0.32000000,0.59727587,20,80,61,100,68,73,38,44,0,20,16,19,58,0,100,15,2
train_01225,training_writers,long_sweep,0.36039520,0.47000000,1.30412390,89,92,20,100,11,67,43,34,54,0,0,24,34,56,100,82,8
train_01226,training_writers,compact_trace,0.50699278,0.32000000,0.63117270,0,100,30,99,67,97,100,93,72,75,53,51,44,23,52,0,7
train_01227,training_writers,long_sweep,0.34911135,0.47000000,1.34627535,0,85,49,100,100,93,69,70,38,48,96,35,91,13,36,0,3
train_01228,training_writers,long_sweep,0.35827370,0.47000000,1.31184622,71,100,27,76,1,33,24,0,74,23,100,65,51,79,0,58,0
train_01229,training_writers,long_sweep,0.34482543,0.47000000,1.36300853,0,82,46,100,88,91,45,68,49,43,100,25,83,6,23,0,3
train_01230,training_writers,compact_trace,0.51137813,0.32000000,0.62576004,46,99,82,100,82,72,77,56,100,31,75,7,38,0,0,6,3
train_01231,training_writers,compact_trace,0.51275216,0.32000000,0.62408319,0,57,21,69,62,83,100,100,87,87,67,59,50,30,38,0,1
train_01232,training_writers,long_sweep,0.34602978,0.47000000,1.35826460,85,100,40,99,51,71,100,96,71,91,91,57,62,24,0,0,9
train_01233,training_writers,long_sweep,0.36460346,0.47000000,1.28907171,77,87,87,57,100,19,13,0,28,35,83,69,94,100,0,79,8
train_01234,training_writers,long_sweep,0.35903995,0.47000000,1.30904652,100,100,40,83,2,51,0,16,67,9,89,38,18,32,11,0,6
train_01235,training_writers,compact_trace,0.51357520,0.32000000,0.62308304,0,39,33,59,67,79,100,100,100,88,81,59,65,30,53,0,1
train_01236,training_writers,compact_trace,0.50824078,0.32000000,0.62962283,0,80,8,100,37,81,32,49,11,22,23,6,62,5,100,0,2
train_01237,training_writers,long_sweep,0.36308452,0.47000000,1.29446445,94,82,45,100,1,63,0,9,53,0,100,30,97,85,47,97,0
train_01238,training_writers,compact_trace,0.52723894,0.32000000,0.60693544,100,100,78,91,45,70,18,47,0,22,21,0,64,11,16,15,6
train_01239,training_writers,long_sweep,0.34644692,0.47000000,1.35662918,4,86,54,100,85,72,80,32,76,0,100,37,48,40,0,38,7
train_01240,training_writers,compact_trace,0.54464421,0.32000000,0.58753952,10,99,36,98,100,100,91,68,58,34,24,0,0,3,36,22,7
train_01241,training_writers,long_sweep,0.33803500,0.47000000,1.39038855,32,71,47,100,83,80,70,46,31,24,0,7,50,2,100,0,2
train_01242,training_writers,long_sweep,0.34442377,0.47000000,1.36459805,44,83,18,61,60,35,35,0,0,15,26,56,51,90,100,100,5
train_01243,training_writers,compact_trace,0.51956997,0.32000000,0.61589394,100,98,60,100,35,76,39,56,75,52,73,21,39,5,0,0,5
train_01244,training_writers,compact_trace,0.53179019,0.32000000,0.60174107,72,100,30,84,7,61,0,37,49,30,100,42,74,23,70,0,4
train_01245,training_writers,long_sweep,0.36795745,0.50000000,1.35885275,0,53,84,42,100,6,10,0,2,34,66,66,86,100,5,84,8
train_01246,training_writers,compact_trace,0.54191850,0.32000000,0.59049470,23,100,9,78,0,45,57,28,100,38,58,62,42,32,43,0,4
train_01247,training_writers,compact_trace,0.53889675,0.32000000,0.59380577,56,100,42,78,0,52,29,33,100,37,90,59,70,30,59,0,4
train_01248,training_writers,long_sweep,0.36316675,0.47000000,1.29417134,44,89,62,48,61,0,0,6,35,47,100,72,81,100,14,84,8
train_01249,training_writers,long_sweep,0.34233392,0.47000000,1.37292850,100,100,12,94,0,72,85,83,94,85,81,56,65,27,62,0,9
train_01250,training_writers,long_sweep,0.36273576,0.47000000,1.29570904,39,73,76,100,22,79,50,43,69,6,0,0,26,30,100,52,8
train_01251,training_writers,long_sweep,0.36715723,0.47000000,1.28010554,87,100,31,76,100,91,38,80,22,62,0,0,73,9,33,64,8
train_01252,training_writers,long_sweep,0.35512598,0.47000000,1.32347400,0,93,69,100,98,69,71,35,35,4,13,0,24,35,100,35,7
train_01253,training_writers,compact_trace,0.54345749,0.32000000,0.58882251,2,96,53,100,100,91,67,71,55,49,79,24,46,6,0,0,3
train_01254,training_writers,compact_trace,0.52957653,0.32000000,0.60425638,86,100,43,83,71,66,100,87,83,67,76,40,48,17,0,0,9
train_01255,training_writers,compact_trace,0.54097866,0.32000000,0.59152056,0,85,43,100,68,87,50,61,92,44,100,14,55,0,8,8,3
train_01256,training_writers,long_sweep,0.36807957,0.47000000,1.27689782,29,95,93,67,84,100,10,68,0,18,74,0,100,44,17,44,8
train_01257,training_writers,compact_trace,0.49580561,0.32000000,0.64541424,0,100,7,88,0,58,18,34,57,30,95,39,87,24,100,0,4
train_01258,training_writers,compact_trace,0.53174281,0.32000000,0.60179469,11,100,6,86,0,47,30,16,74,33,100,68,87,39,79,0,4
train_01259,training_writers,long_sweep,0.34398112,0.47000000,1.36635407,79,89,100,100,41,96,0,74,53,66,95,51,74,24,39,0,9
train_01260,training_writers,long_sweep,0.34080162,0.47000000,1.37910141,99,74,100,100,45,90,44,65,100,66,92,35,57,8,0,0,9
train_01261,training_writers,compact_trace,0.53456780,0.32000000,0.59861443,100,100,56,91,25,68,4,43,0,15,37,0,61,20,12,24,6
train_01262,training_writers,long_sweep,0.36917835,0.47000000,1.27309742,100,100,9,95,0,52,98,26,48,0,46,45,98,90,18,71,8
train_01263,training_writers,compact_trace,0.51310115,0.32000000,0.62365871,34,100,34,76,0,49,58,47,100,57,100,56,90,26,82,0,4
train_01264,training_writers,long_sweep,0.35687865,0.47000000,1.31697427,57,53,100,85,62,100,51,61,79,24,29,0,0,30,61,56,8
train_01265,training_writers,long_sweep,0.35476948,0.47000000,1.32480392,0,99,65,100,100,97,57,62,36,16,19,0,2,36,69,40,7
train_01266,training_writers,compact_trace,0.53570970,0.32000000,0.59733845,0,85,43,100,100,95,85,74,44,57,33,37,50,16,9,0,3
train_01267,training_writers,long_sweep,0.35893527,0.47000000,1.30942831,0,31,52,59,46,100,11,81,65,52,100,17,38,0,9,26,8
train_01268,training_writers,long_sweep,0.36665545,0.47000000,1.28185740,88,99,9,100,0,54,55,12,4,0,24,40,100,73,63,94,8
train_01269,training_writers,long_sweep,0.35056182,0.47000000,1.34070503,87,74,64,100,11,85,68,78,100,72,84,26,38,0,0,15,9
train_01270,training_writers,compact_trace,0.54337434,0.32000000,0.58891261,0,78,23,100,77,99,100,75,70,50,30,28,29,6,84,0,2
train_01271,training_writers,long_sweep,0.36889863,0.47000000,1.27406275,72,100,5,97,53,52,93,6,0,0,11,43,100,77,58,99,8
train_01272,training_writers,long_sweep,0.35004976,0.47000000,1.34266624,0,93,46,100,100,80,85,47,47,18,26,0,19,33,90,30,7
train_01273,training_writers,compact_trace,0.54129845,0.32000000,0.59117110,48,100,16,79,0,46,12,12,55,0,100,10,75,29,33,16,6
train_01274,training_writers,compact_trace,0.54345185,0.32000000,0.58882862,0,98,58,100,55,67,55,32,69,0,33,16,42,36,100,46,7
train_01275,training_writers,compact_trace,0.51662056,0.32000000,0.61941012,0,74,13,100,55,100,100,98,79,80,59,55,45,28,42,0,7
train_01276,training_writers,compact_trace,0.52939812,0.32000000,0.60446002,5,84,38,100,53,73,32,42,0,19,29,32,69,23,100,0,2
train_01277,training_writers,compact_trace,0.51109995,0.32000000,0.62610063,47,73,82,95,100,100,89,75,79,49,76,24,47,0,0,2,1
train_01278,training_writers,long_sweep,0.35288907,0.47000000,1.33186328,0,100,73,100,100,88,71,50,60,10,46,0,20,35,97,38,7
train_01279,training_writers,long_sweep,0.34291710,0.47000000,1.37059367,0,88,10,48,33,12,75,0,100,35,87,75,50,100,6,95,0
train_01280,training_writers,long_sweep,0.34381343,0.47000000,1.36702050,0,88,52,100,68,67,50,33,23,0,9,27,30,51,100,58,7
train_01281,training_writers,compact_trace,0.53764844,0.32000000,0.59518446,0,53,26,84,32,100,33,65,36,29,3,0,6,2,100,6,1
train_01282,training_writers,long_sweep,0.34427243,0.47000000,1.36519789,1,90,0,54,20,16,68,0,100,31,99,71,61,100,26,75,0
train_01283,training_writers,long_sweep,0.35780731,0.47000000,1.31355617,97,100,51,100,14,68,0,32,28,0,100,13,73,32,10,10,6
train_01284,training_writers,compact_trace,0.53526266,0.32000000,0.59783733,0,90,41,100,72,84,54,55,26,30,13,3,56,0,100,4,2
train_01285,training_writers,long_sweep,0.36256291,0.47000000,1.29632675,29,84,1,73,64,48,65,6,0,0,1,47,26,89,100,100,5
train_01286,training_writers,long_sweep,0.34253551,0.47000000,1.37212052,56,100,17,77,0,46,45,27,100,42,83,53,38,28,6,0,4
train_01287,training_writers,long_sweep,0.34040052,0.47000000,1.38072647,100,100,56,83,22,57,0,29,11,0,68,0,62,24,6,11,6
train_01288,training_writers,long_sweep,0.34956536,0.47000000,1.34452682,53,81,99,100,97,65,61,32,22,0,0,20,36,39,100,48,7
train_01289,training_writers,long_sweep,0.35459595,0.47000000,1.32545227,100,94,53,80,68,39,68,0,0,0,17,36,62,69,88,100,8
train_01290,training_writers,compact_trace,0.54433679,0.32000000,0.58787134,68,100,27,81,0,51,45,29,99,43,100,63,77,32,69,0,4
train_01291,training_writers,compact_trace,0.51024581,0.32000000,0.62714871,8,98,25,100,29,64,21,29,0,2,33,2,67,3,100,0,2
train_01292,training_writers,long_sweep,0.35028533,0.47000000,1.34176329,66,100,21,85,0,55,4,23,48,0,100,12,62,36,6,25,6
train_01293,training_writers,long_sweep,0.34111484,0.47000000,1.37783511,61,59,100,80,66,100,15,85,0,55,55,48,87,32,71,0,9
train_01294,training_writers,compact_trace,0.52010837,0.32000000,0.61525639,23,84,56,100,100,93,80,73,68,51,76,28,42,12,0,0,3
train_01295,training_writers,compact_trace,0.50507514,0.32000000,0.63356910,0,100,27,97,63,94,100,93,86,76,59,54,45,24,49,0,7
train_01296,training_writers,long_sweep,0.35463437,0.47000000,1.32530866,31,71,2,36,32,0,82,12,100,57,66,93,15,100,0,60,0
train_01297,training_writers,long_sweep,0.35116810,0.47000000,1.33839037,0,67,35,98,88,100,64,65,49,39,100,22,63,0,8,1,3
train_01298,training_writers,long_sweep,0.36306887,0.47000000,1.29452023,44,87,21,78,68,41,70,0,0,13,45,47,100,80,41,100,8
train_01299,training_writers,compact_trace,0.54591767,0.32000000,0.58616898,30,49,24,9,60,0,90,31,100,71,75,100,32,90,0,63,0
train_01300,training_writers,long_sweep,0.36434545,0.47000000,1.28998455,44,99,0,71,48,65,73,32,12,0,5,45,19,96,100,100,5
train_01301,training_writers,compact_trace,0.53572461,0.32000000,0.59732182,30,83,60,100,100,86,67,60,94,43,75,14,27,0,0,16,3
train_01302,training_writers,long_sweep,0.34120258,0.47000000,1.37748077,0,78,60,100,64,97,56,64,52,30,4,5,0,0,100,2,1
train_01303,training_writers,compact_trace,0.54410080,0.32000000,0.58812631,24,85,59,100,73,63,46,29,0,16,5,29,54,19,100,0,2
train_01304,training_writers,long_sweep,0.35262040,0.47000000,1.33287806,56,92,15,68,0,24,39,0,86,16,100,60,76,100,30,93,0
train_01305,training_writers,long_sweep,0.34779763,0.47000000,1.35136057,0,77,36,100,94,98,100,69,58,44,14,21,29,2,90,0,2
train_01306,training_writers,compact_trace,0.54155740,0.32000000,0.59088842,45,100,34,79,11,51,0,23,40,0,100,16,51,36,28,23,6
train_01307,training_writers,compact_trace,0.54383060,0.32000000,0.58841852,65,82,93,100,93,71,69,44,36,20,0,0,48,12,100,16,2
train_01308,training_writers,long_sweep,0.35720851,0.47000000,1.31575811,78,100,36,78,6,40,13,0,71,1,100,35,43,28,0,3,6
train_01309,training_writers,long_sweep,0.36884618,0.47000000,1.27424393,83,95,0,86,56,49,100,13,17,0,48,40,99,79,37,100,8
train_01310,training_writers,compact_trace,0.54515750,0.32000000,0.58698633,18,76,55,100,65,62,38,23,0,0,13,18,57,20,100,16,2
train_01311,training_writers,long_sweep,0.34174855,0.47000000,1.37528017,100,100,54,81,19,59,0,34,11,9,71,0,84,17,17,17,6
train_01312,training_writers,long_sweep,0.36006092,0.47000000,1.30533465,63,66,58,100,11,76,36,38,63,0,0,3,36,36,100,62,8
train_01313,training_writers,compact_trace,0.53238474,0.32000000,0.60106907,33,100,32,83,0,50,60,47,96,46,100,73,91,35,85,0,4
train_01314,training_writers,compact_trace,0.54594267,0.32000000,0.58614213,0,98,50,100,100,96,73,63,43,31,13,0,11,19,46,32,7
train_01315,training_writers,long_sweep,0.34005669,0.47000000,1.38212249,9,77,18,100,74,95,66,68,34,43,0,19,37,2,100,0,2
train_01316,training_writers,long_sweep,0.34133965,0.47000000,1.37692764,39,90,14,75,0,34,26,0,75,0,100,35,82,74,42,100,0
train_01317,training_writers,compact_trace,0.52624196,0.32000000,0.60808530,21,100,25,88,0,54,20,43,85,42,100,72,91,36,82,0,4
train_01318,training_writers,compact_trace,0.53615543,0.32000000,0.59684185,0,63,24,100,52,79,37,37,5,3,6,0,53,2,100,1,2
train_01319,training_writers,long_sweep,0.34816901,0.47000000,1.34991913,0,97,62,100,99,84,77,50,62,15,52,0,26,33,100,38,7
train_01320,training_writers,long_sweep,0.36662918,0.47000000,1.28194923,70,61,65,100,15,70,72,34,87,0,0,10,23,50,100,76,8
train_01321,training_writers,compact_trace,0.51546744,0.32000000,0.62079576,0,98,10,100,61,98,100,85,77,63,47,43,20,23,3,0,7
train_01322,training_writers,long_sweep,0.34115428,0.47000000,1.37767583,59,100,34,70,0,38,33,30,100,34,95,66,73,35,53,0,4
train_01323,training_writers,compact_trace,0.54197485,0.32000000,0.59043330,22,100,34,75,0,43,38,41,100,38,97,68,91,32,72,0,4
train_01324,training_writers,long_sweep,0.36422219,0.47000000,1.29042109,42,98,0,69,54,36,71,0,14,16,54,54,100,91,39,100,8
train_01325,training_writers,long_sweep,0.36619747,0.47000000,1.28346055,4,100,23,65,89,36,100,0,20,8,32,49,79,85,0,89,8
train_01326,training_writers,long_sweep,0.34076050,0.47000000,1.37926786,0,79,35,100,87,99,100,71,63,46,23,24,46,4,98,0,2
train_01327,training_writers,long_sweep,0.33884174,0.47000000,1.38707824,100,100,58,88,24,61,1,31,14,0,67,1,48,27,0,19,6
train_01328,training_writers,long_sweep,0.36545688,0.47000000,1.28606145,31,99,1,59,0,2,62,0,100,47,76,100,20,83,12,28,0
train_01329,training_writers,long_sweep,0.34798150,0.47000000,1.35064650,16,37,8,82,49,100,55,56,26,17,0,0,50,3,100,3,2
train_01330,training_writers,compact_trace,0.54099773,0.32000000,0.59149971,100,100,58,83,30,57,20,26,42,0,80,9,47,31,0,39,6
train_01331,training_writers,compact_trace,0.53456761,0.32000000,0.59861464,40,100,23,83,0,50,54,38,100,52,97,68,68,36,57,0,4
train_01332,training_writers,long_sweep,0.36562276,0.47000000,1.28547798,84,92,41,91,37,46,66,0,0,9,46,49,100,85,33,100,8
train_01333,training_writers,long_sweep,0.35634790,0.47000000,1.31893579,26,92,0,49,10,4,61,0,100,31,95,76,50,100,4,83,0
train_01334,training_writers,compact_trace,0.52012279,0.32000000,0.61523934,0,64,40,78,76,100,100,99,87,71,64,44,39,18,16,0,1
train_01335,training_writers,compact_trace,0.49945758,0.32000000,0.64069505,0,100,13,84,13,52,18,22,60,23,93,39,88,30,100,0,4
train_01336,training_writers,compact_trace,0.54596085,0.32000000,0.58612261,17,68,27,100,68,86,54,49,21,20,0,5,50,4,100,0,2
train_01337,training_writers,long_sweep,0.33952517,0.47000000,1.38428619,11,85,0,46,12,5,53,0,88,25,100,68,73,100,34,92,0
train_01338,training_writers,compact_trace,0.52043851,0.32000000,0.61486611,17,100,36,93,0,59,50,48,98,63,100,63,84,25,76,0,4
train_01339,training_writers,compact_trace,0.50217759,0.32000000,0.63722477,0,97,11,100,62,98,100,85,94,62,72,42,48,21,44,0,7
train_01340,training_writers,long_sweep,0.35076233,0.47000000,1.33993866,29,100,0,66,11,24,52,0,98,14,100,55,61,83,11,85,0
train_01341,training_writers,compact_trace,0.54518996,0.32000000,0.58695139,100,100,64,78,36,50,22,17,55,0,90,17,45,24,0,17,6
train_01342,training_writers,long_sweep,0.36361825,0.47000000,1.29256440,39,94,0,31,42,0,100,43,95,100,30,69,49,53,30,28,0
train_01343,training_writers,long_sweep,0.35990747,0.47000000,1.30589119,47,100,0,75,5,29,50,0,100,18,100,63,59,96,4,88,0
train_01344,training_writers,compact_trace,0.54158963,0.32000000,0.59085327,32,71,55,100,72,77,56,44,32,12,0,4,43,13,100,0,2
train_01345,training_writers,compact_trace,0.50528351,0.32000000,0.63330782,0,58,36,71,87,91,100,100,87,75,77,50,72,25,77,0,1
train_01346,training_writers,long_sweep,0.34886054,0.47000000,1.34724322,50,91,16,70,0,30,29,0,76,24,100,62,89,100,36,85,0
train_01347,training_writers,compact_trace,0.53901793,0.32000000,0.59367227,26,87,63,100,83,83,57,57,100,40,90,10,41,0,0,12,3
train_01348,training_writers,compact_trace,0.54606891,0.32000000,0.58600662,52,75,69,100,93,77,68,43,34,15,0,1,50,2,100,0,2
train_01349,training_writers,long_sweep,0.34931740,0.47000000,1.34548122,0,73,4,100,70,100,93,70,61,38,15,12,31,0,100,6,2
train_01350,training_writers,long_sweep,0.35824816,0.47000000,1.31193976,56,100,100,98,27,97,24,66,78,48,95,11,32,0,0,26,5
train_01351,training_writers,compact_trace,0.54236036,0.32000000,0.59001362,6,85,48,100,83,83,60,56,100,38,86,13,34,0,0,2,3
train_01352,training_writers,compact_trace,0.52046706,0.32000000,0.61483238,35,100,26,74,0,47,54,38,100,48,91,58,84,29,74,0,4
train_01353,training_writers,long_sweep,0.34837481,0.47000000,1.34912164,36,81,36,70,80,36,52,0,0,22,29,63,35,94,100,100,5
train_01354,training_writers,compact_trace,0.54521171,0.32000000,0.58692796,38,100,16,80,3,50,0,20,48,5,100,20,47,24,22,0,6
train_01355,training_writers,long_sweep,0.35998927,0.47000000,1.30559447,33,94,60,64,99,100,38,99,79,85,100,55,73,11,0,0,9
train_01356,training_writers,long_sweep,0.33843131,0.47000000,1.38876039,100,81,64,100,43,68,87,77,81,55,100,20,57,0,0,8,9
train_01357,training_writers,long_sweep,0.34893012,0.47000000,1.34697458,56,97,41,63,69,26,29,0,6,28,0,72,45,94,100,100,5
train_01358,training_writers,compact_trace,0.51673481,0.32000000,0.61927316,0,56,34,77,69,100,100,95,84,72,62,47,41,24,25,0,1
train_01359,training_writers,compact_trace,0.54025544,0.32000000,0.59231240,16,76,48,100,72,77,42,46,0,23,2,14,53,0,100,13,2
train_01360,training_writers,long_sweep,0.35653489,0.47000000,1.31824405,11,100,0,68,22,14,66,0,100,35,78,88,34,100,13,51,0
train_01361,training_writers,long_sweep,0.35039123,0.47000000,1.34135779,30,63,44,100,89,96,77,56,40,24,0,11,51,19,100,0,2
train_01362,training_writers,long_sweep,0.34389390,0.47000000,1.36670061,100,75,60,100,0,85,14,53,75,68,88,78,73,39,71,0,9
train_01363,training_writers,compact_trace,0.54454213,0.32000000,0.58764967,16,88,58,100,96,82,72,55,100,34,98,7,48,0,0,10,3
train_01364,training_writers,long_sweep,0.34951480,0.47000000,1.34472131,100,100,37,89,43,57,69,26,33,0,0,19,35,48,83,73,8
train_01365,training_writers,compact_trace,0.54102749,0.32000000,0.59146717,0,76,34,100,70,87,48,49,16,18,11,0,55,5,100,10,2
train_01366,training_writers,long_sweep,0.35148390,0.47000000,1.33718786,10,80,12,37,38,0,90,4,100,44,72,82,24,100,0,62,0
train_01367,training_writers,compact_trace,0.51337604,0.32000000,0.62332476,0,66,38,82,80,100,100,98,80,73,58,48,38,22,29,0,1
train_01368,training_writers,long_sweep,0.34352566,0.47000000,1.36816563,100,73,76,100,0,88,21,64,98,78,96,65,86,32,82,0,9
train_01369,training_writers,long_sweep,0.35057072,0.47000000,1.34067102,0,82,58,100,92,74,68,38,38,2,19,0,29,37,100,41,7
train_01370,training_writers,long_sweep,0.35597257,0.47000000,1.32032646,80,74,100,100,56,70,29,35,36,0,100,13,67,38,0,24,6
train_01371,training_writers,long_sweep,0.35620762,0.47000000,1.31945520,38,93,100,100,85,93,24,83,41,48,95,31,48,0,0,12,5
train_01372,training_writers,long_sweep,0.35609519,0.47000000,1.31987180,100,98,49,100,13,69,6,30,40,0,93,13,61,41,0,41,6
train_01373,training_writers,long_sweep,0.34981807,0.47000000,1.34355554,86,100,41,79,10,50,0,18,45,0,100,11,78,36,22,29,6
train_01374,training_writers,long_sweep,0.36846127,0.47000000,1.27557505,65,60,100,100,5,100,19,57,65,15,0,0,13,43,97,75,8
train_01375,training_writers,compact_trace,0.53658701,0.32000000,0.59636181,0,24,43,47,75,73,100,100,71,82,43,55,18,28,3,0,1
train_01376,training_writers,long_sweep,0.36367375,0.47000000,1.29236713,2,94,93,100,100,78,86,39,74,0,37,10,0,43,100,43,7
train_01377,training_writers,compact_trace,0.52272242,0.32000000,0.61217959,0,45,38,54,72,76,100,100,82,79,62,52,41,25,20,0,1
train_01378,training_writers,compact_trace,0.54430460,0.32000000,0.58790611,19,87,61,100,96,77,72,50,64,39,100,15,51,0,0,14,3
train_01379,training_writers,compact_trace,0.54319199,0.32000000,0.58911031,10,77,0,52,30,100,31,100,44,44,18,0,21,8,100,12,1
train_01380,training_writers,long_sweep,0.34663964,0.47000000,1.35587493,88,99,18,100,0,69,75,81,100,95,86,62,73,30,76,0,9
train_01381,training_writers,compact_trace,0.54268922,0.32000000,0.58965609,0,96,40,100,59,67,42,25,26,0,14,38,57,45,100,48,7
train_01382,training_writers,long_sweep,0.35367652,0.47000000,1.32889795,74,100,50,99,13,67,0,31,35,0,100,10,79,43,10,52,6
train_01383,training_writers,long_sweep,0.33927192,0.47000000,1.38531948,39,92,89,100,95,77,53,57,91,45,100,17,55,0,0,2,3
train_01384,training_writers,compact_trace,0.51701343,0.32000000,0.61893943,0,50,26,64,61,83,99,100,100,83,74,56,51,28,33,0,1
train_01385,training_writers,compact_trace,0.54758255,0.32000000,0.58438677,78,100,23,83,59,64,100,83,76,74,77,46,55,20,0,0,9
train_01386,training_writers,compact_trace,0.51819847,0.32000000,0.61752401,0,43,19,64,56,82,93,100,100,86,75,58,49,30,31,0,1
train_01387,training_writers,long_sweep,0.34302196,0.47000000,1.37017467,11,100,0,87,11,48,69,38,100,50,75,94,53,49,37,0,4
train_01388,training_writers,long_sweep,0.36836174,0.47000000,1.27591970,19,93,9,74,100,94,25,100,1,49,0,0,93,16,46,60,8
train_01389,training_writers,long_sweep,0.35381183,0.47000000,1.32838971,0,70,31,94,99,100,100,73,55,46,8,21,19,0,88,1,2
train_01390,training_writers,compact_trace,0.53443220,0.32000000,0.59876631,21,100,0,70,7,42,91,49,100,64,70,67,72,34,70,0,4
train_01391,training_writers,compact_trace,0.53329474,0.32000000,0.60004342,100,79,81,100,41,79,62,59,93,64,80,27,46,0,0,0,9
train_01392,training_writers,compact_trace,0.51180715,0.32000000,0.62523550,24,66,55,84,100,100,79,80,52,60,29,40,12,20,0,0,1
train_01393,training_writers,compact_trace,0.54557705,0.32000000,0.58653494,0,75,32,100,80,99,66,69,68,44,100,20,60,0,6,1,3
train_01394,training_writers,compact_trace,0.51162937,0.32000000,0.62545276,0,39,42,52,76,74,100,100,92,87,82,58,71,29,68,0,1
train_01395,training_writers,compact_trace,0.51321255,0.32000000,0.62352333,0,43,35,61,70,79,100,100,86,76,70,51,55,26,49,0,1
train_01396,training_writers,long_sweep,0.34670554,0.47000000,1.35561721,25,84,0,62,8,17,52,0,92,26,100,69,66,100,20,88,0
train_01397,training_writers,compact_trace,0.54681266,0.32000000,0.58520957,41,100,12,74,0,44,75,46,100,78,81,75,65,37,48,0,4
train_01398,training_writers,long_sweep,0.35544234,0.47000000,1.32229604,43,100,9,64,0,19,44,0,90,22,100,66,66,99,15,88,0
train_01399,training_writers,long_sweep,0.34225285,0.47000000,1.37325371,0,86,44,100,85,86,62,42,34,0,21,4,45,38,100,43,7
train_01400,training_writers,compact_trace,0.53873722,0.32000000,0.59398161,83,100,36,82,11,61,0,39,78,35,100,41,67,21,53,0,4
train_01401,training_writers,compact_trace,0.51681537,0.32000000,0.61917663,64,83,86,100,100,76,68,53,94,36,78,11,40,3,0,0,3
train_01402,training_writers,compact_trace,0.51829560,0.32000000,0.61740829,42,87,77,100,75,76,70,52,100,34,88,10,44,0,0,5,3
train_01403,training_writers,compact_trace,0.53750446,0.32000000,0.59534389,0,89,44,100,91,89,77,53,63,17,83,0,100,15,50,20,7
train_01404,training_writers,compact_trace,0.54482944,0.32000000,0.58733978,47,100,11,83,0,50,57,37,100,54,81,58,45,30,19,0,4
train_01405,training_writers,long_sweep,0.34670862,0.47000000,1.35560517,31,67,40,100,81,97,69,53,39,15,0,1,49,5,100,0,2
train_01406,training_writers,compact_trace,0.54592657,0.32000000,0.58615942,100,77,61,100,21,79,71,70,81,73,78,33,53,0,0,2,9
train_01407,training_writers,compact_trace,0.52954108,0.32000000,0.60429684,0,82,33,100,66,87,58,54,34,27,19,0,60,1,100,10,2
train_01408,training_writers,long_sweep,0.34508065,0.47000000,1.36200045,41,95,44,61,58,30,13,0,0,30,3,80,44,100,100,94,5
train_01409,training_writers,long_sweep,0.34909029,0.47000000,1.34635656,43,87,100,100,77,98,29,77,60,59,95,32,54,4,0,0,5
train_01410,training_writers,long_sweep,0.34169815,0.47000000,1.37548303,62,100,100,98,77,61,45,28,39,0,79,25,50,57,0,72,8
train_01411,training_writers,compact_trace,0.51381855,0.32000000,0.62278795,39,83,63,100,78,78,71,61,100,39,78,11,36,0,0,17,3
train_01412,training_writers,compact_trace,0.53723330,0.32000000,0.59564439,100,99,81,100,43,74,13,44,0,8,44,0,60,27,13,35,6
train_01413,training_writers,long_sweep,0.34786609,0.47000000,1.35109462,12,78,7,36,33,2,83,0,100,38,85,78,43,100,0,80,0
train_01414,training_writers,compact_trace,0.54692105,0.32000000,0.58509359,67,100,47,59,0,31,5,34,69,40,100,63,72,41,57,0,4
train_01415,training_writers,compact_trace,0.51501510,0.32000000,0.62134100,0,90,32,100,48,77,34,52,12,30,12,8,56,4,100,0,2
train_01416,training_writers,compact_trace,0.52367216,0.32000000,0.61106933,21,100,4,79,0,47,54,38,100,49,92,66,91,33,92,0,4
train_01417,training_writers,long_sweep,0.34701242,0.47000000,1.35441836,94,95,44,100,12,77,29,53,80,45,100,11,52,0,0,8,5
train_01418,training_writers,compact_trace,0.54020560,0.32000000,0.59236705,0,77,30,100,74,96,56,63,75,43,100,14,59,0,13,5,3
train_01419,training_writers,long_sweep,0.35497151,0.47000000,1.32404994,88,100,30,79,5,54,0,28,25,3,100,0,92,25,15,26,6
train_01420,training_writers,long_sweep,0.36070915,0.47000000,1.30298886,27,95,14,59,70,43,59,0,0,10,6,56,30,96,100,100,5
train_01421,training_writers,compact_trace,0.53525154,0.32000000,0.59784975,17,91,63,100,66,75,56,53,100,36,94,10,40,0,0,9,3
train_01422,training_writers,compact_trace,0.53949932,0.32000000,0.59314254,0,37,14,70,27,100,26,64,24,28,3,0,18,5,100,12,1
train_01423,training_writers,long_sweep,0.33883495,0.47000000,1.38710601,0,80,32,100,64,76,58,36,46,0,11,30,47,39,100,41,7
train_01424,training_writers,long_sweep,0.35995411,0.47000000,1.30572199,16,76,2,44,16,0,84,12,100,57,75,100,9,88,0,44,0
train_01425,training_writers,long_sweep,0.36594032,0.47000000,1.28436245,0,73,26,62,99,96,12,100,21,66,100,71,96,29,49,0,9
train_01426,training_writers,long_sweep,0.35150566,0.47000000,1.33710507,22,98,0,57,42,35,7,0,3,36,7,86,49,100,100,98,5
train_01427,training_writers,compact_trace,0.50458882,0.32000000,0.63417972,0,60,21,54,53,77,85,100,100,88,86,57,75,27,82,0,1
train_01428,training_writers,long_sweep,0.34872303,0.47000000,1.34777448,0,85,48,100,100,82,87,39,56,0,30,1,25,28,88,33,7
train_01429,training_writers,long_sweep,0.34587663,0.47000000,1.35886602,21,73,8,40,36,0,77,1,100,44,82,90,41,100,0,86,0
train_01430,training_writers,long_sweep,0.36333535,0.47000000,1.29357081,68,89,0,100,38,59,98,23,80,0,39,35,100,69,75,92,8
train_01431,training_writers,long_sweep,0.34442703,0.47000000,1.36458512,9,77,0,30,29,0,70,4,100,37,84,82,47,100,17,72,0
train_01432,training_writers,compact_trace,0.53698704,0.32000000,0.59591754,26,64,39,100,44,92,43,52,39,12,0,0,47,2,100,8,1
train_01433,training_writers,long_sweep,0.35774705,0.47000000,1.31377741,0,94,69,100,97,69,72,34,49,0,90,32,100,50,19,49,7
train_01434,training_writers,compact_trace,0.51505108,0.32000000,0.62129760,0,64,42,81,81,100,100,95,81,70,57,45,30,21,33,0,1
train_01435,training_writers,compact_trace,0.52820398,0.32000000,0.60582656,35,92,61,100,81,75,59,60,100,43,86,10,40,0,0,7,3
train_01436,training_writers,long_sweep,0.33915264,0.47000000,1.38580669,29,83,60,100,78,64,56,27,13,2,0,19,52,18,100,0,2
train_01437,training_writers,long_sweep,0.35202025,0.47000000,1.33515046,62,44,98,76,65,100,3,84,0,52,70,49,100,35,84,0,9
train_01438,training_writers,compact_trace,0.52995511,0.32000000,0.60382472,8,100,23,84,0,56,26,40,100,44,72,56,68,27,89,0,4
train_01439,training_writers,long_sweep,0.36059839,0.47000000,1.30338905,24,68,51,60,96,97,32,100,60,75,100,49,70,0,0,3,9
train_01440,training_writers,long_sweep,0.35018376,0.47000000,1.34215246,29,96,15,53,33,12,79,0,100,38,82,80,38,100,0,74,0
train_01441,training_writers,compact_trace,0.54559681,0.32000000,0.58651370,22,65,56,100,57,88,49,35,31,0,0,6,52,8,100,12,1
train_01442,training_writers,long_sweep,0.35174753,0.47000000,1.33618566,82,100,16,90,0,58,60,58,93,89,100,60,85,26,41,0,9
train_01443,training_writers,compact_trace,0.53361066,0.32000000,0.59968818,27,100,21,83,0,47,36,42,100,49,96,75,86,37,84,0,4
train_01444,training_writers,compact_trace,0.52032114,0.32000000,0.61500480,48,100,22,79,5,58,0,37,80,39,100,42,72,21,82,0,4
train_01445,training_writers,compact_trace,0.52203918,0.32000000,0.61298082,31,85,51,100,78,80,64,63,100,41,84,11,41,0,0,10,3
train_01446,training_writers,rising_tail,0.24515286,0.43000000,1.75400770,0,0,32,10,66,31,92,56,97,88,61,100,57,76,100,65,9
train_01447,training_writers,long_sweep,0.35111649,0.47000000,1.33858709,81,100,29,89,0,55,3,15,51,0,94,24,100,64,68,97,0
train_01448,training_writers,compact_trace,0.50238375,0.32000000,0.63696328,0,62,55,75,85,97,100,100,98,75,93,50,91,25,89,0,1
train_01449,training_writers,compact_trace,0.54497205,0.32000000,0.58718607,35,64,58,100,63,91,57,50,48,10,0,1,50,0,100,1,1
train_01450,training_writers,long_sweep,0.34072966,0.47000000,1.37939269,0,92,50,96,100,100,79,70,54,36,36,0,29,26,79,31,7
train_01451,training_writers,long_sweep,0.36148881,0.47000000,1.30017856,28,73,81,60,73,100,39,72,91,85,100,42,88,0,0,1,9
train_01452,training_writers,long_sweep,0.34364242,0.47000000,1.36770078,37,80,81,100,95,70,68,39,32,11,0,10,48,17,100,0,2
train_01453,training_writers,compact_trace,0.54044867,0.32000000,0.59210064,45,100,22,79,13,52,66,45,100,66,55,50,23,26,0,0,4
train_01454,training_writers,long_sweep,0.34078391,0.47000000,1.37917309,79,100,46,75,22,48,22,18,65,0,100,17,51,32,0,20,6
train_01455,training_writers,compact_trace,0.52994827,0.32000000,0.60383252,30,59,17,78,80,100,100,98,67,74,30,50,3,25,0,0,1
train_01456,training_writers,long_sweep,0.35728769,0.47000000,1.31546654,3,81,57,100,100,92,63,49,23,7,0,0,30,32,93,34,7
train_01457,training_writers,compact_trace,0.53575676,0.32000000,0.59728597,30,100,28,83,0,52,17,36,98,35,100,65,80,33,66,0,4
train_01458,training_writers,long_sweep,0.35035761,0.47000000,1.34148649,58,100,21,71,1,35,15,0,66,2,100,28,50,32,0,19,6
train_01459,training_writers,compact_trace,0.49412131,0.32000000,0.64761425,10,100,6,82,0,62,4,42,59,34,88,39,80,19,100,0,4
train_01460,training_writers,rising_tail,0.26491316,0.40000000,1.50992876,25,40,21,0,60,4,89,35,100,75,71,100,30,90,0,63,0
train_01461,training_writers,compact_trace,0.54203437,0.32000000,0.59036847,48,97,89,100,77,71,49,46,16,23,0,0,50,3,100,7,2
train_01462,training_writers,long_sweep,0.34228355,0.47000000,1.37313056,40,78,30,100,79,88,71,54,42,24,0,0,43,4,100,10,2
train_01463,training_writers,long_sweep,0.34553335,0.47000000,1.36021601,66,100,50,86,21,56,0,26,26,0,100,16,53,33,15,7,6
train_01464,training_writers,compact_trace,0.52038264,0.32000000,0.61493212,12,58,62,79,100,100,88,85,62,64,50,42,25,21,0,0,1
train_01465,training_writers,compact_trace,0.54682407,0.32000000,0.58519736,93,95,47,100,54,66,100,80,95,64,93,20,50,0,0,9,9
train_01466,training_writers,compact_trace,0.54005202,0.32000000,0.59253552,100,89,62,100,47,67,91,79,94,67,91,31,63,0,0,3,9
train_01467,training_writers,long_sweep,0.35442607,0.47000000,1.32608755,97,100,56,94,20,65,0,32,20,0,93,1,100,28,30,34,6
train_01468,training_writers,long_sweep,0.36152431,0.47000000,1.30005087,0,63,61,38,67,0,20,14,56,50,100,85,50,100,2,71,8
train_01469,training_writers,compact_trace,0.52051234,0.32000000,0.61477889,0,65,51,74,87,96,100,100,78,75,54,50,32,25,12,0,1
train_01470,training_writers,long_sweep,0.34778415,0.47000000,1.35141292,7,90,55,100,93,82,79,54,41,31,0,10,40,0,100,0,3
train_01471,training_writers,long_sweep,0.34786179,0.47000000,1.35111130,0,94,46,100,100,99,76,54,55,5,29,0,30,28,84,17,7
train_01472,training_writers,compact_trace,0.51028696,0.32000000,0.62709814,25,100,29,78,14,49,0,20,56,19,90,39,90,24,100,0,4
train_01473,training_writers,long_sweep,0.35804930,0.47000000,1.31266841,17,100,0,56,12,10,63,0,100,36,100,81,51,100,1,79,0
train_01474,training_writers,compact_trace,0.54764401,0.32000000,0.58432119,82,83,100,100,54,76,17,47,0,13,46,0,50,30,0,27,6
train_01475,training_writers,long_sweep,0.34533470,0.47000000,1.36099848,31,72,12,35,35,0,77,17,100,56,89,96,43,100,0,84,0
train_01476,training_writers,long_sweep,0.35860921,0.47000000,1.31061886,70,100,35,59,96,65,56,93,67,71,100,53,66,3,0,0,9
train_01477,training_writers,compact_trace,0.50227530,0.32000000,0.63710080,0,72,52,84,100,100,94,96,85,72,81,48,79,24,75,0,1
train_01478,training_writers,long_sweep,0.34883531,0.47000000,1.34734066,0,83,35,100,86,88,42,63,52,47,100,27,60,4,2,0,3
train_01479,training_writers,long_sweep,0.35977035,0.47000000,1.30638893,40,98,51,100,0,61,11,16,93,0,100,37,18,51,24,19,6
train_01480,training_writers,long_sweep,0.35028557,0.47000000,1.34176239,100,100,51,96,18,67,0,35,12,4,79,0,94,25,32,24,6
train_01481,training_writers,long_sweep,0.36563855,0.47000000,1.28542243,70,92,0,83,57,49,100,13,16,0,5,37,48,74,64,100,8
train_01482,training_writers,long_sweep,0.34476475,0.47000000,1.36324843,0,93,43,100,91,87,70,44,50,0,35,5,39,44,100,53,7
train_01483,training_writers,rising_tail,0.24046800,0.43000000,1.78817975,0,0,40,9,74,26,95,52,100,80,73,100,46,81,74,63,9
train_01484,training_writers,long_sweep,0.34031002,0.47000000,1.38109365,25,77,15,82,0,40,21,0,73,0,100,38,85,79,37,100,0
train_01485,training_writers,long_sweep,0.36204971,0.47000000,1.29816429,19,100,76,92,16,92,0,55,46,50,100,28,57,0,1,17,5
train_01486,training_writers,long_sweep,0.34642572,0.47000000,1.35671219,25,100,0,63,8,30,82,39,100,70,79,90,89,44,100,0,4
train_01487,training_writers,compact_trace,0.51309914,0.32000000,0.62366115,0,47,23,66,61,83,100,100,89,75,72,50,53,25,48,0,1
train_01488,training_writers,long_sweep,0.36325062,0.47000000,1.29387254,33,93,0,55,61,58,91,25,37,0,29,53,36,100,100,93,5
train_01489,training_writers,long_sweep,0.35194894,0.47000000,1.33542100,55,100,36,65,0,29,55,33,100,44,77,86,73,45,78,0,4
train_01490,training_writers,long_sweep,0.35401027,0.47000000,1.32764511,27,82,3,47,13,6,67,0,100,34,96,76,51,100,0,82,0
train_01491,training_writers,compact_trace,0.53636726,0.32000000,0.59660614,100,90,78,100,31,88,22,57,61,52,83,28,51,4,0,0,5
train_01492,training_writers,compact_trace,0.52935566,0.32000000,0.60450850,0,35,39,52,71,75,100,100,82,76,59,51,36,25,9,0,1
train_01493,training_writers,long_sweep,0.34872175,0.47000000,1.34777944,87,93,59,100,21,86,6,53,69,56,100,31,59,4,0,0,5
train_01494,training_writers,long_sweep,0.34209553,0.47000000,1.37388525,64,67,95,100,83,88,73,48,53,11,0,0,42,0,100,2,1
train_01495,training_writers,long_sweep,0.34637303,0.47000000,1.35691858,100,100,44,84,17,56,8,27,34,0,84,17,53,35,0,15,6
train_01496,training_writers,long_sweep,0.35343585,0.47000000,1.32980285,62,57,100,85,52,100,0,76,39,64,79,57,52,24,5,0,9
train_01497,training_writers,rising_tail,0.26686947,0.43000000,1.61127461,4,71,29,40,44,0,17,1,0,42,9,80,50,99,100,100,5
train_01498,training_writers,long_sweep,0.34566055,0.47000000,1.35971546,26,97,28,70,59,35,22,0,0,23,8,71,40,100,100,100,5
train_01499,training_writers,long_sweep,0.36908554,0.47000000,1.27341755,50,90,0,89,62,47,88,0,5,4,42,51,100,95,11,100,8
train_01500,training_writers,long_sweep,0.34547847,0.47000000,1.36043211,23,96,5,56,0,15,41,0,83,25,100,63,81,100,34,98,0
train_01501,training_writers,long_sweep,0.36166136,0.47000000,1.29955823,30,97,82,100,65,67,19,87,81,83,100,39,68,0,0,16,9
train_01502,training_writers,compact_trace,0.54686704,0.32000000,0.58515137,100,100,48,85,15,57,0,25,29,0,84,11,65,30,38,9,6
train_01503,training_writers,long_sweep,0.34838453,0.47000000,1.34908402,25,86,19,83,0,41,14,0,71,16,100,55,78,95,12,100,0
train_01504,training_writers,long_sweep,0.35647937,0.47000000,1.31844938,51,95,7,60,52,40,19,0,0,26,4,77,38,99,100,100,5
train_01505,training_writers,long_sweep,0.35940726,0.47000000,1.30770869,23,57,70,39,100,0,40,1,51,43,89,83,60,100,0,75,8
train_01506,training_writers,compact_trace,0.54044299,0.32000000,0.59210685,20,63,29,100,58,76,44,36,11,4,0,1,50,0,100,1,2
train_01507,training_writers,long_sweep,0.34699936,0.47000000,1.35446935,15,76,23,100,81,95,78,62,43,35,0,10,38,0,100,3,2
train_01508,training_writers,compact_trace,0.54566582,0.32000000,0.58643952,35,94,0,74,75,97,100,100,70,75,45,50,25,25,0,0,1
train_01509,training_writers,compact_trace,0.54304686,0.32000000,0.58926774,0,62,18,98,56,100,42,60,14,25,11,0,55,6,100,12,2
train_01510,training_writers,compact_trace,0.54423937,0.32000000,0.58797658,0,100,44,97,54,61,41,23,23,0,9,38,52,44,100,41,7
train_01511,training_writers,long_sweep,0.35131832,0.47000000,1.33781806,52,70,100,89,50,100,0,82,55,72,96,54,77,26,55,0,9
train_01512,training_writers,long_sweep,0.35295816,0.47000000,1.33160258,0,88,52,100,100,77,75,39,44,2,17,0,15,30,87,38,7
train_01513,training_writers,compact_trace,0.54716339,0.32000000,0.58483444,0,60,36,86,60,100,59,52,53,5,16,1,60,1,100,0,1
train_01514,training_writers,compact_trace,0.54141258,0.32000000,0.59104649,94,77,61,100,53,73,100,78,98,58,94,15,49,0,0,14,9
train_01515,training_writers,long_sweep,0.35764346,0.47000000,1.31415794,0,95,70,100,100,77,69,41,38,4,0,0,10,22,92,26,7
train_01516,training_writers,long_sweep,0.36676578,0.50000000,1.36326786,90,66,49,100,0,72,67,40,100,0,25,11,34,55,84,93,8
train_01517,training_writers,long_sweep,0.34274665,0.47000000,1.37127526,27,86,31,62,41,100,40,55,46,10,0,0,45,2,100,5,1
train_01518,training_writers,long_sweep,0.33987390,0.47000000,1.38286581,0,99,36,100,93,97,100,64,83,32,61,0,28,28,76,40,7
train_01519,training_writers,long_sweep,0.34125550,0.47000000,1.37726716,87,90,38,100,0,82,46,71,100,71,73,47,38,24,27,0,9
train_01520,training_writers,compact_trace,0.51867386,0.32000000,0.61695803,4,100,2,82,0,50,46,35,100,42,100,63,93,32,93,0,4
train_01521,training_writers,compact_trace,0.51848568,0.32000000,0.61718194,15,100,0,74,20,45,82,47,100,64,84,68,77,34,73,0,4
train_01522,training_writers,long_sweep,0.34464948,0.47000000,1.36370435,1,91,50,100,58,67,32,32,16,0,0,38,40,49,100,49,7
train_01523,training_writers,long_sweep,0.34126716,0.47000000,1.37722013,31,91,1,62,0,20,37,0,80,15,100,52,86,91,44,100,0
train_01524,training_writers,compact_trace,0.51181116,0.32000000,0.62523060,0,29,32,52,68,76,100,100,95,76,89,50,78,25,76,0,1
train_01525,training_writers,long_sweep,0.35232364,0.47000000,1.33400077,43,95,8,69,0,31,29,0,83,20,100,56,71,90,11,100,0
train_01526,training_writers,long_sweep,0.35671871,0.47000000,1.31756477,46,79,37,60,59,22,0,0,19,35,78,64,100,97,29,100,8
train_01527,training_writers,long_sweep,0.36476720,0.47000000,1.28849305,51,60,47,100,16,68,75,35,83,0,0,2,31,39,100,68,8
train_01528,training_writers,long_sweep,0.34444732,0.47000000,1.36450475,42,73,53,100,94,83,79,49,43,21,0,0,47,10,100,14,2
train_01529,training_writers,long_sweep,0.35720494,0.47000000,1.31577128,46,87,62,65,97,100,32,89,62,66,100,48,71,4,0,0,9
train_01530,training_writers,compact_trace,0.53807481,0.32000000,0.59471284,0,72,29,100,59,79,58,23,42,0,30,30,65,47,100,64,7
train_01531,training_writers,compact_trace,0.52415959,0.32000000,0.61050109,57,100,51,71,10,47,0,43,54,36,100,48,85,33,71,0,4
train_01532,training_writers,compact_trace,0.52267388,0.32000000,0.61223645,48,100,89,100,76,77,69,56,100,35,89,11,45,0,0,8,3
train_01533,training_writers,compact_trace,0.50839129,0.32000000,0.62943643,0,55,39,74,76,95,100,100,87,75,72,50,61,25,57,0,1
train_01534,training_writers,long_sweep,0.36375543,0.47000000,1.29207695,0,96,23,46,91,55,80,100,49,94,100,59,81,7,15,0,9
train_01535,training_writers,compact_trace,0.54197331,0.32000000,0.59043498,52,92,91,100,100,74,77,48,41,27,0,9,35,1,89,0,2
train_01536,training_writers,compact_trace,0.50316858,0.32000000,0.63596976,0,69,23,83,82,100,100,95,86,70,75,44,62,19,64,0,1
train_01537,training_writers,compact_trace,0.54021548,0.32000000,0.59235622,63,78,83,100,100,80,78,53,42,30,0,8,30,0,93,3,2
train_01538,training_writers,long_sweep,0.34070784,0.47000000,1.37948103,85,69,81,100,100,66,76,30,36,5,0,0,50,7,99,5,2
train_01539,training_writers,long_sweep,0.34095781,0.47000000,1.37846968,32,100,6,65,0,24,29,0,70,20,100,53,93,90,47,97,0
train_01540,training_writers,compact_trace,0.54447011,0.32000000,0.58772739,40,100,0,96,1,72,44,91,63,58,100,29,96,0,39,9,9
train_01541,training_writers,long_sweep,0.34725795,0.47000000,1.35346075,0,100,57,98,100,100,76,62,58,23,53,0,30,36,88,43,7
train_01542,training_writers,long_sweep,0.36507346,0.47000000,1.28741212,19,91,18,50,88,50,88,5,24,0,0,51,29,91,100,100,5
train_01543,training_writers,compact_trace,0.53299667,0.32000000,0.60037899,55,100,15,77,0,47,42,28,86,43,100,62,84,31,80,0,4
train_01544,training_writers,compact_trace,0.50656096,0.32000000,0.63171075,100,100,74,88,46,69,22,47,0,24,3,0,36,11,7,23,6
train_01545,training_writers,compact_trace,0.52307913,0.32000000,0.61176212,56,100,31,83,6,59,0,33,53,32,100,47,89,26,80,0,4
train_01546,training_writers,long_sweep,0.35261923,0.47000000,1.33288249,77,100,47,64,0,36,34,39,100,39,93,73,61,38,37,0,4
train_01547,training_writers,long_sweep,0.35660145,0.47000000,1.31799802,100,97,76,100,29,72,0,39,15,8,95,0,78,22,0,16,6
train_01548,training_writers,long_sweep,0.35496361,0.47000000,1.32407940,46,92,45,62,38,22,0,0,9,39,57,70,100,100,27,98,8
train_01549,training_writers,long_sweep,0.34516767,0.47000000,1.36165707,100,100,64,87,28,59,0,30,7,0,72,3,76,31,20,49,6
train_01550,training_writers,long_sweep,0.34894725,0.47000000,1.34690844,0,93,58,100,97,74,73,41,41,9,27,0,19,27,100,33,7
train_01551,training_writers,long_sweep,0.35995713,0.47000000,1.30571105,79,90,68,100,29,67,0,34,2,0,95,0,100,27,5,20,6
train_01552,training_writers,long_sweep,0.34227056,0.47000000,1.37318265,100,100,56,87,24,59,5,27,29,0,79,9,38,24,0,2,6
train_01553,training_writers,long_sweep,0.34637494,0.47000000,1.35691110,42,79,93,100,89,96,39,78,51,43,100,33,56,3,0,0,5
train_01554,training_writers,rising_tail,0.24935925,0.43000000,1.72441971,0,0,39,12,76,32,96,58,97,84,59,100,53,77,100,63,9
train_01555,training_writers,compact_trace,0.54096119,0.32000000,0.59153966,61,100,33,86,0,58,55,44,100,66,89,63,61,32,34,0,4
train_01556,training_writers,long_sweep,0.35304912,0.47000000,1.33125952,98,100,56,80,23,48,10,9,58,0,100,18,49,22,0,8,6
train_01557,training_writers,compact_trace,0.52993105,0.32000000,0.60385214,46,100,26,74,0,47,20,25,84,33,100,55,76,28,69,0,4
train_01558,training_writers,compact_trace,0.53069279,0.32000000,0.60298539,0,66,23,100,53,83,41,43,14,10,13,0,56,9,100,12,2
train_01559,training_writers,long_sweep,0.36285305,0.47000000,1.29529020,6,79,42,95,100,100,35,88,0,56,62,41,64,0,2,0,5
train_01560,training_writers,compact_trace,0.51815843,0.32000000,0.61757174,0,51,31,60,66,79,100,100,90,79,66,53,43,28,27,0,1
train_01561,training_writers,long_sweep,0.36973527,0.47000000,1.27117978,74,100,2,49,29,0,100,54,61,95,0,39,75,77,6,21,0
train_01562,training_writers,long_sweep,0.34194896,0.47000000,1.37447411,64,89,100,100,47,87,7,64,25,53,74,43,51,14,0,0,5
train_01563,training_writers,long_sweep,0.35461322,0.47000000,1.32538771,30,94,0,58,4,14,52,0,94,29,100,71,60,100,10,86,0
train_01564,training_writers,compact_trace,0.51212780,0.32000000,0.62484403,0,70,11,100,34,88,26,55,15,23,28,0,66,7,100,19,2
train_01565,training_writers,long_sweep,0.34083273,0.47000000,1.37897555,46,99,12,70,0,31,24,0,70,4,100,36,94,76,60,100,0
train_01566,training_writers,long_sweep,0.36757110,0.47000000,1.27866417,51,78,0,68,47,34,100,0,19,7,63,43,85,82,9,100,8
train_01567,training_writers,long_sweep,0.34496380,0.47000000,1.36246181,46,94,100,100,64,97,17,76,22,53,70,33,56,3,0,0,5
train_01568,training_writers,long_sweep,0.35456638,0.47000000,1.32556279,43,100,13,73,54,39,39,0,0,7,13,61,46,100,100,100,5
train_01569,training_writers,long_sweep,0.35055830,0.47000000,1.34071852,0,73,12,26,49,0,92,13,100,60,73,98,29,100,8,60,0
train_01570,training_writers,long_sweep,0.36707872,0.47000000,1.28037930,81,85,10,79,42,38,56,0,0,21,45,62,100,100,29,82,8
train_01571,training_writers,compact_trace,0.53738577,0.32000000,0.59547539,44,100,21,72,0,47,68,54,100,75,85,53,61,25,43,0,4
train_01572,training_writers,long_sweep,0.34921241,0.47000000,1.34588572,36,91,62,98,100,100,44,94,1,65,46,44,51,0,0,2,5
train_01573,training_writers,long_sweep,0.34879436,0.47000000,1.34749885,22,99,7,64,0,25,36,0,83,27,100,64,76,100,19,95,0
train_01574,training_writers,long_sweep,0.34600984,0.47000000,1.35834286,41,100,25,97,0,54,61,46,100,47,83,87,55,45,36,0,4
train_01575,training_writers,compact_trace,0.53444887,0.32000000,0.59874764,33,61,41,100,41,95,39,55,37,16,0,0,50,3,100,8,1
train_01576,training_writers,long_sweep,0.36090810,0.47000000,1.30227059,58,62,8,46,12,0,67,15,100,56,90,100,34,81,0,41,0
train_01577,training_writers,compact_trace,0.50356829,0.32000000,0.63546495,36,100,18,76,0,52,13,33,60,34,100,39,93,24,86,0,4
train_01578,training_writers,long_sweep,0.33807662,0.47000000,1.39021738,12,71,15,50,29,100,32,76,34,25,0,0,47,4,100,5,1
train_01579,training_writers,compact_trace,0.53395635,0.32000000,0.59929992,0,88,39,100,77,83,77,42,72,0,42,11,54,27,100,26,7
train_01580,training_writers,long_sweep,0.35623932,0.47000000,1.31933780,40,100,27,71,65,89,13,90,60,62,100,30,62,0,0,1,9
train_01581,training_writers,long_sweep,0.36313500,0.47000000,1.29428449,100,94,29,84,32,41,59,0,0,1,42,38,87,74,52,100,8
train_01582,training_writers,long_sweep,0.36030846,0.47000000,1.30443786,12,14,56,48,100,84,53,100,32,65,80,30,62,0,0,17,8
train_01583,training_writers,long_sweep,0.35600950,0.47000000,1.32018948,42,95,0,64,48,42,21,0,0,18,5,72,42,100,100,98,5
train_01584,training_writers,compact_trace,0.52299450,0.32000000,0.61186112,0,86,33,100,60,81,58,59,96,44,100,14,62,0,20,6,3
train_01585,training_writers,long_sweep,0.33803502,0.47000000,1.39038849,100,98,75,96,22,100,0,83,38,66,80,42,56,6,5,0,5
train_01586,training_writers,compact_trace,0.54666870,0.32000000,0.58536367,19,74,47,100,81,83,57,51,18,26,0,9,54,6,100,0,2
train_01587,training_writers,long_sweep,0.34348664,0.47000000,1.36832106,0,62,30,90,70,100,57,61,48,22,7,0,36,2,100,3,1
train_01588,training_writers,rising_tail,0.26711871,0.43000000,1.60977118,29,70,56,36,43,2,3,0,0,42,13,76,56,90,100,100,5
train_01589,training_writers,rising_tail,0.24972883,0.43000000,1.72186765,12,60,37,36,41,0,15,2,0,42,27,66,63,84,100,100,5
train_01590,training_writers,long_sweep,0.35599170,0.47000000,1.32025551,60,82,21,74,0,25,34,0,82,27,100,75,54,100,14,75,0
train_01591,training_writers,long_sweep,0.36472874,0.47000000,1.28862893,26,100,21,65,91,32,66,0,38,25,91,61,100,99,0,98,8
train_01592,training_writers,long_sweep,0.36393513,0.47000000,1.29143893,55,92,17,78,55,38,50,0,0,21,56,55,100,92,25,100,8
train_01593,training_writers,compact_trace,0.52325414,0.32000000,0.61155752,0,91,42,100,63,76,53,38,54,0,40,4,48,29,100,36,7
train_01594,training_writers,compact_trace,0.53477725,0.32000000,0.59837998,0,90,41,100,83,88,65,65,69,43,100,22,66,5,14,0,3
train_01595,training_writers,long_sweep,0.35057056,0.47000000,1.34067161,65,84,40,100,7,68,0,31,34,0,100,8,64,24,11,3,6
train_01596,training_writers,compact_trace,0.52842959,0.32000000,0.60556791,0,82,31,100,48,57,50,5,35,0,32,28,66,44,100,62,7
train_01597,training_writers,long_sweep,0.34866306,0.47000000,1.34800631,19,77,0,37,13,0,63,9,97,41,100,82,58,100,15,77,0
train_01598,training_writers,compact_trace,0.53881996,0.32000000,0.59389040,100,100,73,96,45,68,28,37,27,4,76,0,58,24,0,22,6
train_01599,training_writers,long_sweep,0.36336894,0.47000000,1.29345121,32,84,0,55,18,1,76,0,100,52,71,100,34,61,43,5,0
train_01600,training_writers,compact_trace,0.53026848,0.32000000,0.60346789,0,85,31,100,59,73,55,36,46,0,27,26,47,40,100,39,7
train_01601,training_writers,long_sweep,0.35338893,0.47000000,1.32997940,76,100,18,73,0,50,81,48,100,70,67,74,33,37,8,0,4
train_01602,training_writers,long_sweep,0.34965888,0.47000000,1.34416720,0,100,73,99,62,66,34,33,14,0,5,15,19,43,100,43,7
train_01603,training_writers,long_sweep,0.35422774,0.47000000,1.32683001,15,79,8,36,37,0,89,21,100,63,73,100,21,82,0,43,0
train_01604,training_writers,long_sweep,0.33988959,0.47000000,1.38280199,0,100,50,91,68,60,58,29,26,0,9,18,23,45,100,49,7
train_01605,training_writers,compact_trace,0.54039525,0.32000000,0.59215917,45,98,82,100,72,57,42,22,0,0,3,2,52,4,100,6,2
train_01606,training_writers,long_sweep,0.33900056,0.47000000,1.38642838,11,80,0,54,47,32,36,0,11,24,3,62,46,87,100,100,5
train_01607,training_writers,compact_trace,0.54625816,0.32000000,0.58580360,0,80,35,100,80,89,58,61,68,39,100,15,55,0,2,3,3
train_01608,training_writers,rising_tail,0.23338517,0.43000000,1.84244786,0,3,28,0,62,18,87,43,100,71,89,100,54,98,78,80,9
train_01609,training_writers,long_sweep,0.34000257,0.47000000,1.38234248,25,84,56,54,47,17,5,0,0,35,10,72,52,90,100,100,5
train_01610,training_writers,compact_trace,0.53907246,0.32000000,0.59361223,49,85,84,100,89,81,48,61,90,49,100,30,51,14,0,0,3
train_01611,training_writers,compact_trace,0.54604636,0.32000000,0.58603083,28,77,62,100,100,85,67,58,96,40,92,9,41,0,0,18,3
train_01612,training_writers,compact_trace,0.52376178,0.32000000,0.61096478,0,80,43,93,91,100,96,80,75,57,100,36,90,14,48,0,3
train_01613,training_writers,compact_trace,0.53852564,0.32000000,0.59421497,0,85,26,100,74,89,62,64,61,39,100,21,64,4,7,0,3
train_01614,training_writers,long_sweep,0.36847714,0.47000000,1.27552012,67,99,62,62,97,13,0,0,7,34,100,59,100,100,10,93,8
train_01615,training_writers,long_sweep,0.36055600,0.47000000,1.30354232,97,100,43,77,13,42,7,2,68,0,100,34,43,36,0,5,6
train_01616,training_writers,compact_trace,0.51040600,0.32000000,0.62695187,53,92,75,100,72,71,64,60,100,44,78,15,32,0,0,10,3
train_01617,training_writers,long_sweep,0.34023264,0.47000000,1.38140774,0,95,48,100,89,80,78,38,51,0,27,21,51,39,100,31,7
train_01618,training_writers,long_sweep,0.36914108,0.47000000,1.27322594,70,92,12,52,26,0,100,43,88,100,13,58,61,68,0,11,0
train_01619,training_writers,long_sweep,0.34795299,0.47000000,1.35075720,96,82,63,100,0,84,31,71,100,84,91,55,64,28,36,0,9
train_01620,training_writers,compact_trace,0.54201669,0.32000000,0.59038772,20,80,54,100,100,95,74,65,83,41,93,9,47,0,0,2,3
train_01621,training_writers,long_sweep,0.35542978,0.47000000,1.32234277,0,99,73,100,100,80,56,47,33,7,10,0,7,33,81,35,7
train_01622,training_writers,long_sweep,0.34358196,0.47000000,1.36794144,55,73,57,100,92,89,75,50,43,16,0,0,44,19,100,12,2
train_01623,training_writers,long_sweep,0.33838806,0.47000000,1.38893791,82,73,61,100,0,80,35,55,100,77,99,61,87,23,98,0,9
train_01624,training_writers,compact_trace,0.51545091,0.32000000,0.62081566,60,100,36,75,14,50,0,23,47,14,89,30,100,26,86,0,4
train_01625,training_writers,long_sweep,0.35499201,0.47000000,1.32397346,17,87,12,65,64,43,52,0,0,14,4,61,35,97,100,100,5
train_01626,training_writers,long_sweep,0.36494414,0.47000000,1.28786831,32,98,8,71,56,25,28,0,0,42,77,69,100,100,15,92,8
train_01627,training_writers,long_sweep,0.34209987,0.47000000,1.37386780,40,88,95,100,88,100,40,77,72,61,100,33,58,7,0,0,5
train_01628,training_writers,long_sweep,0.33836513,0.47000000,1.38903202,0,72,1,100,49,100,72,71,43,39,10,10,51,0,100,1,2
train_01629,training_writers,compact_trace,0.54573050,0.32000000,0.58637001,4,84,50,100,57,79,39,52,90,41,100,15,52,0,0,5,3
train_01630,training_writers,compact_trace,0.53189558,0.32000000,0.60162185,42,85,85,100,100,68,76,32,45,0,50,1,38,40,0,65,8
train_01631,training_writers,long_sweep,0.35246599,0.47000000,1.33346199,0,83,42,100,100,86,75,43,50,0,11,15,2,27,69,29,7
train_01632,training_writers,long_sweep,0.35967739,0.47000000,1.30672657,43,97,80,79,22,66,35,100,86,75,100,23,48,0,0,24,9
train_01633,training_writers,long_sweep,0.34661634,0.47000000,1.35596607,82,100,39,78,17,48,19,17,66,0,100,21,44,31,0,13,6
train_01634,training_writers,long_sweep,0.35249309,0.47000000,1.33335946,100,100,47,88,18,55,16,18,57,0,95,29,51,38,0,16,6
train_01635,training_writers,long_sweep,0.35004198,0.47000000,1.34269609,1,30,35,0,78,14,100,56,85,100,42,98,8,65,0,20,0
train_01636,training_writers,compact_trace,0.51990646,0.32000000,0.61549534,100,100,68,96,37,75,14,51,0,22,21,0,54,10,15,18,6
train_01637,training_writers,compact_trace,0.54662973,0.32000000,0.58540541,17,71,38,100,90,85,68,51,66,44,100,15,53,0,0,18,3
train_01638,training_writers,compact_trace,0.52130559,0.32000000,0.61384341,21,100,1,80,0,54,70,51,100,73,82,51,74,24,75,0,4
train_01639,training_writers,long_sweep,0.36365196,0.50000000,1.37494104,0,66,48,100,100,83,69,41,37,0,81,26,76,69,8,93,8
train_01640,training_writers,long_sweep,0.36058920,0.47000000,1.30342227,62,90,15,77,10,26,56,0,100,31,93,81,42,100,0,70,0
train_01641,training_writers,long_sweep,0.34976673,0.47000000,1.34375273,93,100,58,79,28,50,8,18,47,0,100,14,58,25,0,19,6
train_01642,training_writers,long_sweep,0.34470745,0.47000000,1.36347504,100,100,66,95,27,65,0,29,25,0,77,12,70,43,16,44,6
train_01643,training_writers,compact_trace,0.53071772,0.32000000,0.60295707,48,96,67,100,68,57,40,23,0,15,19,30,59,12,100,0,2
train_01644,training_writers,long_sweep,0.36558760,0.47000000,1.28560159,8,100,25,75,84,99,0,100,20,83,100,81,60,39,13,0,9
train_01645,training_writers,compact_trace,0.50685247,0.32000000,0.63134742,0,97,10,100,55,93,100,89,72,67,46,45,37,18,41,0,7
train_01646,training_writers,compact_trace,0.54034784,0.32000000,0.59221112,100,100,40,88,40,67,97,79,94,65,82,40,52,16,0,0,9
train_01647,training_writers,long_sweep,0.36589825,0.47000000,1.28451010,56,76,73,52,93,13,0,0,37,35,100,69,100,100,17,76,8
train_01648,training_writers,compact_trace,0.53350326,0.32000000,0.59980889,26,85,68,100,91,79,68,54,83,40,100,16,56,0,0,7,3
train_01649,training_writers,compact_trace,0.52051146,0.32000000,0.61477993,0,64,21,100,27,86,24,43,8,4,6,0,53,2,100,6,1
train_01650,training_writers,compact_trace,0.49369074,0.32000000,0.64817906,0,53,48,75,67,100,81,83,81,57,88,31,100,6,99,0,1
train_01651,training_writers,rising_tail,0.26362615,0.43000000,1.63109766,27,65,58,36,61,0,25,10,0,45,13,74,56,89,100,100,5
train_01652,training_writers,long_sweep,0.35401927,0.47000000,1.32761136,81,100,55,92,17,61,3,26,41,0,100,14,65,44,0,60,6
train_01653,training_writers,compact_trace,0.50823345,0.32000000,0.62963191,0,33,31,60,69,86,81,100,72,72,72,44,76,16,100,0,1
train_01654,training_writers,long_sweep,0.35233205,0.47000000,1.33396891,11,82,6,41,28,0,78,7,100,48,80,90,32,100,0,65,0
train_01655,training_writers,compact_trace,0.52993979,0.32000000,0.60384218,100,100,71,94,38,70,11,42,0,13,40,0,51,26,5,23,6
train_01656,training_writers,compact_trace,0.53332445,0.32000000,0.60000999,0,71,24,100,64,99,69,63,53,29,28,0,57,5,100,10,2
train_01657,training_writers,long_sweep,0.33955958,0.47000000,1.38414588,100,98,54,100,52,68,83,95,95,61,92,18,48,0,0,2,9
train_01658,training_writers,long_sweep,0.35697042,0.47000000,1.31663572,8,64,65,74,100,100,43,93,0,66,57,72,48,42,27,0,9
train_01659,training_writers,long_sweep,0.34308722,0.47000000,1.36991404,47,80,71,100,100,89,38,72,44,48,91,23,45,0,0,10,3
train_01660,training_writers,compact_trace,0.52243552,0.32000000,0.61251578,0,47,38,67,78,89,100,100,77,75,53,49,31,23,16,0,1
train_01661,training_writers,long_sweep,0.36474434,0.47000000,1.28857381,86,62,64,100,0,80,40,44,92,12,29,0,41,37,100,65,8
train_01662,training_writers,long_sweep,0.34391633,0.47000000,1.36661145,0,90,38,100,68,70,59,33,32,0,2,27,35,42,100,41,7
train_01663,training_writers,long_sweep,0.36690498,0.47000000,1.28098561,65,93,68,73,92,23,13,0,0,38,87,65,100,100,5,98,8
train_01664,training_writers,long_sweep,0.34645312,0.47000000,1.35660488,62,100,26,74,15,43,8,12,57,0,100,19,52,35,0,23,6
train_01665,training_writers,long_sweep,0.33943702,0.47000000,1.38464565,71,100,50,87,32,50,32,11,76,0,100,32,51,49,0,41,6
train_01666,training_writers,compact_trace,0.48588837,0.32000000,0.65858748,0,93,60,100,70,83,70,67,70,50,80,33,80,16,100,0,1
train_01667,training_writers,long_sweep,0.34773398,0.47000000,1.35160792,26,90,17,64,60,34,53,0,20,32,0,73,31,96,100,100,5
train_01668,training_writers,long_sweep,0.35310610,0.47000000,1.33104467,23,88,0,55,25,50,64,20,17,0,21,54,35,97,100,100,5
train_01669,training_writers,compact_trace,0.52905465,0.32000000,0.60485245,51,100,33,77,0,53,11,32,77,36,100,53,76,27,60,0,4
train_01670,training_writers,long_sweep,0.35540251,0.47000000,1.32244423,27,84,12,42,18,0,73,7,100,45,93,88,40,100,0,67,0
train_01671,training_writers,compact_trace,0.53529341,0.32000000,0.59780299,55,82,95,100,98,83,64,62,91,38,100,13,49,0,0,8,3
train_01672,training_writers,compact_trace,0.49544770,0.32000000,0.64588049,6,100,0,93,0,67,18,43,65,46,92,50,83,24,100,0,4
train_01673,training_writers,long_sweep,0.33938984,0.47000000,1.38483814,42,97,13,94,51,76,57,100,90,64,100,21,55,0,0,0,9
train_01674,training_writers,compact_trace,0.54474086,0.32000000,0.58743528,0,93,53,100,89,75,85,37,73,0,48,1,44,29,100,25,7
train_01675,training_writers,compact_trace,0.51864263,0.32000000,0.61699518,0,50,28,70,77,93,100,100,77,75,56,50,44,25,62,0,1
train_01676,training_writers,long_sweep,0.35993063,0.47000000,1.30580719,90,78,43,100,0,73,63,68,95,94,100,51,79,11,16,0,9
train_01677,training_writers,long_sweep,0.36618182,0.47000000,1.28351538,18,74,3,67,74,34,41,0,3,27,59,63,100,100,0,95,8
train_01678,training_writers,long_sweep,0.33915684,0.47000000,1.38578955,100,80,54,77,25,96,78,100,99,74,76,45,42,20,0,0,9
train_01679,training_writers,long_sweep,0.35090870,0.47000000,1.33937973,8,92,67,100,87,82,62,40,31,0,0,14,38,30,100,27,7
train_01680,training_writers,compact_trace,0.53915231,0.32000000,0.59352430,0,66,25,100,48,70,43,23,26,0,21,33,60,46,100,61,7
train_01681,training_writers,long_sweep,0.35308355,0.47000000,1.33112971,23,100,0,65,5,23,52,0,100,21,95,62,53,92,12,66,0
train_01682,training_writers,compact_trace,0.52151823,0.32000000,0.61359313,0,45,27,61,63,81,100,100,84,74,63,49,41,24,20,0,1
train_01683,training_writers,long_sweep,0.36879833,0.47000000,1.27440924,66,98,22,67,100,88,17,100,11,52,0,0,79,13,22,53,8
train_01684,training_writers,compact_trace,0.54543651,0.32000000,0.58668606,48,81,29,100,67,88,48,40,12,3,0,8,50,14,100,0,2
train_01685,training_writers,compact_trace,0.53672390,0.32000000,0.59620971,52,95,100,100,70,91,26,77,26,55,64,43,43,14,0,0,5
train_01686,training_writers,compact_trace,0.52330450,0.32000000,0.61149866,39,96,79,100,71,71,68,55,100,34,86,4,43,0,0,11,3
train_01687,training_writers,compact_trace,0.52599074,0.32000000,0.60837573,38,100,43,85,0,60,28,51,100,61,98,54,73,25,46,0,4
train_01688,training_writers,long_sweep,0.34743928,0.47000000,1.35275437,20,100,34,63,57,25,23,0,6,39,0,81,48,95,100,95,5
train_01689,training_writers,long_sweep,0.36837876,0.47000000,1.27586074,41,100,0,70,76,37,100,0,10,5,41,43,97,79,27,91,8
train_01690,training_writers,long_sweep,0.34490954,0.47000000,1.36267614,7,69,0,25,36,0,74,10,100,49,85,95,45,100,17,67,0
train_01691,training_writers,long_sweep,0.35389831,0.47000000,1.32806511,70,100,27,75,0,39,6,0,63,2,100,33,93,71,38,74,0
train_01692,training_writers,long_sweep,0.34637515,0.47000000,1.35691029,0,97,2,58,19,21,65,0,100,29,98,67,66,100,16,93,0
train_01693,training_writers,long_sweep,0.35329885,0.47000000,1.33031853,13,100,0,54,25,13,70,0,100,35,86,81,41,94,6,62,0
train_01694,training_writers,compact_trace,0.54559828,0.32000000,0.58651212,40,90,87,100,81,93,39,71,70,46,100,23,52,6,0,0,5
train_01695,training_writers,compact_trace,0.54720551,0.32000000,0.58478943,79,68,100,94,47,100,0,83,27,62,84,58,91,30,80,0,9
train_01696,training_writers,long_sweep,0.34681167,0.47000000,1.35520237,25,57,20,21,62,0,100,22,95,68,61,100,14,99,0,57,0
train_01697,training_writers,compact_trace,0.50154779,0.32000000,0.63802494,36,81,69,90,100,100,80,80,60,60,41,40,20,19,0,0,1
train_01698,training_writers,compact_trace,0.50916588,0.32000000,0.62847888,0,71,47,85,100,100,92,82,75,60,62,38,45,16,40,0,1
train_01699,training_writers,long_sweep,0.35079580,0.47000000,1.33981080,52,100,28,75,63,36,41,0,0,18,16,66,47,99,100,99,5
train_01700,training_writers,compact_trace,0.54088267,0.32000000,0.59162554,64,100,100,92,94,56,72,22,72,0,91,31,52,59,0,80,8
train_01701,training_writers,compact_trace,0.49749683,0.32000000,0.64322018,33,100,16,78,0,52,18,31,58,29,98,34,100,25,100,0,4
train_01702,training_writers,long_sweep,0.35234233,0.47000000,1.33392998,100,83,64,100,50,65,75,26,35,0,0,22,46,53,100,78,8
train_01703,training_writers,long_sweep,0.34876987,0.47000000,1.34759346,18,100,23,69,57,39,29,0,0,27,0,75,40,94,100,99,5
train_01704,training_writers,long_sweep,0.34542192,0.47000000,1.36065482,7,72,34,100,79,95,67,61,33,33,0,5,48,0,100,1,2
train_01705,training_writers,compact_trace,0.53963336,0.32000000,0.59299521,49,97,77,100,79,60,47,28,0,11,8,24,58,14,100,0,2
train_01706,training_writers,compact_trace,0.54105290,0.32000000,0.59143939,37,100,8,78,0,39,18,4,59,0,91,26,100,64,72,92,0
train_01707,training_writers,long_sweep,0.35287581,0.47000000,1.33191334,30,83,8,43,19,3,71,0,100,36,87,78,39,100,0,73,0
train_01708,training_writers,long_sweep,0.34106437,0.47000000,1.37803897,37,78,79,100,89,68,60,36,16,13,0,22,56,22,100,0,2
train_01709,training_writers,long_sweep,0.34202459,0.47000000,1.37417022,0,100,53,95,80,66,69,30,66,0,100,30,61,36,7,39,7
train_01710,training_writers,long_sweep,0.34711473,0.47000000,1.35401919,60,100,33,83,0,49,8,11,68,0,100,30,48,38,32,5,6
train_01711,training_writers,long_sweep,0.34394455,0.47000000,1.36649932,59,63,97,88,100,100,89,66,78,30,55,0,0,3,80,2,1
train_01712,training_writers,compact_trace,0.54619837,0.32000000,0.58586773,12,73,29,100,70,87,51,53,13,28,0,4,50,0,100,0,2
train_01713,training_writers,long_sweep,0.36075722,0.47000000,1.30281524,12,76,27,98,45,48,28,0,0,14,54,56,100,100,30,96,8
train_01714,training_writers,long_sweep,0.35627114,0.47000000,1.31921995,30,85,20,66,74,38,46,0,0,17,0,65,31,100,100,98,5
train_01715,training_writers,compact_trace,0.49391350,0.32000000,0.64788672,11,100,7,95,0,73,11,51,71,50,100,44,85,22,78,0,4
train_01716,training_writers,long_sweep,0.35177380,0.47000000,1.33608586,7,54,8,14,56,0,99,24,100,68,63,100,12,97,0,56,0
train_01717,training_writers,long_sweep,0.34350077,0.47000000,1.36826477,17,67,55,93,71,100,61,56,48,13,0,1,37,0,100,0,1
train_01718,training_writers,rising_tail,0.26143703,0.43000000,1.64475551,2,65,29,35,46,2,12,0,0,41,18,73,58,88,100,100,5
train_01719,training_writers,long_sweep,0.36799268,0.47000000,1.27719931,61,90,67,61,99,100,9,71,17,56,0,0,100,25,17,61,8
train_01720,training_writers,compact_trace,0.54474273,0.32000000,0.58743326,12,69,26,99,79,100,70,73,79,49,100,15,53,0,0,12,3
train_01721,training_writers,compact_trace,0.50732122,0.32000000,0.63076407,0,54,27,64,63,83,100,100,97,78,81,53,68,26,63,0,1
train_01722,training_writers,long_sweep,0.34340526,0.47000000,1.36864531,1,68,4,100,55,77,55,31,7,2,0,6,60,0,100,19,2
train_01723,training_writers,compact_trace,0.51509891,0.32000000,0.62123991,49,95,82,100,68,68,73,66,100,41,74,12,29,0,0,21,3
train_01724,training_writers,long_sweep,0.34683600,0.47000000,1.35510731,47,100,17,68,0,34,9,0,71,18,97,51,100,86,48,95,0
train_01725,training_writers,long_sweep,0.35246844,0.47000000,1.33345273,22,89,0,55,39,47,43,4,6,0,16,56,39,100,100,98,5
train_01726,training_writers,long_sweep,0.36592135,0.47000000,1.28442900,54,63,45,100,1,53,11,0,75,18,100,74,44,98,0,54,0
train_01727,training_writers,long_sweep,0.34974497,0.47000000,1.34383635,18,91,0,48,22,6,66,0,100,30,91,76,52,100,16,76,0
train_01728,training_writers,compact_trace,0.52606588,0.32000000,0.60828883,29,100,0,77,0,53,75,44,100,63,72,51,73,25,67,0,4
train_01729,training_writers,compact_trace,0.54331856,0.32000000,0.58897307,22,100,0,70,28,44,83,47,100,79,71,61,45,30,19,0,4
train_01730,training_writers,compact_trace,0.52005447,0.32000000,0.61532016,32,59,70,77,98,100,100,83,87,58,79,33,57,9,0,0,1
train_01731,training_writers,long_sweep,0.35169126,0.47000000,1.33639945,36,90,34,65,77,32,40,0,13,30,0,72,24,100,100,93,5
train_01732,training_writers,compact_trace,0.54444908,0.32000000,0.58775010,100,100,69,96,38,66,14,33,19,0,68,3,52,32,0,25,6
train_01733,training_writers,long_sweep,0.35690774,0.47000000,1.31686693,34,67,98,74,100,100,32,90,0,63,69,65,85,41,64,0,9
train_01734,training_writers,long_sweep,0.35361074,0.47000000,1.32914517,22,53,76,70,100,100,39,99,0,71,53,61,67,31,40,0,9
train_01735,training_writers,long_sweep,0.35290854,0.47000000,1.33178981,62,98,22,72,0,29,28,0,77,15,100,57,86,100,37,97,0
train_01736,training_writers,long_sweep,0.36757252,0.47000000,1.27865924,62,87,41,63,100,100,22,72,8,41,30,0,93,42,0,34,8
train_01737,training_writers,long_sweep,0.36065924,0.47000000,1.30316917,67,99,0,95,29,61,100,36,87,0,43,21,70,60,83,100,8
train_01738,training_writers,long_sweep,0.36335195,0.47000000,1.29351171,0,88,65,55,100,16,45,0,43,40,90,77,68,100,8,69,8
train_01739,training_writers,compact_trace,0.53633410,0.32000000,0.59664302,36,90,84,100,100,75,62,51,82,45,85,13,38,0,0,19,3
train_01740,training_writers,compact_trace,0.54248050,0.32000000,0.58988296,88,100,48,83,16,59,0,31,50,28,100,45,75,27,62,0,4
train_01741,training_writers,compact_trace,0.52158144,0.32000000,0.61351877,0,59,16,73,77,95,100,100,70,75,45,50,25,25,34,0,1
train_01742,training_writers,compact_trace,0.53498672,0.32000000,0.59814569,88,100,48,94,59,69,100,85,90,56,80,23,46,0,0,12,9
train_01743,training_writers,long_sweep,0.35028067,0.47000000,1.34178115,80,78,32,100,16,68,81,71,100,71,100,35,68,4,0,0,9
train_01744,training_writers,long_sweep,0.36269231,0.47000000,1.29586425,88,88,53,78,100,40,91,0,0,1,5,39,57,76,18,100,8
train_01745,training_writers,long_sweep,0.35443725,0.47000000,1.32604571,100,94,58,100,15,70,0,34,28,1,97,0,91,28,31,21,6
train_01746,training_writers,long_sweep,0.35401303,0.47000000,1.32763474,27,100,8,56,57,41,20,0,0,24,18,85,48,97,100,94,5
train_01747,training_writers,compact_trace,0.51081232,0.32000000,0.62645317,42,90,74,100,100,87,70,70,46,50,56,19,35,0,0,5,3
train_01748,training_writers,compact_trace,0.54302504,0.32000000,0.58929142,28,100,0,80,25,53,96,46,100,74,71,66,43,33,28,0,4
train_01749,training_writers,compact_trace,0.53641961,0.32000000,0.59654791,22,71,41,100,51,93,46,54,40,15,0,1,46,2,100,0,1
train_01750,training_writers,long_sweep,0.36172734,0.47000000,1.29932119,48,100,31,76,85,88,17,98,65,71,100,38,68,6,0,0,9
train_01751,training_writers,compact_trace,0.51933677,0.32000000,0.61617050,20,100,13,72,0,43,29,26,88,28,100,45,68,29,69,0,4
train_01752,training_writers,compact_trace,0.50757920,0.32000000,0.63044348,38,100,27,89,8,67,0,44,40,32,100,41,83,22,81,0,4
train_01753,training_writers,long_sweep,0.34408912,0.47000000,1.36592520,33,93,84,100,90,78,46,59,94,47,100,18,56,1,0,0,3
train_01754,training_writers,long_sweep,0.34842829,0.47000000,1.34891457,14,86,0,75,1,29,40,0,94,10,100,53,62,86,9,100,0
train_01755,training_writers,compact_trace,0.54183760,0.32000000,0.59058287,59,100,37,69,0,34,46,33,100,38,81,51,63,43,46,0,4
train_01756,training_writers,compact_trace,0.54029355,0.32000000,0.59227063,0,76,42,100,66,75,46,38,43,0,22,19,45,36,100,39,7
train_01757,training_writers,compact_trace,0.53937970,0.32000000,0.59327409,53,100,25,70,0,39,50,34,100,42,85,64,77,32,80,0,4
train_01758,training_writers,compact_trace,0.53841695,0.32000000,0.59433493,18,83,53,100,67,75,43,47,12,22,0,0,50,11,100,22,2
train_01759,training_writers,compact_trace,0.51510368,0.32000000,0.62123416,0,62,32,73,69,91,100,100,80,75,59,51,39,26,27,0,1
train_01760,training_writers,compact_trace,0.52954486,0.32000000,0.60429252,0,53,36,77,82,99,100,100,73,75,39,50,9,25,3,0,1
train_01761,training_writers,long_sweep,0.36031692,0.47000000,1.30440723,60,91,14,80,50,59,56,7,0,0,4,45,41,91,100,100,5
train_01762,training_writers,long_sweep,0.34996848,0.47000000,1.34297810,4,88,0,43,25,4,70,0,100,35,94,79,53,100,8,86,0
train_01763,training_writers,long_sweep,0.34008601,0.47000000,1.38200334,100,100,56,78,24,53,0,27,11,0,74,3,56,23,6,14,6
train_01764,training_writers,long_sweep,0.34658767,0.47000000,1.35607824,39,89,37,59,65,29,24,0,6,37,0,80,38,100,100,98,5
train_01765,training_writers,compact_trace,0.54758835,0.32000000,0.58438059,19,63,58,100,52,74,47,27,91,0,100,5,25,8,0,9,1
train_01766,training_writers,long_sweep,0.34751833,0.47000000,1.35244666,39,88,82,100,100,68,68,34,34,0,16,10,0,45,78,50,7
train_01767,training_writers,long_sweep,0.35839652,0.47000000,1.31139666,32,86,0,61,10,4,57,0,100,30,97,87,50,100,4,87,0
train_01768,training_writers,long_sweep,0.33861101,0.47000000,1.38802339,69,98,53,83,85,98,46,100,81,65,100,27,42,11,0,0,9
train_01769,training_writers,compact_trace,0.51467842,0.32000000,0.62174746,24,68,38,85,100,100,85,80,56,61,29,41,6,20,0,0,1
train_01770,training_writers,long_sweep,0.36766759,0.47000000,1.27832861,22,100,66,50,100,94,45,95,5,41,58,0,78,42,0,46,8
train_01771,training_writers,long_sweep,0.34790786,0.47000000,1.35093241,84,83,22,76,8,95,72,100,100,76,77,47,41,22,0,0,9
train_01772,training_writers,long_sweep,0.35237273,0.47000000,1.33381491,100,96,44,75,22,100,77,99,91,65,93,29,67,0,0,12,9
train_01773,training_writers,compact_trace,0.53402384,0.32000000,0.59922418,53,93,96,100,99,76,65,55,79,36,100,14,54,0,0,0,3
train_01774,training_writers,compact_trace,0.53859142,0.32000000,0.59414240,35,78,48,100,76,78,57,41,24,11,0,8,50,7,100,0,2
train_01775,training_writers,long_sweep,0.33818091,0.47000000,1.38978868,29,100,25,73,0,37,48,32,100,32,84,68,60,39,43,0,4
train_01776,training_writers,compact_trace,0.51921524,0.32000000,0.61631473,27,82,58,100,73,83,68,53,100,34,76,8,38,0,0,5,3
train_01777,training_writers,long_sweep,0.34966053,0.47000000,1.34416085,100,93,62,77,0,61,13,88,76,100,94,67,72,33,46,0,9
train_01778,training_writers,long_sweep,0.35310463,0.47000000,1.33105024,11,80,10,25,46,0,87,11,100,61,69,97,26,100,0,61,0
train_01779,training_writers,compact_trace,0.53380934,0.32000000,0.59946497,41,81,48,100,67,71,50,36,0,26,29,19,72,0,100,31,2
train_01780,training_writers,compact_trace,0.51275053,0.32000000,0.62408516,0,79,21,100,31,68,22,34,7,2,34,0,69,8,100,11,2
train_01781,training_writers,long_sweep,0.36705379,0.47000000,1.28046628,36,53,100,82,55,100,2,69,36,34,74,0,0,14,62,44,8
train_01782,training_writers,compact_trace,0.52887432,0.32000000,0.60505869,0,72,32,91,77,100,100,88,87,45,75,0,61,15,89,34,7
train_01783,training_writers,long_sweep,0.35052383,0.47000000,1.34085037,46,88,24,61,19,11,63,0,100,29,86,78,45,100,0,86,0
train_01784,training_writers,long_sweep,0.36681391,0.47000000,1.28130366,73,78,10,73,60,35,43,0,0,25,57,62,100,100,20,96,8
train_01785,training_writers,long_sweep,0.36034831,0.47000000,1.30429361,67,100,18,81,44,39,35,0,0,28,53,57,100,88,42,94,8
train_01786,training_writers,compact_trace,0.52485719,0.32000000,0.60968965,33,66,72,86,100,100,76,71,70,40,55,10,0,0,13,6,1
train_01787,training_writers,long_sweep,0.36836596,0.47000000,1.27590509,76,97,64,62,100,15,14,0,0,35,90,59,98,100,0,98,8
train_01788,training_writers,compact_trace,0.50760809,0.32000000,0.63040760,0,94,32,100,77,98,100,81,83,60,60,40,38,20,22,0,7
train_01789,training_writers,compact_trace,0.53630274,0.32000000,0.59667792,36,60,40,100,57,68,36,29,0,3,15,8,59,0,100,10,2
train_01790,training_writers,compact_trace,0.52274783,0.32000000,0.61214984,0,62,48,81,100,100,87,86,58,65,39,44,16,21,10,0,1
train_01791,training_writers,compact_trace,0.53873200,0.32000000,0.59398736,26,81,67,100,82,80,53,54,77,40,100,18,56,0,0,1,3
train_01792,training_writers,compact_trace,0.52274929,0.32000000,0.61214813,57,96,100,100,81,95,40,85,30,60,57,32,40,3,0,0,5
train_01793,training_writers,compact_trace,0.50611345,0.32000000,0.63226931,0,59,31,70,65,87,100,100,87,75,75,51,68,25,60,0,1
train_01794,training_writers,compact_trace,0.52480319,0.32000000,0.60975240,35,100,0,74,1,45,68,36,100,58,88,54,79,24,72,0,4
train_01795,training_writers,compact_trace,0.52454138,0.32000000,0.61005673,40,88,78,100,71,66,68,61,100,39,70,7,19,0,0,27,3
train_01796,training_writers,rising_tail,0.25970901,0.40000000,1.54018532,44,77,19,50,39,19,0,0,8,31,19,66,57,87,100,100,5
train_01797,training_writers,compact_trace,0.53622139,0.32000000,0.59676843,36,87,24,100,77,100,64,70,74,52,100,26,62,2,0,0,3
train_01798,training_writers,compact_trace,0.53562643,0.32000000,0.59743131,80,100,34,87,69,69,100,90,81,74,74,45,44,20,0,0,9
train_01799,training_writers,compact_trace,0.53274579,0.32000000,0.60066171,36,100,0,76,21,49,73,39,100,60,70,64,72,31,85,0,4
train_01800,training_writers,long_sweep,0.35953032,0.47000000,1.30726111,11,60,0,55,22,1,77,0,100,56,62,100,8,95,5,36,0
train_01801,training_writers,compact_trace,0.54135368,0.32000000,0.59111079,0,56,13,100,50,89,40,40,10,2,12,4,58,0,100,17,2
train_01802,training_writers,long_sweep,0.33922529,0.47000000,1.38550989,100,100,63,90,26,63,2,33,0,0,54,1,60,31,7,30,6
train_01803,training_writers,compact_trace,0.53707613,0.32000000,0.59581870,0,85,21,100,72,84,65,43,56,0,37,1,42,28,100,28,7
train_01804,training_writers,long_sweep,0.35197473,0.47000000,1.33532313,100,100,54,80,21,50,14,13,61,0,100,19,48,22,0,8,6
train_01805,training_writers,compact_trace,0.54497646,0.32000000,0.58718132,62,86,97,100,94,71,69,46,37,22,0,2,47,0,100,1,2
train_01806,training_writers,long_sweep,0.35301810,0.47000000,1.33137649,23,96,27,54,64,35,33,0,12,42,0,93,50,96,100,100,5
train_01807,training_writers,long_sweep,0.33783949,0.47000000,1.39119319,33,91,79,100,100,79,79,56,41,37,0,20,37,7,93,0,2
train_01808,training_writers,compact_trace,0.53253208,0.32000000,0.60090277,14,79,37,100,56,79,30,52,0,27,0,2,50,0,100,4,2
train_01809,training_writers,long_sweep,0.35661718,0.47000000,1.31793985,0,90,3,41,31,0,76,16,100,61,70,100,25,87,14,38,0
train_01810,training_writers,long_sweep,0.34283001,0.47000000,1.37094183,0,90,3,56,51,31,43,0,15,22,9,63,38,93,100,100,5
train_01811,training_writers,long_sweep,0.35085959,0.47000000,1.33956719,0,79,38,100,100,94,93,66,55,41,9,19,18,0,89,2,2
train_01812,training_writers,long_sweep,0.34073682,0.47000000,1.37936369,0,68,34,100,74,88,56,40,17,10,10,23,55,12,100,0,2
train_01813,training_writers,compact_trace,0.52765776,0.32000000,0.60645370,17,65,71,80,100,100,81,74,74,47,69,20,31,0,0,2,1
train_01814,training_writers,long_sweep,0.36917693,0.47000000,1.27310229,55,77,3,100,39,57,100,16,0,0,26,38,97,77,23,78,8
train_01815,training_writers,long_sweep,0.36412681,0.47000000,1.29075913,46,90,14,79,9,19,61,0,100,47,76,100,18,85,0,28,0
train_01816,training_writers,compact_trace,0.51678430,0.32000000,0.61921386,0,48,36,61,69,78,100,100,95,94,70,64,48,34,33,0,1
train_01817,training_writers,long_sweep,0.34838637,0.47000000,1.34907687,90,100,55,76,28,46,12,14,51,0,100,19,49,20,0,2,6
train_01818,training_writers,compact_trace,0.54576767,0.32000000,0.58633008,100,100,64,79,27,59,0,38,71,45,98,41,60,21,44,0,4
train_01819,training_writers,compact_trace,0.54696646,0.32000000,0.58504501,86,71,70,100,0,87,13,60,86,71,100,60,87,27,88,0,9
train_01820,training_writers,compact_trace,0.53504823,0.32000000,0.59807693,0,95,46,100,14,63,30,49,100,63,94,67,80,29,72,0,4
train_01821,training_writers,long_sweep,0.35397608,0.47000000,1.32777335,100,100,62,89,23,61,0,29,20,0,91,7,84,33,11,31,6
train_01822,training_writers,long_sweep,0.36783234,0.47000000,1.27775605,6,96,23,52,100,63,53,100,19,77,94,48,87,2,0,0,9
train_01823,training_writers,compact_trace,0.53083683,0.32000000,0.60282177,14,78,45,100,62,71,34,39,0,14,15,8,58,8,100,0,2
train_01824,training_writers,long_sweep,0.33852011,0.47000000,1.38839609,0,85,43,100,92,96,100,59,84,21,58,0,38,29,87,34,7
train_01825,training_writers,long_sweep,0.36379460,0.47000000,1.29193781,67,66,56,100,10,74,59,38,70,0,0,15,29,54,100,82,8
train_01826,training_writers,long_sweep,0.36704889,0.47000000,1.28048336,75,75,36,100,6,68,62,35,100,0,0,6,31,41,93,74,8
train_01827,training_writers,compact_trace,0.54044104,0.32000000,0.59210900,100,83,97,100,46,94,46,67,83,42,99,11,51,0,0,3,5
train_01828,training_writers,compact_trace,0.52785354,0.32000000,0.60622877,15,79,43,100,51,68,29,31,0,2,30,7,65,0,100,1,2
train_01829,training_writers,long_sweep,0.36828045,0.47000000,1.27620132,42,81,6,56,95,70,71,100,19,62,100,75,75,29,0,0,9
train_01830,training_writers,compact_trace,0.53483337,0.32000000,0.59831720,84,100,42,72,2,45,0,39,59,35,100,49,84,36,75,0,4
train_01831,training_writers,long_sweep,0.35866840,0.47000000,1.31040260,49,100,54,67,95,32,47,0,4,11,0,58,31,94,100,94,5
train_01832,training_writers,compact_trace,0.52359590,0.32000000,0.61115833,0,66,20,100,51,93,50,51,33,13,25,0,62,8,100,7,2
train_01833,training_writers,compact_trace,0.52326197,0.32000000,0.61154836,17,100,5,71,0,40,60,39,100,58,85,61,77,29,69,0,4
train_01834,training_writers,long_sweep,0.33826054,0.47000000,1.38946151,0,91,61,100,78,69,58,34,56,0,38,28,34,48,100,45,7
train_01835,training_writers,long_sweep,0.36884586,0.50000000,1.35557981,5,55,79,87,5,100,38,53,67,6,0,0,27,47,100,84,8
train_01836,training_writers,long_sweep,0.35274039,0.47000000,1.33242469,27,100,6,95,0,42,30,0,79,4,100,51,74,96,24,98,0
train_01837,training_writers,long_sweep,0.34430322,0.47000000,1.36507582,65,64,9,63,20,92,73,100,100,75,80,46,42,22,0,0,9
train_01838,training_writers,long_sweep,0.36746587,0.47000000,1.27903034,88,59,100,100,16,85,42,45,82,8,0,0,32,40,89,77,8
train_01839,training_writers,compact_trace,0.53331555,0.32000000,0.60002001,33,78,67,100,68,67,36,40,0,17,27,1,72,0,100,2,2
train_01840,training_writers,long_sweep,0.36663536,0.47000000,1.28192763,59,82,11,67,100,65,54,100,40,48,0,22,60,0,43,52,8
train_01841,training_writers,compact_trace,0.51672331,0.32000000,0.61928695,100,100,66,80,41,56,23,29,18,0,54,0,38,18,0,12,6
train_01842,training_writers,long_sweep,0.33858349,0.47000000,1.38813619,0,90,57,100,63,71,46,36,40,0,10,12,39,32,100,39,7
train_01843,training_writers,compact_trace,0.51695435,0.32000000,0.61901016,0,85,30,100,48,73,33,40,9,13,24,0,65,4,100,10,2
train_01844,training_writers,compact_trace,0.53849939,0.32000000,0.59424394,24,81,57,100,85,76,59,47,82,41,100,15,53,0,0,5,3
train_01845,training_writers,long_sweep,0.35537563,0.47000000,1.32254426,76,91,85,67,100,100,32,83,94,70,94,53,73,4,0,0,9
train_01846,training_writers,compact_trace,0.54373711,0.32000000,0.58851970,93,87,50,73,27,81,75,100,100,80,67,52,27,27,0,0,9
train_01847,training_writers,long_sweep,0.34795884,0.47000000,1.35073448,44,94,6,74,0,28,35,0,78,13,100,53,76,91,32,100,0
train_01848,training_writers,long_sweep,0.34164049,0.47000000,1.37571517,0,96,46,100,64,67,45,31,12,0,10,30,50,55,100,68,7
train_01849,training_writers,compact_trace,0.53073913,0.32000000,0.60293274,0,74,27,100,54,77,37,42,5,14,2,17,51,9,100,0,2
train_01850,training_writers,compact_trace,0.53351237,0.32000000,0.59979865,0,89,36,100,56,72,38,40,8,13,1,0,51,1,100,0,2
train_01851,training_writers,compact_trace,0.53913235,0.32000000,0.59354628,44,81,72,100,100,82,64,58,99,42,93,13,47,1,0,0,3
train_01852,training_writers,long_sweep,0.35605334,0.47000000,1.32002693,0,34,43,67,74,100,68,54,59,9,5,1,32,0,100,3,1
train_01853,training_writers,long_sweep,0.34219900,0.47000000,1.37346982,25,79,59,100,100,88,63,63,35,41,80,21,54,0,0,6,3
train_01854,training_writers,long_sweep,0.34792252,0.47000000,1.35087548,16,68,0,40,26,0,73,10,100,50,82,93,32,100,1,73,0
train_01855,training_writers,compact_trace,0.53531102,0.32000000,0.59778333,7,85,29,100,28,70,26,55,83,58,100,31,55,11,0,0,3
train_01856,training_writers,compact_trace,0.51708704,0.32000000,0.61885133,45,77,74,100,100,87,74,58,81,40,74,6,37,0,0,11,3
train_01857,training_writers,compact_trace,0.49764611,0.32000000,0.64302723,0,64,57,78,86,100,91,93,88,70,87,46,86,23,100,0,1
train_01858,training_writers,compact_trace,0.54428762,0.32000000,0.58792445,14,86,50,100,73,80,39,53,0,28,0,4,58,1,100,0,2
train_01859,training_writers,long_sweep,0.36193707,0.47000000,1.29856830,100,84,55,99,4,72,49,33,43,0,0,28,41,69,97,100,8
train_01860,training_writers,compact_trace,0.54115735,0.32000000,0.59132524,0,69,42,87,100,100,75,79,50,59,25,39,17,19,67,0,1
train_01861,training_writers,long_sweep,0.33921678,0.47000000,1.38554469,10,87,58,100,92,84,64,58,62,36,100,17,55,0,0,1,3
train_01862,training_writers,long_sweep,0.36302693,0.47000000,1.29466979,39,58,100,79,88,100,6,80,0,54,89,68,63,39,31,0,9
train_01863,training_writers,compact_trace,0.54740032,0.32000000,0.58458131,77,94,35,100,53,74,74,90,99,52,100,10,51,0,0,6,9
train_01864,training_writers,long_sweep,0.34900807,0.47000000,1.34667374,100,94,29,100,0,72,70,79,88,98,64,65,50,33,43,0,9
train_01865,training_writers,compact_trace,0.51181011,0.32000000,0.62523188,20,100,17,74,0,45,25,26,81,25,95,50,95,30,100,0,4
train_01866,training_writers,compact_trace,0.52811940,0.32000000,0.60592358,42,87,80,100,70,72,58,62,100,46,87,15,42,0,0,3,3
train_01867,training_writers,long_sweep,0.35524061,0.47000000,1.32304695,21,94,44,73,100,100,13,100,16,80,61,66,23,33,0,0,9
train_01868,training_writers,long_sweep,0.35043762,0.47000000,1.34118019,0,56,44,88,67,100,68,54,70,7,11,1,37,0,100,3,1
train_01869,training_writers,compact_trace,0.54179720,0.32000000,0.59062689,9,83,30,100,84,95,64,67,85,50,100,23,57,3,0,0,3
train_01870,training_writers,long_sweep,0.36526552,0.47000000,1.28673519,0,26,57,56,98,94,31,100,45,63,100,31,78,0,9,16,8
train_01871,training_writers,compact_trace,0.53681428,0.32000000,0.59610932,0,60,9,71,45,100,35,64,38,28,7,0,21,1,100,4,1
train_01872,training_writers,long_sweep,0.36744298,0.47000000,1.27911004,32,100,17,75,87,41,64,0,12,20,79,55,100,96,0,96,8
train_01873,training_writers,long_sweep,0.36006240,0.47000000,1.30532930,32,96,0,67,61,58,74,14,24,0,20,50,38,91,100,100,5
train_01874,training_writers,long_sweep,0.36472538,0.47000000,1.28864078,39,94,0,63,66,44,70,1,10,0,15,52,29,99,100,100,5
train_01875,training_writers,long_sweep,0.35857773,0.47000000,1.31073395,0,100,72,99,100,86,62,45,38,0,5,13,23,41,97,44,7
train_01876,training_writers,compact_trace,0.53609131,0.32000000,0.59691324,3,85,38,100,59,78,45,48,22,21,0,0,52,0,100,1,2
train_01877,training_writers,long_sweep,0.34021955,0.47000000,1.38146088,100,100,46,91,14,64,0,32,8,0,62,0,55,27,6,27,6
train_01878,training_writers,compact_trace,0.53867069,0.32000000,0.59405497,32,88,21,100,66,94,45,65,69,54,100,29,64,3,0,0,3
train_01879,training_writers,long_sweep,0.36974129,0.47000000,1.27115909,37,100,0,60,94,94,3,89,29,54,0,0,100,28,8,38,8
train_01880,training_writers,long_sweep,0.36543387,0.47000000,1.28614240,0,71,52,100,100,75,53,37,13,0,82,7,34,44,16,83,8
train_01881,training_writers,long_sweep,0.34831139,0.47000000,1.34936729,17,96,0,63,6,20,50,0,95,22,100,64,71,100,25,86,0
train_01882,training_writers,compact_trace,0.53756740,0.32000000,0.59527419,0,4,74,29,100,62,88,95,74,100,74,67,74,33,76,0,1
train_01883,training_writers,long_sweep,0.36795511,0.47000000,1.27732973,60,100,14,67,100,55,80,98,39,56,0,13,80,0,50,45,8
train_01884,training_writers,compact_trace,0.52674135,0.32000000,0.60750879,20,100,0,75,4,42,72,43,100,63,87,69,85,34,89,0,4
train_01885,training_writers,long_sweep,0.34675961,0.47000000,1.35540584,17,37,24,0,73,14,100,50,89,90,43,100,11,66,0,25,0
train_01886,training_writers,compact_trace,0.50873824,0.32000000,0.62900717,40,100,16,81,0,59,22,40,81,47,100,44,79,22,67,0,4
train_01887,training_writers,long_sweep,0.35632459,0.50000000,1.40321498,19,73,12,61,77,36,57,0,9,19,0,59,12,94,100,100,5
train_01888,training_writers,long_sweep,0.36747666,0.47000000,1.27899278,57,87,0,100,17,63,100,28,94,0,20,34,89,71,37,87,8
train_01889,training_writers,compact_trace,0.50113514,0.32000000,0.63855031,68,90,100,100,100,80,79,59,71,35,73,11,39,0,0,3,3
train_01890,training_writers,long_sweep,0.35688245,0.47000000,1.31696025,59,94,20,66,58,46,50,2,0,0,21,49,49,96,100,100,5
train_01891,training_writers,long_sweep,0.35132380,0.47000000,1.33779722,58,96,17,64,0,26,29,0,75,27,100,65,83,100,33,79,0
train_01892,training_writers,long_sweep,0.36218896,0.47000000,1.29766516,37,90,4,97,35,57,100,22,49,0,0,33,54,72,35,100,8
train_01893,training_writers,long_sweep,0.34447108,0.47000000,1.36441062,63,48,100,73,77,100,13,92,0,65,64,57,86,31,77,0,9
train_01894,training_writers,compact_trace,0.51547761,0.32000000,0.62078351,6,100,18,89,14,54,0,21,54,21,99,38,92,34,100,0,4
train_01895,training_writers,long_sweep,0.34561192,0.47000000,1.35990678,51,100,16,73,0,27,28,0,70,15,100,51,83,89,40,95,0
train_01896,training_writers,compact_trace,0.54474116,0.32000000,0.58743495,9,68,29,100,65,91,45,58,13,31,0,6,51,6,100,0,2
train_01897,training_writers,compact_trace,0.52178457,0.32000000,0.61327992,29,78,52,100,72,80,65,61,100,43,81,14,33,0,0,20,3
train_01898,training_writers,long_sweep,0.35911209,0.47000000,1.30878355,50,100,28,70,79,38,65,0,0,5,20,45,37,85,100,96,5
train_01899,training_writers,long_sweep,0.34735015,0.47000000,1.35310148,2,97,13,59,44,34,15,0,6,43,0,86,49,98,100,100,5
train_01900,training_writers,compact_trace,0.50911761,0.32000000,0.62853846,0,51,33,75,68,100,51,85,53,59,58,33,65,7,100,0,1
train_01901,training_writers,long_sweep,0.35959849,0.47000000,1.30701327,97,82,62,100,13,69,63,59,100,88,96,41,64,1,0,0,9
train_01902,training_writers,long_sweep,0.36513517,0.47000000,1.28719454,27,100,0,74,60,43,100,3,34,0,29,44,74,81,10,58,8
train_01903,training_writers,long_sweep,0.34562706,0.47000000,1.35984722,100,87,40,100,0,78,60,65,100,90,94,65,83,32,79,0,9
train_01904,training_writers,long_sweep,0.35409155,0.47000000,1.32734036,97,100,57,82,24,51,0,20,32,0,100,12,91,42,25,56,6
train_01905,training_writers,compact_trace,0.53606773,0.32000000,0.59693950,88,100,82,82,45,49,0,22,38,34,94,36,100,42,98,0,4
train_01906,training_writers,long_sweep,0.35437500,0.47000000,1.32627864,100,100,45,85,9,58,0,23,44,0,99,11,84,40,26,47,6
train_01907,training_writers,long_sweep,0.35031914,0.47000000,1.34163379,24,77,73,100,100,77,62,37,21,0,0,9,25,39,84,31,7
train_01908,training_writers,long_sweep,0.36665064,0.47000000,1.28187421,28,87,1,56,76,75,67,28,1,0,0,46,18,94,100,100,5
train_01909,training_writers,long_sweep,0.34934898,0.47000000,1.34535958,35,97,35,61,44,19,0,0,23,38,61,68,100,99,51,100,8
train_01910,training_writers,long_sweep,0.34907029,0.47000000,1.34643371,49,91,98,100,96,66,59,32,17,0,0,16,38,40,100,48,7
train_01911,training_writers,long_sweep,0.34338974,0.47000000,1.36870718,10,78,49,100,100,98,69,68,85,43,100,14,51,2,0,0,3
train_01912,training_writers,compact_trace,0.53423023,0.32000000,0.59899268,62,76,0,82,29,100,90,98,100,74,90,49,75,25,70,0,9
train_01913,training_writers,long_sweep,0.34686267,0.47000000,1.35500310,88,68,31,56,0,81,47,100,100,86,97,55,75,26,44,0,9
train_01914,training_writers,compact_trace,0.51262731,0.32000000,0.62423517,0,54,40,67,78,88,100,100,82,74,69,49,58,24,40,0,1
train_01915,training_writers,long_sweep,0.35004640,0.47000000,1.34267915,73,100,31,79,4,48,0,15,49,0,100,14,66,33,10,28,6
train_01916,training_writers,long_sweep,0.34657995,0.47000000,1.35610844,7,90,57,100,86,81,46,62,92,45,100,18,58,0,0,0,3
train_01917,training_writers,compact_trace,0.53812990,0.32000000,0.59465196,39,76,68,100,49,61,40,21,19,0,0,4,50,6,100,5,1
train_01918,training_writers,compact_trace,0.48070046,0.32000000,0.66569522,100,100,38,87,25,72,19,58,12,43,6,28,0,14,6,0,1
train_01919,training_writers,compact_trace,0.51977201,0.32000000,0.61565455,0,91,32,100,65,97,92,76,100,38,95,0,68,25,91,35,7
train_01920,training_writers,long_sweep,0.34033766,0.47000000,1.38098146,33,65,68,100,73,89,56,40,37,0,0,8,50,5,100,6,1
train_01921,training_writers,compact_trace,0.50333402,0.32000000,0.63576072,0,53,45,68,80,90,100,100,98,75,98,50,95,25,93,0,1
train_01922,training_writers,long_sweep,0.34642432,0.47000000,1.35671767,33,65,81,88,100,100,88,70,74,41,52,13,0,0,81,1,1
train_01923,training_writers,compact_trace,0.53558133,0.32000000,0.59748162,43,100,10,80,0,51,43,29,95,40,100,53,61,28,39,0,4
train_01924,training_writers,long_sweep,0.34983798,0.47000000,1.34347905,13,100,20,71,59,39,44,0,0,16,7,61,42,93,100,97,5
train_01925,training_writers,compact_trace,0.52409193,0.32000000,0.61057990,18,87,0,92,50,96,100,100,71,78,47,54,33,27,35,0,7
train_01926,training_writers,compact_trace,0.53490593,0.32000000,0.59823604,8,85,46,100,58,73,36,42,5,15,0,0,50,0,100,2,2
train_01927,training_writers,compact_trace,0.53323005,0.32000000,0.60011621,0,98,43,100,68,70,66,35,56,0,39,32,49,51,100,55,7
train_01928,training_writers,compact_trace,0.54324315,0.32000000,0.58905483,1,90,47,100,74,83,53,57,67,32,100,12,51,1,0,0,3
train_01929,training_writers,compact_trace,0.53900421,0.32000000,0.59368738,23,78,26,100,62,85,34,55,0,27,1,0,51,0,100,7,2
train_01930,training_writers,long_sweep,0.35552163,0.47000000,1.32200115,75,93,46,87,10,49,0,8,58,0,100,31,66,66,22,100,0
train_01931,training_writers,long_sweep,0.34687219,0.47000000,1.35496593,100,62,47,55,0,73,21,100,73,91,79,57,55,25,16,0,9
train_01932,training_writers,long_sweep,0.34922168,0.47000000,1.34585001,0,85,34,100,85,78,75,38,56,0,14,16,29,37,100,37,7
train_01933,training_writers,compact_trace,0.52780682,0.32000000,0.60628242,0,95,44,100,76,78,72,39,63,0,52,12,54,40,100,46,7
train_01934,training_writers,long_sweep,0.35674187,0.47000000,1.31747922,46,84,65,46,65,9,0,0,30,29,84,57,100,94,44,100,8
train_01935,training_writers,long_sweep,0.36016924,0.47000000,1.30494207,96,66,64,100,0,88,31,54,86,72,100,42,87,0,19,3,9
train_01936,training_writers,compact_trace,0.54499469,0.32000000,0.58716168,0,88,37,100,82,90,70,46,68,0,100,3,93,30,46,38,7
train_01937,training_writers,long_sweep,0.33955318,0.47000000,1.38417200,52,100,26,68,0,36,52,36,100,40,84,69,62,35,48,0,4
train_01938,training_writers,compact_trace,0.53976916,0.32000000,0.59284602,59,73,48,100,99,95,81,63,93,44,100,13,50,0,0,11,3
train_01939,training_writers,long_sweep,0.34873946,0.47000000,1.34771099,34,100,5,59,0,46,100,47,94,81,64,86,62,43,50,0,4
train_01940,training_writers,compact_trace,0.53982489,0.32000000,0.59278481,48,62,60,100,61,56,37,19,0,0,20,13,60,8,100,1,2
train_01941,training_writers,compact_trace,0.54188701,0.32000000,0.59052901,0,100,50,99,47,69,32,35,20,0,10,29,44,44,100,47,7
train_01942,training_writers,long_sweep,0.34645134,0.47000000,1.35661188,69,98,89,64,97,100,62,79,99,77,100,29,60,2,0,0,9
train_01943,training_writers,long_sweep,0.33892092,0.47000000,1.38675419,25,67,41,100,80,91,61,53,24,26,0,15,49,6,100,0,2
train_01944,training_writers,long_sweep,0.35182202,0.47000000,1.33590275,65,64,86,80,75,100,0,79,18,54,100,68,78,41,49,0,9
train_01945,training_writers,long_sweep,0.36676351,0.47000000,1.28147971,35,86,56,65,100,27,23,0,6,28,65,64,98,100,0,85,8
train_01946,training_writers,compact_trace,0.54676954,0.32000000,0.58525572,11,59,51,85,53,100,46,58,38,16,0,5,51,0,100,1,1
train_01947,training_writers,long_sweep,0.34413607,0.47000000,1.36573883,35,87,86,100,100,76,52,57,89,53,97,21,53,0,0,8,3
train_01948,training_writers,long_sweep,0.35267435,0.47000000,1.33267419,49,100,10,79,0,32,33,0,82,8,100,51,74,90,27,97,0
train_01949,training_writers,compact_trace,0.54670701,0.32000000,0.58532266,13,83,52,100,75,78,44,48,4,22,0,0,54,1,100,6,2
train_01950,training_writers,long_sweep,0.35126426,0.47000000,1.33802399,0,91,49,96,100,100,67,62,54,18,38,0,21,38,83,40,7
train_01951,training_writers,compact_trace,0.51313862,0.32000000,0.62361316,0,62,27,64,61,84,100,100,90,77,70,51,50,25,35,0,1
train_01952,training_writers,compact_trace,0.52515760,0.32000000,0.60934090,16,100,0,65,43,57,100,70,99,87,97,76,84,38,73,0,4
train_01953,training_writers,compact_trace,0.50448485,0.32000000,0.63431043,0,89,20,97,64,100,100,90,95,66,78,44,57,22,40,0,7
train_01954,training_writers,long_sweep,0.36326707,0.47000000,1.29381395,98,98,34,96,8,59,63,27,34,0,0,32,42,70,100,100,8
train_01955,training_writers,long_sweep,0.36472066,0.47000000,1.28865745,38,99,6,52,14,0,75,3,100,51,73,100,14,83,0,33,0
train_01956,training_writers,long_sweep,0.36654404,0.47000000,1.28224700,100,100,21,86,45,47,86,11,3,0,0,33,65,65,99,96,8
train_01957,training_writers,long_sweep,0.34547618,0.47000000,1.36044113,0,100,51,99,100,78,80,42,60,7,79,0,98,27,30,38,7
train_01958,training_writers,long_sweep,0.35345625,0.47000000,1.32972611,71,64,55,100,0,98,19,69,74,80,100,49,67,10,13,0,9
train_01959,training_writers,long_sweep,0.35161984,0.47000000,1.33667089,48,97,7,76,22,35,0,0,5,31,49,65,100,95,52,100,8
train_01960,training_writers,long_sweep,0.36052430,0.47000000,1.30365692,54,96,83,63,100,100,29,80,87,63,96,54,78,4,0,0,9
train_01961,training_writers,long_sweep,0.34403599,0.47000000,1.36613612,54,100,29,87,6,55,0,23,48,0,100,21,40,35,12,17,6
train_01962,training_writers,long_sweep,0.34940648,0.47000000,1.34513818,24,88,0,46,54,45,20,0,24,55,38,95,51,94,100,100,5
train_01963,training_writers,long_sweep,0.33834197,0.47000000,1.38912712,55,61,81,100,68,79,56,33,30,0,0,1,51,2,100,6,1
train_01964,training_writers,compact_trace,0.53553537,0.32000000,0.59753290,25,100,5,70,0,40,72,44,100,57,70,64,72,32,60,0,4
train_01965,training_writers,rising_tail,0.25098653,0.40000000,1.59371100,46,83,41,52,38,15,0,0,18,32,36,65,59,87,100,100,5
train_01966,training_writers,long_sweep,0.36696572,0.47000000,1.28077359,61,95,39,68,100,100,45,76,0,45,10,0,90,36,21,50,8
train_01967,training_writers,long_sweep,0.34664413,0.47000000,1.35585736,13,88,10,56,54,29,30,0,10,35,0,79,46,99,100,100,5
train_01968,training_writers,compact_trace,0.52792438,0.32000000,0.60614742,0,98,52,100,100,85,90,57,73,29,73,0,100,18,79,35,7
train_01969,training_writers,compact_trace,0.54463057,0.32000000,0.58755424,33,61,63,93,60,100,55,57,42,15,0,0,50,5,100,7,1
train_01970,training_writers,long_sweep,0.34802873,0.47000000,1.35046324,48,99,8,92,50,73,63,100,100,67,99,23,53,0,0,3,9
train_01971,training_writers,long_sweep,0.34487340,0.47000000,1.36281894,30,88,7,77,0,33,30,0,82,6,100,45,74,82,26,100,0
train_01972,training_writers,long_sweep,0.35001956,0.47000000,1.34278209,38,100,6,62,44,35,7,0,0,23,9,72,45,98,100,96,5
train_01973,training_writers,long_sweep,0.35631568,0.47000000,1.31905506,0,67,59,100,79,98,71,54,71,12,9,1,2,0,100,3,1
train_01974,training_writers,long_sweep,0.34729702,0.47000000,1.35330848,37,92,6,59,0,13,39,0,78,25,100,65,75,100,30,100,0
train_01975,training_writers,compact_trace,0.52245881,0.32000000,0.61248847,22,100,52,98,58,62,32,33,0,13,27,9,63,5,100,0,2
train_01976,training_writers,long_sweep,0.36482739,0.47000000,1.28828048,25,46,100,31,80,0,0,9,38,45,89,78,54,100,20,68,8
train_01977,training_writers,long_sweep,0.36687924,0.47000000,1.28107549,32,90,0,64,66,29,79,0,12,26,60,67,100,100,16,79,8
train_01978,training_writers,long_sweep,0.34900406,0.47000000,1.34668921,75,100,35,82,2,53,0,21,44,0,100,8,68,31,16,21,6
train_01979,training_writers,compact_trace,0.54376712,0.32000000,0.58848722,100,99,55,100,22,79,27,51,74,47,87,19,47,0,0,1,5
train_01980,training_writers,compact_trace,0.54124498,0.32000000,0.59122950,0,91,28,100,73,91,55,46,40,0,28,8,44,38,100,45,7
train_01981,training_writers,long_sweep,0.35686932,0.47000000,1.31700870,45,98,13,71,13,21,59,0,100,34,81,79,28,100,0,67,0
train_01982,training_writers,long_sweep,0.35703309,0.47000000,1.31640460,56,100,9,63,0,45,76,50,100,73,59,97,35,48,10,0,4
train_01983,training_writers,long_sweep,0.33955914,0.47000000,1.38414769,0,93,60,100,65,66,51,33,35,0,11,23,31,37,100,38,7
train_01984,training_writers,compact_trace,0.54049401,0.32000000,0.59205097,0,91,41,100,67,76,53,61,99,48,100,15,54,0,6,7,3
train_01985,training_writers,compact_trace,0.50786226,0.32000000,0.63009211,0,85,27,100,54,85,44,55,22,29,33,7,66,2,100,0,2
train_01986,training_writers,long_sweep,0.33807382,0.47000000,1.39022891,0,97,54,100,84,70,76,35,59,0,35,15,33,39,100,41,7
train_01987,training_writers,long_sweep,0.34535971,0.47000000,1.36089992,32,92,75,100,79,63,56,28,29,0,0,33,42,46,100,48,7
train_01988,training_writers,long_sweep,0.34393606,0.47000000,1.36653306,21,73,12,31,40,0,81,18,100,55,82,94,37,100,0,75,0
train_01989,training_writers,long_sweep,0.36575569,0.47000000,1.28501076,9,98,29,65,81,99,10,100,58,75,100,62,87,17,0,0,9
train_01990,training_writers,compact_trace,0.53349786,0.32000000,0.59981497,74,90,50,100,56,72,100,82,93,54,90,12,47,0,0,7,9
train_01991,training_writers,long_sweep,0.35704824,0.47000000,1.31634873,0,89,4,47,21,0,73,2,100,45,78,89,25,100,14,54,0
train_01992,training_writers,long_sweep,0.35996832,0.47000000,1.30567046,82,87,36,100,0,60,10,8,62,0,100,37,93,90,47,92,0
train_01993,training_writers,long_sweep,0.35960970,0.47000000,1.30697254,26,88,33,56,93,36,64,0,11,10,0,55,31,88,100,100,5
train_01994,training_writers,long_sweep,0.35681449,0.47000000,1.31721107,69,98,82,55,100,100,44,82,92,72,91,46,64,0,0,0,9
train_01995,training_writers,compact_trace,0.52169791,0.32000000,0.61338179,0,66,12,98,45,100,70,79,45,49,35,15,66,0,100,1,2
train_01996,training_writers,long_sweep,0.35938936,0.47000000,1.30777384,3,90,69,100,58,98,0,77,36,58,100,44,73,9,7,0,5
train_01997,training_writers,long_sweep,0.35951809,0.47000000,1.30730556,81,100,33,88,0,50,11,9,77,6,100,42,37,33,10,0,6
train_01998,training_writers,long_sweep,0.35513118,0.47000000,1.32345463,35,97,8,76,0,27,42,0,91,17,100,65,60,97,8,100,0
train_01999,training_writers,long_sweep,0.34439626,0.47000000,1.36470703,52,69,61,100,100,93,77,60,42,31,0,3,26,0,97,1,2
train_02000,training_writers,compact_trace,0.52592965,0.32000000,0.60844639,74,98,43,100,69,89,90,82,100,38,84,3,41,0,0,8,9
train_02001,training_writers,long_sweep,0.35661032,0.47000000,1.31796524,0,89,78,100,100,82,66,45,58,5,33,0,12,26,98,36,7
train_02002,training_writers,compact_trace,0.48472927,0.32000000,0.66016233,0,100,15,87,8,66,20,46,66,50,77,40,87,20,100,0,4
train_02003,training_writers,long_sweep,0.35860764,0.47000000,1.31062463,74,95,21,75,0,36,20,0,75,25,100,64,78,100,19,82,0
train_02004,training_writers,long_sweep,0.36533526,0.47000000,1.28648956,48,94,0,76,53,39,47,0,3,14,70,46,100,88,28,100,8
train_02005,training_writers,long_sweep,0.36270178,0.47000000,1.29583041,41,84,93,52,100,12,33,0,47,39,93,74,72,100,0,81,8
train_02006,training_writers,long_sweep,0.36342472,0.47000000,1.29325269,0,20,57,51,94,89,38,100,44,61,100,30,76,0,12,14,8
train_02007,training_writers,compact_trace,0.53342359,0.32000000,0.59989848,38,79,69,100,88,80,61,56,87,38,100,13,53,0,0,2,3
train_02008,training_writers,compact_trace,0.51464604,0.32000000,0.62178658,16,89,16,100,0,70,15,42,81,51,100,61,84,30,75,0,4
train_02009,training_writers,compact_trace,0.53713263,0.32000000,0.59575602,49,97,56,77,68,100,40,82,78,55,100,23,52,5,0,0,9
train_02010,training_writers,long_sweep,0.35697462,0.47000000,1.31662023,27,90,0,65,55,44,62,5,19,0,24,50,29,95,100,100,5
train_02011,training_writers,long_sweep,0.34522648,0.47000000,1.36142510,78,79,40,100,6,71,16,33,16,0,0,32,46,58,100,80,8
train_02012,training_writers,compact_trace,0.54168597,0.32000000,0.59074817,100,100,56,83,28,56,10,28,21,0,69,6,52,28,0,23,6
train_02013,training_writers,long_sweep,0.36176869,0.47000000,1.29917269,38,90,10,54,74,39,48,0,0,8,7,55,29,94,100,100,5
train_02014,training_writers,compact_trace,0.52605304,0.32000000,0.60830368,100,79,64,100,30,86,63,73,77,63,72,27,42,0,0,5,9
train_02015,training_writers,compact_trace,0.54482236,0.32000000,0.58734740,0,94,44,100,80,86,57,43,33,0,28,2,41,38,100,44,7
train_02016,training_writers,compact_trace,0.53566939,0.32000000,0.59738340,32,86,72,100,74,71,44,44,3,22,0,18,54,18,100,0,2
train_02017,training_writers,long_sweep,0.36171192,0.47000000,1.29937659,35,100,0,88,58,44,55,0,30,39,100,73,94,97,28,84,8
train_02018,training_writers,long_sweep,0.35957737,0.47000000,1.30709003,95,96,56,84,0,47,57,39,100,55,93,100,86,48,81,0,4
train_02019,training_writers,compact_trace,0.52713326,0.32000000,0.60705713,100,100,61,90,71,68,95,88,94,54,79,22,41,0,0,13,9
train_02020,training_writers,long_sweep,0.35492214,0.47000000,1.32423409,85,100,32,76,0,44,74,48,100,66,76,92,72,44,67,0,4
train_02021,training_writers,compact_trace,0.52265164,0.32000000,0.61226250,59,86,60,100,96,91,71,63,87,47,100,21,57,2,0,0,3
train_02022,training_writers,long_sweep,0.35466632,0.47000000,1.32518928,75,91,30,100,24,60,53,21,11,0,0,37,44,70,100,93,8
train_02023,training_writers,compact_trace,0.49311065,0.32000000,0.64894157,29,100,11,85,0,65,3,45,46,39,83,39,84,19,100,0,4
train_02024,training_writers,compact_trace,0.54386409,0.32000000,0.58838230,100,99,59,100,27,72,6,40,0,6,43,0,55,29,6,15,6
train_02025,training_writers,compact_trace,0.54751673,0.32000000,0.58445703,100,100,54,92,19,67,0,35,22,6,71,0,89,25,48,46,6
train_02026,training_writers,compact_trace,0.53970192,0.32000000,0.59291989,54,77,47,98,100,100,93,74,77,43,96,11,46,0,0,16,3
train_02027,training_writers,long_sweep,0.34201816,0.47000000,1.37419602,42,100,12,68,0,27,32,0,76,9,100,44,88,85,47,85,0
train_02028,training_writers,long_sweep,0.36762401,0.47000000,1.27848014,66,93,50,56,80,100,0,55,17,35,59,0,100,52,0,29,8
train_02029,training_writers,long_sweep,0.35575737,0.47000000,1.32112514,23,100,0,58,8,12,58,0,99,29,100,75,56,100,14,78,0
train_02030,training_writers,compact_trace,0.52440541,0.32000000,0.61021491,100,100,61,91,30,70,7,41,11,7,48,0,39,20,0,22,6
train_02031,training_writers,long_sweep,0.34742927,0.47000000,1.35279333,100,99,52,79,0,70,26,100,80,100,81,65,57,32,35,0,9
train_02032,training_writers,long_sweep,0.36751657,0.47000000,1.27885390,59,100,9,86,61,44,74,0,0,1,53,39,100,82,35,88,8
train_02033,training_writers,long_sweep,0.34187090,0.47000000,1.37478796,26,80,50,100,100,95,58,72,50,47,90,20,53,0,0,5,3
train_02034,training_writers,long_sweep,0.34595067,0.47000000,1.35857518,70,99,42,69,35,30,0,0,19,29,60,58,100,88,54,100,8
train_02035,training_writers,long_sweep,0.35874164,0.47000000,1.31013507,18,86,0,62,22,9,71,0,100,49,78,100,29,94,17,41,0
train_02036,training_writers,compact_trace,0.54570148,0.32000000,0.58640120,100,99,57,100,18,79,16,45,61,52,78,22,39,0,0,7,5
train_02037,training_writers,compact_trace,0.53693431,0.32000000,0.59597607,0,90,31,100,74,82,68,39,46,0,36,6,49,41,100,54,7
train_02038,training_writers,long_sweep,0.35611971,0.47000000,1.31978092,0,100,85,97,100,69,65,38,28,7,13,0,13,34,92,41,7
train_02039,training_writers,compact_trace,0.52530146,0.32000000,0.60917402,100,100,58,100,21,85,21,62,58,56,64,23,36,0,0,7,5
train_02040,training_writers,compact_trace,0.54734969,0.32000000,0.58463540,54,69,78,100,70,55,39,18,0,0,16,23,58,18,100,10,2
train_02041,training_writers,compact_trace,0.51984885,0.32000000,0.61556354,0,62,50,81,100,100,96,87,71,64,46,43,25,21,32,0,1
train_02042,training_writers,compact_trace,0.53580100,0.32000000,0.59723666,0,79,31,100,64,88,49,58,24,30,10,1,56,0,100,10,2
train_02043,training_writers,compact_trace,0.53301753,0.32000000,0.60035549,0,99,42,100,23,75,2,50,23,27,93,43,81,25,100,0,4
train_02044,training_writers,long_sweep,0.35562458,0.47000000,1.32161845,45,80,37,48,55,100,40,67,58,14,0,1,35,0,100,2,1
train_02045,training_writers,long_sweep,0.34420789,0.47000000,1.36545389,65,95,28,72,52,33,24,0,0,16,15,59,48,89,100,100,5
train_02046,training_writers,long_sweep,0.34721568,0.47000000,1.35362549,100,89,41,100,23,69,54,35,38,0,0,11,25,47,60,81,8
train_02047,training_writers,long_sweep,0.34164638,0.47000000,1.37569142,36,68,72,100,81,90,63,46,47,7,0,2,49,0,100,2,1
train_02048,training_writers,compact_trace,0.49204703,0.32000000,0.65034434,25,100,8,84,0,63,0,44,33,30,83,34,87,18,100,0,4
train_02049,training_writers,long_sweep,0.35008496,0.47000000,1.34253125,68,74,10,76,48,100,86,81,97,46,100,12,55,0,0,18,9
train_02050,training_writers,long_sweep,0.33938431,0.47000000,1.38486073,32,92,12,66,42,29,18,0,0,24,17,78,56,100,100,97,5
train_02051,training_writers,long_sweep,0.34509238,0.47000000,1.36195417,75,100,40,90,11,59,0,27,32,0,98,5,100,28,38,16,6
train_02052,training_writers,compact_trace,0.51431434,0.32000000,0.62218759,49,100,17,82,0,61,0,40,49,38,100,42,88,21,84,0,4
train_02053,training_writers,long_sweep,0.33963173,0.47000000,1.38385186,0,88,37,100,78,81,76,41,78,0,31,17,47,37,100,43,7
train_02054,training_writers,long_sweep,0.35726486,0.47000000,1.31555061,15,77,75,100,100,100,91,58,91,16,49,0,0,6,78,4,1
train_02055,training_writers,long_sweep,0.36277474,0.47000000,1.29556980,46,71,84,96,7,100,28,76,100,86,90,49,69,13,0,0,9
train_02056,training_writers,compact_trace,0.53145244,0.32000000,0.60212350,16,73,38,100,60,76,40,43,7,16,0,9,50,0,100,1,2
train_02057,training_writers,compact_trace,0.54176703,0.32000000,0.59065979,100,100,68,95,26,98,27,55,70,53,73,15,35,0,0,16,5
train_02058,training_writers,long_sweep,0.35524883,0.47000000,1.32301633,100,86,79,89,15,100,8,60,71,53,99,19,43,0,0,13,5
train_02059,training_writers,long_sweep,0.35484985,0.47000000,1.32450387,59,100,12,74,0,34,29,0,81,21,100,59,91,98,35,83,0
train_02060,training_writers,long_sweep,0.35223027,0.47000000,1.33435436,57,100,25,75,0,52,85,53,100,73,65,85,31,43,2,0,4
train_02061,training_writers,compact_trace,0.54142056,0.32000000,0.59103777,100,93,78,95,29,100,0,82,33,70,73,45,61,0,18,1,5
train_02062,training_writers,compact_trace,0.53481565,0.32000000,0.59833701,24,83,58,100,86,83,66,57,100,35,87,6,42,0,0,13,3
train_02063,training_writers,compact_trace,0.49510927,0.32000000,0.64632197,61,91,88,100,100,81,78,61,63,38,60,14,34,0,0,1,3
train_02064,training_writers,compact_trace,0.53588913,0.32000000,0.59713844,32,80,71,100,100,85,62,61,78,50,83,14,40,0,0,20,3
train_02065,training_writers,long_sweep,0.36275959,0.47000000,1.29562392,66,91,22,73,50,27,19,0,0,33,65,60,100,96,24,100,8
train_02066,training_writers,long_sweep,0.35883661,0.47000000,1.30978833,59,100,24,68,24,19,69,0,100,42,74,85,21,63,0,19,0
train_02067,training_writers,compact_trace,0.54044477,0.32000000,0.59210491,0,87,37,100,59,64,45,15,27,0,20,38,60,44,100,51,7
train_02068,training_writers,long_sweep,0.35044365,0.47000000,1.34115714,73,100,35,93,6,61,0,25,42,0,100,18,72,42,19,21,6
train_02069,training_writers,compact_trace,0.53988228,0.32000000,0.59272181,9,79,81,99,100,100,81,73,77,45,74,17,0,0,15,3,1
train_02070,training_writers,long_sweep,0.36612543,0.47000000,1.28371306,63,62,67,100,5,79,52,41,73,0,0,2,32,42,100,75,8
train_02071,training_writers,long_sweep,0.35517874,0.47000000,1.32327738,23,97,20,61,66,44,41,0,8,24,0,82,44,98,100,100,5
train_02072,training_writers,compact_trace,0.54046363,0.32000000,0.59208424,0,100,45,94,69,70,56,35,42,0,15,19,45,33,100,35,7
train_02073,training_writers,compact_trace,0.53796597,0.32000000,0.59483317,32,100,32,79,0,48,25,28,96,34,100,64,77,34,77,0,4
train_02074,training_writers,long_sweep,0.34628840,0.47000000,1.35725019,37,94,53,48,41,6,0,0,4,45,17,90,57,100,100,100,5
train_02075,training_writers,long_sweep,0.34972024,0.47000000,1.34393138,0,88,44,100,100,85,88,45,60,8,25,0,32,25,98,27,7
train_02076,training_writers,compact_trace,0.53109618,0.32000000,0.60252740,0,78,25,100,58,77,46,37,10,12,19,24,62,9,100,0,2
train_02077,training_writers,long_sweep,0.35333016,0.47000000,1.33020064,47,89,20,55,36,6,80,0,100,45,77,90,32,100,0,67,0
train_02078,training_writers,compact_trace,0.54151565,0.32000000,0.59093398,41,82,64,100,83,77,46,53,93,42,100,19,52,6,0,0,3
train_02079,training_writers,compact_trace,0.51161159,0.32000000,0.62547449,0,72,50,85,100,100,91,81,77,60,55,38,38,18,34,0,1
train_02080,training_writers,compact_trace,0.53829234,0.32000000,0.59447251,100,100,57,81,23,58,0,35,7,9,61,0,68,20,20,22,6
train_02081,training_writers,long_sweep,0.34303644,0.47000000,1.37011683,35,73,63,100,97,87,58,64,100,44,100,11,50,0,0,8,3
train_02082,training_writers,compact_trace,0.49601521,0.32000000,0.64514151,0,57,33,76,58,100,78,99,78,74,78,49,83,24,100,0,1
train_02083,training_writers,long_sweep,0.36113312,0.47000000,1.30145913,43,98,0,69,57,49,62,7,15,0,17,50,34,95,100,100,5
train_02084,training_writers,compact_trace,0.52487822,0.32000000,0.60966523,0,82,23,98,65,100,75,72,53,43,28,16,58,2,100,0,2
train_02085,training_writers,compact_trace,0.52489002,0.32000000,0.60965152,0,88,18,100,68,97,59,70,55,50,100,37,84,11,35,0,3
train_02086,training_writers,long_sweep,0.35470421,0.47000000,1.32504770,51,94,100,100,48,91,6,66,42,50,87,28,60,5,0,0,5
train_02087,training_writers,long_sweep,0.34061219,0.47000000,1.37986841,22,100,3,94,0,51,49,44,100,61,64,86,64,43,60,0,4
train_02088,training_writers,long_sweep,0.34801557,0.47000000,1.35051430,16,67,30,100,76,97,71,57,41,23,0,0,50,3,100,1,2
train_02089,training_writers,long_sweep,0.34138939,0.47000000,1.37672703,36,100,2,70,0,43,53,42,100,43,68,70,45,35,22,0,4
train_02090,training_writers,long_sweep,0.35206165,0.47000000,1.33499345,56,100,19,76,0,33,24,0,74,25,100,65,70,87,23,60,0
train_02091,training_writers,long_sweep,0.35669360,0.47000000,1.31765750,30,71,4,60,0,11,54,0,100,32,97,80,45,100,6,66,0
train_02092,training_writers,long_sweep,0.36413156,0.47000000,1.29074228,67,86,59,66,95,26,44,0,0,30,59,63,100,98,19,100,8
train_02093,training_writers,long_sweep,0.34319601,0.47000000,1.36947979,96,98,83,100,47,68,26,32,49,0,100,18,53,39,0,27,6
train_02094,training_writers,compact_trace,0.53704868,0.32000000,0.59584915,47,86,87,100,100,74,67,51,97,32,96,7,48,0,0,7,3
train_02095,training_writers,long_sweep,0.34612122,0.47000000,1.35790577,23,100,19,64,51,32,16,0,0,33,8,84,54,90,100,92,5
train_02096,training_writers,long_sweep,0.34569723,0.47000000,1.35957120,3,90,41,100,100,100,89,68,54,33,19,0,0,15,54,23,7
train_02097,training_writers,long_sweep,0.34033449,0.47000000,1.38099432,38,100,10,69,0,27,29,0,71,9,100,42,88,81,46,92,0
train_02098,training_writers,long_sweep,0.33821357,0.47000000,1.38965446,41,100,6,89,0,57,12,25,54,4,100,24,55,25,17,0,6
train_02099,training_writers,long_sweep,0.35636685,0.47000000,1.31886565,87,82,70,64,12,67,41,100,100,90,98,48,62,12,0,0,9
train_02100,training_writers,compact_trace,0.52013123,0.32000000,0.61522935,0,80,22,100,43,71,36,37,9,8,7,12,54,16,100,0,2
train_02101,training_writers,long_sweep,0.35365680,0.47000000,1.32897205,39,83,17,65,37,26,17,0,0,36,44,70,100,100,32,93,8
train_02102,training_writers,long_sweep,0.33925170,0.47000000,1.38540204,100,100,74,85,34,59,0,31,7,1,68,0,60,18,0,18,6
train_02103,training_writers,long_sweep,0.36396686,0.47000000,1.29132635,9,95,3,60,65,67,66,8,11,0,0,61,32,91,100,100,5
train_02104,training_writers,long_sweep,0.35217031,0.47000000,1.33458154,11,83,0,38,21,0,71,1,100,37,87,80,41,100,5,71,0
train_02105,training_writers,long_sweep,0.34565622,0.47000000,1.35973250,100,95,74,100,25,89,17,53,72,45,99,19,53,3,0,0,5
train_02106,training_writers,rising_tail,0.26637297,0.43000000,1.61427793,22,71,55,44,42,11,0,0,1,37,13,71,53,91,100,100,5
train_02107,training_writers,long_sweep,0.33942586,0.47000000,1.38469120,12,54,30,100,62,87,43,39,3,7,0,1,50,0,100,4,2
train_02108,training_writers,compact_trace,0.54455465,0.32000000,0.58763615,100,100,58,81,27,56,1,28,0,0,53,5,53,30,0,27,6
train_02109,training_writers,compact_trace,0.54697306,0.32000000,0.58503795,76,69,24,51,0,72,39,100,91,99,100,66,93,32,87,0,9
train_02110,training_writers,long_sweep,0.34655086,0.47000000,1.35622227,31,100,0,80,4,30,37,0,81,8,100,47,70,82,26,91,0
train_02111,training_writers,long_sweep,0.35237246,0.47000000,1.33381594,97,89,68,100,32,68,13,32,39,0,100,10,46,26,0,10,6
train_02112,training_writers,long_sweep,0.33992997,0.47000000,1.38263772,84,76,76,100,19,88,55,83,100,82,73,53,38,26,0,0,9
train_02113,training_writers,long_sweep,0.34829049,0.47000000,1.34944828,27,51,0,22,43,0,90,13,100,54,75,93,27,100,12,61,0
train_02114,training_writers,long_sweep,0.33809488,0.47000000,1.39014230,4,85,39,100,83,85,57,60,59,41,100,21,62,0,0,1,3
train_02115,training_writers,long_sweep,0.34840939,0.47000000,1.34898775,48,100,24,62,0,35,93,33,100,67,74,77,63,39,56,0,4
train_02116,training_writers,compact_trace,0.54151504,0.32000000,0.59093465,100,100,54,88,22,64,0,35,6,7,57,0,65,21,14,21,6
train_02117,training_writers,long_sweep,0.36157174,0.47000000,1.29988036,77,100,28,80,63,41,59,0,0,10,47,44,100,75,61,94,8
train_02118,training_writers,compact_trace,0.54489631,0.32000000,0.58726769,32,71,54,100,82,77,62,43,24,17,0,8,50,6,100,0,2
train_02119,training_writers,compact_trace,0.53827317,0.32000000,0.59449369,36,86,68,100,100,77,62,52,71,45,99,19,52,2,0,0,3
train_02120,training_writers,compact_trace,0.54526419,0.32000000,0.58687148,100,97,49,100,11,82,10,51,54,52,76,29,47,5,0,0,5
train_02121,training_writers,compact_trace,0.52694281,0.32000000,0.60727652,8,77,39,95,86,100,100,80,68,59,73,35,40,15,0,0,3
train_02122,training_writers,compact_trace,0.51639443,0.32000000,0.61968136,0,39,35,58,69,76,100,100,86,88,69,60,52,30,45,0,1
train_02123,training_writers,long_sweep,0.34266396,0.47000000,1.37160616,44,75,21,38,0,0,18,28,56,60,100,90,82,100,28,81,8
train_02124,training_writers,long_sweep,0.35093872,0.47000000,1.33926515,34,74,75,100,100,69,76,27,34,0,0,10,49,15,100,5,2
train_02125,training_writers,compact_trace,0.53203225,0.32000000,0.60146730,8,56,53,77,100,100,100,99,79,71,74,42,60,14,0,0,1
train_02126,training_writers,long_sweep,0.35044538,0.47000000,1.34115051,26,65,0,46,4,1,54,0,95,30,100,75,59,100,12,82,0
train_02127,training_writers,long_sweep,0.35393640,0.47000000,1.32792219,0,100,70,95,100,71,70,38,37,4,10,0,22,28,97,30,7
train_02128,training_writers,long_sweep,0.35376847,0.47000000,1.32855253,92,100,57,80,21,53,0,22,37,0,100,14,76,37,7,32,6
train_02129,training_writers,long_sweep,0.35980092,0.47000000,1.30627793,100,100,39,84,58,51,88,20,25,0,0,24,42,54,98,81,8
train_02130,training_writers,compact_trace,0.54749735,0.32000000,0.58447771,23,85,69,100,62,68,53,27,32,0,0,2,50,5,100,3,1
train_02131,training_writers,long_sweep,0.34866197,0.47000000,1.34801052,92,100,49,88,8,59,56,45,100,69,82,56,39,29,0,0,4
train_02132,training_writers,compact_trace,0.54599365,0.32000000,0.58608740,19,93,66,100,78,78,41,58,63,41,100,23,53,9,0,0,3
train_02133,training_writers,compact_trace,0.52173446,0.32000000,0.61333883,16,88,47,100,50,69,28,38,0,13,23,1,62,1,100,0,2
train_02134,training_writers,compact_trace,0.52782583,0.32000000,0.60626059,5,39,0,61,55,84,100,100,73,75,55,50,45,25,59,0,1
train_02135,training_writers,long_sweep,0.35546257,0.47000000,1.32222078,13,85,76,100,100,69,74,35,40,1,12,0,0,33,81,37,7
train_02136,training_writers,long_sweep,0.35154348,0.47000000,1.33696122,5,56,5,16,56,0,100,29,97,68,59,100,8,93,0,55,0
train_02137,training_writers,compact_trace,0.54658855,0.32000000,0.58544951,30,74,45,100,87,90,56,59,100,40,83,9,30,0,0,15,3
train_02138,training_writers,compact_trace,0.50424153,0.32000000,0.63461651,0,63,55,75,84,97,100,100,91,75,81,50,77,25,81,0,1
train_02139,training_writers,long_sweep,0.34439275,0.47000000,1.36472097,58,74,100,100,94,75,85,35,59,2,0,0,29,2,88,3,1
train_02140,training_writers,long_sweep,0.35072593,0.47000000,1.34007771,73,68,100,100,48,100,20,71,79,77,84,46,48,15,0,0,9
train_02141,training_writers,long_sweep,0.35727909,0.47000000,1.31549819,93,73,57,100,0,81,36,55,100,71,99,43,91,6,26,0,9
train_02142,training_writers,compact_trace,0.51432473,0.32000000,0.62217502,51,83,75,100,82,76,74,47,100,24,74,3,32,0,0,16,3
train_02143,training_writers,compact_trace,0.51813510,0.32000000,0.61759955,47,100,38,94,12,68,0,42,48,39,100,52,80,26,83,0,4
train_02144,training_writers,long_sweep,0.34140028,0.47000000,1.37668311,16,81,32,63,56,30,17,0,0,36,5,79,36,99,100,100,5
train_02145,training_writers,long_sweep,0.34634523,0.47000000,1.35702748,0,100,52,98,100,88,56,59,41,19,60,0,41,30,92,36,7
train_02146,training_writers,long_sweep,0.35608886,0.47000000,1.31989528,13,92,6,38,34,0,79,8,100,55,79,100,34,100,0,66,0
train_02147,training_writers,long_sweep,0.34187167,0.47000000,1.37478487,0,84,37,100,59,76,24,49,70,43,100,21,60,0,7,6,3
train_02148,training_writers,long_sweep,0.34584158,0.47000000,1.35900374,0,93,64,100,100,80,76,44,52,8,27,0,30,24,96,31,7
train_02149,training_writers,compact_trace,0.54192108,0.32000000,0.59049189,25,79,58,100,88,84,56,56,79,43,100,19,54,0,0,8,3
train_02150,training_writers,long_sweep,0.34514056,0.47000000,1.36176404,35,96,87,100,74,99,28,77,60,56,100,35,53,9,0,0,5
train_02151,training_writers,compact_trace,0.53910134,0.32000000,0.59358042,5,96,37,100,66,76,42,45,4,22,0,3,50,1,100,0,2
train_02152,training_writers,long_sweep,0.34147895,0.47000000,1.37636594,55,85,100,100,82,94,38,74,90,65,94,36,52,13,0,0,5
train_02153,training_writers,long_sweep,0.34023737,0.47000000,1.38138853,0,90,43,100,89,87,75,59,44,36,9,14,48,5,100,0,2
train_02154,training_writers,long_sweep,0.35097008,0.47000000,1.33914547,88,81,51,100,11,79,60,69,100,69,95,24,53,0,0,1,9
train_02155,training_writers,long_sweep,0.36681659,0.47000000,1.28129428,0,85,19,63,86,31,94,0,3,15,39,50,100,83,29,100,8
train_02156,training_writers,long_sweep,0.34653598,0.47000000,1.35628053,55,99,55,68,77,26,38,0,0,13,20,56,49,92,100,100,5
train_02157,training_writers,long_sweep,0.35330078,0.47000000,1.33031124,27,100,100,93,78,62,53,31,28,0,0,13,3,33,92,35,7
train_02158,training_writers,compact_trace,0.54415336,0.32000000,0.58806951,27,81,43,100,86,84,52,60,84,43,100,16,54,0,0,1,3
train_02159,training_writers,long_sweep,0.36093812,0.47000000,1.30216228,34,98,58,68,75,100,10,96,67,67,100,36,50,0,0,22,9
train_02160,training_writers,long_sweep,0.35358801,0.47000000,1.32923058,12,66,51,92,100,100,74,70,36,42,0,15,35,0,100,9,2
train_02161,training_writers,compact_trace,0.52003447,0.32000000,0.61534382,0,38,31,57,66,79,100,100,76,76,53,51,40,26,44,0,1
train_02162,training_writers,long_sweep,0.35433979,0.47000000,1.32641044,0,66,47,100,81,98,79,50,85,0,27,0,23,8,100,0,1
train_02163,training_writers,compact_trace,0.51424396,0.32000000,0.62227275,54,92,90,100,100,95,63,89,33,66,52,33,32,2,0,0,5
train_02164,training_writers,long_sweep,0.36266261,0.47000000,1.29597039,0,76,49,100,100,82,58,41,28,0,82,15,28,51,34,88,8
train_02165,training_writers,long_sweep,0.33788897,0.47000000,1.39098948,7,84,45,100,79,83,53,66,100,52,93,19,50,0,0,5,3
train_02166,training_writers,compact_trace,0.53247511,0.32000000,0.60096705,43,77,53,100,95,94,68,67,80,53,100,29,57,7,0,0,3
train_02167,training_writers,compact_trace,0.54167771,0.32000000,0.59075719,0,64,16,100,57,94,37,53,0,22,5,18,52,8,100,0,2
train_02168,training_writers,compact_trace,0.54632607,0.32000000,0.58573079,54,85,94,100,96,61,79,22,84,0,100,32,53,52,0,58,8
train_02169,training_writers,compact_trace,0.47718858,0.32000000,0.67059442,100,100,100,96,79,80,50,64,36,48,14,31,0,16,7,0,1
train_02170,training_writers,compact_trace,0.51239657,0.32000000,0.62451628,32,90,65,100,100,90,75,71,59,50,68,27,39,10,0,0,3
train_02171,training_writers,compact_trace,0.51721225,0.32000000,0.61870151,41,100,20,80,0,57,39,42,100,55,98,45,72,23,57,0,4
train_02172,training_writers,long_sweep,0.35517533,0.47000000,1.32329012,36,96,23,54,42,5,86,0,100,49,76,95,31,100,0,62,0
train_02173,training_writers,long_sweep,0.34312326,0.47000000,1.36977014,100,100,59,83,24,57,0,29,12,1,73,0,62,26,7,43,6
train_02174,training_writers,long_sweep,0.35852971,0.47000000,1.31090948,55,95,0,73,5,37,90,36,100,75,84,100,76,50,65,0,4
train_02175,training_writers,compact_trace,0.48403380,0.32000000,0.66111086,72,100,100,91,72,76,56,60,39,45,22,30,0,15,0,0,1
train_02176,training_writers,long_sweep,0.36019881,0.47000000,1.30483495,35,100,0,80,45,41,96,3,44,0,34,38,100,67,78,93,8
train_02177,training_writers,long_sweep,0.36092538,0.47000000,1.30220823,69,79,48,57,69,19,0,0,30,34,93,63,100,100,37,76,8
train_02178,training_writers,long_sweep,0.34530397,0.47000000,1.36111958,27,95,1,56,41,32,16,0,0,24,12,75,55,93,100,100,5
train_02179,training_writers,compact_trace,0.52918782,0.32000000,0.60470024,0,87,35,100,71,87,61,53,33,28,21,3,60,0,100,0,2
train_02180,training_writers,compact_trace,0.54629388,0.32000000,0.58576530,32,100,9,63,0,21,30,0,70,14,100,43,87,79,47,90,0
train_02181,training_writers,compact_trace,0.54056611,0.32000000,0.59197200,0,76,30,100,82,97,100,71,80,44,47,20,40,0,98,0,2
train_02182,training_writers,compact_trace,0.53906779,0.32000000,0.59361737,80,89,54,100,40,68,81,78,100,46,92,10,46,0,0,6,9
train_02183,training_writers,long_sweep,0.36406722,0.47000000,1.29097040,20,85,27,50,94,51,87,3,27,0,0,53,32,89,100,100,5
train_02184,training_writers,long_sweep,0.34935738,0.47000000,1.34532723,100,100,52,79,18,54,0,25,28,0,85,9,66,34,3,39,6
train_02185,training_writers,long_sweep,0.35269418,0.47000000,1.33259925,5,84,40,100,79,82,26,62,56,46,100,22,65,0,0,8,3
train_02186,training_writers,compact_trace,0.51657393,0.32000000,0.61946603,43,82,60,100,100,91,74,68,60,50,77,26,41,10,0,0,3
train_02187,training_writers,long_sweep,0.36150163,0.47000000,1.30013247,1,92,0,49,26,0,80,1,100,51,74,100,24,83,27,29,0
train_02188,training_writers,compact_trace,0.52429005,0.32000000,0.61034918,25,100,0,75,9,50,77,49,100,72,77,53,67,26,65,0,4
train_02189,training_writers,long_sweep,0.36211897,0.47000000,1.29791598,31,92,0,52,18,0,69,6,100,53,72,100,21,100,4,49,0
train_02190,training_writers,long_sweep,0.34638702,0.47000000,1.35686376,53,100,27,90,6,55,0,20,46,0,100,16,53,34,6,19,6
train_02191,training_writers,compact_trace,0.52582137,0.32000000,0.60857169,4,54,55,75,97,98,100,100,69,75,40,50,13,25,0,0,1
train_02192,training_writers,compact_trace,0.51884019,0.32000000,0.61676024,30,100,11,73,0,44,75,44,100,63,97,61,84,30,79,0,4
train_02193,training_writers,long_sweep,0.35231438,0.47000000,1.33403580,40,100,6,66,0,11,41,0,81,19,100,65,60,87,19,77,0
train_02194,training_writers,long_sweep,0.35276473,0.47000000,1.33233275,57,72,100,93,47,100,0,78,52,71,94,57,69,28,39,0,9
train_02195,training_writers,long_sweep,0.36645284,0.47000000,1.28256614,100,100,22,97,23,62,94,33,69,0,0,18,25,59,78,95,8
train_02196,training_writers,long_sweep,0.35784812,0.47000000,1.31340635,89,100,43,93,3,58,0,15,57,2,100,29,43,35,24,0,6
train_02197,training_writers,long_sweep,0.34441269,0.47000000,1.36464192,0,89,14,72,35,59,53,12,14,0,11,64,42,97,100,100,5
train_02198,training_writers,compact_trace,0.52356479,0.32000000,0.61119466,8,83,32,100,54,73,32,43,0,21,18,6,59,4,100,0,2
train_02199,training_writers,compact_trace,0.50478904,0.32000000,0.63392818,19,100,36,96,34,58,13,28,0,12,34,5,67,0,100,4,2
train_02200,training_writers,compact_trace,0.53553546,0.32000000,0.59753279,40,83,71,100,99,79,66,54,84,44,100,18,56,0,0,3,3
train_02201,training_writers,rising_tail,0.25865342,0.43000000,1.66245629,0,58,39,38,56,5,27,0,6,35,18,64,59,83,100,100,5
train_02202,training_writers,long_sweep,0.36258792,0.47000000,1.29623732,22,93,0,70,69,37,100,0,15,20,51,60,77,94,42,100,8
train_02203,training_writers,compact_trace,0.53462643,0.32000000,0.59854878,20,84,58,100,59,74,53,53,100,42,98,15,53,0,0,1,3
train_02204,training_writers,long_sweep,0.34946597,0.47000000,1.34490919,1,72,39,100,90,92,50,64,52,53,100,35,60,8,0,0,3
train_02205,training_writers,long_sweep,0.35591014,0.47000000,1.32055804,15,80,0,32,35,0,80,14,100,61,71,100,24,86,13,40,0
train_02206,training_writers,compact_trace,0.52505746,0.32000000,0.60945711,52,100,33,80,0,57,32,42,82,43,100,50,69,26,43,0,4
train_02207,training_writers,compact_trace,0.50284072,0.32000000,0.63638442,9,100,4,81,0,54,35,39,84,46,100,52,80,26,77,0,4
train_02208,training_writers,compact_trace,0.51962245,0.32000000,0.61583175,33,90,66,100,66,71,63,64,100,44,78,14,27,0,0,24,3
train_02209,training_writers,long_sweep,0.35127708,0.47000000,1.33797514,32,89,0,68,16,24,57,0,97,27,100,72,61,99,10,100,0
train_02210,training_writers,long_sweep,0.34597357,0.47000000,1.35848527,40,100,13,69,0,30,22,0,73,19,100,53,92,91,39,95,0
train_02211,training_writers,long_sweep,0.36395896,0.47000000,1.29135440,16,78,66,100,100,75,46,39,0,0,66,4,24,45,23,85,8
train_02212,training_writers,compact_trace,0.49533167,0.32000000,0.64603179,13,100,11,83,0,59,28,40,92,46,96,48,91,23,100,0,4
train_02213,training_writers,long_sweep,0.34975479,0.47000000,1.34379863,46,85,36,68,84,79,42,100,79,65,100,23,53,0,0,8,9
train_02214,training_writers,compact_trace,0.54498813,0.32000000,0.58716876,9,78,48,100,100,94,78,63,85,36,73,6,19,0,0,29,3
train_02215,training_writers,compact_trace,0.50353562,0.32000000,0.63550618,40,64,67,82,100,100,81,80,60,60,38,40,15,20,0,0,1
train_02216,training_writers,compact_trace,0.54246918,0.32000000,0.58989526,9,86,48,100,68,76,59,46,33,21,0,0,49,3,100,6,2
train_02217,training_writers,compact_trace,0.50889750,0.32000000,0.62881032,2,100,12,84,0,57,29,37,82,48,100,52,76,27,62,0,4
train_02218,training_writers,compact_trace,0.52258222,0.32000000,0.61234384,26,88,61,100,100,94,88,67,97,40,78,17,40,6,0,0,3
train_02219,training_writers,long_sweep,0.36637869,0.47000000,1.28282570,41,71,32,40,100,76,34,100,36,57,89,68,70,4,0,0,9
train_02220,training_writers,long_sweep,0.34774831,0.47000000,1.35155221,57,100,33,94,8,59,3,22,48,0,100,15,57,32,0,19,6
train_02221,training_writers,compact_trace,0.52229870,0.32000000,0.61267624,22,67,56,87,100,100,72,80,44,60,17,40,0,19,22,0,1
train_02222,training_writers,long_sweep,0.34050946,0.47000000,1.38028469,65,100,45,90,14,57,0,23,43,0,100,16,80,45,35,27,6
train_02223,training_writers,long_sweep,0.34782554,0.47000000,1.35125211,72,100,43,74,19,48,4,20,36,0,100,16,58,28,0,10,6
train_02224,training_writers,compact_trace,0.51028608,0.32000000,0.62709922,35,100,32,97,0,73,4,46,51,42,100,48,88,29,72,0,4
train_02225,training_writers,compact_trace,0.51177562,0.32000000,0.62527402,0,44,36,58,70,79,100,100,82,74,69,47,59,20,54,0,1
train_02226,training_writers,compact_trace,0.52683371,0.32000000,0.60740228,100,92,62,100,44,70,84,79,79,75,72,33,45,0,0,0,9
train_02227,training_writers,compact_trace,0.51691181,0.32000000,0.61906112,39,94,74,100,62,74,66,67,100,45,85,16,36,0,0,12,3
train_02228,training_writers,long_sweep,0.34902385,0.47000000,1.34661286,25,81,35,52,74,23,28,0,12,35,0,71,25,96,100,100,5
train_02229,training_writers,rising_tail,0.25537647,0.43000000,1.68378862,17,73,35,43,37,10,0,0,7,36,18,70,58,87,100,100,5
train_02230,training_writers,long_sweep,0.35408603,0.47000000,1.32736102,63,100,23,77,0,39,3,0,61,7,100,38,99,78,46,96,0
train_02231,training_writers,long_sweep,0.35537129,0.47000000,1.32256043,18,100,8,53,24,5,69,0,100,39,91,87,45,98,0,79,0
train_02232,training_writers,long_sweep,0.36077873,0.47000000,1.30273754,7,66,74,94,100,100,89,58,83,16,15,0,0,3,94,4,1
train_02233,training_writers,long_sweep,0.35645138,0.47000000,1.31855290,63,100,17,67,0,29,58,24,100,35,86,88,82,53,78,0,4
train_02234,training_writers,compact_trace,0.51024846,0.32000000,0.62714545,0,56,40,72,79,90,100,100,86,74,70,49,55,23,45,0,1
train_02235,training_writers,compact_trace,0.52883767,0.32000000,0.60510062,20,100,7,78,0,44,32,24,89,29,100,55,76,31,55,0,4
train_02236,training_writers,long_sweep,0.34946275,0.47000000,1.34492161,5,65,2,25,41,0,89,11,100,54,70,92,23,100,0,64,0
train_02237,training_writers,long_sweep,0.35938785,0.47000000,1.30777931,3,97,90,100,100,71,75,38,61,4,31,0,0,26,90,28,7
train_02238,training_writers,compact_trace,0.51511530,0.32000000,0.62122014,19,100,0,71,10,43,53,34,93,43,100,55,80,27,59,0,4
train_02239,training_writers,compact_trace,0.50626731,0.32000000,0.63207715,0,67,53,82,100,100,86,84,75,63,67,42,63,21,55,0,1
train_02240,training_writers,compact_trace,0.54770685,0.32000000,0.58425415,33,87,49,100,94,83,49,64,73,47,100,20,60,0,0,3,3
train_02241,training_writers,long_sweep,0.34851613,0.47000000,1.34857459,100,92,50,75,0,77,38,100,90,95,88,60,54,31,34,0,9
train_02242,training_writers,compact_trace,0.54333491,0.32000000,0.58895534,14,76,43,100,72,79,46,45,12,15,0,0,50,4,100,7,2
train_02243,training_writers,compact_trace,0.53606772,0.32000000,0.59693951,11,71,16,100,53,79,44,41,9,14,0,6,50,3,100,0,2
train_02244,training_writers,compact_trace,0.50506126,0.32000000,0.63358650,0,94,28,100,65,100,100,97,79,75,61,51,50,26,48,0,7
train_02245,training_writers,long_sweep,0.34518974,0.47000000,1.36157002,13,100,59,98,64,58,37,21,15,0,0,41,49,49,100,55,7
train_02246,training_writers,long_sweep,0.34526864,0.47000000,1.36125887,14,88,62,100,97,86,70,62,34,42,0,20,45,6,100,0,2
train_02247,training_writers,long_sweep,0.34665866,0.47000000,1.35580053,23,72,0,35,16,0,69,8,100,40,93,78,49,100,14,75,0
train_02248,training_writers,long_sweep,0.35671835,0.47000000,1.31756610,75,72,25,76,0,37,16,0,70,23,100,61,88,100,31,83,0
train_02249,training_writers,long_sweep,0.34298557,0.47000000,1.37032005,31,81,54,46,51,6,7,0,0,42,13,84,55,96,100,100,5
train_02250,training_writers,long_sweep,0.35566891,0.47000000,1.32145372,14,83,51,100,100,84,54,50,16,15,0,0,11,34,92,38,7
train_02251,training_writers,compact_trace,0.52960711,0.32000000,0.60422150,100,80,60,71,45,94,88,100,88,70,67,42,34,18,0,0,9
train_02252,training_writers,compact_trace,0.51033426,0.32000000,0.62704001,0,51,56,74,100,100,85,91,75,63,75,36,80,8,85,0,1
train_02253,training_writers,long_sweep,0.34544921,0.47000000,1.36054735,100,100,53,92,20,64,11,29,38,0,85,8,55,32,0,29,6
train_02254,training_writers,long_sweep,0.35494637,0.47000000,1.32414370,54,88,24,76,66,51,47,2,0,0,18,48,50,92,100,100,5
train_02255,training_writers,compact_trace,0.54447310,0.32000000,0.58772417,56,100,20,79,0,45,29,18,74,27,100,61,76,35,60,0,4
train_02256,training_writers,long_sweep,0.34319518,0.47000000,1.36948309,5,100,31,93,0,63,52,50,100,72,62,61,31,31,1,0,4
train_02257,training_writers,compact_trace,0.53876624,0.32000000,0.59394961,0,84,30,100,36,75,28,52,89,52,100,27,64,6,6,0,3
train_02258,training_writers,compact_trace,0.51893865,0.32000000,0.61664322,25,85,48,100,100,97,92,76,65,57,70,33,44,13,0,0,3
train_02259,training_writers,compact_trace,0.53988666,0.32000000,0.59271699,0,55,37,83,64,100,54,66,49,32,33,0,22,6,100,8,1
train_02260,training_writers,long_sweep,0.34005729,0.47000000,1.38212006,0,100,57,95,62,63,46,31,25,0,4,22,39,43,100,43,7
train_02261,training_writers,long_sweep,0.36422738,0.47000000,1.29040273,25,77,3,60,11,0,71,4,100,57,56,100,2,66,0,11,0
train_02262,training_writers,compact_trace,0.53613925,0.32000000,0.59685986,100,97,57,100,26,87,21,51,63,45,75,12,37,0,0,3,5
train_02263,training_writers,long_sweep,0.35041995,0.47000000,1.34124783,29,66,53,100,92,91,81,52,50,18,0,0,42,6,100,6,2
train_02264,training_writers,long_sweep,0.34297301,0.47000000,1.37037020,55,65,100,87,61,100,53,66,71,29,40,0,0,21,39,47,8
train_02265,training_writers,long_sweep,0.36162612,0.47000000,1.29968488,27,100,43,66,67,31,45,0,0,27,47,59,100,91,20,97,8
train_02266,training_writers,compact_trace,0.54105117,0.32000000,0.59144129,27,86,70,100,77,77,50,53,96,40,100,19,52,6,0,0,3
train_02267,training_writers,long_sweep,0.34926656,0.47000000,1.34567706,100,87,37,100,0,74,90,82,90,92,67,61,43,30,49,0,9
train_02268,training_writers,long_sweep,0.35074908,0.47000000,1.33998926,100,66,74,100,24,88,43,63,94,77,89,36,52,1,0,0,9
train_02269,training_writers,long_sweep,0.34595047,0.47000000,1.35857599,78,88,4,100,0,73,86,85,100,91,76,61,58,30,64,0,9
train_02270,training_writers,long_sweep,0.34720247,0.47000000,1.35367701,91,100,48,79,23,50,18,18,62,0,100,18,55,38,0,34,6
train_02271,training_writers,compact_trace,0.49822084,0.32000000,0.64228545,0,100,1,77,25,58,66,56,100,69,92,48,90,24,94,0,4
train_02272,training_writers,long_sweep,0.33852307,0.47000000,1.38838396,29,81,60,100,90,81,68,52,34,27,0,4,47,0,100,1,2
train_02273,training_writers,compact_trace,0.52655329,0.32000000,0.60772576,0,13,27,42,67,70,100,100,91,94,69,63,51,32,42,0,1
train_02274,training_writers,long_sweep,0.35132801,0.47000000,1.33778120,1,99,58,100,100,91,69,61,33,30,1,0,0,33,57,36,7
train_02275,training_writers,compact_trace,0.52938581,0.32000000,0.60447408,93,100,59,79,95,68,100,90,100,60,88,32,52,10,0,0,9
train_02276,training_writers,compact_trace,0.51273445,0.32000000,0.62410474,0,56,40,66,74,85,100,100,79,76,62,51,47,25,42,0,1
train_02277,training_writers,long_sweep,0.35102582,0.47000000,1.33893284,76,100,36,75,10,47,0,17,43,0,100,12,63,31,3,23,6
train_02278,training_writers,compact_trace,0.54611048,0.32000000,0.58596202,22,90,67,100,87,80,61,57,30,34,0,12,41,0,100,1,2
train_02279,training_writers,compact_trace,0.54598232,0.32000000,0.58609957,38,96,78,100,91,82,51,60,88,35,100,4,48,0,0,5,3
train_02280,training_writers,long_sweep,0.35160304,0.47000000,1.33673474,30,63,61,100,100,82,76,39,42,0,74,9,53,49,0,63,8
train_02281,training_writers,long_sweep,0.34820932,0.47000000,1.34976286,0,93,54,100,80,69,70,35,66,0,28,27,19,47,100,52,7
train_02282,training_writers,compact_trace,0.54497068,0.32000000,0.58718755,8,72,41,100,70,72,47,35,9,7,0,6,50,9,100,0,2
train_02283,training_writers,compact_trace,0.54406259,0.32000000,0.58816762,0,82,30,100,75,86,50,55,58,40,100,21,62,0,8,2,3
train_02284,training_writers,long_sweep,0.34409089,0.47000000,1.36591817,100,100,49,86,17,59,0,28,18,0,76,6,61,29,7,17,6
train_02285,training_writers,long_sweep,0.35092774,0.47000000,1.33930705,15,73,39,100,93,95,81,62,43,34,0,10,39,0,100,4,2
train_02286,training_writers,long_sweep,0.34372281,0.47000000,1.36738087,2,91,44,100,91,82,52,55,62,54,100,27,56,3,0,0,3
train_02287,training_writers,long_sweep,0.35304722,0.47000000,1.33126668,86,100,37,91,7,60,0,27,36,0,100,5,83,31,20,25,6
train_02288,training_writers,long_sweep,0.34897435,0.47000000,1.34680384,19,78,0,36,25,0,71,4,100,39,90,84,49,100,10,76,0
train_02289,training_writers,long_sweep,0.34385437,0.47000000,1.36685772,56,100,29,74,0,40,51,38,100,44,77,73,58,36,35,0,4
train_02290,training_writers,compact_trace,0.53489696,0.32000000,0.59824606,10,73,33,100,60,82,59,63,100,41,92,6,43,0,0,18,3
train_02291,training_writers,long_sweep,0.35355319,0.50000000,1.41421438,0,0,51,9,87,37,100,70,72,100,14,94,36,65,99,58,9
train_02292,training_writers,long_sweep,0.36254801,0.47000000,1.29638005,73,100,0,91,49,63,100,31,58,0,16,28,45,69,30,98,8
train_02293,training_writers,compact_trace,0.53218094,0.32000000,0.60129926,100,100,58,93,25,70,6,43,0,16,37,0,60,23,18,37,6
train_02294,training_writers,long_sweep,0.33773134,0.47000000,1.39163867,36,90,79,100,100,98,50,88,32,59,76,37,47,5,0,0,5
train_02295,training_writers,long_sweep,0.35446083,0.47000000,1.32595752,0,96,37,100,100,89,86,43,55,0,30,0,10,38,75,41,7
train_02296,training_writers,long_sweep,0.34393915,0.47000000,1.36652080,14,63,19,100,63,96,60,57,27,26,0,0,50,6,100,12,2
train_02297,training_writers,long_sweep,0.34236427,0.47000000,1.37280679,100,93,64,100,30,72,10,42,12,11,72,0,66,24,0,14,6
train_02298,training_writers,long_sweep,0.35547498,0.47000000,1.32217464,42,96,10,64,0,22,44,0,92,23,100,65,64,99,8,100,0
train_02299,training_writers,compact_trace,0.53539225,0.32000000,0.59769262,55,72,53,100,100,95,86,66,73,38,88,5,42,0,0,17,3
train_02300,training_writers,compact_trace,0.54354907,0.32000000,0.58872330,90,100,43,79,0,56,51,58,100,69,97,61,79,28,60,0,4
train_02301,training_writers,compact_trace,0.52159923,0.32000000,0.61349784,0,25,18,50,59,75,100,100,92,80,69,54,52,27,46,0,1
train_02302,training_writers,compact_trace,0.52922549,0.32000000,0.60465719,26,25,23,41,62,71,100,100,88,93,55,62,24,31,0,0,1
train_02303,training_writers,long_sweep,0.35442592,0.47000000,1.32608812,0,96,77,100,100,84,67,46,47,5,33,0,10,34,88,39,7
train_02304,training_writers,compact_trace,0.54057302,0.32000000,0.59196443,0,81,34,100,62,73,54,36,39,0,12,16,50,27,100,30,7
train_02305,training_writers,long_sweep,0.35585612,0.47000000,1.32075853,23,97,0,53,20,6,66,0,100,35,98,84,53,100,9,81,0
train_02306,training_writers,long_sweep,0.35604981,0.47000000,1.32004004,100,100,44,81,11,53,0,22,42,0,95,21,56,40,2,18,6
train_02307,training_writers,long_sweep,0.34332390,0.47000000,1.36896964,40,85,92,100,100,98,45,85,79,65,99,33,55,7,0,0,5
train_02308,training_writers,long_sweep,0.33813701,0.47000000,1.38996911,17,83,57,100,87,83,61,58,27,36,0,13,51,8,100,0,2
train_02309,training_writers,long_sweep,0.34469698,0.47000000,1.36351646,16,100,9,74,0,33,23,0,77,13,100,50,70,80,15,74,0
train_02310,training_writers,long_sweep,0.34529931,0.47000000,1.36113795,0,95,53,100,91,86,78,47,68,7,47,0,24,24,100,27,7
train_02311,training_writers,compact_trace,0.51872416,0.32000000,0.61689820,0,86,35,100,66,81,66,55,51,30,26,8,49,0,100,1,2
train_02312,training_writers,compact_trace,0.53693523,0.32000000,0.59597504,91,98,47,100,49,72,92,96,100,93,73,57,43,23,0,0,9
train_02313,training_writers,compact_trace,0.53050173,0.32000000,0.60320255,0,86,38,100,84,95,82,69,75,43,100,19,68,0,22,2,3
train_02314,training_writers,compact_trace,0.53320098,0.32000000,0.60014894,43,100,10,75,0,45,46,34,100,35,93,60,88,29,78,0,4
train_02315,training_writers,long_sweep,0.35359965,0.47000000,1.32918684,71,100,27,75,6,39,21,3,77,0,100,31,51,52,0,38,6
train_02316,training_writers,long_sweep,0.34081772,0.47000000,1.37903627,12,78,0,31,30,0,67,1,100,27,96,76,63,100,39,73,0
train_02317,training_writers,long_sweep,0.34068989,0.47000000,1.37955371,100,100,54,87,20,60,4,27,27,0,71,16,53,44,0,45,6
train_02318,training_writers,compact_trace,0.54093655,0.32000000,0.59156661,0,89,34,100,57,72,51,34,44,0,12,28,55,36,100,37,7
train_02319,training_writers,long_sweep,0.36711486,0.47000000,1.28025327,19,74,75,62,78,23,3,0,28,38,94,72,100,100,0,80,8
train_02320,training_writers,compact_trace,0.51979080,0.32000000,0.61563229,2,100,5,75,0,47,22,27,98,30,100,47,71,27,78,0,4
train_02321,training_writers,rising_tail,0.25332385,0.43000000,1.69743196,0,51,8,20,40,0,78,11,100,43,95,81,61,100,27,85,0
train_02322,training_writers,long_sweep,0.35257186,0.47000000,1.33306156,7,88,0,42,19,0,67,1,100,35,93,79,49,100,3,89,0
train_02323,training_writers,long_sweep,0.34944020,0.47000000,1.34500838,65,100,56,100,17,67,0,31,36,0,100,6,73,38,10,55,6
train_02324,training_writers,long_sweep,0.34691175,0.47000000,1.35481143,0,90,41,100,90,74,81,36,51,0,36,1,24,36,100,40,7
train_02325,training_writers,long_sweep,0.34475604,0.47000000,1.36328285,26,94,75,100,92,77,45,59,81,43,100,11,51,0,0,1,3
train_02326,training_writers,long_sweep,0.34933191,0.47000000,1.34542532,15,67,0,24,32,0,76,24,100,62,86,100,37,90,3,57,0
train_02327,training_writers,compact_trace,0.52255483,0.32000000,0.61237593,0,79,27,99,66,100,81,75,58,49,34,22,61,4,100,0,2
train_02328,training_writers,compact_trace,0.53871735,0.32000000,0.59400351,63,100,35,70,0,41,36,35,100,40,96,56,73,34,59,0,4
train_02329,training_writers,long_sweep,0.36192322,0.47000000,1.29861798,28,92,40,48,96,67,45,100,37,90,100,62,68,19,0,0,9
train_02330,training_writers,compact_trace,0.49257876,0.32000000,0.64964230,9,100,0,81,0,58,14,35,62,33,79,44,81,21,100,0,4
train_02331,training_writers,compact_trace,0.52820066,0.32000000,0.60583036,63,92,100,100,99,76,67,55,91,34,96,10,48,0,0,4,3
train_02332,training_writers,long_sweep,0.36479604,0.47000000,1.28839119,27,94,1,63,56,67,64,19,0,0,0,55,21,100,100,100,5
train_02333,training_writers,long_sweep,0.34503530,0.47000000,1.36217947,85,90,35,100,15,77,32,53,91,52,100,22,56,0,0,7,5
train_02334,training_writers,long_sweep,0.34847031,0.47000000,1.34875191,67,100,24,78,0,49,0,19,44,0,100,10,65,28,10,18,6
train_02335,training_writers,compact_trace,0.53416396,0.32000000,0.59906700,48,79,73,100,100,78,69,52,98,34,94,7,48,0,0,4,3
train_02336,training_writers,long_sweep,0.34612168,0.47000000,1.35790394,84,73,83,100,33,81,67,57,100,72,100,31,64,2,0,0,9
train_02337,training_writers,long_sweep,0.34212920,0.47000000,1.37375002,50,100,4,93,22,66,42,84,66,49,100,15,56,0,0,10,9
train_02338,training_writers,long_sweep,0.34860603,0.47000000,1.34822683,52,100,18,64,48,36,11,0,0,19,8,67,41,97,100,98,5
train_02339,training_writers,rising_tail,0.26258614,0.40000000,1.52330963,19,77,20,44,36,0,15,7,0,52,8,88,54,99,100,100,5
train_02340,training_writers,long_sweep,0.34623381,0.47000000,1.35746418,0,95,53,100,100,93,76,60,51,27,31,0,33,35,91,41,7
train_02341,training_writers,long_sweep,0.36526353,0.47000000,1.28674221,0,100,12,71,94,90,31,96,11,76,100,80,58,41,37,0,9
train_02342,training_writers,long_sweep,0.36031594,0.47000000,1.30441080,100,100,44,80,11,47,0,11,56,0,100,30,55,44,0,19,6
train_02343,training_writers,compact_trace,0.52906671,0.32000000,0.60483866,100,90,75,100,42,81,63,51,97,29,85,4,42,0,0,4,5
train_02344,training_writers,long_sweep,0.35165352,0.47000000,1.33654284,79,100,50,63,0,34,15,35,93,36,100,71,64,37,43,0,4
train_02345,training_writers,compact_trace,0.54245126,0.32000000,0.58991475,55,94,30,100,84,99,63,66,77,58,100,31,60,3,0,0,3
train_02346,training_writers,compact_trace,0.54690246,0.32000000,0.58511348,74,69,100,100,84,86,70,51,47,19,0,0,36,7,98,10,1
train_02347,training_writers,long_sweep,0.35206384,0.47000000,1.33498514,10,100,1,66,0,19,40,0,84,28,100,72,59,98,7,88,0
train_02348,training_writers,compact_trace,0.52828951,0.32000000,0.60572848,0,93,43,100,66,77,59,39,59,0,40,22,54,42,100,50,7
train_02349,training_writers,long_sweep,0.36068531,0.47000000,1.30307497,100,86,47,100,0,73,42,43,85,15,28,0,37,36,84,66,8
train_02350,training_writers,long_sweep,0.35063047,0.47000000,1.34044254,13,76,64,100,87,72,52,35,11,0,0,15,35,37,100,36,7
train_02351,training_writers,compact_trace,0.53642838,0.32000000,0.59653816,0,20,47,42,78,70,100,100,88,86,66,56,40,27,7,0,1
train_02352,training_writers,compact_trace,0.54688555,0.32000000,0.58513157,41,69,71,100,67,71,54,31,41,1,0,0,50,1,100,3,1
train_02353,training_writers,long_sweep,0.36099249,0.47000000,1.30196615,98,70,66,100,0,78,40,51,90,81,98,48,100,9,28,0,9
train_02354,training_writers,long_sweep,0.35321214,0.47000000,1.33064510,63,99,25,77,0,35,22,0,73,17,100,58,79,100,33,91,0
train_02355,training_writers,long_sweep,0.34934171,0.47000000,1.34538757,88,86,28,74,34,100,82,91,95,54,100,16,60,0,0,12,9
train_02356,training_writers,long_sweep,0.35410447,0.47000000,1.32729190,100,85,49,66,0,69,37,99,89,100,77,58,40,24,12,0,9
train_02357,training_writers,long_sweep,0.35204689,0.47000000,1.33504944,23,80,14,80,77,100,100,70,66,39,0,19,23,12,97,0,2
train_02358,training_writers,long_sweep,0.35586155,0.47000000,1.32073835,10,55,33,86,95,100,88,70,48,43,0,18,28,0,100,2,2
train_02359,training_writers,long_sweep,0.35410165,0.47000000,1.32730249,44,68,79,100,26,93,59,67,100,71,95,25,56,0,0,12,9
train_02360,training_writers,long_sweep,0.35479453,0.47000000,1.32471038,59,72,36,100,0,72,23,36,52,0,0,1,44,27,100,55,8
train_02361,training_writers,long_sweep,0.34837468,0.47000000,1.34912217,97,100,65,82,33,53,15,20,54,0,100,19,58,39,0,35,6
train_02362,training_writers,long_sweep,0.35337791,0.47000000,1.33002089,31,100,34,63,75,30,36,0,0,25,7,69,37,97,100,96,5
train_02363,training_writers,long_sweep,0.35182560,0.47000000,1.33588914,38,80,91,100,82,97,73,56,75,15,9,0,0,0,100,8,1
train_02364,training_writers,compact_trace,0.53494415,0.32000000,0.59819329,0,94,60,100,75,82,65,51,63,20,62,0,39,28,100,38,7
train_02365,training_writers,long_sweep,0.35365483,0.47000000,1.32897946,98,100,51,77,21,49,7,18,49,0,100,16,42,23,0,1,6
train_02366,training_writers,compact_trace,0.53565387,0.32000000,0.59740070,0,66,20,100,56,88,44,47,14,15,13,0,56,5,100,11,2
train_02367,training_writers,long_sweep,0.35033774,0.47000000,1.34156259,72,100,32,76,5,47,0,15,47,0,100,12,59,24,3,17,6
train_02368,training_writers,compact_trace,0.52595372,0.32000000,0.60841855,40,80,63,100,100,91,84,67,52,46,18,28,0,6,47,0,2
train_02369,training_writers,long_sweep,0.34125044,0.47000000,1.37728759,5,68,23,100,63,78,55,32,14,4,0,15,50,10,100,0,2
train_02370,training_writers,long_sweep,0.34643850,0.47000000,1.35666214,14,81,0,40,19,1,65,0,99,30,100,73,65,100,24,81,0
train_02371,training_writers,long_sweep,0.33777769,0.47000000,1.39144771,52,100,0,98,27,78,41,82,67,48,100,16,63,0,3,10,9
train_02372,training_writers,compact_trace,0.53881995,0.32000000,0.59389041,28,81,59,100,100,94,78,68,51,44,83,25,44,8,0,0,3
train_02373,training_writers,compact_trace,0.52470620,0.32000000,0.60986510,0,9,42,38,73,69,100,100,88,94,73,63,73,31,81,0,1
train_02374,training_writers,compact_trace,0.54019411,0.32000000,0.59237965,0,100,47,86,100,79,68,52,42,23,30,0,66,25,82,40,7
train_02375,training_writers,compact_trace,0.54165902,0.32000000,0.59077757,11,83,41,100,47,67,25,35,8,0,0,31,49,32,100,31,7
train_02376,training_writers,long_sweep,0.36914071,0.47000000,1.27322723,35,90,24,61,100,100,12,84,0,29,49,0,96,57,7,28,8
train_02377,training_writers,compact_trace,0.54730887,0.32000000,0.58467899,100,89,60,100,53,63,92,81,100,54,92,11,44,0,0,13,9
train_02378,training_writers,compact_trace,0.54670655,0.32000000,0.58532315,0,93,41,100,78,79,66,40,60,0,100,14,76,32,26,35,7
train_02379,training_writers,compact_trace,0.50455406,0.32000000,0.63422342,31,100,5,81,0,59,27,41,72,41,100,43,81,22,69,0,4
train_02380,training_writers,long_sweep,0.35830921,0.47000000,1.31171623,20,70,39,100,100,88,67,44,30,1,64,0,22,41,0,85,8
train_02381,training_writers,long_sweep,0.34440366,0.47000000,1.36467771,3,74,33,100,81,92,51,64,85,47,100,16,53,0,0,9,3
train_02382,training_writers,compact_trace,0.53432109,0.32000000,0.59889083,100,100,63,79,35,57,12,34,4,9,44,0,60,21,0,20,6
train_02383,training_writers,long_sweep,0.34499137,0.47000000,1.36235293,38,100,4,73,0,29,33,0,78,3,100,39,85,79,44,98,0
train_02384,training_writers,long_sweep,0.34671190,0.47000000,1.35559234,25,72,15,31,47,0,93,8,100,50,73,87,28,100,0,68,0
train_02385,training_writers,compact_trace,0.54497124,0.32000000,0.58718695,10,60,31,100,61,82,37,36,2,0,0,0,50,2,100,3,2
train_02386,training_writers,long_sweep,0.35988578,0.47000000,1.30596990,92,100,46,82,8,48,0,11,70,0,100,32,26,32,14,2,6
train_02387,training_writers,long_sweep,0.35627094,0.47000000,1.31922069,52,98,69,67,78,28,13,0,0,26,54,58,100,93,54,100,8
train_02388,training_writers,compact_trace,0.54642530,0.32000000,0.58562442,16,89,43,100,86,89,56,61,79,33,100,5,49,0,0,11,3
train_02389,training_writers,long_sweep,0.35473035,0.47000000,1.32495006,29,74,1,49,0,2,51,0,93,30,100,76,55,100,6,84,0
train_02390,training_writers,compact_trace,0.53586967,0.32000000,0.59716013,17,80,48,100,70,77,56,54,100,45,91,13,48,0,0,6,3
train_02391,training_writers,compact_trace,0.53761627,0.32000000,0.59522008,100,100,62,89,28,64,1,34,0,0,43,2,45,32,5,23,6
train_02392,training_writers,long_sweep,0.35761481,0.47000000,1.31426323,40,94,0,66,5,23,55,0,98,26,100,70,62,100,6,84,0
train_02393,training_writers,compact_trace,0.53594461,0.32000000,0.59707662,14,78,44,100,63,79,41,52,13,29,0,2,50,0,100,8,2
train_02394,training_writers,compact_trace,0.47630336,0.32000000,0.67184073,100,100,96,97,93,80,82,63,71,46,46,30,25,14,0,0,1
train_02395,training_writers,long_sweep,0.36261316,0.47000000,1.29614711,27,85,4,57,60,58,65,18,1,0,0,50,24,95,100,100,5
train_02396,training_writers,long_sweep,0.34694254,0.47000000,1.35469119,88,64,93,100,41,87,48,61,100,70,90,31,55,0,0,4,9
train_02397,training_writers,long_sweep,0.33917375,0.47000000,1.38572043,65,89,61,100,16,73,0,47,65,40,100,59,61,30,28,0,4
train_02398,training_writers,long_sweep,0.35379809,0.47000000,1.32844132,100,71,41,62,0,83,52,100,98,80,92,49,67,19,19,0,9
train_02399,training_writers,long_sweep,0.35104582,0.47000000,1.33885657,65,100,19,69,22,53,95,56,100,72,48,94,26,46,0,0,4
train_02400,training_writers,long_sweep,0.34845512,0.47000000,1.34881072,0,83,43,100,89,85,75,57,42,32,0,11,35,0,100,0,2
train_02401,training_writers,long_sweep,0.34499540,0.47000000,1.36233702,66,100,43,66,0,37,33,39,100,42,78,68,51,35,39,0,4
train_02402,training_writers,long_sweep,0.33992999,0.47000000,1.38263766,7,66,43,92,42,100,43,58,55,17,0,0,22,0,100,1,1
train_02403,training_writers,long_sweep,0.35407361,0.47000000,1.32740758,60,90,43,68,52,22,21,0,0,39,52,66,100,95,38,100,8
train_02404,training_writers,compact_trace,0.51940679,0.32000000,0.61608744,0,38,36,54,68,78,100,100,78,75,59,50,44,25,34,0,1
train_02405,training_writers,compact_trace,0.53024033,0.32000000,0.60349992,100,100,64,96,55,68,88,92,86,66,76,28,42,1,0,0,9
train_02406,training_writers,long_sweep,0.34465981,0.47000000,1.36366350,60,81,12,100,0,70,28,34,28,0,12,33,52,64,100,91,8
train_02407,training_writers,compact_trace,0.52626756,0.32000000,0.60805572,0,95,44,100,74,82,65,41,57,0,42,11,55,31,100,32,7
train_02408,training_writers,long_sweep,0.34036057,0.47000000,1.38088850,46,99,7,100,37,80,56,97,90,64,100,24,57,0,0,6,9
train_02409,training_writers,rising_tail,0.26170661,0.40000000,1.52842911,49,84,49,62,48,22,7,0,0,30,9,72,53,90,100,100,5
train_02410,training_writers,long_sweep,0.34330992,0.47000000,1.36902541,47,72,69,100,100,83,83,46,47,17,0,0,40,7,94,4,2
train_02411,training_writers,compact_trace,0.53676778,0.32000000,0.59616097,0,90,42,100,69,78,62,39,56,0,31,3,42,29,100,34,7
train_02412,training_writers,compact_trace,0.54674853,0.32000000,0.58527820,12,87,58,100,77,74,43,45,5,20,0,3,55,1,100,0,2
train_02413,training_writers,long_sweep,0.35534066,0.47000000,1.32267440,57,56,37,92,88,100,94,63,51,34,0,12,41,4,100,0,2
train_02414,training_writers,compact_trace,0.50682985,0.32000000,0.63137560,0,52,38,60,72,78,100,100,96,81,84,54,74,27,73,0,1
train_02415,training_writers,long_sweep,0.33919720,0.47000000,1.38562464,80,80,31,75,43,100,75,75,89,39,100,4,53,0,0,3,9
train_02416,training_writers,long_sweep,0.36752267,0.47000000,1.27883268,7,60,100,79,76,100,24,71,80,36,84,0,0,14,47,50,8
train_02417,training_writers,long_sweep,0.34714242,0.47000000,1.35391119,30,96,31,62,60,26,24,0,8,35,0,76,35,100,100,100,5
train_02418,training_writers,compact_trace,0.51427776,0.32000000,0.62223184,3,70,0,58,57,80,100,100,84,75,81,50,81,25,97,0,1
train_02419,training_writers,compact_trace,0.53471231,0.32000000,0.59845265,5,68,22,100,47,75,35,35,8,1,0,2,50,4,100,0,2
train_02420,training_writers,long_sweep,0.33798508,0.47000000,1.39059392,22,79,30,53,54,24,32,0,13,42,0,86,49,96,100,100,5
train_02421,training_writers,rising_tail,0.26151746,0.40000000,1.52953459,31,81,49,43,38,7,0,0,5,42,25,73,62,90,100,100,5
train_02422,training_writers,long_sweep,0.34318527,0.47000000,1.36952265,27,84,20,51,38,11,0,0,2,47,9,93,54,100,100,99,5
train_02423,training_writers,long_sweep,0.36631614,0.47000000,1.28304474,83,85,17,98,37,57,94,19,38,0,0,38,65,71,100,100,8
train_02424,training_writers,long_sweep,0.36870451,0.47000000,1.27473352,44,90,0,79,79,43,95,0,13,10,50,55,100,98,19,100,8
train_02425,training_writers,long_sweep,0.33973593,0.47000000,1.38342740,0,88,37,100,85,90,63,46,48,0,27,18,45,37,100,38,7
train_02426,training_writers,compact_trace,0.50909902,0.32000000,0.62856142,0,91,32,100,49,77,39,50,21,25,20,5,60,3,100,0,2
train_02427,training_writers,long_sweep,0.34261696,0.47000000,1.37179431,53,91,19,73,0,30,23,0,67,14,100,46,90,86,48,100,0
train_02428,training_writers,compact_trace,0.53869991,0.32000000,0.59402275,50,100,7,82,0,54,57,42,100,57,74,55,48,28,39,0,4
train_02429,training_writers,long_sweep,0.34759982,0.47000000,1.35212958,0,92,39,100,100,99,78,65,44,32,9,0,4,24,56,34,7
train_02430,training_writers,long_sweep,0.33957175,0.47000000,1.38409628,27,76,62,100,84,76,66,41,37,11,0,3,50,1,100,0,2
train_02431,training_writers,compact_trace,0.53014602,0.32000000,0.60360728,0,96,41,100,86,89,99,57,95,23,87,0,64,30,100,44,7
train_02432,training_writers,compact_trace,0.52877428,0.32000000,0.60517315,13,89,54,100,100,97,90,72,68,48,73,21,44,1,0,0,3
train_02433,training_writers,long_sweep,0.34242974,0.47000000,1.37254435,0,87,47,100,96,94,100,57,77,22,49,0,26,29,76,37,7
train_02434,training_writers,long_sweep,0.36413335,0.47000000,1.29073594,12,75,3,59,67,25,20,0,27,36,95,68,100,100,0,95,8
train_02435,training_writers,long_sweep,0.35729797,0.50000000,1.39939221,34,62,51,96,55,56,50,13,0,0,6,56,38,100,100,90,5
train_02436,training_writers,long_sweep,0.35687181,0.47000000,1.31699952,6,90,0,45,21,0,72,0,100,41,86,88,37,100,9,59,0
train_02437,training_writers,long_sweep,0.35494351,0.47000000,1.32415435,46,97,90,97,55,68,66,100,100,60,97,9,40,0,0,34,9
train_02438,training_writers,long_sweep,0.35212632,0.47000000,1.33474828,57,91,22,70,0,24,37,0,81,21,100,67,69,100,30,73,0
train_02439,training_writers,long_sweep,0.35346997,0.47000000,1.32967449,16,94,0,60,53,50,47,0,17,11,13,70,46,100,100,96,5
train_02440,training_writers,long_sweep,0.35573157,0.47000000,1.32122095,30,100,23,69,66,33,59,0,19,27,0,67,8,100,100,97,5
train_02441,training_writers,long_sweep,0.33813419,0.47000000,1.38998071,44,73,81,100,65,66,54,24,28,0,0,6,50,8,100,9,1
train_02442,training_writers,long_sweep,0.34798579,0.47000000,1.35062986,0,96,58,100,76,75,51,38,34,0,0,8,34,26,100,28,7
train_02443,training_writers,long_sweep,0.33872853,0.47000000,1.38754183,12,88,53,100,100,94,68,69,80,39,95,10,51,0,0,6,3
train_02444,training_writers,long_sweep,0.34833607,0.47000000,1.34927169,0,78,54,100,100,81,78,43,49,8,35,0,32,38,95,49,7
train_02445,training_writers,long_sweep,0.36952514,0.47000000,1.27190264,62,100,0,57,94,71,34,93,26,47,13,0,100,37,8,39,8
train_02446,training_writers,compact_trace,0.50039468,0.32000000,0.63949521,0,86,27,100,46,77,43,45,31,16,34,0,66,1,100,2,2
train_02447,training_writers,long_sweep,0.36776156,0.47000000,1.27800198,15,92,0,96,38,47,79,0,4,8,46,58,100,100,12,86,8
train_02448,training_writers,compact_trace,0.54750628,0.32000000,0.58446818,43,81,72,100,100,78,77,49,41,25,0,5,39,0,93,2,2
train_02449,training_writers,long_sweep,0.34659774,0.47000000,1.35603886,0,78,38,100,100,96,93,69,57,45,15,21,18,3,85,0,2
train_02450,training_writers,long_sweep,0.34977766,0.47000000,1.34371076,53,100,30,67,59,35,24,0,6,30,0,75,41,99,100,98,5
train_02451,training_writers,compact_trace,0.52723268,0.32000000,0.60694265,5,64,30,83,100,100,75,80,50,60,25,40,0,20,5,0,1
train_02452,training_writers,long_sweep,0.34217895,0.47000000,1.37355029,0,45,17,4,55,0,89,24,100,70,72,100,36,83,18,39,0
train_02453,training_writers,long_sweep,0.34348463,0.47000000,1.36832908,69,100,39,63,0,29,35,35,100,34,98,65,79,41,73,0,4
train_02454,training_writers,compact_trace,0.53676668,0.32000000,0.59616219,32,64,50,100,52,92,42,53,38,14,0,0,50,0,100,5,1
train_02455,training_writers,long_sweep,0.36398508,0.47000000,1.29126172,26,99,0,55,61,48,76,14,7,0,4,44,27,87,100,100,5
train_02456,training_writers,compact_trace,0.53213986,0.32000000,0.60134567,0,83,37,99,81,100,100,74,84,36,65,0,33,8,55,27,7
train_02457,training_writers,compact_trace,0.51726217,0.32000000,0.61864180,92,100,54,84,66,70,100,88,85,64,68,39,39,18,0,0,9
train_02458,training_writers,long_sweep,0.36757876,0.47000000,1.27863753,100,100,21,86,64,41,71,0,13,23,73,66,74,100,0,70,8
train_02459,training_writers,long_sweep,0.35128628,0.47000000,1.33794009,16,72,40,100,94,95,84,64,47,37,0,14,31,1,100,0,2
train_02460,training_writers,compact_trace,0.54705340,0.32000000,0.58495203,46,100,9,78,0,51,4,24,37,0,100,7,67,24,22,6,6
train_02461,training_writers,compact_trace,0.53848346,0.32000000,0.59426152,0,93,43,100,70,72,68,34,56,0,31,32,52,48,100,53,7
train_02462,training_writers,long_sweep,0.35867333,0.47000000,1.31038457,12,96,75,100,100,69,74,35,47,0,23,13,0,43,98,44,7
train_02463,training_writers,long_sweep,0.34817096,0.47000000,1.34991156,31,90,63,100,100,76,75,36,56,0,96,34,61,43,0,45,7
train_02464,training_writers,long_sweep,0.36432850,0.47000000,1.29004456,68,55,98,94,35,100,0,65,75,80,100,61,76,20,6,0,9
train_02465,training_writers,compact_trace,0.50103104,0.32000000,0.63868298,0,68,45,75,80,95,100,100,98,75,96,50,92,25,88,0,1
train_02466,training_writers,compact_trace,0.54494245,0.32000000,0.58721797,14,76,50,100,100,95,71,64,59,52,83,20,42,0,0,18,3
train_02467,training_writers,compact_trace,0.52346898,0.32000000,0.61130651,100,82,67,100,38,79,69,66,90,61,73,30,43,6,0,0,9
train_02468,training_writers,rising_tail,0.25876477,0.43000000,1.66174089,8,68,34,37,40,0,8,0,0,43,24,72,61,87,100,100,5
train_02469,training_writers,compact_trace,0.54614508,0.32000000,0.58592489,34,100,90,97,100,73,64,45,34,15,15,0,0,32,57,30,7
train_02470,training_writers,compact_trace,0.52463271,0.32000000,0.60995053,18,100,13,78,0,46,57,37,100,50,85,66,83,33,84,0,4
train_02471,training_writers,long_sweep,0.36805644,0.47000000,1.27697805,81,76,15,100,0,65,100,33,65,0,10,28,90,64,73,94,8
train_02472,training_writers,long_sweep,0.35420891,0.47000000,1.32690054,0,83,63,100,100,82,84,52,58,23,23,0,0,29,76,33,7
train_02473,training_writers,long_sweep,0.34268392,0.47000000,1.37152628,88,82,44,100,49,68,100,84,93,63,98,23,57,0,0,12,9
train_02474,training_writers,compact_trace,0.54329137,0.32000000,0.58900254,15,74,23,100,72,92,53,60,75,45,100,18,55,0,0,1,3
train_02475,training_writers,compact_trace,0.51708140,0.32000000,0.61885807,0,61,39,79,74,99,100,100,85,75,65,49,44,24,24,0,1
train_02476,training_writers,compact_trace,0.49888807,0.32000000,0.64142644,18,100,16,90,0,63,28,44,88,52,100,53,89,27,88,0,4
train_02477,training_writers,compact_trace,0.51896488,0.32000000,0.61661206,0,28,35,51,67,75,100,100,96,81,77,54,58,27,46,0,1
train_02478,training_writers,long_sweep,0.34179298,0.47000000,1.37510140,100,91,41,100,0,74,48,57,93,81,88,65,74,32,57,0,9
train_02479,training_writers,long_sweep,0.34854154,0.47000000,1.34847627,17,91,24,72,59,40,29,0,5,33,0,90,49,96,100,100,5
train_02480,training_writers,compact_trace,0.54561020,0.32000000,0.58649930,100,100,62,90,31,61,12,28,33,0,78,13,44,27,0,10,6
train_02481,training_writers,long_sweep,0.35286029,0.47000000,1.33197192,14,73,60,100,100,93,74,55,38,20,0,0,2,35,63,28,7
train_02482,training_writers,compact_trace,0.52917927,0.32000000,0.60471001,20,100,5,78,0,55,64,63,100,83,81,55,61,25,45,0,4
train_02483,training_writers,compact_trace,0.53268515,0.32000000,0.60073009,7,78,33,96,89,100,100,80,64,60,74,36,46,14,0,0,3
train_02484,training_writers,long_sweep,0.34038045,0.47000000,1.38080788,1,92,0,63,36,33,14,0,3,37,5,81,50,96,100,100,5
train_02485,training_writers,long_sweep,0.35016496,0.47000000,1.34222452,72,100,26,94,0,62,0,28,38,0,100,4,67,24,21,1,6
train_02486,training_writers,compact_trace,0.54607577,0.32000000,0.58599926,30,88,76,100,100,77,62,50,53,36,94,17,51,0,0,3,3
train_02487,training_writers,compact_trace,0.53669799,0.32000000,0.59623849,16,85,45,100,96,93,85,66,88,40,100,15,52,4,0,0,3
train_02488,training_writers,long_sweep,0.34732837,0.47000000,1.35318632,79,100,31,77,0,51,68,43,100,68,76,53,41,27,14,0,4
train_02489,training_writers,compact_trace,0.51205486,0.32000000,0.62493304,38,100,23,84,6,59,0,35,45,21,100,35,85,24,98,0,4
train_02490,training_writers,compact_trace,0.50695238,0.32000000,0.63122299,0,51,27,72,61,85,95,100,100,91,82,61,67,30,72,0,1
train_02491,training_writers,long_sweep,0.34034326,0.47000000,1.38095873,0,96,55,100,100,84,96,52,74,21,52,0,19,27,67,39,7
train_02492,training_writers,compact_trace,0.54595499,0.32000000,0.58612890,100,100,56,80,26,55,1,27,11,0,69,4,50,19,0,14,6
train_02493,training_writers,long_sweep,0.36374494,0.47000000,1.29211420,45,100,53,65,100,98,22,98,45,71,85,69,81,13,0,0,9
train_02494,training_writers,long_sweep,0.33984102,0.47000000,1.38299961,100,90,60,100,36,66,54,29,34,0,0,19,37,48,79,74,8
train_02495,training_writers,compact_trace,0.53592949,0.32000000,0.59709347,0,82,36,100,77,84,78,43,73,3,50,0,48,26,100,32,7
train_02496,training_writers,compact_trace,0.54068029,0.32000000,0.59184699,0,93,44,100,90,91,76,48,64,4,49,0,52,30,100,29,7
train_02497,training_writers,long_sweep,0.34733200,0.47000000,1.35317220,32,100,6,77,0,33,30,0,81,6,100,44,76,82,26,88,0
train_02498,training_writers,long_sweep,0.35046837,0.47000000,1.34106253,72,100,51,87,0,56,66,48,100,62,75,84,47,42,19,0,4
train_02499,training_writers,long_sweep,0.35231852,0.47000000,1.33402014,32,92,21,49,32,4,79,0,100,41,81,82,33,100,0,66,0
train_02500,training_writers,compact_trace,0.54515292,0.32000000,0.58699126,0,94,48,98,96,100,98,68,84,32,68,0,52,30,100,30,7
train_02501,training_writers,compact_trace,0.54241990,0.32000000,0.58994886,0,88,34,100,92,97,74,72,62,46,100,24,89,3,31,0,3
train_02502,training_writers,compact_trace,0.54584340,0.32000000,0.58624874,32,85,60,100,88,81,47,59,81,43,100,15,54,0,0,4,3
train_02503,training_writers,long_sweep,0.34336172,0.47000000,1.36881887,24,84,6,80,0,35,31,0,79,11,100,53,77,92,27,100,0
train_02504,training_writers,compact_trace,0.53504491,0.32000000,0.59808064,45,85,75,100,70,63,43,29,5,4,0,1,50,0,100,0,2
train_02505,training_writers,compact_trace,0.50922794,0.32000000,0.62840228,0,61,34,68,68,82,100,100,100,87,81,58,63,30,50,0,1
train_02506,training_writers,long_sweep,0.34526891,0.47000000,1.36125782,100,81,58,64,29,89,74,100,87,65,91,29,63,0,0,9,9
train_02507,training_writers,long_sweep,0.34848039,0.47000000,1.34871289,31,100,0,67,2,26,42,0,86,20,100,60,73,93,25,85,0
train_02508,training_writers,long_sweep,0.35494055,0.47000000,1.32416541,0,89,21,72,62,94,11,100,57,73,100,45,74,13,9,0,9
train_02509,training_writers,long_sweep,0.35274878,0.47000000,1.33239297,42,99,8,69,0,28,39,0,85,24,100,64,74,100,21,85,0
train_02510,training_writers,long_sweep,0.34834896,0.47000000,1.34922178,55,77,45,66,100,88,49,100,0,78,69,63,70,32,59,0,9
train_02511,training_writers,compact_trace,0.52672550,0.32000000,0.60752707,45,100,34,78,0,51,37,50,95,51,100,62,73,32,57,0,4
train_02512,training_writers,compact_trace,0.52844671,0.32000000,0.60554828,38,100,40,90,0,63,36,46,93,47,100,59,63,31,40,0,4
train_02513,training_writers,compact_trace,0.53858712,0.32000000,0.59414715,44,85,76,100,79,70,54,41,23,16,0,0,50,5,100,1,2
train_02514,training_writers,long_sweep,0.34471972,0.47000000,1.36342648,0,81,23,100,73,96,52,46,26,0,12,19,46,42,100,48,7
train_02515,training_writers,compact_trace,0.50539450,0.32000000,0.63316874,0,58,35,62,70,83,100,100,91,74,82,49,74,23,78,0,1
train_02516,training_writers,compact_trace,0.53856602,0.32000000,0.59417042,0,79,23,100,66,78,66,39,56,0,30,1,41,27,100,29,7
train_02517,training_writers,long_sweep,0.36806495,0.50000000,1.35845589,100,51,72,100,0,88,28,42,77,0,2,11,5,55,78,82,8
train_02518,training_writers,compact_trace,0.52584101,0.32000000,0.60854896,24,91,49,100,68,84,51,59,78,37,100,15,56,1,0,0,3
train_02519,training_writers,long_sweep,0.35055488,0.47000000,1.34073159,75,100,41,69,0,39,45,30,100,37,92,65,55,33,23,0,4
train_02520,training_writers,long_sweep,0.34457957,0.47000000,1.36398105,44,75,90,100,83,86,67,46,51,6,0,0,27,3,100,2,1
train_02521,training_writers,long_sweep,0.34341235,0.47000000,1.36861704,40,100,16,70,0,33,20,0,70,13,100,45,88,82,37,85,0
train_02522,training_writers,long_sweep,0.34085797,0.47000000,1.37887342,52,69,82,100,75,76,61,35,47,0,0,8,50,7,100,8,1
train_02523,training_writers,long_sweep,0.35537090,0.47000000,1.32256185,38,100,12,67,19,9,62,0,100,30,83,82,39,91,0,66,0
train_02524,training_writers,long_sweep,0.36330730,0.47000000,1.29367068,30,91,0,50,57,54,62,19,2,0,2,52,28,96,100,100,5
train_02525,training_writers,compact_trace,0.51230818,0.32000000,0.62462403,0,62,27,73,66,90,100,100,80,74,59,48,42,21,36,0,1
train_02526,training_writers,long_sweep,0.36068063,0.47000000,1.30309187,80,100,27,78,0,42,21,6,99,8,100,37,19,30,10,0,6
train_02527,training_writers,long_sweep,0.35664364,0.47000000,1.31784210,16,98,75,100,48,94,0,72,55,58,100,33,77,4,18,0,5
train_02528,training_writers,compact_trace,0.52162729,0.32000000,0.61346484,48,100,31,64,3,31,0,21,62,16,100,35,93,37,89,0,4
train_02529,training_writers,long_sweep,0.34449800,0.47000000,1.36430401,21,74,30,100,72,77,66,36,31,2,0,14,52,24,100,0,2
train_02530,training_writers,compact_trace,0.51320326,0.32000000,0.62353462,0,69,26,77,92,97,100,100,76,75,55,50,39,25,29,0,1
train_02531,training_writers,long_sweep,0.35226765,0.47000000,1.33421277,17,100,0,60,12,16,59,0,100,27,95,70,51,93,15,63,0
train_02532,training_writers,compact_trace,0.52017131,0.32000000,0.61518195,35,98,60,100,47,63,25,30,0,4,34,2,68,0,100,3,2
train_02533,training_writers,compact_trace,0.52995537,0.32000000,0.60382443,27,90,64,100,67,70,37,43,0,22,12,18,64,19,100,0,2
train_02534,training_writers,compact_trace,0.52939131,0.32000000,0.60446780,79,100,35,86,60,67,100,85,89,71,70,43,40,19,0,0,9
train_02535,training_writers,long_sweep,0.36478288,0.47000000,1.28843764,0,56,76,49,100,11,31,0,45,39,95,73,71,100,11,74,8
train_02536,training_writers,compact_trace,0.52921448,0.32000000,0.60466977,0,51,51,75,90,100,56,92,46,66,51,40,77,15,100,0,1
train_02537,training_writers,compact_trace,0.54100217,0.32000000,0.59149486,31,65,0,88,40,100,68,72,56,32,28,0,57,1,100,6,2
train_02538,training_writers,long_sweep,0.36195737,0.47000000,1.29849546,36,100,84,94,51,53,28,92,81,80,100,29,51,0,0,31,9
train_02539,training_writers,long_sweep,0.34535147,0.47000000,1.36093240,2,100,58,99,63,67,38,34,19,0,0,32,42,44,100,44,7
train_02540,training_writers,compact_trace,0.54116321,0.32000000,0.59131884,0,90,45,100,85,88,57,64,69,40,100,17,67,1,17,0,3
train_02541,training_writers,compact_trace,0.52691154,0.32000000,0.60731256,63,78,59,100,100,94,70,68,91,48,94,27,48,12,0,0,3
train_02542,training_writers,long_sweep,0.33942077,0.47000000,1.38471196,89,81,49,100,0,84,39,68,100,75,94,54,84,24,51,0,9
train_02543,training_writers,long_sweep,0.36528630,0.47000000,1.28666200,58,100,0,85,51,50,79,11,14,0,44,39,100,71,51,83,8
train_02544,training_writers,long_sweep,0.34319508,0.47000000,1.36948350,0,92,49,100,100,83,80,45,71,6,64,0,36,31,100,42,7
train_02545,training_writers,compact_trace,0.50889496,0.32000000,0.62881346,7,100,28,96,18,61,0,27,50,24,85,35,85,33,100,0,4
train_02546,training_writers,long_sweep,0.33908345,0.47000000,1.38608945,0,77,38,89,56,100,46,57,47,15,100,11,45,4,8,0,1
train_02547,training_writers,long_sweep,0.35605906,0.47000000,1.32000575,80,100,28,96,0,63,3,26,45,0,100,5,57,24,1,12,6
train_02548,training_writers,long_sweep,0.36308532,0.47000000,1.29446158,18,62,98,74,92,100,0,93,15,73,100,62,91,31,71,0,9
train_02549,training_writers,rising_tail,0.24706253,0.43000000,1.74045006,10,68,25,34,20,0,2,24,0,66,30,88,65,95,100,100,5
train_02550,training_writers,long_sweep,0.35925548,0.47000000,1.30826119,0,86,73,100,100,96,71,61,36,25,3,0,6,38,85,43,7
train_02551,training_writers,compact_trace,0.54650371,0.32000000,0.58554039,15,100,0,68,6,23,41,0,80,5,100,42,80,80,42,94,0
train_02552,training_writers,long_sweep,0.34043723,0.47000000,1.38057754,90,100,52,82,22,54,0,24,24,0,82,5,100,23,42,22,6
train_02553,training_writers,compact_trace,0.50630492,0.32000000,0.63203021,0,43,30,54,60,77,91,100,100,84,86,56,74,28,70,0,1
train_02554,training_writers,compact_trace,0.54733111,0.32000000,0.58465524,1,66,28,93,81,100,72,75,82,43,100,12,54,0,0,2,3
train_02555,training_writers,long_sweep,0.34563820,0.47000000,1.35980338,17,72,16,36,40,0,86,12,100,53,79,92,31,100,0,67,0
train_02556,training_writers,long_sweep,0.36521926,0.47000000,1.28689817,61,60,88,97,10,100,16,66,91,82,100,46,82,5,0,0,9
train_02557,training_writers,long_sweep,0.36185990,0.47000000,1.29884520,100,63,71,100,10,85,24,43,56,4,0,0,26,38,88,55,8
train_02558,training_writers,compact_trace,0.49612395,0.32000000,0.64500011,82,94,100,100,96,79,90,55,99,30,74,11,37,6,0,0,3
train_02559,training_writers,compact_trace,0.52725548,0.32000000,0.60691640,39,100,29,92,0,58,2,34,61,37,100,60,82,36,78,0,4
train_02560,training_writers,long_sweep,0.34337761,0.47000000,1.36875553,0,99,45,100,68,72,41,34,16,0,9,41,54,43,100,41,7
train_02561,training_writers,long_sweep,0.34155005,0.47000000,1.37607943,0,80,36,100,81,92,49,65,86,53,100,24,57,4,6,0,3
train_02562,training_writers,long_sweep,0.34556683,0.47000000,1.36008424,81,87,30,73,32,100,81,88,91,57,100,26,79,0,0,9,9
train_02563,training_writers,compact_trace,0.51005671,0.32000000,0.62738122,0,44,28,59,67,78,100,100,89,83,75,56,65,28,67,0,1
train_02564,training_writers,long_sweep,0.34688747,0.47000000,1.35490625,36,100,23,78,57,38,31,0,0,16,11,71,51,94,100,82,5
train_02565,training_writers,long_sweep,0.35647129,0.47000000,1.31847927,75,100,13,74,6,52,100,50,93,82,68,72,37,36,0,0,4
train_02566,training_writers,long_sweep,0.35761850,0.47000000,1.31424967,0,30,46,60,59,100,21,81,67,50,100,16,38,0,7,28,8
train_02567,training_writers,long_sweep,0.34421600,0.47000000,1.36542171,71,99,55,100,0,72,29,56,100,70,73,66,35,33,6,0,4
train_02568,training_writers,compact_trace,0.52131226,0.32000000,0.61383555,0,100,7,100,89,100,100,98,55,76,29,50,12,24,14,0,7
train_02569,training_writers,compact_trace,0.53563462,0.32000000,0.59742218,63,100,53,74,0,49,65,48,100,56,88,62,71,26,69,0,4
train_02570,training_writers,compact_trace,0.53777777,0.32000000,0.59504133,11,68,44,100,50,88,36,46,24,5,0,5,50,1,100,0,1
train_02571,training_writers,long_sweep,0.34863287,0.47000000,1.34812302,100,100,67,99,26,68,0,34,15,0,88,10,60,31,26,4,6
train_02572,training_writers,compact_trace,0.54242113,0.32000000,0.58994752,64,100,29,84,0,56,38,38,100,48,94,53,57,26,24,0,4
train_02573,training_writers,compact_trace,0.50809323,0.32000000,0.62980567,0,56,15,73,65,94,100,100,91,75,82,50,79,25,94,0,1
train_02574,training_writers,long_sweep,0.34499423,0.47000000,1.36234163,20,86,0,53,4,11,48,0,89,24,100,64,74,99,26,100,0
train_02575,training_writers,compact_trace,0.53704053,0.32000000,0.59585820,0,73,26,100,56,72,40,31,3,10,19,22,63,13,100,0,2
train_02576,training_writers,compact_trace,0.53200506,0.32000000,0.60149804,41,90,62,100,29,74,2,47,0,22,64,33,100,28,88,0,4
train_02577,training_writers,compact_trace,0.51785760,0.32000000,0.61793049,0,0,18,27,48,49,76,73,100,100,94,73,82,40,82,9,1
train_02578,training_writers,compact_trace,0.53852014,0.32000000,0.59422104,100,96,66,100,26,94,43,70,87,55,76,19,33,0,0,16,5
train_02579,training_writers,long_sweep,0.34256677,0.47000000,1.37199532,63,100,31,66,0,31,28,22,94,30,100,68,82,38,81,0,4
train_02580,training_writers,compact_trace,0.54331527,0.32000000,0.58897664,0,92,42,97,86,100,72,54,60,0,40,0,56,22,100,21,7
train_02581,training_writers,compact_trace,0.53964997,0.32000000,0.59297696,0,65,24,98,63,100,55,61,26,29,19,0,59,1,100,6,2
train_02582,training_writers,long_sweep,0.34652203,0.47000000,1.35633513,40,71,60,100,100,85,78,46,37,20,0,4,49,3,99,0,2
train_02583,training_writers,long_sweep,0.35433030,0.47000000,1.32644598,37,98,2,64,48,38,17,0,0,26,2,72,38,99,100,100,5
train_02584,training_writers,compact_trace,0.54090059,0.32000000,0.59160593,0,88,5,100,67,98,50,67,63,60,100,36,70,7,5,0,3
train_02585,training_writers,long_sweep,0.36518703,0.47000000,1.28701177,23,83,74,49,100,13,19,0,24,35,82,66,73,100,0,84,8
train_02586,training_writers,compact_trace,0.53664436,0.32000000,0.59629808,12,100,0,75,11,44,98,39,100,56,68,68,58,32,60,0,4
train_02587,training_writers,long_sweep,0.35057859,0.47000000,1.34064090,15,78,6,33,34,0,79,17,100,58,81,99,34,100,0,68,0
train_02588,training_writers,long_sweep,0.34499041,0.47000000,1.36235669,30,69,38,100,82,88,76,53,43,24,0,0,43,6,100,6,2
train_02589,training_writers,compact_trace,0.52291188,0.32000000,0.61195780,14,91,0,96,56,100,100,90,87,66,62,44,35,22,10,0,7
train_02590,training_writers,compact_trace,0.53893987,0.32000000,0.59375826,37,85,74,100,73,68,49,38,19,10,0,4,51,10,100,0,2
train_02591,training_writers,compact_trace,0.52557201,0.32000000,0.60886043,100,100,68,78,39,55,14,32,0,5,34,0,57,23,15,19,6
train_02592,training_writers,long_sweep,0.34805386,0.47000000,1.35036571,45,67,19,31,48,0,85,26,100,74,69,100,28,80,0,43,0
train_02593,training_writers,long_sweep,0.35824236,0.47000000,1.31196098,47,98,5,67,0,23,46,0,95,23,100,67,60,100,10,83,0
train_02594,training_writers,compact_trace,0.54159267,0.32000000,0.59084994,4,100,36,99,44,59,39,20,29,0,0,31,49,39,100,42,7
train_02595,training_writers,compact_trace,0.49948733,0.32000000,0.64065689,0,61,32,81,74,100,100,93,97,69,97,46,95,23,91,0,1
train_02596,training_writers,long_sweep,0.36478841,0.47000000,1.28841814,6,100,16,61,81,44,66,0,0,9,0,55,16,96,100,99,5
train_02597,training_writers,compact_trace,0.51934700,0.32000000,0.61615836,0,88,35,100,69,85,62,58,66,32,100,14,74,1,31,0,3
train_02598,training_writers,long_sweep,0.34487053,0.47000000,1.36283026,0,97,41,100,78,89,53,46,35,0,14,31,47,47,100,54,7
train_02599,training_writers,compact_trace,0.54526401,0.32000000,0.58687167,0,90,41,100,58,78,42,40,32,0,5,24,51,35,100,36,7
train_02600,training_writers,long_sweep,0.36434957,0.47000000,1.28996996,64,89,66,58,74,8,0,0,20,41,92,64,100,100,24,95,8
train_02601,training_writers,long_sweep,0.34134281,0.47000000,1.37691489,35,72,26,94,91,100,82,67,64,51,100,26,53,0,0,3,3
train_02602,training_writers,compact_trace,0.51368352,0.32000000,0.62295165,0,41,47,58,92,84,100,100,84,71,71,42,66,13,74,0,1
train_02603,training_writers,long_sweep,0.34111663,0.47000000,1.37782789,15,87,46,100,87,83,49,59,87,47,100,19,54,0,0,1,3
train_02604,training_writers,long_sweep,0.35433718,0.47000000,1.32642024,6,82,49,100,100,89,70,63,30,40,85,26,60,4,0,0,3
train_02605,training_writers,long_sweep,0.35117592,0.47000000,1.33836054,46,96,57,70,78,30,37,0,1,25,0,72,40,100,100,95,5
train_02606,training_writers,long_sweep,0.36387912,0.47000000,1.29163774,33,83,4,65,73,52,61,7,0,0,6,51,26,95,100,100,5
train_02607,training_writers,long_sweep,0.35662583,0.47000000,1.31790791,68,93,24,82,28,39,45,3,0,0,8,66,48,99,100,100,5
train_02608,training_writers,long_sweep,0.35801661,0.47000000,1.31278826,44,56,99,74,100,100,30,80,0,49,74,64,62,39,36,0,9
train_02609,training_writers,long_sweep,0.35102470,0.47000000,1.33893713,0,67,46,91,100,100,83,56,52,15,22,0,29,28,85,29,7
train_02610,training_writers,long_sweep,0.34685542,0.47000000,1.35503146,100,80,55,100,18,75,77,67,93,71,87,35,66,2,0,0,9
train_02611,training_writers,long_sweep,0.34715428,0.47000000,1.35386493,18,59,41,100,76,81,54,35,15,0,0,14,49,14,100,1,2
train_02612,training_writers,long_sweep,0.34064556,0.47000000,1.37973325,0,94,45,100,92,79,83,37,56,0,36,16,44,44,100,45,7
train_02613,training_writers,compact_trace,0.53897173,0.32000000,0.59372316,17,59,32,100,57,82,32,39,0,5,19,0,59,7,100,14,2
train_02614,training_writers,compact_trace,0.52111650,0.32000000,0.61406614,0,81,27,100,58,90,45,58,25,30,23,0,61,2,100,6,2
train_02615,training_writers,long_sweep,0.36572461,0.47000000,1.28511998,56,86,39,69,100,34,59,0,0,17,53,54,95,94,22,100,8
train_02616,training_writers,compact_trace,0.53787832,0.32000000,0.59493010,23,82,58,100,87,86,62,57,100,49,85,19,45,2,0,0,3
train_02617,training_writers,long_sweep,0.35391457,0.47000000,1.32800408,69,89,6,100,10,64,35,26,10,0,0,36,47,64,100,91,8
train_02618,training_writers,long_sweep,0.36484467,0.47000000,1.28821946,34,100,0,62,71,54,76,11,16,0,10,48,22,88,100,95,5
train_02619,training_writers,compact_trace,0.53515990,0.32000000,0.59795213,0,93,46,100,76,80,70,40,66,0,44,15,51,41,100,39,7
train_02620,training_writers,long_sweep,0.34214773,0.47000000,1.37367563,84,67,57,100,0,88,16,52,75,65,100,72,92,28,97,0,9
train_02621,training_writers,long_sweep,0.34884923,0.47000000,1.34728691,12,87,0,44,20,4,66,0,100,30,89,75,49,100,13,77,0
train_02622,training_writers,long_sweep,0.33886808,0.47000000,1.38697041,18,66,34,100,76,84,51,50,0,26,12,26,58,0,100,20,2
train_02623,training_writers,long_sweep,0.35616857,0.47000000,1.31959989,46,92,18,64,62,40,28,0,0,9,4,63,28,100,100,98,5
train_02624,training_writers,compact_trace,0.53546667,0.32000000,0.59760955,0,93,41,100,61,77,34,52,0,30,4,10,51,3,100,0,2
train_02625,training_writers,compact_trace,0.54570761,0.32000000,0.58639460,59,71,62,100,90,79,67,43,28,16,0,22,50,16,100,0,2
train_02626,training_writers,compact_trace,0.53487306,0.32000000,0.59827279,28,100,15,65,0,29,40,20,100,17,99,36,67,36,59,0,4
train_02627,training_writers,long_sweep,0.33915920,0.47000000,1.38577991,10,77,37,100,90,88,72,57,99,52,100,18,48,0,0,17,3
train_02628,training_writers,compact_trace,0.53612229,0.32000000,0.59687875,53,94,100,100,60,90,28,65,42,52,72,35,46,7,0,0,5
train_02629,training_writers,compact_trace,0.52721928,0.32000000,0.60695807,0,81,20,100,64,100,100,85,72,60,35,42,46,21,79,0,3
train_02630,training_writers,long_sweep,0.34620843,0.47000000,1.35756371,40,99,2,100,35,72,56,99,86,67,100,28,59,0,0,7,9
train_02631,training_writers,compact_trace,0.54167528,0.32000000,0.59075984,19,89,60,100,54,69,47,50,100,48,99,20,54,2,0,0,3
train_02632,training_writers,long_sweep,0.35090398,0.47000000,1.33939774,100,91,96,100,50,70,9,40,0,6,76,0,93,26,28,21,6
train_02633,training_writers,compact_trace,0.50299185,0.32000000,0.63619322,6,100,4,95,0,71,2,47,45,30,100,44,78,24,82,0,4
train_02634,training_writers,compact_trace,0.51868939,0.32000000,0.61693955,0,40,31,62,68,78,100,100,91,91,67,62,46,33,36,0,1
train_02635,training_writers,compact_trace,0.54378768,0.32000000,0.58846497,7,100,40,89,37,48,21,9,0,0,3,40,48,58,100,65,7
train_02636,training_writers,long_sweep,0.34542750,0.47000000,1.36063282,0,100,39,98,70,69,48,33,22,0,1,37,45,44,100,46,7
train_02637,training_writers,rising_tail,0.25354012,0.43000000,1.69598406,0,0,41,16,77,37,100,65,100,96,60,100,54,71,87,48,9
train_02638,training_writers,long_sweep,0.34533989,0.47000000,1.36097801,97,100,49,92,15,65,0,35,15,6,74,0,100,23,45,29,6
train_02639,training_writers,long_sweep,0.33907166,0.47000000,1.38613766,64,100,26,75,0,51,68,52,100,72,74,56,48,28,23,0,4
train_02640,training_writers,rising_tail,0.23085130,0.43000000,1.86267091,0,0,34,12,67,28,89,50,100,77,84,100,58,85,85,65,9
train_02641,training_writers,compact_trace,0.50649331,0.32000000,0.63179511,0,63,38,79,75,99,100,100,88,75,78,48,70,22,58,0,1
train_02642,training_writers,long_sweep,0.34291288,0.47000000,1.37061053,75,100,32,76,9,50,0,22,37,0,100,15,89,40,39,22,6
train_02643,training_writers,long_sweep,0.35906087,0.47000000,1.30897026,4,80,3,52,47,54,55,0,10,2,0,80,43,100,100,95,5
train_02644,training_writers,long_sweep,0.34710174,0.47000000,1.35406983,10,58,26,99,67,100,59,57,29,22,0,0,50,7,100,0,2
train_02645,training_writers,long_sweep,0.34388879,0.47000000,1.36672092,100,100,80,100,38,71,11,34,31,0,81,12,53,45,0,45,6
train_02646,training_writers,long_sweep,0.35980407,0.47000000,1.30626650,40,82,10,76,59,42,66,0,0,7,0,46,32,86,100,100,5
train_02647,training_writers,compact_trace,0.54400459,0.32000000,0.58823033,38,100,14,71,0,42,54,51,100,58,64,70,49,35,45,0,4
train_02648,training_writers,long_sweep,0.35346655,0.47000000,1.32968736,90,70,53,63,0,75,45,100,100,88,86,55,53,25,8,0,9
train_02649,training_writers,long_sweep,0.35028030,0.47000000,1.34178255,88,95,43,99,8,65,0,23,40,0,88,21,100,61,79,100,0
train_02650,training_writers,long_sweep,0.35178053,0.47000000,1.33606031,42,94,12,60,56,33,33,0,0,20,13,71,48,100,100,96,5
train_02651,training_writers,long_sweep,0.35052722,0.47000000,1.34083737,8,85,67,100,74,68,44,34,12,0,0,31,34,46,100,46,7
train_02652,training_writers,long_sweep,0.36554696,0.47000000,1.28574450,50,83,26,62,58,100,14,60,2,30,50,0,100,51,0,34,8
train_02653,training_writers,long_sweep,0.36356272,0.47000000,1.29276181,45,65,76,96,2,100,0,72,82,79,100,49,79,11,3,0,9
train_02654,training_writers,long_sweep,0.35929506,0.47000000,1.30811705,46,94,16,98,0,48,30,1,87,0,100,51,80,100,27,85,0
train_02655,training_writers,compact_trace,0.54218251,0.32000000,0.59020716,14,65,35,100,64,79,48,41,16,11,0,8,50,9,100,0,2
train_02656,training_writers,long_sweep,0.36662410,0.47000000,1.28196700,0,95,21,65,86,30,54,0,14,25,68,62,100,100,0,90,8
train_02657,training_writers,long_sweep,0.35213632,0.47000000,1.33471038,100,83,66,93,11,100,3,64,58,56,91,23,47,0,0,7,5
train_02658,training_writers,long_sweep,0.35565801,0.47000000,1.32149422,30,94,73,100,29,91,6,52,51,46,100,24,45,0,0,14,5
train_02659,training_writers,long_sweep,0.35326463,0.47000000,1.33044737,56,97,16,100,0,55,18,11,67,0,100,36,91,82,44,98,0
train_02660,training_writers,long_sweep,0.36443586,0.47000000,1.28966452,38,100,5,61,66,52,66,19,0,0,6,51,24,97,100,98,5
train_02661,training_writers,compact_trace,0.50515912,0.32000000,0.63346377,62,100,84,93,67,70,82,48,100,26,77,6,39,0,0,2,3
train_02662,training_writers,long_sweep,0.36966948,0.47000000,1.27140602,85,90,10,65,100,69,34,100,53,41,0,0,92,5,35,48,8
train_02663,training_writers,long_sweep,0.34225216,0.47000000,1.37325650,14,89,57,100,90,78,49,55,70,39,100,12,52,0,0,9,3
train_02664,training_writers,compact_trace,0.54023217,0.32000000,0.59233792,20,92,22,100,0,63,41,40,100,41,95,74,69,39,57,0,4
train_02665,training_writers,compact_trace,0.50946248,0.32000000,0.62811299,0,47,7,58,48,79,90,100,100,81,85,54,67,27,51,0,1
train_02666,training_writers,long_sweep,0.34556959,0.47000000,1.36007338,58,95,36,68,62,29,34,0,0,19,8,64,45,91,100,100,5
train_02667,training_writers,long_sweep,0.35593911,0.47000000,1.32045056,100,100,66,90,25,59,0,24,36,0,98,12,62,34,0,26,6
train_02668,training_writers,compact_trace,0.51695306,0.32000000,0.61901172,0,68,47,82,89,100,100,90,81,67,58,45,34,22,13,0,1
train_02669,training_writers,long_sweep,0.35022411,0.47000000,1.34199783,0,52,23,0,79,5,100,58,59,60,74,64,79,100,27,74,0
train_02670,training_writers,compact_trace,0.54086282,0.32000000,0.59164725,55,82,53,100,100,86,81,59,38,39,78,24,54,3,0,0,3
train_02671,training_writers,compact_trace,0.53484379,0.32000000,0.59830553,64,100,36,67,0,37,30,32,91,37,100,54,80,36,70,0,4
train_02672,training_writers,compact_trace,0.52124861,0.32000000,0.61391050,57,70,57,100,55,66,33,36,0,16,23,9,60,0,100,3,2
train_02673,training_writers,long_sweep,0.34146563,0.47000000,1.37641966,0,94,53,100,94,77,79,37,53,0,37,1,50,40,100,57,7
train_02674,training_writers,compact_trace,0.54280388,0.32000000,0.58953152,0,70,14,97,66,100,100,79,66,55,94,27,90,0,41,2,3
train_02675,training_writers,compact_trace,0.51614604,0.32000000,0.61997958,100,89,80,100,41,91,47,63,70,38,77,9,40,0,0,4,5
train_02676,training_writers,long_sweep,0.36528829,0.47000000,1.28665499,55,68,71,40,100,6,5,0,14,35,66,68,89,100,0,83,8
train_02677,training_writers,long_sweep,0.34881599,0.47000000,1.34741530,72,100,32,80,9,49,13,16,59,0,100,24,59,41,0,31,6
train_02678,training_writers,compact_trace,0.52378054,0.32000000,0.61094289,18,100,23,73,0,41,17,17,83,18,100,43,84,35,76,0,4
train_02679,training_writers,compact_trace,0.49703378,0.32000000,0.64381941,54,73,92,92,100,100,65,80,42,61,19,41,8,20,0,0,1
train_02680,training_writers,long_sweep,0.36137437,0.47000000,1.30059030,41,58,99,39,100,1,27,0,33,40,80,75,66,100,0,83,8
train_02681,training_writers,long_sweep,0.35810939,0.47000000,1.31244814,13,78,44,47,36,0,0,0,48,39,100,74,85,100,20,79,8
train_02682,training_writers,compact_trace,0.52940410,0.32000000,0.60445319,27,100,28,96,0,64,3,37,88,43,100,68,94,33,100,0,4
train_02683,training_writers,long_sweep,0.34136167,0.50000000,1.46472214,0,0,42,18,77,43,100,73,84,100,29,92,24,64,79,53,9
train_02684,training_writers,long_sweep,0.34315028,0.47000000,1.36966230,55,100,18,78,0,49,5,20,46,0,100,12,68,29,10,22,6
train_02685,training_writers,long_sweep,0.36818280,0.47000000,1.27653980,19,90,57,61,96,19,17,0,2,34,81,64,100,100,0,99,8
train_02686,training_writers,compact_trace,0.52875391,0.32000000,0.60519648,21,77,54,100,57,70,31,37,0,11,17,3,58,1,100,0,2
train_02687,training_writers,long_sweep,0.34760956,0.47000000,1.35209169,32,42,26,0,71,1,100,36,87,79,45,100,0,81,0,41,0
train_02688,training_writers,compact_trace,0.54451118,0.32000000,0.58768306,100,77,53,73,18,92,60,100,84,74,71,42,41,16,0,0,9
train_02689,training_writers,compact_trace,0.53618481,0.32000000,0.59680915,100,100,61,93,33,65,15,33,25,0,64,6,44,33,0,37,6
train_02690,training_writers,compact_trace,0.54167469,0.32000000,0.59076048,95,68,75,100,43,74,84,66,100,52,87,12,39,0,0,21,9
train_02691,training_writers,compact_trace,0.54200082,0.32000000,0.59040501,0,80,25,100,61,89,51,57,28,28,0,2,50,0,100,1,2
train_02692,training_writers,compact_trace,0.54251268,0.32000000,0.58984797,7,96,59,100,100,89,65,67,71,52,92,31,52,12,0,0,3
train_02693,training_writers,compact_trace,0.54646078,0.32000000,0.58558640,12,78,50,100,79,77,44,46,1,23,0,13,53,7,100,0,2
train_02694,training_writers,compact_trace,0.53935342,0.32000000,0.59330300,29,82,44,100,93,92,68,63,77,40,100,13,53,0,0,4,3
train_02695,training_writers,long_sweep,0.36231695,0.47000000,1.29720676,77,100,48,90,24,30,56,0,100,43,90,94,34,72,0,21,0
train_02696,training_writers,long_sweep,0.35733475,0.47000000,1.31529329,35,95,96,100,100,97,27,87,28,66,96,48,72,13,0,0,5
train_02697,training_writers,long_sweep,0.35744267,0.47000000,1.31489619,100,100,29,88,45,52,79,16,16,0,0,33,42,68,44,98,8
train_02698,training_writers,compact_trace,0.54141116,0.32000000,0.59104803,100,100,72,90,35,66,6,38,0,8,50,0,69,19,14,22,6
train_02699,training_writers,compact_trace,0.51731209,0.32000000,0.61858210,30,87,65,100,83,80,73,61,100,39,81,14,41,0,0,4,3
train_02700,training_writers,long_sweep,0.34508761,0.47000000,1.36197300,44,73,77,100,100,68,78,28,68,0,100,33,56,51,0,53,8
train_02701,training_writers,long_sweep,0.35340859,0.47000000,1.32990540,0,84,41,100,86,75,33,52,54,45,100,19,51,0,2,13,3
train_02702,training_writers,compact_trace,0.52666553,0.32000000,0.60759625,0,36,30,59,66,79,100,100,76,75,50,51,26,26,17,0,1
train_02703,training_writers,long_sweep,0.36283948,0.47000000,1.29533865,16,92,0,70,68,36,68,0,15,25,53,63,100,100,34,92,8
train_02704,training_writers,long_sweep,0.34603053,0.47000000,1.35826166,0,88,34,100,92,80,89,39,62,0,38,14,32,41,100,41,7
train_02705,training_writers,compact_trace,0.54082714,0.32000000,0.59168628,100,100,56,93,23,65,0,31,18,0,65,4,61,22,17,9,6
train_02706,training_writers,long_sweep,0.33915287,0.47000000,1.38580577,100,100,73,92,34,69,6,42,0,12,50,0,91,17,37,23,6
train_02707,training_writers,compact_trace,0.53628102,0.32000000,0.59670208,55,93,100,100,73,100,34,78,44,56,77,36,45,9,0,0,5
train_02708,training_writers,long_sweep,0.34827320,0.47000000,1.34951525,20,91,27,61,66,35,47,0,0,21,11,66,44,95,100,100,5
train_02709,training_writers,long_sweep,0.34269412,0.47000000,1.37148545,23,100,14,76,11,41,94,35,100,51,52,71,24,35,0,0,4
train_02710,training_writers,long_sweep,0.34223290,0.47000000,1.37333378,11,85,44,59,47,21,7,0,0,38,5,75,50,92,100,100,5
train_02711,training_writers,compact_trace,0.52542717,0.32000000,0.60902827,23,58,66,77,100,100,95,87,81,59,71,30,52,3,0,0,1
train_02712,training_writers,long_sweep,0.34577510,0.47000000,1.35926504,17,83,2,54,0,13,47,0,90,26,100,68,71,100,26,79,0
train_02713,training_writers,long_sweep,0.36695637,0.47000000,1.28080623,14,77,0,56,91,55,94,11,26,0,8,46,2,91,100,100,5
train_02714,training_writers,compact_trace,0.53150304,0.32000000,0.60206617,32,100,19,74,0,42,44,31,100,44,93,66,85,33,81,0,4
train_02715,training_writers,compact_trace,0.54601694,0.32000000,0.58606240,24,100,0,69,8,35,55,34,100,40,95,79,90,39,80,0,4
train_02716,training_writers,long_sweep,0.34641953,0.47000000,1.35673644,62,100,36,92,12,57,12,19,61,0,100,22,51,41,0,27,6
train_02717,training_writers,compact_trace,0.51182124,0.32000000,0.62521829,15,100,0,76,8,50,62,47,100,62,82,57,82,28,85,0,4
train_02718,training_writers,compact_trace,0.51761977,0.32000000,0.61821441,0,28,22,49,58,74,92,100,100,90,78,59,55,29,46,0,1
train_02719,training_writers,compact_trace,0.54620622,0.32000000,0.58585931,100,94,53,100,21,84,14,52,62,44,81,14,43,0,0,17,5
train_02720,training_writers,long_sweep,0.35885084,0.47000000,1.30973639,92,100,37,100,1,68,0,29,41,0,100,5,67,32,8,23,6
train_02721,training_writers,compact_trace,0.48527388,0.32000000,0.65942144,0,100,5,86,2,66,3,45,38,34,68,39,81,19,100,0,4
train_02722,training_writers,compact_trace,0.50740159,0.32000000,0.63066417,0,43,26,65,57,84,94,100,100,79,87,52,75,26,66,0,1
train_02723,training_writers,long_sweep,0.34782460,0.47000000,1.35125579,8,97,63,100,67,65,56,30,45,0,0,27,29,40,100,40,7
train_02724,training_writers,compact_trace,0.49856302,0.32000000,0.64184464,0,43,46,66,73,90,79,100,81,74,85,49,88,24,100,0,1
train_02725,training_writers,long_sweep,0.35911316,0.47000000,1.30877966,52,95,8,73,10,22,55,0,100,24,96,74,51,100,0,91,0
train_02726,training_writers,long_sweep,0.33909985,0.47000000,1.38602243,64,99,24,99,62,80,74,100,100,62,92,18,48,0,0,9,9
train_02727,training_writers,long_sweep,0.34884840,0.47000000,1.34729011,20,100,17,60,51,27,17,0,6,40,0,82,42,96,100,96,5
train_02728,training_writers,compact_trace,0.54766442,0.32000000,0.58429941,45,100,2,72,0,49,81,55,100,79,88,66,59,33,33,0,4
train_02729,training_writers,long_sweep,0.35863061,0.47000000,1.31054066,0,20,38,56,46,100,6,81,58,56,100,24,50,0,7,15,8
train_02730,training_writers,compact_trace,0.53342451,0.32000000,0.59989744,36,77,55,100,53,57,34,19,0,0,23,19,62,14,100,4,2
train_02731,training_writers,long_sweep,0.35264898,0.47000000,1.33277005,27,87,18,44,33,0,79,0,100,42,82,85,32,100,0,66,0
train_02732,training_writers,compact_trace,0.52827959,0.32000000,0.60573985,24,100,0,81,19,52,82,49,100,77,80,66,67,33,59,0,4
train_02733,training_writers,long_sweep,0.34490744,0.47000000,1.36268444,100,100,57,78,29,51,22,19,61,0,97,21,57,40,0,35,6
train_02734,training_writers,long_sweep,0.34367073,0.47000000,1.36758810,49,73,69,100,100,77,82,40,47,11,0,0,43,11,95,11,2
train_02735,training_writers,long_sweep,0.35521185,0.47000000,1.32315406,42,94,0,60,23,30,86,30,100,61,70,100,69,50,71,0,4
train_02736,training_writers,compact_trace,0.50130451,0.32000000,0.63833457,0,100,34,94,70,90,100,85,78,64,57,41,42,15,43,0,7
train_02737,training_writers,compact_trace,0.50871409,0.32000000,0.62903703,0,82,10,99,54,99,98,100,100,80,78,55,62,28,57,0,7
train_02738,training_writers,compact_trace,0.51687477,0.32000000,0.61910548,13,100,10,79,0,48,4,19,75,22,87,49,89,29,100,0,4
train_02739,training_writers,long_sweep,0.35058756,0.47000000,1.34060662,48,100,24,75,5,40,2,5,59,0,100,26,43,30,0,5,6
train_02740,training_writers,long_sweep,0.33884697,0.47000000,1.38705683,92,70,34,59,0,75,39,100,89,97,98,65,93,32,100,0,9
train_02741,training_writers,long_sweep,0.34148873,0.47000000,1.37632654,0,100,36,90,100,85,66,61,35,19,33,0,63,34,25,28,7
train_02742,training_writers,long_sweep,0.34706000,0.47000000,1.35423270,58,81,49,74,85,95,38,100,88,73,100,35,67,0,0,0,9
train_02743,training_writers,long_sweep,0.33998030,0.47000000,1.38243306,16,89,54,100,94,88,61,65,100,43,96,12,50,1,0,0,3
train_02744,training_writers,compact_trace,0.51414959,0.32000000,0.62238696,0,65,64,81,100,100,91,81,79,61,73,39,67,19,97,0,1
train_02745,training_writers,long_sweep,0.34682928,0.47000000,1.35513359,47,82,83,100,100,67,67,33,28,0,1,14,0,41,78,35,7
train_02746,training_writers,long_sweep,0.35839286,0.47000000,1.31141006,32,53,41,90,100,100,94,60,56,25,0,0,30,9,99,11,2
train_02747,training_writers,long_sweep,0.36040836,0.47000000,1.30407629,0,80,7,100,93,100,98,68,64,26,41,0,15,41,100,48,7
train_02748,training_writers,compact_trace,0.53501834,0.32000000,0.59811033,0,92,44,100,88,91,82,66,55,44,26,23,51,6,100,0,2
train_02749,training_writers,compact_trace,0.50446166,0.32000000,0.63433958,51,100,29,82,10,60,0,35,27,20,69,22,100,25,100,0,4
train_02750,training_writers,long_sweep,0.35886123,0.47000000,1.30969847,64,99,23,76,61,60,57,21,0,0,9,50,38,94,100,100,5
train_02751,training_writers,compact_trace,0.51184630,0.32000000,0.62518768,7,80,21,100,34,72,18,41,0,12,30,1,65,0,100,2,2
train_02752,training_writers,long_sweep,0.35658248,0.47000000,1.31806812,24,91,10,69,65,40,46,0,0,11,8,57,29,98,100,100,5
train_02753,training_writers,compact_trace,0.52532768,0.32000000,0.60914361,5,78,30,100,50,72,30,38,0,13,25,2,62,0,100,5,2
train_02754,training_writers,long_sweep,0.34463796,0.47000000,1.36374996,43,75,71,100,38,68,0,37,60,32,100,51,82,34,54,0,4
train_02755,training_writers,compact_trace,0.50437975,0.32000000,0.63444260,0,70,46,81,100,100,88,88,81,66,77,43,68,22,63,0,1
train_02756,training_writers,long_sweep,0.36476437,0.47000000,1.28850304,33,83,1,71,0,13,62,0,100,48,73,100,16,77,8,20,0
train_02757,training_writers,rising_tail,0.26014909,0.43000000,1.65289833,17,36,37,4,72,0,100,29,92,75,62,100,26,96,0,66,0
train_02758,training_writers,long_sweep,0.34398663,0.47000000,1.36633219,24,93,49,100,100,90,67,63,50,35,97,17,54,0,0,6,3
train_02759,training_writers,compact_trace,0.54115940,0.32000000,0.59132300,42,100,22,65,0,40,91,40,100,64,88,72,91,36,93,0,4
train_02760,training_writers,long_sweep,0.36531733,0.47000000,1.28655272,65,98,41,74,100,100,32,85,10,60,0,0,73,12,33,62,8
train_02761,training_writers,long_sweep,0.35709254,0.47000000,1.31618544,49,97,23,67,72,36,35,0,0,20,4,69,32,96,100,100,5
train_02762,training_writers,compact_trace,0.51069220,0.32000000,0.62660052,28,100,0,73,16,49,75,47,100,63,94,59,93,29,83,0,4
train_02763,training_writers,long_sweep,0.34991625,0.47000000,1.34317853,51,99,17,86,0,42,24,2,73,0,100,38,87,82,42,100,0
train_02764,training_writers,long_sweep,0.35570143,0.47000000,1.32133289,54,98,14,71,0,23,40,0,86,22,100,69,64,100,18,86,0
train_02765,training_writers,compact_trace,0.54553373,0.32000000,0.58658151,100,90,95,100,59,70,27,38,6,5,54,0,65,27,0,18,6
train_02766,training_writers,long_sweep,0.36735962,0.47000000,1.27940027,76,100,59,66,89,23,9,0,0,31,80,62,100,96,2,86,8
train_02767,training_writers,compact_trace,0.51991495,0.32000000,0.61548529,0,85,32,100,65,88,49,52,21,24,30,6,65,4,100,0,2
train_02768,training_writers,long_sweep,0.34615979,0.47000000,1.35775448,100,90,48,100,0,88,8,60,60,52,86,22,50,0,8,12,5
train_02769,training_writers,compact_trace,0.52487847,0.32000000,0.60966493,50,100,26,84,0,60,6,36,58,35,100,50,78,26,63,0,4
train_02770,training_writers,compact_trace,0.53926393,0.32000000,0.59340145,30,78,64,100,90,82,62,57,95,42,100,17,52,4,0,0,3
train_02771,training_writers,long_sweep,0.35112281,0.47000000,1.33856299,4,99,50,100,100,97,65,57,37,12,16,0,0,39,55,45,7
train_02772,training_writers,long_sweep,0.35681119,0.47000000,1.31722326,2,98,80,100,100,75,56,39,26,0,5,1,0,28,80,29,7
train_02773,training_writers,compact_trace,0.52703753,0.32000000,0.60716739,40,100,11,87,0,57,11,29,66,40,100,58,82,29,78,0,4
train_02774,training_writers,compact_trace,0.53748963,0.32000000,0.59536032,72,77,97,100,100,73,74,42,40,16,0,0,36,6,82,4,2
train_02775,training_writers,long_sweep,0.35924118,0.47000000,1.30831326,66,74,23,100,14,69,64,36,47,0,0,23,35,60,100,87,8
train_02776,training_writers,long_sweep,0.35034724,0.47000000,1.34152618,81,100,30,80,2,52,0,21,45,0,100,11,72,35,21,19,6
train_02777,training_writers,compact_trace,0.52403442,0.32000000,0.61064691,35,74,17,80,96,100,100,93,70,70,39,47,13,23,0,0,1
train_02778,training_writers,long_sweep,0.36261855,0.47000000,1.29612786,51,94,80,59,100,100,26,88,74,67,93,63,83,9,0,0,9
train_02779,training_writers,long_sweep,0.34713591,0.47000000,1.35393658,5,75,0,46,16,5,67,0,100,34,92,75,47,100,6,77,0
train_02780,training_writers,long_sweep,0.35326149,0.47000000,1.33045920,27,92,0,66,15,21,60,0,100,28,96,73,53,100,2,92,0
train_02781,training_writers,compact_trace,0.54439318,0.32000000,0.58781045,0,86,37,100,85,93,72,67,94,36,100,4,53,0,6,11,3
train_02782,training_writers,long_sweep,0.35826147,0.47000000,1.31189100,21,93,0,65,56,35,48,0,17,26,61,60,100,95,32,100,8
train_02783,training_writers,compact_trace,0.54568643,0.32000000,0.58641737,0,85,42,100,79,80,70,40,75,0,44,14,42,39,100,48,7
train_02784,training_writers,long_sweep,0.34087911,0.47000000,1.37878792,55,100,7,74,0,51,72,52,100,75,77,66,48,33,23,0,4
train_02785,training_writers,compact_trace,0.50052147,0.32000000,0.63933322,0,63,19,73,58,97,65,100,58,73,50,48,54,22,100,0,1
train_02786,training_writers,long_sweep,0.34799723,0.47000000,1.35058547,15,100,0,68,39,37,19,0,1,45,6,89,53,97,100,99,5
train_02787,training_writers,compact_trace,0.52268082,0.32000000,0.61222832,0,100,48,99,59,77,61,54,91,35,100,15,59,1,11,0,3
train_02788,training_writers,long_sweep,0.34169836,0.47000000,1.37548215,73,100,48,70,23,41,21,9,69,1,100,22,46,17,0,0,6
train_02789,training_writers,compact_trace,0.52849329,0.32000000,0.60549492,0,22,21,46,61,73,100,100,91,88,61,59,39,30,24,0,1
train_02790,training_writers,long_sweep,0.36681915,0.47000000,1.28128535,36,100,39,66,100,97,34,100,29,47,0,0,73,10,32,66,8
train_02791,training_writers,long_sweep,0.35985734,0.47000000,1.30607312,0,73,54,47,100,15,43,0,51,35,81,69,63,100,2,72,8
train_02792,training_writers,compact_trace,0.53954685,0.32000000,0.59309030,0,93,45,100,75,73,73,36,61,0,34,29,49,45,100,51,7
train_02793,training_writers,compact_trace,0.50484614,0.32000000,0.63385648,100,84,78,100,69,82,87,83,80,51,77,17,45,0,0,8,9
train_02794,training_writers,compact_trace,0.54151629,0.32000000,0.59093329,0,86,35,97,100,100,73,67,48,34,21,0,18,5,56,24,7
train_02795,training_writers,compact_trace,0.53952446,0.32000000,0.59311491,0,93,43,100,78,77,60,39,52,0,34,12,43,38,100,32,7
train_02796,training_writers,long_sweep,0.36224644,0.47000000,1.29745926,36,93,98,100,43,98,8,72,65,55,100,26,63,1,0,0,5
train_02797,training_writers,compact_trace,0.51841221,0.32000000,0.61726941,0,37,29,60,68,82,100,100,77,75,57,51,45,25,45,0,1
train_02798,training_writers,compact_trace,0.53289229,0.32000000,0.60049659,0,62,31,82,100,100,100,80,81,60,38,40,6,20,12,0,1
train_02799,training_writers,compact_trace,0.51789115,0.32000000,0.61789046,14,100,14,87,0,59,11,35,100,40,97,54,83,27,100,0,4
train_02800,training_writers,long_sweep,0.35331804,0.47000000,1.33024624,26,92,0,54,13,12,63,0,99,30,100,74,61,100,13,80,0
train_02801,training_writers,long_sweep,0.35335036,0.47000000,1.33012457,98,76,67,100,0,92,23,66,90,74,100,53,72,22,19,0,9
train_02802,training_writers,long_sweep,0.36607960,0.47000000,1.28387378,62,76,0,100,22,68,90,37,100,0,13,8,13,47,68,81,8
train_02803,training_writers,compact_trace,0.54183537,0.32000000,0.59058529,36,70,42,100,69,70,55,32,19,3,0,8,50,9,100,0,2
train_02804,training_writers,long_sweep,0.36539305,0.47000000,1.28628608,23,100,46,57,100,79,49,89,0,48,20,0,79,22,24,53,8
train_02805,training_writers,compact_trace,0.53896624,0.32000000,0.59372921,68,100,34,88,0,62,6,42,70,49,100,51,62,27,42,0,4
train_02806,training_writers,compact_trace,0.53953337,0.32000000,0.59310511,0,100,46,100,86,84,68,43,56,0,40,9,50,34,100,34,7
train_02807,training_writers,long_sweep,0.34504306,0.47000000,1.36214882,88,100,100,99,52,74,14,46,0,14,57,0,84,20,18,26,6
train_02808,training_writers,compact_trace,0.54416474,0.32000000,0.58805721,60,100,25,75,0,48,27,26,100,28,84,55,69,28,52,0,4
train_02809,training_writers,long_sweep,0.35725005,0.47000000,1.31560514,100,100,53,100,14,66,0,25,41,0,95,18,66,47,9,34,6
train_02810,training_writers,long_sweep,0.35552247,0.47000000,1.32199802,42,94,1,70,0,26,44,0,92,22,100,66,64,100,17,84,0
train_02811,training_writers,compact_trace,0.52587092,0.32000000,0.60851435,0,100,38,100,65,72,60,36,52,0,40,17,46,41,100,45,7
train_02812,training_writers,long_sweep,0.34544403,0.47000000,1.36056772,13,93,21,49,51,24,15,0,0,45,18,92,59,100,100,95,5
train_02813,training_writers,compact_trace,0.50468587,0.32000000,0.63405777,0,58,38,78,73,98,100,100,92,74,84,49,77,23,80,0,1
train_02814,training_writers,compact_trace,0.52667715,0.32000000,0.60758285,0,74,14,100,53,98,43,65,18,38,20,8,59,0,100,6,2
train_02815,training_writers,compact_trace,0.54595605,0.32000000,0.58612777,100,83,37,70,0,84,52,100,94,82,95,55,91,27,92,0,9
train_02816,training_writers,compact_trace,0.51885435,0.32000000,0.61674341,61,79,90,100,100,78,76,54,42,32,7,13,0,0,49,3,2
train_02817,training_writers,compact_trace,0.47643800,0.32000000,0.67165088,100,100,89,94,89,79,78,63,56,47,33,31,22,16,0,0,1
train_02818,training_writers,compact_trace,0.54293749,0.32000000,0.58938645,50,81,74,100,100,75,75,43,36,20,0,28,47,23,84,0,2
train_02819,training_writers,long_sweep,0.34832171,0.47000000,1.34932732,57,99,1,100,39,80,64,95,78,58,100,22,59,0,0,5,9
train_02820,training_writers,long_sweep,0.34120151,0.47000000,1.37748511,53,100,35,93,6,61,0,28,36,0,96,12,100,42,37,28,6
train_02821,training_writers,long_sweep,0.34320567,0.47000000,1.36944124,0,83,43,100,72,76,35,51,69,45,100,21,59,0,5,0,3
train_02822,training_writers,long_sweep,0.35326923,0.47000000,1.33043004,92,100,56,78,21,50,1,18,43,0,100,12,60,23,0,13,6
train_02823,training_writers,compact_trace,0.54713326,0.32000000,0.58486666,45,92,37,100,76,99,63,47,30,5,0,0,50,8,100,2,2
train_02824,training_writers,compact_trace,0.54297959,0.32000000,0.58934075,50,100,42,78,0,52,24,38,83,35,100,64,69,32,41,0,4
train_02825,training_writers,compact_trace,0.53388927,0.32000000,0.59937522,30,84,36,100,79,90,56,63,86,51,100,26,61,4,0,0,3
train_02826,training_writers,long_sweep,0.35003066,0.47000000,1.34273954,0,100,64,95,100,88,72,50,47,11,19,0,18,30,84,27,7
train_02827,training_writers,long_sweep,0.34330035,0.47000000,1.36906356,19,60,52,87,71,100,57,58,46,16,0,0,49,7,100,8,1
train_02828,training_writers,long_sweep,0.35369324,0.47000000,1.32883513,0,81,24,100,92,97,98,52,80,5,34,0,32,23,100,33,7
train_02829,training_writers,long_sweep,0.35028637,0.47000000,1.34175931,89,90,49,100,14,73,11,41,49,17,100,28,41,24,0,0,6
train_02830,training_writers,long_sweep,0.35054936,0.47000000,1.34075269,100,100,46,87,8,60,0,26,33,0,85,8,64,35,8,30,6
train_02831,training_writers,long_sweep,0.35608858,0.47000000,1.31989632,30,93,34,78,75,100,18,95,79,75,100,37,72,5,0,0,9
train_02832,training_writers,compact_trace,0.53603098,0.32000000,0.59698043,35,100,17,68,0,36,50,37,100,36,81,58,62,35,56,0,4
train_02833,training_writers,compact_trace,0.52713429,0.32000000,0.60705594,0,42,7,64,52,83,100,100,94,78,67,52,43,26,22,0,1
train_02834,training_writers,long_sweep,0.36714254,0.47000000,1.28015675,65,95,0,77,46,36,35,0,5,26,73,61,100,100,6,84,8
train_02835,training_writers,compact_trace,0.54636756,0.32000000,0.58568631,95,76,100,94,47,100,0,81,34,69,80,53,65,23,25,0,9
train_02836,training_writers,long_sweep,0.35047054,0.47000000,1.34105422,55,100,7,78,0,47,83,43,100,77,84,64,48,32,13,0,4
train_02837,training_writers,compact_trace,0.54351700,0.32000000,0.58875803,32,100,0,79,16,51,77,49,100,80,70,62,45,32,26,0,4
train_02838,training_writers,compact_trace,0.54704485,0.32000000,0.58496118,20,73,58,100,62,87,55,42,41,3,0,0,50,1,100,6,1
train_02839,training_writers,compact_trace,0.54548222,0.32000000,0.58663690,0,78,29,100,69,87,62,57,34,32,2,8,48,1,100,0,2
train_02840,training_writers,long_sweep,0.34730393,0.47000000,1.35328155,100,100,56,65,0,36,3,34,80,33,99,54,68,38,36,0,4
train_02841,training_writers,compact_trace,0.52007687,0.32000000,0.61529365,74,100,46,72,8,49,0,38,52,34,100,41,96,32,96,0,4
train_02842,training_writers,compact_trace,0.52499314,0.32000000,0.60953177,19,100,0,73,9,46,72,47,100,61,82,69,75,34,60,0,4
train_02843,training_writers,long_sweep,0.35069957,0.47000000,1.34017845,79,100,28,87,0,52,7,13,57,0,99,26,100,65,71,100,0
train_02844,training_writers,long_sweep,0.35305557,0.47000000,1.33123519,97,95,48,100,13,67,0,25,41,0,91,16,100,56,68,91,0
train_02845,training_writers,compact_trace,0.54463626,0.32000000,0.58754810,12,80,40,100,81,90,64,60,64,30,100,9,53,0,0,1,3
train_02846,training_writers,long_sweep,0.36557295,0.47000000,1.28565311,40,83,81,46,79,7,5,0,51,35,100,71,72,100,0,77,8
train_02847,training_writers,long_sweep,0.34507608,0.47000000,1.36201848,0,100,53,97,100,96,71,58,57,14,44,0,33,35,90,38,7
train_02848,training_writers,long_sweep,0.35592084,0.47000000,1.32051834,40,99,5,63,46,41,9,0,0,34,1,86,37,100,100,96,5
train_02849,training_writers,long_sweep,0.35194080,0.47000000,1.33545186,84,100,35,84,5,55,0,21,44,0,100,7,63,18,9,7,6
train_02850,training_writers,long_sweep,0.34332450,0.47000000,1.36896726,33,75,68,100,100,98,52,92,37,51,79,35,47,6,0,0,5
train_02851,training_writers,compact_trace,0.52894668,0.32000000,0.60497591,20,100,0,79,0,45,61,41,98,62,100,74,90,37,82,0,4
train_02852,training_writers,compact_trace,0.50668011,0.32000000,0.63156219,4,100,0,100,7,69,56,55,100,67,86,60,62,31,55,0,4
train_02853,training_writers,long_sweep,0.34750204,0.47000000,1.35251006,100,89,39,75,0,78,55,100,93,85,70,54,35,24,23,0,9
train_02854,training_writers,compact_trace,0.52960307,0.32000000,0.60422611,47,93,92,100,100,96,55,84,60,57,83,25,45,5,0,0,5
train_02855,training_writers,long_sweep,0.35232802,0.47000000,1.33398417,1,85,40,100,91,78,41,52,47,45,100,20,56,0,0,15,3
train_02856,training_writers,compact_trace,0.52496292,0.32000000,0.60956687,68,77,77,100,100,87,65,66,81,44,98,21,52,7,0,0,3
train_02857,training_writers,long_sweep,0.35154030,0.47000000,1.33697331,100,100,56,66,0,37,8,34,83,43,86,71,57,35,24,0,4
train_02858,training_writers,compact_trace,0.53289578,0.32000000,0.60049265,33,100,0,76,45,78,67,86,86,57,100,26,80,0,29,3,9
train_02859,training_writers,long_sweep,0.36706352,0.47000000,1.28043235,75,92,23,83,58,39,77,0,0,13,42,51,100,86,32,100,8
train_02860,training_writers,long_sweep,0.36885094,0.47000000,1.27422746,45,93,24,62,100,89,24,100,25,51,97,91,77,32,0,0,9
train_02861,training_writers,compact_trace,0.53600448,0.32000000,0.59700993,27,100,15,67,0,29,40,17,100,17,97,39,67,37,62,0,4
train_02862,training_writers,long_sweep,0.34568621,0.47000000,1.35961454,53,60,85,83,48,100,0,79,46,70,100,57,81,28,54,0,9
train_02863,training_writers,long_sweep,0.34141667,0.47000000,1.37661703,57,51,100,74,87,100,27,94,0,69,57,58,75,32,65,0,9
train_02864,training_writers,compact_trace,0.54190192,0.32000000,0.59051276,100,100,57,97,19,74,0,44,9,13,56,0,63,20,10,20,6
train_02865,training_writers,compact_trace,0.54529199,0.32000000,0.58684155,82,77,45,100,0,78,47,58,100,81,94,56,87,22,88,0,9
train_02866,training_writers,long_sweep,0.34882203,0.47000000,1.34739196,24,77,18,34,46,0,89,20,100,62,78,100,31,90,0,55,0
train_02867,training_writers,long_sweep,0.35983241,0.47000000,1.30616362,40,81,67,65,100,27,38,0,0,24,46,61,81,99,27,100,8
train_02868,training_writers,compact_trace,0.51785902,0.32000000,0.61792880,22,84,41,100,49,69,26,40,0,11,21,0,60,6,100,12,2
train_02869,training_writers,compact_trace,0.51615407,0.32000000,0.61996993,0,40,29,56,67,77,100,100,100,82,82,53,64,25,45,0,1
train_02870,training_writers,compact_trace,0.51935579,0.32000000,0.61614794,44,80,74,100,100,79,74,50,84,39,86,12,42,0,0,9,3
train_02871,training_writers,long_sweep,0.36680118,0.47000000,1.28134811,4,97,58,78,100,97,0,100,20,84,99,63,55,29,10,0,9
train_02872,training_writers,long_sweep,0.36765392,0.47000000,1.27837613,21,73,84,42,90,7,0,0,19,35,81,66,100,100,9,89,8
train_02873,training_writers,long_sweep,0.33791064,0.47000000,1.39090027,15,73,23,44,41,6,1,0,0,44,18,90,59,100,100,90,5
train_02874,training_writers,long_sweep,0.33908318,0.47000000,1.38609056,55,100,21,73,0,36,16,0,58,7,91,34,100,74,65,96,0
train_02875,training_writers,long_sweep,0.35065118,0.47000000,1.34036337,35,100,5,67,0,26,38,0,88,14,100,53,68,87,17,84,0
train_02876,training_writers,compact_trace,0.53981913,0.32000000,0.59279114,24,82,62,100,76,71,52,40,13,16,0,13,52,13,100,0,2
train_02877,training_writers,long_sweep,0.34303569,0.47000000,1.37011982,64,81,59,100,100,98,78,53,42,18,0,6,47,13,95,0,2
train_02878,training_writers,compact_trace,0.54598563,0.32000000,0.58609601,56,71,40,98,93,100,85,65,72,50,100,21,54,0,0,12,3
train_02879,training_writers,compact_trace,0.52902272,0.32000000,0.60488895,13,83,42,100,59,67,35,34,0,27,30,32,65,11,100,0,2
train_02880,training_writers,long_sweep,0.35868218,0.47000000,1.31035223,80,81,34,100,0,70,45,39,76,0,28,12,57,54,100,85,8
train_02881,training_writers,long_sweep,0.35987577,0.47000000,1.30600624,56,88,10,61,0,15,50,0,91,35,100,81,52,100,9,67,0
train_02882,training_writers,compact_trace,0.52021328,0.32000000,0.61513232,0,43,32,61,68,82,100,100,85,75,66,49,45,24,25,0,1
train_02883,training_writers,long_sweep,0.34746792,0.47000000,1.35264284,21,77,0,35,29,0,69,7,100,43,85,89,44,100,12,73,0
train_02884,training_writers,compact_trace,0.50673522,0.32000000,0.63149351,0,52,33,67,68,82,100,100,94,77,82,50,69,23,72,0,1
train_02885,training_writers,compact_trace,0.51304940,0.32000000,0.62372162,0,48,13,65,47,83,82,100,100,94,77,63,54,33,45,0,1
train_02886,training_writers,long_sweep,0.35172234,0.47000000,1.33628135,0,100,58,94,100,91,61,59,32,20,8,0,20,33,80,34,7
train_02887,training_writers,long_sweep,0.35012499,0.47000000,1.34237778,29,74,9,33,39,0,85,11,100,54,74,94,29,100,0,66,0
train_02888,training_writers,long_sweep,0.36237427,0.47000000,1.29700156,2,20,44,53,63,100,14,98,53,59,100,25,57,0,0,13,8
train_02889,training_writers,long_sweep,0.35102260,0.47000000,1.33894513,70,81,25,100,0,74,42,40,77,5,40,0,53,40,100,70,8
train_02890,training_writers,compact_trace,0.54582808,0.32000000,0.58626519,0,76,35,100,55,100,49,62,44,24,2,0,27,0,100,8,1
train_02891,training_writers,compact_trace,0.53158337,0.32000000,0.60197518,0,72,28,100,53,77,53,24,42,0,36,34,68,49,100,67,7
train_02892,training_writers,compact_trace,0.52223278,0.32000000,0.61275357,21,100,1,76,0,47,65,41,100,58,83,61,75,30,75,0,4
train_02893,training_writers,long_sweep,0.35285502,0.47000000,1.33199181,0,100,64,100,100,70,88,32,57,0,96,30,82,43,16,44,7
train_02894,training_writers,long_sweep,0.34617837,0.47000000,1.35768160,0,88,53,96,100,100,73,66,50,31,26,0,4,34,48,33,7
train_02895,training_writers,long_sweep,0.34929278,0.47000000,1.34557606,32,100,7,79,0,34,32,0,82,4,100,46,70,81,21,97,0
train_02896,training_writers,compact_trace,0.53014902,0.32000000,0.60360387,0,88,40,100,65,81,51,55,30,29,11,4,51,0,100,6,2
train_02897,training_writers,long_sweep,0.35905893,0.47000000,1.30897732,37,89,97,100,60,95,15,72,72,63,100,35,60,8,0,0,5
train_02898,training_writers,compact_trace,0.50970451,0.32000000,0.62781473,30,61,67,79,100,100,91,90,63,68,37,46,15,23,0,0,1
train_02899,training_writers,compact_trace,0.52388613,0.32000000,0.61081976,100,100,74,97,50,66,34,30,49,0,75,18,37,24,0,15,6
train_02900,training_writers,long_sweep,0.35589126,0.47000000,1.32062811,48,51,100,74,72,100,0,85,6,62,88,60,99,31,82,0,9
train_02901,training_writers,long_sweep,0.34965349,0.47000000,1.34418793,0,96,41,100,100,88,59,49,34,0,53,4,64,33,8,34,7
train_02902,training_writers,long_sweep,0.34571570,0.47000000,1.35949856,0,95,43,100,100,92,85,70,48,32,54,0,93,35,50,38,7
train_02903,training_writers,long_sweep,0.34838041,0.47000000,1.34909995,7,96,0,61,13,22,61,0,100,30,98,69,59,100,13,86,0
train_02904,training_writers,compact_trace,0.54510882,0.32000000,0.58703875,100,100,53,87,24,59,2,31,0,0,50,4,62,30,12,32,6
train_02905,training_writers,compact_trace,0.52060008,0.32000000,0.61467528,0,95,30,100,55,80,34,52,6,27,21,5,67,0,100,3,2
train_02906,training_writers,compact_trace,0.51416854,0.32000000,0.62236402,33,100,8,75,0,48,49,34,100,47,99,53,90,27,78,0,4
train_02907,training_writers,compact_trace,0.50270887,0.32000000,0.63655133,0,64,36,72,73,90,100,100,89,74,82,47,78,21,76,0,1
train_02908,training_writers,compact_trace,0.52784075,0.32000000,0.60624346,38,100,4,85,0,53,58,46,100,52,88,64,78,32,73,0,4
train_02909,training_writers,long_sweep,0.34442616,0.47000000,1.36458856,10,72,45,100,85,84,56,53,100,42,92,10,37,0,0,17,3
train_02910,training_writers,long_sweep,0.35326643,0.47000000,1.33044058,77,100,25,82,3,53,0,24,43,0,100,16,46,28,6,4,6
train_02911,training_writers,compact_trace,0.53992602,0.32000000,0.59267379,20,87,60,100,69,75,50,52,100,44,96,18,51,1,0,0,3
train_02912,training_writers,compact_trace,0.54427316,0.32000000,0.58794007,32,73,59,100,81,71,54,36,16,9,0,2,50,2,100,0,2
train_02913,training_writers,long_sweep,0.34444884,0.47000000,1.36449873,24,90,0,69,43,39,45,0,13,17,21,62,43,99,100,100,5
train_02914,training_writers,compact_trace,0.54079229,0.32000000,0.59172441,0,93,43,100,78,83,66,55,36,31,11,6,53,0,100,1,2
train_02915,training_writers,long_sweep,0.35593499,0.47000000,1.32046585,15,96,3,61,57,49,42,0,10,13,0,66,44,95,100,100,5
train_02916,training_writers,long_sweep,0.34830617,0.47000000,1.34938754,100,100,47,96,10,69,0,37,32,8,88,0,84,25,26,25,6
train_02917,training_writers,long_sweep,0.34877196,0.47000000,1.34758540,52,84,19,94,0,50,20,7,66,0,100,33,96,79,54,100,0
train_02918,training_writers,long_sweep,0.35167878,0.47000000,1.33644686,16,80,9,35,40,0,86,12,100,56,80,97,32,100,0,67,0
train_02919,training_writers,long_sweep,0.35893831,0.47000000,1.30941720,50,54,80,96,38,100,37,50,46,0,0,15,45,45,100,61,8
train_02920,training_writers,compact_trace,0.54337906,0.32000000,0.58890749,24,86,22,100,76,90,49,64,57,50,100,27,70,1,0,0,3
train_02921,training_writers,long_sweep,0.35419419,0.47000000,1.32695571,37,82,18,81,58,46,56,2,0,0,12,47,37,90,100,100,5
train_02922,training_writers,long_sweep,0.35412019,0.47000000,1.32723300,34,100,2,61,0,15,45,0,88,25,100,70,57,92,19,67,0
train_02923,training_writers,long_sweep,0.35450932,0.47000000,1.32577616,20,100,0,61,10,16,58,0,100,26,98,71,56,99,7,89,0
train_02924,training_writers,long_sweep,0.33946208,0.47000000,1.38454345,48,76,62,100,93,79,67,39,28,8,0,12,51,16,100,0,2
train_02925,training_writers,compact_trace,0.54706217,0.32000000,0.58494266,18,82,53,100,76,79,45,64,90,45,100,14,52,0,0,5,3
train_02926,training_writers,long_sweep,0.36652996,0.47000000,1.28229627,41,87,0,63,62,62,84,24,8,0,6,44,11,93,100,100,5
train_02927,training_writers,compact_trace,0.54562442,0.32000000,0.58648401,0,94,47,97,97,100,92,56,84,13,67,0,48,19,100,23,7
train_02928,training_writers,long_sweep,0.34062651,0.47000000,1.37981040,18,92,11,56,43,23,21,0,4,37,0,74,47,92,100,100,5
train_02929,training_writers,compact_trace,0.50497981,0.32000000,0.63368870,0,43,35,60,67,80,99,100,100,75,100,49,100,24,99,0,1
train_02930,training_writers,compact_trace,0.53170220,0.32000000,0.60184065,100,90,68,100,38,74,28,38,68,43,76,15,39,0,0,8,5
train_02931,training_writers,compact_trace,0.51655049,0.32000000,0.61949413,32,72,57,93,100,100,87,78,62,56,61,30,44,7,0,0,3
train_02932,training_writers,long_sweep,0.33976364,0.47000000,1.38331461,17,84,64,100,97,82,66,55,60,40,100,23,60,0,0,6,3
train_02933,training_writers,long_sweep,0.36710129,0.47000000,1.28030060,100,83,20,100,0,68,71,36,89,0,17,15,42,55,98,91,8
train_02934,training_writers,long_sweep,0.33905116,0.47000000,1.38622150,43,100,86,85,72,56,51,28,40,0,0,23,28,38,100,42,7
train_02935,training_writers,compact_trace,0.53467768,0.32000000,0.59849141,25,92,67,100,100,87,62,69,70,47,88,23,46,8,0,0,3
train_02936,training_writers,long_sweep,0.34477918,0.47000000,1.36319136,15,100,1,55,0,7,37,0,74,24,100,62,80,99,39,95,0
train_02937,training_writers,compact_trace,0.52356462,0.32000000,0.61119485,0,17,0,41,61,70,100,100,100,96,89,64,79,32,68,0,1
train_02938,training_writers,long_sweep,0.34909518,0.47000000,1.34633768,49,100,14,73,0,39,10,5,64,0,100,25,57,44,1,38,6
train_02939,training_writers,compact_trace,0.54552438,0.32000000,0.58659157,84,100,40,94,46,68,85,82,90,48,100,13,54,0,0,6,9
train_02940,training_writers,long_sweep,0.36109284,0.47000000,1.30160432,49,99,5,74,0,24,46,0,98,21,100,70,55,100,5,79,0
train_02941,training_writers,compact_trace,0.53182124,0.32000000,0.60170595,45,85,79,100,89,78,65,54,100,33,97,8,46,0,0,10,3
train_02942,training_writers,compact_trace,0.52229382,0.32000000,0.61268196,10,100,16,77,0,39,37,18,94,22,100,50,99,39,93,0,4
train_02943,training_writers,long_sweep,0.34022926,0.47000000,1.38142146,100,86,90,100,49,71,16,38,15,0,68,4,53,37,0,27,6
train_02944,training_writers,compact_trace,0.51590926,0.32000000,0.62026412,100,100,77,94,47,71,23,43,14,12,50,0,42,20,0,29,6
train_02945,training_writers,long_sweep,0.35807452,0.47000000,1.31257594,4,94,7,42,35,0,82,11,100,58,73,100,25,93,0,49,0
train_02946,training_writers,long_sweep,0.35708703,0.47000000,1.31620574,19,75,0,37,31,0,79,26,100,71,57,100,7,75,7,32,0
train_02947,training_writers,long_sweep,0.34477478,0.47000000,1.36320876,100,85,59,100,17,76,0,39,20,2,68,0,49,29,1,21,6
train_02948,training_writers,long_sweep,0.34689256,0.47000000,1.35488636,3,69,0,18,37,0,77,13,100,54,80,97,41,100,21,61,0
train_02949,training_writers,long_sweep,0.35813324,0.47000000,1.31236072,36,73,12,51,25,0,76,15,100,62,63,100,15,75,0,25,0
train_02950,training_writers,long_sweep,0.35521068,0.47000000,1.32315843,30,100,0,58,23,39,63,14,13,0,24,52,44,96,100,93,5
train_02951,training_writers,compact_trace,0.53907349,0.32000000,0.59361109,17,60,36,95,44,100,42,59,37,18,0,0,51,1,100,5,1
train_02952,training_writers,compact_trace,0.49123149,0.32000000,0.65142404,0,80,17,100,41,99,60,83,53,52,56,20,77,7,100,0,2
train_02953,training_writers,long_sweep,0.34586381,0.47000000,1.35891641,32,87,26,62,65,29,45,0,19,35,0,75,30,100,100,100,5
train_02954,training_writers,compact_trace,0.54409521,0.32000000,0.58813236,0,96,40,100,70,75,57,37,41,0,22,36,50,51,100,57,7
train_02955,training_writers,compact_trace,0.52946709,0.32000000,0.60438129,25,100,0,76,11,45,79,46,100,73,86,70,79,35,70,0,4
train_02956,training_writers,long_sweep,0.34368174,0.47000000,1.36754429,2,77,54,100,100,79,86,47,59,16,63,0,73,27,0,43,8
train_02957,training_writers,compact_trace,0.53271729,0.32000000,0.60069385,100,85,64,76,38,97,84,100,90,72,67,45,36,22,0,0,9
train_02958,training_writers,compact_trace,0.54260085,0.32000000,0.58975212,35,100,19,85,0,52,50,32,100,35,96,64,62,34,39,0,4
train_02959,training_writers,compact_trace,0.53186241,0.32000000,0.60165936,60,100,38,82,0,59,17,39,93,49,100,47,69,23,39,0,4
train_02960,training_writers,compact_trace,0.54214270,0.32000000,0.59025050,0,82,42,100,73,100,63,58,52,16,19,8,50,3,100,0,1
train_02961,training_writers,long_sweep,0.33905592,0.47000000,1.38620202,29,100,92,94,100,68,78,41,55,13,29,0,0,26,63,32,7
train_02962,training_writers,long_sweep,0.35690928,0.50000000,1.40091623,23,74,42,38,51,0,0,7,26,42,81,69,100,97,25,100,8
train_02963,training_writers,long_sweep,0.35928508,0.47000000,1.30815341,39,95,9,72,63,48,57,9,0,0,19,47,38,92,100,100,5
train_02964,training_writers,long_sweep,0.33825895,0.47000000,1.38946805,0,83,42,100,98,97,93,71,81,44,100,15,58,0,4,7,3
train_02965,training_writers,compact_trace,0.50392708,0.32000000,0.63501251,0,57,33,76,70,96,100,100,92,75,86,50,83,25,83,0,1
train_02966,training_writers,long_sweep,0.36803335,0.47000000,1.27705819,64,93,0,72,81,70,75,100,8,75,100,83,83,41,44,0,9
train_02967,training_writers,long_sweep,0.35501868,0.47000000,1.32387399,20,90,0,58,37,52,44,3,0,0,12,64,44,99,100,100,5
train_02968,training_writers,compact_trace,0.54090671,0.32000000,0.59159924,0,55,35,84,60,100,50,65,47,29,15,0,31,4,100,6,1
train_02969,training_writers,compact_trace,0.54136647,0.32000000,0.59109682,49,73,83,100,76,91,59,57,37,24,0,0,38,7,100,6,1
train_02970,training_writers,compact_trace,0.49720044,0.32000000,0.64360361,38,100,100,92,88,77,75,62,50,46,25,30,12,15,0,0,1
train_02971,training_writers,compact_trace,0.51314345,0.32000000,0.62360729,0,51,19,63,59,82,100,100,84,76,67,51,51,26,40,0,1
train_02972,training_writers,long_sweep,0.35202262,0.47000000,1.33514147,0,62,52,63,78,98,23,100,32,70,99,77,100,39,94,0,9
train_02973,training_writers,long_sweep,0.35927251,0.47000000,1.30819917,41,96,91,100,46,94,5,63,42,48,100,32,63,5,0,0,5
train_02974,training_writers,compact_trace,0.54703148,0.32000000,0.58497547,0,90,53,100,86,75,75,38,66,0,93,4,100,33,42,40,7
train_02975,training_writers,compact_trace,0.50011780,0.32000000,0.63984926,0,93,35,100,84,100,100,81,85,61,70,40,55,20,52,0,7
train_02976,training_writers,long_sweep,0.36604135,0.47000000,1.28400795,43,39,100,73,69,100,7,70,60,36,57,0,0,16,67,48,8
train_02977,training_writers,compact_trace,0.53499938,0.32000000,0.59813154,0,78,31,100,66,77,58,34,20,12,15,21,58,13,100,0,2
train_02978,training_writers,compact_trace,0.53476470,0.32000000,0.59839402,0,95,49,100,83,77,72,38,60,0,42,4,49,28,100,29,7
train_02979,training_writers,long_sweep,0.34217457,0.47000000,1.37356790,14,76,0,35,16,0,62,1,95,30,100,70,70,100,25,94,0
train_02980,training_writers,compact_trace,0.52608493,0.32000000,0.60826680,15,86,49,100,100,99,93,78,57,60,64,36,42,15,0,0,3
train_02981,training_writers,long_sweep,0.34109282,0.47000000,1.37792405,100,94,62,100,21,79,18,44,68,51,86,21,46,0,0,10,5
train_02982,training_writers,long_sweep,0.34063213,0.47000000,1.37978764,0,91,53,100,97,88,79,65,47,45,15,23,39,5,100,0,2
train_02983,training_writers,long_sweep,0.35858144,0.47000000,1.31072038,33,100,0,72,6,23,54,0,100,30,88,77,35,97,2,64,0
train_02984,training_writers,compact_trace,0.53817743,0.32000000,0.59459944,11,89,55,100,100,94,82,69,97,44,93,19,49,6,0,0,3
train_02985,training_writers,long_sweep,0.35029070,0.47000000,1.34174274,100,100,46,88,13,61,0,32,16,4,90,0,81,20,20,3,6
train_02986,training_writers,long_sweep,0.35400381,0.47000000,1.32766934,95,68,76,100,34,78,50,39,52,0,0,6,40,39,100,60,8
train_02987,training_writers,long_sweep,0.36453646,0.47000000,1.28930860,77,83,47,72,78,27,22,0,0,30,68,60,100,100,20,90,8
train_02988,training_writers,compact_trace,0.52107463,0.32000000,0.61411548,10,94,0,98,65,100,100,100,66,76,47,49,36,22,52,0,7
train_02989,training_writers,compact_trace,0.54655181,0.32000000,0.58548886,54,100,29,71,0,41,46,42,100,46,71,67,55,36,48,0,4
train_02990,training_writers,compact_trace,0.54500408,0.32000000,0.58715157,0,87,46,100,72,72,61,35,42,0,23,30,49,50,100,58,7
train_02991,training_writers,long_sweep,0.34163306,0.47000000,1.37574509,95,100,46,79,14,50,0,18,42,0,88,20,100,53,83,85,0
train_02992,training_writers,compact_trace,0.54457973,0.32000000,0.58760909,0,82,41,100,90,88,69,59,73,48,100,19,56,0,3,5,3
train_02993,training_writers,long_sweep,0.35553184,0.47000000,1.32196318,0,94,34,97,100,100,59,58,34,10,18,0,21,37,91,44,7
train_02994,training_writers,compact_trace,0.52286751,0.32000000,0.61200972,0,93,36,100,79,98,94,79,72,57,100,33,79,11,38,0,3
train_02995,training_writers,long_sweep,0.36947223,0.47000000,1.27208478,72,100,2,77,59,36,100,0,0,7,31,52,100,92,22,91,8
train_02996,training_writers,compact_trace,0.53080661,0.32000000,0.60285609,21,100,22,74,0,45,34,36,100,33,97,62,84,31,77,0,4
train_02997,training_writers,long_sweep,0.35965429,0.47000000,1.30681049,14,64,18,100,100,95,84,67,50,28,30,0,0,39,72,42,7
train_02998,training_writers,rising_tail,0.26744171,0.40000000,1.49565300,2,37,8,25,42,0,89,17,100,59,73,96,23,100,0,62,0
train_02999,training_writers,long_sweep,0.34766419,0.47000000,1.35187923,0,99,66,100,100,79,68,41,48,1,25,0,21,23,88,25,7
train_03000,training_writers,long_sweep,0.36816930,0.47000000,1.27658662,58,85,14,54,35,2,100,58,65,100,21,48,60,64,0,0,0
train_03001,training_writers,compact_trace,0.54574171,0.32000000,0.58635797,94,86,55,78,100,78,79,100,90,86,85,40,58,0,0,6,9
train_03002,training_writers,long_sweep,0.33819123,0.47000000,1.38974627,26,91,70,100,86,75,49,52,11,29,0,3,49,0,100,3,2
train_03003,training_writers,long_sweep,0.34656713,0.47000000,1.35615861,16,90,61,100,76,63,61,26,31,0,0,32,43,30,100,38,7
train_03004,training_writers,long_sweep,0.34604565,0.47000000,1.35820231,55,97,40,61,55,24,8,0,0,33,10,80,43,100,100,96,5
train_03005,training_writers,compact_trace,0.54314705,0.32000000,0.58915905,38,69,43,95,100,100,96,73,53,51,76,26,52,0,0,2,3
train_03006,training_writers,compact_trace,0.54655148,0.32000000,0.58548922,88,82,55,100,0,81,38,61,100,76,94,56,75,26,63,0,9
train_03007,training_writers,long_sweep,0.35045451,0.47000000,1.34111557,41,100,9,70,0,30,33,0,88,15,100,54,79,92,28,88,0
train_03008,training_writers,long_sweep,0.34210505,0.47000000,1.37384701,63,48,100,75,75,100,20,87,0,58,57,51,82,33,62,0,9
train_03009,training_writers,long_sweep,0.35177066,0.47000000,1.33609780,48,99,17,66,0,26,35,0,82,24,100,64,78,100,25,86,0
train_03010,training_writers,compact_trace,0.51369375,0.32000000,0.62293925,0,55,50,77,100,100,86,88,71,63,67,37,69,12,86,0,1
train_03011,training_writers,long_sweep,0.36270172,0.47000000,1.29583063,30,96,0,50,7,1,66,0,100,42,86,91,28,100,3,57,0
train_03012,training_writers,long_sweep,0.34555807,0.47000000,1.36011870,2,55,18,86,70,100,98,79,75,50,100,15,52,0,0,15,3
train_03013,training_writers,compact_trace,0.52324634,0.32000000,0.61156662,70,100,37,79,11,56,0,32,51,19,92,36,80,23,100,0,4
train_03014,training_writers,long_sweep,0.35466172,0.47000000,1.32520644,14,75,39,100,99,94,81,64,45,41,100,27,57,4,0,0,3
train_03015,training_writers,long_sweep,0.34254494,0.47000000,1.37208275,62,60,100,76,99,100,32,93,0,69,59,53,78,28,56,0,9
train_03016,training_writers,long_sweep,0.35475409,0.47000000,1.32486140,63,85,26,59,64,42,53,0,0,1,22,44,46,87,100,100,5
train_03017,training_writers,long_sweep,0.34455438,0.47000000,1.36408075,29,98,0,55,43,36,43,0,21,17,28,64,41,98,100,100,5
train_03018,training_writers,compact_trace,0.50382879,0.32000000,0.63513640,0,64,32,68,73,84,100,100,88,75,81,50,75,25,71,0,1
train_03019,training_writers,compact_trace,0.53026979,0.32000000,0.60346640,7,32,37,53,73,75,100,100,73,78,48,52,23,26,0,0,1
train_03020,training_writers,long_sweep,0.33811149,0.47000000,1.39007402,6,89,52,100,100,91,93,65,62,43,25,23,0,2,55,0,2
train_03021,training_writers,compact_trace,0.53605663,0.32000000,0.59695185,9,100,0,75,78,72,100,92,74,93,56,62,38,31,21,0,4
train_03022,training_writers,compact_trace,0.52090944,0.32000000,0.61431023,16,100,0,82,6,47,70,47,100,71,94,73,92,36,95,0,4
train_03023,training_writers,compact_trace,0.50342366,0.32000000,0.63564752,0,79,39,85,100,100,95,92,80,69,73,46,63,23,59,0,1
train_03024,training_writers,long_sweep,0.36255791,0.47000000,1.29634463,63,97,19,90,4,36,42,0,95,25,100,77,46,100,0,73,0
train_03025,training_writers,compact_trace,0.52987845,0.32000000,0.60391209,0,88,43,100,78,81,78,43,79,5,60,0,50,24,100,31,7
train_03026,training_writers,compact_trace,0.54151604,0.32000000,0.59093356,19,100,42,95,7,58,0,44,83,34,86,68,90,34,100,0,4
train_03027,training_writers,long_sweep,0.34544582,0.47000000,1.36056069,76,100,37,88,0,54,44,33,96,58,100,66,60,33,23,0,4
train_03028,training_writers,compact_trace,0.52661332,0.32000000,0.60765649,0,22,36,47,70,73,100,100,90,89,66,60,46,30,27,0,1
train_03029,training_writers,compact_trace,0.50428960,0.32000000,0.63455602,0,56,34,68,69,83,100,100,97,75,87,50,78,24,76,0,1
train_03030,training_writers,long_sweep,0.34948127,0.50000000,1.43069183,23,71,2,49,57,32,23,0,3,25,0,65,34,96,100,100,5
train_03031,training_writers,long_sweep,0.35102022,0.47000000,1.33895422,0,83,28,100,85,88,74,43,43,0,8,0,38,20,100,25,7
train_03032,training_writers,compact_trace,0.53420830,0.32000000,0.59901727,38,100,4,76,0,46,70,41,100,64,86,62,66,31,54,0,4
train_03033,training_writers,compact_trace,0.53458089,0.32000000,0.59859978,100,98,59,100,19,86,8,54,42,54,67,28,42,3,0,0,5
train_03034,training_writers,long_sweep,0.34659736,0.47000000,1.35604035,42,100,11,71,38,34,17,0,0,26,3,79,50,90,100,85,5
train_03035,training_writers,long_sweep,0.34694917,0.47000000,1.35466528,9,93,0,54,12,15,62,0,99,29,100,70,64,100,26,78,0
train_03036,training_writers,long_sweep,0.34019679,0.47000000,1.38155332,71,71,90,89,36,100,0,79,71,72,100,50,79,25,59,0,9
train_03037,training_writers,long_sweep,0.35712687,0.47000000,1.31605893,0,81,16,59,74,39,65,0,8,6,4,50,33,88,100,100,5
train_03038,training_writers,compact_trace,0.53549739,0.32000000,0.59757528,30,86,65,100,84,85,58,63,100,45,98,21,51,6,0,0,3
train_03039,training_writers,compact_trace,0.52034674,0.32000000,0.61497455,0,77,28,100,60,85,62,51,42,21,26,2,68,0,100,0,2
train_03040,training_writers,compact_trace,0.53065434,0.32000000,0.60302908,0,95,32,100,78,94,73,55,61,13,50,0,53,32,100,32,7
train_03041,training_writers,long_sweep,0.35359211,0.47000000,1.32921520,100,94,52,77,4,77,47,100,97,88,76,55,35,28,0,0,9
train_03042,training_writers,long_sweep,0.34412791,0.47000000,1.36577122,49,78,34,60,30,18,0,0,19,39,57,73,100,100,44,82,8
train_03043,training_writers,long_sweep,0.34507311,0.47000000,1.36203020,63,81,95,100,95,62,66,26,21,0,0,15,48,35,100,15,2
train_03044,training_writers,long_sweep,0.34287254,0.47000000,1.37077177,19,88,53,100,92,84,71,53,36,29,0,5,48,1,100,0,2
train_03045,training_writers,compact_trace,0.54154458,0.32000000,0.59090242,39,100,0,79,1,48,55,38,100,58,81,55,49,29,25,0,4
train_03046,training_writers,compact_trace,0.54660102,0.32000000,0.58543616,36,100,7,89,0,53,67,41,100,57,82,74,51,38,31,0,4
train_03047,training_writers,long_sweep,0.36092140,0.47000000,1.30222258,38,81,92,100,100,66,65,33,37,0,100,20,67,51,0,72,8
train_03048,training_writers,long_sweep,0.34533893,0.47000000,1.36098180,87,74,74,100,22,87,70,68,100,72,88,33,55,0,0,8,9
train_03049,training_writers,compact_trace,0.51814604,0.32000000,0.61758650,59,100,41,79,14,56,0,31,51,21,100,33,85,25,79,0,4
train_03050,training_writers,long_sweep,0.36064765,0.47000000,1.30321104,0,100,8,74,95,80,62,96,16,78,100,64,85,28,58,0,9
train_03051,training_writers,compact_trace,0.51850135,0.32000000,0.61716329,0,72,19,100,27,60,10,21,2,1,35,0,68,1,100,8,2
train_03052,training_writers,long_sweep,0.34238644,0.47000000,1.37271792,62,100,26,78,0,45,8,9,54,0,100,8,62,20,17,11,6
train_03053,training_writers,long_sweep,0.34886444,0.47000000,1.34722818,27,85,57,50,64,11,15,0,0,33,2,75,46,96,100,100,5
train_03054,training_writers,long_sweep,0.35678524,0.47000000,1.31731908,95,100,74,95,27,65,0,30,32,0,100,11,73,45,9,64,6
train_03055,training_writers,long_sweep,0.34356952,0.47000000,1.36799098,84,61,100,100,55,94,46,60,92,69,82,28,45,0,0,1,9
train_03056,training_writers,compact_trace,0.54731007,0.32000000,0.58467771,69,100,31,77,8,53,0,27,27,3,92,0,100,20,39,12,6
train_03057,training_writers,long_sweep,0.34434299,0.47000000,1.36491817,100,100,50,85,16,58,4,25,34,0,80,15,40,27,0,6,6
train_03058,training_writers,compact_trace,0.53259752,0.32000000,0.60082893,100,88,72,100,27,88,6,58,34,51,68,37,43,8,0,0,5
train_03059,training_writers,long_sweep,0.34565164,0.47000000,1.35975054,61,100,40,63,0,34,36,40,100,44,81,73,60,36,46,0,4
train_03060,training_writers,compact_trace,0.53337885,0.32000000,0.59994879,21,100,14,74,0,41,35,25,100,28,98,49,61,32,48,0,4
train_03061,training_writers,compact_trace,0.54339320,0.32000000,0.58889217,39,100,24,70,0,40,49,38,100,40,75,65,52,34,43,0,4
train_03062,training_writers,compact_trace,0.54588469,0.32000000,0.58620438,10,81,37,100,56,62,44,21,0,13,35,25,75,0,100,30,2
train_03063,training_writers,long_sweep,0.35002269,0.47000000,1.34277011,2,97,55,100,67,65,41,25,17,0,0,43,45,46,100,32,7
train_03064,training_writers,compact_trace,0.53560591,0.32000000,0.59745420,0,98,41,100,79,81,65,41,57,0,40,18,50,40,100,39,7
train_03065,training_writers,long_sweep,0.36055256,0.47000000,1.30355473,30,81,0,35,60,39,83,0,41,4,27,57,39,100,100,99,5
train_03066,training_writers,long_sweep,0.34276991,0.47000000,1.37118220,42,96,100,100,80,98,32,76,58,60,86,28,48,0,0,14,5
train_03067,training_writers,long_sweep,0.35371898,0.47000000,1.32873841,4,76,0,33,34,0,84,17,100,61,72,100,25,90,14,45,0
train_03068,training_writers,long_sweep,0.36802557,0.47000000,1.27708519,48,92,29,62,92,100,16,67,0,38,36,0,100,43,10,41,8
train_03069,training_writers,long_sweep,0.34766979,0.47000000,1.35185747,49,100,13,69,0,27,30,0,74,19,100,56,83,94,36,98,0
train_03070,training_writers,long_sweep,0.35378937,0.47000000,1.32847407,32,78,92,100,100,72,68,38,29,6,0,0,0,32,81,35,7
train_03071,training_writers,long_sweep,0.36825291,0.47000000,1.27629678,82,100,0,85,67,49,100,10,6,0,12,41,82,77,69,99,8
train_03072,training_writers,long_sweep,0.36099121,0.47000000,1.30197075,17,99,39,72,94,42,65,0,16,25,0,74,27,100,100,99,5
train_03073,training_writers,rising_tail,0.26324997,0.40000000,1.51946836,6,77,23,50,31,0,4,13,0,65,22,96,60,100,100,100,5
train_03074,training_writers,compact_trace,0.52132577,0.32000000,0.61381964,47,84,65,100,85,75,67,46,100,35,86,9,41,0,0,8,3
train_03075,training_writers,long_sweep,0.36688839,0.47000000,1.28104353,20,60,0,83,15,39,100,9,30,0,47,54,67,100,2,59,8
train_03076,training_writers,compact_trace,0.51296692,0.32000000,0.62382190,0,54,62,77,100,100,75,77,75,53,85,30,100,6,98,0,1
train_03077,training_writers,compact_trace,0.54070163,0.32000000,0.59182363,0,90,27,100,81,95,57,72,69,51,100,29,56,13,7,0,3
train_03078,training_writers,long_sweep,0.34908780,0.47000000,1.34636615,95,100,66,81,31,52,12,18,53,0,100,18,56,35,0,28,6
train_03079,training_writers,long_sweep,0.35353483,0.47000000,1.32943054,92,100,45,88,19,53,20,14,69,0,100,31,48,37,0,13,6
train_03080,training_writers,compact_trace,0.53892480,0.32000000,0.59377487,21,93,64,100,100,83,71,57,94,34,95,12,48,5,0,0,3
train_03081,training_writers,compact_trace,0.50691704,0.32000000,0.63126700,14,100,10,84,0,55,52,43,100,57,98,59,85,29,72,0,4
train_03082,training_writers,long_sweep,0.35914228,0.47000000,1.30867354,74,74,62,100,10,76,36,39,62,2,0,0,24,30,100,50,8
train_03083,training_writers,compact_trace,0.54727244,0.32000000,0.58471791,0,71,29,100,70,88,65,38,28,10,11,16,56,11,100,0,2
train_03084,training_writers,long_sweep,0.34092198,0.47000000,1.37861456,100,100,49,92,15,66,0,35,12,4,63,0,57,27,1,30,6
train_03085,training_writers,compact_trace,0.52795844,0.32000000,0.60610832,65,78,77,100,100,76,66,53,99,32,83,7,35,0,0,11,3
train_03086,training_writers,long_sweep,0.34701053,0.47000000,1.35442577,62,96,24,99,0,59,19,17,61,0,97,24,100,71,65,100,0
train_03087,training_writers,compact_trace,0.54534754,0.32000000,0.58678178,100,100,52,86,74,68,96,94,100,59,95,23,54,0,0,0,9
train_03088,training_writers,long_sweep,0.35810905,0.47000000,1.31244937,100,100,48,84,15,53,1,19,47,0,100,24,60,39,0,19,6
train_03089,training_writers,long_sweep,0.35019966,0.47000000,1.34209156,96,74,47,54,0,72,25,100,82,89,100,57,84,25,41,0,9
train_03090,training_writers,compact_trace,0.53686480,0.32000000,0.59605323,33,85,69,100,78,78,53,56,100,44,93,16,48,1,0,0,3
train_03091,training_writers,long_sweep,0.34804558,0.47000000,1.35039784,7,94,54,100,76,80,30,63,73,43,100,17,60,0,0,6,3
train_03092,training_writers,long_sweep,0.34603198,0.47000000,1.35825597,59,87,23,74,0,33,21,0,68,9,100,43,87,85,43,100,0
train_03093,training_writers,compact_trace,0.50192577,0.32000000,0.63754447,0,99,28,100,65,95,100,89,95,66,72,43,50,18,45,0,7
train_03094,training_writers,long_sweep,0.36195438,0.47000000,1.29850619,46,92,0,75,48,39,44,0,7,19,52,57,100,92,37,100,8
train_03095,training_writers,long_sweep,0.33940436,0.47000000,1.38477892,20,75,0,45,29,11,69,0,100,26,90,73,56,100,17,94,0
train_03096,training_writers,long_sweep,0.34520845,0.47000000,1.36149622,63,100,43,89,15,58,10,23,50,0,100,18,63,43,0,50,6
train_03097,training_writers,long_sweep,0.35107553,0.47000000,1.33874325,63,100,31,80,0,49,70,50,100,67,68,90,45,45,29,0,4
train_03098,training_writers,long_sweep,0.36886426,0.47000000,1.27418147,82,86,0,67,38,29,96,0,25,20,65,61,100,100,18,73,8
train_03099,training_writers,long_sweep,0.33815360,0.47000000,1.38990092,100,77,49,65,0,69,25,98,74,100,84,67,84,33,90,0,9
train_03100,training_writers,long_sweep,0.35248790,0.47000000,1.33337910,74,100,37,86,6,56,0,22,45,0,100,10,55,32,0,34,6
train_03101,training_writers,long_sweep,0.35855645,0.47000000,1.31081172,75,100,30,81,0,36,19,0,72,14,100,58,70,98,24,74,0
train_03102,training_writers,compact_trace,0.53982698,0.32000000,0.59278252,39,100,10,72,0,39,68,25,100,48,96,65,72,33,68,0,4
train_03103,training_writers,long_sweep,0.34601705,0.47000000,1.35831456,57,100,22,81,4,52,0,23,36,0,100,9,67,27,7,15,6
train_03104,training_writers,compact_trace,0.53739888,0.32000000,0.59546086,60,100,36,67,0,39,46,48,99,58,100,62,77,29,52,0,4
train_03105,training_writers,compact_trace,0.52042798,0.32000000,0.61487854,0,30,41,53,82,77,100,100,71,76,59,50,59,25,65,0,1
train_03106,training_writers,compact_trace,0.53770824,0.32000000,0.59511827,45,91,88,100,100,77,69,54,100,39,99,12,51,0,0,1,3
train_03107,training_writers,long_sweep,0.33916520,0.47000000,1.38575538,16,84,56,100,72,65,46,29,8,0,0,16,50,17,100,5,2
train_03108,training_writers,compact_trace,0.52044308,0.32000000,0.61486071,100,96,76,100,43,78,16,53,0,23,20,0,51,18,12,25,6
train_03109,training_writers,long_sweep,0.34051167,0.47000000,1.38027573,44,86,14,77,0,34,28,1,70,0,100,33,85,76,48,100,0
train_03110,training_writers,long_sweep,0.34115047,0.47000000,1.37769120,32,68,20,36,42,0,83,15,100,56,80,95,36,100,0,73,0
train_03111,training_writers,long_sweep,0.36289373,0.47000000,1.29514499,74,88,25,100,0,50,22,1,78,0,100,47,63,88,8,91,0
train_03112,training_writers,long_sweep,0.34062376,0.47000000,1.37982155,67,100,35,79,17,48,24,15,70,0,100,21,45,21,0,3,6
train_03113,training_writers,compact_trace,0.52389146,0.32000000,0.61081354,0,75,26,100,61,87,55,48,24,22,26,3,65,1,100,0,2
train_03114,training_writers,long_sweep,0.36052852,0.47000000,1.30364166,34,84,83,100,100,99,28,82,0,53,65,39,84,1,13,0,5
train_03115,training_writers,long_sweep,0.36446995,0.50000000,1.37185522,2,71,32,61,100,44,100,0,29,5,0,50,23,89,98,100,5
train_03116,training_writers,long_sweep,0.34111464,0.47000000,1.37783592,24,75,60,100,74,63,45,25,2,0,0,15,51,19,100,8,2
train_03117,training_writers,long_sweep,0.35113257,0.47000000,1.33852577,60,100,19,76,1,45,3,13,56,0,100,20,44,27,0,5,6
train_03118,training_writers,long_sweep,0.33784047,0.47000000,1.39118915,0,94,41,100,71,77,53,39,42,0,15,32,47,42,100,40,7
train_03119,training_writers,long_sweep,0.34814655,0.47000000,1.35000618,45,83,14,72,35,51,52,11,0,0,20,44,45,89,100,100,5
train_03120,training_writers,long_sweep,0.35109894,0.47000000,1.33865400,29,85,82,100,100,100,43,85,27,51,81,32,57,0,0,0,5
train_03121,training_writers,compact_trace,0.53750677,0.32000000,0.59534134,0,82,35,100,73,84,65,46,32,19,14,23,59,16,100,0,2
train_03122,training_writers,long_sweep,0.34966513,0.47000000,1.34414318,0,93,57,100,100,86,71,43,41,1,22,0,23,35,82,41,7
train_03123,training_writers,compact_trace,0.54682887,0.32000000,0.58519222,27,83,50,100,77,84,36,62,69,42,100,17,55,0,0,3,3
train_03124,training_writers,long_sweep,0.35289141,0.47000000,1.33185446,35,91,4,68,0,25,42,0,89,25,100,67,63,100,13,83,0
train_03125,training_writers,compact_trace,0.52080841,0.32000000,0.61442940,19,92,58,100,100,100,94,79,73,55,69,25,40,5,0,0,3
train_03126,training_writers,long_sweep,0.34190567,0.47000000,1.37464814,99,82,66,100,0,85,13,56,84,67,100,68,85,33,70,0,9
train_03127,training_writers,long_sweep,0.34778681,0.47000000,1.35140259,10,93,0,54,21,74,52,100,65,46,53,0,26,4,100,5,1
train_03128,training_writers,compact_trace,0.50909365,0.32000000,0.62856805,0,65,34,81,77,99,100,100,88,74,73,47,55,21,45,0,1
train_03129,training_writers,long_sweep,0.35743931,0.47000000,1.31490853,0,77,52,57,100,26,54,0,23,24,56,58,75,94,21,100,8
train_03130,training_writers,long_sweep,0.35583626,0.47000000,1.32083221,100,86,49,100,3,79,37,43,59,5,9,0,0,40,43,70,8
train_03131,training_writers,long_sweep,0.35448302,0.47000000,1.32587452,94,96,47,100,6,75,16,48,80,41,100,7,44,0,0,26,5
train_03132,training_writers,compact_trace,0.54200880,0.32000000,0.59039632,31,100,28,76,0,41,24,29,100,30,88,67,81,33,82,0,4
train_03133,training_writers,long_sweep,0.35397571,0.47000000,1.32777473,66,76,34,100,5,76,43,39,44,0,0,17,45,50,100,76,8
train_03134,training_writers,compact_trace,0.53323157,0.32000000,0.60011451,0,96,45,100,56,68,51,33,48,0,29,32,50,50,100,52,7
train_03135,training_writers,long_sweep,0.35563756,0.47000000,1.32157019,2,97,14,66,50,90,14,100,62,75,100,37,75,2,0,0,9
train_03136,training_writers,compact_trace,0.54585278,0.32000000,0.58623865,46,75,44,100,79,90,56,44,19,6,0,6,50,10,100,0,2
train_03137,training_writers,long_sweep,0.35984537,0.47000000,1.30611659,56,92,96,81,35,63,38,100,88,69,100,24,46,0,0,25,9
train_03138,training_writers,long_sweep,0.35260993,0.47000000,1.33291764,2,78,35,98,100,100,84,65,54,32,20,0,0,29,60,33,7
train_03139,training_writers,long_sweep,0.35555341,0.47000000,1.32188298,85,100,80,95,37,67,2,37,0,6,76,0,100,25,7,25,6
train_03140,training_writers,long_sweep,0.36799944,0.50000000,1.35869772,100,70,46,94,32,51,87,9,0,0,38,46,80,91,19,100,8
train_03141,training_writers,long_sweep,0.34320063,0.47000000,1.36946136,64,86,47,96,100,100,90,63,50,35,0,14,32,15,86,0,2
train_03142,training_writers,compact_trace,0.52045659,0.32000000,0.61484475,0,59,5,73,61,91,100,100,75,75,52,51,33,25,25,0,1
train_03143,training_writers,long_sweep,0.34827456,0.47000000,1.34951001,29,95,2,58,44,40,30,0,0,9,16,60,50,91,100,100,5
train_03144,training_writers,long_sweep,0.36534105,0.47000000,1.28646919,1,13,46,53,72,100,13,97,39,54,100,23,56,0,0,19,8
train_03145,training_writers,long_sweep,0.33866149,0.47000000,1.38781648,0,69,52,60,100,77,74,100,23,89,47,69,55,36,51,0,9
train_03146,training_writers,long_sweep,0.35968961,0.47000000,1.30668219,14,81,0,41,34,0,87,3,100,56,70,100,20,99,7,49,0
train_03147,training_writers,compact_trace,0.53476099,0.32000000,0.59839817,13,90,44,100,91,99,80,71,100,43,92,17,47,5,0,0,3
train_03148,training_writers,compact_trace,0.54140366,0.32000000,0.59105622,72,85,40,100,61,68,100,90,85,87,88,54,63,16,0,0,9
train_03149,training_writers,long_sweep,0.35969898,0.47000000,1.30664814,85,98,39,100,7,60,0,16,54,0,100,28,40,38,5,9,6
train_03150,training_writers,long_sweep,0.34835010,0.47000000,1.34921737,100,100,48,89,12,65,0,38,15,12,79,0,70,26,3,23,6
train_03151,training_writers,long_sweep,0.35388957,0.47000000,1.32809793,100,100,47,99,10,70,0,32,32,0,88,1,75,32,16,32,6
train_03152,training_writers,long_sweep,0.36089647,0.47000000,1.30231253,0,24,43,59,64,100,18,94,67,61,100,23,43,0,7,29,8
train_03153,training_writers,rising_tail,0.26442659,0.40000000,1.51270717,0,77,40,64,54,28,43,0,27,36,13,72,49,96,100,100,5
train_03154,training_writers,long_sweep,0.35804777,0.47000000,1.31267402,48,100,70,64,94,98,42,79,96,79,100,40,68,2,0,0,9
train_03155,training_writers,long_sweep,0.35864795,0.47000000,1.31047731,0,97,90,100,81,71,52,36,37,0,16,13,7,42,100,43,7
train_03156,training_writers,compact_trace,0.53920289,0.32000000,0.59346863,33,100,10,87,0,69,54,58,100,75,66,52,33,26,4,0,4
train_03157,training_writers,long_sweep,0.34447584,0.47000000,1.36439178,78,100,51,62,0,32,18,31,95,29,100,58,73,39,57,0,4
train_03158,training_writers,compact_trace,0.51131979,0.32000000,0.62583144,12,97,0,100,58,98,100,84,93,62,71,41,46,21,32,0,7
train_03159,training_writers,long_sweep,0.34582449,0.47000000,1.35907089,18,61,37,100,17,65,0,33,61,39,100,55,66,37,37,0,4
train_03160,training_writers,compact_trace,0.53255663,0.32000000,0.60087507,0,51,47,70,79,100,75,82,67,46,56,11,42,2,100,0,1
train_03161,training_writers,compact_trace,0.52220118,0.32000000,0.61279065,45,76,57,100,100,94,80,67,87,44,82,16,41,0,0,14,3
train_03162,training_writers,long_sweep,0.36175538,0.47000000,1.29922049,42,100,0,66,61,57,64,12,19,0,15,47,30,90,100,96,5
train_03163,training_writers,compact_trace,0.53958885,0.32000000,0.59304413,19,64,30,100,36,85,41,47,42,9,0,0,50,4,100,12,1
train_03164,training_writers,long_sweep,0.35403839,0.47000000,1.32753966,41,94,5,74,62,66,51,100,56,68,100,34,60,2,0,0,9
train_03165,training_writers,long_sweep,0.34641213,0.47000000,1.35676541,58,100,17,77,0,47,8,16,57,0,100,21,68,42,9,37,6
train_03166,training_writers,long_sweep,0.34104849,0.47000000,1.37810315,100,100,60,84,29,57,11,26,35,0,83,12,53,37,0,31,6
train_03167,training_writers,compact_trace,0.54671744,0.32000000,0.58531149,81,75,62,100,0,86,16,59,78,74,100,66,92,32,69,0,9
train_03168,training_writers,compact_trace,0.53617840,0.32000000,0.59681628,36,100,13,75,57,65,100,78,63,85,41,57,18,29,0,0,4
train_03169,training_writers,long_sweep,0.35571928,0.47000000,1.32126660,96,100,49,77,16,48,0,17,42,0,100,15,61,32,1,20,6
train_03170,training_writers,long_sweep,0.35492268,0.47000000,1.32423208,95,90,70,95,0,100,0,66,69,59,100,27,53,0,16,13,5
train_03171,training_writers,long_sweep,0.33896725,0.47000000,1.38656463,26,100,1,96,0,57,68,43,100,61,73,78,45,40,29,0,4
train_03172,training_writers,long_sweep,0.35224774,0.47000000,1.33428819,0,88,55,100,100,87,65,48,39,4,19,0,22,35,87,42,7
train_03173,training_writers,long_sweep,0.34089332,0.47000000,1.37873044,85,78,60,100,28,69,85,68,97,68,100,30,66,0,0,9,9
train_03174,training_writers,long_sweep,0.34264249,0.47000000,1.37169212,25,100,58,96,81,69,54,34,29,0,0,34,48,44,100,48,7
train_03175,training_writers,compact_trace,0.52082416,0.32000000,0.61441082,20,100,21,84,0,52,37,42,100,46,97,63,81,31,71,0,4
train_03176,training_writers,long_sweep,0.36784438,0.47000000,1.27771424,52,82,3,50,100,72,64,100,0,62,84,76,86,50,77,0,9
train_03177,training_writers,compact_trace,0.53071739,0.32000000,0.60295745,70,100,36,70,0,41,25,31,90,36,100,45,80,33,62,0,4
train_03178,training_writers,compact_trace,0.54588378,0.32000000,0.58620537,100,65,80,96,33,100,51,76,94,68,83,33,48,8,0,0,9
train_03179,training_writers,compact_trace,0.52223493,0.32000000,0.61275105,57,100,34,80,0,59,11,40,85,43,100,44,72,22,57,0,4
train_03180,training_writers,compact_trace,0.52801465,0.32000000,0.60604379,0,55,6,70,54,90,100,100,76,75,49,50,24,25,5,0,1
train_03181,training_writers,long_sweep,0.35849956,0.47000000,1.31101975,31,74,88,100,100,95,98,55,96,16,25,2,0,0,100,2,1
train_03182,training_writers,long_sweep,0.36138351,0.47000000,1.30055739,75,61,85,100,22,82,37,42,55,2,0,0,31,36,100,60,8
train_03183,training_writers,compact_trace,0.53247093,0.32000000,0.60097178,62,100,39,79,0,52,13,39,80,44,100,63,86,32,71,0,4
train_03184,training_writers,long_sweep,0.34374473,0.47000000,1.36729370,46,100,2,72,0,47,76,48,100,77,78,64,45,32,19,0,4
train_03185,training_writers,long_sweep,0.36396254,0.47000000,1.29134169,41,97,12,58,65,58,62,14,0,0,4,54,24,97,100,100,5
train_03186,training_writers,compact_trace,0.50588965,0.32000000,0.63254901,0,48,17,64,53,84,93,100,100,79,85,53,72,26,68,0,1
train_03187,training_writers,compact_trace,0.51938521,0.32000000,0.61611304,0,74,44,86,94,100,100,85,79,64,54,42,31,21,8,0,1
train_03188,training_writers,long_sweep,0.35931124,0.47000000,1.30805817,100,77,56,100,0,78,45,57,85,80,95,40,93,0,24,7,9
train_03189,training_writers,compact_trace,0.53302264,0.32000000,0.60034974,22,85,49,100,71,77,45,51,11,30,0,11,51,7,100,0,2
train_03190,training_writers,compact_trace,0.51941705,0.32000000,0.61607527,23,88,52,100,51,67,30,38,0,16,27,8,64,3,100,0,2
train_03191,training_writers,long_sweep,0.34686528,0.47000000,1.35499291,100,100,55,93,23,59,11,15,53,0,77,31,41,62,0,51,6
train_03192,training_writers,long_sweep,0.35142215,0.47000000,1.33742279,50,50,97,72,87,100,25,95,0,65,60,56,100,35,91,0,9
train_03193,training_writers,compact_trace,0.52280897,0.32000000,0.61207825,54,87,59,100,26,72,0,43,28,18,100,30,96,30,80,0,4
train_03194,training_writers,compact_trace,0.50769645,0.32000000,0.63029789,49,78,69,100,100,95,76,72,61,46,59,18,33,0,0,12,3
train_03195,training_writers,compact_trace,0.54487319,0.32000000,0.58729261,1,85,46,100,70,88,55,58,97,39,100,10,51,0,0,2,3
train_03196,training_writers,long_sweep,0.35134947,0.47000000,1.33769948,67,100,25,81,0,49,0,15,51,0,100,20,63,40,9,26,6
train_03197,training_writers,long_sweep,0.34486517,0.47000000,1.36285148,84,100,52,74,28,46,16,17,55,0,100,21,61,38,0,26,6
train_03198,training_writers,long_sweep,0.33858988,0.47000000,1.38810999,100,100,54,100,17,85,15,50,55,47,85,22,50,0,0,6,5
train_03199,training_writers,compact_trace,0.50103805,0.32000000,0.63867405,0,75,61,81,100,100,96,88,87,66,85,44,85,22,87,0,1
train_03200,training_writers,rising_tail,0.26766039,0.43000000,1.60651340,32,62,2,35,0,6,57,0,97,22,100,52,77,80,30,100,0
train_03201,training_writers,long_sweep,0.36339217,0.47000000,1.29336854,69,94,0,81,73,55,100,21,32,0,20,33,58,67,51,100,8
train_03202,training_writers,compact_trace,0.53204828,0.32000000,0.60144918,37,100,3,86,0,51,19,22,72,21,100,47,76,33,65,0,4
train_03203,training_writers,compact_trace,0.52818772,0.32000000,0.60584521,0,29,4,45,41,71,78,96,100,100,75,67,50,33,25,0,1
train_03204,training_writers,compact_trace,0.52349084,0.32000000,0.61128099,0,16,33,43,69,71,100,100,97,91,77,60,57,30,44,0,1
train_03205,training_writers,long_sweep,0.34692452,0.47000000,1.35476156,29,80,53,100,7,70,0,49,83,48,100,65,61,33,29,0,4
train_03206,training_writers,long_sweep,0.34652626,0.47000000,1.35631855,0,92,56,100,100,95,73,55,59,12,43,0,26,31,87,32,7
train_03207,training_writers,compact_trace,0.52714082,0.32000000,0.60704842,100,100,65,90,32,67,5,40,0,8,40,0,36,27,0,20,6
train_03208,training_writers,long_sweep,0.35148276,0.47000000,1.33719219,11,81,60,100,100,89,69,55,31,24,0,0,7,39,64,43,7
train_03209,training_writers,compact_trace,0.54155998,0.32000000,0.59088561,25,90,24,100,61,90,31,64,77,53,100,27,68,4,0,0,3
train_03210,training_writers,long_sweep,0.34367211,0.47000000,1.36758259,0,100,51,99,70,67,57,27,59,0,100,26,57,41,5,40,7
train_03211,training_writers,long_sweep,0.35947789,0.47000000,1.30745174,100,100,33,95,0,60,47,28,48,0,5,21,40,59,87,92,8
train_03212,training_writers,compact_trace,0.54629530,0.32000000,0.58576378,35,84,71,100,100,79,72,52,35,31,0,9,39,0,88,0,2
train_03213,training_writers,long_sweep,0.36750214,0.47000000,1.27890410,32,87,24,54,81,100,0,72,18,44,36,0,100,44,19,49,8
train_03214,training_writers,long_sweep,0.35896509,0.47000000,1.30931954,31,90,0,50,17,0,64,0,96,43,100,99,58,100,21,63,0
train_03215,training_writers,long_sweep,0.36321688,0.47000000,1.29399273,14,76,57,100,63,55,13,72,71,86,100,37,52,0,0,21,9
train_03216,training_writers,long_sweep,0.34598116,0.47000000,1.35845548,0,47,5,25,52,0,93,30,100,75,62,100,30,63,42,22,0
train_03217,training_writers,compact_trace,0.52868819,0.32000000,0.60527171,0,85,35,100,77,91,65,65,68,40,100,19,73,1,24,0,3
train_03218,training_writers,long_sweep,0.34752584,0.47000000,1.35241744,90,81,46,57,0,70,27,100,85,98,100,64,86,30,55,0,9
train_03219,training_writers,long_sweep,0.34382722,0.47000000,1.36696565,4,90,53,100,100,91,66,68,78,39,97,9,51,0,0,4,3
train_03220,training_writers,long_sweep,0.34546574,0.47000000,1.36048224,0,75,29,100,74,93,69,60,41,29,0,3,37,0,100,6,2
train_03221,training_writers,long_sweep,0.34202178,0.47000000,1.37418149,100,100,59,83,31,52,20,19,52,0,91,25,48,27,0,7,6
train_03222,training_writers,long_sweep,0.34190589,0.47000000,1.37464729,75,100,44,70,23,34,47,4,100,6,89,29,36,26,0,0,6
train_03223,training_writers,long_sweep,0.36536991,0.47000000,1.28636755,0,96,31,63,100,32,86,0,12,18,53,53,98,87,41,100,8
train_03224,training_writers,long_sweep,0.35793175,0.47000000,1.31309949,28,49,35,93,100,100,81,54,41,13,52,0,66,45,0,63,8
train_03225,training_writers,compact_trace,0.50408408,0.32000000,0.63481473,52,84,79,100,100,84,77,63,72,34,67,8,33,0,0,2,3
train_03226,training_writers,long_sweep,0.35094981,0.47000000,1.33922284,28,100,21,67,63,34,39,0,7,29,0,68,25,95,100,96,5
train_03227,training_writers,long_sweep,0.34242193,0.47000000,1.37257562,59,54,100,82,84,100,68,62,57,24,0,0,2,0,84,4,1
train_03228,training_writers,long_sweep,0.34720931,0.47000000,1.35365034,12,96,60,100,96,81,60,55,16,33,0,8,55,2,100,0,2
train_03229,training_writers,long_sweep,0.36022237,0.47000000,1.30474960,22,91,24,64,80,38,67,0,0,13,4,57,26,97,100,100,5
train_03230,training_writers,long_sweep,0.33856435,0.47000000,1.38821469,18,84,0,49,14,13,58,0,92,25,100,63,73,93,27,100,0
train_03231,training_writers,long_sweep,0.36209492,0.47000000,1.29800219,25,76,0,47,20,0,83,22,100,69,49,100,3,65,13,17,0
train_03232,training_writers,compact_trace,0.52148187,0.32000000,0.61363590,38,100,7,91,0,62,33,40,91,48,100,54,69,28,56,0,4
train_03233,training_writers,compact_trace,0.49947586,0.32000000,0.64067160,21,100,0,79,0,54,42,37,83,52,79,49,81,24,100,0,4
train_03234,training_writers,long_sweep,0.36045193,0.47000000,1.30391868,0,34,55,65,89,100,82,58,82,17,39,1,9,0,100,1,1
train_03235,training_writers,compact_trace,0.54623276,0.32000000,0.58583085,38,72,59,100,74,99,61,57,48,16,0,3,44,0,100,2,1
train_03236,training_writers,long_sweep,0.34897150,0.47000000,1.34681486,100,100,49,97,15,65,0,28,33,0,85,17,62,39,20,12,6
train_03237,training_writers,long_sweep,0.34529346,0.47000000,1.36116103,54,93,100,100,60,97,26,71,75,59,88,29,48,5,0,0,5
train_03238,training_writers,long_sweep,0.35117894,0.47000000,1.33834906,0,86,57,100,100,78,71,46,36,14,30,0,4,32,74,34,7
train_03239,training_writers,compact_trace,0.51523997,0.32000000,0.62106983,16,69,59,84,100,100,90,82,68,61,44,40,19,20,0,0,1
train_03240,training_writers,long_sweep,0.35360485,0.47000000,1.32916729,45,78,6,48,0,2,46,0,83,34,100,80,63,100,19,78,0
train_03241,training_writers,long_sweep,0.36749043,0.47000000,1.27894487,25,94,6,58,87,30,85,0,0,17,49,53,100,89,35,100,8
train_03242,training_writers,long_sweep,0.36643285,0.47000000,1.28263608,97,91,33,93,55,46,54,0,0,10,49,49,100,87,30,100,8
train_03243,training_writers,long_sweep,0.36534500,0.47000000,1.28645527,70,74,6,84,57,60,100,96,62,100,100,59,79,15,0,0,9
train_03244,training_writers,long_sweep,0.35620967,0.47000000,1.31944761,81,72,58,100,0,81,43,57,82,76,100,37,87,0,17,1,9
train_03245,training_writers,long_sweep,0.34457220,0.47000000,1.36401019,35,100,22,64,0,38,100,42,94,61,68,78,63,39,45,0,4
train_03246,training_writers,compact_trace,0.51636750,0.32000000,0.61971367,0,40,10,60,61,78,100,100,88,81,71,54,61,27,73,0,1
train_03247,training_writers,long_sweep,0.35689884,0.47000000,1.31689977,8,83,69,100,100,69,82,34,51,0,15,22,0,37,89,39,7
train_03248,training_writers,compact_trace,0.50797391,0.32000000,0.62995361,0,47,20,61,50,80,80,100,100,96,87,64,73,32,62,0,1
train_03249,training_writers,long_sweep,0.36333472,0.47000000,1.29357305,61,96,46,68,71,22,11,0,0,34,67,63,100,100,25,93,8
train_03250,training_writers,long_sweep,0.35525336,0.47000000,1.32299946,82,100,30,90,0,59,0,25,45,0,100,15,71,40,10,33,6
train_03251,training_writers,compact_trace,0.53562007,0.32000000,0.59743841,23,100,9,68,0,36,49,25,100,36,99,65,93,32,83,0,4
train_03252,training_writers,compact_trace,0.53468527,0.32000000,0.59848292,26,100,16,79,0,52,36,32,100,38,55,52,38,26,32,0,4
train_03253,training_writers,compact_trace,0.54291770,0.32000000,0.58940793,68,76,75,100,33,82,78,74,75,55,100,23,55,4,0,0,9
train_03254,training_writers,compact_trace,0.54557881,0.32000000,0.58653304,25,76,66,100,64,78,48,34,29,0,0,7,50,10,100,15,1
train_03255,training_writers,compact_trace,0.54392458,0.32000000,0.58831686,100,97,88,100,53,70,25,36,17,0,69,10,58,39,0,29,6
train_03256,training_writers,long_sweep,0.35497685,0.47000000,1.32402999,86,100,49,91,0,54,63,52,100,64,90,98,76,45,69,0,4
train_03257,training_writers,compact_trace,0.52552572,0.32000000,0.60891407,0,85,34,100,68,86,61,55,31,31,20,9,61,4,100,0,2
train_03258,training_writers,compact_trace,0.52232229,0.32000000,0.61264856,78,99,77,83,99,100,75,86,100,58,100,28,57,9,0,0,9
train_03259,training_writers,long_sweep,0.34523429,0.47000000,1.36139430,39,96,24,64,43,28,0,0,7,45,15,93,46,100,100,100,5
train_03260,training_writers,long_sweep,0.34961080,0.47000000,1.34435206,63,100,36,83,9,49,0,13,57,0,100,27,51,42,14,14,6
train_03261,training_writers,compact_trace,0.50678909,0.32000000,0.63142638,48,74,88,95,100,100,78,75,66,49,64,23,32,0,0,1,1
train_03262,training_writers,long_sweep,0.33885666,0.47000000,1.38701717,22,61,54,94,62,100,56,58,51,17,0,4,55,1,100,0,1
train_03263,training_writers,compact_trace,0.53678672,0.32000000,0.59613994,75,100,61,79,100,96,57,96,65,66,82,36,51,10,0,0,9
train_03264,training_writers,long_sweep,0.34666714,0.47000000,1.35576738,66,100,37,93,9,62,0,30,29,0,100,1,91,23,22,13,6
train_03265,training_writers,compact_trace,0.52048428,0.32000000,0.61481204,0,100,15,95,1,63,33,40,100,48,94,65,93,32,90,0,4
train_03266,training_writers,long_sweep,0.36782868,0.47000000,1.27776877,46,78,26,54,84,100,0,75,24,42,29,0,100,44,20,39,8
train_03267,training_writers,long_sweep,0.36959438,0.47000000,1.27166435,78,83,20,58,27,0,100,50,61,100,0,38,68,69,3,8,0
train_03268,training_writers,long_sweep,0.36525386,0.47000000,1.28677625,57,95,59,56,76,12,0,0,28,33,100,60,96,100,21,88,8
train_03269,training_writers,compact_trace,0.52101220,0.32000000,0.61418907,0,42,44,55,76,78,100,100,80,74,61,47,43,21,27,0,1
train_03270,training_writers,compact_trace,0.50736071,0.32000000,0.63071498,19,100,14,79,5,59,0,38,27,20,100,34,81,21,70,0,4
train_03271,training_writers,long_sweep,0.34128077,0.50000000,1.46506934,0,0,42,11,83,34,100,68,77,100,29,99,41,69,90,61,9
train_03272,training_writers,long_sweep,0.36073347,0.47000000,1.30290101,86,83,40,100,0,72,49,37,63,0,10,20,52,55,100,82,8
train_03273,training_writers,compact_trace,0.53664073,0.32000000,0.59630211,54,100,35,79,0,49,19,40,89,38,100,65,81,32,65,0,4
train_03274,training_writers,long_sweep,0.36684054,0.47000000,1.28121063,36,82,45,60,81,100,0,70,19,45,25,0,100,37,4,32,8
train_03275,training_writers,long_sweep,0.35961168,0.47000000,1.30696533,14,92,0,64,66,61,77,7,41,0,23,55,30,95,100,100,5
train_03276,training_writers,long_sweep,0.34963431,0.47000000,1.34426167,0,93,63,100,100,90,89,47,77,5,51,0,27,26,94,36,7
train_03277,training_writers,compact_trace,0.52028060,0.32000000,0.61505272,0,88,30,100,68,90,60,62,72,37,100,16,70,0,27,1,3
train_03278,training_writers,compact_trace,0.52862552,0.32000000,0.60534346,52,93,95,100,100,98,54,92,28,61,58,36,42,2,0,0,5
train_03279,training_writers,long_sweep,0.35314506,0.47000000,1.33089784,81,100,35,78,0,47,69,52,100,66,72,91,62,44,60,0,4
train_03280,training_writers,long_sweep,0.36709165,0.47000000,1.28033423,100,92,20,90,7,42,65,0,0,10,18,58,78,100,45,97,8
train_03281,training_writers,compact_trace,0.54247327,0.32000000,0.58989082,78,100,43,92,0,73,14,54,83,55,100,43,63,22,29,0,4
train_03282,training_writers,compact_trace,0.50772117,0.32000000,0.63026719,0,37,25,50,50,63,74,81,97,100,100,78,88,40,79,0,1
train_03283,training_writers,compact_trace,0.52977693,0.32000000,0.60402782,6,88,52,100,100,92,83,71,54,52,65,32,48,12,0,0,3
train_03284,training_writers,compact_trace,0.52656245,0.32000000,0.60771519,37,89,73,100,58,72,81,59,100,29,75,2,30,0,0,23,3
train_03285,training_writers,long_sweep,0.34357068,0.47000000,1.36798634,8,66,17,27,49,0,89,23,100,63,75,97,25,100,0,67,0
train_03286,training_writers,long_sweep,0.34867569,0.47000000,1.34795748,63,100,41,63,0,36,88,40,100,63,72,78,76,39,82,0,4
train_03287,training_writers,compact_trace,0.51612609,0.32000000,0.62000354,0,74,32,81,77,100,100,99,84,74,64,49,41,24,18,0,1
train_03288,training_writers,rising_tail,0.25703330,0.40000000,1.55621858,0,58,18,26,49,0,86,18,100,50,86,82,45,100,17,77,0
train_03289,training_writers,long_sweep,0.34349648,0.47000000,1.36828184,40,69,61,100,86,68,60,26,18,0,0,18,49,23,100,16,2
train_03290,training_writers,compact_trace,0.52679468,0.32000000,0.60744729,0,26,15,47,60,73,100,100,87,87,64,58,43,29,25,0,1
train_03291,training_writers,compact_trace,0.52898634,0.32000000,0.60493055,58,100,100,93,96,69,54,58,83,45,81,17,45,0,0,3,3
train_03292,training_writers,long_sweep,0.36099485,0.47000000,1.30195764,0,76,66,74,100,100,28,88,3,59,76,69,74,40,59,0,9
train_03293,training_writers,compact_trace,0.54638936,0.32000000,0.58566294,88,76,78,100,26,87,59,86,100,83,76,48,42,18,0,0,9
train_03294,training_writers,compact_trace,0.53985570,0.32000000,0.59275099,48,91,20,60,0,28,18,0,66,15,90,45,100,79,69,100,0
train_03295,training_writers,compact_trace,0.54679485,0.32000000,0.58522863,2,78,33,100,88,97,86,71,79,41,100,11,54,0,0,4,3
train_03296,training_writers,compact_trace,0.51246095,0.32000000,0.62443782,31,88,68,100,60,86,76,68,100,44,78,18,39,6,0,0,3
train_03297,training_writers,long_sweep,0.34917155,0.47000000,1.34604324,34,100,100,87,82,58,55,29,42,0,3,7,0,27,85,35,7
train_03298,training_writers,long_sweep,0.35542000,0.47000000,1.32237917,15,100,99,97,100,78,68,41,40,2,29,0,0,36,81,45,7
train_03299,training_writers,long_sweep,0.35623508,0.47000000,1.31935349,100,96,56,69,0,63,35,98,98,100,94,57,59,20,40,0,9
train_03300,training_writers,long_sweep,0.34575471,0.47000000,1.35934517,26,73,35,100,100,97,78,68,46,35,26,0,0,31,52,30,7
train_03301,training_writers,long_sweep,0.36907435,0.47000000,1.27345613,94,83,29,77,100,41,78,0,0,11,45,56,92,100,10,79,8
train_03302,training_writers,long_sweep,0.35037339,0.47000000,1.34142608,56,100,15,70,42,33,2,0,0,30,13,76,41,99,100,97,5
train_03303,training_writers,compact_trace,0.54595925,0.32000000,0.58612433,36,53,44,100,60,67,38,22,0,0,14,16,57,10,100,5,2
train_03304,training_writers,long_sweep,0.35113736,0.47000000,1.33850753,29,100,8,62,0,20,41,0,87,19,100,59,60,86,8,89,0
train_03305,training_writers,compact_trace,0.54696511,0.32000000,0.58504645,0,82,35,100,78,74,71,36,48,0,27,16,34,40,100,42,7
train_03306,training_writers,long_sweep,0.34670289,0.47000000,1.35562756,100,100,59,86,28,58,9,28,34,0,91,9,53,23,0,9,6
train_03307,training_writers,long_sweep,0.35472992,0.47000000,1.32495165,58,89,15,70,0,30,33,0,79,32,100,72,67,100,18,70,0
train_03308,training_writers,long_sweep,0.36004839,0.47000000,1.30538009,31,92,5,50,59,42,43,0,1,3,0,63,45,92,100,100,5
train_03309,training_writers,long_sweep,0.35741225,0.47000000,1.31500807,40,100,9,66,0,26,43,0,100,17,100,56,61,88,0,89,0
train_03310,training_writers,long_sweep,0.33851392,0.47000000,1.38842149,38,89,84,100,79,73,46,49,91,42,100,16,52,0,0,7,3
train_03311,training_writers,long_sweep,0.34483236,0.47000000,1.36298111,72,100,31,77,4,50,0,21,40,0,100,5,88,28,28,36,6
train_03312,training_writers,long_sweep,0.34588549,0.47000000,1.35883120,76,90,29,69,33,100,76,94,88,57,100,20,62,0,0,4,9
train_03313,training_writers,compact_trace,0.49945844,0.32000000,0.64069395,66,89,100,100,99,81,77,61,64,38,67,15,38,1,0,0,3
train_03314,training_writers,compact_trace,0.54650186,0.32000000,0.58554238,23,63,42,100,63,65,39,22,0,0,13,20,56,18,100,21,2
train_03315,training_writers,compact_trace,0.53875617,0.32000000,0.59396072,55,100,28,75,1,50,0,25,61,30,100,48,65,26,54,0,4
train_03316,training_writers,long_sweep,0.35866917,0.47000000,1.31039978,89,98,57,76,63,34,19,0,0,25,55,56,100,91,36,100,8
train_03317,training_writers,long_sweep,0.34482897,0.47000000,1.36299453,26,93,70,100,75,55,44,17,0,0,6,24,54,24,100,12,2
train_03318,training_writers,long_sweep,0.34577035,0.47000000,1.35928372,52,90,100,100,60,92,32,60,79,57,86,22,44,0,0,14,5
train_03319,training_writers,long_sweep,0.33879510,0.47000000,1.38726918,55,90,44,56,29,13,0,0,28,38,64,69,100,100,63,99,8
train_03320,training_writers,compact_trace,0.54229436,0.32000000,0.59008543,97,92,62,100,60,65,100,89,90,65,85,26,50,0,0,16,9
train_03321,training_writers,long_sweep,0.34292002,0.47000000,1.37058199,0,76,33,100,82,92,45,70,69,45,100,16,58,0,13,10,3
train_03322,training_writers,long_sweep,0.35702212,0.47000000,1.31644503,48,97,13,62,0,21,44,0,89,29,100,70,60,100,4,84,0
train_03323,training_writers,long_sweep,0.35049583,0.47000000,1.34095747,2,90,0,63,39,52,60,6,23,0,15,64,43,99,100,100,5
train_03324,training_writers,long_sweep,0.34600296,0.47000000,1.35836989,9,85,0,45,16,5,63,0,95,31,100,72,65,100,19,89,0
train_03325,training_writers,compact_trace,0.50104045,0.32000000,0.63867099,0,46,47,71,66,100,59,98,59,68,68,38,87,8,100,0,1
train_03326,training_writers,compact_trace,0.54564057,0.32000000,0.58646665,0,83,38,100,93,97,100,71,70,48,34,26,27,2,84,0,2
train_03327,training_writers,long_sweep,0.35809817,0.47000000,1.31248924,13,76,0,33,40,0,92,20,100,67,63,100,18,68,29,24,0
train_03328,training_writers,compact_trace,0.53566625,0.32000000,0.59738690,0,71,28,100,65,83,55,40,20,12,13,16,57,11,100,0,2
train_03329,training_writers,compact_trace,0.52592278,0.32000000,0.60845435,40,82,58,100,79,77,57,62,100,44,83,16,37,0,0,11,3
train_03330,training_writers,compact_trace,0.51229607,0.32000000,0.62463879,39,76,83,94,100,100,65,80,30,60,9,41,0,20,22,0,1
train_03331,training_writers,long_sweep,0.34167603,0.47000000,1.37557206,55,66,51,100,86,87,63,42,25,9,0,4,50,8,100,0,2
train_03332,training_writers,long_sweep,0.34666478,0.47000000,1.35577660,47,100,27,50,0,20,50,30,100,31,89,59,58,50,39,0,4
train_03333,training_writers,long_sweep,0.35822507,0.47000000,1.31202430,40,93,100,100,62,94,7,79,42,64,90,39,61,10,0,0,5
train_03334,training_writers,long_sweep,0.35171511,0.47000000,1.33630880,12,69,19,100,78,99,83,66,47,35,0,10,29,3,100,0,2
train_03335,training_writers,compact_trace,0.50994957,0.32000000,0.62751303,20,92,5,100,0,76,2,52,52,33,95,47,80,23,100,0,4
train_03336,training_writers,compact_trace,0.54461664,0.32000000,0.58756927,56,71,31,100,16,66,24,23,0,0,17,34,57,57,100,76,8
train_03337,training_writers,long_sweep,0.34832339,0.47000000,1.34932080,17,64,38,100,98,94,63,62,67,49,100,15,42,0,0,17,3
train_03338,training_writers,long_sweep,0.35815613,0.47000000,1.31227686,100,100,47,82,13,57,0,31,8,6,92,0,97,20,5,27,6
train_03339,training_writers,long_sweep,0.34143700,0.47000000,1.37653504,100,100,56,88,22,60,0,25,28,0,73,13,48,40,2,41,6
train_03340,training_writers,compact_trace,0.53933757,0.32000000,0.59332043,20,92,58,100,100,87,72,60,71,38,95,15,49,4,0,0,3
train_03341,training_writers,long_sweep,0.34995510,0.47000000,1.34302943,100,100,62,87,21,60,0,27,31,0,93,7,87,37,32,55,6
train_03342,training_writers,compact_trace,0.54032844,0.32000000,0.59223238,18,98,64,100,93,80,68,58,100,36,92,8,47,0,0,2,3
train_03343,training_writers,compact_trace,0.50548323,0.32000000,0.63305760,0,66,33,67,65,82,95,100,100,92,80,62,67,29,78,0,1
train_03344,training_writers,compact_trace,0.53354378,0.32000000,0.59976334,30,75,47,100,64,69,47,35,15,8,0,0,50,5,100,0,2
train_03345,training_writers,long_sweep,0.35373227,0.47000000,1.32868849,0,100,67,100,100,80,70,43,42,4,12,0,23,30,92,35,7
train_03346,training_writers,long_sweep,0.33777690,0.47000000,1.39145097,26,77,12,100,0,62,57,45,100,60,68,77,50,39,41,0,4
train_03347,training_writers,long_sweep,0.35394956,0.47000000,1.32787282,51,97,10,75,0,32,34,0,84,15,100,56,71,92,18,100,0
train_03348,training_writers,compact_trace,0.54300006,0.32000000,0.58931854,22,70,64,98,59,100,52,62,39,25,0,0,23,4,100,5,1
train_03349,training_writers,long_sweep,0.35840174,0.47000000,1.31137755,78,100,29,92,4,55,0,16,54,0,100,29,44,33,3,2,6
train_03350,training_writers,long_sweep,0.35063510,0.47000000,1.34042485,2,86,4,37,31,0,74,10,100,49,80,90,35,100,0,72,0
train_03351,training_writers,long_sweep,0.36502426,0.47000000,1.28758564,0,21,49,57,79,100,15,81,45,44,100,15,29,0,5,25,8
train_03352,training_writers,compact_trace,0.53781082,0.32000000,0.59500476,100,100,62,86,43,56,42,25,71,0,91,23,51,40,0,34,6
train_03353,training_writers,compact_trace,0.54478601,0.32000000,0.58738659,21,66,47,100,65,67,40,28,0,12,18,31,60,19,100,0,2
train_03354,training_writers,long_sweep,0.34360542,0.47000000,1.36784805,33,79,75,100,99,75,71,45,24,25,0,29,55,21,100,0,2
train_03355,training_writers,compact_trace,0.54271273,0.32000000,0.58963054,0,100,55,94,72,63,54,31,32,0,13,8,39,28,100,27,7
train_03356,training_writers,compact_trace,0.54170984,0.32000000,0.59072214,33,76,51,100,77,77,41,42,0,15,2,0,51,5,100,12,2
train_03357,training_writers,long_sweep,0.35100769,0.47000000,1.33900199,84,74,74,100,32,74,58,34,49,0,0,8,48,37,100,62,8
train_03358,training_writers,compact_trace,0.54482715,0.32000000,0.58734224,9,89,54,100,74,74,56,44,25,18,0,3,50,5,100,0,2
train_03359,training_writers,long_sweep,0.34872789,0.47000000,1.34775571,94,100,52,78,24,50,13,21,47,0,100,15,53,30,0,18,6
train_03360,training_writers,compact_trace,0.49765023,0.32000000,0.64302191,48,73,62,80,100,100,88,85,60,64,38,42,15,21,0,0,1
train_03361,training_writers,long_sweep,0.35285429,0.47000000,1.33199456,21,99,0,60,3,17,50,0,94,25,100,68,64,100,15,90,0
train_03362,training_writers,long_sweep,0.33884249,0.47000000,1.38707514,58,100,21,80,0,48,9,14,56,0,100,16,64,27,25,8,6
train_03363,training_writers,long_sweep,0.35299138,0.47000000,1.33147726,100,69,76,100,13,91,12,65,76,76,84,43,60,9,0,0,9
train_03364,training_writers,compact_trace,0.53914961,0.32000000,0.59352728,0,78,26,94,95,100,100,82,57,61,62,37,57,14,0,0,3
train_03365,training_writers,long_sweep,0.34573143,0.47000000,1.35943671,0,82,43,100,100,91,83,65,48,42,9,18,5,0,72,4,2
train_03366,training_writers,long_sweep,0.35235943,0.47000000,1.33386525,23,77,0,46,0,2,51,0,87,34,100,78,60,100,12,77,0
train_03367,training_writers,long_sweep,0.34082449,0.47000000,1.37900888,100,100,57,83,24,57,3,27,25,0,78,6,54,23,0,17,6
train_03368,training_writers,compact_trace,0.52909162,0.32000000,0.60481018,0,64,43,81,100,100,74,83,43,62,13,42,4,20,9,0,1
train_03369,training_writers,compact_trace,0.54480856,0.32000000,0.58736228,38,100,16,68,0,36,51,30,100,34,90,62,63,31,41,0,4
train_03370,training_writers,compact_trace,0.52812968,0.32000000,0.60591179,9,88,46,100,60,78,31,55,0,34,10,13,56,7,100,0,2
train_03371,training_writers,long_sweep,0.36582888,0.47000000,1.28475366,93,77,47,100,8,68,70,33,74,0,0,20,52,57,100,92,8
train_03372,training_writers,compact_trace,0.53601514,0.32000000,0.59699806,41,82,66,100,100,78,62,51,77,43,95,13,49,0,0,8,3
train_03373,training_writers,long_sweep,0.34108324,0.47000000,1.37796277,52,100,25,67,0,33,46,28,100,33,99,65,73,35,53,0,4
train_03374,training_writers,long_sweep,0.36710327,0.47000000,1.28029371,40,84,33,81,100,42,81,0,0,13,46,57,94,100,11,90,8
train_03375,training_writers,compact_trace,0.54497061,0.32000000,0.58718763,44,87,25,100,22,68,68,85,91,59,100,18,53,0,0,3,9
train_03376,training_writers,compact_trace,0.52436187,0.32000000,0.61026558,100,99,65,100,33,77,11,51,0,22,21,0,52,19,11,20,6
train_03377,training_writers,compact_trace,0.52740214,0.32000000,0.60674764,71,100,40,85,0,63,19,42,88,45,100,52,80,26,69,0,4
train_03378,training_writers,long_sweep,0.33915582,0.47000000,1.38579370,76,100,23,90,41,60,92,76,100,79,93,42,56,13,0,0,9
train_03379,training_writers,long_sweep,0.33853349,0.47000000,1.38834123,0,70,8,100,56,91,69,50,38,15,10,10,58,0,100,15,2
train_03380,training_writers,compact_trace,0.53791024,0.32000000,0.59489479,0,100,58,94,73,68,54,34,34,0,19,1,40,21,100,19,7
train_03381,training_writers,compact_trace,0.54289722,0.32000000,0.58943016,43,80,46,100,83,79,61,39,20,12,0,14,51,16,100,0,2
train_03382,training_writers,long_sweep,0.34502939,0.47000000,1.36220280,95,100,64,81,36,49,27,12,75,0,100,27,51,41,0,28,6
train_03383,training_writers,compact_trace,0.54685528,0.32000000,0.58516396,100,75,41,68,0,79,44,100,89,91,91,61,85,30,86,0,9
train_03384,training_writers,long_sweep,0.34637999,0.47000000,1.35689130,26,73,0,48,18,7,67,0,100,30,87,73,48,100,13,75,0
train_03385,training_writers,long_sweep,0.34308732,0.47000000,1.36991364,6,98,50,100,76,67,64,24,67,0,100,25,52,46,0,58,7
train_03386,training_writers,compact_trace,0.53945194,0.32000000,0.59319464,0,66,3,93,52,100,100,91,84,65,45,46,27,21,65,0,3
train_03387,training_writers,compact_trace,0.50851481,0.32000000,0.62928354,0,38,32,51,64,75,93,100,100,97,91,64,83,32,75,0,1
train_03388,training_writers,compact_trace,0.53798055,0.32000000,0.59481704,8,92,52,100,91,88,76,61,92,37,100,14,51,3,0,0,3
train_03389,training_writers,long_sweep,0.34312907,0.47000000,1.36974697,54,77,30,37,0,0,13,25,55,54,100,80,89,100,37,86,8
train_03390,training_writers,long_sweep,0.34390808,0.47000000,1.36664425,34,100,0,51,18,87,12,97,36,44,16,0,34,8,100,14,1
train_03391,training_writers,compact_trace,0.54238492,0.32000000,0.58998691,0,93,52,100,94,87,80,63,53,42,23,20,42,3,100,0,2
train_03392,training_writers,compact_trace,0.52571788,0.32000000,0.60869149,0,81,34,100,68,83,56,52,24,29,16,20,64,17,100,0,2
train_03393,training_writers,long_sweep,0.35486733,0.47000000,1.32443864,0,85,42,97,30,75,23,21,72,0,100,47,87,100,36,99,0
train_03394,training_writers,long_sweep,0.34283665,0.47000000,1.37091528,14,77,53,100,79,77,43,46,83,36,100,9,50,0,0,1,3
train_03395,training_writers,long_sweep,0.36298391,0.47000000,1.29482322,9,96,13,59,76,45,60,0,3,12,0,63,24,100,100,100,5
train_03396,training_writers,long_sweep,0.35413177,0.47000000,1.32718960,90,100,50,82,0,45,70,46,100,65,83,91,77,43,75,0,4
train_03397,training_writers,long_sweep,0.35095657,0.47000000,1.33919702,100,100,54,83,20,55,0,24,34,0,92,12,79,38,16,46,6
train_03398,training_writers,compact_trace,0.53446829,0.32000000,0.59872588,0,91,34,100,62,78,58,38,46,0,31,34,57,55,100,59,7
train_03399,training_writers,long_sweep,0.36313077,0.47000000,1.29429959,80,70,95,100,7,89,0,57,82,76,100,56,82,20,11,0,9
train_03400,training_writers,long_sweep,0.34881340,0.47000000,1.34742531,49,94,1,98,44,81,59,100,92,64,100,20,55,0,0,8,9
train_03401,training_writers,compact_trace,0.54731617,0.32000000,0.58467120,8,79,47,100,47,86,39,48,45,12,100,8,44,5,0,0,1
train_03402,training_writers,compact_trace,0.51372758,0.32000000,0.62289823,0,100,3,100,52,99,100,100,73,86,50,57,32,27,34,0,7
train_03403,training_writers,compact_trace,0.53884214,0.32000000,0.59386595,43,84,76,100,100,78,62,55,83,43,99,14,53,0,0,7,3
train_03404,training_writers,compact_trace,0.51457922,0.32000000,0.62186732,0,83,26,100,53,84,42,50,16,24,27,5,66,0,100,7,2
train_03405,training_writers,long_sweep,0.35088091,0.47000000,1.33948582,0,92,33,100,95,80,83,40,56,0,35,9,20,36,100,43,7
train_03406,training_writers,long_sweep,0.34261123,0.47000000,1.37181726,32,95,1,65,0,25,35,0,79,13,100,49,81,85,37,100,0
train_03407,training_writers,compact_trace,0.51883844,0.32000000,0.61676231,13,78,38,100,41,68,24,36,0,10,33,3,68,0,100,3,2
train_03408,training_writers,long_sweep,0.34408095,0.47000000,1.36595765,62,73,23,69,0,90,68,100,100,78,77,50,43,24,2,0,9
train_03409,training_writers,long_sweep,0.34511759,0.47000000,1.36185468,16,95,46,100,100,95,72,63,39,32,6,0,0,32,56,35,7
train_03410,training_writers,long_sweep,0.35024886,0.47000000,1.34190302,0,97,38,100,89,75,59,37,25,0,8,12,29,41,100,39,7
train_03411,training_writers,long_sweep,0.35110360,0.47000000,1.33863623,36,100,5,66,0,22,40,0,85,19,100,59,65,89,15,94,0
train_03412,training_writers,long_sweep,0.34704950,0.47000000,1.35427368,32,63,52,100,86,69,70,24,24,0,0,4,53,2,100,1,2
train_03413,training_writers,compact_trace,0.53215674,0.32000000,0.60132659,85,92,52,100,56,76,83,85,100,44,88,6,42,0,0,10,9
train_03414,training_writers,compact_trace,0.50550501,0.32000000,0.63303033,47,87,75,100,80,73,85,54,100,31,74,8,38,0,0,5,3
train_03415,training_writers,compact_trace,0.49842029,0.32000000,0.64202844,53,98,88,100,100,80,78,60,58,40,57,17,35,0,0,3,3
train_03416,training_writers,compact_trace,0.52193822,0.32000000,0.61309939,0,27,16,50,49,74,82,98,100,100,78,67,56,35,44,0,1
train_03417,training_writers,compact_trace,0.54552886,0.32000000,0.58658675,100,100,58,81,24,56,0,28,11,0,64,3,62,25,7,25,6
train_03418,training_writers,long_sweep,0.34332659,0.47000000,1.36895892,61,83,19,100,3,62,15,21,0,0,0,40,47,62,100,79,8
train_03419,training_writers,compact_trace,0.52486916,0.32000000,0.60967576,7,54,43,76,76,100,100,99,78,74,57,49,28,24,0,0,1
train_03420,training_writers,long_sweep,0.34992995,0.47000000,1.34312594,59,100,28,71,26,20,0,0,28,40,72,67,100,99,49,99,8
train_03421,training_writers,compact_trace,0.53787981,0.32000000,0.59492845,48,86,64,100,94,80,58,54,100,52,87,19,43,0,0,7,3
train_03422,training_writers,long_sweep,0.36180034,0.47000000,1.29905902,53,100,0,75,7,43,100,52,50,76,16,91,14,44,28,0,4
train_03423,training_writers,long_sweep,0.34014542,0.47000000,1.38176197,26,89,0,74,1,30,35,0,80,10,100,50,86,92,46,100,0
train_03424,training_writers,long_sweep,0.35492503,0.47000000,1.32422333,88,95,100,100,49,73,12,42,19,10,97,0,85,18,0,17,6
train_03425,training_writers,long_sweep,0.35182964,0.47000000,1.33587379,93,100,46,78,13,51,0,21,38,0,100,8,78,28,15,22,6
train_03426,training_writers,compact_trace,0.53819359,0.32000000,0.59458159,0,62,22,89,69,100,86,77,59,50,28,26,47,4,100,0,2
train_03427,training_writers,long_sweep,0.35130957,0.47000000,1.33785141,100,100,48,80,17,54,0,26,25,0,96,4,84,23,19,12,6
train_03428,training_writers,compact_trace,0.53775180,0.32000000,0.59507007,21,86,55,100,87,79,62,49,83,38,100,12,52,0,0,4,3
train_03429,training_writers,long_sweep,0.36965847,0.47000000,1.27144388,40,100,0,58,93,90,6,92,11,52,9,0,100,34,0,38,8
train_03430,training_writers,long_sweep,0.35768887,0.47000000,1.31399113,85,100,38,76,0,42,82,41,100,61,78,95,75,47,71,0,4
train_03431,training_writers,compact_trace,0.53424451,0.32000000,0.59897667,100,100,60,85,72,61,96,91,95,59,79,24,43,1,0,0,9
train_03432,training_writers,long_sweep,0.34565057,0.47000000,1.35975475,51,100,0,69,16,52,84,58,100,74,61,83,40,41,16,0,4
train_03433,training_writers,compact_trace,0.52276431,0.32000000,0.61213054,51,100,35,74,10,49,0,22,54,12,100,32,90,25,69,0,4
train_03434,training_writers,long_sweep,0.34698657,0.47000000,1.35451929,4,100,59,90,66,56,56,22,39,0,0,30,16,49,100,47,7
train_03435,training_writers,compact_trace,0.51815092,0.32000000,0.61758069,0,66,46,79,100,100,97,91,71,68,46,46,26,23,23,0,1
train_03436,training_writers,compact_trace,0.51664776,0.32000000,0.61937750,22,100,20,75,0,40,0,25,67,30,100,39,84,36,79,0,4
train_03437,training_writers,compact_trace,0.53621930,0.32000000,0.59677077,100,81,65,97,24,100,7,64,41,57,65,25,31,0,0,5,5
train_03438,training_writers,long_sweep,0.34761108,0.47000000,1.35208580,48,84,38,41,20,0,0,14,37,51,89,81,100,100,36,84,8
train_03439,training_writers,long_sweep,0.35664106,0.47000000,1.31785163,100,100,55,82,22,55,0,27,11,0,95,11,85,35,9,21,6
train_03440,training_writers,compact_trace,0.54590762,0.32000000,0.58617976,100,100,55,99,20,93,23,53,67,54,80,20,43,0,0,3,5
train_03441,training_writers,long_sweep,0.35156647,0.47000000,1.33687378,28,90,97,100,100,68,61,33,18,0,0,8,7,29,82,31,7
train_03442,training_writers,long_sweep,0.34368255,0.47000000,1.36754106,0,75,38,100,90,90,90,48,76,6,55,0,48,43,100,55,7
train_03443,training_writers,long_sweep,0.36342556,0.47000000,1.29324971,3,61,69,34,69,0,0,13,45,46,100,78,71,100,29,71,8
train_03444,training_writers,compact_trace,0.51034517,0.32000000,0.62702661,33,57,50,75,97,98,100,100,70,75,40,50,13,25,0,0,1
train_03445,training_writers,compact_trace,0.54056956,0.32000000,0.59196822,0,80,34,100,60,80,34,53,1,29,0,4,49,0,100,1,2
train_03446,training_writers,compact_trace,0.51008446,0.32000000,0.62734708,0,75,8,100,52,99,96,98,100,81,83,54,68,27,58,0,7
train_03447,training_writers,compact_trace,0.54313977,0.32000000,0.58916695,38,92,11,62,0,27,27,0,75,6,100,36,88,71,59,100,0
train_03448,training_writers,long_sweep,0.35856664,0.47000000,1.31077446,12,92,1,58,62,38,50,0,0,15,2,59,30,96,100,100,5
train_03449,training_writers,long_sweep,0.36307491,0.47000000,1.29449872,73,97,35,54,100,84,44,100,75,71,92,60,62,0,0,9,9
train_03450,training_writers,long_sweep,0.36076779,0.47000000,1.30277706,27,94,0,70,59,55,52,8,0,0,8,53,37,94,100,100,5
train_03451,training_writers,long_sweep,0.35152941,0.47000000,1.33701474,61,100,22,71,9,34,33,0,88,4,100,37,50,50,0,30,6
train_03452,training_writers,compact_trace,0.50850418,0.32000000,0.62929669,0,90,36,100,64,89,53,64,67,41,100,25,88,7,48,0,3
train_03453,training_writers,long_sweep,0.34780367,0.47000000,1.35133709,78,100,47,78,19,49,8,18,48,0,100,15,62,35,0,34,6
train_03454,training_writers,compact_trace,0.53079423,0.32000000,0.60287016,46,78,49,100,100,93,78,65,86,39,87,10,36,0,0,19,3
train_03455,training_writers,long_sweep,0.34263262,0.47000000,1.37173164,11,69,42,100,73,71,56,29,19,0,0,11,50,13,100,7,2
train_03456,training_writers,compact_trace,0.54721934,0.32000000,0.58477465,68,100,29,90,0,59,1,17,38,0,77,13,100,48,78,82,0
train_03457,training_writers,compact_trace,0.48928864,0.32000000,0.65401069,13,100,0,82,0,60,27,42,82,42,80,41,80,19,100,0,4
train_03458,training_writers,compact_trace,0.53336888,0.32000000,0.59996001,47,90,75,100,75,72,55,45,26,21,0,0,49,5,100,4,2
train_03459,training_writers,long_sweep,0.35030143,0.47000000,1.34170163,100,91,44,100,0,76,10,37,30,0,3,25,25,61,72,86,8
train_03460,training_writers,compact_trace,0.52848224,0.32000000,0.60550758,20,91,61,100,71,78,59,51,100,34,86,11,37,0,0,1,3
train_03461,training_writers,compact_trace,0.52175700,0.32000000,0.61331232,41,80,61,100,83,78,65,58,100,44,84,17,45,0,0,0,3
train_03462,training_writers,long_sweep,0.35475370,0.47000000,1.32486287,46,93,9,63,0,15,45,0,90,24,100,70,60,100,19,83,0
train_03463,training_writers,long_sweep,0.34030642,0.47000000,1.38110824,6,90,0,52,38,29,8,0,2,34,13,78,52,96,100,100,5
train_03464,training_writers,long_sweep,0.36774663,0.47000000,1.27805385,57,100,0,75,62,40,62,0,2,15,56,53,100,93,23,95,8
train_03465,training_writers,long_sweep,0.34708589,0.47000000,1.35413169,61,100,96,98,83,49,46,14,0,0,6,29,54,27,100,8,2
train_03466,training_writers,rising_tail,0.26676792,0.40000000,1.49943068,14,79,0,46,18,7,58,0,92,25,100,69,71,100,32,96,0
train_03467,training_writers,long_sweep,0.35159493,0.47000000,1.33676558,4,83,0,52,21,100,27,67,54,20,2,0,35,4,100,7,1
train_03468,training_writers,long_sweep,0.35237914,0.47000000,1.33379064,32,84,66,100,100,80,64,40,30,0,68,11,36,52,0,91,8
train_03469,training_writers,long_sweep,0.35686385,0.47000000,1.31702890,67,92,32,87,0,44,72,50,100,62,63,100,62,48,59,0,4
train_03470,training_writers,long_sweep,0.35379516,0.47000000,1.32845233,89,100,35,79,11,52,0,25,19,0,97,1,100,23,22,21,6
train_03471,training_writers,compact_trace,0.50526328,0.32000000,0.63333318,0,54,47,68,83,90,100,100,93,74,86,48,76,23,79,0,1
train_03472,training_writers,compact_trace,0.51569936,0.32000000,0.62051657,42,100,41,78,18,51,0,23,60,24,94,41,89,27,100,0,4
train_03473,training_writers,compact_trace,0.54385150,0.32000000,0.58839591,55,95,100,100,54,91,28,55,54,53,76,30,43,0,0,1,5
train_03474,training_writers,compact_trace,0.54480525,0.32000000,0.58736585,11,72,28,100,66,78,56,38,19,10,0,6,50,5,100,0,2
train_03475,training_writers,compact_trace,0.52093741,0.32000000,0.61427725,30,100,33,81,4,54,0,29,70,27,100,49,94,29,98,0,4
train_03476,training_writers,compact_trace,0.50581316,0.32000000,0.63264467,0,46,37,60,69,80,100,100,94,78,88,51,85,24,87,0,1
train_03477,training_writers,long_sweep,0.34723180,0.47000000,1.35356268,30,97,12,71,0,28,33,0,84,16,100,57,74,94,24,100,0
train_03478,training_writers,compact_trace,0.51583922,0.32000000,0.62034834,0,49,27,64,65,84,100,100,83,75,62,50,46,25,33,0,1
train_03479,training_writers,long_sweep,0.35334855,0.47000000,1.33013140,0,90,22,100,93,85,76,42,53,0,32,1,17,34,100,39,7
train_03480,training_writers,long_sweep,0.35338066,0.47000000,1.33001054,43,92,100,100,85,97,19,90,55,66,90,37,64,8,0,0,5
train_03481,training_writers,long_sweep,0.34957286,0.47000000,1.34449796,90,71,87,100,5,86,0,54,85,65,100,72,96,34,96,0,9
train_03482,training_writers,compact_trace,0.53390123,0.32000000,0.59936179,77,82,55,100,45,76,91,81,100,47,90,14,46,0,0,10,9
train_03483,training_writers,long_sweep,0.35295918,0.47000000,1.33159875,100,100,58,86,23,57,1,24,30,0,90,13,64,40,0,42,6
train_03484,training_writers,compact_trace,0.52597211,0.32000000,0.60839728,0,76,27,100,63,82,58,40,26,12,20,16,60,8,100,0,2
train_03485,training_writers,compact_trace,0.50390758,0.32000000,0.63503708,0,99,27,100,64,95,100,87,77,63,58,36,41,7,32,0,7
train_03486,training_writers,long_sweep,0.36369762,0.47000000,1.29228230,17,82,1,72,40,58,81,28,5,0,0,46,1,93,100,100,5
train_03487,training_writers,long_sweep,0.34089327,0.47000000,1.37873065,0,81,41,100,60,72,43,35,20,0,5,35,48,49,100,48,7
train_03488,training_writers,compact_trace,0.52540165,0.32000000,0.60905785,80,100,59,97,26,71,0,43,28,23,94,38,100,28,81,0,4
train_03489,training_writers,compact_trace,0.54002008,0.32000000,0.59257056,33,77,30,100,63,73,43,36,0,16,29,16,78,0,100,32,2
train_03490,training_writers,long_sweep,0.35934563,0.47000000,1.30793296,40,99,100,100,43,99,6,69,42,50,89,26,60,1,0,0,5
train_03491,training_writers,compact_trace,0.52517488,0.32000000,0.60932084,0,88,36,100,70,87,68,61,70,34,100,15,64,1,17,0,3
train_03492,training_writers,long_sweep,0.35155029,0.47000000,1.33693532,58,90,8,63,37,44,18,0,0,18,4,74,41,100,100,98,5
train_03493,training_writers,compact_trace,0.51365057,0.32000000,0.62299162,14,100,0,75,7,47,72,48,100,62,83,58,82,29,84,0,4
train_03494,training_writers,long_sweep,0.35037239,0.47000000,1.34142991,100,100,53,79,19,54,11,24,45,0,98,8,51,21,0,7,6
train_03495,training_writers,long_sweep,0.35651444,0.47000000,1.31831968,30,86,0,42,23,0,70,3,100,41,82,90,37,100,22,54,0
train_03496,training_writers,long_sweep,0.34929338,0.47000000,1.34557375,54,97,20,73,48,34,35,0,0,22,50,50,100,78,71,100,8
train_03497,training_writers,long_sweep,0.33995714,0.47000000,1.38252721,4,93,50,100,82,79,49,50,70,45,100,19,56,0,0,10,3
train_03498,training_writers,long_sweep,0.34651224,0.50000000,1.44295048,0,0,46,16,85,41,100,72,73,100,18,95,19,66,76,55,9
train_03499,training_writers,compact_trace,0.53595178,0.32000000,0.59706864,24,75,24,100,70,81,60,48,65,41,100,16,49,0,0,20,3
train_03500,training_writers,compact_trace,0.50504005,0.32000000,0.63361311,0,58,40,72,74,90,100,100,89,74,78,47,69,19,68,0,1
train_03501,training_writers,long_sweep,0.35277317,0.47000000,1.33230087,84,100,38,77,8,50,0,22,40,0,100,9,54,25,2,13,6
train_03502,training_writers,compact_trace,0.48710486,0.32000000,0.65694274,0,70,35,87,59,100,61,79,64,58,72,37,81,17,100,0,1
train_03503,training_writers,compact_trace,0.53754669,0.32000000,0.59529712,82,100,49,85,19,61,0,34,51,36,100,51,81,27,69,0,4
train_03504,training_writers,long_sweep,0.36743541,0.47000000,1.27913637,86,74,21,100,0,73,66,38,100,0,12,8,49,49,100,76,8
train_03505,training_writers,long_sweep,0.36734734,0.47000000,1.27944304,100,87,9,100,0,67,74,37,94,0,21,15,60,56,93,94,8
train_03506,training_writers,long_sweep,0.36125174,0.47000000,1.30103180,35,89,3,61,8,8,62,0,100,40,82,89,27,100,0,54,0
train_03507,training_writers,long_sweep,0.36727411,0.47000000,1.27969815,36,93,31,55,79,100,0,73,31,53,27,0,100,37,32,46,8
train_03508,training_writers,long_sweep,0.34015746,0.47000000,1.38171305,7,89,54,100,69,76,40,52,91,45,100,19,52,6,0,0,3
train_03509,training_writers,compact_trace,0.52811717,0.32000000,0.60592614,36,100,21,66,0,31,20,24,93,22,100,45,80,35,81,0,4
train_03510,training_writers,long_sweep,0.36409850,0.47000000,1.29085947,15,91,23,65,92,46,68,0,10,14,0,63,7,97,100,100,5
train_03511,training_writers,long_sweep,0.36410103,0.47000000,1.29085050,51,62,56,100,1,82,33,42,65,1,0,0,32,40,100,65,8
train_03512,training_writers,compact_trace,0.54055205,0.32000000,0.59198739,21,82,55,100,69,65,40,26,0,0,4,6,51,6,100,5,2
train_03513,training_writers,long_sweep,0.36175804,0.47000000,1.29921093,12,89,0,48,64,45,71,0,26,8,6,59,30,100,100,98,5
train_03514,training_writers,compact_trace,0.54550673,0.32000000,0.58661055,0,97,68,100,66,69,55,35,54,0,31,1,32,25,100,33,7
train_03515,training_writers,long_sweep,0.33847729,0.47000000,1.38857174,48,100,39,89,14,56,12,19,57,0,100,17,52,30,0,15,6
train_03516,training_writers,compact_trace,0.50756893,0.32000000,0.63045624,0,64,26,81,74,100,100,98,80,74,67,49,62,24,70,0,1
train_03517,training_writers,compact_trace,0.54124037,0.32000000,0.59123454,0,83,36,100,66,78,53,39,41,0,24,34,56,50,100,55,7
train_03518,training_writers,long_sweep,0.34414294,0.47000000,1.36571159,0,88,45,100,66,72,27,48,59,43,100,21,60,0,7,4,3
train_03519,training_writers,long_sweep,0.33821141,0.47000000,1.38966335,87,96,62,81,99,100,66,92,99,61,100,26,55,2,0,0,9
train_03520,training_writers,compact_trace,0.53157884,0.32000000,0.60198032,14,57,56,78,100,100,98,90,82,62,75,35,63,8,0,0,1
train_03521,training_writers,compact_trace,0.53314700,0.32000000,0.60020969,0,83,30,100,78,96,100,74,70,51,37,30,35,7,83,0,2
train_03522,training_writers,compact_trace,0.51388995,0.32000000,0.62270141,0,96,27,100,73,99,100,83,85,60,60,40,33,20,8,0,7
train_03523,training_writers,long_sweep,0.34544908,0.47000000,1.36054785,86,100,32,81,0,57,30,37,100,51,86,46,41,23,11,0,4
train_03524,training_writers,long_sweep,0.35106246,0.47000000,1.33879309,78,100,33,82,12,49,14,12,60,0,100,26,50,32,0,13,6
train_03525,training_writers,long_sweep,0.36153392,0.47000000,1.30001632,36,86,0,75,35,34,12,0,11,35,75,68,100,100,12,89,8
train_03526,training_writers,long_sweep,0.33879926,0.47000000,1.38725213,26,56,39,100,57,74,35,29,0,0,15,26,56,7,100,5,2
train_03527,training_writers,long_sweep,0.35634681,0.47000000,1.31893985,13,92,85,100,97,71,68,35,31,0,0,12,25,34,100,30,7
train_03528,training_writers,compact_trace,0.52147254,0.32000000,0.61364688,100,91,69,100,53,63,85,70,90,63,80,23,44,0,0,7,9
train_03529,training_writers,compact_trace,0.51410559,0.32000000,0.62244022,0,69,36,84,77,99,100,100,78,76,57,51,38,26,28,0,1
train_03530,training_writers,long_sweep,0.34944263,0.47000000,1.34499903,11,91,57,100,100,93,66,62,33,29,5,0,0,35,60,37,7
train_03531,training_writers,long_sweep,0.35076902,0.47000000,1.33991307,100,92,46,100,11,78,37,56,86,43,81,0,28,5,0,41,5
train_03532,training_writers,long_sweep,0.34077039,0.47000000,1.37922783,0,92,39,99,100,100,82,66,50,33,17,0,19,17,65,30,7
train_03533,training_writers,long_sweep,0.34549544,0.47000000,1.36036527,100,99,89,100,46,75,15,48,0,20,43,0,96,10,24,22,6
train_03534,training_writers,compact_trace,0.52544448,0.32000000,0.60900821,57,82,58,100,96,90,72,61,100,45,86,15,44,0,0,4,3
train_03535,training_writers,long_sweep,0.36566755,0.47000000,1.28532049,45,86,32,66,93,87,12,100,80,79,100,46,88,13,0,0,9
train_03536,training_writers,long_sweep,0.36174405,0.47000000,1.29926117,5,73,48,68,100,100,27,88,0,59,76,71,72,42,53,0,9
train_03537,training_writers,long_sweep,0.35244911,0.47000000,1.33352584,50,100,10,73,0,29,36,0,83,17,100,60,68,94,26,76,0
train_03538,training_writers,rising_tail,0.26460121,0.40000000,1.51170888,9,84,4,56,43,26,22,0,0,27,18,67,44,94,100,100,5
train_03539,training_writers,long_sweep,0.34966185,0.47000000,1.34415578,34,100,0,70,1,17,40,0,80,15,100,61,66,90,26,81,0
train_03540,training_writers,long_sweep,0.34715902,0.47000000,1.35384642,19,94,78,100,100,82,67,50,34,20,0,0,13,31,74,33,7
train_03541,training_writers,long_sweep,0.35151208,0.47000000,1.33708064,39,79,8,71,0,24,40,0,87,24,100,69,62,100,16,80,0
train_03542,training_writers,long_sweep,0.35424528,0.47000000,1.32676434,17,97,67,100,100,76,73,40,33,6,0,0,15,30,94,29,7
train_03543,training_writers,compact_trace,0.52488285,0.32000000,0.60965985,52,79,71,100,92,78,67,52,100,35,84,9,39,0,0,8,3
train_03544,training_writers,long_sweep,0.34925215,0.47000000,1.34573259,76,100,28,96,0,66,2,32,45,9,100,17,53,26,19,0,6
train_03545,training_writers,long_sweep,0.34016311,0.47000000,1.38169009,51,71,53,100,87,83,69,43,34,11,0,6,50,14,100,0,2
train_03546,training_writers,long_sweep,0.34714823,0.47000000,1.35388851,98,89,44,100,43,65,100,84,95,79,92,38,70,0,0,3,9
train_03547,training_writers,long_sweep,0.34987949,0.47000000,1.34331965,0,92,52,100,81,74,53,40,25,6,12,0,5,30,100,38,7
train_03548,training_writers,long_sweep,0.35075975,0.47000000,1.33994851,36,52,0,50,6,6,56,0,97,30,100,76,58,100,24,68,0
train_03549,training_writers,compact_trace,0.54645790,0.32000000,0.58558949,0,82,36,100,88,93,63,65,69,48,100,21,60,0,8,9,3
train_03550,training_writers,compact_trace,0.51203453,0.32000000,0.62495785,0,59,46,76,100,100,100,100,79,76,57,50,46,24,50,0,1
train_03551,training_writers,compact_trace,0.52581366,0.32000000,0.60858062,0,45,32,65,67,82,100,100,75,76,51,51,28,26,9,0,1
train_03552,training_writers,compact_trace,0.53511652,0.32000000,0.59800060,20,100,34,93,0,53,4,38,88,50,100,72,99,30,96,0,4
train_03553,training_writers,compact_trace,0.53627254,0.32000000,0.59671152,100,75,82,100,29,91,20,74,74,74,63,42,30,15,0,0,9
train_03554,training_writers,long_sweep,0.34228925,0.47000000,1.37310770,13,78,35,100,83,96,63,66,27,42,0,13,43,0,100,1,2
train_03555,training_writers,long_sweep,0.34503102,0.47000000,1.36219638,86,80,28,73,34,100,77,82,91,49,100,16,60,0,0,11,9
train_03556,training_writers,compact_trace,0.50881326,0.32000000,0.62891443,0,79,25,100,51,80,53,46,37,15,30,0,65,3,100,1,2
train_03557,training_writers,long_sweep,0.35148390,0.47000000,1.33718785,34,86,6,50,0,9,49,0,89,29,100,70,66,100,21,76,0
train_03558,training_writers,long_sweep,0.35135459,0.47000000,1.33767998,34,100,18,63,63,34,34,0,0,15,14,58,40,93,100,89,5
train_03559,training_writers,compact_trace,0.48110226,0.32000000,0.66513925,100,92,58,100,39,84,24,67,15,50,9,33,0,16,0,0,1
train_03560,training_writers,compact_trace,0.53494991,0.32000000,0.59818685,13,71,30,100,60,79,40,42,6,13,0,9,51,11,100,0,2
train_03561,training_writers,long_sweep,0.36443562,0.47000000,1.28966538,37,94,44,57,94,99,28,100,53,73,100,64,75,7,0,0,9
train_03562,training_writers,long_sweep,0.35651370,0.47000000,1.31832239,38,85,0,59,48,53,68,18,22,0,24,50,37,94,100,100,5
train_03563,training_writers,compact_trace,0.54225214,0.32000000,0.59013137,33,100,0,79,11,48,81,49,100,81,80,66,62,33,45,0,4
train_03564,training_writers,compact_trace,0.50980641,0.32000000,0.62768925,0,89,38,100,65,85,55,60,69,37,100,18,81,0,45,1,3
train_03565,training_writers,long_sweep,0.34580845,0.47000000,1.35913392,67,88,100,72,85,100,54,70,94,83,92,35,59,0,0,2,9
train_03566,training_writers,long_sweep,0.35161183,0.47000000,1.33670134,40,85,1,60,43,46,26,2,0,0,9,53,42,89,100,100,5
train_03567,training_writers,long_sweep,0.36114077,0.47000000,1.30143158,47,97,17,79,57,40,70,0,0,17,33,53,100,79,65,100,8
train_03568,training_writers,compact_trace,0.50361575,0.32000000,0.63540507,0,95,27,100,32,63,15,31,11,10,41,7,70,3,100,0,2
train_03569,training_writers,compact_trace,0.53899056,0.32000000,0.59370243,0,78,34,100,80,91,63,57,57,43,100,25,72,0,24,1,3
train_03570,training_writers,compact_trace,0.51185476,0.32000000,0.62517734,0,48,35,57,67,78,99,100,100,88,79,58,63,27,75,0,1
train_03571,training_writers,compact_trace,0.52150461,0.32000000,0.61360915,39,78,25,97,74,100,100,81,85,57,72,32,46,10,0,0,3
train_03572,training_writers,compact_trace,0.52397339,0.32000000,0.61071804,0,39,44,60,83,83,100,100,73,76,50,51,33,26,22,0,1
train_03573,training_writers,compact_trace,0.51676128,0.32000000,0.61924144,24,100,12,89,0,55,28,39,73,53,100,61,74,32,58,0,4
train_03574,training_writers,long_sweep,0.35934738,0.47000000,1.30792661,62,91,17,92,0,42,30,0,82,6,100,56,70,100,22,95,0
train_03575,training_writers,long_sweep,0.34219847,0.47000000,1.37347194,69,100,31,77,7,50,0,23,31,0,100,2,94,24,33,21,6
train_03576,training_writers,long_sweep,0.35726859,0.47000000,1.31553686,19,63,76,69,100,100,38,94,0,64,63,62,88,41,73,0,9
train_03577,training_writers,long_sweep,0.35899913,0.47000000,1.30919537,42,92,51,58,85,96,31,100,66,56,100,39,60,0,0,23,9
train_03578,training_writers,long_sweep,0.35562693,0.47000000,1.32160969,26,99,0,61,6,16,53,0,95,28,100,73,58,100,6,90,0
train_03579,training_writers,long_sweep,0.34828982,0.47000000,1.34945087,74,100,38,79,0,49,53,53,100,62,73,84,56,42,42,0,4
train_03580,training_writers,long_sweep,0.33967843,0.47000000,1.38366160,100,73,38,64,0,78,41,100,90,88,89,58,80,28,97,0,9
train_03581,training_writers,long_sweep,0.34285088,0.47000000,1.37085839,73,100,27,84,1,51,0,15,47,0,100,4,82,19,34,10,6
train_03582,training_writers,compact_trace,0.53995955,0.32000000,0.59263698,38,68,56,100,54,50,32,8,0,0,28,16,63,2,100,8,2
train_03583,training_writers,compact_trace,0.49591403,0.32000000,0.64527314,12,100,3,86,0,61,35,54,72,54,100,53,90,27,88,0,4
train_03584,training_writers,long_sweep,0.34593738,0.47000000,1.35862740,0,98,72,100,73,70,57,36,50,0,18,2,26,27,100,36,7
train_03585,training_writers,long_sweep,0.35351425,0.47000000,1.32950793,91,100,36,85,3,56,0,22,45,0,100,9,60,25,18,2,6
train_03586,training_writers,compact_trace,0.51634457,0.32000000,0.61974120,0,37,15,60,52,81,92,100,100,82,80,55,60,27,43,0,1
train_03587,training_writers,compact_trace,0.50285595,0.32000000,0.63636515,59,94,71,100,100,82,75,62,63,40,75,14,40,1,0,0,3
train_03588,training_writers,long_sweep,0.34330491,0.47000000,1.36904539,34,100,2,82,0,28,32,0,70,10,100,44,89,90,53,100,0
train_03589,training_writers,long_sweep,0.35522995,0.47000000,1.32308662,36,88,100,100,83,93,25,76,39,53,97,45,60,17,0,0,5
train_03590,training_writers,compact_trace,0.52046572,0.32000000,0.61483396,100,92,60,100,57,80,94,97,81,72,64,43,34,20,0,0,9
train_03591,training_writers,long_sweep,0.35101296,0.47000000,1.33898192,83,100,49,77,19,49,3,20,39,0,100,12,65,31,0,26,6
train_03592,training_writers,compact_trace,0.51557202,0.32000000,0.62066984,16,100,24,89,9,55,0,21,63,19,97,42,95,27,100,0,4
train_03593,training_writers,compact_trace,0.52729053,0.32000000,0.60687606,0,59,59,78,100,100,96,94,63,71,37,47,11,23,0,0,1
train_03594,training_writers,long_sweep,0.34034901,0.47000000,1.38093540,54,100,20,72,0,40,56,35,100,45,72,65,44,34,31,0,4
train_03595,training_writers,compact_trace,0.52540539,0.32000000,0.60905352,100,100,61,85,61,60,91,82,92,54,75,23,42,1,0,0,9
train_03596,training_writers,compact_trace,0.52878893,0.32000000,0.60515639,100,100,64,97,36,70,13,41,9,11,52,0,51,17,0,15,6
train_03597,training_writers,long_sweep,0.35305078,0.47000000,1.33125327,65,84,31,100,0,63,15,16,62,0,100,30,89,78,44,94,0
train_03598,training_writers,compact_trace,0.50128857,0.32000000,0.63835487,0,55,41,73,70,95,94,100,93,75,89,50,91,24,100,0,1
train_03599,training_writers,compact_trace,0.50651544,0.32000000,0.63176751,40,100,7,86,0,63,14,41,81,37,91,45,84,22,100,0,4
train_03600,training_writers,compact_trace,0.53735943,0.32000000,0.59550458,29,100,18,72,0,44,54,34,100,41,59,57,46,29,38,0,4
train_03601,training_writers,long_sweep,0.33966885,0.47000000,1.38370061,15,63,36,100,68,70,50,24,8,0,0,6,50,5,100,4,2
train_03602,training_writers,compact_trace,0.54141649,0.32000000,0.59104221,71,72,33,76,24,98,78,100,100,73,78,43,41,19,0,0,9
train_03603,training_writers,compact_trace,0.53329976,0.32000000,0.60003777,0,90,33,100,48,60,50,16,39,0,15,26,58,34,100,42,7
train_03604,training_writers,long_sweep,0.35883765,0.47000000,1.30978451,18,68,0,21,44,0,89,22,100,75,58,100,11,81,1,31,0
train_03605,training_writers,compact_trace,0.53700258,0.32000000,0.59590031,0,96,41,100,76,87,55,44,36,0,34,16,55,42,100,47,7
train_03606,training_writers,long_sweep,0.34140866,0.47000000,1.37664934,12,100,0,62,11,19,49,0,88,19,100,60,72,93,30,92,0
train_03607,training_writers,compact_trace,0.54153230,0.32000000,0.59091582,79,90,61,100,26,73,44,60,97,50,100,17,51,0,0,8,5
train_03608,training_writers,long_sweep,0.36401061,0.47000000,1.29117114,26,94,0,80,47,41,68,0,5,9,52,46,100,84,36,100,8
train_03609,training_writers,long_sweep,0.35284899,0.47000000,1.33201457,94,97,56,96,0,100,5,67,58,53,100,27,63,0,11,1,5
train_03610,training_writers,compact_trace,0.52907667,0.32000000,0.60482728,51,100,21,73,0,43,48,40,93,52,100,59,76,30,56,0,4
train_03611,training_writers,compact_trace,0.50645911,0.32000000,0.63183777,0,100,15,84,57,75,100,68,77,55,53,34,29,13,16,0,7
train_03612,training_writers,compact_trace,0.51150569,0.32000000,0.62560399,0,92,22,99,68,100,100,87,83,64,56,44,32,23,16,0,7
train_03613,training_writers,long_sweep,0.34572499,0.47000000,1.35946203,0,94,60,100,100,79,86,44,66,10,43,0,16,32,74,43,7
train_03614,training_writers,long_sweep,0.35183908,0.47000000,1.33583798,55,89,23,90,0,49,18,8,73,0,100,37,83,80,32,100,0
train_03615,training_writers,long_sweep,0.36681955,0.47000000,1.28128393,51,67,81,100,0,89,33,50,83,13,13,0,41,34,100,62,8
train_03616,training_writers,compact_trace,0.54231834,0.32000000,0.59005934,100,83,47,100,0,79,25,51,78,68,82,71,77,34,64,0,9
train_03617,training_writers,compact_trace,0.52041936,0.32000000,0.61488873,9,45,0,65,45,89,100,100,88,75,79,50,61,25,52,0,1
train_03618,training_writers,long_sweep,0.34275679,0.47000000,1.37123469,23,72,77,94,77,100,64,63,48,26,0,0,5,6,100,8,1
train_03619,training_writers,long_sweep,0.35520762,0.47000000,1.32316983,29,82,0,49,10,1,57,0,95,34,100,83,55,100,9,81,0
train_03620,training_writers,long_sweep,0.35046349,0.47000000,1.34108120,83,100,0,91,11,65,89,76,100,95,83,65,62,33,46,0,9
train_03621,training_writers,long_sweep,0.33864264,0.47000000,1.38789374,100,100,56,78,22,52,0,24,23,0,79,11,69,29,18,13,6
train_03622,training_writers,long_sweep,0.35140841,0.47000000,1.33747511,7,89,52,100,93,70,80,27,68,0,100,39,66,53,0,52,7
train_03623,training_writers,compact_trace,0.53329706,0.32000000,0.60004081,0,90,37,100,58,69,55,32,47,0,25,33,55,44,100,46,7
train_03624,training_writers,compact_trace,0.50056815,0.32000000,0.63927360,0,71,59,78,96,100,100,84,94,60,88,35,80,11,84,0,1
train_03625,training_writers,long_sweep,0.36162999,0.47000000,1.29967096,25,91,23,61,75,55,57,3,0,0,13,55,28,99,100,100,5
train_03626,training_writers,long_sweep,0.33938682,0.47000000,1.38485047,0,99,39,100,65,72,49,30,23,0,8,36,53,43,100,47,7
train_03627,training_writers,long_sweep,0.34925729,0.47000000,1.34571279,0,98,67,93,47,100,19,68,45,55,100,33,73,0,17,7,5
train_03628,training_writers,compact_trace,0.50963179,0.32000000,0.62790432,0,75,28,92,64,100,93,91,93,62,100,35,78,13,46,0,3
train_03629,training_writers,compact_trace,0.51749530,0.32000000,0.61836310,0,79,28,100,54,90,46,62,28,36,18,9,52,0,100,5,2
train_03630,training_writers,long_sweep,0.34034608,0.47000000,1.38094731,19,81,55,100,78,80,42,61,88,43,100,13,53,0,0,6,3
train_03631,training_writers,long_sweep,0.34378631,0.47000000,1.36712833,70,100,45,91,11,60,0,23,42,0,100,4,86,32,31,27,6
train_03632,training_writers,compact_trace,0.51883732,0.32000000,0.61676365,34,100,24,70,0,41,27,26,86,27,100,51,98,31,97,0,4
train_03633,training_writers,compact_trace,0.53625427,0.32000000,0.59673184,100,100,61,91,27,68,0,39,0,2,40,0,54,27,15,20,6
train_03634,training_writers,compact_trace,0.54022099,0.32000000,0.59235018,0,81,34,100,77,92,73,61,46,34,17,8,52,0,100,3,2
train_03635,training_writers,long_sweep,0.34118651,0.47000000,1.37754567,23,71,41,100,88,93,64,60,99,43,100,9,50,0,0,12,3
train_03636,training_writers,long_sweep,0.36616032,0.47000000,1.28359074,32,87,76,51,98,14,16,0,46,32,100,66,76,100,0,82,8
train_03637,training_writers,long_sweep,0.35232772,0.47000000,1.33398531,0,83,32,100,84,74,68,36,37,0,7,23,18,45,100,52,7
train_03638,training_writers,long_sweep,0.36043931,0.47000000,1.30396432,0,76,70,100,100,79,60,40,25,0,8,1,12,38,100,47,7
train_03639,training_writers,compact_trace,0.54404233,0.32000000,0.58818952,56,100,29,73,0,41,30,35,100,34,95,65,78,31,80,0,4
train_03640,training_writers,long_sweep,0.33811931,0.47000000,1.39004187,13,88,60,100,100,86,64,59,72,42,98,17,50,3,0,0,3
train_03641,training_writers,compact_trace,0.52230343,0.32000000,0.61267068,53,80,72,100,100,79,76,52,67,28,89,8,45,0,0,2,3
train_03642,training_writers,long_sweep,0.34866994,0.47000000,1.34797971,50,80,47,100,0,81,53,68,100,72,98,31,67,0,8,2,9
train_03643,training_writers,long_sweep,0.34386093,0.47000000,1.36683165,10,95,64,100,82,67,70,30,73,0,100,33,52,38,0,42,7
train_03644,training_writers,long_sweep,0.34514962,0.47000000,1.36172829,19,100,16,55,10,96,16,48,24,2,0,0,50,11,100,16,1
train_03645,training_writers,long_sweep,0.34983172,0.47000000,1.34350308,48,88,28,58,34,9,0,0,25,42,66,77,100,100,49,78,8
train_03646,training_writers,long_sweep,0.34707119,0.47000000,1.35418904,3,86,34,100,85,89,51,64,100,45,96,13,42,0,0,11,3
train_03647,training_writers,long_sweep,0.34875314,0.47000000,1.34765813,21,71,0,33,22,0,72,10,100,44,93,84,47,100,1,82,0
train_03648,training_writers,compact_trace,0.54066797,0.32000000,0.59186047,13,90,54,100,92,87,70,63,96,42,100,17,56,3,0,0,3
train_03649,training_writers,long_sweep,0.34842701,0.47000000,1.34891954,35,97,68,100,100,69,75,34,44,0,91,15,75,34,0,33,7
train_03650,training_writers,long_sweep,0.36935362,0.47000000,1.27249329,65,100,0,79,67,41,99,0,10,3,41,42,100,80,6,90,8
train_03651,training_writers,compact_trace,0.51408242,0.32000000,0.62246828,0,100,17,100,10,74,4,48,42,29,100,44,81,25,98,0,4
train_03652,training_writers,long_sweep,0.34997820,0.47000000,1.34294078,7,57,15,93,65,100,67,63,44,27,0,0,36,11,100,11,2
train_03653,training_writers,compact_trace,0.54077380,0.32000000,0.59174464,0,73,26,100,66,97,62,63,37,33,12,6,58,0,100,2,2
train_03654,training_writers,compact_trace,0.52374768,0.32000000,0.61098123,0,39,47,63,88,87,100,100,76,75,53,50,29,25,29,0,1
train_03655,training_writers,long_sweep,0.34861569,0.47000000,1.34818947,25,83,12,54,62,29,37,0,6,20,0,62,37,92,100,100,5
train_03656,training_writers,compact_trace,0.51817894,0.32000000,0.61754729,42,100,34,75,0,48,3,42,58,38,100,53,85,33,71,0,4
train_03657,training_writers,long_sweep,0.35211624,0.47000000,1.33478648,88,82,45,100,8,79,63,77,100,68,93,25,51,0,0,12,9
train_03658,training_writers,long_sweep,0.35673032,0.47000000,1.31752189,0,89,44,100,100,73,88,35,46,0,12,9,11,35,92,34,7
train_03659,training_writers,compact_trace,0.54225651,0.32000000,0.59012662,44,100,0,79,0,49,61,40,100,64,92,61,62,31,34,0,4
train_03660,training_writers,compact_trace,0.54554085,0.32000000,0.58657386,0,88,20,100,80,92,88,52,73,9,54,0,38,28,100,28,7
train_03661,training_writers,compact_trace,0.54633964,0.32000000,0.58571624,0,93,68,100,78,79,65,43,60,8,40,0,30,28,100,37,7
train_03662,training_writers,compact_trace,0.52339603,0.32000000,0.61139172,8,84,37,100,54,72,32,42,0,18,15,10,58,5,100,0,2
train_03663,training_writers,compact_trace,0.53362388,0.32000000,0.59967332,7,83,46,100,59,70,39,39,5,13,0,16,53,15,100,0,2
train_03664,training_writers,long_sweep,0.34082463,0.47000000,1.37900831,0,95,54,100,85,75,61,38,55,0,28,12,36,36,100,23,7
train_03665,training_writers,compact_trace,0.53791708,0.32000000,0.59488723,0,90,38,100,87,93,90,56,77,16,64,0,50,29,100,28,7
train_03666,training_writers,compact_trace,0.54629295,0.32000000,0.58576630,78,100,62,97,36,63,29,24,65,0,100,23,52,37,0,26,6
train_03667,training_writers,long_sweep,0.34818746,0.47000000,1.34984759,64,97,32,67,19,26,0,0,30,36,67,67,100,100,47,88,8
train_03668,training_writers,compact_trace,0.53830074,0.32000000,0.59446324,36,80,71,100,97,79,70,49,100,37,88,5,41,0,0,15,3
train_03669,training_writers,compact_trace,0.52151197,0.32000000,0.61360049,0,42,29,62,66,82,100,100,77,76,55,51,38,25,23,0,1
train_03670,training_writers,compact_trace,0.51623776,0.32000000,0.61986941,25,100,0,84,16,63,77,67,100,66,76,45,53,22,34,0,4
train_03671,training_writers,compact_trace,0.51925109,0.32000000,0.61627217,0,39,35,55,68,77,100,100,96,76,77,50,56,25,36,0,1
train_03672,training_writers,long_sweep,0.35211959,0.47000000,1.33477380,100,100,57,97,21,66,0,32,17,0,85,3,64,23,4,3,6
train_03673,training_writers,compact_trace,0.51813799,0.32000000,0.61759609,28,100,22,73,0,41,16,22,78,25,98,50,93,24,100,0,4
train_03674,training_writers,long_sweep,0.35181144,0.47000000,1.33594293,9,96,62,100,81,67,53,31,19,0,0,37,29,47,100,47,7
train_03675,training_writers,long_sweep,0.34802074,0.47000000,1.35049423,100,100,49,92,19,64,12,31,39,3,91,0,56,22,0,24,6
train_03676,training_writers,long_sweep,0.33816319,0.47000000,1.38986149,100,100,46,90,19,71,42,63,92,56,91,26,54,2,0,0,5
train_03677,training_writers,compact_trace,0.54216418,0.32000000,0.59022712,56,100,14,75,0,42,57,28,98,53,100,65,73,34,71,0,4
train_03678,training_writers,long_sweep,0.35801157,0.47000000,1.31280674,6,88,29,51,82,40,56,0,15,19,0,67,40,95,100,100,5
train_03679,training_writers,long_sweep,0.35180673,0.47000000,1.33596081,25,67,79,49,100,13,51,0,54,37,78,73,61,100,0,79,8
train_03680,training_writers,long_sweep,0.33972739,0.47000000,1.38346219,41,100,0,84,16,56,95,55,100,86,70,64,51,32,42,0,4
train_03681,training_writers,long_sweep,0.33788455,0.47000000,1.39100769,0,65,13,100,55,87,48,42,15,9,1,17,51,12,100,0,2
train_03682,training_writers,compact_trace,0.54071003,0.32000000,0.59181444,18,60,39,100,45,82,46,32,20,0,0,1,50,4,100,11,1
train_03683,training_writers,long_sweep,0.36227326,0.47000000,1.29736320,92,100,36,87,0,51,8,11,82,7,100,40,27,36,10,0,6
train_03684,training_writers,compact_trace,0.54052213,0.32000000,0.59202016,61,91,29,100,47,74,74,85,100,51,97,12,50,0,0,11,9
train_03685,training_writers,compact_trace,0.52471841,0.32000000,0.60985091,14,100,6,77,0,47,79,50,100,63,73,62,76,31,77,0,4
train_03686,training_writers,long_sweep,0.35156084,0.47000000,1.33689522,79,100,38,76,8,49,1,19,47,0,100,9,47,21,0,8,6
train_03687,training_writers,long_sweep,0.36302496,0.47000000,1.29467683,44,76,61,100,6,75,41,38,70,0,0,0,33,36,100,62,8
train_03688,training_writers,long_sweep,0.35544148,0.47000000,1.32229926,21,85,1,41,23,1,75,0,100,39,78,83,31,100,0,64,0
train_03689,training_writers,compact_trace,0.52652715,0.32000000,0.60775594,36,87,73,100,100,85,76,63,87,33,86,3,43,0,0,4,3
train_03690,training_writers,long_sweep,0.35643116,0.47000000,1.31862768,43,97,0,74,74,79,57,100,47,85,100,54,88,16,16,0,9
train_03691,training_writers,long_sweep,0.35241283,0.47000000,1.33366314,0,100,56,97,82,65,74,31,39,0,3,5,23,34,100,43,7
train_03692,training_writers,compact_trace,0.54447530,0.32000000,0.58772180,0,87,39,100,61,70,47,27,36,0,11,33,55,35,100,39,7
train_03693,training_writers,compact_trace,0.53120066,0.32000000,0.60240889,0,75,22,100,58,86,56,50,29,22,14,1,58,0,100,4,2
train_03694,training_writers,compact_trace,0.52504600,0.32000000,0.60947041,57,100,34,71,0,45,7,41,61,41,100,56,80,32,70,0,4
train_03695,training_writers,compact_trace,0.54308914,0.32000000,0.58922187,0,95,38,100,78,80,63,40,49,0,24,14,46,34,100,36,7
train_03696,training_writers,long_sweep,0.35477049,0.47000000,1.32480016,51,91,5,86,0,43,22,0,8,24,50,61,100,93,45,100,8
train_03697,training_writers,long_sweep,0.34725528,0.47000000,1.35347113,2,79,48,100,81,75,59,33,22,0,0,3,49,13,100,6,2
train_03698,training_writers,long_sweep,0.35000874,0.47000000,1.34282363,0,100,75,94,72,59,56,22,45,0,8,32,20,43,100,41,7
train_03699,training_writers,compact_trace,0.53984522,0.32000000,0.59276250,26,64,34,100,65,77,43,36,1,11,0,8,50,4,100,0,2
train_03700,training_writers,compact_trace,0.54769895,0.32000000,0.58426257,100,100,51,100,11,81,9,51,57,55,73,22,37,0,0,14,5
train_03701,training_writers,long_sweep,0.33975627,0.47000000,1.38334458,16,87,66,100,86,81,48,57,77,46,100,21,60,0,0,2,3
train_03702,training_writers,compact_trace,0.54251698,0.32000000,0.58984328,100,95,71,100,36,84,34,48,83,48,91,17,49,0,0,4,5
train_03703,training_writers,compact_trace,0.53833611,0.32000000,0.59442418,39,100,10,74,0,41,60,38,100,49,85,63,60,32,43,0,4
train_03704,training_writers,compact_trace,0.53551745,0.32000000,0.59755289,97,73,50,79,47,100,97,90,100,64,77,39,43,17,0,0,9
train_03705,training_writers,long_sweep,0.35756110,0.47000000,1.31446065,100,100,48,100,9,68,0,31,35,0,100,1,76,29,19,15,6
train_03706,training_writers,long_sweep,0.35043749,0.47000000,1.34118069,34,86,22,40,39,0,83,17,100,61,70,96,22,100,0,64,0
train_03707,training_writers,compact_trace,0.52181154,0.32000000,0.61324822,11,78,35,100,52,73,31,43,0,20,20,9,60,4,100,0,2
train_03708,training_writers,long_sweep,0.33860532,0.47000000,1.38804671,26,84,72,100,92,78,51,53,70,49,100,23,58,0,0,7,3
train_03709,training_writers,compact_trace,0.53035174,0.32000000,0.60337315,52,94,100,100,98,77,72,55,99,36,92,13,44,0,0,10,3
train_03710,training_writers,long_sweep,0.34734580,0.47000000,1.35311841,43,55,14,40,38,0,79,23,100,66,81,100,35,78,0,44,0
train_03711,training_writers,long_sweep,0.33976733,0.47000000,1.38329958,69,100,23,78,46,49,92,71,100,74,94,32,56,2,0,0,9
train_03712,training_writers,compact_trace,0.52867934,0.32000000,0.60528183,42,94,89,100,71,76,68,56,100,34,84,8,37,0,0,15,3
train_03713,training_writers,long_sweep,0.33938100,0.47000000,1.38487425,0,79,40,100,78,73,61,35,31,0,30,22,31,45,100,45,7
train_03714,training_writers,long_sweep,0.33929441,0.47000000,1.38522764,4,89,43,100,63,79,28,55,63,41,100,25,53,9,0,0,3
train_03715,training_writers,compact_trace,0.53935326,0.32000000,0.59330318,10,75,0,40,22,4,58,0,89,25,100,67,78,100,44,89,0
train_03716,training_writers,long_sweep,0.34688737,0.47000000,1.35490664,4,77,0,35,28,0,74,2,100,37,89,80,48,100,12,73,0
train_03717,training_writers,compact_trace,0.50855307,0.32000000,0.62923620,61,88,100,100,96,81,75,60,80,36,81,13,44,0,0,1,3
train_03718,training_writers,compact_trace,0.51914803,0.32000000,0.61639451,0,53,15,63,62,80,100,100,79,76,55,51,35,26,22,0,1
train_03719,training_writers,compact_trace,0.54470414,0.32000000,0.58747488,89,81,55,100,44,76,92,77,100,46,94,4,46,0,0,13,9
train_03720,training_writers,compact_trace,0.51539886,0.32000000,0.62087836,0,75,20,97,53,100,71,77,49,46,35,14,66,2,100,0,2
train_03721,training_writers,long_sweep,0.34997460,0.47000000,1.34295462,15,72,73,100,77,98,73,60,69,22,29,0,0,5,100,3,1
train_03722,training_writers,long_sweep,0.34881130,0.47000000,1.34743343,37,67,40,100,85,100,74,60,43,25,0,0,46,9,100,9,2
train_03723,training_writers,compact_trace,0.54517091,0.32000000,0.58697189,39,90,95,100,100,99,45,86,64,72,91,43,53,13,0,0,5
train_03724,training_writers,long_sweep,0.34340967,0.47000000,1.36862774,55,100,17,76,0,50,3,22,41,0,100,10,62,24,10,8,6
train_03725,training_writers,compact_trace,0.52927385,0.32000000,0.60460195,50,96,89,100,92,71,66,48,100,29,80,4,36,0,0,10,3
train_03726,training_writers,long_sweep,0.34734988,0.47000000,1.35310251,37,100,13,66,52,35,26,0,0,18,17,65,50,96,100,86,5
train_03727,training_writers,compact_trace,0.51646475,0.32000000,0.61959698,100,99,72,100,54,71,44,41,42,10,69,0,47,25,0,29,6
train_03728,training_writers,compact_trace,0.51612892,0.32000000,0.62000013,0,40,30,61,67,82,100,100,88,75,72,49,56,25,40,0,1
train_03729,training_writers,compact_trace,0.53885841,0.32000000,0.59384802,22,89,69,100,82,76,61,49,100,36,93,10,42,0,0,8,3
train_03730,training_writers,long_sweep,0.34957788,0.47000000,1.34447868,74,100,28,78,0,52,0,24,37,0,100,6,76,26,13,19,6
train_03731,training_writers,long_sweep,0.35678228,0.47000000,1.31733001,72,69,82,97,4,100,0,74,91,78,100,53,60,27,24,0,9
train_03732,training_writers,long_sweep,0.34083792,0.47000000,1.37895455,0,91,44,97,96,100,84,54,65,9,44,0,46,27,100,26,7
train_03733,training_writers,compact_trace,0.51564062,0.32000000,0.62058726,0,33,44,52,77,76,100,100,83,73,73,47,65,20,54,0,1
train_03734,training_writers,long_sweep,0.35550565,0.47000000,1.32206056,15,95,7,70,14,20,64,0,100,36,83,85,30,100,0,59,0
train_03735,training_writers,long_sweep,0.35007377,0.47000000,1.34257418,83,100,34,79,8,52,0,23,37,0,100,12,93,38,28,33,6
train_03736,training_writers,compact_trace,0.54697509,0.32000000,0.58503578,0,91,47,70,62,100,43,78,91,70,100,30,68,0,29,12,9
train_03737,training_writers,compact_trace,0.50131306,0.32000000,0.63832369,6,100,2,97,0,69,15,42,59,39,100,51,84,27,76,0,4
train_03738,training_writers,compact_trace,0.52891222,0.32000000,0.60501533,94,100,53,75,11,52,0,41,52,38,99,43,100,38,91,0,4
train_03739,training_writers,long_sweep,0.36026603,0.47000000,1.30459152,31,86,95,100,66,95,10,77,56,63,100,44,62,15,0,0,5
train_03740,training_writers,compact_trace,0.53662952,0.32000000,0.59631457,23,79,37,100,56,68,42,32,0,14,36,12,83,0,100,33,2
train_03741,training_writers,compact_trace,0.54581497,0.32000000,0.58627926,55,95,78,100,71,60,41,27,0,0,1,26,52,21,100,4,2
train_03742,training_writers,compact_trace,0.53058342,0.32000000,0.60310968,0,42,40,63,78,86,100,100,71,75,43,50,16,24,0,0,1
train_03743,training_writers,long_sweep,0.33827510,0.47000000,1.38940168,0,43,26,68,70,100,73,80,67,41,55,3,27,0,100,0,1
train_03744,training_writers,compact_trace,0.54101101,0.32000000,0.59148519,48,63,42,100,94,99,94,62,90,54,100,19,51,0,0,11,3
train_03745,training_writers,compact_trace,0.50942783,0.32000000,0.62815571,0,80,22,100,24,66,7,34,0,14,34,9,69,4,100,0,2
train_03746,training_writers,compact_trace,0.50290072,0.32000000,0.63630849,26,97,29,100,75,99,100,83,82,61,56,39,27,20,0,0,7
train_03747,training_writers,compact_trace,0.54361728,0.32000000,0.58864943,0,91,44,100,79,74,64,37,53,0,27,23,40,38,100,39,7
train_03748,training_writers,compact_trace,0.54122904,0.32000000,0.59124692,0,94,45,100,54,68,47,34,40,0,13,29,47,41,100,46,7
train_03749,training_writers,compact_trace,0.50226289,0.32000000,0.63711655,0,62,35,70,68,85,100,100,99,80,90,53,85,27,87,0,1
train_03750,training_writers,long_sweep,0.36122926,0.47000000,1.30111277,24,91,0,55,22,3,71,0,100,48,82,100,37,76,1,33,0
train_03751,training_writers,compact_trace,0.50670847,0.32000000,0.63152685,100,100,85,86,60,62,41,36,29,9,58,0,46,21,0,21,6
train_03752,training_writers,long_sweep,0.36148594,0.47000000,1.30018888,71,96,32,100,0,58,5,15,71,1,100,42,30,41,10,0,6
train_03753,training_writers,long_sweep,0.35928165,0.47000000,1.30816589,28,77,10,76,61,41,66,0,0,6,3,53,27,95,100,100,5
train_03754,training_writers,long_sweep,0.35380792,0.47000000,1.32840440,70,100,23,82,0,51,8,18,71,1,100,28,29,29,11,0,6
train_03755,training_writers,compact_trace,0.52317494,0.32000000,0.61165010,31,84,60,100,83,85,66,64,100,45,82,17,42,0,0,0,3
train_03756,training_writers,long_sweep,0.35939584,0.47000000,1.30775024,13,87,41,62,93,44,78,0,28,15,0,62,39,92,100,100,5
train_03757,training_writers,compact_trace,0.48343516,0.32000000,0.66192952,75,100,100,99,83,83,75,66,50,49,25,33,8,17,0,0,1
train_03758,training_writers,long_sweep,0.34435445,0.47000000,1.36487272,80,81,42,77,10,46,0,2,42,0,82,19,100,60,77,100,0
train_03759,training_writers,compact_trace,0.54507078,0.32000000,0.58707972,56,100,46,99,14,66,0,31,36,0,100,9,58,24,32,2,6
train_03760,training_writers,long_sweep,0.34969525,0.47000000,1.34402741,95,100,59,80,27,51,11,20,48,0,100,15,57,31,0,19,6
train_03761,training_writers,compact_trace,0.51201305,0.32000000,0.62498407,0,98,34,100,53,78,47,47,72,26,100,8,68,0,36,8,3
train_03762,training_writers,long_sweep,0.36600611,0.47000000,1.28413155,72,97,4,91,14,45,29,0,0,30,61,65,100,100,20,86,8
train_03763,training_writers,compact_trace,0.50759555,0.32000000,0.63042317,16,100,0,72,17,48,61,46,100,48,93,58,81,29,71,0,4
train_03764,training_writers,long_sweep,0.35895485,0.47000000,1.30935686,59,61,91,100,37,92,36,46,45,0,0,6,35,36,100,38,8
train_03765,training_writers,long_sweep,0.36801131,0.47000000,1.27713465,73,95,7,76,78,40,100,2,0,0,37,41,82,82,51,100,8
train_03766,training_writers,compact_trace,0.49814372,0.32000000,0.64238490,0,91,7,98,47,100,85,94,100,72,85,47,66,24,52,0,7
train_03767,training_writers,long_sweep,0.36242235,0.47000000,1.29682951,19,92,86,100,75,99,2,84,37,68,100,50,72,16,0,0,5
train_03768,training_writers,long_sweep,0.34102913,0.47000000,1.37818138,62,100,22,78,0,44,2,6,48,0,88,24,100,60,63,80,0
train_03769,training_writers,compact_trace,0.54491073,0.32000000,0.58725216,49,100,16,79,0,49,5,18,49,0,100,4,59,24,24,19,6
train_03770,training_writers,compact_trace,0.54247061,0.32000000,0.58989370,84,70,94,100,48,90,60,66,100,68,78,32,47,0,0,2,9
train_03771,training_writers,long_sweep,0.36105207,0.47000000,1.30175130,27,73,35,48,100,14,70,0,38,38,89,75,94,100,0,86,8
train_03772,training_writers,long_sweep,0.36763602,0.47000000,1.27843837,31,100,33,69,91,89,0,93,84,84,93,57,100,16,4,0,9
train_03773,training_writers,compact_trace,0.50911503,0.32000000,0.62854165,0,39,22,58,61,79,99,100,100,81,88,54,86,26,97,0,1
train_03774,training_writers,compact_trace,0.51052497,0.32000000,0.62680577,0,48,36,63,68,84,100,100,86,75,72,50,58,24,55,0,1
train_03775,training_writers,compact_trace,0.52205547,0.32000000,0.61296168,11,77,33,100,50,79,27,52,0,28,11,7,55,3,100,0,2
train_03776,training_writers,long_sweep,0.35347311,0.47000000,1.32966266,13,76,1,44,15,0,67,1,100,38,93,85,45,100,0,74,0
train_03777,training_writers,compact_trace,0.53035235,0.32000000,0.60337246,38,84,70,100,96,81,76,54,100,27,75,1,29,0,0,24,3
train_03778,training_writers,compact_trace,0.53183585,0.32000000,0.60168941,88,100,58,71,26,45,0,35,56,34,100,46,97,32,88,0,4
train_03779,training_writers,compact_trace,0.52031737,0.32000000,0.61500925,0,45,19,64,59,83,100,100,89,77,67,51,46,25,26,0,1
train_03780,training_writers,compact_trace,0.52290677,0.32000000,0.61196378,23,95,0,97,52,100,100,93,98,68,74,45,47,23,31,0,7
train_03781,training_writers,long_sweep,0.34185226,0.47000000,1.37486294,1,63,3,27,37,0,79,18,100,54,89,90,41,100,0,80,0
train_03782,training_writers,compact_trace,0.53562186,0.32000000,0.59743641,100,100,46,92,34,67,79,82,87,75,82,43,49,17,0,0,9
train_03783,training_writers,compact_trace,0.54592409,0.32000000,0.58616208,73,99,37,100,62,73,89,91,99,51,100,13,52,0,0,1,9
train_03784,training_writers,long_sweep,0.34168489,0.47000000,1.37553639,50,100,20,75,2,46,0,17,43,0,100,10,73,32,16,24,6
train_03785,training_writers,compact_trace,0.53947780,0.32000000,0.59316621,38,100,0,74,20,48,99,45,100,65,75,63,58,31,43,0,4
train_03786,training_writers,long_sweep,0.34218501,0.47000000,1.37352597,91,64,90,100,40,93,51,71,100,67,91,28,53,1,0,0,9
train_03787,training_writers,long_sweep,0.35748078,0.47000000,1.31475600,100,100,57,91,22,62,0,31,18,1,100,0,85,22,10,7,6
train_03788,training_writers,long_sweep,0.36515672,0.50000000,1.36927510,60,56,56,100,0,79,46,38,100,0,45,1,39,48,91,86,8
train_03789,training_writers,compact_trace,0.54579003,0.32000000,0.58630606,52,100,22,69,0,36,49,27,100,30,89,56,62,35,43,0,4
train_03790,training_writers,long_sweep,0.35984634,0.47000000,1.30611303,22,73,0,49,15,0,74,10,100,56,68,100,14,87,1,36,0
train_03791,training_writers,long_sweep,0.36538658,0.47000000,1.28630887,37,89,25,54,80,20,15,0,0,26,62,58,100,97,23,100,8
train_03792,training_writers,compact_trace,0.52550912,0.32000000,0.60893330,70,77,30,69,0,81,44,100,79,82,80,54,80,26,100,0,9
train_03793,training_writers,long_sweep,0.35747073,0.47000000,1.31479295,58,95,60,64,100,32,83,0,17,20,62,51,69,85,0,100,8
train_03794,training_writers,long_sweep,0.36263892,0.47000000,1.29605504,25,88,98,100,95,66,65,33,75,0,5,22,0,37,100,39,7
train_03795,training_writers,long_sweep,0.35387466,0.47000000,1.32815386,87,80,54,100,24,68,61,34,37,0,0,19,52,48,100,80,8
train_03796,training_writers,compact_trace,0.54170306,0.32000000,0.59072954,48,100,15,75,0,38,12,3,52,0,86,24,100,60,76,91,0
train_03797,training_writers,compact_trace,0.54653830,0.32000000,0.58550335,14,74,36,100,77,93,53,58,18,29,0,15,50,9,100,0,2
train_03798,training_writers,compact_trace,0.52699062,0.32000000,0.60722144,46,100,31,95,8,69,0,41,56,39,100,50,65,26,54,0,4
train_03799,training_writers,long_sweep,0.35461664,0.47000000,1.32537493,0,61,7,11,49,0,87,28,100,78,62,100,25,72,16,20,0
train_03800,training_writers,compact_trace,0.53178313,0.32000000,0.60174906,39,68,67,100,74,78,78,38,86,0,100,4,39,7,0,14,1
train_03801,training_writers,long_sweep,0.36233932,0.47000000,1.29712668,5,82,3,100,86,90,85,64,28,42,100,24,84,2,0,0,3
train_03802,training_writers,compact_trace,0.51890088,0.32000000,0.61668811,26,84,63,100,73,80,71,60,100,37,84,9,41,0,0,10,3
train_03803,training_writers,long_sweep,0.34930868,0.47000000,1.34551479,64,53,100,79,62,100,0,84,29,68,93,57,87,28,60,0,9
train_03804,training_writers,long_sweep,0.36057946,0.47000000,1.30345750,27,88,2,49,13,1,70,0,100,43,93,91,35,100,0,63,0
train_03805,training_writers,compact_trace,0.52919443,0.32000000,0.60469269,26,84,66,100,100,83,79,55,85,35,90,9,44,0,0,10,3
train_03806,training_writers,long_sweep,0.36002957,0.47000000,1.30544832,57,94,18,85,4,37,39,0,94,17,100,65,60,100,0,99,0
train_03807,training_writers,compact_trace,0.51976816,0.32000000,0.61565911,98,89,72,100,54,77,100,83,85,69,70,41,45,15,0,0,9
train_03808,training_writers,compact_trace,0.51946049,0.32000000,0.61602375,45,100,20,79,0,55,23,35,100,36,92,48,77,24,70,0,4
train_03809,training_writers,long_sweep,0.34305019,0.47000000,1.37006192,17,56,0,27,35,0,74,5,100,47,76,95,37,100,2,76,0
train_03810,training_writers,long_sweep,0.36176455,0.47000000,1.29918755,34,82,0,40,30,0,83,10,100,60,65,100,15,80,7,28,0
train_03811,training_writers,long_sweep,0.34594162,0.47000000,1.35861076,100,100,62,76,34,49,19,20,55,0,100,16,58,34,0,32,6
train_03812,training_writers,long_sweep,0.36518817,0.47000000,1.28700774,45,100,68,64,100,24,39,0,5,33,68,65,85,97,0,97,8
train_03813,training_writers,compact_trace,0.52939031,0.32000000,0.60446894,100,100,72,79,38,51,0,26,44,32,90,39,88,37,82,0,4
train_03814,training_writers,long_sweep,0.35920886,0.47000000,1.30843098,98,100,36,99,0,69,30,52,89,49,100,4,42,0,9,36,5
train_03815,training_writers,compact_trace,0.50393485,0.32000000,0.63500271,0,59,36,64,69,82,99,100,100,78,92,51,84,25,76,0,1
train_03816,training_writers,compact_trace,0.50668513,0.32000000,0.63155593,0,43,35,61,67,81,100,100,93,75,86,50,82,25,81,0,1
train_03817,training_writers,compact_trace,0.54654564,0.32000000,0.58549548,63,100,33,73,0,46,41,42,100,44,72,65,64,32,49,0,4
train_03818,training_writers,long_sweep,0.35413529,0.47000000,1.32717640,32,100,0,70,77,67,60,95,60,86,97,52,100,13,19,0,9
train_03819,training_writers,long_sweep,0.36760830,0.47000000,1.27853478,88,100,9,93,8,45,55,0,0,6,37,50,100,84,44,99,8
train_03820,training_writers,compact_trace,0.52815716,0.32000000,0.60588027,46,90,77,100,100,76,70,50,92,36,93,8,47,0,0,6,3
train_03821,training_writers,compact_trace,0.54597778,0.32000000,0.58610444,100,100,58,89,34,55,25,18,58,0,79,32,39,48,0,27,6
train_03822,training_writers,compact_trace,0.53617604,0.32000000,0.59681891,0,83,37,100,84,98,76,76,80,44,100,13,62,0,15,4,3
train_03823,training_writers,compact_trace,0.54581027,0.32000000,0.58628432,100,100,62,88,26,61,0,30,14,0,68,2,63,23,12,13,6
train_03824,training_writers,long_sweep,0.35291643,0.47000000,1.33176005,60,90,94,64,88,100,56,71,100,83,100,35,67,2,0,0,9
train_03825,training_writers,long_sweep,0.35311177,0.47000000,1.33102330,100,81,56,100,12,79,0,33,30,0,78,14,94,58,66,93,0
train_03826,training_writers,compact_trace,0.52668362,0.32000000,0.60757538,18,100,22,79,0,47,28,35,94,35,98,64,100,34,91,0,4
train_03827,training_writers,compact_trace,0.52704651,0.32000000,0.60715705,66,92,100,100,85,91,46,72,50,43,83,24,46,3,0,0,5
train_03828,training_writers,long_sweep,0.35602414,0.47000000,1.32013522,79,78,42,100,27,66,68,30,50,0,0,22,45,54,100,82,8
train_03829,training_writers,long_sweep,0.34629570,0.47000000,1.35722159,0,91,40,100,100,100,91,61,77,21,62,0,29,35,81,44,7
train_03830,training_writers,long_sweep,0.36192321,0.47000000,1.29861802,94,100,35,94,3,58,0,21,74,14,100,43,21,34,19,0,6
train_03831,training_writers,compact_trace,0.54539775,0.32000000,0.58672776,37,81,43,100,96,87,61,61,86,47,100,16,48,0,0,14,3
train_03832,training_writers,compact_trace,0.50750425,0.32000000,0.63053659,0,70,50,84,100,100,94,82,81,56,65,29,50,3,54,0,1
train_03833,training_writers,long_sweep,0.34226610,0.47000000,1.37320056,24,64,52,93,67,100,57,48,39,0,0,0,50,1,100,2,1
train_03834,training_writers,long_sweep,0.36536151,0.47000000,1.28639715,100,83,29,100,27,65,86,32,59,0,0,21,45,58,99,89,8
train_03835,training_writers,compact_trace,0.54528516,0.32000000,0.58684891,27,100,0,69,1,26,33,0,73,8,100,41,91,77,52,75,0
train_03836,training_writers,long_sweep,0.35141462,0.47000000,1.33745148,8,96,0,50,12,6,58,0,96,28,100,71,59,95,11,100,0
train_03837,training_writers,long_sweep,0.36576163,0.47000000,1.28498989,16,83,0,47,66,62,86,23,19,0,8,48,12,94,100,100,5
train_03838,training_writers,long_sweep,0.34216231,0.47000000,1.37361709,0,91,52,100,100,85,96,48,79,12,50,0,28,25,83,22,7
train_03839,training_writers,compact_trace,0.53276534,0.32000000,0.60063967,0,27,23,44,63,72,100,100,86,88,50,60,22,30,9,0,1
train_03840,training_writers,long_sweep,0.36441905,0.47000000,1.28972402,36,86,30,70,78,35,55,0,0,21,62,53,100,89,9,100,8
train_03841,training_writers,long_sweep,0.34002341,0.47000000,1.38225775,27,85,68,100,100,86,54,69,84,49,98,23,54,5,0,0,3
train_03842,training_writers,long_sweep,0.35368327,0.47000000,1.32887258,25,93,5,74,7,29,48,0,94,27,100,72,55,100,0,82,0
train_03843,training_writers,long_sweep,0.34594755,0.47000000,1.35858746,68,73,63,100,15,86,68,68,100,66,98,25,51,4,0,0,9
train_03844,training_writers,compact_trace,0.54564552,0.32000000,0.58646133,60,74,89,100,96,78,68,50,34,24,0,2,51,7,100,0,2
train_03845,training_writers,long_sweep,0.36315226,0.47000000,1.29422299,85,100,23,83,0,42,13,0,78,5,100,47,84,88,16,81,0
train_03846,training_writers,long_sweep,0.34741229,0.47000000,1.35285947,86,61,28,48,0,75,36,100,91,89,100,57,81,26,44,0,9
train_03847,training_writers,compact_trace,0.51334677,0.32000000,0.62336031,0,63,42,81,95,100,79,81,63,60,63,40,74,20,100,0,1
train_03848,training_writers,long_sweep,0.35109420,0.47000000,1.33867206,66,88,100,70,83,100,42,70,96,71,95,38,64,0,0,1,9
train_03849,training_writers,compact_trace,0.50090941,0.32000000,0.63883807,0,73,45,86,90,100,100,90,86,68,73,45,66,23,62,0,1
train_03850,training_writers,compact_trace,0.53396353,0.32000000,0.59929187,39,79,73,100,99,79,73,50,100,32,87,5,42,0,0,12,3
train_03851,training_writers,long_sweep,0.35968685,0.47000000,1.30669221,30,96,0,66,59,46,55,2,10,0,20,48,34,95,100,100,5
train_03852,training_writers,compact_trace,0.54683475,0.32000000,0.58518593,100,100,59,90,29,62,4,31,15,0,64,10,52,37,0,29,6
train_03853,training_writers,long_sweep,0.33880125,0.47000000,1.38724401,69,100,27,87,1,57,0,25,35,1,91,0,100,21,45,27,6
train_03854,training_writers,long_sweep,0.33776212,0.47000000,1.39151186,21,77,58,100,95,81,67,52,96,48,100,17,52,0,0,11,3
train_03855,training_writers,compact_trace,0.50996335,0.32000000,0.62749607,0,63,54,77,91,99,100,100,83,75,67,50,50,25,48,0,1
train_03856,training_writers,long_sweep,0.35006736,0.47000000,1.34259873,87,100,45,83,14,54,0,21,42,0,100,8,77,31,18,29,6
train_03857,training_writers,compact_trace,0.53656131,0.32000000,0.59639037,54,74,72,100,76,70,57,38,26,9,0,3,50,0,100,1,2
train_03858,training_writers,long_sweep,0.35283765,0.47000000,1.33205740,72,86,42,100,4,67,0,27,45,1,100,14,57,27,12,0,6
train_03859,training_writers,long_sweep,0.36449441,0.47000000,1.28945734,65,67,72,100,1,75,32,37,61,0,0,4,32,44,100,74,8
train_03860,training_writers,long_sweep,0.36440441,0.47000000,1.28977583,11,87,20,53,95,53,100,12,29,0,0,42,0,86,71,100,5
train_03861,training_writers,long_sweep,0.36658942,0.47000000,1.28208827,30,79,4,66,68,31,41,0,0,28,57,64,100,100,0,92,8
train_03862,training_writers,long_sweep,0.34136379,0.47000000,1.37683027,45,75,22,99,70,100,100,80,62,50,88,23,48,0,0,8,3
train_03863,training_writers,compact_trace,0.52302739,0.32000000,0.61182264,27,100,3,76,0,46,69,43,100,64,90,64,85,32,87,0,4
train_03864,training_writers,compact_trace,0.53790066,0.32000000,0.59490539,8,66,9,100,45,88,37,49,0,22,20,22,66,0,100,25,2
train_03865,training_writers,compact_trace,0.53032087,0.32000000,0.60340827,32,100,20,69,0,34,36,29,92,36,100,51,66,36,58,0,4
train_03866,training_writers,compact_trace,0.52503569,0.32000000,0.60948238,0,79,25,100,49,80,27,48,0,19,24,1,62,0,100,2,2
train_03867,training_writers,compact_trace,0.53064336,0.32000000,0.60304156,26,82,68,100,100,82,72,52,70,46,90,20,48,0,0,9,3
train_03868,training_writers,compact_trace,0.52672725,0.32000000,0.60752505,53,100,33,77,0,55,19,35,87,41,100,46,65,24,47,0,4
train_03869,training_writers,compact_trace,0.52890020,0.32000000,0.60502907,100,86,71,100,32,90,12,61,50,58,63,27,40,0,0,2,5
train_03870,training_writers,compact_trace,0.53854259,0.32000000,0.59419627,25,100,7,82,0,46,56,28,100,55,99,73,75,37,66,0,4
train_03871,training_writers,long_sweep,0.35084121,0.47000000,1.33963737,8,91,63,100,100,82,79,55,42,31,0,11,37,1,100,0,2
train_03872,training_writers,long_sweep,0.33821741,0.47000000,1.38963868,51,100,18,73,0,34,20,0,63,2,95,31,100,72,66,90,0
train_03873,training_writers,compact_trace,0.51811764,0.32000000,0.61762035,47,91,80,100,66,70,81,65,100,37,76,6,36,0,0,18,3
train_03874,training_writers,long_sweep,0.35238796,0.47000000,1.33375726,11,47,58,70,100,100,73,70,50,34,28,0,0,12,70,10,1
train_03875,training_writers,compact_trace,0.51058446,0.32000000,0.62673274,0,33,34,52,64,76,93,100,100,90,88,60,75,30,64,0,1
train_03876,training_writers,compact_trace,0.51554505,0.32000000,0.62070231,0,54,16,68,59,83,99,100,100,90,74,62,51,32,34,0,1
train_03877,training_writers,compact_trace,0.53596403,0.32000000,0.59705499,100,100,72,90,41,62,12,31,9,0,57,10,47,33,0,23,6
train_03878,training_writers,compact_trace,0.52664134,0.32000000,0.60762415,17,85,18,100,46,70,39,35,0,14,34,8,88,0,100,23,2
train_03879,training_writers,long_sweep,0.35802056,0.47000000,1.31277376,36,100,0,55,7,0,61,25,100,76,61,100,37,69,24,44,0
train_03880,training_writers,long_sweep,0.33853580,0.47000000,1.38833176,0,88,40,100,79,86,67,44,64,0,100,15,70,32,23,37,7
train_03881,training_writers,long_sweep,0.34492468,0.47000000,1.36261634,100,82,61,100,50,68,72,31,38,0,0,16,31,49,78,76,8
train_03882,training_writers,long_sweep,0.34108609,0.47000000,1.37795123,100,93,79,92,24,100,0,67,42,44,92,28,67,0,25,2,5
train_03883,training_writers,long_sweep,0.35795304,0.47000000,1.31302139,25,92,20,41,67,47,55,0,20,30,0,76,43,100,100,99,5
train_03884,training_writers,long_sweep,0.34319832,0.47000000,1.36947058,42,59,53,100,87,81,61,41,22,12,0,1,50,1,100,0,2
train_03885,training_writers,compact_trace,0.50796783,0.32000000,0.62996116,0,57,31,69,66,85,100,100,88,75,73,50,61,23,53,0,1
train_03886,training_writers,compact_trace,0.54519376,0.32000000,0.58694729,36,85,71,100,100,82,72,56,36,35,0,13,33,0,88,0,2
train_03887,training_writers,compact_trace,0.53985883,0.32000000,0.59274756,86,95,39,100,51,75,69,85,84,51,100,17,59,0,0,9,9
train_03888,training_writers,long_sweep,0.35505278,0.47000000,1.32374687,44,93,0,100,32,60,85,27,61,0,41,36,100,65,72,88,8
train_03889,training_writers,long_sweep,0.35128437,0.47000000,1.33794736,49,100,16,63,0,17,36,0,79,22,100,66,63,90,23,69,0
train_03890,training_writers,compact_trace,0.50590255,0.32000000,0.63253288,0,58,34,75,76,96,100,100,95,75,85,49,76,24,88,0,1
train_03891,training_writers,compact_trace,0.52518457,0.32000000,0.60930960,48,100,20,80,0,51,55,43,100,56,90,62,86,30,73,0,4
train_03892,training_writers,long_sweep,0.35421841,0.47000000,1.32686497,100,100,53,93,22,60,14,21,58,0,97,26,58,54,0,50,6
train_03893,training_writers,long_sweep,0.33904744,0.47000000,1.38623668,12,80,57,100,76,74,56,41,28,10,0,4,42,13,100,0,2
train_03894,training_writers,compact_trace,0.52497304,0.32000000,0.60955511,0,89,44,100,72,73,71,36,70,0,56,11,49,32,100,29,7
train_03895,training_writers,compact_trace,0.54398381,0.32000000,0.58825280,26,100,0,83,23,51,83,42,100,55,79,84,56,42,37,0,4
train_03896,training_writers,long_sweep,0.33785208,0.47000000,1.39114135,53,78,80,100,96,68,68,35,23,14,0,20,51,17,100,0,2
train_03897,training_writers,long_sweep,0.35645587,0.47000000,1.31853628,67,78,54,100,0,83,36,43,61,0,15,14,51,54,100,80,8
train_03898,training_writers,long_sweep,0.36255560,0.47000000,1.29635288,95,59,74,100,6,96,0,52,64,59,100,70,73,26,15,0,9
train_03899,training_writers,compact_trace,0.51936149,0.32000000,0.61614118,64,100,41,78,18,57,0,36,36,22,100,32,92,20,69,0,4
train_03900,training_writers,long_sweep,0.34009006,0.47000000,1.38198689,39,81,58,100,83,67,70,30,33,0,0,8,50,23,100,3,2
train_03901,training_writers,long_sweep,0.36770180,0.47000000,1.27820966,100,66,61,100,0,51,8,0,82,32,92,89,64,61,8,8,0
train_03902,training_writers,long_sweep,0.36520280,0.47000000,1.28695617,12,79,62,46,100,12,23,0,41,33,86,67,82,100,0,88,8
train_03903,training_writers,long_sweep,0.34492767,0.47000000,1.36260452,11,78,0,36,25,0,68,5,100,37,96,83,57,100,20,80,0
train_03904,training_writers,long_sweep,0.34239209,0.47000000,1.37269527,98,100,64,86,38,54,31,20,72,0,100,26,51,39,0,24,6
train_03905,training_writers,long_sweep,0.34018513,0.47000000,1.38160067,62,83,21,69,0,33,25,1,68,0,100,29,97,70,67,100,0
train_03906,training_writers,long_sweep,0.34141002,0.47000000,1.37664385,0,58,0,14,38,0,77,16,100,55,82,95,42,100,9,74,0
train_03907,training_writers,long_sweep,0.36844689,0.47000000,1.27562483,17,97,25,59,85,100,0,82,27,51,23,0,100,36,19,33,8
train_03908,training_writers,long_sweep,0.34713916,0.47000000,1.35392387,0,90,43,100,100,90,91,57,72,25,50,0,14,26,74,38,7
train_03909,training_writers,compact_trace,0.51893171,0.32000000,0.61665147,51,77,68,100,100,86,75,60,82,37,84,8,42,0,0,8,3
train_03910,training_writers,long_sweep,0.33949766,0.47000000,1.38439835,0,91,55,100,71,69,62,33,64,0,22,27,36,40,100,40,7
train_03911,training_writers,compact_trace,0.54447732,0.32000000,0.58771961,1,87,38,100,49,63,34,22,16,0,0,29,49,24,100,22,7
train_03912,training_writers,compact_trace,0.54293750,0.32000000,0.58938644,24,88,71,100,85,77,53,53,83,37,100,14,52,0,0,5,3
train_03913,training_writers,long_sweep,0.36192752,0.47000000,1.29860253,3,65,37,55,100,81,54,100,0,75,85,68,69,34,58,0,9
train_03914,training_writers,long_sweep,0.35227889,0.47000000,1.33417020,0,85,50,100,88,73,66,35,29,0,5,5,41,38,100,52,7
train_03915,training_writers,long_sweep,0.36432188,0.47000000,1.29006800,69,82,0,100,22,64,96,36,96,0,33,20,93,53,100,79,8
train_03916,training_writers,long_sweep,0.34116388,0.47000000,1.37763705,100,100,58,78,25,53,8,24,31,0,82,13,45,31,0,14,6
train_03917,training_writers,long_sweep,0.35501269,0.47000000,1.32389632,96,100,55,66,0,37,18,37,100,42,95,72,64,36,39,0,4
train_03918,training_writers,long_sweep,0.35037164,0.47000000,1.34143276,19,100,84,89,84,59,63,29,37,0,0,9,16,32,100,31,7
train_03919,training_writers,long_sweep,0.34293624,0.47000000,1.37051717,36,59,56,100,73,62,49,22,0,9,34,17,73,0,100,29,2
train_03920,training_writers,long_sweep,0.34974097,0.47000000,1.34385170,10,89,0,45,20,4,65,0,99,31,100,75,61,100,16,85,0
train_03921,training_writers,compact_trace,0.52947614,0.32000000,0.60437095,0,54,61,75,100,100,94,98,65,74,42,49,35,23,68,0,1
train_03922,training_writers,long_sweep,0.36761808,0.47000000,1.27850078,11,58,85,41,87,0,0,9,23,50,100,78,71,100,10,77,8
train_03923,training_writers,long_sweep,0.36316485,0.47000000,1.29417810,23,100,13,70,66,36,33,0,0,25,59,58,100,96,28,97,8
train_03924,training_writers,compact_trace,0.54504026,0.32000000,0.58711259,0,85,48,100,84,89,73,48,65,6,48,0,37,28,100,33,7
train_03925,training_writers,compact_trace,0.53187881,0.32000000,0.60164081,73,100,28,85,0,62,5,37,60,32,100,42,82,25,66,0,4
train_03926,training_writers,long_sweep,0.34058229,0.47000000,1.37998955,0,98,53,100,88,82,63,40,33,0,36,6,39,43,100,47,7
train_03927,training_writers,long_sweep,0.35891086,0.47000000,1.30951735,28,94,99,100,69,95,22,70,51,53,100,27,67,0,0,9,5
train_03928,training_writers,long_sweep,0.35163430,0.47000000,1.33661590,0,98,60,100,94,82,69,42,50,0,26,5,18,31,100,28,7
train_03929,training_writers,long_sweep,0.35521703,0.47000000,1.32313476,0,100,85,99,100,84,75,50,66,14,51,0,11,33,91,39,7
train_03930,training_writers,compact_trace,0.54260179,0.32000000,0.58975109,0,87,38,100,74,83,74,40,55,0,32,34,60,45,100,55,7
train_03931,training_writers,compact_trace,0.52774419,0.32000000,0.60635438,0,59,41,80,94,100,100,91,68,68,35,45,6,22,0,0,1
train_03932,training_writers,compact_trace,0.51908288,0.32000000,0.61647189,0,82,28,100,62,87,54,54,27,28,22,10,61,4,100,0,2
train_03933,training_writers,long_sweep,0.36672492,0.47000000,1.28161457,24,85,3,50,84,52,59,5,0,0,1,52,11,94,100,100,5
train_03934,training_writers,compact_trace,0.51096304,0.32000000,0.62626839,0,45,46,68,77,93,100,100,92,74,92,48,95,23,74,0,1
train_03935,training_writers,long_sweep,0.33847661,0.47000000,1.38857453,54,73,78,100,90,67,67,31,29,3,0,8,49,10,100,0,2
train_03936,training_writers,compact_trace,0.51850081,0.32000000,0.61716394,36,78,66,100,83,82,81,59,100,30,82,3,38,0,0,16,3
train_03937,training_writers,compact_trace,0.51632475,0.32000000,0.61976499,63,91,100,100,75,92,41,77,31,50,56,27,36,0,0,1,5
train_03938,training_writers,long_sweep,0.36493504,0.47000000,1.28790046,52,80,30,66,96,70,65,100,28,62,100,69,80,20,0,0,9
train_03939,training_writers,long_sweep,0.34917563,0.47000000,1.34602751,54,89,17,61,0,19,38,0,81,21,100,63,77,100,32,89,0
train_03940,training_writers,long_sweep,0.34507198,0.47000000,1.36203466,69,100,38,82,13,54,7,24,41,0,100,4,57,16,0,8,6
train_03941,training_writers,compact_trace,0.50273468,0.32000000,0.63651865,0,38,30,62,48,87,76,100,79,74,76,49,76,24,100,0,1
train_03942,training_writers,compact_trace,0.53048223,0.32000000,0.60322473,0,39,4,57,51,79,100,100,96,81,68,54,40,27,15,0,1
train_03943,training_writers,long_sweep,0.35742723,0.47000000,1.31495296,86,100,36,80,1,49,0,14,56,0,100,23,51,37,2,16,6
train_03944,training_writers,long_sweep,0.35435459,0.47000000,1.32635506,34,91,100,100,71,96,18,75,38,60,89,46,61,16,0,0,5
train_03945,training_writers,compact_trace,0.54164234,0.32000000,0.59079577,1,78,16,100,61,93,50,64,21,39,0,11,46,0,100,0,2
train_03946,training_writers,compact_trace,0.54289741,0.32000000,0.58942996,29,71,65,100,63,82,42,39,24,0,0,7,50,9,100,8,1
train_03947,training_writers,compact_trace,0.49930588,0.32000000,0.64088970,70,87,96,100,100,77,78,57,76,33,72,9,37,0,0,5,3
train_03948,training_writers,compact_trace,0.54142299,0.32000000,0.59103511,27,100,75,100,76,75,52,52,92,34,100,9,51,0,0,4,3
train_03949,training_writers,long_sweep,0.34442629,0.47000000,1.36458805,0,91,45,100,87,92,61,45,30,0,22,4,40,39,100,38,7
train_03950,training_writers,long_sweep,0.35473763,0.47000000,1.32492286,0,100,53,97,91,69,72,29,31,0,5,35,46,49,100,41,7
train_03951,training_writers,long_sweep,0.35508853,0.47000000,1.32361358,1,52,23,75,74,100,52,69,51,36,45,4,0,0,100,7,1
train_03952,training_writers,long_sweep,0.33835983,0.47000000,1.38905380,16,100,0,68,20,26,53,0,92,11,100,54,72,86,33,96,0
train_03953,training_writers,compact_trace,0.52576102,0.32000000,0.60864155,67,93,100,100,88,77,59,56,87,34,92,9,46,0,0,4,3
train_03954,training_writers,long_sweep,0.35684235,0.47000000,1.31710825,13,93,79,100,87,72,50,36,21,0,10,14,0,46,100,49,7
train_03955,training_writers,long_sweep,0.34778725,0.47000000,1.35140087,63,100,36,65,0,30,84,36,100,63,81,79,79,39,75,0,4
train_03956,training_writers,compact_trace,0.52577380,0.32000000,0.60862675,36,100,6,81,0,52,36,28,84,38,100,55,72,29,62,0,4
train_03957,training_writers,compact_trace,0.53346220,0.32000000,0.59985506,24,80,59,95,100,100,63,92,25,78,21,47,36,16,0,0,5
train_03958,training_writers,compact_trace,0.53508780,0.32000000,0.59803270,0,57,12,100,47,86,40,39,10,6,16,3,58,6,100,0,2
train_03959,training_writers,long_sweep,0.34435529,0.47000000,1.36486940,36,80,0,64,37,41,25,0,1,8,7,54,43,88,100,100,5
train_03960,training_writers,compact_trace,0.50509029,0.32000000,0.63355009,0,51,29,68,57,85,87,100,100,84,87,56,70,28,58,0,1
train_03961,training_writers,long_sweep,0.34376678,0.47000000,1.36720600,37,100,11,72,0,33,26,0,74,7,100,42,81,79,36,99,0
train_03962,training_writers,long_sweep,0.35704663,0.47000000,1.31635468,31,100,0,82,47,46,97,12,44,0,31,33,95,61,100,91,8
train_03963,training_writers,compact_trace,0.53348315,0.32000000,0.59983150,63,91,66,100,100,87,65,60,28,35,0,7,47,0,88,0,2
train_03964,training_writers,long_sweep,0.36295398,0.47000000,1.29493002,24,97,55,60,77,22,21,0,0,31,51,62,100,95,30,100,8
train_03965,training_writers,long_sweep,0.34915558,0.47000000,1.34610480,10,89,56,100,76,61,65,16,37,0,0,31,50,30,100,30,7
train_03966,training_writers,compact_trace,0.54366664,0.32000000,0.58859599,5,67,30,100,60,78,41,39,5,10,0,20,49,6,100,0,2
train_03967,training_writers,long_sweep,0.34594499,0.47000000,1.35859750,3,85,42,100,88,89,65,60,26,36,0,11,51,0,100,2,2
train_03968,training_writers,long_sweep,0.35334355,0.47000000,1.33015020,100,95,46,100,9,71,0,37,21,3,80,0,67,29,3,31,6
train_03969,training_writers,compact_trace,0.54544932,0.32000000,0.58667229,70,100,37,75,0,49,40,39,100,46,87,57,57,29,31,0,4
train_03970,training_writers,long_sweep,0.34792117,0.47000000,1.35088072,1,98,52,100,69,65,50,23,29,0,0,37,47,42,100,43,7
train_03971,training_writers,compact_trace,0.52511945,0.32000000,0.60938516,40,84,79,100,100,78,65,58,87,44,87,25,42,14,0,0,3
train_03972,training_writers,long_sweep,0.35678834,0.47000000,1.31730762,48,100,12,64,0,20,43,0,91,25,100,69,62,98,13,76,0
train_03973,training_writers,long_sweep,0.35954729,0.47000000,1.30719939,37,90,31,68,100,85,49,100,0,81,75,67,67,33,34,0,9
train_03974,training_writers,long_sweep,0.35376582,0.47000000,1.32856249,0,80,53,100,100,77,70,38,32,2,9,0,19,27,89,34,7
train_03975,training_writers,compact_trace,0.54635776,0.32000000,0.58569681,100,76,73,100,18,95,11,66,66,65,74,48,49,16,0,0,9
train_03976,training_writers,long_sweep,0.36768771,0.47000000,1.27825866,72,100,3,76,100,63,49,99,29,45,0,28,53,0,33,48,8
train_03977,training_writers,long_sweep,0.33914451,0.47000000,1.38583991,1,100,47,96,52,60,46,24,40,0,0,26,41,37,100,41,7
train_03978,training_writers,long_sweep,0.34218491,0.47000000,1.37352639,67,100,39,82,0,53,63,55,100,66,67,77,53,39,40,0,4
train_03979,training_writers,compact_trace,0.54562866,0.32000000,0.58647946,69,48,100,74,76,100,26,86,0,56,46,44,81,34,77,0,9
train_03980,training_writers,compact_trace,0.52077218,0.32000000,0.61447215,100,91,71,100,38,83,78,87,88,70,64,42,35,18,0,0,9
train_03981,training_writers,long_sweep,0.36823782,0.47000000,1.27634908,32,85,67,55,95,10,4,0,12,40,95,71,100,100,0,87,8
train_03982,training_writers,compact_trace,0.51264314,0.32000000,0.62421590,0,39,28,50,55,65,81,85,100,100,82,69,67,35,56,0,1
train_03983,training_writers,long_sweep,0.36589536,0.47000000,1.28452026,72,68,42,100,0,68,61,34,79,0,1,16,50,53,100,88,8
train_03984,training_writers,long_sweep,0.35956679,0.47000000,1.30712852,100,100,53,99,15,61,10,16,66,0,99,32,42,45,0,20,6
train_03985,training_writers,long_sweep,0.36697548,0.47000000,1.28073953,37,93,0,65,80,80,41,100,3,65,100,80,92,39,47,0,9
train_03986,training_writers,compact_trace,0.53731027,0.32000000,0.59555907,66,100,30,87,8,56,0,21,31,0,75,17,100,47,89,79,0
train_03987,training_writers,long_sweep,0.33898407,0.47000000,1.38649582,55,100,20,75,0,48,0,19,41,0,100,8,78,30,27,25,6
train_03988,training_writers,compact_trace,0.52086473,0.32000000,0.61436297,2,85,28,100,53,81,31,54,0,35,35,35,67,17,100,0,2
train_03989,training_writers,compact_trace,0.52769424,0.32000000,0.60641177,70,100,38,79,6,54,0,34,65,30,100,45,88,28,80,0,4
train_03990,training_writers,long_sweep,0.34567527,0.47000000,1.35965758,42,80,72,100,98,67,74,29,31,3,0,15,51,14,100,0,2
train_03991,training_writers,long_sweep,0.35423745,0.47000000,1.32679366,44,94,6,65,0,18,46,0,92,22,100,66,64,100,21,88,0
train_03992,training_writers,long_sweep,0.36733729,0.47000000,1.27947804,83,100,18,88,37,43,61,0,0,20,53,56,100,91,22,97,8
train_03993,training_writers,long_sweep,0.34752964,0.47000000,1.35240263,44,92,100,100,57,98,11,79,28,60,74,42,51,14,0,0,5
train_03994,training_writers,compact_trace,0.54699712,0.32000000,0.58501222,53,69,49,91,100,100,86,66,52,36,0,18,15,9,74,0,2
train_03995,training_writers,long_sweep,0.36404740,0.47000000,1.29104067,0,25,52,58,76,98,15,100,54,64,100,29,49,0,9,28,8
train_03996,training_writers,compact_trace,0.51791720,0.32000000,0.61785938,18,100,16,91,0,64,22,39,100,41,86,55,61,28,61,0,4
train_03997,training_writers,long_sweep,0.34328825,0.47000000,1.36911180,22,100,69,97,73,61,56,25,32,0,0,30,46,39,100,40,7
train_03998,training_writers,long_sweep,0.35453636,0.47000000,1.32567501,20,71,6,34,44,0,95,19,100,62,69,100,15,92,0,51,0
train_03999,training_writers,long_sweep,0.35557017,0.47000000,1.32182067,48,89,8,67,48,33,43,0,0,12,6,66,41,100,100,88,5
train_04000,training_writers,long_sweep,0.36031615,0.47000000,1.30441001,30,92,57,71,81,97,0,100,25,77,100,69,77,26,31,0,9
train_04001,training_writers,compact_trace,0.53500781,0.32000000,0.59812212,0,91,35,100,67,72,61,35,45,0,21,13,40,27,100,29,7
train_04002,training_writers,long_sweep,0.34911481,0.47000000,1.34626198,34,100,24,100,0,53,8,4,59,0,100,34,69,68,14,69,0
train_04003,training_writers,long_sweep,0.35182482,0.47000000,1.33589211,32,85,0,51,2,7,51,0,93,23,100,67,67,100,23,84,0
train_04004,training_writers,long_sweep,0.34217493,0.47000000,1.37356642,49,91,14,65,0,31,18,0,81,6,100,38,86,72,49,100,0
train_04005,training_writers,long_sweep,0.33928250,0.47000000,1.38527630,0,91,35,100,100,97,81,63,44,32,8,0,9,14,49,29,7
train_04006,training_writers,compact_trace,0.52462592,0.32000000,0.60995842,0,86,26,100,68,97,84,62,75,19,55,0,57,23,100,23,7
train_04007,training_writers,long_sweep,0.34133653,0.47000000,1.37694022,0,84,47,100,100,98,75,76,50,55,92,35,77,9,25,0,3
train_04008,training_writers,compact_trace,0.50830770,0.32000000,0.62953994,0,68,8,100,33,90,37,50,25,11,45,0,72,6,100,13,2
train_04009,training_writers,rising_tail,0.25672018,0.40000000,1.55811668,28,83,5,52,0,17,35,0,78,10,100,40,89,73,60,100,0
train_04010,training_writers,long_sweep,0.36651487,0.47000000,1.28234908,29,61,97,31,78,0,0,12,45,45,100,77,80,100,9,73,8
train_04011,training_writers,compact_trace,0.51134274,0.32000000,0.62580335,0,73,49,82,94,100,100,86,82,65,65,43,43,22,29,0,1
train_04012,training_writers,compact_trace,0.51263034,0.32000000,0.62423149,43,78,68,100,100,85,82,58,76,37,78,14,36,0,0,10,3
train_04013,training_writers,compact_trace,0.54388887,0.32000000,0.58835549,25,79,57,100,85,78,56,45,84,42,100,11,52,0,0,2,3
train_04014,training_writers,compact_trace,0.54222232,0.32000000,0.59016383,95,88,59,100,51,67,100,81,98,65,92,28,59,0,0,4,9
train_04015,training_writers,long_sweep,0.35825732,0.47000000,1.31190620,84,78,27,54,6,82,65,100,89,65,100,28,69,0,0,10,9
train_04016,training_writers,long_sweep,0.34187700,0.47000000,1.37476345,0,90,49,100,60,67,55,32,65,0,21,28,28,48,100,53,7
train_04017,training_writers,long_sweep,0.34945085,0.47000000,1.34496740,47,83,84,68,100,91,35,100,73,78,93,47,48,20,0,0,9
train_04018,training_writers,long_sweep,0.34902733,0.47000000,1.34659941,2,82,42,100,100,97,76,73,42,53,85,33,56,8,0,0,3
train_04019,training_writers,long_sweep,0.35800507,0.47000000,1.31283057,62,80,5,65,2,100,64,94,90,58,100,19,57,0,0,24,9
train_04020,training_writers,long_sweep,0.35068643,0.47000000,1.34022865,67,100,27,75,0,44,15,11,73,3,100,25,40,25,3,0,6
train_04021,training_writers,compact_trace,0.53964222,0.32000000,0.59298548,16,89,50,100,71,67,45,35,0,19,10,30,57,19,100,0,2
train_04022,training_writers,compact_trace,0.51897001,0.32000000,0.61660595,0,79,24,100,62,84,66,53,56,22,43,0,49,24,100,22,7
train_04023,training_writers,compact_trace,0.52042516,0.32000000,0.61488188,100,100,75,90,44,67,19,41,0,13,26,0,49,18,2,18,6
train_04024,training_writers,long_sweep,0.35707872,0.47000000,1.31623639,75,100,30,89,1,51,0,9,57,0,100,27,45,39,10,11,6
train_04025,training_writers,compact_trace,0.50924426,0.32000000,0.62838215,0,94,8,99,55,100,95,89,100,65,82,41,55,20,26,0,7
train_04026,training_writers,long_sweep,0.35403886,0.47000000,1.32753788,78,100,29,88,0,52,2,10,55,0,100,26,98,67,51,77,0
train_04027,training_writers,long_sweep,0.35171538,0.47000000,1.33630780,71,93,87,63,94,100,47,74,100,72,98,40,67,3,0,0,9
train_04028,training_writers,long_sweep,0.34264135,0.47000000,1.37169666,29,80,62,100,74,63,52,26,4,8,0,30,56,25,100,0,2
train_04029,training_writers,compact_trace,0.51992578,0.32000000,0.61547247,68,100,59,72,25,44,0,33,54,32,100,35,98,35,86,0,4
train_04030,training_writers,compact_trace,0.50561474,0.32000000,0.63289294,44,86,71,100,100,88,73,69,61,51,68,26,36,10,0,0,3
train_04031,training_writers,long_sweep,0.35016920,0.47000000,1.34220828,43,100,15,71,0,35,13,0,71,20,100,54,100,91,39,97,0
train_04032,training_writers,compact_trace,0.53230881,0.32000000,0.60115480,0,80,24,100,46,69,47,30,47,0,19,30,58,36,100,38,7
train_04033,training_writers,compact_trace,0.53042059,0.32000000,0.60329483,43,91,79,100,63,67,34,38,0,14,11,13,56,9,100,0,2
train_04034,training_writers,long_sweep,0.36083047,0.47000000,1.30255074,37,100,1,66,9,10,58,0,100,31,97,85,48,99,0,81,0
train_04035,training_writers,long_sweep,0.34332189,0.47000000,1.36897767,6,88,8,57,48,28,23,0,5,32,0,73,41,97,100,100,5
train_04036,training_writers,compact_trace,0.54124582,0.32000000,0.59122858,60,84,94,100,100,75,72,51,39,30,0,12,46,7,94,0,2
train_04037,training_writers,compact_trace,0.53884668,0.32000000,0.59386095,0,71,24,100,60,100,61,63,41,29,16,0,58,3,100,2,2
train_04038,training_writers,compact_trace,0.52426861,0.32000000,0.61037414,0,25,26,48,66,73,100,100,96,93,72,62,48,31,31,0,1
train_04039,training_writers,long_sweep,0.34722539,0.47000000,1.35358764,53,100,7,98,21,69,56,92,63,59,100,25,64,0,0,9,9
train_04040,training_writers,compact_trace,0.52792312,0.32000000,0.60614887,27,100,41,75,0,48,43,47,84,56,100,68,93,31,82,0,4
train_04041,training_writers,rising_tail,0.23396890,0.43000000,1.83785107,0,0,36,9,69,28,91,51,100,78,81,100,47,86,64,63,9
train_04042,training_writers,long_sweep,0.34353974,0.47000000,1.36810956,95,71,100,100,39,100,0,76,55,76,93,59,76,29,55,0,9
train_04043,training_writers,long_sweep,0.34508017,0.47000000,1.36200233,51,91,46,56,29,15,0,0,36,33,72,64,100,100,48,92,8
train_04044,training_writers,compact_trace,0.54575455,0.32000000,0.58634417,59,100,0,79,31,64,100,75,93,76,63,51,37,26,11,0,4
train_04045,training_writers,long_sweep,0.33785384,0.47000000,1.39113411,42,91,48,52,52,15,8,0,0,31,11,70,53,90,100,100,5
train_04046,training_writers,compact_trace,0.52065904,0.32000000,0.61460567,0,69,57,88,100,100,79,80,64,60,57,40,57,20,93,0,1
train_04047,training_writers,compact_trace,0.54598070,0.32000000,0.58610130,86,62,21,57,0,80,51,100,98,82,100,54,88,27,84,0,9
train_04048,training_writers,long_sweep,0.35567855,0.47000000,1.32141790,96,100,44,85,14,53,7,18,57,0,100,19,57,40,0,28,6
train_04049,training_writers,long_sweep,0.35450877,0.47000000,1.32577820,30,81,62,43,64,0,29,15,62,52,100,87,58,100,0,87,8
train_04050,training_writers,long_sweep,0.36589281,0.47000000,1.28452922,96,100,14,91,42,75,45,96,0,67,100,82,54,43,18,0,9
train_04051,training_writers,long_sweep,0.34488351,0.47000000,1.36277898,0,90,61,100,85,83,44,64,51,48,100,32,63,13,5,0,3
train_04052,training_writers,long_sweep,0.34029588,0.47000000,1.38115101,100,79,64,100,23,81,63,69,97,74,79,38,48,7,0,0,9
train_04053,training_writers,long_sweep,0.36773205,0.47000000,1.27810454,97,95,25,82,100,81,67,100,0,84,83,67,40,34,13,0,9
train_04054,training_writers,long_sweep,0.34665991,0.47000000,1.35579565,100,96,54,84,0,74,33,100,85,98,67,62,36,29,37,0,9
train_04055,training_writers,compact_trace,0.54147551,0.32000000,0.59097779,53,100,5,80,0,63,60,64,100,79,79,57,55,26,31,0,4
train_04056,training_writers,rising_tail,0.25252883,0.43000000,1.70277585,0,0,33,12,66,35,90,61,100,89,57,100,25,79,58,60,9
train_04057,training_writers,long_sweep,0.35142648,0.47000000,1.33740634,0,100,67,98,87,83,57,43,35,0,9,25,32,45,100,45,7
train_04058,training_writers,long_sweep,0.34968191,0.47000000,1.34407867,49,83,11,70,0,24,39,0,89,20,100,62,69,100,35,79,0
train_04059,training_writers,compact_trace,0.53388250,0.32000000,0.59938282,50,100,22,84,0,54,45,34,100,41,100,64,88,32,84,0,4
train_04060,training_writers,compact_trace,0.50132415,0.32000000,0.63830957,0,84,46,86,91,100,100,94,85,70,72,45,61,20,62,0,1
train_04061,training_writers,long_sweep,0.34676548,0.47000000,1.35538291,59,100,20,78,0,46,8,13,66,0,100,23,46,36,14,14,6
train_04062,training_writers,long_sweep,0.35320672,0.47000000,1.33066550,100,100,53,89,17,60,4,28,33,0,90,18,60,42,0,22,6
train_04063,training_writers,compact_trace,0.54555019,0.32000000,0.58656382,27,100,8,70,0,40,14,9,65,0,100,22,62,42,14,33,6
train_04064,training_writers,long_sweep,0.34876047,0.47000000,1.34762981,59,100,19,92,0,49,15,5,60,0,97,28,100,74,61,96,0
train_04065,training_writers,compact_trace,0.54728809,0.32000000,0.58470120,43,87,100,100,96,93,47,72,53,48,91,34,58,2,0,0,5
train_04066,training_writers,long_sweep,0.36809757,0.47000000,1.27683539,43,100,0,88,67,47,85,0,17,16,83,56,100,93,17,74,8
train_04067,training_writers,compact_trace,0.52957965,0.32000000,0.60425283,56,87,91,100,81,72,61,58,100,41,87,12,38,0,0,12,3
train_04068,training_writers,long_sweep,0.35194304,0.47000000,1.33544336,18,79,30,66,78,36,52,0,10,20,0,61,21,95,100,100,5
train_04069,training_writers,long_sweep,0.35130673,0.47000000,1.33786221,69,100,52,50,100,65,64,93,82,70,96,49,61,0,0,4,9
train_04070,training_writers,long_sweep,0.33895893,0.47000000,1.38659865,42,82,80,100,100,82,70,58,32,37,0,14,39,0,100,1,2
train_04071,training_writers,compact_trace,0.54070174,0.32000000,0.59182351,37,83,63,100,83,74,62,47,30,24,0,0,50,2,100,4,2
train_04072,training_writers,compact_trace,0.53632930,0.32000000,0.59664837,0,79,28,100,48,75,38,54,92,54,100,28,61,8,9,0,3
train_04073,training_writers,compact_trace,0.54228315,0.32000000,0.59009763,10,64,29,100,60,90,46,52,19,18,0,8,50,5,100,0,2
train_04074,training_writers,compact_trace,0.51289889,0.32000000,0.62390465,26,93,61,100,69,74,79,55,100,32,81,8,41,0,0,4,3
train_04075,training_writers,long_sweep,0.35769924,0.47000000,1.31395304,73,100,12,90,0,55,65,61,100,71,99,32,65,0,3,6,9
train_04076,training_writers,compact_trace,0.53730045,0.32000000,0.59556995,50,100,41,90,0,63,3,50,80,42,100,57,59,29,29,0,4
train_04077,training_writers,long_sweep,0.36293995,0.47000000,1.29498006,43,67,83,33,78,0,9,9,57,41,100,73,57,100,0,78,8
train_04078,training_writers,compact_trace,0.52593779,0.32000000,0.60843698,100,86,71,100,58,70,93,86,76,70,69,27,40,0,0,1,9
train_04079,training_writers,long_sweep,0.33925165,0.47000000,1.38540227,52,100,18,76,0,46,9,17,61,19,100,38,54,22,18,0,6
train_04080,training_writers,long_sweep,0.34318959,0.47000000,1.36950539,0,88,48,100,100,91,73,51,51,9,41,0,21,27,78,33,7
train_04081,training_writers,compact_trace,0.51196956,0.32000000,0.62503716,0,100,16,91,69,94,100,90,65,70,45,45,31,18,20,0,7
train_04082,training_writers,compact_trace,0.53163127,0.32000000,0.60192095,0,68,27,100,28,81,25,40,19,0,1,0,50,3,100,6,1
train_04083,training_writers,compact_trace,0.51032469,0.32000000,0.62705177,0,81,9,100,40,85,33,54,11,26,18,9,60,4,100,0,2
train_04084,training_writers,long_sweep,0.34282083,0.47000000,1.37097854,49,75,44,100,23,73,43,37,47,0,0,16,40,45,100,68,8
train_04085,training_writers,long_sweep,0.34688906,0.47000000,1.35490003,0,77,30,100,84,98,76,65,44,36,5,10,46,2,100,0,2
train_04086,training_writers,compact_trace,0.52426113,0.32000000,0.61038285,100,90,64,100,45,68,81,70,85,61,81,27,52,0,0,9,9
train_04087,training_writers,compact_trace,0.51772627,0.32000000,0.61808724,0,45,26,68,68,88,100,100,76,75,55,51,42,26,40,0,1
train_04088,training_writers,long_sweep,0.34919600,0.47000000,1.34594899,16,69,8,28,43,0,87,23,100,64,75,100,25,94,0,57,0
train_04089,training_writers,long_sweep,0.35293323,0.47000000,1.33169663,0,80,57,100,100,83,78,45,47,9,16,0,19,32,86,39,7
train_04090,training_writers,compact_trace,0.52737550,0.32000000,0.60677828,24,88,58,100,56,70,30,41,0,17,12,0,56,2,100,3,2
train_04091,training_writers,long_sweep,0.36415849,0.47000000,1.29064681,73,92,0,100,23,63,77,31,50,0,7,30,52,66,100,98,8
train_04092,training_writers,compact_trace,0.52852085,0.32000000,0.60546335,0,78,16,100,51,74,42,37,10,8,21,18,65,0,100,19,2
train_04093,training_writers,compact_trace,0.52010843,0.32000000,0.61525633,20,100,14,70,0,40,3,16,77,22,100,45,96,30,96,0,4
train_04094,training_writers,long_sweep,0.33841085,0.47000000,1.38884434,0,79,35,100,71,83,45,55,84,47,100,20,57,0,3,0,3
train_04095,training_writers,compact_trace,0.51714125,0.32000000,0.61878646,17,60,46,80,100,100,89,89,60,67,34,45,17,22,0,0,1
train_04096,training_writers,long_sweep,0.35091508,0.47000000,1.33935538,0,89,65,100,85,70,51,35,19,0,12,21,29,48,100,46,7
train_04097,training_writers,compact_trace,0.54493099,0.32000000,0.58723032,34,99,14,98,68,100,84,68,70,43,100,11,53,0,0,8,3
train_04098,training_writers,long_sweep,0.34070314,0.47000000,1.37950005,17,78,46,100,75,84,44,57,94,42,100,12,51,0,0,13,3
train_04099,training_writers,long_sweep,0.34041675,0.47000000,1.38066062,69,84,31,100,29,65,76,86,81,76,100,31,58,4,0,0,9
train_04100,training_writers,long_sweep,0.34790730,0.47000000,1.35093455,71,100,44,63,0,38,57,43,100,52,82,80,66,41,60,0,4
train_04101,training_writers,compact_trace,0.54138975,0.32000000,0.59107141,0,100,52,100,88,81,73,45,58,8,36,0,39,21,100,19,7
train_04102,training_writers,long_sweep,0.34765574,0.47000000,1.35191211,0,80,50,100,82,72,58,34,22,0,9,7,29,38,100,44,7
train_04103,training_writers,long_sweep,0.35377047,0.47000000,1.32854503,45,93,9,78,72,76,47,100,55,79,100,46,67,8,0,0,9
train_04104,training_writers,long_sweep,0.35175853,0.47000000,1.33614387,0,100,45,92,100,78,67,39,31,1,10,0,27,28,93,34,7
train_04105,training_writers,long_sweep,0.34115056,0.47000000,1.37769084,7,89,52,100,81,82,46,59,55,37,100,18,56,3,0,0,3
train_04106,training_writers,long_sweep,0.34421753,0.47000000,1.36541566,0,93,51,97,100,100,77,61,56,22,38,0,23,30,76,31,7
train_04107,training_writers,long_sweep,0.35197642,0.47000000,1.33531672,81,100,39,77,17,42,22,5,78,0,100,31,45,46,0,27,6
train_04108,training_writers,long_sweep,0.33888615,0.47000000,1.38689647,31,78,35,100,77,85,76,50,43,23,0,2,48,1,100,0,2
train_04109,training_writers,compact_trace,0.51667291,0.32000000,0.61934735,39,100,12,74,0,44,38,30,85,32,100,51,95,30,86,0,4
train_04110,training_writers,compact_trace,0.54291194,0.32000000,0.58941418,33,89,74,100,93,81,54,60,74,38,100,16,56,0,0,0,3
train_04111,training_writers,long_sweep,0.35258858,0.47000000,1.33299835,5,73,0,27,38,0,81,12,100,58,78,100,31,99,10,57,0
train_04112,training_writers,compact_trace,0.51942467,0.32000000,0.61606623,0,58,26,62,63,85,100,100,76,75,51,51,32,25,20,0,1
train_04113,training_writers,long_sweep,0.35496816,0.47000000,1.32406242,40,90,0,69,1,24,45,0,88,27,100,71,61,100,15,76,0
train_04114,training_writers,rising_tail,0.26556201,0.43000000,1.61920751,0,0,44,16,80,41,100,70,86,100,38,95,33,68,83,59,9
train_04115,training_writers,long_sweep,0.35043112,0.47000000,1.34120507,89,100,34,81,9,54,0,25,26,0,98,6,100,26,32,25,6
train_04116,training_writers,long_sweep,0.34091655,0.47000000,1.37863650,36,100,0,70,32,46,93,53,100,88,74,67,52,33,31,0,4
train_04117,training_writers,compact_trace,0.50666541,0.32000000,0.63158051,0,64,41,68,79,87,100,100,87,75,76,49,65,24,57,0,1
train_04118,training_writers,compact_trace,0.53912932,0.32000000,0.59354962,0,75,28,100,65,93,43,59,12,29,12,3,56,0,100,3,2
train_04119,training_writers,compact_trace,0.52464290,0.32000000,0.60993869,7,94,0,100,57,100,100,98,58,79,33,52,19,25,22,0,7
train_04120,training_writers,long_sweep,0.36898936,0.47000000,1.27374946,29,100,20,62,100,96,15,96,14,51,25,0,90,47,0,44,8
train_04121,training_writers,long_sweep,0.35418363,0.47000000,1.32699527,61,100,18,82,0,41,15,0,72,8,100,47,100,90,50,82,0
train_04122,training_writers,compact_trace,0.51540597,0.32000000,0.62086980,0,37,35,57,67,80,100,100,87,76,69,50,56,25,46,0,1
train_04123,training_writers,long_sweep,0.35288635,0.47000000,1.33187356,65,86,79,100,35,69,0,39,72,34,100,66,61,35,32,0,4
train_04124,training_writers,compact_trace,0.53753024,0.32000000,0.59531535,0,91,36,100,58,64,42,17,23,0,22,37,61,42,100,47,7
train_04125,training_writers,compact_trace,0.50311935,0.32000000,0.63603198,0,67,43,74,78,91,100,100,95,74,87,49,84,23,96,0,1
train_04126,training_writers,long_sweep,0.35383805,0.47000000,1.32829128,0,97,63,100,87,75,73,32,63,0,8,26,29,39,100,39,7
train_04127,training_writers,compact_trace,0.53477918,0.32000000,0.59837782,33,100,0,84,3,54,52,41,100,46,69,59,51,30,41,0,4
train_04128,training_writers,compact_trace,0.53311979,0.32000000,0.60024034,73,66,32,81,100,100,95,87,64,65,27,43,5,22,0,0,1
train_04129,training_writers,compact_trace,0.54694067,0.32000000,0.58507260,53,61,100,73,92,100,55,72,58,36,51,1,0,0,29,31,8
train_04130,training_writers,compact_trace,0.53476672,0.32000000,0.59839176,0,99,37,100,72,81,73,37,49,0,33,24,62,40,100,44,7
train_04131,training_writers,long_sweep,0.34210111,0.47000000,1.37386283,19,68,44,100,81,82,67,44,30,18,0,7,50,5,100,0,2
train_04132,training_writers,compact_trace,0.50997769,0.32000000,0.62747843,0,38,18,57,49,80,81,100,100,92,85,61,69,31,63,0,1
train_04133,training_writers,long_sweep,0.34770664,0.47000000,1.35171420,38,82,80,100,88,72,39,50,84,47,100,14,47,0,0,13,3
train_04134,training_writers,long_sweep,0.33866628,0.47000000,1.38779687,60,100,35,75,8,47,0,17,46,0,100,12,70,26,25,6,6
train_04135,training_writers,compact_trace,0.50828413,0.32000000,0.62956913,0,49,40,66,74,87,100,100,90,75,78,50,65,24,65,0,1
train_04136,training_writers,compact_trace,0.54067839,0.32000000,0.59184906,16,71,29,100,61,81,52,44,24,12,0,2,50,5,100,0,2
train_04137,training_writers,compact_trace,0.54010875,0.32000000,0.59247328,80,86,46,100,0,78,42,57,100,75,98,62,88,29,75,0,9
train_04138,training_writers,compact_trace,0.54751948,0.32000000,0.58445409,0,84,34,100,89,94,93,69,54,49,100,35,92,11,39,0,3
train_04139,training_writers,compact_trace,0.54121304,0.32000000,0.59126440,69,100,42,83,0,61,9,39,77,41,100,47,62,24,33,0,4
train_04140,training_writers,long_sweep,0.36159257,0.47000000,1.29980548,17,98,0,47,31,3,84,0,100,50,71,98,23,100,3,52,0
train_04141,training_writers,long_sweep,0.35514402,0.47000000,1.32340677,86,100,34,98,0,62,9,22,57,0,100,25,94,66,51,94,0
train_04142,training_writers,compact_trace,0.54190438,0.32000000,0.59051009,56,76,66,100,0,88,23,60,90,71,100,68,87,31,92,0,9
train_04143,training_writers,long_sweep,0.33910105,0.47000000,1.38601753,0,86,35,100,89,89,68,63,58,46,100,25,71,2,8,0,3
train_04144,training_writers,long_sweep,0.35280835,0.47000000,1.33216801,100,98,51,100,11,72,44,35,43,0,0,20,22,61,65,92,8
train_04145,training_writers,long_sweep,0.33924557,0.47000000,1.38542708,95,100,50,82,19,58,0,31,18,6,73,0,100,14,44,12,6
train_04146,training_writers,long_sweep,0.35098002,0.47000000,1.33910758,100,100,56,82,27,55,6,27,20,0,91,10,69,30,0,22,6
train_04147,training_writers,compact_trace,0.50742659,0.32000000,0.63063309,0,43,32,60,65,80,99,100,100,81,88,54,79,26,84,0,1
train_04148,training_writers,long_sweep,0.35266978,0.47000000,1.33269145,100,80,60,62,0,48,26,79,81,100,90,67,59,32,30,0,9
train_04149,training_writers,compact_trace,0.53558969,0.32000000,0.59747230,44,75,50,100,100,94,82,64,92,36,89,5,38,0,0,21,3
train_04150,training_writers,compact_trace,0.54652095,0.32000000,0.58552193,5,73,25,99,75,100,63,70,80,40,100,9,51,0,0,4,3
train_04151,training_writers,compact_trace,0.51413422,0.32000000,0.62240556,0,57,15,62,59,80,100,100,100,83,78,55,57,28,37,0,1
train_04152,training_writers,long_sweep,0.33941517,0.47000000,1.38473480,0,98,46,100,87,84,74,42,68,0,100,22,93,50,44,57,7
train_04153,training_writers,compact_trace,0.52624430,0.32000000,0.60808260,100,100,61,96,33,73,11,48,0,21,24,0,59,15,17,22,6
train_04154,training_writers,long_sweep,0.33891114,0.47000000,1.38679421,59,78,60,100,7,94,0,65,53,57,100,42,80,14,32,0,9
train_04155,training_writers,compact_trace,0.53826857,0.32000000,0.59449876,12,77,36,90,44,100,37,63,46,27,100,21,47,8,0,0,1
train_04156,training_writers,compact_trace,0.52050275,0.32000000,0.61479022,62,99,100,100,62,96,29,85,33,57,55,32,38,8,0,0,5
train_04157,training_writers,long_sweep,0.34186894,0.47000000,1.37479584,0,100,61,97,81,75,60,38,40,0,15,18,37,37,100,38,7
train_04158,training_writers,long_sweep,0.34177792,0.47000000,1.37516197,100,100,60,86,26,58,0,28,16,0,73,9,56,31,3,16,6
train_04159,training_writers,long_sweep,0.36543741,0.50000000,1.36822336,86,59,56,100,0,81,48,42,71,0,11,8,45,52,100,88,8
train_04160,training_writers,long_sweep,0.35877344,0.47000000,1.31001894,100,100,53,91,16,58,0,20,49,0,99,24,64,56,5,53,6
train_04161,training_writers,long_sweep,0.34855288,0.47000000,1.34843241,50,91,36,54,63,22,17,0,0,29,6,80,48,100,100,94,5
train_04162,training_writers,long_sweep,0.35555138,0.47000000,1.32189051,58,100,24,89,0,50,100,55,97,70,55,94,52,47,53,0,4
train_04163,training_writers,compact_trace,0.53070845,0.32000000,0.60296760,0,78,30,100,62,91,48,59,24,31,14,3,57,1,100,0,2
train_04164,training_writers,long_sweep,0.35513290,0.47000000,1.32344822,70,100,45,86,11,53,0,15,57,0,100,26,67,57,0,67,6
train_04165,training_writers,long_sweep,0.35400879,0.47000000,1.32765065,41,100,5,70,0,21,39,0,83,22,100,66,57,89,11,75,0
train_04166,training_writers,long_sweep,0.35262626,0.47000000,1.33285594,29,67,7,26,42,0,90,19,100,62,75,100,25,95,0,55,0
train_04167,training_writers,long_sweep,0.34020271,0.47000000,1.38152925,38,73,62,100,87,75,67,39,31,9,0,10,50,20,100,0,2
train_04168,training_writers,long_sweep,0.35009569,0.47000000,1.34249011,100,74,69,100,16,88,47,76,100,74,91,37,54,8,0,0,9
train_04169,training_writers,compact_trace,0.54613700,0.32000000,0.58593357,0,96,50,100,97,86,86,51,59,18,46,0,47,32,100,42,7
train_04170,training_writers,long_sweep,0.34744054,0.47000000,1.35274947,5,42,0,7,44,0,87,15,100,64,68,100,25,93,20,48,0
train_04171,training_writers,long_sweep,0.34607603,0.47000000,1.35808306,91,92,27,100,0,71,67,63,100,90,85,66,81,33,88,0,9
train_04172,training_writers,compact_trace,0.53494863,0.32000000,0.59818828,0,82,35,100,74,97,68,64,40,37,18,15,58,6,100,0,2
train_04173,training_writers,compact_trace,0.53565109,0.32000000,0.59740380,25,100,11,78,0,51,3,26,89,27,100,44,57,26,36,0,4
train_04174,training_writers,long_sweep,0.35964207,0.47000000,1.30685488,33,91,7,71,57,45,52,0,0,6,8,58,28,100,100,97,5
train_04175,training_writers,compact_trace,0.54293057,0.32000000,0.58939396,0,92,49,100,100,95,93,70,93,44,99,18,51,7,0,0,3
train_04176,training_writers,compact_trace,0.50377158,0.32000000,0.63520852,79,89,57,100,65,89,100,91,83,62,59,36,32,13,0,0,9
train_04177,training_writers,compact_trace,0.54395873,0.32000000,0.58827993,32,65,51,100,56,51,35,6,0,0,27,19,63,9,100,16,2
train_04178,training_writers,long_sweep,0.35408090,0.47000000,1.32738025,79,100,42,81,10,54,0,26,24,0,100,5,88,31,8,40,6
train_04179,training_writers,compact_trace,0.52872704,0.32000000,0.60522722,21,61,65,78,100,100,85,83,79,57,77,30,60,6,0,0,1
train_04180,training_writers,compact_trace,0.54423291,0.32000000,0.58798355,100,85,48,67,0,74,32,100,77,92,80,61,77,30,75,0,9
train_04181,training_writers,long_sweep,0.35293734,0.47000000,1.33168114,27,60,73,91,85,100,80,62,76,25,0,9,4,0,100,8,1
train_04182,training_writers,compact_trace,0.53138161,0.32000000,0.60220375,41,79,56,100,89,82,65,55,84,38,100,9,51,0,0,5,3
train_04183,training_writers,compact_trace,0.52734312,0.32000000,0.60681555,100,100,69,89,46,60,27,30,32,0,68,18,40,35,0,18,6
train_04184,training_writers,long_sweep,0.33887587,0.47000000,1.38693853,88,76,52,100,33,78,82,79,93,49,100,12,53,0,0,0,9
train_04185,training_writers,compact_trace,0.50689376,0.32000000,0.63129600,0,71,36,67,73,77,100,100,98,95,86,62,74,30,60,0,1
train_04186,training_writers,compact_trace,0.52778952,0.32000000,0.60630230,17,100,0,72,8,46,67,46,100,54,74,68,64,34,55,0,4
train_04187,training_writers,compact_trace,0.49800855,0.32000000,0.64255925,70,94,98,100,100,79,70,61,75,35,62,12,26,0,0,0,3
train_04188,training_writers,compact_trace,0.50229873,0.32000000,0.63707110,0,100,33,100,67,99,100,94,89,68,67,44,51,17,50,0,7
train_04189,training_writers,compact_trace,0.54689127,0.32000000,0.58512545,35,100,38,79,6,48,67,39,100,63,76,57,34,30,0,0,4
train_04190,training_writers,compact_trace,0.50264054,0.32000000,0.63663786,100,100,69,91,43,72,18,49,0,22,16,0,34,11,3,10,6
train_04191,training_writers,long_sweep,0.33964371,0.47000000,1.38380303,30,82,8,69,36,30,2,0,0,36,14,84,54,100,100,97,5
train_04192,training_writers,long_sweep,0.36121266,0.47000000,1.30117257,51,100,17,77,17,21,63,0,100,42,83,93,29,99,0,52,0
train_04193,training_writers,long_sweep,0.36306319,0.47000000,1.29454049,40,81,5,60,8,2,62,0,100,44,92,99,38,100,0,55,0
train_04194,training_writers,long_sweep,0.34746806,0.47000000,1.35264233,51,88,41,100,10,63,10,20,57,0,100,26,53,42,0,26,6
train_04195,training_writers,long_sweep,0.36901696,0.50000000,1.35495127,81,60,96,100,0,98,49,54,96,11,13,0,33,45,100,86,8
train_04196,training_writers,long_sweep,0.34320184,0.47000000,1.36945654,0,87,49,100,100,90,83,46,77,0,65,4,41,32,97,40,7
train_04197,training_writers,compact_trace,0.51241465,0.32000000,0.62449424,17,100,46,89,40,58,17,34,0,8,33,5,67,4,100,0,2
train_04198,training_writers,long_sweep,0.34678393,0.47000000,1.35531080,0,97,62,100,100,81,81,48,55,17,26,0,10,27,73,33,7
train_04199,training_writers,long_sweep,0.35146125,0.47000000,1.33727402,20,100,79,93,60,94,20,73,55,55,100,29,53,0,0,14,5
train_04200,training_writers,long_sweep,0.33791700,0.47000000,1.39087409,0,95,46,100,87,84,78,44,63,6,42,0,41,37,100,44,7
train_04201,training_writers,long_sweep,0.36788085,0.47000000,1.27758757,77,97,13,85,62,41,100,0,24,11,48,63,72,100,0,76,8
train_04202,training_writers,compact_trace,0.49993923,0.32000000,0.64007780,0,93,32,99,81,100,100,92,84,69,70,46,60,23,59,0,7
train_04203,training_writers,compact_trace,0.51763847,0.32000000,0.61819208,0,85,22,100,53,83,45,55,21,31,15,6,57,1,100,0,2
train_04204,training_writers,long_sweep,0.34834949,0.47000000,1.34921973,0,66,43,100,49,89,19,42,48,10,100,5,38,1,3,0,1
train_04205,training_writers,long_sweep,0.34926358,0.47000000,1.34568853,100,95,52,99,0,100,18,68,70,65,82,28,42,0,1,7,5
train_04206,training_writers,compact_trace,0.51542066,0.32000000,0.62085210,44,82,79,100,100,81,73,56,82,45,80,17,42,0,0,13,3
train_04207,training_writers,long_sweep,0.35125440,0.47000000,1.33806151,12,57,50,84,83,100,66,58,49,16,0,5,39,5,100,0,1
train_04208,training_writers,compact_trace,0.52397930,0.32000000,0.61071115,100,100,81,99,48,74,19,47,0,15,30,0,51,25,8,29,6
train_04209,training_writers,compact_trace,0.54236637,0.32000000,0.59000708,78,100,60,77,100,93,54,84,66,59,86,34,70,9,0,0,9
train_04210,training_writers,long_sweep,0.34763887,0.47000000,1.35197772,4,58,0,22,46,0,99,17,100,54,72,88,20,100,7,66,0
train_04211,training_writers,long_sweep,0.36496876,0.47000000,1.28778146,18,68,50,54,100,19,30,0,24,35,84,68,90,100,0,84,8
train_04212,training_writers,compact_trace,0.53385602,0.32000000,0.59941255,71,100,39,87,11,63,0,37,42,25,100,37,74,24,53,0,4
train_04213,training_writers,long_sweep,0.35333434,0.47000000,1.33018491,49,74,14,40,28,0,78,14,100,56,71,93,18,100,0,64,0
train_04214,training_writers,long_sweep,0.34175112,0.47000000,1.37526980,29,100,0,70,35,48,82,61,100,96,71,65,41,33,16,0,4
train_04215,training_writers,long_sweep,0.34688894,0.47000000,1.35490050,0,100,55,100,100,89,72,57,46,25,33,0,10,32,69,32,7
train_04216,training_writers,long_sweep,0.35361920,0.47000000,1.32911335,68,82,34,100,0,65,8,22,57,0,100,24,88,66,40,92,0
train_04217,training_writers,compact_trace,0.53040100,0.32000000,0.60331711,15,75,38,100,55,68,37,33,3,6,0,3,50,5,100,0,2
train_04218,training_writers,compact_trace,0.51877764,0.32000000,0.61683460,0,27,34,51,70,75,100,100,83,77,68,52,55,26,47,0,1
train_04219,training_writers,long_sweep,0.35722498,0.47000000,1.31569746,17,97,3,55,14,10,66,0,100,37,90,83,39,100,0,66,0
train_04220,training_writers,compact_trace,0.50958780,0.32000000,0.62795852,12,93,0,97,57,100,100,88,94,66,75,43,57,22,40,0,7
train_04221,training_writers,long_sweep,0.35813174,0.47000000,1.31236622,100,68,56,48,0,64,14,100,77,98,90,61,61,25,10,0,9
train_04222,training_writers,compact_trace,0.51830414,0.32000000,0.61739811,0,91,0,100,57,99,100,99,64,78,45,53,37,26,44,0,7
train_04223,training_writers,long_sweep,0.34356236,0.47000000,1.36801948,6,85,55,100,70,81,32,55,68,43,100,20,56,0,0,1,3
train_04224,training_writers,long_sweep,0.34261868,0.47000000,1.37178743,20,97,9,89,0,49,66,47,100,70,75,100,71,50,73,0,4
train_04225,training_writers,compact_trace,0.51666687,0.32000000,0.61935460,14,100,2,73,0,48,50,44,92,48,100,58,76,29,53,0,4
train_04226,training_writers,compact_trace,0.53319680,0.32000000,0.60015364,47,80,57,100,100,90,70,63,93,34,74,5,28,0,0,25,3
train_04227,training_writers,long_sweep,0.35176761,0.47000000,1.33610935,0,81,30,100,100,94,85,68,49,33,30,0,20,40,80,49,7
train_04228,training_writers,compact_trace,0.50537677,0.32000000,0.63319095,0,64,31,79,72,100,100,98,87,74,74,49,72,24,82,0,1
train_04229,training_writers,compact_trace,0.54699403,0.32000000,0.58501553,0,84,48,100,83,77,80,38,75,0,37,12,46,34,100,44,7
train_04230,training_writers,compact_trace,0.52065858,0.32000000,0.61460621,24,86,57,100,55,72,30,47,0,26,31,9,69,1,100,0,2
train_04231,training_writers,compact_trace,0.54379278,0.32000000,0.58845945,0,76,22,100,64,91,54,58,24,32,2,6,51,2,100,0,2
train_04232,training_writers,compact_trace,0.52212820,0.32000000,0.61287630,12,100,0,79,2,48,52,47,100,58,82,67,73,34,66,0,4
train_04233,training_writers,compact_trace,0.54232019,0.32000000,0.59005732,0,89,40,100,64,70,55,27,38,0,15,30,57,36,100,39,7
train_04234,training_writers,compact_trace,0.54089293,0.32000000,0.59161432,39,82,69,100,96,80,60,61,100,44,88,14,43,0,0,10,3
train_04235,training_writers,long_sweep,0.34908075,0.47000000,1.34639334,26,89,13,44,29,1,72,0,100,36,85,79,45,100,0,92,0
train_04236,training_writers,long_sweep,0.36095613,0.47000000,1.30209728,49,49,100,79,54,100,8,68,35,27,0,0,6,35,71,63,8
train_04237,training_writers,compact_trace,0.47870314,0.32000000,0.66847273,100,100,56,92,38,78,25,62,16,47,9,31,3,16,0,0,1
train_04238,training_writers,compact_trace,0.50518730,0.32000000,0.63342844,0,55,40,63,77,79,100,100,91,76,88,50,88,24,94,0,1
train_04239,training_writers,compact_trace,0.51233988,0.32000000,0.62458538,0,82,27,100,35,70,18,40,6,8,41,0,78,1,100,3,2
train_04240,training_writers,long_sweep,0.34789713,0.47000000,1.35097408,68,89,20,86,0,49,22,11,70,0,100,32,94,73,57,100,0
train_04241,training_writers,long_sweep,0.35554220,0.47000000,1.32192465,77,99,43,77,34,36,0,0,23,34,66,68,100,100,39,78,8
train_04242,training_writers,long_sweep,0.36975944,0.47000000,1.27109670,73,98,14,78,19,0,100,41,56,100,0,58,76,85,14,13,0
train_04243,training_writers,compact_trace,0.54672391,0.32000000,0.58530457,72,71,73,100,29,87,66,73,100,54,92,16,48,0,0,9,9
train_04244,training_writers,long_sweep,0.34663221,0.47000000,1.35590399,39,84,17,56,31,11,74,0,100,38,87,81,44,100,0,87,0
train_04245,training_writers,long_sweep,0.35750021,0.47000000,1.31468456,25,100,2,74,5,23,51,0,100,20,98,71,55,99,0,96,0
train_04246,training_writers,long_sweep,0.34586137,0.47000000,1.35892598,100,94,51,83,0,76,40,100,80,96,58,61,29,30,8,0,9
train_04247,training_writers,long_sweep,0.34073472,0.47000000,1.37937219,60,100,28,88,7,59,0,28,33,2,100,0,87,15,22,4,6
train_04248,training_writers,compact_trace,0.52954414,0.32000000,0.60429335,11,35,43,60,83,84,100,100,60,75,31,51,9,25,0,0,1
train_04249,training_writers,long_sweep,0.35036913,0.47000000,1.34144239,53,100,26,69,9,34,18,0,79,2,100,32,38,28,0,1,6
train_04250,training_writers,compact_trace,0.54611250,0.32000000,0.58595985,100,100,67,96,29,67,0,33,15,0,70,1,71,18,19,10,6
train_04251,training_writers,long_sweep,0.35461928,0.47000000,1.32536505,2,61,0,8,41,0,77,31,100,80,67,100,30,69,11,20,0
train_04252,training_writers,compact_trace,0.50454231,0.32000000,0.63423818,0,93,8,100,64,98,100,83,88,62,64,42,42,21,35,0,7
train_04253,training_writers,long_sweep,0.34475784,0.47000000,1.36327573,70,100,17,88,36,66,89,90,88,78,100,42,68,9,0,0,9
train_04254,training_writers,compact_trace,0.54261266,0.32000000,0.58973929,17,100,5,91,0,59,58,51,100,77,60,60,30,30,6,0,4
train_04255,training_writers,long_sweep,0.35311738,0.47000000,1.33100217,38,100,1,70,0,27,40,0,88,17,100,59,66,90,17,76,0
train_04256,training_writers,long_sweep,0.35218199,0.47000000,1.33453731,46,100,1,69,0,33,64,29,100,42,75,84,65,46,62,0,4
train_04257,training_writers,compact_trace,0.53596366,0.32000000,0.59705541,0,42,29,68,63,100,56,84,41,49,31,14,26,0,100,11,1
train_04258,training_writers,long_sweep,0.36460395,0.47000000,1.28906998,0,77,50,100,100,72,40,39,13,0,74,1,23,38,12,77,8
train_04259,training_writers,long_sweep,0.34543903,0.47000000,1.36058742,37,100,0,81,21,53,100,56,92,89,56,64,37,32,18,0,4
train_04260,training_writers,long_sweep,0.36294751,0.47000000,1.29495308,49,73,61,100,0,84,42,42,81,0,26,10,43,56,100,86,8
train_04261,training_writers,long_sweep,0.36602271,0.47000000,1.28407332,49,91,31,63,71,29,11,0,0,32,49,67,100,100,0,83,8
train_04262,training_writers,long_sweep,0.34392447,0.47000000,1.36657913,70,100,27,95,49,70,93,87,90,50,100,9,52,0,0,4,9
train_04263,training_writers,long_sweep,0.35370978,0.47000000,1.32877299,76,85,88,70,27,68,0,100,62,99,100,66,90,25,40,0,9
train_04264,training_writers,compact_trace,0.54080571,0.32000000,0.59170973,38,79,69,100,76,60,46,25,3,2,0,3,50,0,100,1,2
train_04265,training_writers,compact_trace,0.53703035,0.32000000,0.59586949,35,84,60,100,100,87,72,60,97,31,80,3,32,0,0,23,3
train_04266,training_writers,long_sweep,0.34689461,0.47000000,1.35487835,89,100,43,76,0,75,49,99,100,90,84,56,53,24,38,0,9
train_04267,training_writers,compact_trace,0.51100153,0.32000000,0.62622121,0,83,26,100,45,80,27,52,6,27,29,10,65,5,100,0,2
train_04268,training_writers,long_sweep,0.34066667,0.47000000,1.37964775,0,88,41,100,91,91,73,46,50,1,32,0,45,27,100,37,7
train_04269,training_writers,long_sweep,0.36403627,0.47000000,1.29108013,30,90,100,100,65,93,0,76,37,61,100,42,78,12,8,0,5
train_04270,training_writers,compact_trace,0.51585717,0.32000000,0.62032675,12,100,2,79,0,52,63,48,100,70,86,54,80,27,74,0,4
train_04271,training_writers,long_sweep,0.36702631,0.47000000,1.28056216,100,75,49,100,24,61,100,27,91,0,0,18,66,55,93,85,8
train_04272,training_writers,compact_trace,0.53684793,0.32000000,0.59607197,53,92,99,100,100,74,61,53,83,39,95,13,48,0,0,6,3
train_04273,training_writers,long_sweep,0.35770543,0.47000000,1.31393027,24,90,76,71,65,100,30,72,93,72,100,33,61,0,0,18,9
train_04274,training_writers,long_sweep,0.35788579,0.47000000,1.31326811,75,77,41,100,19,68,65,36,59,0,0,5,43,38,100,66,8
train_04275,training_writers,long_sweep,0.35116997,0.47000000,1.33838325,100,100,57,97,21,68,0,37,10,6,78,0,82,23,9,19,6
train_04276,training_writers,compact_trace,0.54086573,0.32000000,0.59164407,37,78,60,100,81,75,63,46,29,24,0,1,50,0,100,4,2
train_04277,training_writers,long_sweep,0.36249000,0.47000000,1.29658750,6,27,47,57,62,100,8,91,48,56,100,25,51,0,0,22,8
train_04278,training_writers,compact_trace,0.51962456,0.32000000,0.61582924,0,21,41,46,73,73,100,100,85,84,73,56,61,28,56,0,1
train_04279,training_writers,long_sweep,0.35887929,0.47000000,1.30963255,34,93,92,100,53,92,0,73,49,61,100,40,86,10,26,0,5
train_04280,training_writers,long_sweep,0.34136660,0.47000000,1.37681893,36,77,77,100,71,76,55,33,43,0,0,14,50,16,100,17,1
train_04281,training_writers,compact_trace,0.53238018,0.32000000,0.60107422,18,100,18,87,0,54,43,32,100,46,98,55,49,32,25,0,4
train_04282,training_writers,long_sweep,0.35184007,0.47000000,1.33583420,50,99,21,80,0,37,25,0,76,16,100,58,79,100,29,95,0
train_04283,training_writers,compact_trace,0.52976452,0.32000000,0.60404196,0,82,38,100,67,79,59,39,41,0,34,16,58,40,100,51,7
train_04284,training_writers,long_sweep,0.34278485,0.47000000,1.37112245,48,100,28,94,14,62,10,29,35,0,100,18,53,31,0,8,6
train_04285,training_writers,long_sweep,0.36460379,0.47000000,1.28907054,36,95,9,55,73,58,54,11,0,0,10,52,29,99,100,100,5
train_04286,training_writers,long_sweep,0.36704448,0.47000000,1.28049876,13,65,73,34,94,0,0,0,27,34,82,65,100,100,27,77,8
train_04287,training_writers,compact_trace,0.52152579,0.32000000,0.61358423,0,0,27,24,51,53,75,81,100,100,92,67,86,34,86,1,1
train_04288,training_writers,long_sweep,0.34951590,0.47000000,1.34471709,100,100,59,90,20,62,0,31,15,0,78,1,78,29,12,21,6
train_04289,training_writers,compact_trace,0.52137664,0.32000000,0.61375976,55,80,68,100,85,77,68,49,100,28,80,2,34,0,0,21,3
train_04290,training_writers,compact_trace,0.54621617,0.32000000,0.58584864,6,74,37,100,66,91,54,53,27,21,0,0,53,0,100,3,2
train_04291,training_writers,long_sweep,0.35527249,0.47000000,1.32292820,74,100,32,78,13,39,15,0,71,6,100,41,47,42,0,16,6
train_04292,training_writers,long_sweep,0.34982874,0.47000000,1.34351453,0,64,49,89,73,100,65,55,62,9,8,2,23,0,100,5,1
train_04293,training_writers,long_sweep,0.35519242,0.47000000,1.32322644,30,90,0,53,1,11,55,0,99,28,100,70,63,100,18,75,0
train_04294,training_writers,compact_trace,0.52117778,0.32000000,0.61399395,0,90,22,100,39,59,37,11,31,0,21,32,60,35,100,39,7
train_04295,training_writers,long_sweep,0.34403164,0.47000000,1.36615343,23,79,0,65,3,19,44,0,88,18,100,62,71,100,26,96,0
train_04296,training_writers,long_sweep,0.35981475,0.47000000,1.30622772,77,97,63,73,91,32,54,0,0,24,49,54,100,86,46,100,8
train_04297,training_writers,long_sweep,0.33925961,0.47000000,1.38536974,35,100,79,98,70,58,40,25,0,0,4,17,53,19,100,2,2
train_04298,training_writers,long_sweep,0.35380189,0.47000000,1.32842706,48,87,13,59,0,10,43,0,84,29,100,77,64,100,26,68,0
train_04299,training_writers,compact_trace,0.54734024,0.32000000,0.58464549,33,70,68,100,68,78,61,36,42,5,0,2,50,2,100,0,1
train_04300,training_writers,long_sweep,0.34460224,0.47000000,1.36389129,90,68,41,64,15,88,68,100,100,78,75,49,40,23,0,0,9
train_04301,training_writers,long_sweep,0.33964365,0.47000000,1.38380329,87,87,44,100,24,74,70,67,100,57,89,12,46,0,0,11,9
train_04302,training_writers,compact_trace,0.52801441,0.32000000,0.60604407,75,100,47,77,17,53,0,28,67,15,100,39,97,25,94,0,4
train_04303,training_writers,compact_trace,0.52066745,0.32000000,0.61459575,24,94,40,100,64,78,36,48,0,23,13,9,63,5,100,0,2
train_04304,training_writers,compact_trace,0.52587521,0.32000000,0.60850938,0,37,39,53,71,76,100,100,88,81,67,53,45,25,17,0,1
train_04305,training_writers,long_sweep,0.34604997,0.47000000,1.35818534,100,100,73,83,32,59,4,33,0,4,66,0,88,18,20,18,6
train_04306,training_writers,compact_trace,0.52700993,0.32000000,0.60719919,16,77,39,100,49,64,28,27,0,0,32,3,68,6,100,3,2
train_04307,training_writers,compact_trace,0.50714438,0.32000000,0.63098402,0,40,37,61,68,85,98,100,100,75,95,50,85,24,80,0,1
train_04308,training_writers,compact_trace,0.52031716,0.32000000,0.61500951,100,99,60,100,53,77,90,94,82,70,66,43,37,20,0,0,9
train_04309,training_writers,long_sweep,0.36559821,0.47000000,1.28556427,69,91,10,95,34,46,50,0,0,23,62,50,100,87,36,100,8
train_04310,training_writers,compact_trace,0.54256862,0.32000000,0.58978715,68,100,55,83,27,56,0,27,14,0,100,2,73,27,52,11,6
train_04311,training_writers,compact_trace,0.54458506,0.32000000,0.58760334,10,87,55,100,71,71,40,38,2,9,0,0,50,8,100,0,2
train_04312,training_writers,compact_trace,0.51555280,0.32000000,0.62069298,100,100,64,87,36,66,14,44,0,20,23,0,57,10,24,20,6
train_04313,training_writers,long_sweep,0.36146226,0.50000000,1.38327029,21,52,0,48,39,50,100,51,68,0,26,29,8,83,85,100,5
train_04314,training_writers,long_sweep,0.36405716,0.47000000,1.29100606,0,71,64,52,100,16,34,0,21,36,69,68,80,100,8,93,8
train_04315,training_writers,long_sweep,0.34730168,0.47000000,1.35329030,17,93,25,64,45,25,5,0,0,42,5,96,53,100,100,100,5
train_04316,training_writers,long_sweep,0.34631542,0.47000000,1.35714431,46,100,55,65,100,90,42,91,75,65,82,53,63,13,0,0,9
train_04317,training_writers,compact_trace,0.51262554,0.32000000,0.62423733,0,45,58,67,94,91,100,100,82,75,67,50,58,25,58,0,1
train_04318,training_writers,compact_trace,0.53016599,0.32000000,0.60358455,28,78,57,100,61,67,33,33,0,7,17,0,59,1,100,0,2
train_04319,training_writers,long_sweep,0.35572944,0.47000000,1.32122886,24,90,46,70,100,91,45,100,0,77,66,73,69,38,45,0,9
train_04320,training_writers,compact_trace,0.52456226,0.32000000,0.61003245,44,72,69,100,100,86,67,61,76,49,77,13,37,0,0,19,3
train_04321,training_writers,long_sweep,0.35545075,0.47000000,1.32226476,35,85,89,100,100,96,36,88,33,54,95,40,60,6,0,0,5
train_04322,training_writers,long_sweep,0.35661120,0.47000000,1.31796195,97,75,60,100,35,68,68,32,49,0,0,22,39,57,100,83,8
train_04323,training_writers,long_sweep,0.35425499,0.47000000,1.32672796,95,69,60,100,35,66,63,28,24,0,0,23,41,56,100,82,8
train_04324,training_writers,long_sweep,0.36149131,0.47000000,1.30016958,44,95,1,72,39,36,38,0,0,24,49,57,100,90,34,100,8
train_04325,training_writers,long_sweep,0.34408745,0.47000000,1.36593184,33,80,67,100,100,76,80,38,42,12,0,6,42,19,87,0,2
train_04326,training_writers,long_sweep,0.35931151,0.47000000,1.30805717,56,76,18,100,0,69,57,37,71,0,12,20,62,55,100,83,8
train_04327,training_writers,long_sweep,0.33886772,0.47000000,1.38697186,2,81,28,100,68,83,67,49,37,23,0,1,48,0,100,1,2
train_04328,training_writers,long_sweep,0.34532032,0.47000000,1.36105516,100,100,54,84,18,58,0,27,24,0,78,1,62,29,6,34,6
train_04329,training_writers,compact_trace,0.53145281,0.32000000,0.60212308,33,77,64,100,100,89,68,62,78,43,86,12,44,0,0,2,3
train_04330,training_writers,compact_trace,0.51946514,0.32000000,0.61601824,100,100,68,81,40,57,20,28,24,0,59,10,36,25,0,14,6
train_04331,training_writers,compact_trace,0.54631701,0.32000000,0.58574050,0,91,40,100,85,91,73,46,62,0,38,3,49,32,100,35,7
train_04332,training_writers,long_sweep,0.35729723,0.47000000,1.31543141,7,89,44,100,100,80,69,40,47,0,91,15,85,35,0,35,7
train_04333,training_writers,compact_trace,0.52539497,0.32000000,0.60906560,5,100,23,86,6,57,0,29,65,30,100,54,89,28,93,0,4
train_04334,training_writers,long_sweep,0.34030583,0.47000000,1.38111063,2,79,48,100,77,83,60,53,100,28,83,0,23,1,0,30,3
train_04335,training_writers,long_sweep,0.35552907,0.47000000,1.32197346,19,97,39,96,0,49,29,35,100,48,98,100,86,52,92,0,4
train_04336,training_writers,long_sweep,0.35667621,0.47000000,1.31772175,55,100,9,78,0,36,29,0,83,17,100,58,79,97,21,89,0
train_04337,training_writers,rising_tail,0.25090762,0.43000000,1.71377815,0,0,31,14,68,33,94,57,100,83,63,100,36,80,82,74,9
train_04338,training_writers,long_sweep,0.35263568,0.47000000,1.33282033,29,100,18,58,29,13,78,0,100,38,82,81,36,98,0,65,0
train_04339,training_writers,compact_trace,0.52474100,0.32000000,0.60982465,0,37,34,55,68,77,100,100,72,77,50,52,30,26,22,0,1
train_04340,training_writers,compact_trace,0.51564711,0.32000000,0.62057945,0,70,19,100,43,77,36,44,13,15,11,15,57,14,100,0,2
train_04341,training_writers,long_sweep,0.36903540,0.47000000,1.27359055,66,94,0,92,38,48,90,5,11,0,36,45,100,84,18,100,8
train_04342,training_writers,long_sweep,0.36315627,0.47000000,1.29420869,67,73,41,100,16,67,73,34,78,0,0,10,35,47,100,77,8
train_04343,training_writers,compact_trace,0.53361629,0.32000000,0.59968184,100,78,45,64,0,72,22,100,54,90,63,59,61,29,64,0,9
train_04344,training_writers,long_sweep,0.36487984,0.50000000,1.37031414,76,56,75,100,0,90,35,53,95,21,47,0,57,44,100,85,8
train_04345,training_writers,long_sweep,0.34650391,0.47000000,1.35640606,49,100,31,65,0,29,50,31,100,33,87,71,65,35,43,0,4
train_04346,training_writers,rising_tail,0.26539686,0.40000000,1.50717685,9,45,30,10,65,0,95,30,100,72,72,100,32,88,0,61,0
train_04347,training_writers,long_sweep,0.34849032,0.47000000,1.34867448,26,91,0,59,33,44,53,10,15,0,22,51,39,95,100,100,5
train_04348,training_writers,compact_trace,0.50672899,0.32000000,0.63150126,0,71,34,80,88,100,100,93,78,69,66,46,53,23,41,0,1
train_04349,training_writers,compact_trace,0.52961777,0.32000000,0.60420934,100,100,53,98,28,77,34,57,79,53,76,24,39,4,0,0,5
train_04350,training_writers,compact_trace,0.52284036,0.32000000,0.61204150,11,100,0,74,43,56,100,56,88,83,87,55,84,27,87,0,4
train_04351,training_writers,long_sweep,0.36676059,0.47000000,1.28148992,50,93,4,100,38,58,100,17,25,0,0,43,54,87,6,89,8
train_04352,training_writers,compact_trace,0.53437805,0.32000000,0.59882700,24,78,37,100,54,62,31,27,0,18,45,10,88,0,100,31,2
train_04353,training_writers,compact_trace,0.54533099,0.32000000,0.58679959,19,100,0,73,18,53,100,63,100,78,62,53,25,27,0,0,4
train_04354,training_writers,compact_trace,0.53890677,0.32000000,0.59379473,15,73,48,100,64,77,38,43,8,11,0,21,48,15,100,0,2
train_04355,training_writers,long_sweep,0.35332858,0.47000000,1.33020657,9,96,72,100,96,77,41,59,57,46,100,23,68,0,0,5,3
train_04356,training_writers,compact_trace,0.51802707,0.32000000,0.61772834,34,91,0,98,42,100,83,94,100,71,86,46,62,23,46,0,7
train_04357,training_writers,compact_trace,0.53396344,0.32000000,0.59929196,44,81,72,100,100,84,74,59,37,38,0,17,7,0,65,3,2
train_04358,training_writers,long_sweep,0.35444796,0.47000000,1.32600565,34,100,16,50,59,40,33,0,0,14,10,70,48,95,100,94,5
train_04359,training_writers,long_sweep,0.34657574,0.47000000,1.35612493,0,97,49,100,100,95,89,60,60,28,30,0,24,36,77,39,7
train_04360,training_writers,long_sweep,0.35257440,0.47000000,1.33305199,0,67,48,99,71,100,74,56,75,10,9,0,19,0,100,3,1
train_04361,training_writers,compact_trace,0.54340719,0.32000000,0.58887701,25,100,95,96,100,70,72,43,55,15,45,0,0,23,43,34,7
train_04362,training_writers,long_sweep,0.35036155,0.47000000,1.34147142,69,65,10,59,0,88,54,100,100,80,94,49,61,22,14,0,9
train_04363,training_writers,rising_tail,0.26606417,0.40000000,1.50339674,6,59,0,24,33,0,74,14,100,46,94,85,53,100,16,79,0
train_04364,training_writers,compact_trace,0.51332904,0.32000000,0.62338184,0,50,38,68,65,93,100,100,88,75,72,50,60,25,45,0,1
train_04365,training_writers,compact_trace,0.54108044,0.32000000,0.59140929,30,59,46,100,49,47,27,5,0,7,33,16,66,0,100,4,2
train_04366,training_writers,compact_trace,0.54730435,0.32000000,0.58468382,20,93,74,100,100,83,78,64,41,46,0,29,11,11,78,0,2
train_04367,training_writers,long_sweep,0.35509753,0.47000000,1.32358004,0,90,60,100,100,83,72,47,40,13,4,0,25,29,92,29,7
train_04368,training_writers,compact_trace,0.50829207,0.32000000,0.62955930,0,49,16,59,52,80,90,100,100,84,82,56,64,28,50,0,1
train_04369,training_writers,long_sweep,0.36121227,0.47000000,1.30117398,44,96,36,64,84,91,26,100,72,58,100,49,67,0,0,18,9
train_04370,training_writers,long_sweep,0.35301922,0.47000000,1.33137228,100,100,43,89,7,61,0,28,31,0,87,8,71,38,11,45,6
train_04371,training_writers,compact_trace,0.52626514,0.32000000,0.60805851,0,8,35,30,68,61,95,92,100,100,81,67,62,34,47,0,1
train_04372,training_writers,long_sweep,0.33973797,0.47000000,1.38341910,36,74,77,100,69,68,50,24,35,0,0,9,50,12,100,18,1
train_04373,training_writers,compact_trace,0.53087080,0.32000000,0.60278320,48,100,21,80,0,50,37,36,100,37,95,61,95,30,96,0,4
train_04374,training_writers,long_sweep,0.35578719,0.47000000,1.32101439,30,97,81,98,43,100,14,65,58,57,100,27,48,0,0,17,5
train_04375,training_writers,compact_trace,0.52104327,0.32000000,0.61415245,100,100,67,92,37,69,13,43,0,14,30,0,51,21,11,20,6
train_04376,training_writers,long_sweep,0.34715601,0.47000000,1.35385815,63,100,28,79,4,51,0,21,37,0,100,9,68,27,7,19,6
train_04377,training_writers,compact_trace,0.51221751,0.32000000,0.62473460,0,41,31,62,64,81,99,100,100,77,84,50,65,24,58,0,1
train_04378,training_writers,long_sweep,0.34263498,0.47000000,1.37172219,0,90,48,100,100,95,82,64,56,32,42,0,17,24,70,26,7
train_04379,training_writers,long_sweep,0.35210913,0.47000000,1.33481346,23,66,82,89,100,100,85,63,79,25,45,0,0,2,77,4,1
train_04380,training_writers,compact_trace,0.50885712,0.32000000,0.62886022,17,100,30,92,17,64,0,37,57,27,89,46,89,28,100,0,4
train_04381,training_writers,compact_trace,0.52782182,0.32000000,0.60626519,43,83,54,100,73,79,51,60,100,49,88,19,42,0,0,10,3
train_04382,training_writers,compact_trace,0.50904274,0.32000000,0.62863091,0,100,27,100,64,99,100,96,78,73,50,47,33,13,36,0,7
train_04383,training_writers,compact_trace,0.54317046,0.32000000,0.58913366,0,58,62,82,78,100,41,75,30,50,32,24,30,2,100,0,1
train_04384,training_writers,long_sweep,0.35333093,0.47000000,1.33019771,0,41,50,71,91,100,74,59,65,16,17,0,27,4,100,5,1
train_04385,training_writers,long_sweep,0.33777583,0.47000000,1.39145540,30,86,46,59,52,18,9,0,0,30,11,74,52,94,100,100,5
train_04386,training_writers,compact_trace,0.52115807,0.32000000,0.61401716,38,100,20,77,0,55,4,31,60,29,100,46,79,23,63,0,4
train_04387,training_writers,compact_trace,0.53268890,0.32000000,0.60072586,52,76,72,100,100,81,71,52,94,35,97,6,48,0,0,5,3
train_04388,training_writers,long_sweep,0.35422476,0.47000000,1.32684120,74,81,46,100,0,74,66,64,97,71,100,34,76,0,6,8,9
train_04389,training_writers,compact_trace,0.53277723,0.32000000,0.60062627,64,100,38,67,2,38,0,28,62,32,100,53,88,34,79,0,4
train_04390,training_writers,long_sweep,0.34604718,0.47000000,1.35819629,4,79,65,100,67,86,67,58,67,29,23,5,0,0,100,5,1
train_04391,training_writers,compact_trace,0.51621044,0.32000000,0.61990222,0,69,43,84,89,100,100,95,74,71,51,47,34,21,16,0,1
train_04392,training_writers,long_sweep,0.34909547,0.47000000,1.34633658,22,94,26,62,64,31,34,0,0,27,5,72,41,100,100,97,5
train_04393,training_writers,long_sweep,0.34445572,0.47000000,1.36447146,11,100,24,67,54,32,39,0,8,29,0,71,43,88,100,90,5
train_04394,training_writers,long_sweep,0.33821492,0.47000000,1.38964893,7,71,42,100,70,71,45,31,5,3,0,10,50,8,100,0,2
train_04395,training_writers,compact_trace,0.54399737,0.32000000,0.58823814,0,95,43,100,89,94,73,51,62,6,47,0,51,35,100,38,7
train_04396,training_writers,compact_trace,0.51566158,0.32000000,0.62056204,68,82,100,100,99,91,68,75,95,48,80,21,41,7,0,0,5
train_04397,training_writers,long_sweep,0.34946727,0.47000000,1.34490419,28,58,25,97,68,100,69,59,44,22,0,0,47,10,100,1,2
train_04398,training_writers,long_sweep,0.35505116,0.47000000,1.32375288,82,100,64,75,16,46,0,13,73,1,100,20,27,27,47,0,6
train_04399,training_writers,long_sweep,0.35467817,0.47000000,1.32514501,0,94,73,100,81,64,56,27,47,0,5,34,19,45,100,45,7
train_04400,training_writers,compact_trace,0.53983998,0.32000000,0.59276824,25,72,59,100,56,90,52,53,41,16,0,0,45,2,100,2,1
train_04401,training_writers,long_sweep,0.34131452,0.47000000,1.37702900,0,66,21,100,50,78,42,33,24,0,9,40,54,55,100,69,7
train_04402,training_writers,long_sweep,0.34139534,0.47000000,1.37670304,89,100,52,90,21,62,0,30,19,2,77,0,100,19,42,19,6
train_04403,training_writers,compact_trace,0.51518980,0.32000000,0.62113031,0,48,26,69,64,89,100,100,80,76,61,51,48,25,56,0,1
train_04404,training_writers,long_sweep,0.35911335,0.47000000,1.30877895,45,36,76,67,100,100,96,74,92,39,86,9,0,0,92,0,1
train_04405,training_writers,long_sweep,0.35898609,0.47000000,1.30924292,43,92,62,70,64,100,3,91,68,75,100,34,67,0,0,8,9
train_04406,training_writers,long_sweep,0.34084385,0.47000000,1.37893057,43,80,65,100,98,88,69,50,29,20,0,12,52,19,100,0,2
train_04407,training_writers,long_sweep,0.34299213,0.47000000,1.37029383,0,90,36,100,53,76,15,51,67,46,100,20,61,0,10,7,3
train_04408,training_writers,long_sweep,0.35471270,0.47000000,1.32501601,100,99,43,100,8,68,38,32,25,0,0,30,41,63,95,86,8
train_04409,training_writers,long_sweep,0.35710104,0.47000000,1.31615411,39,77,0,43,13,2,67,0,96,39,100,84,54,100,5,76,0
train_04410,training_writers,long_sweep,0.36728871,0.50000000,1.36132690,58,56,55,100,0,74,68,42,100,0,19,1,29,45,87,83,8
train_04411,training_writers,long_sweep,0.35928810,0.47000000,1.30814242,13,74,0,44,31,0,86,4,100,55,67,100,18,84,23,30,0
train_04412,training_writers,long_sweep,0.34679701,0.47000000,1.35525965,48,88,100,100,92,63,56,30,16,0,0,15,30,39,91,38,7
train_04413,training_writers,long_sweep,0.35713009,0.47000000,1.31604705,0,77,49,100,100,74,85,37,58,0,93,13,69,48,5,74,8
train_04414,training_writers,long_sweep,0.35424757,0.47000000,1.32675575,11,100,12,69,60,44,38,0,4,29,0,79,35,99,100,99,5
train_04415,training_writers,compact_trace,0.52893659,0.32000000,0.60498745,43,100,12,76,0,47,57,36,100,48,93,64,89,31,88,0,4
train_04416,training_writers,compact_trace,0.54288943,0.32000000,0.58943863,63,88,84,100,93,67,69,34,28,8,0,14,51,19,100,0,2
train_04417,training_writers,compact_trace,0.53179468,0.32000000,0.60173600,0,78,25,100,66,98,87,71,62,40,32,13,58,0,100,3,2
train_04418,training_writers,long_sweep,0.34207087,0.47000000,1.37398430,34,80,65,100,100,80,80,51,41,28,0,7,37,0,95,5,2
train_04419,training_writers,long_sweep,0.34936400,0.47000000,1.34530176,1,66,0,25,39,0,84,8,100,53,75,95,32,100,12,59,0
train_04420,training_writers,long_sweep,0.34425625,0.47000000,1.36526207,65,92,19,70,0,36,6,0,62,1,97,31,100,67,77,100,0
train_04421,training_writers,compact_trace,0.51267153,0.32000000,0.62418133,15,97,35,100,55,78,26,55,0,32,33,14,78,5,100,0,2
train_04422,training_writers,long_sweep,0.34651944,0.47000000,1.35634528,66,100,35,69,23,33,43,0,98,1,100,32,43,37,0,18,6
train_04423,training_writers,long_sweep,0.35565699,0.47000000,1.32149798,0,97,76,100,100,74,62,40,33,6,4,0,11,22,91,24,7
train_04424,training_writers,long_sweep,0.33965944,0.47000000,1.38373895,10,79,21,59,36,16,0,0,2,46,11,94,55,100,100,86,5
train_04425,training_writers,long_sweep,0.34388264,0.47000000,1.36674536,0,97,55,100,100,82,87,48,64,15,41,0,15,32,69,43,7
train_04426,training_writers,long_sweep,0.34125346,0.47000000,1.37727543,0,100,1,58,20,17,58,0,94,19,100,64,69,92,28,90,0
train_04427,training_writers,compact_trace,0.53908029,0.32000000,0.59360360,100,100,70,92,37,65,8,36,1,4,52,0,54,20,0,15,6
train_04428,training_writers,long_sweep,0.36224954,0.47000000,1.29744815,7,72,77,75,76,100,0,81,18,61,100,74,69,40,50,0,9
train_04429,training_writers,long_sweep,0.34161205,0.47000000,1.37582968,11,100,59,98,58,59,42,21,25,0,0,35,49,40,100,41,7
train_04430,training_writers,long_sweep,0.35777716,0.47000000,1.31366686,72,100,25,79,0,37,26,0,79,19,100,62,67,97,22,73,0
train_04431,training_writers,long_sweep,0.33923928,0.47000000,1.38545277,38,95,53,100,19,80,0,59,61,65,100,89,75,47,49,0,4
train_04432,training_writers,compact_trace,0.54682548,0.32000000,0.58519584,14,65,36,100,67,82,50,40,17,6,0,0,50,4,100,2,2
train_04433,training_writers,long_sweep,0.33830631,0.47000000,1.38927354,28,94,42,57,42,18,2,0,0,37,16,78,56,95,100,100,5
train_04434,training_writers,compact_trace,0.53467459,0.32000000,0.59849487,36,70,53,99,100,100,88,68,85,43,91,13,47,0,0,12,3
train_04435,training_writers,compact_trace,0.50793016,0.32000000,0.63000787,51,80,71,100,100,86,79,64,53,44,62,19,41,0,0,1,3
train_04436,training_writers,compact_trace,0.54314686,0.32000000,0.58915926,100,85,59,98,11,100,6,59,34,48,68,23,30,0,0,10,5
train_04437,training_writers,compact_trace,0.53124017,0.32000000,0.60236408,100,72,43,78,0,91,50,100,54,75,40,50,30,25,29,0,9
train_04438,training_writers,long_sweep,0.34215787,0.47000000,1.37363494,41,80,54,100,92,83,76,49,43,19,0,0,43,17,100,2,2
train_04439,training_writers,long_sweep,0.35091058,0.47000000,1.33937256,21,97,0,61,11,14,60,0,100,30,92,78,49,100,23,76,0
train_04440,training_writers,compact_trace,0.50792145,0.32000000,0.63001868,0,41,25,63,60,81,95,100,100,83,88,55,76,27,67,0,1
train_04441,training_writers,compact_trace,0.52824912,0.32000000,0.60577479,57,82,81,100,84,78,57,57,100,51,86,20,47,2,0,0,3
train_04442,training_writers,long_sweep,0.36297658,0.47000000,1.29484939,41,94,71,72,95,33,34,0,0,27,51,63,100,100,41,94,8
train_04443,training_writers,long_sweep,0.36035076,0.47000000,1.30428473,9,97,0,48,22,1,75,0,100,46,87,97,39,100,5,58,0
train_04444,training_writers,long_sweep,0.35750823,0.47000000,1.31465505,0,54,59,54,100,23,45,0,41,34,79,69,65,100,13,75,8
train_04445,training_writers,long_sweep,0.34812180,0.47000000,1.35010217,0,93,57,100,97,75,91,37,82,0,53,16,32,41,100,45,7
train_04446,training_writers,compact_trace,0.53408875,0.32000000,0.59915136,86,88,51,100,44,74,87,95,100,89,70,51,38,14,0,0,9
train_04447,training_writers,long_sweep,0.35975067,0.47000000,1.30646038,95,31,44,2,0,26,11,69,60,100,100,73,84,30,40,0,0
train_04448,training_writers,long_sweep,0.35586868,0.47000000,1.32071191,22,94,0,92,27,100,100,99,68,51,48,0,24,24,94,36,7
train_04449,training_writers,long_sweep,0.35984662,0.47000000,1.30611203,29,83,0,83,41,42,53,0,17,20,50,61,100,100,29,95,8
train_04450,training_writers,long_sweep,0.35037532,0.47000000,1.34141870,100,67,75,100,0,95,17,64,92,72,100,69,92,33,56,0,9
train_04451,training_writers,compact_trace,0.53475721,0.32000000,0.59840241,1,55,7,100,30,92,20,45,0,4,23,0,61,10,100,12,2
train_04452,training_writers,long_sweep,0.36507052,0.47000000,1.28742251,76,81,25,100,35,64,94,31,75,0,0,22,28,58,100,88,8
train_04453,training_writers,compact_trace,0.54196484,0.32000000,0.59044421,50,85,84,100,76,60,48,24,7,0,0,2,50,4,100,4,2
train_04454,training_writers,compact_trace,0.54667479,0.32000000,0.58535716,7,98,0,58,20,18,56,0,91,15,100,58,77,94,40,100,0
train_04455,training_writers,long_sweep,0.34785142,0.47000000,1.35115160,58,100,18,84,0,41,11,0,58,0,100,20,96,61,64,96,0
train_04456,training_writers,long_sweep,0.34821465,0.47000000,1.34974216,31,87,0,59,9,13,51,0,91,25,100,68,64,100,21,94,0
train_04457,training_writers,long_sweep,0.35204684,0.47000000,1.33504962,74,100,26,78,0,48,2,16,56,0,100,20,56,40,9,25,6
train_04458,training_writers,long_sweep,0.34648233,0.47000000,1.35649053,35,74,71,42,100,9,62,0,76,38,89,76,48,100,0,82,8
train_04459,training_writers,long_sweep,0.33869452,0.47000000,1.38768114,84,88,42,100,47,69,100,82,100,58,95,22,54,0,0,13,9
train_04460,training_writers,compact_trace,0.54695748,0.32000000,0.58505461,4,61,18,100,58,88,43,43,5,13,0,17,48,0,100,1,2
train_04461,training_writers,long_sweep,0.35746210,0.47000000,1.31482472,0,95,57,100,100,74,73,35,32,0,5,25,34,46,100,47,7
train_04462,training_writers,compact_trace,0.54263458,0.32000000,0.58971546,0,54,4,100,43,98,36,48,10,6,11,2,56,9,100,0,2
train_04463,training_writers,compact_trace,0.51645114,0.32000000,0.61961331,49,100,79,95,61,63,67,47,100,27,73,4,31,0,0,13,3
train_04464,training_writers,long_sweep,0.34057235,0.47000000,1.38002983,78,100,41,73,0,48,35,37,100,40,83,59,56,30,37,0,4
train_04465,training_writers,long_sweep,0.34527497,0.47000000,1.36123393,84,85,37,100,0,72,58,65,100,93,82,66,65,33,61,0,9
train_04466,training_writers,compact_trace,0.54081051,0.32000000,0.59170447,11,82,45,100,93,91,77,64,82,40,100,14,53,3,0,0,3
train_04467,training_writers,compact_trace,0.49398804,0.32000000,0.64778897,67,63,78,83,100,100,83,80,61,60,33,40,11,20,0,0,1
train_04468,training_writers,long_sweep,0.34264999,0.47000000,1.37166208,63,100,32,73,11,45,0,14,45,0,100,10,68,19,13,10,6
train_04469,training_writers,compact_trace,0.53056104,0.32000000,0.60313512,23,100,22,75,0,44,47,32,100,46,99,68,90,34,86,0,4
train_04470,training_writers,compact_trace,0.54025980,0.32000000,0.59230762,93,97,65,100,65,67,95,98,100,62,82,21,41,0,0,15,9
train_04471,training_writers,long_sweep,0.34780506,0.47000000,1.35133171,42,100,18,67,0,34,2,0,67,8,97,39,100,73,43,88,0
train_04472,training_writers,rising_tail,0.26710091,0.40000000,1.49756137,0,64,2,26,35,0,77,12,100,46,96,85,58,100,19,80,0
train_04473,training_writers,compact_trace,0.51244835,0.32000000,0.62445318,0,49,53,74,95,100,88,94,74,65,72,37,82,9,100,0,1
train_04474,training_writers,long_sweep,0.33980520,0.47000000,1.38314542,100,100,54,84,18,59,0,29,21,1,75,0,92,27,51,48,6
train_04475,training_writers,compact_trace,0.54223710,0.32000000,0.59014775,65,90,97,100,95,73,72,48,39,25,0,5,43,0,100,0,2
train_04476,training_writers,compact_trace,0.51992643,0.32000000,0.61547170,45,92,69,100,69,70,60,44,100,28,78,4,33,0,0,15,3
train_04477,training_writers,compact_trace,0.54689862,0.32000000,0.58511758,38,84,23,100,68,93,41,64,78,52,100,24,60,0,0,1,3
train_04478,training_writers,long_sweep,0.34911852,0.47000000,1.34624770,55,100,27,94,5,56,8,18,59,0,100,23,45,31,0,8,6
train_04479,training_writers,long_sweep,0.34978406,0.47000000,1.34368614,19,100,95,100,100,72,73,43,49,13,33,0,0,25,75,32,7
train_04480,training_writers,compact_trace,0.50479101,0.32000000,0.63392571,0,100,38,97,44,76,47,54,73,37,100,21,74,6,35,0,3
train_04481,training_writers,compact_trace,0.54064168,0.32000000,0.59188926,34,89,64,100,63,56,37,20,0,1,18,23,58,8,100,0,2
train_04482,training_writers,compact_trace,0.52935688,0.32000000,0.60450711,50,100,31,75,0,50,40,40,94,49,100,47,62,25,33,0,4
train_04483,training_writers,compact_trace,0.50969666,0.32000000,0.62782441,0,54,31,65,69,87,100,100,83,75,79,50,81,24,100,0,1
train_04484,training_writers,compact_trace,0.52070558,0.32000000,0.61455074,46,96,60,100,100,90,70,63,64,42,86,16,46,0,0,2,3
train_04485,training_writers,compact_trace,0.49150232,0.32000000,0.65106509,12,100,7,80,0,60,3,39,36,23,86,34,88,20,100,0,4
train_04486,training_writers,long_sweep,0.34337070,0.47000000,1.36878307,31,96,44,76,24,100,41,50,48,7,0,0,49,14,100,23,1
train_04487,training_writers,long_sweep,0.34606170,0.47000000,1.35813933,0,100,58,100,89,88,74,44,61,0,22,22,41,33,100,29,7
train_04488,training_writers,compact_trace,0.50693820,0.32000000,0.63124065,0,87,37,96,98,100,100,87,80,65,63,44,52,22,62,0,7
train_04489,training_writers,long_sweep,0.35655200,0.47000000,1.31818081,36,95,10,59,19,10,66,0,100,37,97,85,48,100,0,81,0
train_04490,training_writers,long_sweep,0.35669415,0.47000000,1.31765546,0,97,73,100,76,73,64,36,62,0,38,15,3,41,100,42,7
train_04491,training_writers,compact_trace,0.52443882,0.32000000,0.61017604,0,78,27,100,42,70,29,33,1,4,14,5,57,0,100,4,2
train_04492,training_writers,long_sweep,0.36938363,0.47000000,1.27238989,59,85,4,100,49,50,94,0,0,24,49,56,100,88,4,90,8
train_04493,training_writers,long_sweep,0.35762449,0.47000000,1.31422767,28,71,68,100,61,63,29,91,82,81,100,34,57,0,0,17,9
train_04494,training_writers,long_sweep,0.36509657,0.47000000,1.28733063,33,77,0,60,75,69,78,26,12,0,15,46,23,93,100,100,5
train_04495,training_writers,long_sweep,0.36171179,0.47000000,1.29937705,24,96,84,99,100,100,25,93,28,57,93,36,73,0,0,1,5
train_04496,training_writers,compact_trace,0.53017417,0.32000000,0.60357523,31,100,12,87,0,55,22,26,72,31,100,60,74,31,60,0,4
train_04497,training_writers,long_sweep,0.34998199,0.47000000,1.34292626,67,96,20,100,21,59,41,20,11,0,0,35,48,65,100,93,8
train_04498,training_writers,long_sweep,0.35456473,0.47000000,1.32556894,0,82,56,100,100,91,71,57,38,24,3,0,5,33,70,36,7
train_04499,training_writers,compact_trace,0.52238808,0.32000000,0.61257140,9,100,0,80,37,67,100,72,100,85,77,57,53,28,36,0,4
train_04500,training_writers,long_sweep,0.36279893,0.47000000,1.29548342,30,96,0,66,11,8,66,0,100,47,79,100,28,81,31,30,0
train_04501,training_writers,long_sweep,0.34057460,0.47000000,1.38002070,26,88,9,63,0,20,36,0,80,18,100,57,76,94,31,100,0
train_04502,training_writers,compact_trace,0.54566800,0.32000000,0.58643717,44,84,80,100,84,73,50,60,100,49,86,16,33,0,0,23,3
train_04503,training_writers,compact_trace,0.53895759,0.32000000,0.59373874,61,100,100,84,84,62,37,53,71,39,87,15,47,0,0,4,3
train_04504,training_writers,compact_trace,0.51541535,0.32000000,0.62085850,29,87,66,100,100,97,74,76,69,52,72,29,38,12,0,0,3
train_04505,training_writers,compact_trace,0.51527659,0.32000000,0.62102569,31,87,59,100,59,69,74,64,100,42,84,11,44,0,0,0,3
train_04506,training_writers,long_sweep,0.36412357,0.50000000,1.37316020,0,33,66,60,100,100,48,78,84,37,52,0,30,32,85,68,8
train_04507,training_writers,long_sweep,0.34399717,0.47000000,1.36629032,52,100,32,83,11,53,0,21,37,0,100,14,48,22,5,1,6
train_04508,training_writers,compact_trace,0.54114777,0.32000000,0.59133571,58,100,12,77,0,59,62,60,100,77,85,59,61,30,36,0,4
train_04509,training_writers,long_sweep,0.34387525,0.47000000,1.36677472,100,100,61,85,25,58,0,28,23,0,77,9,85,39,30,50,6
train_04510,training_writers,compact_trace,0.51834287,0.32000000,0.61735199,9,90,0,100,60,100,100,85,87,63,60,42,31,22,17,0,7
train_04511,training_writers,long_sweep,0.35228747,0.47000000,1.33413771,95,100,16,90,0,62,84,68,100,90,80,59,56,29,58,0,9
train_04512,training_writers,long_sweep,0.35874049,0.47000000,1.31013925,59,100,9,64,0,23,61,17,100,28,73,82,57,60,50,0,4
train_04513,training_writers,compact_trace,0.53286403,0.32000000,0.60052844,25,74,47,100,66,74,41,44,4,20,0,9,49,1,100,0,2
train_04514,training_writers,compact_trace,0.50315002,0.32000000,0.63599322,0,90,15,100,24,67,11,34,2,11,35,5,67,2,100,0,2
train_04515,training_writers,long_sweep,0.34667178,0.47000000,1.35574924,0,97,54,100,100,93,81,55,69,16,56,0,18,32,74,42,7
train_04516,training_writers,long_sweep,0.35293243,0.47000000,1.33169969,53,80,78,100,14,80,55,65,92,64,100,24,50,0,0,20,9
train_04517,training_writers,long_sweep,0.33844233,0.47000000,1.38871519,39,100,16,74,40,57,14,80,32,35,0,7,18,0,100,8,1
train_04518,training_writers,compact_trace,0.52169739,0.32000000,0.61338240,69,80,93,100,93,77,63,55,100,42,79,20,41,7,0,0,3
train_04519,training_writers,compact_trace,0.53542173,0.32000000,0.59765972,50,89,66,100,82,73,50,54,100,48,93,17,47,0,0,3,3
train_04520,training_writers,compact_trace,0.51979745,0.32000000,0.61562442,0,76,28,100,48,75,34,43,11,13,16,0,57,3,100,3,2
train_04521,training_writers,compact_trace,0.54597227,0.32000000,0.58611036,36,66,71,100,62,70,48,23,21,0,0,5,50,8,100,10,1
train_04522,training_writers,compact_trace,0.51560428,0.32000000,0.62063100,0,20,23,43,50,65,76,87,100,100,88,66,77,34,79,0,1
train_04523,training_writers,compact_trace,0.54122744,0.32000000,0.59124866,0,96,50,100,72,69,67,34,64,0,33,25,36,40,100,45,7
train_04524,training_writers,long_sweep,0.34637612,0.47000000,1.35690648,37,55,100,72,94,100,52,75,57,37,57,0,0,2,9,36,8
train_04525,training_writers,compact_trace,0.50303271,0.32000000,0.63614153,11,100,0,78,0,56,39,40,100,50,91,43,75,22,80,0,4
train_04526,training_writers,compact_trace,0.50133913,0.32000000,0.63829050,0,73,48,81,88,100,100,99,94,73,88,48,82,22,91,0,1
train_04527,training_writers,long_sweep,0.35199913,0.47000000,1.33523056,49,100,26,83,0,39,63,43,100,54,74,95,62,47,57,0,4
train_04528,training_writers,compact_trace,0.53284935,0.32000000,0.60054497,0,91,44,100,80,78,75,38,58,0,48,9,52,40,100,40,7
train_04529,training_writers,compact_trace,0.54692738,0.32000000,0.58508682,0,80,34,100,86,100,83,73,51,50,100,37,85,12,36,0,3
train_04530,training_writers,long_sweep,0.35421695,0.47000000,1.32687045,1,97,68,98,39,100,21,63,55,50,100,25,46,0,0,19,5
train_04531,training_writers,long_sweep,0.35598317,0.47000000,1.32028714,55,100,13,73,46,41,50,7,0,0,16,56,48,94,100,86,5
train_04532,training_writers,compact_trace,0.54344907,0.32000000,0.58883163,100,88,79,100,42,74,15,41,27,8,78,0,48,17,0,18,6
train_04533,training_writers,compact_trace,0.53190725,0.32000000,0.60160865,0,72,22,100,51,80,31,49,0,21,4,9,54,13,100,0,2
train_04534,training_writers,compact_trace,0.54713985,0.32000000,0.58485961,0,89,52,100,94,89,77,63,49,40,19,17,40,0,100,3,2
train_04535,training_writers,long_sweep,0.35753219,0.47000000,1.31456695,73,94,26,99,0,57,16,7,64,0,100,36,94,87,48,100,0
train_04536,training_writers,compact_trace,0.52661371,0.32000000,0.60765604,0,74,26,98,64,100,76,71,56,41,30,14,60,1,100,0,2
train_04537,training_writers,long_sweep,0.36095671,0.47000000,1.30209519,29,87,100,100,83,97,10,84,31,63,93,46,66,17,0,0,5
train_04538,training_writers,long_sweep,0.36411940,0.47000000,1.29078540,10,23,56,59,67,100,0,93,44,57,100,25,50,0,16,26,8
train_04539,training_writers,compact_trace,0.52149529,0.32000000,0.61362011,8,63,31,79,90,100,100,92,67,69,33,47,10,23,0,0,1
train_04540,training_writers,long_sweep,0.35666854,0.47000000,1.31775007,2,91,80,100,82,67,57,33,28,0,0,17,13,40,100,44,7
train_04541,training_writers,long_sweep,0.35167859,0.47000000,1.33644757,48,100,32,65,0,26,50,24,100,41,85,86,81,46,76,0,4
train_04542,training_writers,compact_trace,0.54167717,0.32000000,0.59075777,100,86,70,100,45,64,83,64,98,70,96,30,62,1,0,0,9
train_04543,training_writers,long_sweep,0.34308343,0.47000000,1.36992919,2,91,48,100,63,65,51,25,30,0,0,30,50,35,100,35,7
train_04544,training_writers,compact_trace,0.51812775,0.32000000,0.61760830,77,83,74,100,97,81,70,56,100,35,86,10,43,0,0,7,3
train_04545,training_writers,long_sweep,0.36192356,0.47000000,1.29861676,0,69,28,100,100,97,77,55,40,15,86,0,38,33,9,72,8
train_04546,training_writers,compact_trace,0.53460178,0.32000000,0.59857638,96,100,55,79,68,64,100,89,99,57,84,25,46,1,0,0,9
train_04547,training_writers,compact_trace,0.53518607,0.32000000,0.59792289,100,100,62,92,58,59,84,89,93,70,79,30,46,0,0,3,9
train_04548,training_writers,compact_trace,0.52667263,0.32000000,0.60758806,46,76,66,100,100,84,74,58,88,44,95,18,52,0,0,5,3
train_04549,training_writers,compact_trace,0.54030404,0.32000000,0.59225913,25,87,53,100,65,64,38,33,0,19,46,19,87,0,100,31,2
train_04550,training_writers,long_sweep,0.35365203,0.47000000,1.32898998,72,64,54,100,24,73,54,36,45,0,0,19,41,53,100,80,8
train_04551,training_writers,long_sweep,0.34986635,0.47000000,1.34337012,21,81,0,55,7,10,56,0,97,26,100,71,62,100,15,84,0
train_04552,training_writers,long_sweep,0.35909845,0.47000000,1.30883326,72,100,11,75,0,44,87,50,100,68,59,96,49,48,54,0,4
train_04553,training_writers,compact_trace,0.54683179,0.32000000,0.58518909,74,76,31,60,0,76,37,100,85,94,100,60,86,27,54,0,9
train_04554,training_writers,compact_trace,0.51497973,0.32000000,0.62138368,42,100,40,83,5,51,0,47,55,40,100,51,85,38,76,0,4
train_04555,training_writers,compact_trace,0.52115678,0.32000000,0.61401868,72,96,100,100,57,95,31,65,49,51,67,29,39,0,0,3,5
train_04556,training_writers,compact_trace,0.51623540,0.32000000,0.61987226,30,100,15,76,0,48,55,39,96,56,100,55,76,28,58,0,4
train_04557,training_writers,long_sweep,0.36652953,0.47000000,1.28229777,65,66,61,100,13,67,76,34,90,0,0,5,32,44,100,75,8
train_04558,training_writers,long_sweep,0.34882217,0.47000000,1.34739144,0,81,40,100,95,84,96,41,69,0,36,9,38,36,100,39,7
train_04559,training_writers,long_sweep,0.35489245,0.47000000,1.32434488,35,84,0,65,4,21,49,0,95,24,100,67,64,100,5,95,0
train_04560,training_writers,long_sweep,0.35609518,0.47000000,1.31987184,43,89,25,59,76,31,41,0,0,21,6,65,33,100,100,99,5
train_04561,training_writers,compact_trace,0.51963968,0.32000000,0.61581132,0,41,73,63,100,87,86,100,73,75,64,50,64,25,77,0,1
train_04562,training_writers,long_sweep,0.34023687,0.47000000,1.38139057,100,100,55,81,22,56,0,25,25,0,74,12,58,39,8,40,6
train_04563,training_writers,compact_trace,0.51016420,0.32000000,0.62724904,0,52,39,67,80,88,100,100,82,76,69,51,59,25,51,0,1
train_04564,training_writers,long_sweep,0.33987916,0.47000000,1.38284444,100,100,56,80,23,54,0,25,19,0,77,5,70,22,11,16,6
train_04565,training_writers,long_sweep,0.35688014,0.47000000,1.31696878,35,92,12,47,21,0,71,8,100,48,82,94,32,100,0,66,0
train_04566,training_writers,long_sweep,0.36310220,0.47000000,1.29440140,38,71,72,36,81,0,12,11,57,45,100,80,49,100,0,70,8
train_04567,training_writers,compact_trace,0.51045752,0.32000000,0.62688860,3,100,2,84,0,53,29,32,70,45,100,61,88,30,95,0,4
train_04568,training_writers,long_sweep,0.34262739,0.47000000,1.37175257,15,77,42,100,76,87,41,62,93,56,100,29,58,7,0,0,3
train_04569,training_writers,compact_trace,0.51100722,0.32000000,0.62621425,100,100,0,86,0,72,0,57,0,43,0,28,50,14,50,0,1
train_04570,training_writers,compact_trace,0.54082395,0.32000000,0.59168978,0,84,51,100,70,69,56,34,37,0,24,7,31,32,100,34,7
train_04571,training_writers,compact_trace,0.53099831,0.32000000,0.60263846,0,83,35,100,73,89,70,45,67,0,46,10,57,32,100,33,7
train_04572,training_writers,compact_trace,0.49899892,0.32000000,0.64128395,0,62,47,79,92,100,100,92,98,68,96,45,92,21,92,0,1
train_04573,training_writers,long_sweep,0.35347366,0.47000000,1.32966062,26,86,20,43,37,0,87,12,100,56,74,95,22,100,0,60,0
train_04574,training_writers,long_sweep,0.34380112,0.47000000,1.36706944,34,90,35,62,51,24,8,0,0,40,1,82,46,100,100,99,5
train_04575,training_writers,compact_trace,0.50405342,0.32000000,0.63485334,0,69,60,82,100,100,90,79,81,58,69,37,67,16,69,0,1
train_04576,training_writers,long_sweep,0.36188681,0.47000000,1.29874862,32,100,0,58,5,7,60,0,100,38,85,85,27,86,5,42,0
train_04577,training_writers,long_sweep,0.35152697,0.47000000,1.33702401,56,66,100,94,44,100,35,64,63,29,37,0,0,22,42,54,8
train_04578,training_writers,long_sweep,0.33931500,0.47000000,1.38514358,57,70,81,100,72,71,60,35,50,0,0,4,49,6,100,9,1
train_04579,training_writers,compact_trace,0.51531400,0.32000000,0.62098061,18,100,8,81,0,51,56,40,100,60,87,61,85,30,88,0,4
train_04580,training_writers,long_sweep,0.35793909,0.47000000,1.31307258,72,97,23,80,0,37,22,0,76,18,100,61,79,100,24,93,0
train_04581,training_writers,compact_trace,0.52002600,0.32000000,0.61535385,0,51,21,56,62,78,100,100,77,79,52,53,32,26,24,0,1
train_04582,training_writers,compact_trace,0.52141895,0.32000000,0.61370995,12,54,58,77,100,100,83,92,67,69,42,45,21,21,0,0,1
train_04583,training_writers,long_sweep,0.35719573,0.47000000,1.31580520,70,97,28,78,65,53,57,9,0,0,13,42,51,86,100,100,5
train_04584,training_writers,compact_trace,0.54273515,0.32000000,0.58960618,0,87,44,100,90,89,73,64,83,37,100,9,56,0,6,1,3
train_04585,training_writers,long_sweep,0.34270200,0.47000000,1.37145392,0,93,57,100,100,84,89,45,82,5,63,0,39,26,100,35,7
train_04586,training_writers,compact_trace,0.54552042,0.32000000,0.58659583,100,100,55,94,19,70,0,36,12,3,57,0,66,30,20,35,6
train_04587,training_writers,long_sweep,0.35978090,0.47000000,1.30635060,80,100,29,84,0,47,7,8,79,7,100,41,30,35,20,0,6
train_04588,training_writers,long_sweep,0.35619233,0.47000000,1.31951184,43,75,0,60,11,13,60,0,100,28,85,76,41,100,1,73,0
train_04589,training_writers,compact_trace,0.53581848,0.32000000,0.59721718,28,87,70,100,68,68,40,39,5,13,0,9,51,8,100,0,2
train_04590,training_writers,long_sweep,0.34992104,0.47000000,1.34316014,49,76,47,93,100,100,88,57,48,24,0,0,43,11,97,0,2
train_04591,training_writers,long_sweep,0.36311418,0.47000000,1.29435871,79,87,32,63,85,32,73,0,0,12,42,44,100,75,70,100,8
train_04592,training_writers,long_sweep,0.35418920,0.47000000,1.32697439,86,100,39,87,12,57,0,26,31,0,100,8,61,21,2,6,6
train_04593,training_writers,compact_trace,0.52450407,0.32000000,0.61010013,23,98,53,100,57,63,29,35,0,9,25,0,62,3,100,3,2
train_04594,training_writers,compact_trace,0.53481722,0.32000000,0.59833526,8,70,25,100,50,72,42,34,10,5,0,9,50,5,100,0,2
train_04595,training_writers,long_sweep,0.34879347,0.47000000,1.34750228,86,89,48,100,27,61,77,63,100,85,87,43,61,5,0,0,9
train_04596,training_writers,compact_trace,0.53257035,0.32000000,0.60085958,35,64,64,100,66,85,59,38,100,6,86,6,23,4,0,0,1
train_04597,training_writers,long_sweep,0.34294018,0.47000000,1.37050142,100,100,61,84,24,57,0,26,25,0,80,13,62,40,13,33,6
train_04598,training_writers,compact_trace,0.54455389,0.32000000,0.58763698,0,72,18,100,68,98,63,73,89,41,100,5,53,0,6,12,3
train_04599,training_writers,long_sweep,0.34433260,0.47000000,1.36495933,23,59,26,100,64,98,58,57,33,20,0,0,50,10,100,5,2
train_04600,training_writers,long_sweep,0.36570773,0.47000000,1.28517928,7,61,75,35,72,0,0,7,42,41,100,72,79,100,14,75,8
train_04601,training_writers,compact_trace,0.54639166,0.32000000,0.58566047,81,99,44,100,43,78,93,94,100,62,98,24,58,0,0,5,9
train_04602,training_writers,long_sweep,0.36461015,0.47000000,1.28904803,97,100,54,83,0,48,3,10,84,0,100,39,14,51,8,18,6
train_04603,training_writers,long_sweep,0.36444373,0.47000000,1.28963668,30,68,63,39,77,0,0,6,44,41,100,75,63,100,9,69,8
train_04604,training_writers,long_sweep,0.36421301,0.47000000,1.29045361,18,93,94,100,100,100,20,94,3,64,77,50,77,11,0,0,5
train_04605,training_writers,long_sweep,0.35413024,0.47000000,1.32719531,16,68,0,37,28,0,80,23,100,67,69,100,16,78,3,35,0
train_04606,training_writers,compact_trace,0.54724842,0.32000000,0.58474358,0,79,26,100,55,76,37,31,16,0,11,40,55,52,100,62,7
train_04607,training_writers,long_sweep,0.34217583,0.47000000,1.37356283,49,100,17,71,0,39,11,7,66,0,100,24,48,33,21,8,6
train_04608,training_writers,compact_trace,0.49939946,0.32000000,0.64076962,0,71,42,81,85,100,100,92,92,67,80,43,74,17,77,0,1
train_04609,training_writers,long_sweep,0.33846974,0.47000000,1.38860272,89,81,66,100,51,69,97,88,96,60,100,14,51,0,0,12,9
train_04610,training_writers,compact_trace,0.53067880,0.32000000,0.60300129,27,100,14,76,0,44,41,33,94,35,100,63,76,34,76,0,4
train_04611,training_writers,compact_trace,0.54409011,0.32000000,0.58813787,60,88,89,100,93,70,71,39,40,12,0,0,48,0,100,1,2
train_04612,training_writers,compact_trace,0.53612477,0.32000000,0.59687599,0,92,38,100,87,93,70,71,72,47,100,22,64,3,15,0,3
train_04613,training_writers,long_sweep,0.34666831,0.47000000,1.35576282,29,88,67,100,81,73,40,51,98,47,100,14,46,0,0,11,3
train_04614,training_writers,long_sweep,0.36334560,0.47000000,1.29353431,25,90,0,48,13,0,79,13,100,61,60,100,3,73,10,29,0
train_04615,training_writers,compact_trace,0.51308742,0.32000000,0.62367539,60,100,45,92,21,63,0,33,38,26,86,40,100,30,91,0,4
train_04616,training_writers,long_sweep,0.35073138,0.47000000,1.34005687,0,92,40,100,100,99,84,65,48,33,13,0,12,26,74,28,7
train_04617,training_writers,long_sweep,0.34841619,0.47000000,1.34896142,81,96,39,100,13,71,13,39,76,44,100,16,44,0,0,6,5
train_04618,training_writers,compact_trace,0.50576293,0.32000000,0.63270750,0,82,32,75,70,88,100,100,89,75,75,50,61,25,54,0,1
train_04619,training_writers,compact_trace,0.54345447,0.32000000,0.58882578,14,86,52,100,60,76,41,55,100,52,98,27,60,8,0,0,3
train_04620,training_writers,long_sweep,0.34092187,0.47000000,1.37861498,0,77,38,58,75,30,72,0,45,28,21,60,36,91,100,100,5
train_04621,training_writers,long_sweep,0.35340958,0.47000000,1.32990168,39,93,0,64,4,15,46,0,86,27,100,73,62,100,18,86,0
train_04622,training_writers,compact_trace,0.53822667,0.32000000,0.59454504,58,100,35,74,0,42,33,40,96,42,100,66,88,36,94,0,4
train_04623,training_writers,compact_trace,0.54666622,0.32000000,0.58536634,19,68,32,100,68,79,59,39,25,10,0,4,50,4,100,0,2
train_04624,training_writers,compact_trace,0.54202231,0.32000000,0.59038160,1,72,34,100,60,84,43,46,13,13,0,0,54,2,100,4,2
train_04625,training_writers,compact_trace,0.50926163,0.32000000,0.62836071,0,89,34,100,61,85,52,60,66,37,100,21,86,4,44,0,3
train_04626,training_writers,long_sweep,0.36040163,0.47000000,1.30410065,64,83,16,87,11,43,0,0,5,33,54,68,100,100,25,90,8
train_04627,training_writers,compact_trace,0.54645400,0.32000000,0.58559366,31,76,62,100,89,82,61,52,24,26,0,10,50,7,100,0,2
train_04628,training_writers,long_sweep,0.33826220,0.47000000,1.38945469,51,63,59,100,79,70,56,31,20,0,0,6,47,24,100,19,2
train_04629,training_writers,long_sweep,0.34777888,0.47000000,1.35143341,29,83,45,100,88,78,41,53,86,44,100,12,36,0,0,24,3
train_04630,training_writers,long_sweep,0.35749926,0.47000000,1.31468802,61,79,100,100,50,99,0,72,54,75,93,83,60,42,33,0,9
train_04631,training_writers,rising_tail,0.25874841,0.40000000,1.54590323,21,78,0,49,26,15,58,0,90,5,100,52,76,89,44,100,0
train_04632,training_writers,compact_trace,0.49969064,0.32000000,0.64039623,0,71,51,83,92,100,100,90,88,67,81,45,77,22,83,0,1
train_04633,training_writers,compact_trace,0.53385025,0.32000000,0.59941904,44,74,53,100,50,73,46,42,44,10,0,0,35,5,100,7,1
train_04634,training_writers,compact_trace,0.53681128,0.32000000,0.59611266,0,76,24,100,58,95,53,58,31,26,9,1,54,1,100,0,2
train_04635,training_writers,long_sweep,0.34304939,0.47000000,1.37006512,90,100,53,76,29,46,26,13,67,0,100,24,51,37,0,28,6
train_04636,training_writers,long_sweep,0.36807544,0.47000000,1.27691214,85,100,19,76,100,62,47,97,26,50,0,18,81,0,48,43,8
train_04637,training_writers,compact_trace,0.52249800,0.32000000,0.61244254,8,44,0,66,50,89,100,100,83,75,61,50,56,25,61,0,1
train_04638,training_writers,compact_trace,0.54716179,0.32000000,0.58483616,0,82,38,100,79,84,46,56,60,38,100,18,56,0,12,6,3
train_04639,training_writers,compact_trace,0.54767247,0.32000000,0.58429083,100,94,66,100,24,86,19,51,65,40,90,14,48,0,0,3,5
train_04640,training_writers,compact_trace,0.52007049,0.32000000,0.61530120,29,100,21,76,0,47,6,32,79,35,100,58,99,28,93,0,4
train_04641,training_writers,long_sweep,0.34585257,0.47000000,1.35896055,71,100,34,74,11,42,24,9,76,0,100,22,45,24,0,6,6
train_04642,training_writers,compact_trace,0.54689505,0.32000000,0.58512140,0,89,50,100,85,78,70,39,56,0,30,13,43,35,100,45,7
train_04643,training_writers,long_sweep,0.34378204,0.47000000,1.36714529,0,100,68,94,95,77,67,47,41,15,29,0,28,30,100,33,7
train_04644,training_writers,long_sweep,0.35910497,0.47000000,1.30880950,59,79,40,99,0,62,1,14,59,0,100,35,80,80,21,100,0
train_04645,training_writers,compact_trace,0.54102832,0.32000000,0.59146626,0,78,28,100,79,82,63,48,59,48,100,22,55,0,9,8,3
train_04646,training_writers,compact_trace,0.54580075,0.32000000,0.58629454,100,100,52,87,19,61,0,30,12,0,63,4,49,24,0,14,6
train_04647,training_writers,long_sweep,0.35613238,0.47000000,1.31973398,97,82,59,100,18,69,0,22,42,0,93,15,100,60,57,89,0
train_04648,training_writers,compact_trace,0.54432468,0.32000000,0.58788443,100,94,50,100,22,76,30,51,78,44,87,14,48,0,0,5,5
train_04649,training_writers,compact_trace,0.54032843,0.32000000,0.59223240,79,79,66,100,0,91,23,64,91,73,100,62,84,29,85,0,9
train_04650,training_writers,compact_trace,0.50990559,0.32000000,0.62756715,0,57,33,74,79,94,100,100,81,75,65,50,53,25,51,0,1
train_04651,training_writers,long_sweep,0.35038293,0.47000000,1.34138953,25,100,82,99,81,65,51,32,14,0,0,1,14,35,100,42,7
train_04652,training_writers,long_sweep,0.34248838,0.47000000,1.37230934,66,100,38,69,0,40,43,34,100,37,94,63,60,35,41,0,4
train_04653,training_writers,compact_trace,0.53371379,0.32000000,0.59957229,15,94,57,100,59,66,33,35,0,8,7,0,53,2,100,1,2
train_04654,training_writers,compact_trace,0.53670699,0.32000000,0.59622849,100,94,73,100,40,74,13,46,0,12,38,0,67,22,20,28,6
train_04655,training_writers,compact_trace,0.53847251,0.32000000,0.59427361,68,87,73,77,84,100,51,84,98,58,100,16,46,0,0,6,9
train_04656,training_writers,long_sweep,0.35692296,0.47000000,1.31681078,31,74,62,37,55,0,0,17,46,49,100,78,83,100,34,72,8
train_04657,training_writers,long_sweep,0.35156033,0.47000000,1.33689715,59,79,35,73,72,36,35,0,5,24,0,70,32,100,100,97,5
train_04658,training_writers,compact_trace,0.53461606,0.32000000,0.59856039,0,65,47,78,80,100,73,61,71,22,42,0,46,6,100,2,1
train_04659,training_writers,long_sweep,0.35261697,0.47000000,1.33289102,0,82,42,100,100,90,86,62,46,39,1,17,26,1,93,0,2
train_04660,training_writers,long_sweep,0.35107186,0.47000000,1.33875726,0,84,47,100,100,88,82,61,47,38,5,16,28,0,98,1,2
train_04661,training_writers,long_sweep,0.34858156,0.47000000,1.34832145,33,87,17,78,58,42,46,0,0,12,15,61,42,94,100,100,5
train_04662,training_writers,long_sweep,0.35667832,0.47000000,1.31771397,100,100,48,96,15,64,0,31,25,0,95,8,94,38,25,31,6
train_04663,training_writers,long_sweep,0.35488768,0.47000000,1.32436267,73,100,26,78,5,43,13,8,69,0,100,31,44,36,0,9,6
train_04664,training_writers,long_sweep,0.35364884,0.47000000,1.32900197,5,94,66,100,100,76,98,49,71,22,34,0,0,25,78,37,7
train_04665,training_writers,compact_trace,0.53295463,0.32000000,0.60042635,0,54,46,77,100,100,79,80,71,55,65,30,56,5,100,0,1
train_04666,training_writers,long_sweep,0.33883029,0.47000000,1.38712511,0,75,28,100,66,71,55,34,5,12,22,11,80,0,100,32,2
train_04667,training_writers,long_sweep,0.35415662,0.47000000,1.32709645,80,71,59,100,18,73,44,34,50,0,0,20,46,50,100,74,8
train_04668,training_writers,long_sweep,0.34933862,0.47000000,1.34539950,0,94,9,35,42,7,78,0,100,41,73,85,37,100,8,70,0
train_04669,training_writers,long_sweep,0.36303796,0.47000000,1.29463045,68,94,67,75,100,100,39,70,0,42,20,0,97,25,33,65,8
train_04670,training_writers,compact_trace,0.53103393,0.32000000,0.60259803,47,73,61,100,100,83,79,52,96,38,90,6,43,0,0,17,3
train_04671,training_writers,long_sweep,0.34767193,0.47000000,1.35184913,100,100,53,93,14,66,0,32,16,0,73,4,76,36,19,37,6
train_04672,training_writers,long_sweep,0.35097426,0.47000000,1.33912956,40,91,94,100,68,97,31,73,44,40,100,27,60,6,0,0,5
train_04673,training_writers,compact_trace,0.53814873,0.32000000,0.59463116,6,100,12,82,0,50,3,22,100,29,86,48,55,32,67,0,4
train_04674,training_writers,long_sweep,0.34427756,0.47000000,1.36517754,59,100,20,79,0,50,2,20,43,0,100,7,69,22,12,12,6
train_04675,training_writers,compact_trace,0.51266112,0.32000000,0.62419401,0,40,32,59,71,82,100,100,85,75,71,50,64,25,75,0,1
train_04676,training_writers,long_sweep,0.34638452,0.47000000,1.35687359,100,100,55,81,24,50,9,15,54,0,87,24,43,41,0,31,6
train_04677,training_writers,compact_trace,0.51809008,0.32000000,0.61765321,19,100,0,71,2,43,77,39,100,58,98,60,80,30,71,0,4
train_04678,training_writers,compact_trace,0.51541366,0.32000000,0.62086053,0,37,50,49,80,74,100,100,96,76,86,50,70,23,59,0,1
train_04679,training_writers,long_sweep,0.33791807,0.47000000,1.39086970,63,81,92,100,100,70,76,38,43,10,0,0,46,4,97,7,2
train_04680,training_writers,compact_trace,0.52961267,0.32000000,0.60421515,45,100,18,74,0,44,59,35,100,52,95,62,75,32,70,0,4
train_04681,training_writers,long_sweep,0.36434217,0.47000000,1.28999617,5,86,77,100,80,99,0,86,20,63,100,48,81,13,1,0,5
train_04682,training_writers,compact_trace,0.51393698,0.32000000,0.62264444,0,34,16,54,51,77,89,100,86,75,73,50,70,24,100,0,1
train_04683,training_writers,rising_tail,0.26192984,0.43000000,1.64166096,11,66,43,39,40,5,1,0,0,44,22,73,61,88,100,100,5
train_04684,training_writers,compact_trace,0.53676707,0.32000000,0.59616176,23,100,17,69,0,35,34,22,100,22,99,39,56,34,43,0,4
train_04685,training_writers,compact_trace,0.51347267,0.32000000,0.62320746,0,60,49,78,97,100,100,94,92,71,77,47,59,23,33,0,1
train_04686,training_writers,long_sweep,0.35923430,0.47000000,1.30833831,36,97,0,59,9,14,61,0,99,34,100,81,53,100,5,73,0
train_04687,training_writers,long_sweep,0.35039472,0.47000000,1.34134440,77,83,42,100,13,69,62,57,100,74,91,27,53,0,0,9,9
train_04688,training_writers,long_sweep,0.36579826,0.47000000,1.28486123,89,93,31,100,40,50,53,0,0,0,46,41,100,79,36,85,8
train_04689,training_writers,long_sweep,0.34774332,0.47000000,1.35157161,100,84,56,96,2,100,3,58,37,52,78,31,46,0,0,10,5
train_04690,training_writers,compact_trace,0.53514794,0.32000000,0.59796549,100,100,49,88,41,60,83,77,81,67,82,33,55,4,0,0,9
train_04691,training_writers,compact_trace,0.54736301,0.32000000,0.58462116,100,100,56,92,22,66,0,34,8,0,56,0,71,29,25,40,6
train_04692,training_writers,compact_trace,0.52272298,0.32000000,0.61217894,0,82,39,96,88,100,100,82,73,61,67,36,48,14,7,0,3
train_04693,training_writers,long_sweep,0.34262609,0.47000000,1.37175778,30,79,72,100,95,71,59,40,100,31,84,0,27,4,0,27,3
train_04694,training_writers,long_sweep,0.34634015,0.47000000,1.35704739,31,100,2,66,0,27,34,0,78,20,100,58,83,95,33,98,0
train_04695,training_writers,compact_trace,0.54549240,0.32000000,0.58662595,100,82,60,78,31,99,82,100,100,73,77,44,41,20,0,0,9
train_04696,training_writers,compact_trace,0.50770883,0.32000000,0.63028252,0,97,44,99,100,100,94,98,68,75,56,50,52,25,54,0,7
train_04697,training_writers,rising_tail,0.26545879,0.43000000,1.61983708,0,58,44,39,75,9,55,0,25,30,15,63,49,90,100,100,5
train_04698,training_writers,compact_trace,0.52287898,0.32000000,0.61199630,19,56,16,68,61,86,100,100,71,75,42,51,16,26,0,0,1
train_04699,training_writers,long_sweep,0.35560107,0.47000000,1.32170579,78,100,30,74,5,44,0,13,60,0,100,26,48,39,2,15,6
train_04700,training_writers,compact_trace,0.54285801,0.32000000,0.58947275,0,81,38,100,71,82,54,41,33,0,26,14,43,46,100,55,7
train_04701,training_writers,long_sweep,0.34033446,0.47000000,1.38099447,26,88,55,100,86,69,78,31,67,0,100,33,66,45,0,45,7
train_04702,training_writers,long_sweep,0.34418529,0.47000000,1.36554356,29,71,45,100,83,78,68,38,33,7,0,9,52,20,100,0,2
train_04703,training_writers,long_sweep,0.34090519,0.47000000,1.37868244,86,100,33,81,66,67,100,91,99,65,95,33,62,6,0,0,9
train_04704,training_writers,long_sweep,0.34013015,0.47000000,1.38182401,22,100,8,72,0,41,5,10,57,0,100,21,51,33,6,13,6
train_04705,training_writers,long_sweep,0.36328250,0.47000000,1.29375899,67,79,33,62,100,30,71,0,43,32,87,68,93,100,0,79,8
train_04706,training_writers,long_sweep,0.34968450,0.47000000,1.34406873,34,87,51,100,99,84,51,54,100,54,100,18,35,0,0,16,3
train_04707,training_writers,long_sweep,0.33995736,0.47000000,1.38252631,34,69,23,100,65,98,58,63,32,32,0,3,47,0,100,7,2
train_04708,training_writers,long_sweep,0.34819647,0.47000000,1.34981265,32,74,8,39,27,0,73,11,100,48,82,89,37,100,0,74,0
train_04709,training_writers,long_sweep,0.36054703,0.47000000,1.30357475,10,91,20,59,83,56,100,13,40,0,3,42,0,82,60,100,5
train_04710,training_writers,compact_trace,0.54463298,0.32000000,0.58755164,74,47,100,72,82,100,30,94,0,69,41,51,83,32,83,0,9
train_04711,training_writers,long_sweep,0.35748561,0.47000000,1.31473823,29,100,0,61,8,14,59,0,100,33,97,80,48,91,18,53,0
train_04712,training_writers,long_sweep,0.34082000,0.47000000,1.37902704,100,100,72,92,35,64,5,33,0,0,53,3,79,28,24,36,6
train_04713,training_writers,long_sweep,0.35227145,0.47000000,1.33419839,85,100,37,79,13,47,14,14,67,0,100,26,51,40,0,21,6
train_04714,training_writers,compact_trace,0.52174898,0.32000000,0.61332176,61,85,74,100,92,77,65,54,91,38,100,14,54,0,0,4,3
train_04715,training_writers,compact_trace,0.53418204,0.32000000,0.59904672,16,71,20,100,52,81,36,49,5,22,0,2,50,3,100,0,2
train_04716,training_writers,long_sweep,0.34339307,0.47000000,1.36869391,63,100,29,83,10,50,19,16,67,0,100,19,48,31,0,19,6
train_04717,training_writers,long_sweep,0.33805392,0.47000000,1.39031073,63,67,13,77,39,100,96,93,100,67,75,43,40,20,0,0,9
train_04718,training_writers,long_sweep,0.35582254,0.47000000,1.32088317,53,90,90,71,87,100,40,75,100,80,95,39,67,0,0,0,9
train_04719,training_writers,long_sweep,0.35524618,0.47000000,1.32302620,52,100,21,67,29,14,72,0,100,40,80,88,35,97,0,65,0
train_04720,training_writers,compact_trace,0.52491049,0.32000000,0.60962775,49,86,84,100,100,76,74,52,99,30,81,6,38,0,0,11,3
train_04721,training_writers,long_sweep,0.34457066,0.47000000,1.36401630,49,85,49,61,71,25,27,0,8,37,0,79,42,99,100,100,5
train_04722,training_writers,long_sweep,0.36046238,0.47000000,1.30388086,39,91,81,100,70,59,25,81,82,85,100,37,57,0,0,24,9
train_04723,training_writers,compact_trace,0.51536512,0.32000000,0.62091901,0,65,16,93,49,100,65,77,48,45,36,11,66,0,100,1,2
train_04724,training_writers,long_sweep,0.33997281,0.47000000,1.38246351,0,92,45,100,95,92,88,48,77,4,57,0,48,35,100,32,7
train_04725,training_writers,long_sweep,0.34341231,0.47000000,1.36861721,0,95,52,100,100,89,84,57,60,27,35,0,12,29,65,35,7
train_04726,training_writers,compact_trace,0.54623444,0.32000000,0.58582905,0,82,38,100,71,79,40,51,59,41,100,20,64,0,9,5,3
train_04727,training_writers,long_sweep,0.34899663,0.47000000,1.34671786,5,72,32,100,83,92,73,60,44,30,0,6,39,12,100,0,2
train_04728,training_writers,compact_trace,0.54456595,0.32000000,0.58762396,100,100,55,79,22,55,0,27,14,0,61,13,53,39,2,37,6
train_04729,training_writers,long_sweep,0.35087134,0.47000000,1.33952235,78,86,61,100,0,100,7,64,62,51,100,25,63,0,7,5,5
train_04730,training_writers,long_sweep,0.34618520,0.47000000,1.35765480,0,80,44,100,74,70,52,33,20,0,5,30,45,41,100,41,7
train_04731,training_writers,compact_trace,0.50980876,0.32000000,0.62768635,0,95,25,97,79,100,100,92,67,72,46,49,35,25,37,0,7
train_04732,training_writers,rising_tail,0.25320938,0.43000000,1.69819934,0,0,35,8,69,31,93,62,100,100,69,100,57,64,64,26,9
train_04733,training_writers,compact_trace,0.52960944,0.32000000,0.60421883,100,100,72,88,52,60,34,31,32,0,75,4,51,25,0,24,6
train_04734,training_writers,compact_trace,0.52808356,0.32000000,0.60596470,27,82,52,100,62,72,32,45,0,20,11,0,55,2,100,6,2
train_04735,training_writers,long_sweep,0.35618053,0.47000000,1.31955557,56,89,55,63,100,29,53,0,52,33,93,68,82,100,0,84,8
train_04736,training_writers,long_sweep,0.34846903,0.47000000,1.34875686,16,93,32,55,61,19,34,0,1,34,0,76,45,100,100,96,5
train_04737,training_writers,long_sweep,0.36154608,0.47000000,1.29997259,0,100,93,100,100,78,62,40,33,0,13,5,1,39,94,43,7
train_04738,training_writers,long_sweep,0.35680242,0.47000000,1.31725562,40,94,0,65,51,39,51,0,11,15,5,63,35,93,100,100,5
train_04739,training_writers,compact_trace,0.52972774,0.32000000,0.60408391,53,91,75,100,74,69,53,39,22,13,0,11,51,15,100,0,2
train_04740,training_writers,long_sweep,0.35475144,0.47000000,1.32487130,95,100,46,80,13,53,0,25,28,0,100,10,62,32,8,18,6
train_04741,training_writers,compact_trace,0.53459568,0.32000000,0.59858321,0,95,28,100,50,69,43,27,33,0,14,36,57,36,100,41,7
train_04742,training_writers,compact_trace,0.51697039,0.32000000,0.61899096,0,50,42,71,81,95,100,100,74,75,52,50,39,25,39,0,1
train_04743,training_writers,long_sweep,0.36130477,0.47000000,1.30084082,2,91,86,100,98,67,61,33,19,0,0,19,8,43,100,40,7
train_04744,training_writers,long_sweep,0.33917898,0.47000000,1.38569906,100,100,54,80,24,55,0,28,0,0,57,1,61,22,0,15,6
train_04745,training_writers,long_sweep,0.34183804,0.47000000,1.37492013,45,100,42,79,11,45,0,7,62,0,100,23,41,35,33,11,6
train_04746,training_writers,compact_trace,0.53443075,0.32000000,0.59876794,0,61,42,81,100,100,67,80,50,60,25,40,17,20,50,0,1
train_04747,training_writers,compact_trace,0.50200277,0.32000000,0.63744668,0,60,56,77,89,100,89,96,81,72,78,47,78,23,100,0,1
train_04748,training_writers,long_sweep,0.36468469,0.47000000,1.28878456,7,86,22,63,95,54,100,9,30,0,1,46,0,93,75,100,5
train_04749,training_writers,compact_trace,0.54307476,0.32000000,0.58923748,16,94,56,100,76,76,43,52,6,30,0,6,49,1,100,0,2
train_04750,training_writers,long_sweep,0.36232545,0.47000000,1.29717633,9,70,41,100,100,85,68,42,27,2,75,0,45,42,0,80,8
train_04751,training_writers,compact_trace,0.52649177,0.32000000,0.60779677,12,100,0,74,4,42,74,44,100,58,77,65,74,32,65,0,4
train_04752,training_writers,long_sweep,0.36528453,0.47000000,1.28666822,65,81,100,48,88,10,7,0,40,35,97,68,78,100,0,87,8
train_04753,training_writers,long_sweep,0.34131502,0.47000000,1.37702699,0,86,49,96,65,100,53,56,53,11,100,2,53,0,8,9,1
train_04754,training_writers,long_sweep,0.33798359,0.47000000,1.39060005,0,70,36,91,58,100,54,51,46,4,9,0,54,0,100,2,1
train_04755,training_writers,long_sweep,0.35823208,0.47000000,1.31199865,0,90,22,62,79,45,56,0,22,40,4,93,25,99,100,100,5
train_04756,training_writers,compact_trace,0.53841644,0.32000000,0.59433549,0,78,34,100,67,83,66,40,54,0,34,28,62,46,100,63,7
train_04757,training_writers,long_sweep,0.36045144,0.47000000,1.30392044,32,83,12,92,5,41,38,0,100,28,98,76,36,100,0,60,0
train_04758,training_writers,compact_trace,0.51270264,0.32000000,0.62414346,95,100,57,92,83,76,100,88,88,64,68,39,39,18,0,0,9
train_04759,training_writers,long_sweep,0.35873988,0.47000000,1.31014149,18,89,30,62,82,47,73,0,20,11,0,65,43,96,100,100,5
train_04760,training_writers,rising_tail,0.26201003,0.40000000,1.52665910,10,79,18,48,39,17,0,0,3,38,10,71,54,87,100,100,5
train_04761,training_writers,compact_trace,0.54530657,0.32000000,0.58682587,26,100,3,75,0,35,25,3,70,0,100,29,86,66,48,88,0
train_04762,training_writers,compact_trace,0.51850608,0.32000000,0.61715766,0,88,33,100,64,87,47,56,22,31,28,6,64,1,100,0,2
train_04763,training_writers,compact_trace,0.52903302,0.32000000,0.60487718,1,92,38,100,52,72,29,41,0,14,9,0,54,3,100,5,2
train_04764,training_writers,long_sweep,0.35624345,0.47000000,1.31932252,60,63,100,84,55,100,0,78,40,68,98,60,73,28,32,0,9
train_04765,training_writers,long_sweep,0.34906369,0.47000000,1.34645914,72,100,27,81,0,47,6,9,56,0,100,19,63,30,16,14,6
train_04766,training_writers,long_sweep,0.35401582,0.47000000,1.32762427,17,98,80,100,100,67,67,33,26,0,0,7,0,23,89,19,7
train_04767,training_writers,long_sweep,0.35362709,0.47000000,1.32908371,19,78,0,40,9,0,64,6,99,38,100,80,54,100,2,86,0
train_04768,training_writers,long_sweep,0.35823331,0.47000000,1.31199413,13,94,0,51,55,45,34,0,0,16,0,71,39,98,100,100,5
train_04769,training_writers,compact_trace,0.54225529,0.32000000,0.59012794,0,64,16,100,57,89,40,48,2,17,1,18,49,0,100,0,2
train_04770,training_writers,compact_trace,0.51825875,0.32000000,0.61745219,66,96,100,100,89,95,51,89,65,52,72,15,37,0,0,1,5
train_04771,training_writers,compact_trace,0.53902467,0.32000000,0.59366485,0,89,46,100,100,98,84,78,51,58,71,35,50,14,5,0,3
train_04772,training_writers,long_sweep,0.36456884,0.47000000,1.28919412,91,73,55,100,0,73,49,37,83,0,17,7,56,44,100,77,8
train_04773,training_writers,compact_trace,0.53551100,0.32000000,0.59756009,31,72,56,100,70,76,47,45,15,17,0,4,50,0,100,0,2
train_04774,training_writers,long_sweep,0.34760329,0.47000000,1.35211610,96,84,49,76,12,91,74,100,100,75,78,47,45,21,0,0,9
train_04775,training_writers,long_sweep,0.35820301,0.47000000,1.31210511,46,66,100,82,59,100,0,80,41,64,94,56,62,27,24,0,9
train_04776,training_writers,long_sweep,0.35010221,0.47000000,1.34246510,8,86,6,55,60,35,41,0,11,27,0,74,41,89,100,100,5
train_04777,training_writers,compact_trace,0.52653906,0.32000000,0.60774219,58,96,100,100,63,90,37,61,61,54,66,24,36,0,0,11,5
train_04778,training_writers,long_sweep,0.35663606,0.47000000,1.31787010,85,82,16,71,21,100,78,100,88,64,100,28,70,0,0,13,9
train_04779,training_writers,long_sweep,0.34496966,0.47000000,1.36243865,0,93,39,100,90,89,87,45,86,0,41,13,45,36,100,44,7
train_04780,training_writers,long_sweep,0.34870513,0.47000000,1.34784366,51,91,23,71,52,35,13,0,0,30,5,81,43,100,100,95,5
train_04781,training_writers,long_sweep,0.34535574,0.47000000,1.36091555,72,63,21,54,0,80,46,100,95,84,100,50,78,18,34,0,9
train_04782,training_writers,long_sweep,0.36275273,0.47000000,1.29564841,34,55,100,75,86,100,0,90,2,68,86,56,75,27,27,0,9
train_04783,training_writers,long_sweep,0.36089607,0.47000000,1.30231397,31,96,0,55,57,54,64,6,20,0,22,61,39,99,100,100,5
train_04784,training_writers,compact_trace,0.51730583,0.32000000,0.61858958,0,77,45,83,90,100,100,88,82,65,60,42,37,21,10,0,1
train_04785,training_writers,long_sweep,0.34105393,0.47000000,1.37808119,20,90,15,66,37,18,7,0,0,45,15,95,58,100,100,87,5
train_04786,training_writers,compact_trace,0.54609354,0.32000000,0.58598020,18,100,0,76,20,46,75,56,100,90,69,68,43,34,19,0,4
train_04787,training_writers,long_sweep,0.36148908,0.47000000,1.30017760,5,28,50,60,69,100,17,90,60,58,100,24,49,0,0,22,8
train_04788,training_writers,compact_trace,0.54153863,0.32000000,0.59090891,46,100,0,75,14,57,85,57,100,82,74,63,53,31,46,0,4
train_04789,training_writers,compact_trace,0.50394800,0.32000000,0.63498615,0,73,36,77,81,98,100,100,92,75,84,49,78,23,93,0,1
train_04790,training_writers,long_sweep,0.34573189,0.47000000,1.35943489,11,82,59,100,83,74,41,50,67,45,100,20,60,0,0,11,3
train_04791,training_writers,long_sweep,0.36339887,0.47000000,1.29334471,59,99,8,100,24,58,81,28,57,0,0,25,39,64,100,93,8
train_04792,training_writers,compact_trace,0.53500136,0.32000000,0.59812932,62,100,30,75,0,49,52,44,100,49,87,58,66,29,50,0,4
train_04793,training_writers,long_sweep,0.36815240,0.47000000,1.27664521,56,94,21,74,100,89,29,100,0,63,2,0,74,21,20,66,8
train_04794,training_writers,long_sweep,0.36783889,0.47000000,1.27773330,92,100,8,87,54,50,100,15,0,0,5,37,64,73,48,99,8
train_04795,training_writers,compact_trace,0.54071355,0.32000000,0.59181059,31,94,85,100,100,77,78,49,59,21,43,0,0,19,51,25,7
train_04796,training_writers,compact_trace,0.50437442,0.32000000,0.63444931,58,86,82,100,100,80,73,60,84,36,75,16,37,9,0,0,3
train_04797,training_writers,long_sweep,0.36955845,0.47000000,1.27178799,100,94,4,100,2,57,87,19,0,0,7,44,78,87,7,91,8
train_04798,training_writers,long_sweep,0.35420808,0.47000000,1.32690368,17,100,0,56,34,28,100,31,100,66,68,97,68,48,75,0,4
train_04799,training_writers,compact_trace,0.52229894,0.32000000,0.61267595,13,100,15,75,0,45,47,32,100,46,87,61,80,30,80,0,4
train_04800,training_writers,compact_trace,0.50394112,0.32000000,0.63499482,0,86,7,95,64,100,100,87,86,65,66,43,48,22,51,0,7
train_04801,training_writers,compact_trace,0.52857745,0.32000000,0.60539851,68,94,49,100,78,88,42,61,0,37,25,16,79,8,100,0,2
train_04802,training_writers,compact_trace,0.53495063,0.32000000,0.59818604,41,100,30,78,0,45,0,29,82,31,100,59,87,34,73,0,4
train_04803,training_writers,compact_trace,0.54425411,0.32000000,0.58796064,0,97,26,100,68,86,51,40,20,0,15,18,43,42,100,47,7
train_04804,training_writers,compact_trace,0.49098120,0.32000000,0.65175612,0,55,41,76,63,100,69,92,71,68,78,43,88,18,100,0,1
train_04805,training_writers,compact_trace,0.50268234,0.32000000,0.63658492,3,100,0,81,3,55,33,34,84,36,100,50,86,25,97,0,4
train_04806,training_writers,long_sweep,0.33843386,0.47000000,1.38874995,0,88,42,100,74,90,56,44,34,0,26,31,51,55,100,57,7
train_04807,training_writers,compact_trace,0.54533542,0.32000000,0.58679482,5,100,10,71,33,71,33,80,48,37,40,0,0,4,100,6,1
train_04808,training_writers,long_sweep,0.36677706,0.47000000,1.28143239,100,73,56,100,3,72,55,37,80,0,0,3,27,41,95,70,8
train_04809,training_writers,compact_trace,0.53511084,0.32000000,0.59800695,7,85,49,97,97,100,100,77,86,48,88,20,46,7,0,0,3
train_04810,training_writers,long_sweep,0.35247157,0.47000000,1.33344088,50,100,9,73,0,34,24,0,78,19,100,55,77,89,21,78,0
train_04811,training_writers,compact_trace,0.51096872,0.32000000,0.62626143,49,100,18,82,0,61,5,40,53,38,100,43,92,21,93,0,4
train_04812,training_writers,compact_trace,0.54471241,0.32000000,0.58746597,23,75,54,100,62,58,39,18,0,0,14,19,57,5,100,10,2
train_04813,training_writers,compact_trace,0.54230278,0.32000000,0.59007627,42,79,45,100,79,86,60,46,29,12,0,6,50,10,100,0,2
train_04814,training_writers,long_sweep,0.36195920,0.47000000,1.29848889,26,90,75,74,70,100,0,85,83,80,100,52,61,20,9,0,9
train_04815,training_writers,compact_trace,0.52056953,0.32000000,0.61471135,7,69,17,100,30,70,20,33,0,2,25,0,62,2,100,7,2
train_04816,training_writers,compact_trace,0.48811842,0.32000000,0.65557862,65,94,100,100,82,83,71,67,41,50,18,33,6,17,0,0,1
train_04817,training_writers,compact_trace,0.53438824,0.32000000,0.59881558,22,86,62,100,83,81,61,61,100,43,88,14,45,2,0,0,3
train_04818,training_writers,long_sweep,0.36862588,0.47000000,1.27500545,97,98,19,80,100,57,69,100,45,50,0,19,73,0,31,43,8
train_04819,training_writers,long_sweep,0.35278776,0.47000000,1.33224577,50,51,100,74,70,100,0,93,4,69,78,60,90,32,76,0,9
train_04820,training_writers,compact_trace,0.54133747,0.32000000,0.59112848,0,80,38,100,66,71,57,34,38,0,31,31,46,57,100,68,7
train_04821,training_writers,long_sweep,0.34457279,0.47000000,1.36400787,37,95,33,68,55,31,18,0,0,35,2,80,46,100,100,94,5
train_04822,training_writers,long_sweep,0.35528058,0.47000000,1.32289810,78,80,48,100,11,66,0,27,43,0,100,19,42,36,6,18,6
train_04823,training_writers,compact_trace,0.54193949,0.32000000,0.59047182,59,84,83,100,91,70,74,41,38,19,0,0,49,0,100,4,2
train_04824,training_writers,long_sweep,0.34631525,0.47000000,1.35714498,8,72,0,36,26,0,74,3,100,40,85,83,43,100,14,66,0
train_04825,training_writers,compact_trace,0.53758329,0.32000000,0.59525660,15,83,50,100,100,94,79,71,76,48,91,20,50,2,0,0,3
train_04826,training_writers,compact_trace,0.50356495,0.32000000,0.63546917,0,61,26,75,59,86,90,100,100,91,83,61,67,33,62,0,1
train_04827,training_writers,long_sweep,0.35975248,0.47000000,1.30645382,0,88,25,100,100,81,89,48,55,15,26,0,0,31,98,37,7
train_04828,training_writers,long_sweep,0.36347059,0.47000000,1.29308949,5,66,16,100,100,98,69,58,29,20,75,0,21,32,0,71,8
train_04829,training_writers,compact_trace,0.54744984,0.32000000,0.58452844,100,100,62,86,35,55,22,19,55,0,85,27,47,48,0,40,6
train_04830,training_writers,long_sweep,0.36777840,0.50000000,1.35951433,77,57,87,100,0,95,43,55,100,15,40,0,28,45,86,85,8
train_04831,training_writers,long_sweep,0.34473941,0.47000000,1.36334862,7,58,31,100,59,71,41,22,0,0,7,22,54,12,100,0,2
train_04832,training_writers,long_sweep,0.35795463,0.47000000,1.31301555,15,94,58,100,100,70,71,34,31,0,14,30,0,57,91,57,7
train_04833,training_writers,long_sweep,0.34358163,0.47000000,1.36794276,100,100,52,87,17,60,0,29,17,0,71,4,58,29,0,30,6
train_04834,training_writers,compact_trace,0.54209363,0.32000000,0.59030393,54,100,18,75,0,55,60,51,100,71,74,56,46,29,28,0,4
train_04835,training_writers,long_sweep,0.34083239,0.47000000,1.37897690,76,98,35,100,58,73,83,91,100,47,97,4,47,0,0,14,9
train_04836,training_writers,compact_trace,0.53606758,0.32000000,0.59693967,49,74,56,100,76,75,50,37,14,6,0,8,50,9,100,0,2
train_04837,training_writers,long_sweep,0.34258493,0.47000000,1.37192257,78,100,0,92,22,75,100,89,90,80,62,53,38,27,32,0,9
train_04838,training_writers,long_sweep,0.35981905,0.47000000,1.30621212,57,63,100,91,48,100,0,73,55,65,96,60,60,28,13,0,9
train_04839,training_writers,compact_trace,0.52195413,0.32000000,0.61308069,15,92,0,94,56,98,100,100,66,79,46,53,37,27,43,0,7
train_04840,training_writers,compact_trace,0.52994476,0.32000000,0.60383652,7,64,57,80,100,100,87,85,74,59,67,34,52,9,0,0,1
train_04841,training_writers,long_sweep,0.35759749,0.47000000,1.31432690,37,99,0,57,26,28,96,29,100,62,69,100,60,50,59,0,4
train_04842,training_writers,compact_trace,0.50548205,0.32000000,0.63305908,0,38,29,60,60,80,96,100,100,78,96,52,93,26,93,0,1
train_04843,training_writers,long_sweep,0.35083462,0.47000000,1.33966256,44,100,15,65,0,20,35,0,78,25,100,65,65,95,21,75,0
train_04844,training_writers,long_sweep,0.34533040,0.47000000,1.36101541,26,64,22,30,55,0,97,23,100,64,74,100,23,91,0,54,0
train_04845,training_writers,long_sweep,0.34213794,0.47000000,1.37371494,48,75,77,100,100,72,49,52,83,40,93,8,39,0,0,25,3
train_04846,training_writers,long_sweep,0.34413988,0.47000000,1.36572373,0,56,34,75,88,100,77,66,71,31,39,1,24,0,100,1,1
train_04847,training_writers,long_sweep,0.34636614,0.47000000,1.35694557,100,88,52,70,0,62,25,94,76,100,76,63,50,28,31,0,9
train_04848,training_writers,compact_trace,0.54373980,0.32000000,0.58851679,100,63,46,61,0,71,23,100,66,99,73,65,72,32,80,0,9
train_04849,training_writers,compact_trace,0.54268301,0.32000000,0.58966284,31,81,70,98,100,100,58,87,42,58,78,32,42,9,0,0,5
train_04850,training_writers,long_sweep,0.34998030,0.47000000,1.34293274,0,98,67,100,100,72,88,36,72,0,54,0,19,31,87,32,7
train_04851,training_writers,long_sweep,0.34240629,0.47000000,1.37263833,20,88,58,100,89,79,43,57,67,49,100,25,59,2,0,0,3
train_04852,training_writers,compact_trace,0.54565846,0.32000000,0.58644743,9,90,46,100,74,74,62,42,29,18,0,0,49,2,100,1,2
train_04853,training_writers,long_sweep,0.35537833,0.47000000,1.32253423,83,100,41,73,11,42,2,8,59,0,100,25,43,28,0,7,6
train_04854,training_writers,long_sweep,0.33992446,0.47000000,1.38266012,20,76,54,100,88,82,61,53,20,28,0,19,59,21,100,0,2
train_04855,training_writers,compact_trace,0.51220763,0.32000000,0.62474664,17,100,0,75,1,49,67,46,100,61,88,54,89,27,94,0,4
train_04856,training_writers,compact_trace,0.49120043,0.32000000,0.65146523,67,100,67,85,100,71,67,57,33,42,0,28,0,14,0,0,1
train_04857,training_writers,rising_tail,0.25933204,0.40000000,1.54242416,5,81,1,55,29,22,4,0,0,44,16,80,57,95,100,100,5
train_04858,training_writers,compact_trace,0.53252417,0.32000000,0.60091170,46,92,77,100,100,97,56,90,50,55,81,33,41,12,0,0,5
train_04859,training_writers,long_sweep,0.35486367,0.47000000,1.32445229,97,90,67,100,26,71,0,39,4,6,74,0,100,26,27,18,6
train_04860,training_writers,long_sweep,0.36699604,0.47000000,1.28066777,13,69,78,100,100,73,59,36,11,0,87,11,87,45,0,69,8
train_04861,training_writers,compact_trace,0.54677183,0.32000000,0.58525327,36,65,49,100,73,71,58,33,27,1,0,1,50,6,100,0,2
train_04862,training_writers,long_sweep,0.35499761,0.47000000,1.32395257,58,100,17,83,0,41,18,0,75,5,100,45,89,87,34,88,0
train_04863,training_writers,compact_trace,0.52976157,0.32000000,0.60404532,38,75,62,100,56,76,28,50,0,24,4,0,52,1,100,6,2
train_04864,training_writers,long_sweep,0.34735806,0.47000000,1.35307067,32,100,12,93,0,46,22,4,72,0,100,38,85,82,34,92,0
train_04865,training_writers,long_sweep,0.35169550,0.47000000,1.33638331,43,99,21,66,60,32,32,0,0,25,10,75,51,100,100,82,5
train_04866,training_writers,compact_trace,0.51207697,0.32000000,0.62490605,0,66,78,89,100,100,88,75,78,51,72,26,56,3,69,0,1
train_04867,training_writers,long_sweep,0.36135804,0.47000000,1.30064908,40,82,0,48,8,0,65,5,100,45,99,93,45,100,5,64,0
train_04868,training_writers,long_sweep,0.33996627,0.47000000,1.38249010,22,82,17,46,42,10,1,0,0,42,14,82,56,94,100,100,5
train_04869,training_writers,rising_tail,0.26522867,0.40000000,1.50813260,19,82,2,66,0,23,33,0,78,14,100,50,77,86,33,100,0
train_04870,training_writers,compact_trace,0.54421738,0.32000000,0.58800034,51,100,25,74,0,47,57,42,100,46,80,72,70,35,56,0,4
train_04871,training_writers,long_sweep,0.34959972,0.47000000,1.34439467,24,91,82,100,88,95,33,82,51,51,100,32,53,4,0,0,5
train_04872,training_writers,long_sweep,0.36048127,0.47000000,1.30381256,27,95,0,62,59,47,42,0,1,4,5,54,31,95,100,100,5
train_04873,training_writers,long_sweep,0.35548709,0.47000000,1.32212958,22,87,25,55,77,43,53,0,11,18,0,69,38,91,100,100,5
train_04874,training_writers,long_sweep,0.36807660,0.47000000,1.27690813,68,100,11,89,59,45,61,0,0,17,65,55,100,100,18,98,8
train_04875,training_writers,long_sweep,0.35213621,0.47000000,1.33471079,56,100,17,71,0,31,28,0,80,16,100,56,80,93,28,89,0
train_04876,training_writers,compact_trace,0.52026460,0.32000000,0.61507164,39,91,66,100,55,67,31,39,0,19,32,15,66,0,100,1,2
train_04877,training_writers,long_sweep,0.36458913,0.47000000,1.28912235,22,90,5,55,68,52,76,9,4,0,0,43,17,87,100,100,5
train_04878,training_writers,compact_trace,0.50833673,0.32000000,0.62950398,31,63,69,79,100,100,87,85,64,62,43,40,21,17,0,0,1
train_04879,training_writers,long_sweep,0.35884297,0.47000000,1.30976511,87,68,34,60,0,89,59,100,78,64,100,28,82,0,3,8,9
train_04880,training_writers,long_sweep,0.34776851,0.47000000,1.35147373,18,64,42,100,96,86,59,56,78,48,100,14,41,0,0,20,3
train_04881,training_writers,long_sweep,0.34605332,0.47000000,1.35817221,21,66,50,100,82,73,66,32,24,7,0,21,50,12,100,0,2
train_04882,training_writers,compact_trace,0.49851127,0.32000000,0.64191126,0,51,25,74,49,100,49,81,52,54,56,28,68,2,100,0,1
train_04883,training_writers,long_sweep,0.34217498,0.47000000,1.37356626,84,93,26,100,0,71,64,64,100,90,89,64,79,31,78,0,9
train_04884,training_writers,long_sweep,0.35992919,0.47000000,1.30581241,99,81,53,100,0,83,50,67,100,78,99,34,69,0,8,2,9
train_04885,training_writers,long_sweep,0.34973706,0.47000000,1.34386672,63,100,21,81,0,51,7,19,56,0,100,17,54,33,0,19,6
train_04886,training_writers,compact_trace,0.53122873,0.32000000,0.60237705,45,85,80,100,76,72,58,58,100,44,87,13,39,0,0,16,3
train_04887,training_writers,rising_tail,0.26165784,0.43000000,1.64336753,8,70,43,50,44,15,10,0,0,37,12,68,55,86,100,100,5
train_04888,training_writers,compact_trace,0.54432492,0.32000000,0.58788416,13,93,16,100,0,60,54,42,100,43,89,79,59,41,45,0,4
train_04889,training_writers,long_sweep,0.36396164,0.47000000,1.29134490,91,90,59,64,50,16,0,0,21,44,94,73,100,100,11,92,8
train_04890,training_writers,long_sweep,0.35422246,0.47000000,1.32684980,41,91,15,59,25,6,70,0,100,39,78,85,32,100,0,68,0
train_04891,training_writers,long_sweep,0.36754969,0.47000000,1.27873866,59,77,15,63,88,31,47,0,14,26,66,62,100,100,0,99,8
train_04892,training_writers,long_sweep,0.34297670,0.47000000,1.37035549,16,87,53,100,82,82,40,56,75,50,100,20,56,0,0,4,3
train_04893,training_writers,long_sweep,0.35400909,0.47000000,1.32764952,27,50,79,68,100,100,46,85,42,42,51,1,0,0,35,33,8
train_04894,training_writers,compact_trace,0.53521357,0.32000000,0.59789216,0,70,6,98,46,100,76,77,50,46,24,17,58,0,100,1,2
train_04895,training_writers,long_sweep,0.35625241,0.47000000,1.31928932,0,97,62,100,80,76,69,38,62,0,14,18,3,39,100,38,7
train_04896,training_writers,compact_trace,0.50683305,0.32000000,0.63137161,20,100,4,86,0,66,2,46,37,29,100,38,72,20,70,0,4
train_04897,training_writers,long_sweep,0.35111728,0.47000000,1.33858407,68,100,32,95,0,61,35,34,99,28,100,66,63,35,33,0,4
train_04898,training_writers,long_sweep,0.34222981,0.47000000,1.37334619,39,100,0,80,2,49,67,40,100,64,60,63,31,32,14,0,4
train_04899,training_writers,long_sweep,0.34838077,0.47000000,1.34909859,44,89,97,100,76,93,36,67,88,60,100,29,57,6,0,0,5
train_04900,training_writers,compact_trace,0.53429027,0.32000000,0.59892538,50,74,65,100,70,62,40,25,0,0,4,3,52,5,100,8,2
train_04901,training_writers,long_sweep,0.34270816,0.47000000,1.37142927,0,67,8,21,45,0,85,10,100,51,75,89,36,100,7,71,0
train_04902,training_writers,compact_trace,0.52039238,0.32000000,0.61492061,29,76,52,100,100,96,86,70,58,46,55,29,51,5,0,0,3
train_04903,training_writers,long_sweep,0.35133099,0.47000000,1.33776984,53,57,100,80,67,100,0,87,15,66,84,58,77,29,49,0,9
train_04904,training_writers,long_sweep,0.35689161,0.47000000,1.31692646,26,91,19,39,49,0,92,18,100,70,62,100,17,88,0,42,0
train_04905,training_writers,compact_trace,0.54174393,0.32000000,0.59068498,0,81,28,100,44,64,43,24,37,0,5,29,51,40,100,47,7
train_04906,training_writers,long_sweep,0.35944235,0.47000000,1.30758103,22,99,0,54,50,55,56,0,14,2,22,66,48,100,100,96,5
train_04907,training_writers,long_sweep,0.33784531,0.47000000,1.39116923,100,100,70,81,38,56,14,27,32,0,86,7,53,22,0,16,6
train_04908,training_writers,long_sweep,0.36618241,0.47000000,1.28351333,25,88,39,61,92,24,27,0,15,33,77,68,100,100,0,88,8
train_04909,training_writers,compact_trace,0.52164924,0.32000000,0.61343902,0,61,35,82,95,100,100,90,70,68,45,46,22,23,12,0,1
train_04910,training_writers,compact_trace,0.48535419,0.32000000,0.65931233,15,100,6,83,0,63,15,44,58,44,72,37,74,17,100,0,4
train_04911,training_writers,compact_trace,0.50760503,0.32000000,0.63041141,0,43,33,61,69,79,100,100,93,79,83,53,78,26,74,0,1
train_04912,training_writers,compact_trace,0.51329965,0.32000000,0.62341753,60,89,69,100,100,88,69,68,48,47,76,29,40,13,0,0,3
train_04913,training_writers,long_sweep,0.35697150,0.47000000,1.31663170,22,91,10,52,63,40,53,0,0,15,11,62,42,98,100,100,5
train_04914,training_writers,long_sweep,0.35368586,0.47000000,1.32886284,0,87,64,100,100,81,74,48,41,16,3,0,9,27,78,36,7
train_04915,training_writers,long_sweep,0.34822130,0.47000000,1.34971638,86,78,53,100,32,69,56,32,36,0,0,18,49,48,100,77,8
train_04916,training_writers,long_sweep,0.34817317,0.47000000,1.34990297,24,86,3,62,49,32,42,0,0,19,9,61,37,94,100,100,5
train_04917,training_writers,long_sweep,0.35836020,0.47000000,1.31152958,57,92,18,72,42,30,7,0,0,39,50,69,100,99,43,100,8
train_04918,training_writers,long_sweep,0.33777837,0.47000000,1.39144494,0,90,47,100,86,83,66,43,55,0,41,3,40,39,100,36,7
train_04919,training_writers,long_sweep,0.36722917,0.47000000,1.27985476,78,62,60,100,12,65,94,32,100,0,0,14,60,53,72,83,8
train_04920,training_writers,compact_trace,0.54483623,0.32000000,0.58733245,66,86,30,100,45,78,70,88,97,50,100,8,50,0,0,16,9
train_04921,training_writers,compact_trace,0.51225081,0.32000000,0.62469398,0,39,21,57,63,78,100,100,94,82,78,54,65,27,57,0,1
train_04922,training_writers,compact_trace,0.54133229,0.32000000,0.59113415,16,67,35,100,50,70,36,34,15,0,0,21,48,20,100,9,2
train_04923,training_writers,long_sweep,0.34370530,0.47000000,1.36745053,76,100,37,76,8,50,0,21,41,0,100,8,95,29,34,21,6
train_04924,training_writers,long_sweep,0.36601693,0.47000000,1.28409361,22,79,78,63,100,100,20,96,74,76,100,49,87,6,0,0,9
train_04925,training_writers,compact_trace,0.53663179,0.32000000,0.59631205,100,88,62,100,23,85,0,54,4,18,39,0,58,26,18,32,6
train_04926,training_writers,long_sweep,0.34129994,0.47000000,1.37708786,100,89,63,94,14,100,13,65,61,60,78,20,35,0,0,12,5
train_04927,training_writers,compact_trace,0.51718550,0.32000000,0.61873351,0,95,14,100,60,99,100,100,61,86,43,58,33,29,32,0,7
train_04928,training_writers,compact_trace,0.52259793,0.32000000,0.61232543,100,100,64,93,36,67,14,36,11,0,48,4,34,19,0,3,6
train_04929,training_writers,long_sweep,0.33822773,0.47000000,1.38959628,37,100,28,83,10,47,16,11,66,0,100,23,51,35,0,23,6
train_04930,training_writers,long_sweep,0.34935294,0.47000000,1.34534433,36,100,100,99,82,65,60,32,36,0,0,21,25,33,92,34,7
train_04931,training_writers,long_sweep,0.34712410,0.47000000,1.35398262,38,64,8,67,0,20,40,0,85,26,100,69,63,100,21,87,0
train_04932,training_writers,long_sweep,0.35143463,0.47000000,1.33737530,12,73,22,100,72,80,26,54,56,47,100,20,50,0,0,18,3
train_04933,training_writers,long_sweep,0.34258759,0.47000000,1.37191191,42,67,69,100,79,59,47,22,2,0,0,16,50,24,100,19,2
train_04934,training_writers,compact_trace,0.51972020,0.32000000,0.61571591,100,100,62,98,28,83,48,57,78,35,67,11,29,4,0,0,5
train_04935,training_writers,long_sweep,0.35054093,0.47000000,1.34078492,27,95,39,62,75,32,39,0,0,19,12,65,45,97,100,100,5
train_04936,training_writers,long_sweep,0.34130966,0.47000000,1.37704864,0,69,38,86,62,100,52,53,57,5,100,3,51,3,11,0,1
train_04937,training_writers,long_sweep,0.34750016,0.47000000,1.35251736,68,100,44,64,0,36,42,38,100,41,86,73,59,38,52,0,4
train_04938,training_writers,compact_trace,0.54368348,0.32000000,0.58857775,0,92,50,100,78,74,61,37,43,0,24,26,44,37,100,37,7
train_04939,training_writers,long_sweep,0.33913274,0.47000000,1.38588803,28,72,60,100,88,73,56,37,9,14,0,14,52,0,100,5,2
train_04940,training_writers,long_sweep,0.34857850,0.47000000,1.34833332,72,100,22,84,0,54,5,21,50,0,100,15,75,42,21,34,6
train_04941,training_writers,compact_trace,0.53557794,0.32000000,0.59748540,100,79,84,100,45,87,95,95,99,72,67,40,33,10,0,0,9
train_04942,training_writers,long_sweep,0.35510697,0.47000000,1.32354485,93,100,52,91,23,57,11,20,60,0,100,29,41,30,0,0,6
train_04943,training_writers,compact_trace,0.54495781,0.32000000,0.58720142,54,100,32,67,0,37,28,35,100,37,75,62,62,29,69,0,4
train_04944,training_writers,long_sweep,0.34612569,0.47000000,1.35788825,17,100,79,92,100,76,72,44,49,10,24,0,0,31,71,33,7
train_04945,training_writers,long_sweep,0.34290479,0.47000000,1.37064287,35,93,2,69,0,26,36,0,79,2,100,39,81,77,42,100,0
train_04946,training_writers,compact_trace,0.51776404,0.32000000,0.61804214,59,100,27,80,0,56,11,35,70,35,100,45,88,23,87,0,4
train_04947,training_writers,long_sweep,0.36786853,0.47000000,1.27763036,83,96,20,81,67,41,54,0,0,27,65,62,100,100,15,93,8
train_04948,training_writers,compact_trace,0.50727659,0.32000000,0.63081956,100,100,0,87,0,73,17,58,33,44,33,29,50,15,67,0,1
train_04949,training_writers,compact_trace,0.52605529,0.32000000,0.60830108,62,100,55,95,22,70,0,43,57,37,100,56,85,29,77,0,4
train_04950,training_writers,long_sweep,0.36797298,0.47000000,1.27726769,56,91,35,57,100,97,23,100,50,58,99,88,75,32,0,0,9
train_04951,training_writers,long_sweep,0.34843736,0.47000000,1.34887945,83,63,77,55,100,15,35,0,23,38,70,73,63,100,0,78,8
train_04952,training_writers,long_sweep,0.35225501,0.47000000,1.33426065,84,54,26,47,0,75,40,100,93,90,100,55,70,24,25,0,9
train_04953,training_writers,long_sweep,0.34395429,0.47000000,1.36646065,25,72,0,36,21,0,65,6,99,35,100,80,62,100,25,81,0
train_04954,training_writers,rising_tail,0.26388198,0.40000000,1.51582915,35,83,18,81,0,40,21,4,69,0,100,28,91,71,57,100,0
train_04955,training_writers,compact_trace,0.54653818,0.32000000,0.58550347,0,71,38,95,47,100,49,49,39,4,2,1,53,1,100,0,1
train_04956,training_writers,long_sweep,0.35462750,0.47000000,1.32533432,43,84,36,63,100,38,75,0,33,24,61,66,61,100,0,73,8
train_04957,training_writers,long_sweep,0.35737868,0.47000000,1.31513161,18,100,5,72,45,55,51,5,0,0,8,60,40,99,100,95,5
train_04958,training_writers,long_sweep,0.36491273,0.47000000,1.28797919,82,95,26,90,90,75,52,100,27,81,100,63,67,25,0,0,9
train_04959,training_writers,long_sweep,0.35299834,0.47000000,1.33145100,75,100,31,90,3,59,0,25,39,0,100,14,75,39,11,29,6
train_04960,training_writers,long_sweep,0.34903695,0.47000000,1.34656230,15,87,60,100,95,84,50,66,96,49,100,18,56,0,0,1,3
train_04961,training_writers,long_sweep,0.36885898,0.47000000,1.27419969,90,82,4,94,44,49,62,0,0,7,49,50,100,92,21,100,8
train_04962,training_writers,compact_trace,0.51447639,0.32000000,0.62199161,0,48,14,61,53,81,95,100,100,82,76,56,53,29,39,0,1
train_04963,training_writers,compact_trace,0.52277915,0.32000000,0.61211317,7,55,45,74,86,100,100,96,71,68,41,39,14,9,0,0,1
train_04964,training_writers,long_sweep,0.34185233,0.47000000,1.37486266,100,87,96,100,49,73,11,44,0,10,60,0,73,27,16,27,6
train_04965,training_writers,long_sweep,0.35539849,0.47000000,1.32245921,70,100,25,75,0,34,25,0,73,22,100,62,75,98,23,93,0
train_04966,training_writers,long_sweep,0.36534803,0.47000000,1.28644461,33,86,9,65,75,71,72,25,3,0,0,46,12,93,100,100,5
train_04967,training_writers,long_sweep,0.34113207,0.47000000,1.37776550,70,100,49,72,100,71,64,97,69,69,86,32,54,2,0,0,9
train_04968,training_writers,compact_trace,0.52060172,0.32000000,0.61467335,33,63,69,82,100,100,78,78,71,54,69,29,57,6,0,0,1
train_04969,training_writers,long_sweep,0.36394261,0.47000000,1.29141240,45,59,99,66,100,100,7,94,0,64,96,66,78,37,54,0,9
train_04970,training_writers,compact_trace,0.52138830,0.32000000,0.61374604,37,100,30,87,7,62,0,35,59,29,100,51,78,27,74,0,4
train_04971,training_writers,long_sweep,0.35475069,0.47000000,1.32487408,0,63,36,100,81,93,66,44,30,5,0,0,47,19,100,10,2
train_04972,training_writers,compact_trace,0.53185825,0.32000000,0.60166407,100,94,90,100,45,89,24,59,66,47,85,20,47,3,0,0,5
train_04973,training_writers,compact_trace,0.54281269,0.32000000,0.58952196,0,82,30,100,64,78,50,38,55,0,25,35,46,46,100,44,7
train_04974,training_writers,compact_trace,0.50280093,0.32000000,0.63643478,0,64,43,73,79,91,100,100,92,75,84,49,78,23,74,0,1
train_04975,training_writers,long_sweep,0.34001960,0.47000000,1.38227325,15,80,0,48,45,31,51,0,30,36,13,76,46,100,100,99,5
train_04976,training_writers,long_sweep,0.35095080,0.47000000,1.33921906,36,100,0,61,28,34,98,35,100,71,71,90,66,45,60,0,4
train_04977,training_writers,compact_trace,0.54173672,0.32000000,0.59069284,32,74,61,100,59,82,53,36,35,1,0,0,50,3,100,1,1
train_04978,training_writers,long_sweep,0.34274986,0.47000000,1.37126243,100,100,54,90,22,61,0,31,3,0,58,6,62,35,4,33,6
train_04979,training_writers,long_sweep,0.36450439,0.47000000,1.28942204,62,83,27,69,70,26,47,0,0,34,63,66,100,98,19,100,8
train_04980,training_writers,compact_trace,0.52658681,0.32000000,0.60768707,100,100,73,94,48,66,30,35,35,2,74,0,44,15,0,14,6
train_04981,training_writers,rising_tail,0.24716186,0.43000000,1.73975062,15,55,0,35,15,1,54,0,88,19,100,53,80,85,45,100,0
train_04982,training_writers,compact_trace,0.50825278,0.32000000,0.62960796,0,55,27,75,60,93,100,100,100,74,89,50,75,25,64,0,1
train_04983,training_writers,compact_trace,0.53355398,0.32000000,0.59975187,23,87,57,100,66,72,56,60,98,40,100,8,46,0,0,15,3
train_04984,training_writers,compact_trace,0.51470421,0.32000000,0.62171630,10,86,0,97,50,99,100,100,79,78,63,53,50,26,47,0,7
train_04985,training_writers,compact_trace,0.54556050,0.32000000,0.58655273,42,70,54,100,85,91,63,60,32,33,0,7,47,0,100,2,2
train_04986,training_writers,long_sweep,0.36315347,0.47000000,1.29421865,3,97,39,100,100,79,63,39,27,0,76,7,92,33,0,35,7
train_04987,training_writers,long_sweep,0.35458947,0.47000000,1.32547649,20,82,11,97,93,100,100,76,61,52,11,30,0,7,85,0,2
train_04988,training_writers,compact_trace,0.54481171,0.32000000,0.58735888,52,100,0,83,16,60,85,55,100,72,66,54,43,27,20,0,4
train_04989,training_writers,long_sweep,0.35584288,0.47000000,1.32080765,100,85,73,84,3,63,8,91,82,100,79,65,36,32,0,0,9
train_04990,training_writers,long_sweep,0.35743021,0.47000000,1.31494202,91,100,38,97,6,65,0,28,44,3,100,15,50,24,3,0,6
train_04991,training_writers,long_sweep,0.35671785,0.47000000,1.31756793,46,100,16,86,0,42,100,52,68,79,54,98,56,49,61,0,4
train_04992,training_writers,compact_trace,0.51177324,0.32000000,0.62527692,13,100,17,79,0,52,56,55,100,65,93,53,77,27,73,0,4
train_04993,training_writers,long_sweep,0.35149861,0.47000000,1.33713187,0,100,66,99,86,79,64,40,44,0,9,20,33,44,100,47,7
train_04994,training_writers,long_sweep,0.36291753,0.47000000,1.29506006,96,65,63,100,0,80,35,48,87,74,100,39,75,0,0,2,9
train_04995,training_writers,compact_trace,0.54554905,0.32000000,0.58656504,0,84,43,100,55,78,26,51,70,45,100,20,66,0,14,1,3
train_04996,training_writers,compact_trace,0.51379699,0.32000000,0.62281408,0,38,29,61,63,80,95,100,100,87,81,59,62,29,47,0,1
train_04997,training_writers,long_sweep,0.35352246,0.47000000,1.32947704,0,100,64,98,100,80,55,41,14,0,2,5,20,30,86,36,7
train_04998,training_writers,compact_trace,0.53661046,0.32000000,0.59633575,32,100,0,72,1,39,50,32,100,35,87,59,77,32,58,0,4
train_04999,training_writers,long_sweep,0.36552650,0.47000000,1.28581648,69,97,37,54,57,0,0,4,30,46,100,66,84,100,12,94,8
train_05000,training_writers,compact_trace,0.53720666,0.32000000,0.59567393,60,92,100,100,64,98,32,72,66,60,76,29,40,7,0,0,5
train_05001,training_writers,compact_trace,0.53921665,0.32000000,0.59345349,0,85,38,100,88,94,86,67,64,41,100,21,82,0,30,1,3
train_05002,training_writers,long_sweep,0.36552876,0.47000000,1.28580854,31,84,67,50,68,2,0,0,37,40,100,70,70,100,2,82,8
train_05003,training_writers,long_sweep,0.35205508,0.47000000,1.33501839,65,100,22,75,0,36,22,0,73,8,100,45,84,86,37,99,0
train_05004,training_writers,compact_trace,0.54578093,0.32000000,0.58631584,44,69,70,100,89,75,59,40,19,14,0,13,51,11,100,0,2
train_05005,training_writers,long_sweep,0.34209487,0.47000000,1.37388791,54,92,100,100,56,89,18,66,48,52,82,34,49,8,0,0,5
train_05006,training_writers,long_sweep,0.34370550,0.47000000,1.36744977,27,73,15,37,41,0,81,7,100,50,78,92,37,100,0,77,0
train_05007,training_writers,long_sweep,0.35301935,0.47000000,1.33137179,22,98,2,66,0,17,43,0,85,26,100,73,61,100,12,86,0
train_05008,training_writers,long_sweep,0.34388068,0.47000000,1.36675312,91,95,43,100,25,65,72,59,100,64,92,23,52,0,0,8,9
train_05009,training_writers,compact_trace,0.54628682,0.32000000,0.58577287,46,90,100,99,100,100,46,94,12,69,53,40,50,6,0,0,5
train_05010,training_writers,compact_trace,0.54456880,0.32000000,0.58762088,14,71,29,100,66,76,50,35,11,7,0,15,50,8,100,0,2
train_05011,training_writers,long_sweep,0.34886947,0.47000000,1.34720876,0,95,53,100,81,67,61,24,49,0,7,29,42,42,100,43,7
train_05012,training_writers,long_sweep,0.35192094,0.47000000,1.33552723,64,100,22,69,55,35,16,0,0,16,12,63,42,97,100,96,5
train_05013,training_writers,long_sweep,0.35270681,0.47000000,1.33255154,73,90,24,77,0,39,20,0,73,2,100,40,97,81,52,100,0
train_05014,training_writers,compact_trace,0.53281346,0.32000000,0.60058543,100,100,59,94,55,69,87,93,91,63,76,25,43,1,0,0,9
train_05015,training_writers,long_sweep,0.36891464,0.47000000,1.27400745,76,81,0,82,57,42,91,0,19,17,78,57,100,100,20,84,8
train_05016,training_writers,compact_trace,0.54730254,0.32000000,0.58468576,61,100,21,76,0,44,10,10,60,0,98,23,100,58,79,90,0
train_05017,training_writers,compact_trace,0.52075099,0.32000000,0.61449715,100,98,66,100,30,90,17,60,48,48,64,17,34,0,0,6,5
train_05018,training_writers,long_sweep,0.36267361,0.47000000,1.29593108,16,91,0,49,61,55,54,2,14,0,0,57,33,96,100,100,5
train_05019,training_writers,compact_trace,0.53466438,0.32000000,0.59850630,39,96,63,100,52,43,28,0,0,4,33,15,66,0,100,0,2
train_05020,training_writers,rising_tail,0.26072932,0.43000000,1.64921994,0,63,30,50,64,20,50,0,23,35,16,73,53,96,100,100,5
train_05021,training_writers,compact_trace,0.54309481,0.32000000,0.58921573,0,86,31,100,65,78,59,36,44,0,21,37,54,46,100,55,7
train_05022,training_writers,long_sweep,0.35874454,0.47000000,1.31012447,0,100,3,44,33,0,75,2,100,48,74,95,32,98,12,48,0
train_05023,training_writers,long_sweep,0.36695979,0.47000000,1.28079428,54,82,26,63,100,76,28,100,61,50,0,36,49,0,55,54,8
train_05024,training_writers,long_sweep,0.35122093,0.47000000,1.33818904,100,100,39,93,43,59,70,25,32,0,0,24,34,56,79,84,8
train_05025,training_writers,compact_trace,0.54053764,0.32000000,0.59200318,0,92,46,100,82,76,70,38,50,0,31,10,48,34,100,36,7
train_05026,training_writers,compact_trace,0.51268760,0.32000000,0.62416177,0,50,45,70,80,92,100,100,80,75,59,50,52,25,52,0,1
train_05027,training_writers,long_sweep,0.34907871,0.47000000,1.34640121,38,100,1,75,0,29,36,0,80,14,100,56,79,97,37,94,0
train_05028,training_writers,long_sweep,0.34069438,0.47000000,1.37953554,35,69,55,100,87,81,70,44,34,17,0,4,50,5,100,0,2
train_05029,training_writers,long_sweep,0.35376745,0.47000000,1.32855638,25,80,75,100,92,69,72,35,52,0,100,18,61,48,0,65,8
train_05030,training_writers,long_sweep,0.35543253,0.47000000,1.32233254,77,100,48,60,0,32,50,40,100,49,91,86,70,43,52,0,4
train_05031,training_writers,long_sweep,0.34724530,0.47000000,1.35351004,47,88,98,100,81,93,31,76,61,54,100,31,56,7,0,0,5
train_05032,training_writers,compact_trace,0.52800606,0.32000000,0.60605365,21,100,13,70,0,38,6,17,73,20,100,28,62,32,56,0,4
train_05033,training_writers,long_sweep,0.34582254,0.47000000,1.35907858,0,97,41,100,59,52,45,0,17,9,5,45,52,44,100,39,7
train_05034,training_writers,long_sweep,0.36075947,0.47000000,1.30280709,98,100,31,97,48,60,72,23,16,0,0,30,47,62,100,92,8
train_05035,training_writers,long_sweep,0.36083266,0.47000000,1.30254283,42,63,100,85,54,100,42,62,62,22,0,0,0,27,73,51,8
train_05036,training_writers,long_sweep,0.35269215,0.47000000,1.33260690,89,79,48,100,21,71,51,34,40,0,0,18,49,47,100,77,8
train_05037,training_writers,compact_trace,0.53999497,0.32000000,0.59259811,38,100,0,76,0,47,77,47,100,71,79,64,64,32,56,0,4
train_05038,training_writers,long_sweep,0.34290871,0.47000000,1.37062719,100,100,65,75,36,47,20,17,51,0,96,21,54,34,0,22,6
train_05039,training_writers,compact_trace,0.50974387,0.32000000,0.62776625,0,62,38,79,77,97,100,100,84,75,64,51,52,26,56,0,1
train_05040,training_writers,long_sweep,0.34491104,0.47000000,1.36267023,51,100,17,70,0,32,19,0,69,10,100,42,90,79,45,97,0
train_05041,training_writers,compact_trace,0.51223090,0.32000000,0.62471827,0,96,26,100,76,100,100,99,64,80,47,54,40,26,39,0,7
train_05042,training_writers,compact_trace,0.53418971,0.32000000,0.59903812,33,100,15,85,0,40,13,0,46,3,76,25,100,61,84,95,0
train_05043,training_writers,compact_trace,0.54652572,0.32000000,0.58551682,0,86,40,100,85,89,53,63,53,41,100,26,74,4,22,0,3
train_05044,training_writers,compact_trace,0.53662204,0.32000000,0.59632288,33,100,11,75,0,43,44,24,91,30,100,62,76,33,64,0,4
train_05045,training_writers,compact_trace,0.49994117,0.32000000,0.64007531,0,42,21,66,33,91,64,100,70,74,73,49,73,23,100,0,1
train_05046,training_writers,compact_trace,0.52641565,0.32000000,0.60788466,44,100,24,68,0,34,37,33,84,38,100,57,86,39,80,0,4
train_05047,training_writers,long_sweep,0.35546781,0.47000000,1.32220131,42,81,7,65,0,20,45,0,89,32,100,76,55,100,7,73,0
train_05048,training_writers,long_sweep,0.35811429,0.47000000,1.31243018,21,80,29,47,85,44,62,0,20,19,0,67,37,100,100,98,5
train_05049,training_writers,long_sweep,0.36648913,0.47000000,1.28243911,0,39,62,67,86,100,6,87,38,54,100,26,72,0,1,17,8
train_05050,training_writers,long_sweep,0.34813289,0.47000000,1.35005916,12,98,63,100,68,56,53,11,38,0,0,37,38,44,100,42,7
train_05051,training_writers,long_sweep,0.34211833,0.47000000,1.37379367,50,85,3,100,4,78,63,68,100,61,80,19,32,0,0,7,9
train_05052,training_writers,long_sweep,0.35265436,0.47000000,1.33274974,85,100,43,76,11,48,0,17,44,0,100,10,59,20,1,10,6
train_05053,training_writers,long_sweep,0.36814194,0.47000000,1.27668150,60,97,4,83,62,44,93,1,12,0,0,46,11,94,100,100,5
train_05054,training_writers,long_sweep,0.36748624,0.47000000,1.27895946,7,91,34,60,77,100,0,69,8,39,32,0,100,43,8,39,8
train_05055,training_writers,compact_trace,0.54105878,0.32000000,0.59143297,0,89,39,98,87,100,85,63,77,23,72,0,53,35,100,41,7
train_05056,training_writers,compact_trace,0.54679905,0.32000000,0.58522413,0,78,36,100,68,72,70,35,56,0,27,21,39,50,100,57,7
train_05057,training_writers,long_sweep,0.35705571,0.47000000,1.31632121,40,100,3,69,0,25,44,0,91,26,100,69,60,100,8,84,0
train_05058,training_writers,compact_trace,0.54187248,0.32000000,0.59054485,100,100,57,91,22,66,0,36,10,5,56,0,65,31,27,51,6
train_05059,training_writers,compact_trace,0.52101336,0.32000000,0.61418771,100,89,71,100,48,79,84,96,85,70,62,39,33,11,0,0,9
train_05060,training_writers,long_sweep,0.34988610,0.47000000,1.34329430,15,85,0,40,18,0,64,8,93,44,100,89,58,100,16,79,0
train_05061,training_writers,long_sweep,0.36582787,0.47000000,1.28475724,98,76,59,100,16,76,74,42,77,0,0,9,31,48,100,76,8
train_05062,training_writers,compact_trace,0.54669865,0.32000000,0.58533160,100,94,60,100,47,61,94,67,95,52,99,8,50,0,0,2,9
train_05063,training_writers,long_sweep,0.34628031,0.47000000,1.35728193,47,100,21,78,0,42,26,8,94,4,100,32,34,28,28,0,6
train_05064,training_writers,compact_trace,0.54325589,0.32000000,0.58904101,0,95,41,100,66,67,59,22,47,0,20,37,55,48,100,51,7
train_05065,training_writers,compact_trace,0.51844900,0.32000000,0.61722560,62,100,88,96,60,74,82,56,100,31,84,5,41,0,0,11,3
train_05066,training_writers,compact_trace,0.53929955,0.32000000,0.59336226,0,91,44,100,74,78,71,51,48,26,12,5,42,0,100,1,2
train_05067,training_writers,compact_trace,0.52968998,0.32000000,0.60412696,100,100,68,79,45,57,28,34,22,11,72,0,62,18,0,20,6
train_05068,training_writers,compact_trace,0.53056117,0.32000000,0.60313498,53,100,24,78,0,56,36,41,100,55,91,44,59,23,37,0,4
train_05069,training_writers,compact_trace,0.54588868,0.32000000,0.58620010,55,72,100,100,97,96,81,59,72,22,19,3,0,0,74,6,1
train_05070,training_writers,compact_trace,0.54199360,0.32000000,0.59041287,0,91,38,100,81,91,67,62,100,40,98,16,51,5,0,0,3
train_05071,training_writers,compact_trace,0.49794343,0.32000000,0.64264328,0,67,39,83,80,100,100,93,96,70,93,46,91,23,89,0,1
train_05072,training_writers,long_sweep,0.35161516,0.47000000,1.33668866,10,82,15,51,70,36,54,0,20,28,0,73,42,91,100,100,5
train_05073,training_writers,compact_trace,0.54556594,0.32000000,0.58654688,35,77,44,100,100,99,71,69,80,39,90,7,33,0,0,24,3
train_05074,training_writers,long_sweep,0.35603468,0.47000000,1.32009613,0,62,20,8,58,0,91,32,100,92,65,100,30,70,11,17,0
train_05075,training_writers,compact_trace,0.50334298,0.32000000,0.63574941,0,71,71,94,89,100,76,74,73,49,78,23,84,3,100,0,1
train_05076,training_writers,compact_trace,0.53954368,0.32000000,0.59309378,16,83,60,100,100,80,71,53,72,45,96,22,49,0,0,3,3
train_05077,training_writers,compact_trace,0.53505066,0.32000000,0.59807421,51,79,78,100,100,79,67,53,96,42,96,13,49,0,0,11,3
train_05078,training_writers,long_sweep,0.36033316,0.47000000,1.30434844,66,88,16,70,0,23,45,0,97,28,100,74,49,100,18,66,0
train_05079,training_writers,long_sweep,0.36784480,0.47000000,1.27771278,100,85,17,97,8,71,88,41,67,0,0,23,47,63,100,100,8
train_05080,training_writers,long_sweep,0.35387156,0.47000000,1.32816550,87,75,53,100,0,81,40,61,81,78,100,41,77,5,16,0,9
train_05081,training_writers,long_sweep,0.35045552,0.47000000,1.34111170,43,62,33,100,79,92,74,47,39,14,0,0,49,10,100,8,2
train_05082,training_writers,compact_trace,0.53246431,0.32000000,0.60097924,66,100,73,96,34,72,0,48,39,31,100,46,75,26,64,0,4
train_05083,training_writers,compact_trace,0.54085172,0.32000000,0.59165939,57,100,0,83,48,72,100,93,89,74,67,47,48,21,56,0,9
train_05084,training_writers,compact_trace,0.53444262,0.32000000,0.59875464,100,98,58,100,23,90,32,60,72,57,69,19,33,0,0,14,5
train_05085,training_writers,compact_trace,0.54232114,0.32000000,0.59005629,14,76,49,100,90,84,73,52,68,39,100,17,54,0,0,8,3
train_05086,training_writers,long_sweep,0.34504466,0.47000000,1.36214250,60,100,15,85,0,50,10,17,57,0,100,18,69,43,20,31,6
train_05087,training_writers,long_sweep,0.34488947,0.47000000,1.36275543,0,93,51,100,100,84,75,42,50,0,30,1,36,28,94,29,7
train_05088,training_writers,long_sweep,0.34167168,0.47000000,1.37558955,48,68,59,95,100,100,78,62,43,31,0,9,40,11,88,0,2
train_05089,training_writers,compact_trace,0.52024577,0.32000000,0.61509390,23,76,39,100,50,67,29,35,0,11,29,8,65,7,100,0,2
train_05090,training_writers,compact_trace,0.53354154,0.32000000,0.59976586,0,68,26,100,48,75,28,33,0,2,29,0,64,2,100,1,2
train_05091,training_writers,long_sweep,0.34134299,0.47000000,1.37691415,14,78,38,100,82,81,69,46,24,24,0,30,54,21,100,0,2
train_05092,training_writers,compact_trace,0.50833202,0.32000000,0.62950982,0,66,46,84,100,100,83,80,71,60,62,40,54,20,62,0,1
train_05093,training_writers,compact_trace,0.52126576,0.32000000,0.61389031,19,80,46,100,46,66,28,35,0,12,24,1,63,0,100,1,2
train_05094,training_writers,long_sweep,0.34332295,0.47000000,1.36897344,4,87,53,100,76,78,47,51,97,38,100,11,46,0,0,7,3
train_05095,training_writers,compact_trace,0.53917161,0.32000000,0.59350306,27,100,16,71,0,36,27,21,100,25,91,49,54,34,56,0,4
train_05096,training_writers,long_sweep,0.36402608,0.47000000,1.29111628,0,95,62,100,96,71,58,36,31,0,100,20,94,38,1,42,7
train_05097,training_writers,compact_trace,0.54395145,0.32000000,0.58828779,0,94,50,100,68,71,59,35,45,0,18,27,47,40,100,39,7
train_05098,training_writers,long_sweep,0.36001934,0.47000000,1.30548541,22,75,58,41,38,0,0,8,55,39,100,74,60,100,7,76,8
train_05099,training_writers,compact_trace,0.51927851,0.32000000,0.61623963,0,66,63,77,100,100,80,93,60,69,43,45,37,21,50,0,1
train_05100,training_writers,long_sweep,0.35292915,0.47000000,1.33171206,79,100,46,82,13,52,0,18,48,0,100,18,58,37,0,27,6
train_05101,training_writers,long_sweep,0.35095094,0.47000000,1.33921853,92,100,83,89,37,59,0,27,30,0,100,8,90,30,20,23,6
train_05102,training_writers,compact_trace,0.54673489,0.32000000,0.58529281,0,92,45,100,53,68,40,33,31,0,5,32,47,43,100,45,7
train_05103,training_writers,compact_trace,0.53469456,0.32000000,0.59847252,0,66,24,96,56,100,45,63,24,30,15,0,57,4,100,7,2
train_05104,training_writers,long_sweep,0.34449027,0.47000000,1.36433462,0,100,60,97,100,73,82,36,64,0,88,15,89,38,23,40,7
train_05105,training_writers,long_sweep,0.35017127,0.50000000,1.42787272,32,64,0,65,1,20,46,0,91,21,100,66,64,100,15,92,0
train_05106,training_writers,long_sweep,0.35445414,0.47000000,1.32598255,41,69,78,60,100,100,37,97,57,69,89,54,66,7,0,0,9
train_05107,training_writers,compact_trace,0.52709413,0.32000000,0.60710219,100,100,85,97,65,65,49,33,46,0,86,10,47,24,0,19,6
train_05108,training_writers,long_sweep,0.35050943,0.47000000,1.34090543,0,88,48,98,100,100,80,67,46,34,13,0,24,32,77,41,7
train_05109,training_writers,compact_trace,0.54027322,0.32000000,0.59229292,100,100,66,86,41,58,24,29,27,0,79,2,56,21,0,26,6
train_05110,training_writers,compact_trace,0.53614290,0.32000000,0.59685580,0,94,39,100,54,63,55,20,47,0,19,32,58,35,100,36,7
train_05111,training_writers,long_sweep,0.36195791,0.47000000,1.29849352,100,88,32,100,0,64,55,31,40,0,5,30,55,66,91,98,8
train_05112,training_writers,long_sweep,0.34661599,0.47000000,1.35596744,27,99,2,62,0,21,39,0,86,17,100,55,80,93,33,100,0
train_05113,training_writers,compact_trace,0.54579763,0.32000000,0.58629790,36,79,20,100,67,81,53,43,0,20,8,25,59,0,100,17,2
train_05114,training_writers,compact_trace,0.54429632,0.32000000,0.58791505,83,71,75,100,31,85,72,74,100,62,86,26,51,0,0,5,9
train_05115,training_writers,long_sweep,0.35563735,0.47000000,1.32157096,44,79,19,60,6,14,55,0,100,34,92,79,35,100,0,69,0
train_05116,training_writers,compact_trace,0.52853353,0.32000000,0.60544882,60,100,46,70,9,40,0,38,57,31,100,53,91,36,75,0,4
train_05117,training_writers,long_sweep,0.35725508,0.47000000,1.31558661,82,62,85,100,28,91,48,54,99,74,100,35,66,0,0,2,9
train_05118,training_writers,long_sweep,0.34711739,0.47000000,1.35400881,57,100,100,100,53,91,22,66,67,48,91,20,50,0,0,8,5
train_05119,training_writers,long_sweep,0.34258488,0.47000000,1.37192277,63,93,69,100,38,67,16,31,43,4,100,22,48,25,0,0,6
train_05120,training_writers,compact_trace,0.51359802,0.32000000,0.62305536,0,55,57,76,100,100,73,83,71,57,79,32,89,6,93,0,1
train_05121,training_writers,long_sweep,0.36148282,0.47000000,1.30020010,14,87,44,65,71,100,0,87,44,69,94,72,100,23,36,0,9
train_05122,training_writers,compact_trace,0.53263416,0.32000000,0.60078760,34,84,42,100,19,65,0,31,56,40,100,55,87,38,85,0,4
train_05123,training_writers,long_sweep,0.35650510,0.47000000,1.31835422,27,97,0,57,6,14,58,0,100,30,100,72,57,100,11,74,0
train_05124,training_writers,compact_trace,0.53467430,0.32000000,0.59849520,0,100,49,99,83,73,79,36,67,0,51,16,47,38,100,38,7
train_05125,training_writers,long_sweep,0.36021970,0.47000000,1.30475930,69,72,100,100,35,91,0,57,59,60,100,61,71,25,18,0,9
train_05126,training_writers,long_sweep,0.35184881,0.47000000,1.33580102,89,100,38,85,8,54,0,20,45,0,100,12,88,40,29,39,6
train_05127,training_writers,compact_trace,0.52035607,0.32000000,0.61496351,0,90,38,100,77,95,68,69,87,50,100,19,70,0,32,6,3
train_05128,training_writers,long_sweep,0.33880910,0.47000000,1.38721184,100,83,29,71,0,85,63,100,100,79,96,52,92,26,100,0,9
train_05129,training_writers,long_sweep,0.35301304,0.47000000,1.33139556,14,84,24,100,81,89,42,65,27,47,100,37,71,12,0,0,3
train_05130,training_writers,compact_trace,0.51167422,0.32000000,0.62539794,0,96,21,97,79,100,100,98,67,76,48,50,33,23,31,0,7
train_05131,training_writers,long_sweep,0.34447243,0.47000000,1.36440527,31,100,32,94,1,56,0,13,53,0,100,21,56,37,5,18,6
train_05132,training_writers,long_sweep,0.36555487,0.47000000,1.28571671,22,100,1,52,63,67,62,21,0,0,4,59,28,96,100,97,5
train_05133,training_writers,compact_trace,0.52714088,0.32000000,0.60704835,0,67,45,80,100,100,50,85,32,64,23,42,18,21,14,0,1
train_05134,training_writers,compact_trace,0.53787410,0.32000000,0.59493476,0,59,20,79,100,100,100,90,60,67,33,44,7,22,33,0,1
train_05135,training_writers,long_sweep,0.36210204,0.47000000,1.29797668,31,94,100,100,66,96,5,79,0,50,69,37,92,10,22,0,5
train_05136,training_writers,compact_trace,0.54411010,0.32000000,0.58811627,100,89,58,100,29,72,70,75,79,49,87,8,43,0,0,8,9
train_05137,training_writers,long_sweep,0.33785455,0.47000000,1.39113119,41,75,46,100,87,86,70,53,38,25,0,19,53,18,100,0,2
train_05138,training_writers,long_sweep,0.34434136,0.47000000,1.36492462,47,96,100,100,53,93,15,74,46,58,77,34,51,9,0,0,5
train_05139,training_writers,compact_trace,0.54718016,0.32000000,0.58481652,23,96,0,61,2,20,37,0,75,19,100,53,95,93,55,100,0
train_05140,training_writers,compact_trace,0.54046692,0.32000000,0.59208064,54,94,100,100,60,99,25,75,41,58,73,39,44,10,0,0,5
train_05141,training_writers,long_sweep,0.34829751,0.47000000,1.34942109,90,100,53,73,19,46,0,16,41,0,100,8,81,26,20,29,6
train_05142,training_writers,long_sweep,0.35538932,0.47000000,1.32249331,55,100,16,79,0,39,5,0,61,1,100,31,67,61,5,67,0
train_05143,training_writers,long_sweep,0.36046116,0.47000000,1.30388527,84,97,40,79,0,39,9,0,62,26,100,67,71,100,15,80,0
train_05144,training_writers,long_sweep,0.34100028,0.47000000,1.37829800,21,87,49,100,96,87,53,63,65,48,100,21,55,0,0,5,3
train_05145,training_writers,long_sweep,0.36505338,0.47000000,1.28748294,60,91,0,85,19,37,82,27,31,0,3,30,40,74,100,100,5
train_05146,training_writers,long_sweep,0.35447334,0.47000000,1.32591073,64,100,15,77,0,45,100,59,84,78,58,90,56,44,67,0,4
train_05147,training_writers,compact_trace,0.49211177,0.32000000,0.65025878,11,100,0,86,2,66,26,47,81,44,100,40,83,20,79,0,4
train_05148,training_writers,compact_trace,0.48000422,0.32000000,0.66666080,0,100,10,86,14,67,32,50,71,51,82,37,89,18,100,0,4
train_05149,training_writers,long_sweep,0.35456746,0.47000000,1.32555873,40,98,17,76,0,28,35,0,84,25,100,70,55,100,4,95,0
train_05150,training_writers,long_sweep,0.34934792,0.47000000,1.34536366,35,93,94,100,100,94,44,82,47,48,98,31,58,6,0,0,5
train_05151,training_writers,compact_trace,0.53341862,0.32000000,0.59990407,0,83,30,100,61,78,64,39,52,0,31,24,61,48,100,57,7
train_05152,training_writers,long_sweep,0.34782191,0.47000000,1.35126624,8,97,14,72,0,35,10,0,69,18,100,53,90,90,25,100,0
train_05153,training_writers,long_sweep,0.36137843,0.47000000,1.30057570,0,63,63,33,72,0,20,9,58,42,100,74,56,100,7,71,8
train_05154,training_writers,long_sweep,0.34713298,0.47000000,1.35394801,95,100,57,84,33,50,22,12,66,0,100,24,47,22,0,6,6
train_05155,training_writers,long_sweep,0.34688891,0.47000000,1.35490063,48,86,16,51,0,11,37,0,77,29,100,66,81,100,31,92,0
train_05156,training_writers,long_sweep,0.35260018,0.47000000,1.33295452,87,78,50,94,16,59,0,19,45,0,99,24,100,63,67,100,0
train_05157,training_writers,compact_trace,0.50432835,0.32000000,0.63450726,17,100,0,81,2,62,42,46,100,52,79,39,77,19,89,0,4
train_05158,training_writers,compact_trace,0.54207110,0.32000000,0.59032846,0,92,35,100,80,99,70,53,55,0,35,13,56,31,100,32,7
train_05159,training_writers,long_sweep,0.36157841,0.47000000,1.29985635,26,79,0,49,14,0,74,15,100,61,62,100,9,77,1,26,0
train_05160,training_writers,long_sweep,0.35255843,0.47000000,1.33311234,77,100,28,80,4,52,2,23,44,0,100,11,51,28,0,14,6
train_05161,training_writers,long_sweep,0.33897973,0.47000000,1.38651360,100,98,60,100,12,99,28,64,73,58,78,21,39,0,0,3,5
train_05162,training_writers,long_sweep,0.34104737,0.47000000,1.37810768,23,65,37,100,72,83,64,45,36,12,0,3,48,10,100,0,2
train_05163,training_writers,long_sweep,0.35803949,0.47000000,1.31270436,46,100,4,75,7,24,53,0,100,21,89,68,44,97,0,88,0
train_05164,training_writers,long_sweep,0.35223018,0.47000000,1.33435469,100,100,49,88,20,56,7,19,46,0,95,17,51,22,0,7,6
train_05165,training_writers,long_sweep,0.34552512,0.47000000,1.36024844,4,73,44,100,83,81,55,43,12,15,0,22,52,20,100,0,2
train_05166,training_writers,long_sweep,0.36718351,0.47000000,1.28001391,79,98,0,87,39,48,95,13,28,0,46,40,100,77,58,100,8
train_05167,training_writers,compact_trace,0.53561934,0.32000000,0.59743921,0,100,53,99,66,67,59,33,53,0,36,18,38,42,100,42,7
train_05168,training_writers,long_sweep,0.36441957,0.47000000,1.28972218,9,81,5,24,54,0,99,38,100,94,48,100,8,56,0,4,0
train_05169,training_writers,long_sweep,0.34140770,0.47000000,1.37665320,58,50,88,84,100,100,84,60,80,19,40,0,0,4,64,5,1
train_05170,training_writers,compact_trace,0.53258910,0.32000000,0.60083843,16,95,39,100,67,82,48,57,87,36,100,12,49,0,0,3,3
train_05171,training_writers,long_sweep,0.35510966,0.47000000,1.32353481,40,100,7,58,51,41,13,0,0,25,5,75,35,98,100,98,5
train_05172,training_writers,long_sweep,0.34836025,0.47000000,1.34917805,44,83,58,67,66,100,35,78,93,79,100,33,59,0,0,28,9
train_05173,training_writers,long_sweep,0.33782634,0.47000000,1.39124733,55,100,22,77,2,47,0,16,46,0,100,10,80,30,31,16,6
train_05174,training_writers,compact_trace,0.52522607,0.32000000,0.60926146,59,100,38,81,14,54,0,26,51,13,100,32,84,28,70,0,4
train_05175,training_writers,compact_trace,0.53176449,0.32000000,0.60177016,35,100,0,71,32,50,95,54,100,78,85,70,76,35,71,0,4
train_05176,training_writers,compact_trace,0.54028379,0.32000000,0.59228133,0,73,48,91,62,100,56,46,71,12,100,16,42,6,15,0,1
train_05177,training_writers,long_sweep,0.36122769,0.47000000,1.30111840,54,100,0,78,47,62,63,20,13,0,18,49,40,95,100,95,5
train_05178,training_writers,long_sweep,0.35638205,0.47000000,1.31880941,90,100,39,78,4,49,0,18,59,0,100,24,41,39,10,13,6
train_05179,training_writers,compact_trace,0.50656551,0.32000000,0.63170507,35,100,35,87,14,62,0,35,35,16,97,34,100,26,89,0,4
train_05180,training_writers,long_sweep,0.35607345,0.47000000,1.31995239,47,100,0,72,0,38,82,30,100,65,87,95,77,47,62,0,4
train_05181,training_writers,long_sweep,0.34008603,0.47000000,1.38200324,13,72,27,98,93,100,100,75,58,54,85,37,56,14,0,0,3
train_05182,training_writers,long_sweep,0.36424741,0.47000000,1.29033177,43,84,0,77,48,37,28,0,1,25,68,57,100,97,21,100,8
train_05183,training_writers,long_sweep,0.35843846,0.47000000,1.31124321,23,69,60,33,48,0,0,19,48,50,100,81,68,100,17,71,8
train_05184,training_writers,compact_trace,0.53847752,0.32000000,0.59426807,45,100,4,91,40,77,51,76,72,49,100,22,69,0,0,3,9
train_05185,training_writers,long_sweep,0.35094732,0.47000000,1.33923234,56,100,24,73,0,37,8,2,74,5,100,36,41,34,27,0,6
train_05186,training_writers,long_sweep,0.34332027,0.47000000,1.36898413,100,100,66,90,26,66,0,40,4,12,62,0,80,19,10,16,6
train_05187,training_writers,long_sweep,0.34394702,0.47000000,1.36648953,48,100,4,73,0,42,71,34,100,60,95,72,58,36,29,0,4
train_05188,training_writers,long_sweep,0.34215002,0.47000000,1.37366644,21,80,60,95,100,100,55,87,37,52,76,28,46,2,0,0,5
train_05189,training_writers,compact_trace,0.53165583,0.32000000,0.60189314,100,100,64,81,39,55,24,26,37,0,76,11,41,24,0,10,6
train_05190,training_writers,long_sweep,0.34542672,0.47000000,1.36063593,0,100,45,99,83,79,71,39,66,0,100,23,55,40,6,48,7
train_05191,training_writers,long_sweep,0.35852552,0.47000000,1.31092482,35,94,0,66,51,54,48,13,1,0,17,47,35,94,100,100,5
train_05192,training_writers,long_sweep,0.36706296,0.47000000,1.28043428,61,97,0,88,57,60,75,16,4,0,2,49,24,98,100,100,5
train_05193,training_writers,compact_trace,0.49339213,0.32000000,0.64857135,0,99,27,100,49,83,51,55,43,29,44,3,72,0,100,2,2
train_05194,training_writers,long_sweep,0.34016984,0.47000000,1.38166276,84,76,80,100,5,88,0,60,76,63,100,62,83,30,79,0,9
train_05195,training_writers,compact_trace,0.54229727,0.32000000,0.59008226,0,93,46,100,94,90,83,52,69,14,49,0,49,28,100,28,7
train_05196,training_writers,long_sweep,0.35407078,0.47000000,1.32741819,95,100,56,93,18,62,0,27,37,0,100,8,74,32,15,16,6
train_05197,training_writers,long_sweep,0.35768460,0.47000000,1.31400683,43,89,79,64,79,100,32,77,88,78,100,36,69,0,0,3,9
train_05198,training_writers,compact_trace,0.52115152,0.32000000,0.61402488,0,86,34,100,60,86,42,60,70,43,100,26,70,8,29,0,3
train_05199,training_writers,long_sweep,0.34659155,0.47000000,1.35606308,21,100,4,74,0,30,32,0,81,20,100,59,76,96,25,90,0
train_05200,training_writers,compact_trace,0.53055889,0.32000000,0.60313757,34,100,22,67,0,36,34,23,86,30,100,61,94,33,91,0,4
train_05201,training_writers,compact_trace,0.54257553,0.32000000,0.58977964,32,88,65,100,83,76,50,55,94,38,100,12,52,0,0,1,3
train_05202,training_writers,compact_trace,0.54354628,0.32000000,0.58872632,39,100,6,71,0,36,61,26,100,47,98,69,80,35,75,0,4
train_05203,training_writers,long_sweep,0.35271476,0.47000000,1.33252150,84,100,53,78,18,50,0,20,39,0,100,14,70,37,3,34,6
train_05204,training_writers,long_sweep,0.35334865,0.47000000,1.33013102,2,100,74,100,100,76,65,46,35,15,17,0,0,33,74,37,7
train_05205,training_writers,long_sweep,0.35735545,0.47000000,1.31521712,12,74,66,73,100,100,39,96,0,68,62,70,49,40,27,0,9
train_05206,training_writers,compact_trace,0.53376175,0.32000000,0.59951842,37,85,73,100,100,77,72,50,99,39,84,9,40,0,0,14,3
train_05207,training_writers,compact_trace,0.51341353,0.32000000,0.62327925,0,30,29,53,65,77,100,100,100,80,85,53,73,27,69,0,1
train_05208,training_writers,long_sweep,0.35863469,0.47000000,1.31052575,16,100,0,57,55,55,44,0,12,17,6,77,45,98,100,100,6
train_05209,training_writers,compact_trace,0.53493062,0.32000000,0.59820842,9,100,0,77,11,51,74,53,100,72,59,50,33,25,9,0,4
train_05210,training_writers,compact_trace,0.51854367,0.32000000,0.61711292,20,98,49,100,51,65,31,36,0,16,28,10,64,5,100,0,2
train_05211,training_writers,compact_trace,0.54560242,0.32000000,0.58650766,46,100,19,77,0,49,0,20,42,0,100,7,77,28,27,17,6
train_05212,training_writers,compact_trace,0.54119043,0.32000000,0.59128909,26,77,49,100,100,94,76,67,73,43,94,16,51,0,0,13,3
train_05213,training_writers,long_sweep,0.35218689,0.47000000,1.33451872,20,79,30,100,100,99,66,71,45,59,97,40,70,11,0,0,3
train_05214,training_writers,long_sweep,0.36949854,0.47000000,1.27199418,50,100,10,67,100,100,14,94,19,56,0,0,89,29,1,40,8
train_05215,training_writers,long_sweep,0.34461515,0.47000000,1.36384021,56,100,66,64,100,92,42,95,65,61,74,52,62,3,0,0,9
train_05216,training_writers,long_sweep,0.35219982,0.47000000,1.33446975,14,73,0,27,38,0,84,10,100,55,75,96,31,100,9,60,0
train_05217,training_writers,compact_trace,0.52402860,0.32000000,0.61065369,53,100,33,71,0,44,14,43,68,37,100,58,85,33,83,0,4
train_05218,training_writers,long_sweep,0.36212549,0.47000000,1.29789262,0,69,35,100,100,94,69,49,26,8,71,0,36,40,15,83,8
train_05219,training_writers,long_sweep,0.36832387,0.50000000,1.35750093,4,25,68,64,33,97,0,36,38,0,100,43,96,100,22,85,0
train_05220,training_writers,long_sweep,0.35289455,0.47000000,1.33184260,33,95,29,61,71,39,38,0,0,15,10,71,45,98,100,100,5
train_05221,training_writers,long_sweep,0.36749356,0.47000000,1.27893396,62,95,12,76,74,39,100,0,21,6,30,57,65,100,0,66,8
train_05222,training_writers,long_sweep,0.34682443,0.47000000,1.35515253,14,63,1,32,34,0,78,4,100,47,79,92,37,100,0,71,0
train_05223,training_writers,long_sweep,0.34164553,0.47000000,1.37569487,0,91,10,57,48,30,20,0,8,34,12,79,49,100,100,91,5
train_05224,training_writers,compact_trace,0.50262124,0.32000000,0.63666230,0,53,29,73,67,94,79,100,71,71,71,41,73,13,100,0,1
train_05225,training_writers,long_sweep,0.35262009,0.47000000,1.33287925,0,71,39,94,100,100,100,73,54,48,11,23,33,1,95,0,2
train_05226,training_writers,compact_trace,0.51062408,0.32000000,0.62668412,0,37,28,55,62,79,100,100,98,84,84,55,76,26,67,0,1
train_05227,training_writers,compact_trace,0.52114020,0.32000000,0.61403822,81,100,56,78,22,54,0,30,46,14,100,27,100,25,87,0,4
train_05228,training_writers,long_sweep,0.35588678,0.47000000,1.32064474,62,77,24,100,1,71,41,36,50,0,0,22,42,55,100,74,8
train_05229,training_writers,long_sweep,0.34915121,0.47000000,1.34612165,21,100,7,51,37,89,39,87,44,20,0,0,30,2,100,7,1
train_05230,training_writers,long_sweep,0.35794940,0.47000000,1.31303473,100,100,48,80,0,45,74,36,99,57,70,86,65,43,66,0,4
train_05231,training_writers,compact_trace,0.53900264,0.32000000,0.59368912,15,81,42,100,71,81,54,54,27,30,0,5,45,0,100,1,2
train_05232,training_writers,long_sweep,0.34381434,0.47000000,1.36701687,51,100,24,83,6,54,0,25,31,0,100,15,57,32,10,11,6
train_05233,training_writers,long_sweep,0.36085513,0.47000000,1.30246173,39,100,0,61,20,14,71,0,100,37,78,88,29,100,16,49,0
train_05234,training_writers,long_sweep,0.34530718,0.47000000,1.36110696,53,100,36,91,15,55,10,17,61,0,100,21,59,50,0,61,6
train_05235,training_writers,long_sweep,0.36735421,0.50000000,1.36108417,83,63,48,100,0,76,61,40,82,0,3,9,38,55,100,91,8
train_05236,training_writers,long_sweep,0.34437886,0.47000000,1.36477598,86,100,56,99,19,67,0,25,31,0,81,15,100,53,78,93,0
train_05237,training_writers,compact_trace,0.54164236,0.32000000,0.59079575,44,81,68,100,85,74,69,46,40,21,0,0,41,5,100,8,2
train_05238,training_writers,long_sweep,0.34399049,0.47000000,1.36631684,13,81,24,100,89,97,100,75,63,52,97,22,55,0,0,12,3
train_05239,training_writers,long_sweep,0.34971833,0.47000000,1.34393872,9,77,0,28,33,0,74,16,100,56,77,95,33,100,1,68,0
train_05240,training_writers,long_sweep,0.33843296,0.47000000,1.38875364,100,100,56,80,23,55,0,26,22,0,76,4,62,23,10,13,6
train_05241,training_writers,long_sweep,0.36243500,0.47000000,1.29678424,3,15,44,51,88,88,46,100,42,63,100,31,72,0,0,17,8
train_05242,training_writers,compact_trace,0.52106713,0.32000000,0.61412433,77,100,43,84,18,59,0,35,48,17,91,32,82,24,100,0,4
train_05243,training_writers,long_sweep,0.34942991,0.47000000,1.34504800,57,60,61,61,100,100,37,99,62,78,93,52,67,2,0,0,9
train_05244,training_writers,compact_trace,0.53124674,0.32000000,0.60235663,90,100,53,75,16,45,0,35,52,35,100,44,96,41,87,0,4
train_05245,training_writers,long_sweep,0.35819682,0.47000000,1.31212778,29,91,100,100,79,100,4,95,21,68,68,42,68,14,0,0,5
train_05246,training_writers,long_sweep,0.36325310,0.47000000,1.29386369,51,82,27,57,99,75,55,100,47,64,100,52,77,4,0,0,9
train_05247,training_writers,compact_trace,0.54314714,0.32000000,0.58915896,44,97,13,100,56,87,61,95,92,58,100,14,53,0,0,4,9
train_05248,training_writers,compact_trace,0.49457114,0.32000000,0.64702522,0,100,14,81,5,58,28,39,88,47,97,44,91,21,100,0,4
train_05249,training_writers,long_sweep,0.34163179,0.47000000,1.37575020,0,100,16,66,45,34,66,0,39,28,18,62,40,94,100,99,5
train_05250,training_writers,compact_trace,0.54385007,0.32000000,0.58839746,0,92,44,100,91,93,100,56,85,18,61,0,40,27,86,35,7
train_05251,training_writers,compact_trace,0.50976766,0.32000000,0.62773696,0,46,42,66,79,88,100,100,84,75,72,49,63,23,60,0,1
train_05252,training_writers,long_sweep,0.34426435,0.47000000,1.36522993,2,75,35,100,96,95,88,67,77,39,100,9,41,0,0,20,3
train_05253,training_writers,long_sweep,0.34346843,0.47000000,1.36839361,61,100,28,73,11,44,19,12,70,0,100,22,49,36,0,21,6
train_05254,training_writers,long_sweep,0.35885873,0.47000000,1.30970759,13,96,55,100,100,74,65,37,27,0,0,23,4,51,96,55,7
train_05255,training_writers,compact_trace,0.53348916,0.32000000,0.59982474,15,52,29,87,31,100,31,64,29,27,0,1,40,0,100,1,1
train_05256,training_writers,long_sweep,0.36038421,0.47000000,1.30416367,26,75,59,41,65,3,0,0,14,36,63,66,100,100,36,90,8
train_05257,training_writers,compact_trace,0.53384246,0.32000000,0.59942777,80,80,18,66,0,84,51,100,78,77,78,50,78,24,100,0,9
train_05258,training_writers,long_sweep,0.34350075,0.47000000,1.36826484,12,84,36,100,0,65,46,44,100,57,83,75,53,38,28,0,4
train_05259,training_writers,long_sweep,0.34898320,0.47000000,1.34676968,100,100,55,96,20,66,0,32,16,0,79,2,68,27,9,13,6
train_05260,training_writers,long_sweep,0.33977041,0.47000000,1.38328703,32,81,70,100,95,83,69,55,35,31,0,9,49,2,100,0,2
train_05261,training_writers,long_sweep,0.34337003,0.47000000,1.36878574,59,55,100,80,66,100,9,89,0,63,58,55,82,33,62,0,9
train_05262,training_writers,long_sweep,0.35889120,0.47000000,1.30958908,100,100,39,90,1,59,0,22,46,0,93,22,54,46,0,26,6
train_05263,training_writers,long_sweep,0.34132146,0.47000000,1.37700103,93,71,0,76,15,92,95,100,100,75,93,50,88,25,83,0,9
train_05264,training_writers,long_sweep,0.36429049,0.47000000,1.29017915,26,97,97,100,63,99,0,82,34,59,100,43,79,9,9,0,5
train_05265,training_writers,long_sweep,0.34798573,0.47000000,1.35063010,49,72,99,97,100,100,81,60,66,20,0,0,9,3,99,8,1
train_05266,training_writers,compact_trace,0.52986249,0.32000000,0.60393027,7,72,0,100,42,100,100,100,90,80,61,55,39,28,23,0,7
train_05267,training_writers,compact_trace,0.53178941,0.32000000,0.60174196,27,100,13,66,0,26,39,31,100,30,93,51,77,38,77,0,4
train_05268,training_writers,long_sweep,0.34420982,0.47000000,1.36544623,15,73,41,100,87,93,60,64,99,43,100,8,50,0,0,11,3
train_05269,training_writers,long_sweep,0.35559365,0.47000000,1.32173338,56,100,11,85,0,39,28,0,80,4,100,47,83,90,32,92,0
train_05270,training_writers,long_sweep,0.35787925,0.47000000,1.31329211,61,95,20,91,0,42,25,0,79,12,100,58,67,100,20,99,0
train_05271,training_writers,long_sweep,0.36859598,0.47000000,1.27510885,73,69,100,100,0,95,39,54,85,13,7,0,13,40,89,73,8
train_05272,training_writers,long_sweep,0.34126508,0.47000000,1.37722853,0,94,30,100,66,78,33,52,88,46,100,17,52,0,8,11,3
train_05273,training_writers,long_sweep,0.34299273,0.47000000,1.37029145,0,92,44,100,100,92,66,62,37,31,10,0,7,19,58,31,7
train_05274,training_writers,long_sweep,0.35608146,0.47000000,1.31992268,3,77,0,37,34,0,84,19,100,64,66,100,20,71,22,25,0
train_05275,training_writers,long_sweep,0.34008765,0.47000000,1.38199665,63,100,31,82,0,52,36,29,100,45,99,59,59,30,28,0,4
train_05276,training_writers,long_sweep,0.35943057,0.47000000,1.30762390,44,82,42,51,100,77,47,100,0,81,74,69,54,35,36,0,9
train_05277,training_writers,compact_trace,0.52865194,0.32000000,0.60531321,26,100,0,70,16,41,69,42,100,70,92,63,71,31,49,0,4
train_05278,training_writers,long_sweep,0.34760739,0.47000000,1.35210016,30,96,0,64,10,23,50,0,89,25,100,65,76,100,25,96,0
train_05279,training_writers,compact_trace,0.51705639,0.32000000,0.61888801,0,60,37,78,79,96,100,100,79,75,59,50,40,25,22,0,1
train_05280,training_writers,long_sweep,0.35157239,0.47000000,1.33685129,73,100,23,83,3,53,0,22,42,0,100,14,53,32,9,13,6
train_05281,training_writers,long_sweep,0.36662488,0.47000000,1.28196428,9,63,66,39,77,0,0,4,41,41,100,75,77,100,0,77,8
train_05282,training_writers,compact_trace,0.52112621,0.32000000,0.61405470,0,27,32,51,66,75,99,100,100,87,79,58,57,29,40,0,1
train_05283,training_writers,long_sweep,0.35684666,0.47000000,1.31709234,28,68,37,100,96,94,82,47,66,0,100,6,46,36,0,70,8
train_05284,training_writers,compact_trace,0.52131430,0.32000000,0.61383315,100,100,71,87,45,65,21,41,4,16,34,0,53,16,0,22,6
train_05285,training_writers,compact_trace,0.51159838,0.32000000,0.62549064,100,90,75,100,64,79,94,96,81,66,64,37,35,15,0,0,9
train_05286,training_writers,compact_trace,0.52473355,0.32000000,0.60983331,39,83,58,100,100,90,80,63,94,37,80,9,35,0,0,17,3
train_05287,training_writers,long_sweep,0.36130574,0.47000000,1.30083735,44,100,8,62,0,14,50,0,99,31,100,78,45,90,11,49,0
train_05288,training_writers,long_sweep,0.35287912,0.47000000,1.33190084,12,78,43,100,100,97,78,66,38,40,0,13,38,0,100,3,2
train_05289,training_writers,long_sweep,0.34294538,0.47000000,1.37048063,28,100,4,63,0,20,32,0,73,24,100,59,77,89,30,85,0
train_05290,training_writers,long_sweep,0.35216769,0.47000000,1.33459148,66,100,26,74,0,49,80,60,100,75,59,78,37,38,3,0,4
train_05291,training_writers,compact_trace,0.54353775,0.32000000,0.58873556,40,100,21,89,0,55,10,18,55,0,100,15,56,27,26,1,6
train_05292,training_writers,long_sweep,0.36679115,0.47000000,1.28138317,100,84,49,78,79,39,84,0,0,13,37,50,93,85,18,100,8
train_05293,training_writers,long_sweep,0.34259900,0.47000000,1.37186622,32,67,48,100,82,83,72,48,43,19,0,0,47,13,100,12,2
train_05294,training_writers,compact_trace,0.50656716,0.32000000,0.63170301,54,86,84,100,100,79,71,59,56,34,62,9,22,0,0,15,3
train_05295,training_writers,compact_trace,0.52170897,0.32000000,0.61336879,0,45,35,66,74,90,100,100,78,75,52,50,30,25,24,0,1
train_05296,training_writers,long_sweep,0.34691455,0.47000000,1.35480049,50,100,18,76,2,48,0,20,40,0,100,7,68,28,0,27,6
train_05297,training_writers,long_sweep,0.34523687,0.47000000,1.36138413,100,100,55,86,18,60,0,28,26,0,79,14,63,42,10,41,6
train_05298,training_writers,long_sweep,0.35200024,0.47000000,1.33522635,56,100,30,57,0,34,56,40,100,49,88,86,62,43,40,0,4
train_05299,training_writers,compact_trace,0.51342530,0.32000000,0.62326497,10,100,0,76,21,48,81,52,100,73,88,65,86,32,88,0,4
train_05300,training_writers,compact_trace,0.52568481,0.32000000,0.60872979,0,73,30,100,62,86,46,48,13,22,21,21,58,4,100,0,2
train_05301,training_writers,compact_trace,0.53993713,0.32000000,0.59266160,26,100,0,71,41,50,97,52,100,87,81,67,67,34,59,0,4
train_05302,training_writers,long_sweep,0.35641968,0.47000000,1.31867018,71,95,25,88,0,43,15,0,64,11,100,50,87,95,38,100,0
train_05303,training_writers,long_sweep,0.36125127,0.47000000,1.30103350,26,96,92,100,72,100,9,81,41,64,100,40,67,5,0,0,5
train_05304,training_writers,long_sweep,0.35803730,0.47000000,1.31271241,49,94,76,73,82,100,30,77,100,81,100,42,75,2,0,0,9
train_05305,training_writers,compact_trace,0.51387422,0.32000000,0.62272047,21,100,9,73,0,45,39,30,95,39,100,55,95,28,97,0,4
train_05306,training_writers,long_sweep,0.35990527,0.47000000,1.30589919,17,85,30,54,91,46,70,0,26,14,0,62,32,93,100,100,5
train_05307,training_writers,compact_trace,0.54201505,0.32000000,0.59038951,15,67,44,100,51,91,44,44,29,0,0,1,50,4,100,2,1
train_05308,training_writers,long_sweep,0.34826694,0.47000000,1.34953952,69,100,27,79,3,51,8,21,51,0,100,3,56,22,0,28,6
train_05309,training_writers,compact_trace,0.51419057,0.32000000,0.62233735,24,61,63,80,100,100,100,90,79,67,55,44,26,22,0,0,1
train_05310,training_writers,compact_trace,0.51471071,0.32000000,0.62170845,0,37,35,58,70,80,100,100,86,75,70,50,56,25,49,0,1
train_05311,training_writers,compact_trace,0.51636956,0.32000000,0.61971120,34,87,70,100,100,92,83,67,73,40,77,14,41,1,0,0,3
train_05312,training_writers,long_sweep,0.34250097,0.47000000,1.37225889,38,100,10,67,0,28,26,0,73,13,100,45,76,77,29,88,0
train_05313,training_writers,compact_trace,0.52443641,0.32000000,0.61017884,26,100,7,77,0,44,43,35,86,46,100,67,91,33,79,0,4
train_05314,training_writers,compact_trace,0.54265246,0.32000000,0.58969602,0,82,37,100,75,87,61,55,34,27,9,5,56,5,100,0,2
train_05315,training_writers,compact_trace,0.53712214,0.32000000,0.59576766,100,100,52,94,22,70,1,44,0,15,39,0,70,19,29,28,6
train_05316,training_writers,long_sweep,0.34322677,0.47000000,1.36935705,28,96,0,62,12,12,47,0,82,11,100,58,77,100,42,99,0
train_05317,training_writers,compact_trace,0.53808264,0.32000000,0.59470419,0,87,46,100,100,98,76,77,45,58,67,37,55,15,12,0,3
train_05318,training_writers,long_sweep,0.35574270,0.47000000,1.32117961,25,67,15,26,57,0,100,34,95,74,42,100,0,67,1,26,0
train_05319,training_writers,long_sweep,0.35748872,0.47000000,1.31472680,64,100,19,66,0,24,64,19,100,45,98,88,78,46,69,0,4
train_05320,training_writers,long_sweep,0.36177059,0.47000000,1.29916587,100,100,22,86,23,55,73,27,42,0,0,20,53,47,100,77,8
train_05321,training_writers,compact_trace,0.54626036,0.32000000,0.58580125,20,69,35,100,68,82,59,44,30,12,0,0,50,6,100,6,2
train_05322,training_writers,long_sweep,0.34467116,0.47000000,1.36361858,55,100,21,73,7,42,17,10,66,0,100,24,55,40,0,32,6
train_05323,training_writers,compact_trace,0.52118418,0.32000000,0.61398641,0,100,24,98,99,100,100,90,59,70,33,47,19,23,28,0,7
train_05324,training_writers,compact_trace,0.51844006,0.32000000,0.61723625,0,100,20,98,78,98,100,92,61,72,33,48,15,22,25,0,7
train_05325,training_writers,compact_trace,0.54336257,0.32000000,0.58892536,74,100,40,77,0,53,44,45,100,51,76,54,51,27,35,0,4
train_05326,training_writers,compact_trace,0.51543044,0.32000000,0.62084033,0,83,26,100,58,92,47,58,22,31,34,4,67,0,100,0,2
train_05327,training_writers,long_sweep,0.34475270,0.47000000,1.36329605,27,96,0,59,1,10,38,0,75,20,100,59,75,97,36,100,0
train_05328,training_writers,long_sweep,0.33853186,0.47000000,1.38834791,66,92,29,100,50,72,67,94,97,58,100,18,53,0,0,9,9
train_05329,training_writers,compact_trace,0.51912480,0.32000000,0.61642211,28,100,13,76,0,47,59,38,100,60,92,58,79,28,65,0,4
train_05330,training_writers,long_sweep,0.34629119,0.47000000,1.35723925,38,100,11,71,0,30,33,0,82,5,100,43,76,79,28,88,0
train_05331,training_writers,rising_tail,0.24431258,0.43000000,1.76004033,0,0,39,9,74,28,95,52,100,79,73,100,42,85,77,67,9
train_05332,training_writers,compact_trace,0.52896241,0.32000000,0.60495792,0,79,34,100,57,80,46,45,18,14,10,0,59,1,100,2,2
train_05333,training_writers,long_sweep,0.36287011,0.47000000,1.29522932,57,96,0,87,46,65,63,15,7,0,3,39,43,84,100,100,5
train_05334,training_writers,long_sweep,0.35687825,0.47000000,1.31697575,7,48,16,2,69,0,100,38,94,84,44,100,4,67,0,22,0
train_05335,training_writers,compact_trace,0.51442403,0.32000000,0.62205493,36,100,29,81,0,56,12,32,67,32,95,54,94,26,100,0,4
train_05336,training_writers,compact_trace,0.53312452,0.32000000,0.60023500,16,65,27,100,50,70,33,33,0,3,1,0,50,5,100,4,2
train_05337,training_writers,long_sweep,0.34423800,0.47000000,1.36533445,0,65,51,62,69,100,60,66,58,25,100,9,51,2,10,0,1
train_05338,training_writers,long_sweep,0.36225527,0.47000000,1.29742764,59,60,99,88,38,100,0,73,80,74,100,58,52,29,6,0,9
train_05339,training_writers,long_sweep,0.36120737,0.47000000,1.30119162,98,85,30,100,0,68,77,64,84,78,100,39,94,0,15,1,9
train_05340,training_writers,long_sweep,0.34009549,0.47000000,1.38196482,0,88,50,100,83,85,52,61,62,38,100,18,57,1,3,0,3
train_05341,training_writers,long_sweep,0.34299130,0.47000000,1.37029713,20,65,43,94,76,100,58,64,44,27,0,1,18,4,100,0,1
train_05342,training_writers,long_sweep,0.36178939,0.47000000,1.29909834,15,89,0,54,19,0,74,7,100,57,64,100,12,85,7,32,0
train_05343,training_writers,long_sweep,0.34761072,0.47000000,1.35208720,4,82,47,100,84,85,77,50,44,21,0,13,53,16,100,0,2
train_05344,training_writers,long_sweep,0.33782018,0.47000000,1.39127270,0,89,23,100,79,94,73,48,51,2,31,0,42,31,100,30,7
train_05345,training_writers,long_sweep,0.34268682,0.47000000,1.37151467,60,86,55,71,0,71,42,97,100,100,96,64,62,31,38,0,9
train_05346,training_writers,compact_trace,0.52581613,0.32000000,0.60857776,0,54,24,68,71,89,100,100,69,76,43,50,19,26,5,0,1
train_05347,training_writers,long_sweep,0.34839156,0.47000000,1.34905678,0,83,41,100,72,81,32,55,74,48,100,19,54,0,0,15,3
train_05348,training_writers,long_sweep,0.34423859,0.47000000,1.36533213,0,94,52,100,100,96,93,52,85,8,62,0,36,24,91,30,7
train_05349,training_writers,compact_trace,0.52606505,0.32000000,0.60828980,62,100,38,71,0,46,6,41,58,33,100,52,83,34,72,0,4
train_05350,training_writers,long_sweep,0.35311661,0.47000000,1.33100507,26,100,85,99,89,65,59,31,37,0,0,31,23,48,100,49,7
train_05351,training_writers,compact_trace,0.50611395,0.32000000,0.63226868,0,61,42,78,81,98,100,100,84,74,72,49,65,23,65,0,1
train_05352,training_writers,long_sweep,0.35369475,0.47000000,1.32882944,81,79,38,57,13,88,61,100,84,65,100,28,75,0,0,5,9
train_05353,training_writers,long_sweep,0.35774021,0.47000000,1.31380255,30,100,0,60,1,16,49,0,93,28,100,72,56,99,1,90,0
train_05354,training_writers,long_sweep,0.33777980,0.47000000,1.39143906,2,83,32,100,69,84,41,59,76,40,100,15,54,0,0,10,3
train_05355,training_writers,compact_trace,0.52436035,0.32000000,0.61026735,11,76,30,100,42,68,27,34,0,5,16,17,58,8,100,0,2
train_05356,training_writers,long_sweep,0.34167749,0.47000000,1.37556617,55,100,16,89,0,59,4,28,34,0,100,1,90,25,32,10,6
train_05357,training_writers,long_sweep,0.35127430,0.47000000,1.33798574,100,84,92,100,40,74,1,40,6,0,67,3,58,39,0,43,6
train_05358,training_writers,compact_trace,0.52628641,0.32000000,0.60803394,100,100,72,83,46,59,29,35,20,9,62,0,60,22,0,29,6
train_05359,training_writers,compact_trace,0.54483974,0.32000000,0.58732867,48,72,78,100,100,80,69,48,32,22,0,18,45,17,88,0,2
train_05360,training_writers,compact_trace,0.54421797,0.32000000,0.58799969,55,100,33,83,0,53,40,39,100,47,90,60,48,32,23,0,4
train_05361,training_writers,compact_trace,0.52761243,0.32000000,0.60650580,92,88,69,100,60,61,100,82,97,73,70,34,38,0,0,0,9
train_05362,training_writers,long_sweep,0.35793672,0.47000000,1.31308127,100,100,66,99,23,69,0,35,17,1,94,0,86,30,10,29,6
train_05363,training_writers,compact_trace,0.54356635,0.32000000,0.58870458,26,71,52,100,76,76,50,40,12,11,0,0,50,2,100,5,2
train_05364,training_writers,long_sweep,0.36463599,0.47000000,1.28895670,62,99,0,92,32,50,100,24,67,0,1,19,38,64,48,100,8
train_05365,training_writers,long_sweep,0.34983141,0.47000000,1.34350430,37,78,8,60,56,34,44,0,0,10,10,55,43,86,100,100,5
train_05366,training_writers,compact_trace,0.54261889,0.32000000,0.58973251,70,98,100,100,49,96,25,62,63,53,78,24,39,0,0,5,5
train_05367,training_writers,compact_trace,0.54350465,0.32000000,0.58877141,22,100,0,68,2,42,54,46,100,55,72,75,51,38,37,0,4
train_05368,training_writers,compact_trace,0.51505614,0.32000000,0.62129149,0,97,30,96,71,98,100,100,67,83,47,56,32,28,24,0,7
train_05369,training_writers,long_sweep,0.34682420,0.47000000,1.35515342,57,74,45,100,14,69,46,33,39,0,0,23,49,49,100,73,8
train_05370,training_writers,long_sweep,0.33959036,0.47000000,1.38402042,100,100,58,95,20,71,0,43,7,13,58,0,97,21,54,33,6
train_05371,training_writers,compact_trace,0.52494878,0.32000000,0.60958328,42,79,53,100,68,75,48,48,17,24,0,10,50,7,100,0,2
train_05372,training_writers,long_sweep,0.35431672,0.47000000,1.32649683,70,100,21,78,0,40,11,0,65,6,94,43,100,82,45,88,0
train_05373,training_writers,long_sweep,0.35280975,0.47000000,1.33216273,34,89,0,64,47,49,61,8,25,0,33,53,45,100,100,92,5
train_05374,training_writers,long_sweep,0.36511934,0.47000000,1.28725034,66,82,15,81,25,36,52,0,0,12,52,55,100,100,35,76,8
train_05375,training_writers,long_sweep,0.34689799,0.47000000,1.35486514,21,100,0,69,1,32,29,0,82,16,100,52,79,86,20,82,0
train_05376,training_writers,long_sweep,0.34171204,0.47000000,1.37542709,100,100,63,93,24,64,0,30,21,0,70,18,47,46,3,33,6
train_05377,training_writers,compact_trace,0.54307138,0.32000000,0.58924114,42,90,91,100,100,76,56,57,86,49,89,17,46,0,0,12,3
train_05378,training_writers,long_sweep,0.35202623,0.47000000,1.33512780,77,100,31,73,0,50,68,51,100,56,69,82,46,41,23,0,4
train_05379,training_writers,compact_trace,0.51783148,0.32000000,0.61796165,8,100,0,78,8,42,58,43,97,69,100,73,92,37,87,0,4
train_05380,training_writers,long_sweep,0.36202796,0.47000000,1.29824228,73,100,22,62,0,0,65,14,100,73,42,82,51,65,41,37,0
train_05381,training_writers,long_sweep,0.35044296,0.47000000,1.34115976,81,100,46,75,19,49,0,22,29,0,100,10,97,33,20,32,6
train_05382,training_writers,long_sweep,0.34028513,0.47000000,1.38119463,46,65,81,100,70,82,60,28,24,0,0,0,50,3,100,9,1
train_05383,training_writers,compact_trace,0.53595392,0.32000000,0.59706626,31,90,67,100,87,84,58,61,79,35,100,10,52,0,0,4,3
train_05384,training_writers,long_sweep,0.35103408,0.47000000,1.33890134,59,86,26,92,0,49,21,5,68,0,100,35,82,81,39,100,0
train_05385,training_writers,long_sweep,0.36290370,0.47000000,1.29510942,0,18,39,59,82,100,34,100,34,62,100,36,68,0,14,19,8
train_05386,training_writers,compact_trace,0.54202435,0.32000000,0.59037938,44,100,29,67,0,31,32,15,100,16,99,52,89,40,82,0,4
train_05387,training_writers,compact_trace,0.53938641,0.32000000,0.59326671,100,100,63,99,29,74,3,43,0,6,41,0,66,22,25,31,6
train_05388,training_writers,long_sweep,0.34951649,0.47000000,1.34471481,26,64,0,28,26,0,72,24,100,60,97,99,45,100,7,71,0
train_05389,training_writers,compact_trace,0.51255413,0.32000000,0.62432430,0,87,6,97,64,100,100,93,71,72,50,49,34,25,30,0,7
train_05390,training_writers,long_sweep,0.35249659,0.47000000,1.33334624,0,70,33,100,100,94,100,59,75,25,47,0,69,34,14,61,8
train_05391,training_writers,compact_trace,0.53113494,0.32000000,0.60248343,0,57,14,91,50,100,55,66,37,32,24,0,62,6,100,15,2
train_05392,training_writers,compact_trace,0.50849942,0.32000000,0.62930259,33,92,72,100,100,88,80,69,61,49,67,27,35,12,0,0,3
train_05393,training_writers,long_sweep,0.34728915,0.47000000,1.35333914,0,94,45,100,70,76,32,58,86,52,100,22,56,0,2,1,3
train_05394,training_writers,long_sweep,0.35962169,0.47000000,1.30692895,92,76,28,67,3,100,58,98,77,61,100,24,80,0,0,8,9
train_05395,training_writers,long_sweep,0.36473812,0.47000000,1.28859577,20,73,57,44,76,2,0,0,40,40,100,76,77,100,22,65,8
train_05396,training_writers,compact_trace,0.52867281,0.32000000,0.60528930,0,55,58,77,100,100,89,97,63,73,37,49,11,24,0,0,1
train_05397,training_writers,long_sweep,0.36443812,0.47000000,1.28965651,11,84,0,66,58,67,99,41,41,0,6,33,8,84,100,100,5
train_05398,training_writers,compact_trace,0.52271130,0.32000000,0.61219261,18,100,0,76,0,49,65,41,100,66,80,55,72,27,70,0,4
train_05399,training_writers,long_sweep,0.35556343,0.47000000,1.32184573,100,100,48,87,13,55,4,19,50,0,94,25,49,38,0,15,6
train_05400,training_writers,long_sweep,0.34218300,0.47000000,1.37353404,0,91,40,100,94,94,60,75,84,52,100,27,53,12,1,0,3
train_05401,training_writers,compact_trace,0.51367959,0.32000000,0.62295642,34,100,9,76,0,50,51,35,100,52,89,51,86,24,85,0,4
train_05402,training_writers,compact_trace,0.54557522,0.32000000,0.58653690,43,100,47,68,0,33,29,36,100,45,88,63,61,25,55,0,4
train_05403,training_writers,compact_trace,0.53455695,0.32000000,0.59862659,20,63,42,100,36,88,30,46,23,4,0,2,50,0,100,4,1
train_05404,training_writers,compact_trace,0.52348322,0.32000000,0.61128989,0,100,21,73,50,52,84,67,100,100,89,69,88,35,86,0,4
train_05405,training_writers,long_sweep,0.34770375,0.47000000,1.35172543,5,91,0,52,14,13,61,0,97,30,100,70,66,100,14,98,0
train_05406,training_writers,compact_trace,0.53052998,0.32000000,0.60317044,28,81,60,100,100,85,81,57,95,39,91,12,44,0,0,11,3
train_05407,training_writers,compact_trace,0.53002084,0.32000000,0.60374985,41,98,82,100,65,71,57,61,100,48,87,17,45,0,0,7,3
train_05408,training_writers,long_sweep,0.34462291,0.47000000,1.36380949,87,75,29,75,0,89,55,100,100,84,90,54,63,26,31,0,9
train_05409,training_writers,long_sweep,0.33942028,0.47000000,1.38471397,13,100,0,98,8,57,80,54,100,66,71,95,48,48,34,0,4
train_05410,training_writers,compact_trace,0.50991838,0.32000000,0.62755141,30,100,25,82,0,48,11,38,64,45,100,54,91,37,85,0,4
train_05411,training_writers,compact_trace,0.54151928,0.32000000,0.59093003,0,71,40,91,85,100,92,75,68,48,100,22,70,3,22,0,3
train_05412,training_writers,long_sweep,0.36364674,0.47000000,1.29246312,24,73,85,63,100,24,35,0,18,33,66,67,79,100,0,88,8
train_05413,training_writers,compact_trace,0.53181179,0.32000000,0.60171664,14,93,47,100,56,70,35,41,1,18,0,0,50,1,100,1,2
train_05414,training_writers,long_sweep,0.35237848,0.47000000,1.33379313,0,87,56,100,80,70,62,35,56,0,11,28,11,43,100,49,7
train_05415,training_writers,compact_trace,0.52099582,0.32000000,0.61420838,12,91,55,98,100,100,100,83,67,64,54,39,37,14,0,0,3
train_05416,training_writers,compact_trace,0.53326284,0.32000000,0.60007931,45,80,69,100,85,75,57,53,100,45,81,14,33,0,0,14,3
train_05417,training_writers,long_sweep,0.35606099,0.47000000,1.31999858,34,78,39,53,100,24,49,0,44,35,77,70,76,100,0,80,8
train_05418,training_writers,compact_trace,0.51760049,0.32000000,0.61823744,29,100,14,81,0,50,64,44,100,62,92,64,84,32,83,0,4
train_05419,training_writers,compact_trace,0.54117693,0.32000000,0.59130385,34,68,63,100,65,65,36,29,0,0,6,9,52,16,100,7,2
train_05420,training_writers,long_sweep,0.34795771,0.47000000,1.35073886,4,88,19,58,59,31,24,0,6,35,0,76,44,98,100,100,5
train_05421,training_writers,compact_trace,0.53384496,0.32000000,0.59942497,14,79,49,100,64,71,38,39,0,15,9,16,55,0,100,10,2
train_05422,training_writers,long_sweep,0.36934140,0.47000000,1.27253540,65,82,14,100,33,49,100,5,8,0,0,41,90,72,12,98,8
train_05423,training_writers,compact_trace,0.52101628,0.32000000,0.61418427,53,73,69,100,100,84,78,53,73,44,90,16,46,0,0,12,3
train_05424,training_writers,long_sweep,0.35131117,0.47000000,1.33784531,100,100,50,100,34,60,69,25,43,0,0,18,27,58,65,92,8
train_05425,training_writers,long_sweep,0.36090893,0.47000000,1.30226759,49,100,57,55,40,9,0,0,44,40,100,77,77,100,14,69,8
train_05426,training_writers,compact_trace,0.54206276,0.32000000,0.59033755,13,74,40,100,70,77,46,42,9,15,0,3,50,1,100,0,2
train_05427,training_writers,long_sweep,0.36364184,0.47000000,1.29248053,59,84,20,66,59,29,15,0,0,36,58,66,100,100,24,92,8
train_05428,training_writers,compact_trace,0.53396136,0.32000000,0.59929430,0,85,38,100,60,85,34,59,76,50,100,26,68,5,24,0,3
train_05429,training_writers,long_sweep,0.35223238,0.47000000,1.33434638,100,78,52,52,0,64,19,98,77,100,92,64,80,28,44,0,9
train_05430,training_writers,long_sweep,0.36431494,0.47000000,1.29009257,80,100,28,96,0,20,52,0,100,65,61,94,57,68,32,30,0
train_05431,training_writers,long_sweep,0.35519791,0.47000000,1.32320597,100,100,58,90,20,60,0,27,33,0,98,8,64,21,2,8,6
train_05432,training_writers,long_sweep,0.35441258,0.47000000,1.32613805,8,44,30,84,100,100,97,59,66,19,67,0,61,38,0,69,8
train_05433,training_writers,compact_trace,0.48111400,0.32000000,0.66512302,100,100,67,90,33,75,25,60,0,45,0,30,0,15,0,0,1
train_05434,training_writers,long_sweep,0.35971811,0.47000000,1.30657865,85,84,39,95,0,57,10,9,62,0,100,38,92,88,43,100,0
train_05435,training_writers,compact_trace,0.54436564,0.32000000,0.58784019,13,79,31,100,73,82,59,45,17,19,0,23,53,17,100,0,2
train_05436,training_writers,long_sweep,0.35057137,0.47000000,1.34066851,13,83,0,61,4,15,54,0,98,28,100,73,55,100,16,71,0
train_05437,training_writers,compact_trace,0.52009584,0.32000000,0.61527121,0,44,29,62,66,80,100,100,79,78,59,52,40,26,25,0,1
train_05438,training_writers,long_sweep,0.35000632,0.47000000,1.34283291,100,100,54,80,25,54,0,29,0,2,75,0,89,18,19,31,6
train_05439,training_writers,compact_trace,0.47676597,0.32000000,0.67118885,100,100,70,87,50,73,33,58,23,43,10,29,0,15,0,0,1
train_05440,training_writers,long_sweep,0.33827490,0.47000000,1.38940254,0,96,35,100,50,62,36,21,16,0,2,41,46,52,100,55,7
train_05441,training_writers,long_sweep,0.36803115,0.47000000,1.27706581,79,84,17,62,100,80,67,100,0,75,88,79,70,38,36,0,9
train_05442,training_writers,long_sweep,0.33956632,0.47000000,1.38411841,1,91,44,100,75,81,39,57,3,34,0,7,50,0,100,2,2
train_05443,training_writers,long_sweep,0.36519436,0.47000000,1.28698591,0,74,82,79,100,100,19,92,7,73,88,77,54,39,18,0,9
train_05444,training_writers,compact_trace,0.51827817,0.32000000,0.61742906,0,53,5,65,54,85,100,100,81,75,59,50,41,25,30,0,1
train_05445,training_writers,compact_trace,0.52815603,0.32000000,0.60588156,100,91,85,100,49,78,18,52,0,23,25,0,69,9,30,20,6
train_05446,training_writers,long_sweep,0.34994532,0.47000000,1.34306697,47,96,13,66,44,34,7,0,0,34,8,83,45,100,100,97,5
train_05447,training_writers,long_sweep,0.34076267,0.47000000,1.37925907,15,79,50,100,74,78,39,52,82,42,100,14,54,0,0,4,3
train_05448,training_writers,long_sweep,0.35785176,0.47000000,1.31339301,89,100,43,93,11,60,0,24,44,0,100,26,66,49,4,26,6
train_05449,training_writers,compact_trace,0.51857957,0.32000000,0.61707020,3,74,21,100,26,66,10,32,0,0,34,0,67,6,100,6,2
train_05450,training_writers,long_sweep,0.35875214,0.47000000,1.31009673,8,100,0,57,22,9,72,0,100,43,78,94,32,95,7,48,0
train_05451,training_writers,long_sweep,0.34057872,0.47000000,1.38000402,42,96,17,70,0,30,24,0,69,11,100,44,92,84,49,100,0
train_05452,training_writers,compact_trace,0.53044625,0.32000000,0.60326564,66,98,55,70,98,68,100,100,57,92,33,62,16,31,0,0,0
train_05453,training_writers,long_sweep,0.34185358,0.47000000,1.37485763,74,100,51,87,25,54,18,19,62,0,100,21,49,37,0,26,6
train_05454,training_writers,rising_tail,0.25492805,0.43000000,1.68675045,0,0,39,10,76,29,99,55,100,84,64,100,34,81,77,68,9
train_05455,training_writers,long_sweep,0.35342273,0.47000000,1.32985223,0,100,73,98,100,80,77,44,61,8,36,0,3,27,78,30,7
train_05456,training_writers,compact_trace,0.50968297,0.32000000,0.62784127,100,94,76,100,44,82,18,59,0,29,6,0,41,7,22,25,6
train_05457,training_writers,compact_trace,0.50953719,0.32000000,0.62802089,100,97,69,100,39,86,59,62,78,36,63,9,30,2,0,0,5
train_05458,training_writers,compact_trace,0.50791744,0.32000000,0.63002366,29,96,5,100,0,72,4,45,47,36,77,51,75,23,100,0,4
train_05459,training_writers,compact_trace,0.53657938,0.32000000,0.59637029,52,98,100,100,100,80,63,61,93,40,96,16,51,3,0,0,3
train_05460,training_writers,long_sweep,0.33773238,0.47000000,1.39163440,0,98,44,100,69,73,52,32,37,0,16,39,51,48,100,49,7
train_05461,training_writers,compact_trace,0.53910126,0.32000000,0.59358051,32,76,60,100,77,79,56,50,26,25,0,3,50,4,100,0,2
train_05462,training_writers,long_sweep,0.35871553,0.47000000,1.31023044,20,98,97,100,100,99,31,88,41,57,97,30,57,0,0,13,5
train_05463,training_writers,long_sweep,0.36283884,0.47000000,1.29534092,26,87,67,52,100,18,34,0,24,33,70,67,80,100,0,82,8
train_05464,training_writers,long_sweep,0.35394128,0.47000000,1.32790389,91,67,83,100,25,86,24,43,41,0,0,6,36,33,100,36,8
train_05465,training_writers,long_sweep,0.34610387,0.47000000,1.35797383,100,100,48,88,14,60,0,28,26,0,75,11,58,42,5,49,6
train_05466,training_writers,long_sweep,0.34526159,0.47000000,1.36128668,89,94,56,100,15,83,34,56,89,54,100,19,55,0,0,10,5
train_05467,training_writers,long_sweep,0.34674202,0.47000000,1.35547459,0,94,59,100,99,76,86,37,62,0,29,14,39,35,100,35,7
train_05468,training_writers,long_sweep,0.34667126,0.47000000,1.35575127,55,100,19,75,0,50,71,58,100,75,62,82,40,41,20,0,4
train_05469,training_writers,long_sweep,0.34176127,0.47000000,1.37522895,20,75,32,25,66,0,100,8,98,59,68,90,32,100,0,78,0
train_05470,training_writers,long_sweep,0.34860263,0.47000000,1.34823998,63,100,25,80,0,48,0,12,54,0,100,24,70,43,21,20,6
train_05471,training_writers,long_sweep,0.35030620,0.47000000,1.34168337,20,81,0,39,22,0,68,5,100,37,89,83,47,100,14,68,0
train_05472,training_writers,long_sweep,0.35062297,0.47000000,1.34047121,31,98,50,100,100,82,61,59,29,43,95,32,65,12,0,0,3
train_05473,training_writers,long_sweep,0.35042642,0.47000000,1.34122308,69,100,35,94,12,59,9,23,55,0,100,20,38,28,0,2,6
train_05474,training_writers,long_sweep,0.34414165,0.47000000,1.36571671,5,70,34,100,85,83,56,52,75,43,100,12,41,0,0,20,3
train_05475,training_writers,long_sweep,0.34128134,0.47000000,1.37716289,31,100,12,65,0,26,28,0,71,22,100,55,93,92,44,89,0
train_05476,training_writers,compact_trace,0.53351153,0.32000000,0.59979959,78,70,100,100,53,91,59,75,92,86,63,57,32,28,0,0,9
train_05477,training_writers,compact_trace,0.51554996,0.32000000,0.62069639,100,100,76,77,55,54,35,29,31,2,67,0,41,18,0,22,6
train_05478,training_writers,compact_trace,0.54043823,0.32000000,0.59211207,33,89,63,100,58,50,35,10,0,9,31,27,65,4,100,0,2
train_05479,training_writers,long_sweep,0.35601803,0.47000000,1.32015785,100,81,52,100,6,75,0,39,31,6,90,0,68,30,10,19,6
train_05480,training_writers,long_sweep,0.34522511,0.47000000,1.36143050,2,86,46,100,62,74,26,48,60,44,100,23,61,0,0,8,3
train_05481,training_writers,long_sweep,0.33987968,0.47000000,1.38284231,0,99,40,100,66,66,58,24,38,0,11,37,42,51,100,53,7
train_05482,training_writers,long_sweep,0.36562745,0.47000000,1.28546146,5,92,82,100,100,67,57,32,12,0,80,11,70,46,0,66,8
train_05483,training_writers,long_sweep,0.36038034,0.47000000,1.30417769,27,50,66,35,46,0,7,31,46,68,100,100,41,100,0,64,8
train_05484,training_writers,long_sweep,0.35004264,0.47000000,1.34269356,0,67,47,91,78,100,64,59,49,18,2,0,37,4,100,5,1
train_05485,training_writers,long_sweep,0.34960771,0.47000000,1.34436396,46,100,11,69,0,24,35,0,81,14,100,53,62,80,17,72,0
train_05486,training_writers,long_sweep,0.35549243,0.47000000,1.32210971,35,100,73,100,19,87,10,53,73,47,100,16,46,0,0,19,5
train_05487,training_writers,long_sweep,0.35162322,0.47000000,1.33665803,36,82,0,68,4,21,48,0,92,24,100,70,61,100,23,76,0
train_05488,training_writers,long_sweep,0.34827948,0.47000000,1.34949095,3,100,0,58,40,98,20,85,28,35,2,3,2,0,100,4,1
train_05489,training_writers,long_sweep,0.34169651,0.47000000,1.37548963,55,100,22,90,0,54,12,16,58,4,100,20,56,25,18,0,6
train_05490,training_writers,compact_trace,0.54039980,0.32000000,0.59215418,36,63,52,100,52,48,29,6,0,0,30,15,65,3,100,1,2
train_05491,training_writers,long_sweep,0.33792588,0.47000000,1.39083753,56,97,20,100,49,79,64,97,95,61,100,18,53,0,0,10,9
train_05492,training_writers,compact_trace,0.53992720,0.32000000,0.59267249,24,77,54,100,81,83,59,52,100,36,95,10,48,0,0,5,3
train_05493,training_writers,long_sweep,0.35025607,0.47000000,1.34187537,100,100,46,95,51,59,75,25,30,0,0,17,43,46,83,78,8
train_05494,training_writers,compact_trace,0.54441552,0.32000000,0.58778632,16,100,0,71,12,37,69,27,100,34,75,71,57,40,39,0,4
train_05495,training_writers,compact_trace,0.50561477,0.32000000,0.63289291,4,98,10,100,0,69,4,40,62,43,56,55,63,24,100,0,4
train_05496,training_writers,long_sweep,0.36059212,0.47000000,1.30341172,53,67,40,56,100,71,61,100,42,50,89,74,68,19,0,0,9
train_05497,training_writers,compact_trace,0.51970542,0.32000000,0.61573343,70,91,100,100,61,86,35,60,60,50,64,21,34,0,0,15,5
train_05498,training_writers,compact_trace,0.50503025,0.32000000,0.63362541,0,65,32,69,66,84,100,100,89,75,77,49,66,23,62,0,1
train_05499,training_writers,long_sweep,0.36495610,0.47000000,1.28782613,97,100,41,81,14,13,71,23,100,85,77,85,47,53,0,0,0
train_05500,training_writers,compact_trace,0.52755436,0.32000000,0.60657256,38,91,78,100,100,74,68,55,82,46,88,13,45,0,0,5,3
train_05501,training_writers,compact_trace,0.51567676,0.32000000,0.62054377,100,97,62,100,33,86,38,61,72,51,63,21,36,0,0,0,5
train_05502,training_writers,long_sweep,0.36167762,0.47000000,1.29949981,2,100,96,97,76,67,65,33,59,0,35,9,0,37,100,37,7
train_05503,training_writers,compact_trace,0.50877473,0.32000000,0.62896206,0,67,38,84,84,100,100,95,81,71,64,48,48,23,38,0,1
train_05504,training_writers,compact_trace,0.52685607,0.32000000,0.60737651,0,53,48,77,100,100,89,83,77,58,64,33,57,8,95,0,1
train_05505,training_writers,compact_trace,0.54549293,0.32000000,0.58662539,51,78,81,100,86,65,53,31,10,8,0,19,50,10,100,0,2
train_05506,training_writers,compact_trace,0.53110967,0.32000000,0.60251210,50,100,44,93,10,69,0,45,75,49,100,46,60,23,33,0,4
train_05507,training_writers,compact_trace,0.53595261,0.32000000,0.59706772,26,95,58,100,73,74,55,47,27,23,0,0,49,2,100,2,2
train_05508,training_writers,long_sweep,0.34436199,0.47000000,1.36484286,0,93,38,100,96,95,100,57,78,20,57,0,23,32,74,38,7
train_05509,training_writers,long_sweep,0.33926043,0.47000000,1.38536640,0,100,13,72,87,78,58,97,49,80,100,58,70,29,47,0,9
train_05510,training_writers,long_sweep,0.35990419,0.47000000,1.30590310,74,100,72,59,16,57,45,95,96,84,100,36,61,0,0,3,9
train_05511,training_writers,compact_trace,0.54133573,0.32000000,0.59113039,4,100,18,98,0,58,43,38,100,48,97,79,80,41,77,0,4
train_05512,training_writers,long_sweep,0.34792641,0.47000000,1.35086038,31,67,35,99,81,100,73,56,37,23,0,2,50,0,100,3,2
train_05513,training_writers,compact_trace,0.51259261,0.32000000,0.62427743,0,57,12,65,52,83,94,100,100,82,75,55,52,28,35,0,1
train_05514,training_writers,compact_trace,0.53600864,0.32000000,0.59700530,77,100,55,75,40,48,36,21,64,0,100,16,49,21,0,10,6
train_05515,training_writers,long_sweep,0.35018881,0.47000000,1.34213314,11,70,0,31,32,0,89,9,100,47,78,84,27,100,2,66,0
train_05516,training_writers,compact_trace,0.52410400,0.32000000,0.61056584,64,100,41,71,5,43,0,36,57,36,100,49,88,36,87,0,4
train_05517,training_writers,compact_trace,0.51875308,0.32000000,0.61686381,32,94,70,100,76,77,68,54,100,35,78,9,37,0,0,9,3
train_05518,training_writers,long_sweep,0.34354674,0.47000000,1.36808169,55,100,33,62,0,26,33,27,92,39,100,77,95,39,86,0,4
train_05519,training_writers,long_sweep,0.34878653,0.47000000,1.34752912,30,89,0,64,22,22,63,0,100,24,90,68,51,97,5,100,0
train_05520,training_writers,compact_trace,0.54360659,0.32000000,0.58866101,30,71,43,100,44,90,38,37,56,0,100,10,42,6,0,5,1
train_05521,training_writers,long_sweep,0.35869418,0.47000000,1.31030840,4,73,53,91,100,100,47,88,20,41,72,36,52,1,0,0,5
train_05522,training_writers,long_sweep,0.35342316,0.47000000,1.32985058,61,100,16,78,0,39,15,0,72,10,100,48,96,88,44,83,0
train_05523,training_writers,compact_trace,0.54631381,0.32000000,0.58574393,49,62,71,100,100,81,83,39,57,1,78,0,51,33,0,49,8
train_05524,training_writers,long_sweep,0.34494781,0.47000000,1.36252496,69,98,22,93,46,71,57,100,85,65,100,22,56,0,0,5,9
train_05525,training_writers,compact_trace,0.54449081,0.32000000,0.58770505,32,80,72,100,82,76,55,47,24,20,0,0,50,7,100,3,2
train_05526,training_writers,compact_trace,0.53233215,0.32000000,0.60112845,57,86,100,100,100,94,56,78,59,45,88,22,47,2,0,0,5
train_05527,training_writers,long_sweep,0.35768005,0.47000000,1.31402354,19,90,4,44,24,0,75,12,100,55,82,99,30,100,0,60,0
train_05528,training_writers,compact_trace,0.53715324,0.32000000,0.59573317,100,85,66,100,36,78,50,50,90,36,87,2,44,0,0,4,5
train_05529,training_writers,long_sweep,0.36439757,0.47000000,1.28980004,21,98,97,100,60,98,7,71,26,50,100,37,78,8,0,0,5
train_05530,training_writers,long_sweep,0.35148765,0.47000000,1.33717357,100,100,55,79,19,53,0,25,26,0,89,8,75,34,7,37,6
train_05531,training_writers,long_sweep,0.34310729,0.47000000,1.36983392,46,95,87,100,92,56,59,20,15,0,0,12,50,14,100,11,2
train_05532,training_writers,compact_trace,0.53336283,0.32000000,0.59996682,7,100,0,78,5,38,63,44,100,78,91,81,87,40,86,0,4
train_05533,training_writers,compact_trace,0.50899081,0.32000000,0.62869504,0,55,20,77,53,100,73,91,93,68,100,45,93,22,47,0,1
train_05534,training_writers,long_sweep,0.34997470,0.47000000,1.34295423,100,100,48,97,12,68,0,33,21,0,76,0,63,27,2,27,6
train_05535,training_writers,compact_trace,0.54111347,0.32000000,0.59137319,0,78,37,100,62,89,51,60,98,45,100,13,53,0,10,14,3
train_05536,training_writers,long_sweep,0.34930410,0.47000000,1.34553246,63,88,34,100,4,70,64,66,99,68,100,29,63,0,0,7,9
train_05537,training_writers,long_sweep,0.35178927,0.47000000,1.33602712,24,95,3,55,28,15,74,0,100,35,84,80,41,100,0,78,0
train_05538,training_writers,compact_trace,0.53243527,0.32000000,0.60101202,0,83,38,100,70,76,65,37,50,0,33,14,56,37,100,49,7
train_05539,training_writers,long_sweep,0.35076627,0.47000000,1.33992359,17,100,12,65,55,42,29,0,0,20,8,74,43,98,100,100,5
train_05540,training_writers,long_sweep,0.35095912,0.47000000,1.33918732,100,100,46,93,11,62,0,26,42,0,96,18,55,31,35,2,6
train_05541,training_writers,compact_trace,0.54554548,0.32000000,0.58656887,0,91,40,100,64,72,54,36,45,0,13,30,45,42,100,45,7
train_05542,training_writers,long_sweep,0.34295147,0.47000000,1.37045630,25,100,71,93,77,57,59,20,30,0,0,28,50,25,100,14,7
train_05543,training_writers,long_sweep,0.35692828,0.47000000,1.31679116,53,97,31,66,44,20,9,0,0,41,54,67,100,95,37,100,8
train_05544,training_writers,long_sweep,0.33922128,0.47000000,1.38552630,0,87,39,100,73,81,68,38,47,0,22,35,59,52,100,64,7
train_05545,training_writers,compact_trace,0.53955127,0.32000000,0.59308543,47,74,68,100,65,53,37,17,0,0,21,18,60,14,100,11,2
train_05546,training_writers,compact_trace,0.50606752,0.32000000,0.63232669,53,100,41,90,15,66,0,40,46,29,100,30,92,24,93,0,4
train_05547,training_writers,long_sweep,0.33878714,0.47000000,1.38730175,31,100,0,69,31,48,100,52,100,91,84,79,72,39,59,0,4
train_05548,training_writers,compact_trace,0.53958911,0.32000000,0.59304384,31,77,35,100,69,86,51,43,19,8,0,3,49,3,100,0,2
train_05549,training_writers,long_sweep,0.36122789,0.47000000,1.30111770,59,77,60,44,69,0,0,6,36,43,100,72,96,100,31,75,8
train_05550,training_writers,long_sweep,0.36907943,0.47000000,1.27343863,55,100,43,41,100,42,61,96,45,43,10,0,98,20,0,27,8
train_05551,training_writers,compact_trace,0.53426889,0.32000000,0.59894934,54,89,100,100,71,91,42,64,63,50,83,27,49,2,0,0,5
train_05552,training_writers,long_sweep,0.34983130,0.47000000,1.34350470,34,84,9,64,0,25,41,0,88,27,100,67,68,100,12,85,0
train_05553,training_writers,long_sweep,0.36044967,0.47000000,1.30392684,97,100,48,92,15,56,4,17,63,4,100,34,30,34,0,0,6
train_05554,training_writers,long_sweep,0.36435940,0.47000000,1.28993516,82,83,39,100,10,64,71,33,72,0,0,10,42,48,100,82,8
train_05555,training_writers,long_sweep,0.35402253,0.47000000,1.32759914,13,100,0,43,25,0,67,0,100,34,95,87,55,100,15,92,0
train_05556,training_writers,long_sweep,0.34049327,0.47000000,1.38035035,27,95,18,56,38,23,4,0,0,51,21,91,60,100,100,99,5
train_05557,training_writers,compact_trace,0.54355734,0.32000000,0.58871434,0,95,36,100,66,85,48,43,31,0,16,25,48,46,100,51,7
train_05558,training_writers,long_sweep,0.36340326,0.47000000,1.29332907,23,94,8,59,83,45,64,0,24,2,0,48,23,92,100,100,5
train_05559,training_writers,compact_trace,0.52918059,0.32000000,0.60470850,100,100,61,82,30,58,6,30,0,0,44,2,43,21,2,9,6
train_05560,training_writers,compact_trace,0.50127899,0.32000000,0.63836707,0,63,21,63,63,80,99,100,100,80,99,52,99,24,96,0,1
train_05561,training_writers,compact_trace,0.54653437,0.32000000,0.58550755,0,63,7,30,36,0,73,10,100,49,86,93,49,100,18,71,0
train_05562,training_writers,compact_trace,0.51149156,0.32000000,0.62562127,0,85,22,100,50,88,43,52,20,21,27,2,65,0,100,2,2
train_05563,training_writers,compact_trace,0.51850085,0.32000000,0.61716389,19,76,34,100,41,66,27,32,0,7,25,3,63,0,100,6,2
train_05564,training_writers,long_sweep,0.36539695,0.47000000,1.28627238,39,90,0,69,72,55,69,12,2,0,7,47,22,91,100,100,5
train_05565,training_writers,compact_trace,0.50630014,0.32000000,0.63203617,0,82,24,100,53,87,57,59,47,33,32,7,62,0,100,1,2
train_05566,training_writers,long_sweep,0.35356471,0.47000000,1.32931817,5,100,52,100,96,79,84,38,60,0,100,13,53,34,0,49,7
train_05567,training_writers,long_sweep,0.36752641,0.47000000,1.27881965,11,77,84,63,79,100,0,83,56,67,100,56,87,7,1,0,9
train_05568,training_writers,long_sweep,0.33931845,0.47000000,1.38512951,62,57,100,81,75,100,23,85,0,58,55,50,90,32,84,0,9
train_05569,training_writers,compact_trace,0.51259745,0.32000000,0.62427154,17,81,46,90,100,100,83,80,59,60,37,40,13,20,0,0,1
train_05570,training_writers,long_sweep,0.34366554,0.47000000,1.36760873,50,84,85,100,100,64,73,27,32,0,0,18,45,31,81,0,2
train_05571,training_writers,long_sweep,0.36445659,0.47000000,1.28959115,25,93,0,55,22,0,76,5,100,59,61,100,15,67,11,7,0
train_05572,training_writers,compact_trace,0.52985877,0.32000000,0.60393452,24,100,77,93,100,72,71,48,46,23,28,0,0,24,31,35,7
train_05573,training_writers,long_sweep,0.34142806,0.47000000,1.37657111,31,74,71,100,74,79,62,35,44,0,0,4,50,4,100,7,1
train_05574,training_writers,long_sweep,0.36579599,0.47000000,1.28486921,95,88,23,100,57,62,100,24,42,0,0,31,44,69,87,97,8
train_05575,training_writers,long_sweep,0.35112996,0.47000000,1.33853573,60,62,92,72,100,100,30,82,0,54,73,68,73,40,51,0,9
train_05576,training_writers,long_sweep,0.33951374,0.47000000,1.38433280,0,98,57,100,100,88,75,52,61,13,55,0,30,36,77,49,7
train_05577,training_writers,long_sweep,0.34157289,0.47000000,1.37598743,23,71,61,100,70,92,52,46,41,0,0,8,50,11,100,14,1
train_05578,training_writers,long_sweep,0.34991285,0.47000000,1.34319161,0,91,34,100,100,77,99,38,71,0,90,7,85,30,0,25,7
train_05579,training_writers,compact_trace,0.53168736,0.32000000,0.60185745,5,32,36,54,71,75,100,100,71,78,43,53,17,27,0,0,1
train_05580,training_writers,long_sweep,0.35699266,0.47000000,1.31655367,30,97,93,100,100,99,34,93,1,59,62,43,53,0,0,13,5
train_05581,training_writers,compact_trace,0.54148791,0.32000000,0.59096426,0,78,36,100,81,87,62,57,84,51,100,18,57,0,12,13,3
train_05582,training_writers,long_sweep,0.35152466,0.47000000,1.33703278,0,80,47,100,100,99,82,60,50,25,23,0,33,36,89,44,7
train_05583,training_writers,long_sweep,0.35635599,0.47000000,1.31890585,0,99,84,100,100,74,70,44,41,15,16,0,4,27,90,27,7
train_05584,training_writers,long_sweep,0.35168675,0.47000000,1.33641659,43,91,9,59,0,14,43,0,85,22,100,67,68,100,21,97,0
train_05585,training_writers,compact_trace,0.53162796,0.32000000,0.60192470,3,40,14,59,55,81,100,100,82,76,51,51,21,26,0,0,1
train_05586,training_writers,compact_trace,0.54684832,0.32000000,0.58517141,23,79,59,100,62,60,36,21,0,0,19,30,60,25,100,16,2
train_05587,training_writers,compact_trace,0.54107734,0.32000000,0.59141268,28,75,42,100,87,95,68,61,87,42,100,10,51,0,0,12,3
train_05588,training_writers,long_sweep,0.36812474,0.47000000,1.27674114,51,65,59,100,0,72,63,37,100,1,4,0,15,37,99,62,8
train_05589,training_writers,compact_trace,0.53937202,0.32000000,0.59328254,0,81,41,100,76,81,69,40,55,0,30,16,51,31,100,32,7
train_05590,training_writers,compact_trace,0.54001355,0.32000000,0.59257773,55,98,85,100,90,70,62,43,27,20,0,1,50,5,100,0,2
train_05591,training_writers,compact_trace,0.54653378,0.32000000,0.58550818,93,67,83,100,35,88,71,85,100,93,72,59,39,28,0,0,9
train_05592,training_writers,long_sweep,0.34543227,0.47000000,1.36061403,49,100,8,93,0,60,45,82,61,57,100,28,73,0,8,2,9
train_05593,training_writers,compact_trace,0.53176222,0.32000000,0.60177272,20,100,10,69,0,38,38,23,94,30,100,60,81,30,72,0,4
train_05594,training_writers,long_sweep,0.34752206,0.47000000,1.35243212,66,100,28,84,8,50,14,14,61,0,100,21,51,36,0,28,6
train_05595,training_writers,compact_trace,0.52067751,0.32000000,0.61458387,36,100,30,100,5,57,0,38,78,30,100,54,95,38,94,0,4
train_05596,training_writers,long_sweep,0.34847601,0.47000000,1.34872985,0,100,62,97,100,76,68,46,34,17,23,0,7,33,72,36,7
train_05597,training_writers,compact_trace,0.51301483,0.32000000,0.62376364,21,85,92,100,100,99,71,79,46,59,21,39,0,19,4,0,1
train_05598,training_writers,compact_trace,0.53780016,0.32000000,0.59501656,91,79,44,68,0,74,24,100,69,91,83,61,89,30,100,0,9
train_05599,training_writers,compact_trace,0.52868319,0.32000000,0.60527743,20,73,39,100,55,69,32,31,0,4,22,0,61,1,100,2,2
train_05600,training_writers,long_sweep,0.35717532,0.47000000,1.31588038,93,77,51,100,3,77,0,32,39,0,90,20,100,63,54,84,0
train_05601,training_writers,compact_trace,0.52106009,0.32000000,0.61413262,0,39,39,59,80,82,100,100,74,76,52,51,37,25,33,0,1
train_05602,training_writers,long_sweep,0.36174966,0.47000000,1.29924101,78,97,44,68,100,30,65,0,38,35,84,77,76,100,0,72,8
train_05603,training_writers,long_sweep,0.36114806,0.47000000,1.30140530,14,70,58,36,28,0,0,30,48,66,100,100,46,95,22,55,8
train_05604,training_writers,compact_trace,0.51085006,0.32000000,0.62640690,0,80,35,84,84,100,100,89,82,67,63,44,41,22,22,0,1
train_05605,training_writers,long_sweep,0.34057812,0.47000000,1.38000643,0,94,47,100,99,92,100,60,75,30,52,0,22,28,67,39,7
train_05606,training_writers,long_sweep,0.35231272,0.47000000,1.33404210,39,75,46,100,95,83,80,41,41,6,0,6,50,28,100,0,2
train_05607,training_writers,compact_trace,0.51802725,0.32000000,0.61772813,0,63,29,83,67,100,100,97,84,72,61,48,40,23,19,0,1
train_05608,training_writers,long_sweep,0.35727876,0.47000000,1.31549942,100,100,46,82,13,54,0,23,38,0,99,11,68,35,1,30,6
train_05609,training_writers,long_sweep,0.36315609,0.47000000,1.29420934,68,90,62,80,100,34,54,0,0,21,55,58,97,100,29,96,8
train_05610,training_writers,long_sweep,0.34871855,0.47000000,1.34779180,68,100,23,78,2,51,0,24,32,0,100,8,85,30,15,24,6
train_05611,training_writers,compact_trace,0.53933246,0.32000000,0.59332606,43,100,28,75,0,45,26,26,95,32,100,60,75,32,59,0,4
train_05612,training_writers,long_sweep,0.34888770,0.47000000,1.34713836,99,100,66,100,18,94,30,57,86,49,100,15,48,0,0,12,5
train_05613,training_writers,compact_trace,0.53655991,0.32000000,0.59639193,0,100,14,99,63,82,61,40,34,0,17,19,45,33,100,39,7
train_05614,training_writers,long_sweep,0.35627375,0.47000000,1.31921030,26,67,0,38,29,0,81,20,100,66,64,100,17,74,26,28,0
train_05615,training_writers,compact_trace,0.51048926,0.32000000,0.62684962,0,52,52,75,87,100,65,84,63,58,72,32,98,7,100,0,1
train_05616,training_writers,compact_trace,0.51761369,0.32000000,0.61822167,13,65,0,94,38,98,78,100,100,93,83,63,67,32,57,0,7
train_05617,training_writers,long_sweep,0.35418079,0.47000000,1.32700590,100,100,46,88,23,59,12,30,28,0,96,6,77,31,0,25,6
train_05618,training_writers,long_sweep,0.34209585,0.47000000,1.37388394,99,81,62,100,27,81,68,59,100,63,91,21,50,0,0,7,9
train_05619,training_writers,compact_trace,0.54263649,0.32000000,0.58971339,97,94,58,100,30,76,67,58,100,35,84,4,37,0,0,15,5
train_05620,training_writers,compact_trace,0.51751347,0.32000000,0.61834140,0,74,29,100,37,94,30,62,23,30,12,0,47,10,100,12,1
train_05621,training_writers,long_sweep,0.36105133,0.47000000,1.30175396,0,59,55,87,100,100,88,56,89,12,32,3,5,2,88,0,1
train_05622,training_writers,long_sweep,0.35674305,0.47000000,1.31747487,5,87,5,30,41,0,83,9,100,58,70,100,29,95,0,51,0
train_05623,training_writers,compact_trace,0.53936460,0.32000000,0.59329070,54,88,100,100,85,94,38,80,59,59,83,29,47,1,0,0,5
train_05624,training_writers,long_sweep,0.35574834,0.47000000,1.32115867,8,87,0,41,21,0,70,16,100,55,97,100,45,97,9,63,0
train_05625,training_writers,long_sweep,0.33944145,0.50000000,1.47300808,2,64,31,33,47,3,0,0,3,39,8,74,54,89,100,100,5
train_05626,training_writers,compact_trace,0.50527211,0.32000000,0.63332212,100,100,6,98,0,81,0,65,6,48,6,32,12,16,44,0,1
train_05627,training_writers,compact_trace,0.50374412,0.32000000,0.63524315,100,92,79,100,47,89,46,61,68,37,66,9,34,0,0,1,5
train_05628,training_writers,long_sweep,0.34695325,0.47000000,1.35464937,42,87,100,100,80,96,30,77,52,62,94,45,57,15,0,0,5
train_05629,training_writers,compact_trace,0.52564033,0.32000000,0.60878129,100,100,57,100,29,77,22,54,65,53,61,16,22,0,0,9,5
train_05630,training_writers,long_sweep,0.34887863,0.47000000,1.34717338,100,100,56,93,21,63,0,31,19,0,79,6,77,37,17,29,6
train_05631,training_writers,long_sweep,0.35213237,0.47000000,1.33472536,100,100,42,83,21,56,18,27,34,0,100,0,71,18,0,7,6
train_05632,training_writers,rising_tail,0.26268317,0.40000000,1.52274696,30,85,9,64,38,30,7,0,0,24,14,64,51,89,100,100,5
train_05633,training_writers,long_sweep,0.34232732,0.47000000,1.37295499,70,67,100,86,55,100,0,82,26,62,92,58,80,29,75,0,9
train_05634,training_writers,long_sweep,0.34804382,0.47000000,1.35040465,100,100,41,92,20,60,38,24,0,0,0,24,47,48,97,71,8
train_05635,training_writers,long_sweep,0.36392454,0.47000000,1.29147651,17,83,62,73,100,99,14,100,47,79,98,56,56,26,0,0,9
train_05636,training_writers,long_sweep,0.33983531,0.47000000,1.38302286,0,96,50,100,100,94,95,60,70,27,55,0,30,25,82,23,7
train_05637,training_writers,compact_trace,0.51163721,0.32000000,0.62544317,20,100,18,81,3,50,0,30,61,29,100,45,87,26,86,0,4
train_05638,training_writers,compact_trace,0.52783936,0.32000000,0.60624506,0,63,60,78,100,100,93,91,86,67,86,41,79,16,24,0,1
train_05639,training_writers,long_sweep,0.34354934,0.47000000,1.36807132,0,100,56,96,100,77,73,43,45,10,53,0,85,31,30,33,7
train_05640,training_writers,long_sweep,0.35043767,0.47000000,1.34118000,15,77,27,100,90,87,88,59,52,33,0,12,23,0,100,2,2
train_05641,training_writers,compact_trace,0.51942708,0.32000000,0.61606338,0,37,10,55,72,77,100,100,83,75,72,50,55,25,41,0,1
train_05642,training_writers,long_sweep,0.34319817,0.47000000,1.36947116,0,83,50,100,92,75,66,38,36,0,34,6,28,34,100,36,7
train_05643,training_writers,long_sweep,0.35283887,0.47000000,1.33205280,14,100,75,97,74,99,21,80,42,52,100,24,51,0,0,23,5
train_05644,training_writers,long_sweep,0.36448499,0.47000000,1.28949068,18,73,100,80,95,100,10,80,0,54,92,68,92,40,58,0,9
train_05645,training_writers,compact_trace,0.53419799,0.32000000,0.59902883,100,85,67,100,56,66,96,79,90,65,86,28,54,0,0,11,9
train_05646,training_writers,compact_trace,0.54400957,0.32000000,0.58822495,52,80,82,100,89,72,52,47,98,33,100,9,50,1,0,0,3
train_05647,training_writers,long_sweep,0.33941038,0.47000000,1.38475434,49,90,33,88,74,100,69,55,39,18,0,3,49,3,100,0,2
train_05648,training_writers,long_sweep,0.35307109,0.47000000,1.33117668,4,58,19,15,66,0,100,33,99,78,57,100,15,71,0,29,0
train_05649,training_writers,compact_trace,0.54474519,0.32000000,0.58743061,0,69,44,88,59,100,54,67,53,34,44,1,14,3,100,0,1
train_05650,training_writers,compact_trace,0.54258834,0.32000000,0.58976572,32,84,66,100,70,57,40,25,0,15,23,33,63,22,100,0,2
train_05651,training_writers,compact_trace,0.52094638,0.32000000,0.61426667,46,82,65,100,69,72,39,47,0,28,12,20,56,9,100,0,2
train_05652,training_writers,compact_trace,0.52321213,0.32000000,0.61160661,38,90,77,100,80,76,67,55,100,35,82,8,39,0,0,14,3
train_05653,training_writers,long_sweep,0.34893087,0.47000000,1.34697167,78,100,34,79,9,52,0,24,29,0,100,7,76,23,13,9,6
train_05654,training_writers,long_sweep,0.34718974,0.47000000,1.35372664,100,100,60,94,33,62,22,29,47,0,98,12,58,35,0,27,6
train_05655,training_writers,long_sweep,0.35418365,0.47000000,1.32699518,55,95,0,100,26,67,64,33,50,0,16,29,47,63,100,90,8
train_05656,training_writers,compact_trace,0.51312069,0.32000000,0.62363496,100,82,75,100,54,76,82,86,69,55,60,23,35,0,0,4,9
train_05657,training_writers,long_sweep,0.35102909,0.47000000,1.33892038,72,88,13,100,0,67,28,30,22,0,3,34,51,62,100,90,8
train_05658,training_writers,long_sweep,0.33825203,0.47000000,1.38949645,100,100,54,99,15,80,20,47,64,56,80,24,46,0,0,2,5
train_05659,training_writers,compact_trace,0.51899617,0.32000000,0.61657488,35,80,50,100,63,72,59,54,100,41,89,13,46,0,0,0,3
train_05660,training_writers,compact_trace,0.52038938,0.32000000,0.61492416,25,81,43,100,46,61,29,27,0,5,34,2,68,0,100,7,2
train_05661,training_writers,compact_trace,0.54660797,0.32000000,0.58542871,30,83,64,100,100,85,64,63,98,41,98,14,48,0,0,10,3
train_05662,training_writers,long_sweep,0.34550867,0.47000000,1.36031320,9,67,16,23,52,0,91,21,100,65,74,100,30,97,0,65,0
train_05663,training_writers,compact_trace,0.51275936,0.32000000,0.62407442,0,42,44,64,74,87,100,100,79,75,67,50,59,25,56,0,1
train_05664,training_writers,compact_trace,0.51467125,0.32000000,0.62175612,0,65,46,80,88,100,100,94,76,69,53,45,29,20,26,0,1
train_05665,training_writers,long_sweep,0.36089812,0.47000000,1.30230659,0,79,28,58,99,80,48,100,12,79,100,68,87,34,84,0,9
train_05666,training_writers,long_sweep,0.33849590,0.47000000,1.38849539,40,92,100,100,97,94,43,77,57,54,89,27,55,0,0,8,5
train_05667,training_writers,compact_trace,0.52080131,0.32000000,0.61443778,20,91,59,100,100,91,84,71,52,53,64,32,39,12,0,0,3
train_05668,training_writers,long_sweep,0.33968425,0.47000000,1.38363788,35,80,73,100,95,84,55,62,100,44,97,14,49,0,0,9,3
train_05669,training_writers,compact_trace,0.52320486,0.32000000,0.61161511,46,89,79,100,85,73,67,61,100,40,76,12,27,0,0,22,3
train_05670,training_writers,long_sweep,0.34093310,0.47000000,1.37856959,23,73,0,38,19,0,60,1,93,29,100,74,67,100,32,79,0
train_05671,training_writers,long_sweep,0.36265405,0.47000000,1.29600097,32,84,52,43,94,72,36,100,33,80,100,56,74,15,0,0,9
train_05672,training_writers,long_sweep,0.35649960,0.47000000,1.31837456,75,100,26,87,0,51,4,13,64,0,100,29,37,37,15,5,6
train_05673,training_writers,long_sweep,0.35149039,0.47000000,1.33716317,100,100,54,79,19,52,1,22,35,0,92,9,46,26,0,12,6
train_05674,training_writers,compact_trace,0.54576356,0.32000000,0.58633450,0,66,30,90,69,100,65,62,39,29,12,1,57,0,100,3,2
train_05675,training_writers,long_sweep,0.36376915,0.47000000,1.29202820,74,88,15,100,25,61,82,27,56,0,0,23,52,58,100,90,8
train_05676,training_writers,compact_trace,0.52540950,0.32000000,0.60904875,35,77,53,100,66,74,42,45,8,19,0,15,51,11,100,0,2
train_05677,training_writers,compact_trace,0.54196594,0.32000000,0.59044301,31,81,51,100,83,85,50,62,88,41,100,14,53,0,0,5,3
train_05678,training_writers,long_sweep,0.36272797,0.47000000,1.29573686,22,100,0,54,18,10,100,14,94,56,63,100,59,50,60,0,4
train_05679,training_writers,compact_trace,0.52584922,0.32000000,0.60853946,0,99,48,100,67,84,56,43,56,0,43,1,52,29,100,39,7
train_05680,training_writers,long_sweep,0.34368738,0.47000000,1.36752185,53,100,23,75,3,48,0,20,41,0,100,6,67,25,8,16,6
train_05681,training_writers,compact_trace,0.52654223,0.32000000,0.60773853,47,80,80,97,100,100,59,89,29,63,54,33,40,4,0,0,5
train_05682,training_writers,long_sweep,0.35859247,0.47000000,1.31068006,69,100,71,86,12,57,0,24,69,0,100,30,12,39,31,12,6
train_05683,training_writers,long_sweep,0.34795561,0.47000000,1.35074701,99,100,76,84,40,56,14,24,46,0,100,13,57,31,0,23,6
train_05684,training_writers,long_sweep,0.34964458,0.47000000,1.34422218,2,81,13,51,61,43,41,0,12,25,0,72,45,91,100,100,5
train_05685,training_writers,long_sweep,0.35865983,0.47000000,1.31043391,50,100,20,60,32,13,84,0,100,45,79,90,25,98,0,56,0
train_05686,training_writers,long_sweep,0.34538900,0.47000000,1.36078450,17,77,50,100,100,99,60,75,83,52,97,16,51,0,0,0,3
train_05687,training_writers,long_sweep,0.34480812,0.47000000,1.36307693,67,73,40,100,10,69,34,31,29,0,0,24,51,47,100,72,8
train_05688,training_writers,compact_trace,0.54508883,0.32000000,0.58706027,64,100,26,89,0,62,50,52,100,71,76,56,47,28,27,0,4
train_05689,training_writers,compact_trace,0.53335158,0.32000000,0.59997948,2,78,35,100,56,78,35,40,0,11,5,4,53,2,100,0,2
train_05690,training_writers,compact_trace,0.53350976,0.32000000,0.59980158,100,100,74,92,44,63,19,32,22,0,67,6,38,24,0,5,6
train_05691,training_writers,compact_trace,0.52855929,0.32000000,0.60541931,35,100,25,77,0,49,35,34,98,31,100,56,82,27,66,0,4
train_05692,training_writers,long_sweep,0.36831547,0.47000000,1.27607997,52,100,0,36,36,0,100,52,40,73,15,45,65,60,5,2,0
train_05693,training_writers,compact_trace,0.54281070,0.32000000,0.58952412,40,87,87,100,100,75,59,53,88,50,91,19,48,0,0,11,3
train_05694,training_writers,long_sweep,0.35623013,0.47000000,1.31937182,85,100,71,100,25,68,0,32,31,0,100,16,78,49,7,67,6
train_05695,training_writers,long_sweep,0.35029972,0.47000000,1.34170819,0,100,62,89,71,59,54,29,40,0,2,20,5,42,100,49,7
train_05696,training_writers,long_sweep,0.36316510,0.47000000,1.29417723,49,92,58,48,66,4,0,0,39,36,100,65,92,100,25,88,8
train_05697,training_writers,long_sweep,0.36553612,0.47000000,1.28578266,25,85,68,51,91,13,16,0,50,33,100,65,79,100,0,89,8
train_05698,training_writers,long_sweep,0.35072777,0.47000000,1.34007068,56,100,17,72,0,29,34,0,79,20,100,60,74,96,31,83,0
train_05699,training_writers,long_sweep,0.35288406,0.47000000,1.33188222,48,98,16,69,0,32,29,0,84,22,100,60,86,98,24,100,0
train_05700,training_writers,compact_trace,0.50330465,0.32000000,0.63579782,0,100,2,83,4,53,43,41,86,55,100,57,79,29,77,0,4
train_05701,training_writers,compact_trace,0.51380240,0.32000000,0.62280752,0,85,31,100,60,91,54,51,33,18,33,0,66,3,100,6,2
train_05702,training_writers,long_sweep,0.34760814,0.47000000,1.35209722,34,77,77,100,100,74,75,43,40,16,0,0,0,24,79,26,7
train_05703,training_writers,long_sweep,0.36049903,0.47000000,1.30374830,87,95,28,76,0,37,18,0,77,23,100,64,74,100,23,75,0
train_05704,training_writers,compact_trace,0.49593694,0.32000000,0.64524332,0,86,22,100,49,92,46,63,35,35,45,9,72,1,100,0,2
train_05705,training_writers,compact_trace,0.49843692,0.32000000,0.64200701,38,100,18,88,0,61,15,37,52,35,90,38,100,26,91,0,4
train_05706,training_writers,long_sweep,0.35719774,0.47000000,1.31579779,13,67,0,93,78,100,100,71,60,41,9,15,9,0,89,6,2
train_05707,training_writers,compact_trace,0.53892972,0.32000000,0.59376945,2,87,35,100,49,76,39,53,93,44,100,19,57,1,0,0,3
train_05708,training_writers,long_sweep,0.35537593,0.47000000,1.32254316,16,78,0,38,31,0,74,13,100,59,71,100,28,91,11,39,0
train_05709,training_writers,long_sweep,0.35269739,0.47000000,1.33258713,51,100,23,74,7,34,35,0,99,6,100,34,34,31,0,1,6
train_05710,training_writers,long_sweep,0.34900362,0.47000000,1.34669091,65,100,46,91,2,58,0,31,66,31,100,60,49,39,20,0,4
train_05711,training_writers,long_sweep,0.34256379,0.47000000,1.37200723,72,94,25,100,26,71,25,36,72,44,100,18,55,0,0,2,5
train_05712,training_writers,long_sweep,0.35035321,0.47000000,1.34150334,96,73,44,55,0,74,32,100,88,91,100,58,83,24,42,0,9
train_05713,training_writers,compact_trace,0.54166161,0.32000000,0.59077475,6,100,0,68,37,50,90,51,100,89,79,84,58,43,48,0,4
train_05714,training_writers,long_sweep,0.35163639,0.47000000,1.33660795,25,79,5,36,32,0,75,19,100,60,81,100,35,94,0,62,0
train_05715,training_writers,compact_trace,0.52842397,0.32000000,0.60557435,47,85,41,100,77,82,61,53,100,36,93,10,43,0,0,10,3
train_05716,training_writers,compact_trace,0.52329001,0.32000000,0.61151559,100,100,76,97,44,70,16,40,0,6,34,0,43,31,9,32,6
train_05717,training_writers,compact_trace,0.53927891,0.32000000,0.59338497,0,69,5,92,62,100,100,82,80,53,97,26,97,2,38,0,3
train_05718,training_writers,long_sweep,0.34408797,0.47000000,1.36592977,100,100,67,86,26,60,0,31,16,0,71,7,65,36,5,48,6
train_05719,training_writers,long_sweep,0.34791677,0.47000000,1.35089781,27,84,27,56,74,30,42,0,17,27,0,64,35,94,100,100,5
train_05720,training_writers,compact_trace,0.47785310,0.32000000,0.66966187,100,100,62,90,56,75,38,60,25,45,12,30,0,15,0,0,1
train_05721,training_writers,compact_trace,0.51823054,0.32000000,0.61748580,18,88,47,100,47,71,21,47,0,21,22,1,61,0,100,3,2
train_05722,training_writers,long_sweep,0.36740336,0.47000000,1.27924796,92,78,27,100,0,67,67,36,100,0,14,5,40,44,95,76,8
train_05723,training_writers,compact_trace,0.52249750,0.32000000,0.61244312,2,100,11,94,0,57,51,41,94,64,100,72,77,36,60,0,4
train_05724,training_writers,compact_trace,0.51985959,0.32000000,0.61555082,41,100,26,100,0,75,6,47,55,41,100,49,70,25,79,0,4
train_05725,training_writers,compact_trace,0.53705241,0.32000000,0.59584501,45,100,4,75,0,47,80,39,100,64,82,57,66,28,68,0,4
train_05726,training_writers,compact_trace,0.50951863,0.32000000,0.62804377,0,67,30,79,83,98,100,100,85,75,70,50,55,25,40,0,1
train_05727,training_writers,compact_trace,0.54560189,0.32000000,0.58650823,22,76,54,100,62,58,39,20,0,0,13,24,57,27,100,23,2
train_05728,training_writers,long_sweep,0.34562806,0.47000000,1.35984329,0,100,60,99,68,68,59,34,54,0,100,15,68,35,8,44,7
train_05729,training_writers,compact_trace,0.54174359,0.32000000,0.59068535,35,80,69,100,66,58,39,24,0,0,9,13,54,13,100,7,2
train_05730,training_writers,long_sweep,0.35057681,0.47000000,1.34064772,100,100,53,80,22,50,5,16,46,0,92,19,51,33,0,19,6
train_05731,training_writers,long_sweep,0.34853684,0.47000000,1.34849448,25,85,24,62,55,100,42,55,49,8,0,0,46,3,100,5,1
train_05732,training_writers,compact_trace,0.51372190,0.32000000,0.62290512,0,34,35,55,68,78,100,100,92,79,75,53,62,27,61,0,1
train_05733,training_writers,long_sweep,0.34942446,0.47000000,1.34506896,0,96,43,100,100,86,75,51,48,16,33,0,17,33,88,36,7
train_05734,training_writers,compact_trace,0.53882081,0.32000000,0.59388946,100,100,59,81,29,55,4,26,11,0,60,12,51,30,0,21,6
train_05735,training_writers,long_sweep,0.36344063,0.47000000,1.29319609,46,62,85,96,15,100,12,60,44,19,0,0,28,37,100,55,8
train_05736,training_writers,compact_trace,0.54419019,0.32000000,0.58802971,47,100,30,73,0,40,22,21,89,23,100,55,71,34,49,0,4
train_05737,training_writers,compact_trace,0.50449768,0.32000000,0.63429430,0,52,38,73,72,95,100,100,94,75,91,50,87,25,87,0,1
train_05738,training_writers,long_sweep,0.34519042,0.47000000,1.36156734,0,82,40,100,97,99,99,62,81,23,56,0,40,28,100,32,7
train_05739,training_writers,compact_trace,0.53909938,0.32000000,0.59358257,0,93,43,100,68,75,60,38,62,0,100,24,83,41,34,45,7
train_05740,training_writers,compact_trace,0.51384966,0.32000000,0.62275024,19,74,52,85,100,100,95,82,70,60,41,39,14,17,0,0,1
train_05741,training_writers,compact_trace,0.53328823,0.32000000,0.60005074,0,100,18,93,9,56,51,32,100,53,84,74,70,37,64,0,4
train_05742,training_writers,compact_trace,0.54353913,0.32000000,0.58873406,77,100,42,79,14,57,0,33,16,9,77,0,100,17,42,21,6
train_05743,training_writers,compact_trace,0.54548855,0.32000000,0.58663009,5,87,50,100,100,98,73,75,36,56,65,36,44,15,0,0,3
train_05744,training_writers,compact_trace,0.51249896,0.32000000,0.62439151,0,42,38,61,74,82,100,100,85,75,69,50,57,25,55,0,1
train_05745,training_writers,compact_trace,0.54760049,0.32000000,0.58436763,35,90,43,61,62,25,21,0,0,19,17,59,46,93,100,100,5
train_05746,training_writers,compact_trace,0.53747818,0.32000000,0.59537301,9,100,0,72,27,51,100,55,97,86,72,61,53,30,48,0,4
train_05747,training_writers,long_sweep,0.34641760,0.47000000,1.35674402,58,54,98,85,96,100,79,64,52,27,0,0,10,3,100,5,1
train_05748,training_writers,compact_trace,0.52803893,0.32000000,0.60601593,17,85,54,100,90,84,89,57,100,36,97,11,49,0,0,1,3
train_05749,training_writers,long_sweep,0.35027057,0.47000000,1.34181985,69,45,100,75,66,100,9,82,0,48,65,53,98,38,87,0,9
train_05750,training_writers,compact_trace,0.51295365,0.32000000,0.62383804,0,55,37,75,80,94,100,100,80,76,63,51,47,25,39,0,1
train_05751,training_writers,long_sweep,0.34033280,0.47000000,1.38100119,84,100,45,76,0,53,0,32,86,36,100,51,66,26,52,0,4
train_05752,training_writers,compact_trace,0.54121456,0.32000000,0.59126273,30,78,62,100,81,77,59,46,25,19,0,11,50,5,100,0,2
train_05753,training_writers,rising_tail,0.26035810,0.43000000,1.65157141,0,65,28,36,41,0,19,4,5,40,7,79,50,97,100,100,5
train_05754,training_writers,long_sweep,0.34722241,0.47000000,1.35359927,94,75,55,100,0,78,17,45,76,62,100,78,92,36,84,0,9
train_05755,training_writers,compact_trace,0.53346014,0.32000000,0.59985738,100,100,68,87,40,61,12,34,0,5,42,0,59,20,8,15,6
train_05756,training_writers,compact_trace,0.54436356,0.32000000,0.58784243,88,81,43,100,31,74,86,69,100,57,86,17,38,0,0,7,9
train_05757,training_writers,compact_trace,0.53599150,0.32000000,0.59702439,92,77,88,100,46,83,79,69,100,54,97,18,53,0,0,6,9
train_05758,training_writers,long_sweep,0.34588451,0.47000000,1.35883504,100,90,40,100,0,73,75,76,94,95,87,63,75,31,77,0,9
train_05759,training_writers,long_sweep,0.34516460,0.47000000,1.36166917,52,86,27,100,0,73,56,73,100,85,87,48,58,14,5,0,9
train_05760,training_writers,long_sweep,0.33875740,0.47000000,1.38742355,54,75,36,100,78,94,62,55,25,26,0,11,49,4,100,0,2
train_05761,training_writers,long_sweep,0.34501017,0.47000000,1.36227867,0,88,46,100,83,78,66,39,45,0,15,15,32,37,100,38,7
train_05762,training_writers,compact_trace,0.53779371,0.32000000,0.59502369,20,72,51,100,60,69,40,35,12,4,0,12,49,9,100,0,2
train_05763,training_writers,long_sweep,0.36692558,0.47000000,1.28091369,73,86,12,100,0,66,77,35,100,0,6,8,34,48,75,85,8
train_05764,training_writers,long_sweep,0.34277283,0.47000000,1.37117053,32,90,74,100,82,58,50,23,3,4,0,18,52,17,100,0,2
train_05765,training_writers,long_sweep,0.34613867,0.47000000,1.35783732,0,88,39,100,97,87,84,47,67,7,38,0,33,26,100,35,7
train_05766,training_writers,compact_trace,0.53529814,0.32000000,0.59779770,2,55,50,76,93,100,100,98,90,70,83,42,62,14,0,0,1
train_05767,training_writers,compact_trace,0.51460975,0.32000000,0.62183042,9,92,0,96,47,100,93,96,100,71,76,47,51,23,27,0,7
train_05768,training_writers,long_sweep,0.36299510,0.47000000,1.29478332,12,96,3,66,76,40,64,0,16,17,0,60,7,98,100,100,5
train_05769,training_writers,long_sweep,0.35455982,0.47000000,1.32558731,28,97,2,70,47,39,61,0,24,24,0,67,39,94,100,100,5
train_05770,training_writers,compact_trace,0.52604085,0.32000000,0.60831777,100,96,65,98,61,80,99,100,81,66,60,32,34,0,0,0,9
train_05771,training_writers,compact_trace,0.51249174,0.32000000,0.62440031,54,86,88,100,100,99,64,89,36,64,50,31,32,0,0,1,5
train_05772,training_writers,long_sweep,0.35127233,0.47000000,1.33799323,100,96,42,100,8,76,0,43,55,42,92,20,62,0,6,8,5
train_05773,training_writers,compact_trace,0.51117851,0.32000000,0.62600441,0,94,39,100,86,100,100,88,70,69,46,47,32,24,40,0,7
train_05774,training_writers,compact_trace,0.50225892,0.32000000,0.63712158,0,77,40,79,83,96,100,100,92,74,81,49,70,23,71,0,1
train_05775,training_writers,long_sweep,0.34502645,0.47000000,1.36221439,11,61,25,100,66,96,62,55,29,23,0,0,50,0,100,1,2
train_05776,training_writers,long_sweep,0.34480923,0.47000000,1.36307254,0,95,51,100,100,90,72,56,50,20,36,0,17,37,69,46,7
train_05777,training_writers,long_sweep,0.35410063,0.47000000,1.32730632,6,100,61,91,38,95,6,67,54,49,100,23,52,0,0,18,5
train_05778,training_writers,compact_trace,0.54627016,0.32000000,0.58579073,0,93,45,100,87,94,71,48,60,0,39,17,53,40,100,37,7
train_05779,training_writers,long_sweep,0.34666046,0.47000000,1.35579350,0,100,58,92,100,74,76,38,63,0,96,12,81,38,24,50,7
train_05780,training_writers,long_sweep,0.35736173,0.47000000,1.31519399,0,79,6,64,41,51,84,21,23,0,16,51,25,100,100,94,5
train_05781,training_writers,compact_trace,0.52756728,0.32000000,0.60655771,0,52,31,78,60,100,56,61,56,22,33,2,55,0,100,2,1
train_05782,training_writers,long_sweep,0.35868370,0.47000000,1.31034671,26,86,0,53,63,40,72,0,29,3,31,49,27,92,100,100,5
train_05783,training_writers,long_sweep,0.34399780,0.47000000,1.36628782,100,100,49,93,17,64,0,31,18,0,71,5,63,32,8,27,6
train_05784,training_writers,compact_trace,0.54224592,0.32000000,0.59013814,74,78,51,100,0,80,44,62,100,84,98,62,92,28,92,0,9
train_05785,training_writers,long_sweep,0.36849117,0.47000000,1.27547153,26,93,15,77,97,45,95,1,0,0,42,45,100,88,23,100,8
train_05786,training_writers,long_sweep,0.33830013,0.47000000,1.38929892,57,100,20,77,0,49,2,19,46,0,100,13,83,38,35,26,6
train_05787,training_writers,compact_trace,0.53769140,0.32000000,0.59513691,9,100,0,59,7,18,39,0,75,7,100,34,99,74,69,95,0
train_05788,training_writers,long_sweep,0.36039542,0.47000000,1.30412311,46,48,100,74,87,100,10,86,30,68,90,58,43,29,0,0,9
train_05789,training_writers,long_sweep,0.36189361,0.47000000,1.29872421,58,58,100,94,45,100,41,59,72,20,10,0,0,31,67,57,8
train_05790,training_writers,long_sweep,0.36135677,0.47000000,1.30065365,80,89,52,97,46,49,59,0,0,6,51,44,100,84,49,100,8
train_05791,training_writers,compact_trace,0.52494045,0.32000000,0.60959295,0,36,29,54,67,76,100,100,80,76,58,50,36,25,18,0,1
train_05792,training_writers,long_sweep,0.33904152,0.47000000,1.38626090,15,91,68,100,81,82,44,56,59,39,100,20,54,1,0,0,3
train_05793,training_writers,compact_trace,0.54006958,0.32000000,0.59251625,100,84,63,100,39,67,86,70,93,71,85,33,58,0,0,2,9
train_05794,training_writers,long_sweep,0.36642099,0.47000000,1.28267760,42,97,0,75,84,73,51,100,13,86,100,73,71,34,18,0,9
train_05795,training_writers,long_sweep,0.34657570,0.47000000,1.35612507,89,100,52,74,30,43,19,11,63,0,100,23,56,44,0,41,6
train_05796,training_writers,long_sweep,0.35688119,0.47000000,1.31696489,0,57,35,95,100,100,95,57,53,19,43,0,60,38,0,63,8
train_05797,training_writers,long_sweep,0.36767020,0.47000000,1.27831952,70,100,2,50,15,1,100,36,70,79,36,56,67,51,0,0,0
train_05798,training_writers,long_sweep,0.34872282,0.47000000,1.34777530,0,96,64,100,100,73,90,41,77,8,53,0,25,26,100,30,7
train_05799,training_writers,long_sweep,0.34617385,0.47000000,1.35769932,60,100,25,76,1,49,0,21,42,0,100,7,62,18,5,6,6
train_05800,training_writers,compact_trace,0.54751417,0.32000000,0.58445976,51,75,45,31,71,0,100,24,96,71,66,100,30,91,0,63,0
train_05801,training_writers,long_sweep,0.35768470,0.47000000,1.31400645,6,91,0,43,25,0,78,9,100,53,82,98,32,100,13,55,0
train_05802,training_writers,long_sweep,0.35663817,0.47000000,1.31786230,19,48,68,72,100,100,89,75,79,46,67,16,0,2,88,0,1
train_05803,training_writers,compact_trace,0.50458789,0.32000000,0.63418089,0,57,10,60,49,80,88,100,100,90,81,61,67,30,58,0,1
train_05804,training_writers,long_sweep,0.36017806,0.47000000,1.30491013,69,100,86,68,98,98,32,81,100,77,98,51,82,6,0,0,9
train_05805,training_writers,long_sweep,0.35282533,0.47000000,1.33210392,63,100,0,72,5,52,93,55,100,73,60,77,34,38,9,0,4
train_05806,training_writers,long_sweep,0.34424965,0.47000000,1.36528823,89,74,70,100,0,98,10,72,80,77,100,68,85,33,55,0,9
train_05807,training_writers,long_sweep,0.34656406,0.47000000,1.35617062,13,95,62,100,72,61,58,19,37,0,0,31,47,37,100,35,7
train_05808,training_writers,long_sweep,0.36074278,0.47000000,1.30286737,20,78,75,75,100,100,0,93,35,77,97,64,82,32,65,0,9
train_05809,training_writers,compact_trace,0.54360387,0.32000000,0.58866394,88,100,42,84,69,66,100,92,92,62,83,26,49,0,0,1,9
train_05810,training_writers,long_sweep,0.34891273,0.47000000,1.34704172,18,84,15,44,39,4,83,0,100,43,83,84,37,100,0,71,0
train_05811,training_writers,long_sweep,0.35459702,0.47000000,1.32544825,0,82,8,35,42,0,88,21,100,66,67,100,22,80,15,35,0
train_05812,training_writers,long_sweep,0.34716857,0.47000000,1.35380919,19,91,0,60,10,17,55,0,94,26,100,70,67,100,23,81,0
train_05813,training_writers,long_sweep,0.35933301,0.47000000,1.30797892,29,100,49,61,97,83,41,95,73,51,100,39,60,0,0,18,9
train_05814,training_writers,long_sweep,0.35349603,0.47000000,1.32957647,83,100,35,80,9,50,4,17,53,0,100,21,55,31,0,15,6
train_05815,training_writers,long_sweep,0.35730129,0.47000000,1.31541647,53,100,21,79,0,39,9,0,73,11,100,49,75,87,9,92,0
train_05816,training_writers,long_sweep,0.33887120,0.47000000,1.38695766,45,78,75,100,100,76,82,43,48,16,0,0,33,8,88,10,2
train_05817,training_writers,long_sweep,0.34476893,0.47000000,1.36323188,0,86,42,100,82,78,64,36,34,0,11,22,47,36,100,41,7
train_05818,training_writers,compact_trace,0.53538559,0.32000000,0.59770006,39,88,47,100,82,81,59,54,24,32,0,7,48,0,100,1,2
train_05819,training_writers,long_sweep,0.36508557,0.47000000,1.28736943,20,98,9,55,71,53,70,0,0,5,10,60,24,93,100,100,5
train_05820,training_writers,compact_trace,0.51289077,0.32000000,0.62391452,100,100,76,78,53,57,33,35,24,12,59,0,53,19,0,21,6
train_05821,training_writers,compact_trace,0.53329482,0.32000000,0.60004333,48,91,91,99,100,100,55,93,25,63,57,34,44,2,0,0,5
train_05822,training_writers,compact_trace,0.53507878,0.32000000,0.59804278,0,93,40,100,60,64,61,20,55,0,25,30,57,40,100,42,7
train_05823,training_writers,long_sweep,0.34980066,0.50000000,1.42938554,100,66,48,75,12,43,0,5,47,0,89,25,86,64,61,100,0
train_05824,training_writers,long_sweep,0.35010100,0.47000000,1.34246975,24,86,21,63,66,32,27,0,1,25,0,72,37,100,100,99,5
train_05825,training_writers,compact_trace,0.54728635,0.32000000,0.58470305,100,71,44,70,53,100,85,86,86,51,90,16,50,0,0,19,9
train_05826,training_writers,long_sweep,0.35555932,0.47000000,1.32186100,10,63,43,100,100,85,75,43,35,6,61,0,58,35,0,66,8
train_05827,training_writers,compact_trace,0.52467388,0.32000000,0.60990267,23,65,67,85,100,100,87,75,77,49,72,23,46,0,0,0,1
train_05828,training_writers,compact_trace,0.52071970,0.32000000,0.61453408,0,91,30,100,48,70,52,33,42,0,27,26,64,28,100,31,7
train_05829,training_writers,long_sweep,0.35608278,0.47000000,1.31991782,100,93,47,100,7,70,43,32,27,0,0,32,36,70,83,100,8
train_05830,training_writers,compact_trace,0.52807871,0.32000000,0.60597027,47,88,45,100,71,76,52,40,19,10,0,13,51,12,100,0,2
train_05831,training_writers,long_sweep,0.36670339,0.47000000,1.28168981,64,87,0,100,35,53,78,6,19,0,61,41,100,82,44,78,8
train_05832,training_writers,long_sweep,0.34823039,0.47000000,1.34968117,50,92,100,100,51,96,22,60,43,42,86,31,49,0,0,0,5
train_05833,training_writers,long_sweep,0.36586451,0.47000000,1.28462856,100,100,21,84,41,44,79,6,0,0,33,39,80,76,49,97,8
train_05834,training_writers,long_sweep,0.36130937,0.47000000,1.30082427,54,83,11,68,44,32,30,0,0,27,49,59,100,90,21,100,8
train_05835,training_writers,long_sweep,0.36030582,0.47000000,1.30444743,43,90,100,100,75,96,2,85,45,70,91,47,64,15,0,0,5
train_05836,training_writers,long_sweep,0.34972722,0.47000000,1.34390455,32,91,11,68,0,23,42,0,85,27,100,71,66,100,20,75,0
train_05837,training_writers,compact_trace,0.52896973,0.32000000,0.60494955,0,78,28,100,58,88,45,56,24,28,12,1,55,0,100,2,2
train_05838,training_writers,compact_trace,0.48738377,0.32000000,0.65656680,0,100,7,91,4,70,7,47,30,31,74,41,80,20,100,0,4
train_05839,training_writers,compact_trace,0.51945081,0.32000000,0.61603523,40,80,61,100,77,76,65,54,100,40,86,13,46,0,0,1,3
train_05840,training_writers,compact_trace,0.54652123,0.32000000,0.58552163,100,100,58,83,30,56,19,25,46,0,84,16,52,40,0,46,6
train_05841,training_writers,compact_trace,0.49607178,0.32000000,0.64506794,0,65,52,78,77,100,77,89,76,66,76,43,77,19,100,0,1
train_05842,training_writers,long_sweep,0.36257879,0.47000000,1.29626998,21,64,55,29,7,0,0,32,55,65,100,100,20,93,12,57,8
train_05843,training_writers,long_sweep,0.36922867,0.47000000,1.27292390,31,87,22,49,83,100,0,74,45,67,23,0,100,37,15,38,8
train_05844,training_writers,compact_trace,0.53668463,0.32000000,0.59625334,74,100,40,85,0,62,36,40,88,49,100,57,70,30,51,0,4
train_05845,training_writers,long_sweep,0.36412294,0.47000000,1.29077285,100,81,40,100,0,66,68,63,95,91,99,49,85,8,5,0,9
train_05846,training_writers,compact_trace,0.53736930,0.32000000,0.59549364,0,69,26,100,54,67,45,23,5,0,6,0,53,0,100,1,2
train_05847,training_writers,long_sweep,0.35415842,0.47000000,1.32708972,89,100,42,84,12,53,7,20,60,0,100,20,50,38,0,19,6
train_05848,training_writers,compact_trace,0.53253476,0.32000000,0.60089974,100,80,48,72,0,81,34,100,66,83,63,55,54,27,54,0,9
train_05849,training_writers,compact_trace,0.54640669,0.32000000,0.58564437,56,91,24,100,47,77,83,87,100,48,99,8,51,0,0,14,9
train_05850,training_writers,long_sweep,0.35671491,0.47000000,1.31757880,68,100,43,58,0,20,61,16,100,43,95,86,93,44,94,0,4
train_05851,training_writers,compact_trace,0.50481956,0.32000000,0.63388986,12,100,6,77,0,50,37,37,94,44,87,53,92,26,100,0,4
train_05852,training_writers,long_sweep,0.34056977,0.47000000,1.38004027,64,100,45,87,6,58,0,23,49,0,100,21,55,43,34,22,6
train_05853,training_writers,compact_trace,0.54226072,0.32000000,0.59012204,14,96,67,100,76,76,53,59,100,40,88,11,36,0,0,5,3
train_05854,training_writers,long_sweep,0.34740207,0.47000000,1.35289924,60,65,95,100,100,76,67,38,37,0,76,8,57,44,0,62,8
train_05855,training_writers,long_sweep,0.36265250,0.47000000,1.29600652,53,92,16,64,76,40,39,0,0,7,7,54,23,98,100,100,5
train_05856,training_writers,long_sweep,0.35002813,0.47000000,1.34274923,71,100,40,70,19,35,21,0,79,4,100,35,42,43,0,21,6
train_05857,training_writers,long_sweep,0.34467416,0.47000000,1.36360674,0,83,26,90,100,100,72,68,38,34,7,0,3,19,46,41,7
train_05858,training_writers,compact_trace,0.54022284,0.32000000,0.59234815,100,100,57,92,57,58,94,84,96,73,86,30,48,0,0,6,9
train_05859,training_writers,compact_trace,0.51989204,0.32000000,0.61551241,13,100,0,71,37,50,100,56,90,76,80,61,81,30,88,0,4
train_05860,training_writers,long_sweep,0.34916820,0.47000000,1.34605614,0,95,63,100,95,85,75,43,64,0,33,14,35,43,100,51,7
train_05861,training_writers,compact_trace,0.51940236,0.32000000,0.61609269,51,86,77,100,64,70,89,58,100,27,75,0,35,0,0,18,3
train_05862,training_writers,long_sweep,0.36221467,0.47000000,1.29757307,100,82,39,100,16,71,56,38,68,2,0,0,21,34,93,55,8
train_05863,training_writers,compact_trace,0.53548121,0.32000000,0.59759333,23,100,3,93,0,61,59,43,100,57,76,61,41,32,20,0,4
train_05864,training_writers,long_sweep,0.34021628,0.47000000,1.38147415,36,82,32,63,67,33,37,0,0,12,26,54,50,94,100,100,5
train_05865,training_writers,long_sweep,0.35879462,0.47000000,1.30994159,16,89,76,100,100,100,32,90,22,62,81,41,67,3,0,0,5
train_05866,training_writers,long_sweep,0.34898207,0.47000000,1.34677407,27,76,74,75,100,100,30,97,0,75,56,55,81,28,68,0,9
train_05867,training_writers,long_sweep,0.34812566,0.47000000,1.35008723,18,73,29,100,92,98,61,71,55,49,100,24,65,0,0,2,3
train_05868,training_writers,compact_trace,0.53513714,0.32000000,0.59797756,35,78,92,100,100,96,85,68,88,40,79,13,0,0,27,4,1
train_05869,training_writers,long_sweep,0.35238666,0.47000000,1.33376219,31,100,0,64,1,16,43,0,83,25,100,71,65,98,20,84,0
train_05870,training_writers,compact_trace,0.54149207,0.32000000,0.59095972,100,100,77,81,48,56,23,30,25,3,81,0,58,22,0,28,6
train_05871,training_writers,long_sweep,0.34293719,0.47000000,1.37051335,7,87,54,100,100,88,69,66,87,37,99,6,51,0,0,8,3
train_05872,training_writers,long_sweep,0.35548715,0.47000000,1.32212938,97,100,83,95,40,69,10,42,10,14,97,0,100,17,0,9,6
train_05873,training_writers,long_sweep,0.33843140,0.47000000,1.38876004,20,67,45,100,17,73,0,38,62,24,100,42,78,32,50,0,4
train_05874,training_writers,long_sweep,0.34342795,0.47000000,1.36855489,13,71,0,35,19,0,67,8,100,38,96,78,55,100,14,82,0
train_05875,training_writers,compact_trace,0.52463995,0.32000000,0.60994211,45,81,54,100,100,90,85,59,87,31,83,2,35,0,0,19,3
train_05876,training_writers,compact_trace,0.53149240,0.32000000,0.60207822,0,89,10,100,46,82,11,58,32,50,94,43,100,18,52,0,3
train_05877,training_writers,compact_trace,0.53507636,0.32000000,0.59804549,0,88,47,100,100,94,97,62,75,31,52,0,38,22,58,43,7
train_05878,training_writers,compact_trace,0.54275702,0.32000000,0.58958242,23,73,60,100,54,76,40,34,22,0,0,15,50,14,100,14,1
train_05879,training_writers,rising_tail,0.25840486,0.43000000,1.66405538,30,71,20,52,40,12,7,0,0,52,24,84,61,95,100,100,5
train_05880,training_writers,compact_trace,0.53730769,0.32000000,0.59556192,94,72,56,72,39,95,88,100,100,73,71,46,37,22,0,0,9
train_05881,training_writers,compact_trace,0.53564736,0.32000000,0.59740796,0,86,39,100,51,66,35,32,8,1,1,0,51,15,100,0,2
train_05882,training_writers,long_sweep,0.36798127,0.47000000,1.27723891,80,84,11,100,19,64,100,35,88,0,0,15,42,52,99,88,8
train_05883,training_writers,long_sweep,0.36678412,0.47000000,1.28140772,69,90,33,61,75,16,12,0,0,38,77,59,100,100,20,95,8
train_05884,training_writers,compact_trace,0.53884315,0.32000000,0.59386484,32,100,57,90,46,51,25,15,6,0,0,38,48,46,100,48,7
train_05885,training_writers,compact_trace,0.53283817,0.32000000,0.60055758,35,78,50,100,100,91,78,61,88,47,95,16,47,0,0,7,3
train_05886,training_writers,compact_trace,0.54149643,0.32000000,0.59095496,14,82,45,100,57,74,43,53,100,51,100,25,58,5,0,0,3
train_05887,training_writers,long_sweep,0.35991994,0.47000000,1.30584596,1,74,23,100,83,87,75,42,49,0,100,2,55,34,0,64,8
train_05888,training_writers,long_sweep,0.34623160,0.47000000,1.35747284,33,89,19,50,35,8,78,0,100,38,85,80,45,100,0,88,0
train_05889,training_writers,compact_trace,0.54308926,0.32000000,0.58922174,33,45,75,70,79,100,72,44,100,10,94,9,37,8,0,0,1
train_05890,training_writers,long_sweep,0.34017856,0.47000000,1.38162736,45,76,49,95,100,100,87,61,48,31,0,13,29,10,82,0,2
train_05891,training_writers,compact_trace,0.51341273,0.32000000,0.62328022,0,27,33,50,76,74,90,100,81,80,76,53,79,26,100,0,1
train_05892,training_writers,compact_trace,0.51237642,0.32000000,0.62454084,12,89,27,100,16,72,0,44,36,24,97,41,100,28,95,0,4
train_05893,training_writers,compact_trace,0.50956049,0.32000000,0.62799217,0,98,20,99,64,100,100,88,92,64,67,43,41,22,22,0,7
train_05894,training_writers,long_sweep,0.33821697,0.47000000,1.38964049,29,100,72,80,65,52,38,25,0,0,2,22,25,47,100,49,7
train_05895,training_writers,compact_trace,0.51365375,0.32000000,0.62298777,0,55,30,67,66,82,100,100,81,82,61,56,46,28,39,0,1
train_05896,training_writers,long_sweep,0.36348100,0.47000000,1.29305247,15,91,2,47,67,53,53,4,5,0,0,56,31,91,100,100,5
train_05897,training_writers,compact_trace,0.51958942,0.32000000,0.61587090,22,100,12,71,0,41,30,26,100,27,99,42,74,30,73,0,4
train_05898,training_writers,compact_trace,0.50788245,0.32000000,0.63006705,0,55,35,67,71,82,100,100,91,76,81,50,68,24,56,0,1
train_05899,training_writers,long_sweep,0.34132695,0.47000000,1.37697886,0,94,59,100,86,75,72,37,61,0,37,10,28,33,100,35,7
train_05900,training_writers,long_sweep,0.36348354,0.47000000,1.29304343,11,58,65,35,67,0,4,19,41,53,100,81,57,100,0,79,8
train_05901,training_writers,compact_trace,0.53687334,0.32000000,0.59604375,69,100,26,88,70,76,72,81,88,49,100,17,56,0,0,4,9
train_05902,training_writers,compact_trace,0.50601946,0.32000000,0.63238674,0,73,63,78,100,100,97,97,88,73,77,47,65,23,55,0,1
train_05903,training_writers,compact_trace,0.54637397,0.32000000,0.58567943,0,72,29,100,61,82,59,34,47,0,24,40,62,49,100,64,7
train_05904,training_writers,long_sweep,0.35694918,0.47000000,1.31671404,16,96,0,59,34,22,100,30,74,77,49,100,46,50,40,0,4
train_05905,training_writers,compact_trace,0.52743923,0.32000000,0.60670496,29,100,23,80,0,51,28,41,100,43,77,62,71,31,66,0,4
train_05906,training_writers,compact_trace,0.54691039,0.32000000,0.58510500,0,88,57,100,78,75,60,37,42,0,21,3,35,27,100,32,7
train_05907,training_writers,compact_trace,0.54365496,0.32000000,0.58860863,36,72,47,100,78,76,55,38,17,8,0,5,50,13,100,0,2
train_05908,training_writers,rising_tail,0.26061371,0.43000000,1.64995157,0,0,45,14,85,34,100,60,88,88,43,100,37,76,88,65,9
train_05909,training_writers,long_sweep,0.34345441,0.47000000,1.36844945,6,93,75,100,100,86,63,58,28,29,0,0,10,27,52,40,7
train_05910,training_writers,compact_trace,0.54718304,0.32000000,0.58481344,23,65,43,91,59,100,47,50,36,1,0,0,50,2,100,2,1
train_05911,training_writers,long_sweep,0.34779719,0.47000000,1.35136226,48,89,100,100,62,92,23,66,58,55,92,36,51,13,0,0,5
train_05912,training_writers,compact_trace,0.53258009,0.32000000,0.60084860,0,100,39,100,52,67,50,32,41,0,21,32,55,43,100,45,7
train_05913,training_writers,compact_trace,0.53380206,0.32000000,0.59947315,38,99,77,100,100,78,66,59,98,35,80,9,37,0,0,9,3
train_05914,training_writers,long_sweep,0.33976401,0.47000000,1.38331310,56,100,19,71,0,38,45,16,84,39,100,66,69,34,52,0,4
train_05915,training_writers,long_sweep,0.34208737,0.47000000,1.37391800,99,80,77,100,28,81,60,62,100,70,84,33,55,0,0,4,9
train_05916,training_writers,compact_trace,0.52927952,0.32000000,0.60459547,0,74,28,100,50,76,29,38,1,8,26,0,63,0,100,3,2
train_05917,training_writers,compact_trace,0.54388348,0.32000000,0.58836132,88,100,37,88,45,60,97,79,100,78,89,40,56,8,0,0,9
train_05918,training_writers,compact_trace,0.52558685,0.32000000,0.60884324,37,75,68,100,100,83,72,54,68,45,86,18,45,0,0,9,3
train_05919,training_writers,long_sweep,0.35421513,0.47000000,1.32687725,5,76,38,100,100,98,88,69,48,44,95,26,61,2,0,0,3
train_05920,training_writers,long_sweep,0.36766799,0.47000000,1.27832723,95,83,17,87,51,48,92,10,0,0,25,37,100,69,94,100,8
train_05921,training_writers,long_sweep,0.34660509,0.47000000,1.35601009,0,92,46,100,100,92,78,51,59,9,38,0,30,28,95,30,7
train_05922,training_writers,compact_trace,0.53833105,0.32000000,0.59442977,26,82,39,100,73,76,63,45,29,20,0,13,53,17,100,0,2
train_05923,training_writers,long_sweep,0.36449721,0.47000000,1.28944746,13,71,51,100,100,78,57,39,15,0,79,8,25,44,0,82,8
train_05924,training_writers,long_sweep,0.35709000,0.47000000,1.31619480,64,93,25,56,0,9,37,0,78,35,100,81,61,100,18,70,0
train_05925,training_writers,long_sweep,0.34731692,0.47000000,1.35323094,29,100,19,65,54,29,21,0,0,31,12,84,54,95,100,85,5
train_05926,training_writers,long_sweep,0.34924089,0.47000000,1.34577598,0,94,62,100,83,71,66,35,47,0,10,20,25,38,100,39,7
train_05927,training_writers,long_sweep,0.34522801,0.47000000,1.36141909,23,100,0,65,7,21,44,0,89,16,100,56,72,91,28,96,0
train_05928,training_writers,long_sweep,0.35461733,0.47000000,1.32537232,17,87,0,65,46,54,63,11,18,0,19,55,33,99,100,100,5
train_05929,training_writers,compact_trace,0.51156181,0.32000000,0.62553535,0,60,31,75,65,88,100,100,82,75,63,51,48,25,57,0,1
train_05930,training_writers,compact_trace,0.53839817,0.32000000,0.59435567,34,82,69,100,94,77,65,50,100,42,88,12,44,0,0,9,3
train_05931,training_writers,compact_trace,0.51219233,0.32000000,0.62476531,26,100,15,94,0,62,19,37,67,49,100,59,83,30,81,0,4
train_05932,training_writers,compact_trace,0.52765194,0.32000000,0.60646039,0,94,46,100,68,80,59,60,93,41,100,15,62,0,14,2,3
train_05933,training_writers,long_sweep,0.35972719,0.47000000,1.30654565,6,50,41,50,100,19,44,0,20,37,63,73,65,100,0,73,8
train_05934,training_writers,long_sweep,0.35957091,0.47000000,1.30711353,51,86,45,100,9,51,13,0,69,22,100,71,54,95,0,68,0
train_05935,training_writers,long_sweep,0.35407742,0.47000000,1.32739331,74,100,28,89,2,59,1,26,41,0,100,10,52,26,0,6,6
train_05936,training_writers,long_sweep,0.33792134,0.47000000,1.39085622,30,74,70,100,71,83,59,42,40,4,0,0,54,0,100,5,1
train_05937,training_writers,long_sweep,0.36083818,0.47000000,1.30252293,50,98,10,61,0,10,49,0,95,27,100,76,52,100,2,86,0
train_05938,training_writers,compact_trace,0.52671200,0.32000000,0.60754264,34,89,68,100,78,80,61,67,100,48,95,19,51,0,0,0,3
train_05939,training_writers,long_sweep,0.35376528,0.47000000,1.32856451,31,89,0,55,14,12,64,0,100,29,94,72,53,100,3,91,0
train_05940,training_writers,long_sweep,0.36084605,0.47000000,1.30249452,24,97,28,66,80,41,71,0,0,9,7,51,26,92,100,100,5
train_05941,training_writers,long_sweep,0.35491686,0.47000000,1.32425382,100,100,38,87,2,62,48,51,94,28,70,0,0,4,2,28,5
train_05942,training_writers,long_sweep,0.35733318,0.47000000,1.31529907,28,92,12,44,35,0,83,11,100,57,72,100,25,95,0,52,0
train_05943,training_writers,compact_trace,0.52500994,0.32000000,0.60951227,36,77,65,100,100,83,74,52,80,41,88,14,44,0,0,10,3
train_05944,training_writers,long_sweep,0.35398029,0.47000000,1.32775754,80,96,24,100,33,61,49,21,11,0,0,36,48,63,100,89,8
train_05945,training_writers,compact_trace,0.50984067,0.32000000,0.62764707,0,46,45,56,85,75,100,100,98,71,93,42,80,14,80,0,1
train_05946,training_writers,compact_trace,0.54750855,0.32000000,0.58446576,49,82,6,100,0,65,19,27,15,0,8,38,48,62,100,68,8
train_05947,training_writers,compact_trace,0.53919785,0.32000000,0.59347418,74,100,54,66,17,35,0,28,70,33,100,51,81,34,68,0,4
train_05948,training_writers,rising_tail,0.26685969,0.40000000,1.49891502,0,59,3,18,39,0,78,18,100,54,90,92,49,100,17,75,0
train_05949,training_writers,compact_trace,0.53312520,0.32000000,0.60023424,7,67,22,100,46,70,35,32,0,5,2,0,51,5,100,9,2
train_05950,training_writers,compact_trace,0.52225323,0.32000000,0.61272957,0,75,24,100,47,75,37,41,8,15,28,26,66,20,100,0,2
train_05951,training_writers,long_sweep,0.33839173,0.47000000,1.38892282,19,71,30,100,78,89,50,65,81,46,100,17,56,0,0,3,3
train_05952,training_writers,long_sweep,0.33972120,0.47000000,1.38348739,0,96,59,100,100,74,95,36,75,0,97,7,97,28,34,30,7
train_05953,training_writers,long_sweep,0.36081107,0.47000000,1.30262079,76,76,39,100,0,76,41,39,73,0,17,7,35,47,100,69,8
train_05954,training_writers,compact_trace,0.51818155,0.32000000,0.61754418,41,78,68,100,78,83,70,57,100,34,82,5,41,0,0,9,3
train_05955,training_writers,long_sweep,0.34990672,0.47000000,1.34321511,0,100,62,99,100,92,66,61,43,25,21,0,11,34,73,37,7
train_05956,training_writers,long_sweep,0.35014016,0.47000000,1.34231959,100,100,42,100,1,71,18,33,14,0,0,32,36,64,83,92,8
train_05957,training_writers,compact_trace,0.54446810,0.32000000,0.58772956,43,93,86,100,100,74,61,52,55,36,98,19,56,0,0,0,3
train_05958,training_writers,long_sweep,0.34217225,0.47000000,1.37357720,64,95,54,100,16,67,0,30,41,0,100,9,43,31,38,5,6
train_05959,training_writers,long_sweep,0.34709659,0.47000000,1.35408994,37,100,0,63,38,40,38,0,13,12,30,61,44,98,100,92,5
train_05960,training_writers,compact_trace,0.50283613,0.32000000,0.63639023,0,55,48,76,78,100,76,85,69,60,66,36,74,11,100,0,1
train_05961,training_writers,long_sweep,0.33883975,0.47000000,1.38708639,45,88,28,66,60,31,33,0,0,15,25,57,56,91,100,100,5
train_05962,training_writers,compact_trace,0.52036853,0.32000000,0.61494879,55,100,26,83,0,59,37,39,96,44,100,53,87,26,71,0,4
train_05963,training_writers,long_sweep,0.35083932,0.47000000,1.33964461,51,100,10,75,0,33,31,0,82,6,100,44,75,82,28,90,0
train_05964,training_writers,long_sweep,0.34204527,0.47000000,1.37408711,56,100,37,68,0,35,71,31,100,50,73,72,71,36,74,0,4
train_05965,training_writers,compact_trace,0.50783957,0.32000000,0.63012026,0,97,32,99,67,99,100,100,78,77,58,51,43,22,45,0,7
train_05966,training_writers,compact_trace,0.53959899,0.32000000,0.59303299,30,74,60,100,77,74,54,43,19,16,0,12,52,9,100,0,2
train_05967,training_writers,compact_trace,0.50285484,0.32000000,0.63636656,0,50,59,68,87,92,95,100,95,75,94,50,94,25,100,0,1
train_05968,training_writers,long_sweep,0.36029194,0.47000000,1.30449767,58,94,14,82,31,32,11,0,0,36,58,65,100,97,30,100,8
train_05969,training_writers,compact_trace,0.51731100,0.32000000,0.61858340,20,100,8,74,0,44,19,23,68,26,100,45,74,29,64,0,4
train_05970,training_writers,long_sweep,0.35982054,0.47000000,1.30620671,53,87,14,80,7,29,50,0,100,26,99,76,49,100,0,77,0
train_05971,training_writers,compact_trace,0.51396421,0.32000000,0.62261145,0,82,38,100,62,95,31,75,23,57,23,37,46,18,100,0,1
train_05972,training_writers,long_sweep,0.35243607,0.47000000,1.33357520,88,100,38,85,18,49,19,12,65,0,100,28,53,46,0,31,6
train_05973,training_writers,long_sweep,0.36701717,0.47000000,1.28059403,46,99,0,59,77,45,84,1,24,0,10,48,16,93,100,100,5
train_05974,training_writers,long_sweep,0.34640803,0.47000000,1.35678150,79,70,18,71,38,100,72,80,85,48,100,16,57,0,0,15,9
train_05975,training_writers,long_sweep,0.36404560,0.47000000,1.29104706,78,81,41,91,41,44,56,0,0,18,48,60,100,100,33,91,8
train_05976,training_writers,long_sweep,0.34725739,0.47000000,1.35346293,46,100,12,72,0,38,14,5,63,0,100,25,54,42,1,33,6
train_05977,training_writers,long_sweep,0.36730016,0.47000000,1.27960738,52,95,0,83,42,41,81,0,1,2,44,39,100,75,50,100,8
train_05978,training_writers,long_sweep,0.35200938,0.47000000,1.33519169,51,83,20,78,51,49,50,4,0,0,21,46,47,93,100,100,5
train_05979,training_writers,long_sweep,0.35579844,0.47000000,1.32097262,69,98,19,75,51,46,25,0,0,9,11,62,38,100,100,98,5
train_05980,training_writers,compact_trace,0.54169110,0.32000000,0.59074258,21,65,80,84,100,100,80,72,75,43,66,14,0,3,29,0,1
train_05981,training_writers,compact_trace,0.49670095,0.32000000,0.64425083,0,47,19,67,54,88,79,100,79,75,86,50,93,25,100,0,1
train_05982,training_writers,compact_trace,0.52052982,0.32000000,0.61475825,29,100,18,97,9,62,0,31,71,35,100,54,94,35,89,0,4
train_05983,training_writers,long_sweep,0.35464203,0.47000000,1.32528002,34,100,0,77,11,25,56,0,100,17,99,69,52,83,34,45,0
train_05984,training_writers,long_sweep,0.35363641,0.47000000,1.32904868,55,65,100,86,57,100,0,83,40,68,91,54,62,26,29,0,9
train_05985,training_writers,compact_trace,0.54059482,0.32000000,0.59194056,64,100,57,70,0,52,55,48,95,53,100,68,85,32,71,0,4
train_05986,training_writers,compact_trace,0.52194288,0.32000000,0.61309390,0,77,20,100,50,86,34,51,6,23,20,7,60,4,100,0,2
train_05987,training_writers,long_sweep,0.35168097,0.47000000,1.33643853,91,100,52,89,24,57,13,22,57,0,100,23,60,49,0,43,6
train_05988,training_writers,long_sweep,0.36358411,0.47000000,1.29268574,16,100,0,63,61,63,100,25,46,0,19,44,29,90,98,100,5
train_05989,training_writers,compact_trace,0.52235644,0.32000000,0.61260850,0,77,18,100,62,100,71,72,72,41,100,17,75,0,32,4,3
train_05990,training_writers,long_sweep,0.35126031,0.47000000,1.33803900,95,100,55,78,25,51,9,23,40,0,100,15,64,34,0,23,6
train_05991,training_writers,long_sweep,0.35950127,0.47000000,1.30736672,32,63,76,31,50,0,0,14,50,44,100,73,78,100,24,75,8
train_05992,training_writers,compact_trace,0.53912362,0.32000000,0.59355589,25,100,12,88,0,47,51,31,89,62,100,83,85,42,77,0,4
train_05993,training_writers,long_sweep,0.33923775,0.47000000,1.38545902,0,83,43,100,77,78,45,49,61,44,100,21,58,0,4,6,3
train_05994,training_writers,long_sweep,0.34954833,0.47000000,1.34459233,0,91,25,100,95,87,100,56,71,27,39,0,8,29,72,38,7
train_05995,training_writers,long_sweep,0.33835188,0.47000000,1.38908642,55,100,33,72,18,44,19,15,70,0,100,20,40,23,0,1,6
train_05996,training_writers,long_sweep,0.35183083,0.47000000,1.33586927,75,94,62,100,22,67,0,30,35,0,100,8,78,43,16,59,6
train_05997,training_writers,long_sweep,0.35104664,0.47000000,1.33885343,68,66,100,93,48,100,0,78,47,68,90,56,67,26,29,0,9
train_05998,training_writers,compact_trace,0.53249813,0.32000000,0.60094108,4,66,27,100,47,73,29,30,0,3,31,5,65,3,100,0,2
train_05999,training_writers,long_sweep,0.34740133,0.47000000,1.35290214,97,100,61,95,34,60,25,23,65,0,100,25,53,44,0,31,6
train_06000,training_writers,long_sweep,0.36685590,0.47000000,1.28115699,86,98,19,85,47,41,74,0,0,10,42,49,100,84,51,100,8
train_06001,training_writers,compact_trace,0.51801660,0.32000000,0.61774082,0,57,57,79,83,100,60,76,62,52,68,27,66,2,100,0,1
train_06002,training_writers,compact_trace,0.52116824,0.32000000,0.61400518,0,47,41,65,76,88,100,100,74,75,49,51,31,26,24,0,1
train_06003,training_writers,long_sweep,0.34609982,0.47000000,1.35798974,100,96,47,92,36,58,58,20,17,0,0,33,27,69,65,100,8
train_06004,training_writers,long_sweep,0.34822861,0.47000000,1.34968808,6,85,47,100,76,78,56,39,36,0,0,29,47,39,100,33,7
train_06005,training_writers,long_sweep,0.34709584,0.47000000,1.35409285,54,96,23,63,0,30,15,0,74,19,99,51,100,87,47,100,0
train_06006,training_writers,long_sweep,0.35834842,0.47000000,1.31157269,0,88,39,74,88,97,13,100,34,89,100,74,81,35,51,0,9
train_06007,training_writers,long_sweep,0.35465338,0.47000000,1.32523762,12,95,0,53,8,12,60,0,99,31,100,73,56,100,7,78,0
train_06008,training_writers,compact_trace,0.50244821,0.32000000,0.63688156,0,78,23,91,61,97,100,100,87,75,78,50,71,24,68,0,7
train_06009,training_writers,long_sweep,0.36267204,0.47000000,1.29593667,21,74,4,74,2,19,63,0,100,49,71,100,10,73,0,20,0
train_06010,training_writers,compact_trace,0.51742380,0.32000000,0.61844855,0,12,25,38,48,65,77,90,100,100,97,66,91,32,88,0,1
train_06011,training_writers,long_sweep,0.35521759,0.47000000,1.32313268,85,100,68,99,19,70,0,33,27,0,100,8,87,42,19,59,6
train_06012,training_writers,compact_trace,0.54739168,0.32000000,0.58459054,87,86,45,100,26,71,71,60,100,57,90,17,49,0,0,5,9
train_06013,training_writers,long_sweep,0.34830152,0.47000000,1.34940555,52,77,22,60,62,30,38,0,0,16,8,70,52,86,100,100,5
train_06014,training_writers,compact_trace,0.51638541,0.32000000,0.61969218,0,49,30,69,69,88,100,100,80,76,62,51,45,25,32,0,1
train_06015,training_writers,long_sweep,0.34138297,0.47000000,1.37675291,8,81,48,100,98,90,77,63,100,28,86,0,35,9,0,35,3
train_06016,training_writers,long_sweep,0.35751189,0.47000000,1.31464160,24,100,0,61,4,17,57,0,100,32,96,75,43,94,11,57,0
train_06017,training_writers,compact_trace,0.52266856,0.32000000,0.61224268,70,100,51,76,18,49,0,36,53,41,100,44,90,34,84,0,4
train_06018,training_writers,compact_trace,0.52140716,0.32000000,0.61372383,0,31,35,50,69,75,100,100,91,79,69,52,49,26,34,0,1
train_06019,training_writers,long_sweep,0.35511830,0.47000000,1.32350261,60,100,13,73,0,34,28,0,81,21,100,60,83,97,28,81,0
train_06020,training_writers,compact_trace,0.51647189,0.32000000,0.61958842,61,88,98,100,100,95,62,89,32,64,56,33,38,3,0,0,5
train_06021,training_writers,long_sweep,0.35958811,0.47000000,1.30705101,35,86,0,57,52,55,64,11,14,0,20,57,43,100,100,94,5
train_06022,training_writers,compact_trace,0.53514931,0.32000000,0.59796396,83,100,47,77,9,51,0,43,59,44,100,58,84,32,87,0,4
train_06023,training_writers,long_sweep,0.35785765,0.47000000,1.31337139,8,90,4,58,66,36,44,0,2,19,0,63,25,99,100,100,5
train_06024,training_writers,long_sweep,0.33821515,0.47000000,1.38964797,100,100,54,99,16,79,0,51,48,51,76,27,47,1,1,0,5
train_06025,training_writers,compact_trace,0.54492306,0.32000000,0.58723887,100,88,67,100,31,80,61,55,100,34,95,5,45,3,0,0,5
train_06026,training_writers,compact_trace,0.50987044,0.32000000,0.62761041,46,92,73,100,100,83,66,66,73,44,75,20,37,8,0,0,3
train_06027,training_writers,long_sweep,0.36485394,0.47000000,1.28818671,42,78,56,78,100,38,50,0,8,20,58,60,94,100,0,89,8
train_06028,training_writers,compact_trace,0.52009736,0.32000000,0.61526942,0,71,46,84,100,100,92,83,70,62,46,41,22,21,11,0,1
train_06029,training_writers,compact_trace,0.54398596,0.32000000,0.58825048,53,81,66,100,86,70,77,35,43,9,0,8,51,11,100,0,2
train_06030,training_writers,compact_trace,0.53524584,0.32000000,0.59785612,0,80,37,100,69,81,66,40,57,0,33,26,55,36,100,38,7
train_06031,training_writers,long_sweep,0.34620063,0.47000000,1.35759430,6,48,32,77,75,100,100,79,73,51,33,26,0,1,62,0,2
train_06032,training_writers,compact_trace,0.53964803,0.32000000,0.59297910,0,53,30,82,62,100,52,61,50,21,20,3,45,0,100,3,1
train_06033,training_writers,long_sweep,0.35188079,0.47000000,1.33567961,92,93,73,92,12,100,0,70,49,50,100,27,65,0,5,7,5
train_06034,training_writers,long_sweep,0.34526582,0.47000000,1.36127000,65,100,36,87,0,59,87,63,100,82,75,83,51,41,29,0,4
train_06035,training_writers,long_sweep,0.34610448,0.47000000,1.35797145,28,97,20,71,0,26,28,0,74,21,100,63,73,100,24,96,0
train_06036,training_writers,long_sweep,0.35217780,0.47000000,1.33455317,8,97,74,100,100,79,71,40,38,3,5,0,0,28,68,31,7
train_06037,training_writers,long_sweep,0.35986951,0.47000000,1.30602896,41,90,0,68,9,9,57,0,100,30,91,84,45,100,5,73,0
train_06038,training_writers,long_sweep,0.33786500,0.47000000,1.39108816,69,100,42,81,22,52,20,21,60,0,100,15,51,28,0,16,6
train_06039,training_writers,long_sweep,0.33792113,0.47000000,1.39085709,9,80,24,98,88,100,78,72,65,52,100,30,64,5,0,0,3
train_06040,training_writers,long_sweep,0.34496236,0.47000000,1.36246748,54,84,100,100,80,88,29,72,59,49,94,23,51,0,0,1,5
train_06041,training_writers,compact_trace,0.48057703,0.32000000,0.66586620,90,100,100,94,50,79,40,63,20,47,10,32,0,16,0,0,1
train_06042,training_writers,compact_trace,0.53348467,0.32000000,0.59982980,0,85,39,100,84,94,62,65,77,47,100,22,63,0,25,8,3
train_06043,training_writers,compact_trace,0.50412098,0.32000000,0.63476827,0,98,30,100,66,98,100,93,76,71,56,46,47,17,43,0,7
train_06044,training_writers,compact_trace,0.50989248,0.32000000,0.62758330,0,77,44,85,100,100,88,84,71,63,60,41,58,20,77,0,1
train_06045,training_writers,long_sweep,0.35723307,0.47000000,1.31566767,100,100,19,93,0,53,27,11,1,0,29,41,79,77,54,96,8
train_06046,training_writers,long_sweep,0.34428316,0.47000000,1.36515536,12,67,14,25,50,0,93,17,100,57,72,91,28,100,0,67,0
train_06047,training_writers,long_sweep,0.35223055,0.47000000,1.33435332,58,100,28,75,4,43,0,9,59,0,100,24,41,34,1,9,6
train_06048,training_writers,compact_trace,0.53892978,0.32000000,0.59376938,46,100,31,86,5,56,0,24,35,0,91,1,100,28,47,32,6
train_06049,training_writers,compact_trace,0.53884447,0.32000000,0.59386338,43,100,27,92,0,62,53,53,100,73,80,60,50,30,19,0,4
train_06050,training_writers,compact_trace,0.53669047,0.32000000,0.59624684,0,88,49,100,87,83,78,48,74,14,72,0,48,31,100,40,7
train_06051,training_writers,long_sweep,0.35355700,0.47000000,1.32934718,0,78,51,100,100,79,86,44,62,11,44,0,1,28,73,34,7
train_06052,training_writers,long_sweep,0.34048030,0.47000000,1.38040290,0,99,63,100,76,68,60,34,46,0,19,16,27,34,100,32,7
train_06053,training_writers,compact_trace,0.51436154,0.32000000,0.62213049,0,46,27,66,61,85,97,100,100,78,80,53,59,27,43,0,1
train_06054,training_writers,long_sweep,0.34131600,0.47000000,1.37702306,23,90,43,48,38,0,5,3,0,56,23,86,60,98,100,100,5
train_06055,training_writers,compact_trace,0.50626649,0.32000000,0.63207817,0,100,24,100,63,99,100,93,81,69,57,44,39,18,32,0,7
train_06056,training_writers,compact_trace,0.52016182,0.32000000,0.61519317,19,100,35,97,20,59,0,40,65,38,94,56,95,34,100,0,4
train_06057,training_writers,long_sweep,0.34966312,0.47000000,1.34415091,16,67,0,27,33,0,77,21,100,60,91,100,40,99,0,73,0
train_06058,training_writers,long_sweep,0.35191442,0.47000000,1.33555197,0,96,33,100,79,92,57,45,26,0,13,48,53,64,100,60,7
train_06059,training_writers,long_sweep,0.35795039,0.47000000,1.31303113,29,100,21,58,65,40,61,0,7,12,0,58,29,94,100,97,5
train_06060,training_writers,compact_trace,0.50485049,0.32000000,0.63385103,0,40,15,64,51,87,83,100,75,75,74,50,81,25,100,0,1
train_06061,training_writers,compact_trace,0.54514996,0.32000000,0.58699445,20,89,59,100,88,75,55,50,64,31,100,8,53,0,0,2,3
train_06062,training_writers,long_sweep,0.34763272,0.47000000,1.35200163,4,92,62,100,100,81,53,55,0,32,18,12,84,7,88,0,2
train_06063,training_writers,long_sweep,0.34973961,0.47000000,1.34385695,1,76,0,42,16,0,65,2,100,35,95,79,50,100,3,84,0
train_06064,training_writers,long_sweep,0.33831993,0.47000000,1.38921760,76,100,58,64,19,32,0,26,76,31,100,57,79,36,63,0,4
train_06065,training_writers,compact_trace,0.54445631,0.32000000,0.58774230,25,100,13,73,0,39,50,44,100,48,64,69,43,36,40,0,4
train_06066,training_writers,long_sweep,0.35813374,0.47000000,1.31235891,67,100,29,73,0,38,9,0,78,10,100,47,41,37,10,2,6
train_06067,training_writers,compact_trace,0.54582313,0.32000000,0.58627050,47,100,3,99,14,80,43,82,72,50,100,17,58,0,0,12,9
train_06068,training_writers,long_sweep,0.36576336,0.47000000,1.28498380,13,93,56,60,100,25,35,0,8,29,60,63,81,100,0,98,8
train_06069,training_writers,long_sweep,0.34947709,0.47000000,1.34486641,37,100,10,69,0,28,35,0,84,18,100,58,79,96,27,99,0
train_06070,training_writers,compact_trace,0.53863506,0.32000000,0.59409426,45,100,9,76,40,64,100,70,76,79,53,53,25,26,0,0,4
train_06071,training_writers,long_sweep,0.35668744,0.47000000,1.31768025,0,100,75,90,59,95,15,73,40,54,100,37,69,0,9,7,5
train_06072,training_writers,long_sweep,0.36442329,0.47000000,1.28970902,38,76,0,91,39,45,75,0,24,12,58,58,100,100,37,94,8
train_06073,training_writers,compact_trace,0.54187190,0.32000000,0.59054548,40,83,76,100,86,75,56,50,20,29,0,6,49,1,100,0,2
train_06074,training_writers,long_sweep,0.33915882,0.47000000,1.38578145,37,96,80,100,100,79,58,64,100,45,99,17,55,0,0,1,3
train_06075,training_writers,long_sweep,0.34569826,0.47000000,1.35956714,13,57,3,18,40,0,81,28,100,66,81,100,31,85,0,54,0
train_06076,training_writers,compact_trace,0.53243197,0.32000000,0.60101575,0,75,24,100,64,95,57,66,96,50,100,19,64,0,22,3,3
train_06077,training_writers,long_sweep,0.35361906,0.47000000,1.32911387,7,72,1,38,31,0,82,11,100,56,76,99,26,100,0,58,0
train_06078,training_writers,compact_trace,0.51778208,0.32000000,0.61802061,0,74,16,100,35,79,20,48,1,18,19,0,60,2,100,11,2
train_06079,training_writers,compact_trace,0.52550730,0.32000000,0.60893540,0,83,26,100,71,93,77,67,77,40,100,16,67,0,18,0,3
train_06080,training_writers,long_sweep,0.33927421,0.47000000,1.38531013,20,71,30,100,75,97,59,63,25,35,0,10,50,3,100,0,2
train_06081,training_writers,compact_trace,0.54684401,0.32000000,0.58517602,44,100,40,67,0,38,83,39,100,67,97,78,96,39,91,0,4
train_06082,training_writers,long_sweep,0.34176661,0.47000000,1.37520749,88,87,0,82,3,95,97,100,100,75,91,50,91,25,100,0,9
train_06083,training_writers,long_sweep,0.34904511,0.47000000,1.34653082,100,100,41,74,0,46,75,51,96,65,85,82,77,41,80,0,4
train_06084,training_writers,compact_trace,0.54624121,0.32000000,0.58582179,47,96,35,62,44,18,5,0,0,29,18,71,56,91,100,100,5
train_06085,training_writers,long_sweep,0.34421225,0.47000000,1.36543657,12,54,21,11,62,0,99,23,100,68,71,100,27,100,0,67,0
train_06086,training_writers,long_sweep,0.34193111,0.47000000,1.37454589,43,93,22,71,43,33,9,0,0,36,9,81,51,100,100,99,5
train_06087,training_writers,long_sweep,0.33831817,0.47000000,1.38922482,54,71,71,100,92,77,70,40,37,10,0,0,50,7,100,9,2
train_06088,training_writers,long_sweep,0.35923733,0.47000000,1.30832729,22,95,0,53,14,5,70,0,100,41,91,89,41,100,10,59,0
train_06089,training_writers,long_sweep,0.36703507,0.50000000,1.36226766,28,60,15,100,100,98,74,50,21,6,76,0,23,43,0,87,8
train_06090,training_writers,long_sweep,0.35606347,0.47000000,1.31998940,6,99,77,100,88,68,62,35,52,0,0,22,26,31,100,25,7
train_06091,training_writers,compact_trace,0.53376504,0.32000000,0.59951472,0,76,23,100,62,85,41,52,59,47,100,24,71,0,28,16,3
train_06092,training_writers,long_sweep,0.35977314,0.47000000,1.30637879,100,88,47,100,28,62,74,27,55,0,0,19,32,60,86,88,8
train_06093,training_writers,long_sweep,0.35714704,0.47000000,1.31598458,12,80,48,100,83,73,22,55,71,45,100,15,40,0,0,17,3
train_06094,training_writers,compact_trace,0.52176097,0.32000000,0.61330766,40,92,74,99,100,100,66,92,33,80,30,39,32,0,0,0,5
train_06095,training_writers,compact_trace,0.54569606,0.32000000,0.58640702,100,98,54,100,13,83,11,49,53,55,73,27,46,0,0,5,5
train_06096,training_writers,compact_trace,0.53609663,0.32000000,0.59690732,42,100,20,80,0,47,39,38,100,37,98,66,83,31,83,0,4
train_06097,training_writers,long_sweep,0.35704399,0.47000000,1.31636442,70,96,20,74,0,34,28,0,80,23,100,63,82,100,26,80,0
train_06098,training_writers,long_sweep,0.35727905,0.47000000,1.31549835,44,100,0,61,22,28,93,21,100,50,69,93,61,48,56,0,4
train_06099,training_writers,long_sweep,0.33985808,0.47000000,1.38293019,55,100,23,73,0,41,4,7,55,0,100,19,68,36,31,15,6
train_06100,training_writers,long_sweep,0.35971017,0.47000000,1.30660747,27,86,0,50,13,2,70,0,100,44,91,94,41,100,13,56,0
train_06101,training_writers,compact_trace,0.52890287,0.32000000,0.60502602,15,100,28,93,0,62,13,37,82,33,100,64,91,31,89,0,4
train_06102,training_writers,long_sweep,0.33959214,0.47000000,1.38401318,9,82,52,100,66,81,38,55,89,45,100,17,55,0,0,7,3
train_06103,training_writers,long_sweep,0.34677076,0.47000000,1.35536225,53,89,59,68,77,100,38,89,100,74,93,42,57,0,0,20,9
train_06104,training_writers,long_sweep,0.35278919,0.47000000,1.33224037,15,76,5,33,34,0,89,9,100,50,79,91,29,100,0,64,0
train_06105,training_writers,compact_trace,0.52756453,0.32000000,0.60656087,0,52,20,83,56,100,79,84,58,52,36,20,59,1,100,0,2
train_06106,training_writers,long_sweep,0.35772959,0.47000000,1.31384154,77,100,41,79,56,38,34,0,0,19,53,50,100,82,39,94,8
train_06107,training_writers,long_sweep,0.34982979,0.47000000,1.34351051,50,91,56,72,100,100,46,100,82,81,94,43,64,4,0,0,9
train_06108,training_writers,long_sweep,0.35206586,0.47000000,1.33497751,37,100,0,84,6,56,100,58,94,82,58,97,41,48,47,0,4
train_06109,training_writers,compact_trace,0.53917221,0.32000000,0.59350239,0,80,35,100,50,61,33,16,10,0,18,28,59,39,100,53,7
train_06110,training_writers,long_sweep,0.35633590,0.50000000,1.40317043,12,52,65,54,100,23,47,0,39,33,74,67,68,100,0,90,8
train_06111,training_writers,long_sweep,0.35603837,0.47000000,1.32008243,69,100,21,76,0,36,25,0,76,21,100,60,78,97,26,80,0
train_06112,training_writers,long_sweep,0.35055888,0.47000000,1.34071630,57,61,94,86,52,100,0,81,43,68,100,56,87,26,54,0,9
train_06113,training_writers,compact_trace,0.53713457,0.32000000,0.59575388,100,72,75,100,43,80,82,78,92,53,88,17,47,0,0,7,9
train_06114,training_writers,compact_trace,0.49358495,0.32000000,0.64831798,7,100,8,75,0,45,13,23,64,26,70,36,84,28,100,0,4
train_06115,training_writers,long_sweep,0.34244316,0.47000000,1.37249056,36,87,81,100,80,74,61,31,44,0,0,10,50,11,100,15,1
train_06116,training_writers,compact_trace,0.54292622,0.32000000,0.58939868,36,91,39,53,40,15,0,0,2,31,19,71,57,91,100,100,5
train_06117,training_writers,compact_trace,0.54733873,0.32000000,0.58464709,0,93,44,100,78,72,68,33,39,0,20,24,52,44,100,46,7
train_06118,training_writers,long_sweep,0.36179618,0.47000000,1.29907398,71,82,100,100,44,69,0,35,8,0,90,12,75,32,5,11,6
train_06119,training_writers,compact_trace,0.50577246,0.32000000,0.63269557,0,65,55,81,100,100,89,86,77,65,70,43,62,21,65,0,1
train_06120,training_writers,compact_trace,0.52989132,0.32000000,0.60389742,21,100,0,68,18,44,70,45,100,54,69,70,68,34,65,0,4
train_06121,training_writers,compact_trace,0.52499034,0.32000000,0.60953502,0,83,13,100,43,80,29,51,2,25,3,1,51,0,100,4,2
train_06122,training_writers,long_sweep,0.34971058,0.47000000,1.34396847,0,100,58,97,80,76,52,40,41,0,4,25,32,39,100,42,7
train_06123,training_writers,compact_trace,0.53587287,0.32000000,0.59715656,100,98,61,100,20,89,0,58,36,54,65,37,44,2,6,0,5
train_06124,training_writers,long_sweep,0.35153611,0.47000000,1.33698924,52,85,10,62,0,20,41,0,87,22,100,62,70,96,20,100,0
train_06125,training_writers,long_sweep,0.35165513,0.47000000,1.33653673,100,87,66,100,28,68,11,31,41,0,92,18,51,42,0,24,6
train_06126,training_writers,long_sweep,0.34040094,0.47000000,1.38072475,77,100,41,71,0,40,7,18,75,30,100,52,70,37,57,0,4
train_06127,training_writers,long_sweep,0.34540269,0.47000000,1.36073059,2,73,26,98,100,100,98,76,43,55,64,39,64,15,0,0,3
train_06128,training_writers,long_sweep,0.35640751,0.47000000,1.31871519,4,85,18,63,74,47,47,0,9,16,0,70,34,95,100,100,5
train_06129,training_writers,long_sweep,0.34299052,0.47000000,1.37030028,100,100,60,91,23,63,0,32,12,0,65,6,69,36,11,38,6
train_06130,training_writers,compact_trace,0.51487105,0.32000000,0.62151485,11,75,33,84,89,100,100,90,76,68,49,45,24,22,0,0,1
train_06131,training_writers,long_sweep,0.36193250,0.47000000,1.29858469,57,90,0,88,46,52,100,19,39,0,33,37,69,75,39,100,8
train_06132,training_writers,compact_trace,0.52907614,0.32000000,0.60482788,19,100,0,71,0,40,51,29,100,40,90,62,82,31,82,0,4
train_06133,training_writers,long_sweep,0.36692644,0.47000000,1.28091070,39,100,75,61,100,98,34,81,9,30,72,0,83,45,0,50,8
train_06134,training_writers,long_sweep,0.34447705,0.47000000,1.36438698,27,72,42,100,87,96,69,58,35,28,0,7,50,5,100,0,2
train_06135,training_writers,compact_trace,0.54254143,0.32000000,0.58981671,49,79,69,100,90,72,67,43,29,21,0,3,50,6,100,0,2
train_06136,training_writers,compact_trace,0.50655094,0.32000000,0.63172324,0,51,37,61,71,79,100,100,97,80,87,53,76,25,71,0,1
train_06137,training_writers,long_sweep,0.33998220,0.47000000,1.38242532,10,89,32,98,36,100,0,68,31,49,100,29,60,0,1,15,5
train_06138,training_writers,long_sweep,0.35048648,0.47000000,1.34099322,23,74,29,26,66,0,100,27,99,74,64,100,26,73,0,33,0
train_06139,training_writers,long_sweep,0.36238139,0.47000000,1.29697610,0,88,61,68,100,90,14,100,24,79,80,54,46,25,3,0,9
train_06140,training_writers,compact_trace,0.50149712,0.32000000,0.63808941,0,80,17,100,53,94,75,73,77,47,63,23,61,1,100,0,2
train_06141,training_writers,compact_trace,0.53318697,0.32000000,0.60016471,32,100,0,74,0,41,58,30,95,57,100,67,81,34,80,0,4
train_06142,training_writers,compact_trace,0.51884265,0.32000000,0.61675732,100,100,74,86,47,61,23,32,14,0,50,1,38,25,0,26,6
train_06143,training_writers,long_sweep,0.36837001,0.47000000,1.27589104,77,100,0,87,36,41,60,0,6,19,70,56,100,97,12,90,8
train_06144,training_writers,compact_trace,0.54427582,0.32000000,0.58793720,33,74,71,100,60,71,47,30,26,0,0,3,50,2,100,4,1
train_06145,training_writers,long_sweep,0.36193997,0.50000000,1.38144456,6,74,37,58,100,45,91,2,26,0,0,46,20,85,85,100,5
train_06146,training_writers,long_sweep,0.34359680,0.47000000,1.36788235,5,89,0,54,40,35,45,0,11,22,9,70,44,96,100,100,5
train_06147,training_writers,compact_trace,0.52060048,0.32000000,0.61467480,55,88,83,100,71,70,89,68,100,31,74,1,33,0,0,24,3
train_06148,training_writers,compact_trace,0.50745506,0.32000000,0.63059771,0,72,54,82,96,100,100,88,85,66,69,44,54,22,42,0,1
train_06149,training_writers,long_sweep,0.35331294,0.47000000,1.33026546,100,100,52,80,16,50,0,17,48,0,97,18,69,45,16,37,6
train_06150,training_writers,compact_trace,0.49899552,0.32000000,0.64128832,41,89,75,99,100,100,83,79,59,59,35,39,10,19,0,0,1
train_06151,training_writers,long_sweep,0.35778815,0.47000000,1.31362653,2,58,0,22,48,0,100,24,100,71,53,100,6,76,22,31,0
train_06152,training_writers,compact_trace,0.49962895,0.32000000,0.64047530,0,95,26,100,43,75,34,43,21,15,42,0,71,0,100,1,2
train_06153,training_writers,compact_trace,0.54604234,0.32000000,0.58603514,0,88,48,100,78,77,43,51,55,41,100,22,67,0,16,7,3
train_06154,training_writers,long_sweep,0.35103730,0.47000000,1.33888905,100,76,41,59,25,82,80,100,89,64,90,27,59,0,0,16,9
train_06155,training_writers,long_sweep,0.35318879,0.47000000,1.33073307,70,100,28,85,2,52,0,17,53,0,100,22,52,44,6,28,6
train_06156,training_writers,compact_trace,0.53505842,0.32000000,0.59806553,8,73,25,100,53,71,40,35,2,11,0,1,50,1,100,0,2
train_06157,training_writers,compact_trace,0.54236125,0.32000000,0.59001266,16,87,45,100,93,94,64,71,85,49,100,25,53,10,0,0,3
train_06158,training_writers,long_sweep,0.33792744,0.47000000,1.39083111,29,81,20,63,50,27,15,0,0,33,8,75,46,100,100,91,5
train_06159,training_writers,compact_trace,0.54694347,0.32000000,0.58506961,0,95,39,100,74,76,82,33,76,0,100,37,59,47,16,48,7
train_06160,training_writers,long_sweep,0.36863428,0.47000000,1.27497637,83,100,9,87,57,44,60,0,0,17,56,56,100,95,10,100,8
train_06161,training_writers,long_sweep,0.34427514,0.47000000,1.36518717,68,66,100,98,57,100,27,68,73,72,78,37,45,5,0,0,9
train_06162,training_writers,long_sweep,0.34178270,0.47000000,1.37514273,16,99,26,100,0,58,45,39,100,34,86,77,57,47,45,0,4
train_06163,training_writers,long_sweep,0.35204693,0.47000000,1.33504927,35,92,21,64,66,36,37,0,0,15,10,69,46,100,100,100,5
train_06164,training_writers,long_sweep,0.34151529,0.47000000,1.37621950,22,89,0,46,9,0,46,0,79,24,100,67,75,100,39,97,0
train_06165,training_writers,long_sweep,0.34672214,0.47000000,1.35555233,9,88,49,100,64,76,21,56,72,46,100,21,59,2,0,0,3
train_06166,training_writers,long_sweep,0.36129310,0.47000000,1.30088287,40,100,70,60,90,100,31,94,84,63,100,31,52,0,0,28,9
train_06167,training_writers,long_sweep,0.34730307,0.47000000,1.35328488,60,100,46,57,0,23,27,14,100,14,98,57,80,43,82,0,4
train_06168,training_writers,compact_trace,0.52636885,0.32000000,0.60793871,46,100,26,94,0,59,19,43,80,45,100,69,98,36,98,0,4
train_06169,training_writers,long_sweep,0.35539513,0.47000000,1.32247169,0,61,14,18,63,0,100,33,89,80,45,100,14,62,18,16,0
train_06170,training_writers,long_sweep,0.34009725,0.47000000,1.38195766,100,97,58,100,18,76,0,47,12,16,62,0,85,18,28,24,6
train_06171,training_writers,compact_trace,0.52771216,0.32000000,0.60639118,17,91,50,100,76,77,63,59,100,38,84,10,35,0,0,12,3
train_06172,training_writers,compact_trace,0.54669482,0.32000000,0.58533571,28,100,11,66,0,33,50,38,100,42,75,71,57,39,50,0,4
train_06173,training_writers,long_sweep,0.34382064,0.47000000,1.36699180,11,80,37,100,83,89,50,65,100,54,97,24,54,4,0,0,3
train_06174,training_writers,long_sweep,0.34416361,0.47000000,1.36562957,4,92,4,62,42,32,13,0,2,34,0,72,38,100,100,97,5
train_06175,training_writers,long_sweep,0.35878748,0.47000000,1.30996766,38,54,100,82,64,100,34,65,60,27,17,0,0,32,59,62,8
train_06176,training_writers,long_sweep,0.33924609,0.47000000,1.38542497,26,100,0,76,25,52,89,48,100,84,70,68,42,34,15,0,4
train_06177,training_writers,compact_trace,0.53377569,0.32000000,0.59950276,0,26,34,45,68,71,100,100,86,87,59,55,32,22,5,0,1
train_06178,training_writers,compact_trace,0.53491716,0.32000000,0.59822347,67,93,40,100,68,76,76,92,100,55,94,13,49,0,0,6,9
train_06179,training_writers,compact_trace,0.52562525,0.32000000,0.60879876,0,12,24,39,52,65,81,90,100,100,78,68,56,36,45,0,1
train_06180,training_writers,compact_trace,0.53291154,0.32000000,0.60047489,99,100,51,99,56,77,100,90,96,67,78,38,45,14,0,0,9
train_06181,training_writers,long_sweep,0.34385018,0.47000000,1.36687439,52,100,15,86,1,53,0,20,45,0,100,6,64,18,12,8,6
train_06182,training_writers,compact_trace,0.54585052,0.32000000,0.58624108,0,85,36,100,45,74,24,51,80,56,100,31,61,10,6,0,3
train_06183,training_writers,long_sweep,0.36206582,0.47000000,1.29810652,53,93,0,88,58,59,49,100,44,70,100,41,58,0,0,16,9
train_06184,training_writers,long_sweep,0.35492551,0.47000000,1.32422151,55,100,20,69,3,36,4,3,72,0,100,31,68,57,0,45,6
train_06185,training_writers,long_sweep,0.34516619,0.47000000,1.36166290,60,47,100,69,95,100,38,98,0,73,33,49,82,32,68,0,9
train_06186,training_writers,long_sweep,0.36806624,0.47000000,1.27694405,51,58,83,100,0,92,3,49,68,10,13,0,15,43,100,77,8
train_06187,training_writers,compact_trace,0.54664537,0.32000000,0.58538866,0,82,41,100,95,92,83,62,73,50,100,21,59,0,5,9,3
train_06188,training_writers,compact_trace,0.50174544,0.32000000,0.63777361,0,65,51,79,84,100,100,94,92,70,83,46,73,22,78,0,1
train_06189,training_writers,compact_trace,0.52023706,0.32000000,0.61510420,0,54,35,70,88,93,100,100,71,75,45,50,27,25,25,0,1
train_06190,training_writers,long_sweep,0.33858813,0.47000000,1.38811716,2,100,0,55,15,16,53,0,89,18,100,59,74,91,36,79,0
train_06191,training_writers,long_sweep,0.36786969,0.47000000,1.27762633,64,81,7,82,54,74,100,100,4,87,82,61,55,29,0,0,9
train_06192,training_writers,long_sweep,0.33854428,0.47000000,1.38829697,18,78,53,100,85,85,48,61,71,46,100,20,56,0,0,5,3
train_06193,training_writers,compact_trace,0.52911853,0.32000000,0.60477942,39,96,79,100,93,79,67,57,100,38,88,13,46,0,0,2,3
train_06194,training_writers,long_sweep,0.35382672,0.47000000,1.32833381,0,99,81,100,93,75,65,38,40,0,24,0,15,30,100,32,7
train_06195,training_writers,long_sweep,0.34746388,0.47000000,1.35265859,49,94,10,70,0,33,25,0,82,9,100,44,91,81,42,100,0
train_06196,training_writers,long_sweep,0.33811010,0.47000000,1.39007973,55,100,35,84,9,58,0,30,25,4,92,0,100,25,31,16,6
train_06197,training_writers,long_sweep,0.35619442,0.47000000,1.31950411,50,98,12,61,55,37,17,0,0,25,1,73,35,100,100,98,5
train_06198,training_writers,long_sweep,0.35806251,0.47000000,1.31261995,0,81,53,71,100,100,47,100,14,69,77,76,78,42,61,0,9
train_06199,training_writers,long_sweep,0.36220400,0.47000000,1.29761130,3,83,47,67,51,25,0,0,11,37,65,69,100,100,21,92,8
train_06200,training_writers,long_sweep,0.36902307,0.50000000,1.35492884,85,52,85,98,0,79,65,39,100,0,9,13,62,56,100,100,8
train_06201,training_writers,long_sweep,0.34580010,0.47000000,1.35916676,43,95,12,85,0,40,29,4,75,0,100,37,79,78,38,100,0
train_06202,training_writers,compact_trace,0.53849603,0.32000000,0.59424765,0,82,32,100,69,84,47,58,82,46,100,21,66,0,13,1,3
train_06203,training_writers,long_sweep,0.35052381,0.47000000,1.34085041,90,100,0,96,8,65,83,83,100,96,85,64,75,32,81,0,9
train_06204,training_writers,compact_trace,0.54597541,0.32000000,0.58610699,0,94,26,100,79,96,100,67,81,33,57,0,18,20,63,34,7
train_06205,training_writers,rising_tail,0.26742369,0.40000000,1.49575381,14,73,0,51,9,12,54,0,92,27,100,67,74,100,27,95,0
train_06206,training_writers,long_sweep,0.36619491,0.47000000,1.28346950,39,96,24,66,100,94,19,100,30,76,95,69,70,28,0,0,9
train_06207,training_writers,long_sweep,0.34289863,0.47000000,1.37066749,0,82,51,83,86,100,56,74,42,49,40,23,16,0,100,1,1
train_06208,training_writers,compact_trace,0.52998817,0.32000000,0.60378706,53,100,26,80,0,59,4,37,60,35,100,41,65,22,43,0,4
train_06209,training_writers,compact_trace,0.51538198,0.32000000,0.62089869,0,41,34,54,68,76,100,100,87,79,68,50,51,20,43,0,1
train_06210,training_writers,long_sweep,0.36234403,0.47000000,1.29710981,0,63,56,35,98,0,41,1,62,39,100,74,69,100,10,74,8
train_06211,training_writers,long_sweep,0.35287379,0.47000000,1.33192096,97,100,51,77,19,48,0,18,44,0,100,16,65,31,12,14,6
train_06212,training_writers,long_sweep,0.36767709,0.47000000,1.27829558,14,84,0,53,79,83,9,100,8,66,100,80,67,38,14,0,9
train_06213,training_writers,compact_trace,0.53078831,0.32000000,0.60287688,9,77,26,100,52,76,37,44,7,17,0,0,54,1,100,4,2
train_06214,training_writers,compact_trace,0.52198903,0.32000000,0.61303971,0,65,24,95,56,100,54,59,34,23,33,0,66,4,100,5,2
train_06215,training_writers,compact_trace,0.53557415,0.32000000,0.59748963,0,63,43,77,70,100,62,63,54,25,27,1,49,2,100,0,1
train_06216,training_writers,long_sweep,0.35522120,0.47000000,1.32311924,4,75,55,68,100,95,46,100,0,72,51,64,62,43,35,0,9
train_06217,training_writers,long_sweep,0.36373543,0.47000000,1.29214797,62,100,0,96,40,62,100,30,43,0,6,27,38,73,13,99,8
train_06218,training_writers,compact_trace,0.53835208,0.32000000,0.59440654,0,82,36,100,83,88,64,62,83,48,100,16,57,0,14,13,3
train_06219,training_writers,compact_trace,0.53247063,0.32000000,0.60097211,50,77,57,100,100,91,77,62,95,36,90,6,42,0,0,18,3
train_06220,training_writers,long_sweep,0.35502871,0.47000000,1.32383659,51,88,14,74,0,27,35,0,85,24,100,69,61,100,15,76,0
train_06221,training_writers,long_sweep,0.36097052,0.47000000,1.30204540,23,97,6,54,65,45,43,0,0,12,0,65,33,95,100,100,5
train_06222,training_writers,long_sweep,0.36122032,0.47000000,1.30114496,89,75,77,100,0,83,38,56,100,81,91,50,74,12,2,0,9
train_06223,training_writers,compact_trace,0.54651602,0.32000000,0.58552721,0,86,28,100,47,71,23,33,14,0,0,39,48,47,100,52,7
train_06224,training_writers,long_sweep,0.36726538,0.47000000,1.27972859,11,75,49,47,83,10,0,0,34,37,100,70,95,100,5,79,8
train_06225,training_writers,long_sweep,0.35842400,0.47000000,1.31129610,77,100,31,84,0,44,1,0,60,5,100,40,83,81,32,72,0
train_06226,training_writers,long_sweep,0.35342858,0.47000000,1.32983020,37,93,94,100,73,95,30,75,39,41,100,29,63,4,0,0,5
train_06227,training_writers,compact_trace,0.53892926,0.32000000,0.59376995,31,86,67,100,81,73,54,47,18,25,0,10,50,4,100,0,2
train_06228,training_writers,compact_trace,0.51253494,0.32000000,0.62434767,45,100,30,79,0,47,8,41,68,38,100,52,96,35,91,0,4
train_06229,training_writers,long_sweep,0.34113119,0.47000000,1.37776906,18,76,37,100,77,79,61,39,22,10,0,24,53,19,100,0,2
train_06230,training_writers,long_sweep,0.34244587,0.47000000,1.37247967,88,100,26,93,38,69,100,88,93,83,91,51,57,22,0,0,9
train_06231,training_writers,compact_trace,0.51805464,0.32000000,0.61769546,37,100,10,81,0,56,21,35,73,41,100,44,65,24,52,0,4
train_06232,training_writers,long_sweep,0.36933342,0.47000000,1.27256289,63,98,8,83,73,43,100,0,0,5,35,49,97,90,13,100,8
train_06233,training_writers,compact_trace,0.52555967,0.32000000,0.60887473,59,88,89,100,100,70,60,53,83,44,84,14,42,0,0,7,3
train_06234,training_writers,long_sweep,0.35067005,0.47000000,1.34029126,39,61,95,79,65,100,0,90,13,67,80,57,100,30,85,0,9
train_06235,training_writers,compact_trace,0.53758844,0.32000000,0.59525089,18,82,46,100,69,73,46,42,9,16,0,1,50,3,100,0,2
train_06236,training_writers,long_sweep,0.34948031,0.47000000,1.34485402,17,81,43,100,100,91,75,63,49,37,98,16,62,0,0,1,3
train_06237,training_writers,long_sweep,0.34791254,0.47000000,1.35091421,34,100,0,76,0,35,32,1,85,0,100,38,85,77,36,84,0
train_06238,training_writers,compact_trace,0.52533239,0.32000000,0.60913815,24,100,12,72,0,40,36,25,82,28,100,58,83,33,75,0,4
train_06239,training_writers,long_sweep,0.35842261,0.47000000,1.31130121,10,89,21,52,75,44,60,0,12,12,0,60,36,93,100,100,5
train_06240,training_writers,long_sweep,0.35504688,0.47000000,1.32376883,15,95,77,100,100,72,70,42,31,13,0,0,17,32,95,37,7
train_06241,training_writers,long_sweep,0.34603902,0.47000000,1.35822833,12,82,34,45,49,0,18,2,0,48,4,89,51,100,100,99,5
train_06242,training_writers,compact_trace,0.50836659,0.32000000,0.62946702,68,93,100,100,97,76,72,57,43,38,13,21,0,1,39,0,2
train_06243,training_writers,compact_trace,0.49400677,0.32000000,0.64776440,0,67,52,79,81,100,88,87,88,64,88,41,90,18,100,0,1
train_06244,training_writers,compact_trace,0.51162430,0.32000000,0.62545896,0,89,32,100,70,97,73,70,67,43,100,27,90,5,52,0,3
train_06245,training_writers,long_sweep,0.36544918,0.47000000,1.28608853,87,100,36,71,85,35,52,0,0,13,51,49,100,85,44,97,8
train_06246,training_writers,long_sweep,0.35868769,0.47000000,1.31033213,0,79,25,50,98,25,71,0,10,16,50,47,100,76,83,100,8
train_06247,training_writers,long_sweep,0.34019298,0.47000000,1.38156877,71,100,31,81,0,56,62,50,100,75,75,56,46,28,31,0,4
train_06248,training_writers,compact_trace,0.53666235,0.32000000,0.59627809,45,100,26,70,0,34,21,26,82,25,100,59,82,41,78,0,4
train_06249,training_writers,compact_trace,0.54534721,0.32000000,0.58678214,34,93,7,61,0,25,34,0,81,12,100,46,98,83,62,100,0
train_06250,training_writers,compact_trace,0.51532230,0.32000000,0.62097060,12,72,50,83,92,100,100,92,75,69,47,46,22,23,0,0,1
train_06251,training_writers,long_sweep,0.36725614,0.47000000,1.27976075,88,77,30,96,46,48,68,0,0,2,45,46,100,88,38,100,8
train_06252,training_writers,long_sweep,0.35341336,0.47000000,1.32988747,31,100,0,78,7,28,51,0,96,14,100,64,58,89,29,55,0
train_06253,training_writers,long_sweep,0.35748842,0.47000000,1.31472790,3,77,2,39,39,0,90,20,100,71,53,100,0,78,10,43,0
train_06254,training_writers,compact_trace,0.53965614,0.32000000,0.59297018,86,85,47,64,0,76,34,100,78,88,81,58,81,28,100,0,9
train_06255,training_writers,compact_trace,0.53310264,0.32000000,0.60025965,61,100,29,76,4,52,0,28,46,8,100,29,71,23,82,0,4
train_06256,training_writers,compact_trace,0.52338484,0.32000000,0.61140479,36,100,22,96,0,69,6,42,68,42,100,51,64,26,50,0,4
train_06257,training_writers,long_sweep,0.35635570,0.47000000,1.31890691,0,93,11,57,69,38,42,0,4,14,5,61,35,94,100,100,5
train_06258,training_writers,long_sweep,0.34668087,0.47000000,1.35571369,100,100,54,80,19,56,0,31,17,7,81,0,98,20,31,17,6
train_06259,training_writers,long_sweep,0.33798932,0.47000000,1.39057647,19,86,63,100,89,80,51,57,72,37,100,14,49,0,0,2,3
train_06260,training_writers,long_sweep,0.35000270,0.47000000,1.34284678,51,99,28,60,40,9,79,0,100,44,81,90,40,100,0,87,0
train_06261,training_writers,long_sweep,0.34338186,0.47000000,1.36873860,6,97,58,100,100,85,76,56,44,29,25,0,0,29,53,37,7
train_06262,training_writers,long_sweep,0.35246926,0.47000000,1.33344961,53,100,34,59,0,22,62,24,100,43,75,82,75,42,75,0,4
train_06263,training_writers,long_sweep,0.34149619,0.47000000,1.37629646,20,84,39,45,43,9,7,0,0,47,15,91,57,100,100,88,5
train_06264,training_writers,long_sweep,0.35358825,0.47000000,1.32922969,17,94,0,57,16,10,64,0,100,32,98,80,55,100,14,73,0
train_06265,training_writers,long_sweep,0.34715177,0.47000000,1.35387469,6,97,63,100,95,79,48,60,67,52,100,28,56,8,0,0,3
train_06266,training_writers,compact_trace,0.53294894,0.32000000,0.60043276,100,100,66,88,32,66,7,39,0,10,44,0,62,18,14,22,6
train_06267,training_writers,long_sweep,0.33842275,0.47000000,1.38879550,0,82,44,100,69,81,38,54,68,46,100,20,61,0,6,6,3
train_06268,training_writers,compact_trace,0.50749829,0.32000000,0.63054400,20,100,24,85,0,52,20,39,79,34,94,53,91,18,100,0,4
train_06269,training_writers,long_sweep,0.34011385,0.47000000,1.38189022,22,97,62,100,60,62,51,24,38,0,0,31,37,42,100,44,7
train_06270,training_writers,long_sweep,0.34045594,0.47000000,1.38050169,6,97,65,100,100,82,70,56,42,28,27,0,0,27,47,38,7
train_06271,training_writers,compact_trace,0.53285186,0.32000000,0.60054215,77,100,40,80,75,71,100,94,89,66,81,38,47,15,0,0,9
train_06272,training_writers,compact_trace,0.50661249,0.32000000,0.63164649,0,53,39,62,72,80,100,100,93,77,82,51,73,25,68,0,1
train_06273,training_writers,long_sweep,0.34566226,0.47000000,1.35970876,0,37,17,0,66,1,100,31,96,71,59,100,12,98,9,59,0
train_06274,training_writers,long_sweep,0.35618584,0.50000000,1.40376158,23,70,44,60,90,36,58,0,0,13,9,56,27,94,100,100,5
train_06275,training_writers,long_sweep,0.35709756,0.47000000,1.31616692,67,100,10,92,29,53,50,14,1,0,0,37,45,67,100,87,8
train_06276,training_writers,long_sweep,0.35525405,0.47000000,1.32299686,100,100,50,79,13,52,0,20,44,0,100,13,61,28,6,17,6
train_06277,training_writers,compact_trace,0.51518794,0.32000000,0.62113255,67,100,58,96,29,69,0,42,29,25,92,35,100,26,79,0,4
train_06278,training_writers,compact_trace,0.51496963,0.32000000,0.62139587,0,47,21,68,59,90,100,100,87,75,70,50,52,25,43,0,1
train_06279,training_writers,long_sweep,0.35706989,0.47000000,1.31626894,99,100,41,89,4,61,0,26,42,0,100,4,75,33,16,38,6
train_06280,training_writers,compact_trace,0.51138122,0.32000000,0.62575626,0,92,33,99,84,100,100,92,67,71,45,47,30,21,27,0,7
train_06281,training_writers,long_sweep,0.36689617,0.47000000,1.28101639,67,99,18,97,32,47,69,0,0,4,45,49,100,91,42,100,8
train_06282,training_writers,compact_trace,0.53192989,0.32000000,0.60158304,52,81,86,100,89,72,63,53,100,42,85,11,43,0,0,11,3
train_06283,training_writers,long_sweep,0.34123060,0.47000000,1.37736767,50,65,81,100,76,77,61,31,40,0,0,11,50,10,100,13,1
train_06284,training_writers,long_sweep,0.35130365,0.47000000,1.33787395,55,50,100,74,76,100,7,90,0,64,72,55,97,32,83,0,9
train_06285,training_writers,compact_trace,0.53481304,0.32000000,0.59833993,36,89,73,100,75,74,48,51,14,30,0,10,51,8,100,0,2
train_06286,training_writers,long_sweep,0.36458568,0.47000000,1.28913455,73,78,30,100,0,70,75,39,92,0,21,21,75,60,100,88,8
train_06287,training_writers,compact_trace,0.53558064,0.32000000,0.59748239,0,77,25,100,53,86,43,52,17,21,1,0,51,0,100,0,2
train_06288,training_writers,long_sweep,0.34470976,0.47000000,1.36346589,47,100,36,69,0,34,50,28,100,43,98,81,89,41,84,0,4
train_06289,training_writers,compact_trace,0.52200743,0.32000000,0.61301810,0,65,33,84,78,100,100,94,75,71,48,48,23,24,4,0,1
train_06290,training_writers,long_sweep,0.35715556,0.47000000,1.31595319,32,84,79,64,85,100,35,78,74,68,100,37,82,0,0,0,9
train_06291,training_writers,long_sweep,0.35463190,0.47000000,1.32531788,0,71,1,21,47,0,93,10,100,59,66,95,19,100,10,59,0
train_06292,training_writers,long_sweep,0.35729790,0.47000000,1.31542895,31,93,0,56,9,10,61,0,100,32,95,79,50,100,10,68,0
train_06293,training_writers,compact_trace,0.54658611,0.32000000,0.58545213,5,64,28,100,63,83,43,43,8,12,0,0,50,2,100,4,2
train_06294,training_writers,long_sweep,0.35073871,0.47000000,1.34002887,0,98,76,100,84,77,58,39,37,0,15,17,23,43,100,43,7
train_06295,training_writers,long_sweep,0.34848924,0.47000000,1.34867864,0,87,43,100,68,58,63,8,34,0,2,29,51,34,100,41,7
train_06296,training_writers,long_sweep,0.34524528,0.47000000,1.36135098,0,80,38,100,95,95,57,71,51,51,100,31,95,2,36,0,3
train_06297,training_writers,long_sweep,0.36314483,0.47000000,1.29424945,18,72,59,38,64,0,0,9,50,41,100,73,73,100,9,80,8
train_06298,training_writers,compact_trace,0.52759517,0.32000000,0.60652564,26,80,53,100,100,98,93,76,55,59,71,37,37,17,0,0,3
train_06299,training_writers,long_sweep,0.34680448,0.47000000,1.35523048,83,100,72,85,28,56,0,22,51,0,100,16,46,37,29,11,6
train_06300,training_writers,compact_trace,0.52127584,0.32000000,0.61387844,60,100,47,71,19,38,0,32,52,34,100,43,97,37,83,0,4
train_06301,training_writers,long_sweep,0.35867648,0.47000000,1.31037306,52,100,48,66,91,45,48,10,0,0,20,49,39,98,100,100,5
train_06302,training_writers,long_sweep,0.34147600,0.47000000,1.37637786,14,61,12,21,48,0,85,24,100,63,83,99,36,100,0,75,0
train_06303,training_writers,long_sweep,0.35349907,0.47000000,1.32956503,21,89,0,68,50,37,49,0,7,15,3,68,39,99,100,100,5
train_06304,training_writers,long_sweep,0.34466487,0.47000000,1.36364347,18,81,27,54,59,19,18,0,0,35,6,83,51,100,100,100,5
train_06305,training_writers,compact_trace,0.51044417,0.32000000,0.62690500,3,100,0,83,2,53,49,40,100,52,92,57,71,29,60,0,4
train_06306,training_writers,long_sweep,0.36312655,0.47000000,1.29431462,7,82,69,100,100,73,55,37,15,0,74,0,34,38,0,72,8
train_06307,training_writers,rising_tail,0.26199716,0.40000000,1.52673410,0,75,21,55,42,22,18,0,4,35,4,72,42,96,100,100,5
train_06308,training_writers,compact_trace,0.51791192,0.32000000,0.61786568,43,99,84,100,80,77,70,59,100,37,80,11,39,0,0,3,3
train_06309,training_writers,long_sweep,0.34606780,0.47000000,1.35811539,29,100,0,75,53,54,100,30,78,0,56,25,66,63,15,71,8
train_06310,training_writers,compact_trace,0.50738815,0.32000000,0.63068088,0,57,51,68,85,92,100,100,85,73,73,46,64,18,63,0,1
train_06311,training_writers,compact_trace,0.54589233,0.32000000,0.58619618,92,100,50,79,20,56,0,34,56,22,100,41,66,23,50,0,4
train_06312,training_writers,compact_trace,0.50124533,0.32000000,0.63840994,0,71,39,79,82,100,100,95,93,71,87,46,75,22,84,0,1
train_06313,training_writers,long_sweep,0.35676374,0.47000000,1.31739844,38,86,70,69,94,100,36,84,90,79,100,43,68,6,0,0,9
train_06314,training_writers,long_sweep,0.36509117,0.47000000,1.28734966,96,43,63,0,1,7,0,57,38,100,100,94,81,45,36,7,0
train_06315,training_writers,long_sweep,0.34822842,0.47000000,1.34968881,0,92,31,97,96,100,100,74,72,37,57,0,18,33,73,37,7
train_06316,training_writers,compact_trace,0.54622764,0.32000000,0.58583634,28,89,63,100,84,71,69,38,32,14,0,17,52,13,100,0,2
train_06317,training_writers,long_sweep,0.34682871,0.47000000,1.35513579,55,100,39,85,12,49,17,12,78,0,100,27,41,38,0,9,6
train_06318,training_writers,long_sweep,0.34501409,0.47000000,1.36226322,100,100,48,100,9,75,8,52,61,56,85,25,49,0,0,5,5
train_06319,training_writers,compact_trace,0.53689606,0.32000000,0.59601853,0,63,58,85,100,100,78,74,67,46,64,19,0,0,3,3,1
train_06320,training_writers,compact_trace,0.53856686,0.32000000,0.59416950,100,100,57,85,26,62,2,36,0,7,44,0,70,20,24,22,6
train_06321,training_writers,long_sweep,0.33854607,0.47000000,1.38828965,0,65,2,94,58,100,98,88,72,59,100,28,69,5,24,0,3
train_06322,training_writers,compact_trace,0.50206528,0.32000000,0.63736731,33,100,16,84,0,62,24,41,100,48,98,46,91,23,96,0,4
train_06323,training_writers,long_sweep,0.34586787,0.47000000,1.35890043,79,93,20,100,30,81,92,80,100,52,94,16,43,0,0,19,9
train_06324,training_writers,compact_trace,0.52741257,0.32000000,0.60673563,0,95,3,97,69,100,100,100,52,80,23,55,16,26,34,0,7
train_06325,training_writers,long_sweep,0.36904276,0.47000000,1.27356515,49,100,0,30,39,0,100,59,49,79,19,44,85,80,23,21,0
train_06326,training_writers,long_sweep,0.35454577,0.47000000,1.32563986,0,38,42,60,74,100,62,61,55,17,3,1,19,0,100,5,1
train_06327,training_writers,compact_trace,0.53047044,0.32000000,0.60323813,0,78,34,96,87,100,100,82,59,63,67,39,55,15,11,0,3
train_06328,training_writers,long_sweep,0.36838749,0.47000000,1.27583052,4,98,6,73,96,100,16,97,0,72,100,89,51,43,13,0,9
train_06329,training_writers,long_sweep,0.36688053,0.47000000,1.28107099,54,90,22,65,100,77,48,100,14,49,0,0,73,16,44,66,8
train_06330,training_writers,long_sweep,0.35856744,0.47000000,1.31077155,46,78,59,42,51,0,0,6,47,39,100,69,90,100,21,94,8
train_06331,training_writers,compact_trace,0.53361469,0.32000000,0.59968364,42,100,10,77,0,47,68,43,100,68,83,60,66,30,68,0,4
train_06332,training_writers,long_sweep,0.36817045,0.47000000,1.27658261,93,75,80,100,0,74,51,38,96,4,6,0,32,43,100,79,8
train_06333,training_writers,long_sweep,0.34129952,0.47000000,1.37708955,0,95,45,100,60,64,43,20,23,0,5,39,52,40,100,36,7
train_06334,training_writers,long_sweep,0.36495713,0.47000000,1.28782248,75,100,0,88,54,58,100,24,44,0,2,29,41,65,22,96,8
train_06335,training_writers,compact_trace,0.50642682,0.32000000,0.63187807,45,84,73,100,100,98,82,72,69,43,61,14,31,0,0,2,3
train_06336,training_writers,long_sweep,0.36926049,0.47000000,1.27281420,88,97,28,91,26,43,100,5,0,0,37,51,94,100,31,87,8
train_06337,training_writers,compact_trace,0.52738169,0.32000000,0.60677116,81,100,52,87,19,65,0,44,89,40,100,43,78,21,78,0,4
train_06338,training_writers,compact_trace,0.48873549,0.32000000,0.65475089,0,65,25,79,55,100,62,92,62,68,62,44,78,22,100,0,1
train_06339,training_writers,compact_trace,0.53345399,0.32000000,0.59986429,9,70,32,100,59,78,36,43,0,15,6,10,52,1,100,0,2
train_06340,training_writers,compact_trace,0.52859598,0.32000000,0.60537728,100,100,82,92,46,70,16,44,0,15,36,0,60,20,12,32,6
train_06341,training_writers,long_sweep,0.36260782,0.47000000,1.29616619,48,88,91,69,76,100,16,75,93,75,100,56,84,11,0,0,9
train_06342,training_writers,compact_trace,0.54019963,0.32000000,0.59237360,24,78,59,100,100,91,71,59,61,47,88,19,48,0,0,13,3
train_06343,training_writers,long_sweep,0.35179611,0.47000000,1.33600112,48,84,55,58,85,83,34,100,67,65,100,28,59,0,0,0,9
train_06344,training_writers,long_sweep,0.34090079,0.47000000,1.37870022,28,64,39,100,78,98,62,61,30,31,0,13,51,10,100,0,2
train_06345,training_writers,long_sweep,0.35382791,0.47000000,1.32832934,36,98,8,67,0,21,40,0,85,29,100,72,59,100,15,75,0
train_06346,training_writers,compact_trace,0.51020367,0.32000000,0.62720050,10,46,0,71,38,94,79,100,76,75,72,50,76,24,100,0,1
train_06347,training_writers,compact_trace,0.52868868,0.32000000,0.60527114,37,75,46,100,69,80,40,44,1,15,0,16,50,7,100,0,2
train_06348,training_writers,compact_trace,0.51632556,0.32000000,0.61976402,0,75,21,100,52,81,46,44,17,18,28,24,65,12,100,0,2
train_06349,training_writers,long_sweep,0.33938764,0.47000000,1.38484712,13,77,21,58,46,25,11,0,0,42,2,88,49,98,100,100,5
train_06350,training_writers,long_sweep,0.33853451,0.47000000,1.38833703,35,79,66,100,87,72,69,38,36,10,0,0,50,4,100,5,2
train_06351,training_writers,long_sweep,0.35664212,0.47000000,1.31784769,100,100,78,96,32,66,0,33,11,0,89,11,85,35,3,24,6
train_06352,training_writers,compact_trace,0.53702271,0.32000000,0.59587797,35,90,75,100,88,74,58,54,100,41,88,14,44,4,0,0,3
train_06353,training_writers,long_sweep,0.36294650,0.47000000,1.29495669,55,94,9,78,56,57,60,4,0,0,4,43,40,93,100,100,5
train_06354,training_writers,long_sweep,0.36225474,0.47000000,1.29742955,49,72,46,100,0,71,48,35,79,0,11,21,40,58,100,86,8
train_06355,training_writers,long_sweep,0.35503938,0.47000000,1.32379681,8,87,0,43,10,0,61,3,95,38,100,81,53,100,1,83,0
train_06356,training_writers,long_sweep,0.35211696,0.47000000,1.33478378,20,67,0,27,36,0,84,17,100,60,77,100,31,85,10,44,0
train_06357,training_writers,long_sweep,0.35756732,0.47000000,1.31443780,100,84,57,88,73,43,63,0,0,6,45,45,99,80,83,100,8
train_06358,training_writers,long_sweep,0.36756849,0.47000000,1.27867327,54,57,70,100,0,83,37,41,90,0,19,0,36,45,100,82,8
train_06359,training_writers,compact_trace,0.51242218,0.32000000,0.62448506,0,75,19,99,57,100,66,73,56,46,38,20,55,2,100,0,2
train_06360,training_writers,compact_trace,0.53966618,0.32000000,0.59295915,0,60,34,83,57,100,51,64,48,29,13,0,20,2,100,4,1
train_06361,training_writers,compact_trace,0.53129927,0.32000000,0.60229708,15,100,0,79,1,44,55,25,93,54,100,68,75,35,66,0,4
train_06362,training_writers,compact_trace,0.47711234,0.32000000,0.67070158,100,100,74,86,48,73,29,59,16,44,6,29,0,15,0,0,1
train_06363,training_writers,compact_trace,0.51215278,0.32000000,0.62481356,0,100,19,90,8,60,1,29,53,24,95,43,96,30,100,0,4
train_06364,training_writers,long_sweep,0.34017703,0.47000000,1.38163356,15,100,0,58,9,14,47,0,84,16,100,57,77,92,38,95,0
train_06365,training_writers,long_sweep,0.35337535,0.47000000,1.33003053,69,67,100,100,42,94,31,57,86,69,90,43,58,7,0,0,9
train_06366,training_writers,compact_trace,0.51534490,0.32000000,0.62094337,17,100,0,71,5,43,78,40,100,55,91,59,87,29,78,0,4
train_06367,training_writers,long_sweep,0.35002760,0.47000000,1.34275125,19,86,9,55,13,16,60,0,96,33,100,72,57,100,0,82,0
train_06368,training_writers,long_sweep,0.34180685,0.47000000,1.37504558,74,100,36,82,0,53,25,31,85,33,100,62,61,35,48,0,4
train_06369,training_writers,long_sweep,0.35799619,0.47000000,1.31286313,0,85,34,100,100,94,82,45,49,0,11,3,29,31,96,31,7
train_06370,training_writers,compact_trace,0.49871632,0.32000000,0.64164734,0,71,44,85,85,100,100,96,95,71,88,46,86,21,85,0,1
train_06371,training_writers,long_sweep,0.33837097,0.47000000,1.38900803,67,89,25,100,33,75,51,94,85,64,100,23,56,0,0,10,9
train_06372,training_writers,compact_trace,0.54306368,0.32000000,0.58924950,26,100,11,80,0,46,69,33,100,52,88,66,55,33,20,0,4
train_06373,training_writers,long_sweep,0.34133594,0.47000000,1.37694260,100,100,58,79,30,53,18,24,42,0,93,10,52,23,0,16,6
train_06374,training_writers,compact_trace,0.50101935,0.32000000,0.63869789,0,69,56,76,85,99,98,100,100,75,97,50,92,25,92,0,1
train_06375,training_writers,long_sweep,0.35153433,0.47000000,1.33699604,79,86,27,68,0,35,11,0,70,5,100,37,84,71,43,100,0
train_06376,training_writers,compact_trace,0.51004021,0.32000000,0.62740151,0,54,35,63,68,80,98,100,100,85,81,57,64,29,50,0,1
train_06377,training_writers,long_sweep,0.35667467,0.47000000,1.31772744,61,73,52,100,14,72,54,36,58,0,0,17,45,49,100,79,8
train_06378,training_writers,long_sweep,0.36913658,0.47000000,1.27324147,40,56,100,92,26,100,15,51,77,9,0,0,16,46,100,80,8
train_06379,training_writers,compact_trace,0.54046791,0.32000000,0.59207956,27,86,50,100,100,95,64,72,50,47,80,21,53,0,0,3,3
train_06380,training_writers,long_sweep,0.35650963,0.47000000,1.31833746,0,50,52,75,100,100,92,63,80,26,45,0,12,3,90,2,1
train_06381,training_writers,compact_trace,0.50170008,0.32000000,0.63783128,0,66,21,72,65,88,100,100,94,75,87,49,79,23,79,0,1
train_06382,training_writers,long_sweep,0.34808841,0.47000000,1.35023169,78,100,33,80,0,57,69,56,100,68,70,75,43,38,16,0,4
train_06383,training_writers,compact_trace,0.54164883,0.32000000,0.59078869,19,89,64,100,70,61,41,27,0,4,4,3,52,4,100,0,2
train_06384,training_writers,long_sweep,0.34081739,0.47000000,1.37903761,8,81,53,100,100,94,64,66,77,54,99,30,54,8,0,0,3
train_06385,training_writers,compact_trace,0.50231207,0.32000000,0.63705417,0,45,36,69,68,93,88,100,84,75,84,50,84,24,100,0,1
train_06386,training_writers,long_sweep,0.35360497,0.47000000,1.32916683,76,100,52,60,0,27,58,27,100,55,98,85,95,42,90,0,4
train_06387,training_writers,compact_trace,0.53393502,0.32000000,0.59932387,15,100,4,72,0,38,48,31,100,38,96,64,81,32,63,0,4
train_06388,training_writers,long_sweep,0.34255043,0.47000000,1.37206077,72,100,19,78,26,62,100,66,81,89,53,68,33,33,0,0,4
train_06389,training_writers,long_sweep,0.34965367,0.47000000,1.34418725,0,83,33,92,100,100,95,69,60,35,30,0,26,31,86,36,7
train_06390,training_writers,compact_trace,0.52704020,0.32000000,0.60716431,63,100,41,72,0,46,4,39,58,32,100,52,86,37,77,0,4
train_06391,training_writers,long_sweep,0.35661921,0.47000000,1.31793236,35,55,46,55,100,23,60,0,5,28,32,64,65,100,0,79,8
train_06392,training_writers,compact_trace,0.51836640,0.32000000,0.61732396,0,81,43,80,100,100,86,86,57,65,36,43,21,21,18,0,1
train_06393,training_writers,long_sweep,0.35099947,0.47000000,1.33903335,10,73,0,38,26,0,75,12,100,52,89,95,39,100,3,67,0
train_06394,training_writers,compact_trace,0.51517728,0.32000000,0.62114541,16,100,59,99,69,80,76,64,100,42,85,16,45,2,0,0,3
train_06395,training_writers,compact_trace,0.52593556,0.32000000,0.60843956,19,100,0,76,29,53,98,58,100,83,87,68,84,34,86,0,4
train_06396,training_writers,compact_trace,0.52534254,0.32000000,0.60912638,0,53,40,72,82,95,100,100,68,75,38,51,18,25,10,0,1
train_06397,training_writers,compact_trace,0.53061418,0.32000000,0.60307472,50,100,63,96,30,65,0,36,13,8,85,22,100,30,80,0,4
train_06398,training_writers,long_sweep,0.34161047,0.47000000,1.37583603,54,81,46,98,86,100,75,58,43,24,0,0,48,2,100,8,2
train_06399,training_writers,long_sweep,0.33906062,0.47000000,1.38618282,35,86,67,100,100,84,57,66,95,44,96,12,48,0,0,11,3
train_06400,training_writers,long_sweep,0.35518989,0.47000000,1.32323586,46,90,41,60,99,87,54,100,89,98,100,58,67,20,0,0,9
train_06401,training_writers,long_sweep,0.35072962,0.47000000,1.34006360,100,87,52,100,13,75,65,62,96,76,84,41,60,7,0,0,9
train_06402,training_writers,compact_trace,0.53609536,0.32000000,0.59690872,2,64,21,100,47,81,30,44,0,12,7,24,53,14,100,0,2
train_06403,training_writers,long_sweep,0.35540073,0.47000000,1.32245086,11,74,22,100,93,98,91,69,49,41,0,17,25,0,100,6,2
train_06404,training_writers,long_sweep,0.36866804,0.47000000,1.27485962,40,100,0,75,73,40,81,0,1,9,54,51,100,93,15,98,8
train_06405,training_writers,compact_trace,0.51552040,0.32000000,0.62073199,0,54,53,76,98,100,91,94,84,68,79,42,70,16,100,0,1
train_06406,training_writers,compact_trace,0.52219406,0.32000000,0.61279901,0,44,33,65,73,87,100,100,79,75,56,50,39,24,59,0,1
train_06407,training_writers,long_sweep,0.35677601,0.47000000,1.31735314,56,68,100,95,46,100,0,74,48,70,99,62,74,30,40,0,9
train_06408,training_writers,compact_trace,0.52116955,0.32000000,0.61400364,58,91,93,100,77,73,97,49,100,20,70,0,26,7,0,28,3
train_06409,training_writers,long_sweep,0.36394762,0.47000000,1.29139463,64,94,50,74,90,36,55,0,0,15,48,51,100,86,24,100,8
train_06410,training_writers,compact_trace,0.53132624,0.32000000,0.60226651,34,74,62,100,100,86,69,60,75,48,90,19,50,1,0,0,3
train_06411,training_writers,long_sweep,0.34324051,0.47000000,1.36930225,1,80,33,100,84,93,54,64,84,44,100,15,52,0,0,1,3
train_06412,training_writers,compact_trace,0.53470320,0.32000000,0.59846284,32,82,73,100,100,92,66,66,76,44,92,18,48,3,0,0,3
train_06413,training_writers,compact_trace,0.52374523,0.32000000,0.61098408,0,73,25,100,54,99,39,65,18,35,22,7,61,5,100,0,2
train_06414,training_writers,long_sweep,0.33858933,0.47000000,1.38811224,0,96,58,100,86,86,65,44,55,0,38,11,38,39,100,42,7
train_06415,training_writers,long_sweep,0.35038230,0.47000000,1.34139195,38,77,86,97,100,100,41,92,23,56,80,44,56,12,0,0,5
train_06416,training_writers,long_sweep,0.34528655,0.47000000,1.36118828,51,81,86,100,81,85,81,58,88,31,56,6,0,0,100,2,1
train_06417,training_writers,long_sweep,0.34453705,0.47000000,1.36414939,2,94,51,100,100,95,69,71,100,46,97,17,51,5,0,0,3
train_06418,training_writers,compact_trace,0.54443590,0.32000000,0.58776432,34,100,28,92,0,55,46,37,100,38,80,76,65,40,54,0,4
train_06419,training_writers,compact_trace,0.51349005,0.32000000,0.62318637,0,80,25,100,56,97,61,61,40,29,38,0,69,0,100,4,2
train_06420,training_writers,long_sweep,0.36518022,0.47000000,1.28703577,39,99,0,65,74,52,74,9,21,0,23,50,24,99,100,100,5
train_06421,training_writers,long_sweep,0.33792950,0.47000000,1.39082264,41,100,0,82,18,50,81,39,100,58,68,65,37,33,13,0,4
train_06422,training_writers,long_sweep,0.35444769,0.47000000,1.32600667,23,49,81,69,100,100,35,87,33,53,68,21,13,0,0,28,8
train_06423,training_writers,long_sweep,0.35318720,0.47000000,1.33073905,40,88,23,45,39,0,85,3,100,49,79,93,32,100,0,67,0
train_06424,training_writers,compact_trace,0.52793057,0.32000000,0.60614031,0,95,40,100,59,80,32,56,5,32,14,7,57,0,100,1,2
train_06425,training_writers,long_sweep,0.34045550,0.47000000,1.38050347,4,87,17,67,40,34,9,0,0,39,2,84,48,100,100,97,5
train_06426,training_writers,long_sweep,0.36162515,0.47000000,1.29968835,39,96,2,70,53,38,63,0,0,10,6,55,31,94,100,100,5
train_06427,training_writers,long_sweep,0.35903702,0.47000000,1.30905721,39,86,78,61,100,100,33,85,83,74,83,54,75,6,0,0,9
train_06428,training_writers,compact_trace,0.54451275,0.32000000,0.58768137,0,93,40,100,57,56,44,5,20,0,18,34,59,44,100,54,7
train_06429,training_writers,long_sweep,0.34938376,0.47000000,1.34522565,68,100,41,94,13,61,0,27,32,0,100,20,60,32,9,7,6
train_06430,training_writers,long_sweep,0.34410668,0.47000000,1.36585551,100,93,34,100,0,73,64,71,87,94,74,62,64,31,62,0,9
train_06431,training_writers,long_sweep,0.35254589,0.47000000,1.33315979,21,71,65,100,95,77,65,34,24,0,0,10,51,23,100,1,2
train_06432,training_writers,long_sweep,0.35000755,0.47000000,1.34282818,0,81,44,100,100,86,79,45,49,5,29,0,26,34,90,32,7
train_06433,training_writers,long_sweep,0.34128371,0.47000000,1.37715335,0,95,53,100,100,86,98,51,80,18,55,0,33,31,87,34,7
train_06434,training_writers,long_sweep,0.34993033,0.47000000,1.34312449,93,100,60,90,0,55,82,50,100,78,90,86,80,41,71,0,4
train_06435,training_writers,long_sweep,0.34532823,0.47000000,1.36102398,25,100,0,66,14,33,76,29,100,47,74,82,48,42,29,0,4
train_06436,training_writers,long_sweep,0.35627207,0.47000000,1.31921651,59,100,17,69,0,31,32,0,86,22,100,61,78,97,16,96,0
train_06437,training_writers,compact_trace,0.53191932,0.32000000,0.60159499,43,92,70,100,68,66,39,37,0,18,17,34,56,13,100,0,2
train_06438,training_writers,compact_trace,0.52763196,0.32000000,0.60648336,8,81,42,98,92,100,100,79,63,60,65,36,44,14,0,0,3
train_06439,training_writers,long_sweep,0.34587560,0.47000000,1.35887006,76,76,47,100,0,84,48,66,83,68,100,33,87,0,26,0,9
train_06440,training_writers,compact_trace,0.50853863,0.32000000,0.62925406,0,100,46,96,91,94,100,82,72,59,53,33,49,5,66,0,7
train_06441,training_writers,compact_trace,0.54646317,0.32000000,0.58558383,0,100,6,81,7,48,97,48,100,84,74,71,55,36,39,0,4
train_06442,training_writers,long_sweep,0.36026448,0.47000000,1.30459712,32,97,34,58,61,21,0,0,5,35,55,66,100,100,39,93,8
train_06443,training_writers,long_sweep,0.35378349,0.47000000,1.32849615,54,95,22,100,0,61,86,62,100,75,57,100,48,49,47,0,4
train_06444,training_writers,compact_trace,0.50776520,0.32000000,0.63021254,0,56,30,73,64,87,99,100,100,79,85,52,79,23,97,0,1
train_06445,training_writers,long_sweep,0.34661240,0.47000000,1.35598150,5,85,44,100,72,71,52,33,21,0,0,34,50,41,100,45,7
train_06446,training_writers,compact_trace,0.51991451,0.32000000,0.61548581,34,100,21,73,0,44,79,40,97,62,100,54,86,22,79,0,4
train_06447,training_writers,compact_trace,0.51118787,0.32000000,0.62599294,16,100,8,83,0,52,40,40,88,55,100,57,75,29,60,0,4
train_06448,training_writers,long_sweep,0.35962205,0.47000000,1.30692764,72,91,21,75,13,30,53,0,100,24,100,69,55,100,0,88,0
train_06449,training_writers,compact_trace,0.54736235,0.32000000,0.58462187,23,73,30,100,80,93,60,61,90,44,100,10,50,0,0,15,3
train_06450,training_writers,compact_trace,0.50239729,0.32000000,0.63694611,0,56,56,69,82,92,92,100,85,75,85,50,86,24,100,0,1
train_06451,training_writers,long_sweep,0.35895971,0.47000000,1.30933914,59,43,100,79,64,100,22,66,55,28,12,0,0,27,67,56,8
train_06452,training_writers,long_sweep,0.35578631,0.47000000,1.32101765,100,100,61,99,24,66,0,31,22,0,93,13,70,33,3,18,6
train_06453,training_writers,compact_trace,0.52031391,0.32000000,0.61501335,4,86,38,100,44,74,24,47,0,20,21,1,60,0,100,1,2
train_06454,training_writers,long_sweep,0.34286514,0.47000000,1.37080137,42,100,8,77,0,32,30,0,72,7,100,42,81,80,40,81,0
train_06455,training_writers,compact_trace,0.52043152,0.32000000,0.61487436,53,100,30,82,0,61,2,39,79,40,100,44,84,21,100,0,4
train_06456,training_writers,long_sweep,0.33982486,0.47000000,1.38306537,21,83,0,65,0,28,35,0,84,17,100,53,84,88,30,100,0
train_06457,training_writers,long_sweep,0.36720602,0.47000000,1.27993543,100,88,20,100,43,54,78,10,0,0,12,42,83,74,50,93,8
train_06458,training_writers,compact_trace,0.50652354,0.32000000,0.63175741,9,100,4,86,0,62,4,37,54,25,100,42,79,24,84,0,4
train_06459,training_writers,compact_trace,0.49846012,0.32000000,0.64197713,0,100,22,86,60,80,100,80,84,65,66,42,51,18,47,0,7
train_06460,training_writers,long_sweep,0.36489848,0.47000000,1.28802948,92,78,42,100,0,70,41,36,86,2,19,0,28,34,100,63,8
train_06461,training_writers,long_sweep,0.35755908,0.47000000,1.31446809,61,83,4,66,29,100,80,85,100,46,100,6,43,0,0,29,9
train_06462,training_writers,compact_trace,0.54583288,0.32000000,0.58626003,42,100,15,73,0,45,4,17,51,0,100,16,92,43,34,39,6
train_06463,training_writers,compact_trace,0.54015208,0.32000000,0.59242574,0,17,100,38,96,69,91,100,78,94,70,62,65,31,70,0,1
train_06464,training_writers,long_sweep,0.35657634,0.47000000,1.31809083,40,97,0,60,54,41,43,0,12,13,20,60,33,99,100,100,5
train_06465,training_writers,long_sweep,0.35928501,0.47000000,1.30815364,71,73,92,100,18,81,25,45,45,9,0,0,18,33,100,52,8
train_06466,training_writers,compact_trace,0.51472681,0.32000000,0.62168901,0,44,41,62,78,85,100,100,87,75,70,50,55,25,41,0,1
train_06467,training_writers,compact_trace,0.54202213,0.32000000,0.59038180,66,100,39,86,11,64,36,45,100,57,66,45,32,23,0,0,4
train_06468,training_writers,compact_trace,0.52711443,0.32000000,0.60707881,62,100,15,83,3,62,0,40,79,34,100,43,79,22,88,0,4
train_06469,training_writers,compact_trace,0.53145620,0.32000000,0.60211923,81,100,39,94,69,77,63,73,86,41,100,9,52,0,0,2,9
train_06470,training_writers,compact_trace,0.53621183,0.32000000,0.59677907,31,88,3,84,77,100,100,96,69,72,37,49,14,24,0,0,1
train_06471,training_writers,long_sweep,0.35101284,0.47000000,1.33898236,3,88,0,51,16,10,64,0,98,34,100,76,56,100,5,85,0
train_06472,training_writers,compact_trace,0.51994681,0.32000000,0.61544757,25,100,45,97,24,63,0,29,43,14,91,37,89,34,100,0,4
train_06473,training_writers,long_sweep,0.35447163,0.47000000,1.32591709,34,89,96,100,93,99,24,86,60,72,100,46,63,16,0,0,5
train_06474,training_writers,long_sweep,0.35666784,0.47000000,1.31775268,93,100,24,77,9,56,100,53,96,80,74,73,39,36,0,0,4
train_06475,training_writers,compact_trace,0.53069292,0.32000000,0.60298525,11,91,41,100,64,79,53,50,84,29,100,8,51,0,0,2,3
train_06476,training_writers,long_sweep,0.34964648,0.50000000,1.43001584,7,71,38,49,70,20,25,0,1,34,0,69,33,100,100,97,5
train_06477,training_writers,compact_trace,0.54124427,0.32000000,0.59123028,47,100,77,100,72,55,42,19,0,0,5,12,52,7,100,0,2
train_06478,training_writers,long_sweep,0.36249924,0.47000000,1.29655443,29,79,80,70,75,100,16,79,91,78,100,46,81,10,0,0,9
train_06479,training_writers,compact_trace,0.49008731,0.32000000,0.65294488,0,100,3,84,5,60,16,37,60,35,80,45,80,21,100,0,4
train_06480,training_writers,compact_trace,0.54610012,0.32000000,0.58597314,0,96,43,100,70,70,59,29,39,0,19,39,52,45,100,44,7
train_06481,training_writers,compact_trace,0.52426076,0.32000000,0.61038328,0,75,33,100,66,77,68,40,60,5,51,0,48,30,100,33,7
train_06482,training_writers,long_sweep,0.34175954,0.47000000,1.37523593,74,100,25,92,0,63,3,32,39,6,100,9,74,25,38,0,6
train_06483,training_writers,long_sweep,0.35524694,0.47000000,1.32302337,87,100,48,100,17,67,6,31,38,0,100,12,52,29,0,4,6
train_06484,training_writers,compact_trace,0.54211251,0.32000000,0.59028337,0,94,48,100,85,80,78,41,75,0,96,1,100,32,45,37,7
train_06485,training_writers,compact_trace,0.54465531,0.32000000,0.58752755,8,65,3,100,46,99,35,55,0,24,4,8,52,0,100,2,2
train_06486,training_writers,compact_trace,0.53533673,0.32000000,0.59775462,56,92,100,100,87,99,44,87,28,54,68,36,45,6,0,0,5
train_06487,training_writers,long_sweep,0.36694571,0.47000000,1.28084341,13,100,18,72,100,85,18,95,12,75,98,67,64,30,0,0,9
train_06488,training_writers,long_sweep,0.35850921,0.47000000,1.31098445,33,100,100,99,66,98,7,86,32,65,81,38,66,5,0,0,5
train_06489,training_writers,long_sweep,0.35870022,0.47000000,1.31028634,78,91,11,100,6,67,38,34,51,0,0,20,35,51,100,72,8
train_06490,training_writers,compact_trace,0.53562853,0.32000000,0.59742896,13,87,61,100,100,86,69,59,73,51,87,21,46,0,0,5,3
train_06491,training_writers,compact_trace,0.53171669,0.32000000,0.60182425,0,68,16,97,56,100,62,66,43,33,23,2,61,0,100,0,2
train_06492,training_writers,long_sweep,0.35669054,0.47000000,1.31766882,0,87,26,100,95,82,88,41,63,0,27,11,15,40,100,43,7
train_06493,training_writers,long_sweep,0.35146104,0.47000000,1.33727482,24,100,5,57,0,13,41,0,84,25,100,65,57,86,7,87,0
train_06494,training_writers,rising_tail,0.23565940,0.43000000,1.82466732,0,0,38,14,71,32,93,55,100,81,76,100,48,82,73,62,9
train_06495,training_writers,compact_trace,0.53946957,0.32000000,0.59317525,85,100,67,82,32,50,0,30,51,35,100,39,82,35,55,0,4
train_06496,training_writers,long_sweep,0.34457096,0.47000000,1.36401511,38,97,21,61,38,16,4,0,0,45,11,88,55,100,100,99,5
train_06497,training_writers,long_sweep,0.36208825,0.47000000,1.29802612,100,65,72,100,0,85,20,52,79,78,99,48,83,5,14,0,9
train_06498,training_writers,long_sweep,0.36434467,0.47000000,1.28998730,3,97,42,63,100,31,61,0,0,19,38,57,80,95,32,100,8
train_06499,training_writers,long_sweep,0.34930846,0.47000000,1.34551563,65,100,28,74,0,45,0,13,50,0,100,12,58,24,5,13,6
train_06500,training_writers,long_sweep,0.36703454,0.50000000,1.36226963,80,50,77,96,21,100,58,55,77,9,0,0,24,46,100,82,8
train_06501,training_writers,long_sweep,0.33999966,0.47000000,1.38235431,23,67,43,100,73,85,68,49,41,17,0,0,49,4,100,6,2
train_06502,training_writers,long_sweep,0.33911613,0.47000000,1.38595588,53,100,52,83,18,52,0,19,45,0,100,17,52,37,28,13,6
train_06503,training_writers,long_sweep,0.35577606,0.47000000,1.32105573,37,90,5,60,12,15,60,0,98,32,100,76,55,100,0,90,0
train_06504,training_writers,compact_trace,0.50948242,0.32000000,0.62808840,0,56,29,70,66,87,100,100,88,75,73,50,58,25,48,0,1
train_06505,training_writers,long_sweep,0.36167621,0.47000000,1.29950487,40,79,45,55,69,19,15,0,13,36,67,68,100,100,0,99,8
train_06506,training_writers,long_sweep,0.34603150,0.47000000,1.35825785,16,100,0,63,40,37,100,37,87,83,73,95,71,47,68,0,4
train_06507,training_writers,long_sweep,0.36141000,0.47000000,1.30046207,15,100,20,55,76,48,69,0,20,10,0,61,38,95,100,99,5
train_06508,training_writers,long_sweep,0.34120658,0.47000000,1.37746464,0,100,48,91,93,84,77,41,54,0,26,7,49,27,100,25,7
train_06509,training_writers,compact_trace,0.50706236,0.32000000,0.63108608,0,40,30,55,56,77,82,100,100,91,89,60,76,30,74,0,1
train_06510,training_writers,long_sweep,0.35416704,0.47000000,1.32705741,13,99,0,59,10,17,62,0,100,30,87,72,41,100,0,75,0
train_06511,training_writers,compact_trace,0.52854371,0.32000000,0.60543716,0,48,30,66,72,87,100,100,73,75,47,50,22,25,0,0,1
train_06512,training_writers,compact_trace,0.54646259,0.32000000,0.58558446,100,100,90,96,45,71,14,43,16,12,78,0,72,16,0,18,6
train_06513,training_writers,compact_trace,0.52046679,0.32000000,0.61483270,100,100,60,91,31,69,12,44,4,17,34,0,46,20,0,21,6
train_06514,training_writers,long_sweep,0.34413708,0.47000000,1.36573483,0,90,62,100,100,82,78,48,63,13,52,0,24,31,85,44,7
train_06515,training_writers,long_sweep,0.36488540,0.47000000,1.28807566,28,85,11,63,82,37,88,0,9,1,0,46,16,88,100,100,5
train_06516,training_writers,compact_trace,0.50854584,0.32000000,0.62924515,0,39,35,59,65,81,100,100,95,75,87,50,78,25,77,0,1
train_06517,training_writers,long_sweep,0.34001156,0.47000000,1.38230596,0,91,27,100,69,83,60,42,54,0,100,22,76,44,23,49,7
train_06518,training_writers,long_sweep,0.34962506,0.47000000,1.34429723,100,100,44,89,11,61,0,30,23,0,84,1,88,28,28,29,6
train_06519,training_writers,compact_trace,0.52747197,0.32000000,0.60666731,12,97,56,100,97,87,100,63,95,39,82,10,41,0,0,12,3
train_06520,training_writers,compact_trace,0.53327831,0.32000000,0.60006191,19,100,0,78,23,50,100,55,84,79,64,68,60,34,57,0,4
train_06521,training_writers,long_sweep,0.33998406,0.47000000,1.38241775,63,80,88,100,97,67,72,33,32,6,0,7,51,21,100,0,2
train_06522,training_writers,compact_trace,0.52142691,0.32000000,0.61370058,40,96,83,100,81,72,73,61,100,35,79,6,35,0,0,19,3
train_06523,training_writers,compact_trace,0.54701885,0.32000000,0.58498898,88,85,100,100,60,75,26,48,0,19,34,0,80,18,30,30,6
train_06524,training_writers,long_sweep,0.34590775,0.47000000,1.35874376,100,100,66,92,26,63,0,27,27,0,76,16,56,50,5,46,6
train_06525,training_writers,compact_trace,0.51438055,0.32000000,0.62210750,8,83,0,96,50,99,100,100,85,79,67,53,52,26,45,0,7
train_06526,training_writers,compact_trace,0.54173786,0.32000000,0.59069159,0,78,44,100,68,85,66,46,80,8,100,0,38,2,1,7,1
train_06527,training_writers,long_sweep,0.35632601,0.47000000,1.31901683,86,100,38,93,7,62,1,28,41,0,100,12,54,28,0,7,6
train_06528,training_writers,long_sweep,0.34550530,0.50000000,1.44715581,0,0,32,13,77,36,100,65,92,94,32,100,7,75,66,63,9
train_06529,training_writers,long_sweep,0.35876649,0.47000000,1.31004432,100,100,33,91,44,60,84,29,46,0,0,14,39,46,87,75,8
train_06530,training_writers,long_sweep,0.34611064,0.47000000,1.35794727,18,85,41,46,37,1,3,0,0,47,7,91,53,97,100,100,5
train_06531,training_writers,long_sweep,0.34700821,0.47000000,1.35443482,16,78,44,100,95,95,75,66,51,43,100,31,59,9,0,0,3
train_06532,training_writers,compact_trace,0.53601957,0.32000000,0.59699313,100,100,55,87,23,65,0,39,0,10,44,0,85,14,59,28,6
train_06533,training_writers,long_sweep,0.36313613,0.47000000,1.29428047,50,100,5,73,0,22,49,0,100,33,98,82,41,99,8,57,0
train_06534,training_writers,long_sweep,0.34389422,0.47000000,1.36669935,33,96,6,60,0,18,39,0,79,20,100,59,93,100,50,99,0
train_06535,training_writers,long_sweep,0.36523897,0.47000000,1.28682872,91,90,31,100,0,65,57,32,84,0,15,14,44,57,100,83,8
train_06536,training_writers,long_sweep,0.35677324,0.47000000,1.31736338,91,70,83,100,15,98,40,70,100,72,100,37,70,7,0,0,9
train_06537,training_writers,compact_trace,0.52417562,0.32000000,0.61048242,59,86,87,100,100,75,68,52,76,36,97,13,51,0,0,5,3
train_06538,training_writers,compact_trace,0.54395416,0.32000000,0.58828486,0,95,36,100,77,83,76,40,54,0,26,24,54,34,100,39,7
train_06539,training_writers,long_sweep,0.34309913,0.47000000,1.36986647,0,85,43,100,92,79,100,45,82,13,56,0,34,31,98,39,7
train_06540,training_writers,long_sweep,0.35026530,0.47000000,1.34184002,49,90,32,57,61,23,5,0,0,35,9,79,34,100,100,99,5
train_06541,training_writers,compact_trace,0.52125951,0.32000000,0.61389767,42,100,19,74,0,47,7,20,62,17,100,39,84,28,82,0,4
train_06542,training_writers,compact_trace,0.50599572,0.32000000,0.63241641,0,43,13,66,45,88,77,100,68,74,68,48,70,22,100,0,1
train_06543,training_writers,long_sweep,0.34146250,0.47000000,1.37643225,0,86,45,100,95,93,75,69,95,39,100,7,50,0,1,12,3
train_06544,training_writers,compact_trace,0.50803118,0.32000000,0.62988260,0,37,31,56,60,79,90,100,100,89,89,59,78,30,67,0,1
train_06545,training_writers,compact_trace,0.53965961,0.32000000,0.59296637,33,66,50,100,58,57,36,18,0,0,21,17,61,13,100,4,2
train_06546,training_writers,long_sweep,0.36749108,0.47000000,1.27894260,61,100,0,70,54,38,100,5,13,0,34,36,87,71,36,84,8
train_06547,training_writers,compact_trace,0.52442537,0.32000000,0.61019168,68,100,28,85,4,63,0,38,51,34,100,42,88,25,91,0,4
train_06548,training_writers,compact_trace,0.53041793,0.32000000,0.60329785,0,85,41,100,62,73,57,36,49,0,27,20,53,32,100,35,7
train_06549,training_writers,compact_trace,0.51382853,0.32000000,0.62277585,41,91,75,100,72,71,69,56,100,41,74,15,28,0,0,12,3
train_06550,training_writers,long_sweep,0.36466298,0.50000000,1.37112905,61,56,45,100,0,69,58,38,100,0,38,3,46,54,79,99,8
train_06551,training_writers,long_sweep,0.34865433,0.47000000,1.34804004,70,100,43,82,16,49,0,16,41,0,100,21,47,31,12,4,6
train_06552,training_writers,compact_trace,0.54071918,0.32000000,0.59180441,34,100,18,68,0,35,35,29,100,29,81,60,65,32,75,0,4
train_06553,training_writers,long_sweep,0.33971779,0.47000000,1.38350131,100,100,54,83,23,56,5,24,32,0,77,11,46,34,0,28,6
train_06554,training_writers,long_sweep,0.34453637,0.47000000,1.36415207,0,98,42,100,65,64,47,23,21,0,3,40,51,46,100,49,7
train_06555,training_writers,compact_trace,0.53970918,0.32000000,0.59291190,41,73,60,100,72,73,61,40,37,10,0,0,49,1,100,2,2
train_06556,training_writers,compact_trace,0.53758934,0.32000000,0.59524990,100,97,54,100,40,72,87,88,94,80,61,40,26,0,0,9,9
train_06557,training_writers,long_sweep,0.34663604,0.47000000,1.35588901,84,100,51,69,10,33,0,14,83,11,100,47,76,42,71,0,4
train_06558,training_writers,compact_trace,0.51217791,0.32000000,0.62478290,0,44,26,62,62,81,100,100,97,78,79,52,64,26,53,0,1
train_06559,training_writers,compact_trace,0.54706835,0.32000000,0.58493605,74,100,50,65,0,37,3,36,74,39,100,61,70,39,51,0,4
train_06560,training_writers,long_sweep,0.34674353,0.47000000,1.35546868,0,75,14,31,47,0,89,10,100,54,76,93,35,100,13,62,0
train_06561,training_writers,long_sweep,0.35751760,0.47000000,1.31462061,93,100,48,89,12,59,0,25,43,0,100,18,61,43,0,29,6
train_06562,training_writers,compact_trace,0.51454236,0.32000000,0.62191187,26,100,11,78,0,51,16,28,59,36,100,51,85,26,69,0,4
train_06563,training_writers,compact_trace,0.50885121,0.32000000,0.62886752,65,100,93,92,71,68,80,47,100,24,70,6,34,0,0,7,3
train_06564,training_writers,long_sweep,0.34760709,0.47000000,1.35210130,78,100,51,83,25,52,11,20,52,0,100,22,64,46,0,37,6
train_06565,training_writers,long_sweep,0.34418746,0.47000000,1.36553494,11,93,65,100,98,81,58,56,62,40,100,16,53,0,0,10,3
train_06566,training_writers,long_sweep,0.34912839,0.47000000,1.34620962,100,99,45,100,22,65,69,74,88,88,86,44,58,6,0,0,9
train_06567,training_writers,compact_trace,0.48398552,0.32000000,0.66117681,0,100,54,93,57,77,57,61,61,46,61,30,68,14,100,0,1
train_06568,training_writers,long_sweep,0.35532666,0.47000000,1.32272652,0,98,72,100,97,82,55,43,31,0,24,2,16,39,100,41,7
train_06569,training_writers,long_sweep,0.33812744,0.50000000,1.47873238,7,59,0,25,35,0,76,0,100,35,80,76,44,100,5,88,0
train_06570,training_writers,compact_trace,0.54741298,0.32000000,0.58456780,0,94,56,100,100,83,88,52,64,23,43,0,19,29,63,43,7
train_06571,training_writers,long_sweep,0.35616267,0.47000000,1.31962173,100,100,46,90,57,55,91,23,46,0,0,17,35,50,85,75,8
train_06572,training_writers,long_sweep,0.35613690,0.47000000,1.31971722,88,100,49,85,12,52,0,13,55,0,100,26,42,35,12,5,6
train_06573,training_writers,compact_trace,0.54313624,0.32000000,0.58917078,24,92,68,100,100,83,57,68,80,41,89,14,41,9,0,0,3
train_06574,training_writers,long_sweep,0.36759974,0.47000000,1.27856457,39,85,86,49,100,11,6,0,31,35,96,67,90,100,0,85,8
train_06575,training_writers,long_sweep,0.36426802,0.47000000,1.29025875,77,90,8,100,1,64,55,31,60,0,0,27,29,65,100,89,8
train_06576,training_writers,compact_trace,0.52709591,0.32000000,0.60710014,17,88,56,100,100,99,92,75,61,55,70,29,42,9,0,0,3
train_06577,training_writers,long_sweep,0.34394960,0.47000000,1.36647926,75,67,92,100,40,95,68,70,100,70,94,29,56,0,0,0,9
train_06578,training_writers,long_sweep,0.34035011,0.47000000,1.38093095,100,100,51,87,18,60,0,29,20,0,71,2,58,28,8,17,6
train_06579,training_writers,long_sweep,0.36297378,0.47000000,1.29485938,95,100,33,81,0,42,2,0,68,5,100,45,97,86,36,73,0
train_06580,training_writers,compact_trace,0.54675815,0.32000000,0.58526791,33,76,68,100,71,64,42,29,4,0,0,15,49,15,100,7,2
train_06581,training_writers,long_sweep,0.34702698,0.47000000,1.35436154,12,62,0,58,7,11,59,0,100,29,92,76,47,100,8,69,0
train_06582,training_writers,long_sweep,0.33941374,0.47000000,1.38474064,26,80,23,56,60,24,28,0,0,24,13,68,47,97,100,100,5
train_06583,training_writers,long_sweep,0.36215256,0.47000000,1.29779562,26,89,0,50,8,0,69,13,100,58,73,100,20,74,13,25,0
train_06584,training_writers,long_sweep,0.34348290,0.47000000,1.36833593,0,99,57,100,97,80,77,40,48,3,28,0,42,28,100,27,7
train_06585,training_writers,long_sweep,0.35752605,0.47000000,1.31458952,32,100,7,55,32,98,37,58,54,10,0,0,36,2,100,8,1
train_06586,training_writers,long_sweep,0.35838592,0.47000000,1.31143545,25,75,85,100,49,72,18,40,0,7,51,0,100,28,49,29,6
train_06587,training_writers,long_sweep,0.34758583,0.47000000,1.35218400,61,85,47,100,8,70,0,34,41,7,100,11,55,24,9,0,6
train_06588,training_writers,compact_trace,0.51659300,0.32000000,0.61944316,0,32,24,56,62,77,100,100,100,91,77,62,62,32,54,0,1
train_06589,training_writers,long_sweep,0.34250087,0.47000000,1.37225930,7,94,57,100,56,62,41,25,30,0,0,33,41,39,100,38,7
train_06590,training_writers,compact_trace,0.51219537,0.32000000,0.62476160,62,90,100,100,90,95,54,84,46,55,64,24,35,0,0,4,5
train_06591,training_writers,long_sweep,0.35571085,0.47000000,1.32129789,100,100,47,91,11,59,0,22,49,4,97,25,38,29,17,0,6
train_06592,training_writers,compact_trace,0.53918277,0.32000000,0.59349078,9,74,45,100,61,74,35,41,3,12,0,22,50,14,100,0,2
train_06593,training_writers,long_sweep,0.36625666,0.47000000,1.28325312,12,93,48,62,95,96,21,100,46,70,100,64,77,7,0,0,9
train_06594,training_writers,long_sweep,0.33900049,0.47000000,1.38642866,50,100,17,76,0,49,0,22,37,0,100,6,93,29,31,20,6
train_06595,training_writers,long_sweep,0.35248620,0.47000000,1.33338553,16,90,0,57,13,12,62,0,100,30,90,76,45,100,3,77,0
train_06596,training_writers,compact_trace,0.53910572,0.32000000,0.59357559,13,65,26,100,53,72,38,29,0,0,1,4,50,6,100,1,2
train_06597,training_writers,compact_trace,0.51776900,0.32000000,0.61803623,81,91,57,100,66,81,100,94,99,67,88,40,50,18,0,0,9
train_06598,training_writers,long_sweep,0.35097671,0.47000000,1.33912018,2,95,64,100,100,78,87,50,51,25,0,6,20,0,89,3,2
train_06599,training_writers,long_sweep,0.34160475,0.47000000,1.37585907,19,100,69,92,68,53,53,15,67,0,100,27,54,47,0,56,7
train_06600,training_writers,compact_trace,0.50076645,0.32000000,0.63902044,18,100,0,80,11,56,53,45,99,57,100,47,85,24,78,0,4
train_06601,training_writers,compact_trace,0.54225456,0.32000000,0.59012874,47,65,63,100,77,72,49,31,11,1,0,0,50,1,100,3,2
train_06602,training_writers,compact_trace,0.54659915,0.32000000,0.58543816,22,67,30,100,65,72,54,31,12,5,0,12,54,0,100,13,2
train_06603,training_writers,compact_trace,0.53142640,0.32000000,0.60215299,23,100,3,69,0,38,58,26,100,45,97,60,76,30,60,0,4
train_06604,training_writers,long_sweep,0.35942516,0.47000000,1.30764357,45,100,23,55,27,4,73,0,100,45,85,93,30,95,0,53,0
train_06605,training_writers,compact_trace,0.52819521,0.32000000,0.60583662,89,100,43,90,64,73,67,77,82,44,100,12,54,0,0,4,9
train_06606,training_writers,long_sweep,0.33891295,0.47000000,1.38678678,15,71,38,100,73,89,59,56,30,28,0,0,49,5,100,17,2
train_06607,training_writers,compact_trace,0.47847161,0.32000000,0.66879622,100,98,67,100,48,84,38,68,27,51,19,33,9,16,0,0,1
train_06608,training_writers,long_sweep,0.34293076,0.47000000,1.37053904,100,100,57,84,24,58,0,29,12,0,69,5,64,32,4,35,6
train_06609,training_writers,long_sweep,0.35207619,0.47000000,1.33493832,0,79,26,54,70,25,26,0,10,33,0,70,30,100,100,95,5
train_06610,training_writers,compact_trace,0.52215168,0.32000000,0.61284874,71,100,47,87,21,60,0,33,24,12,97,26,100,26,76,0,4
train_06611,training_writers,compact_trace,0.51978609,0.32000000,0.61563787,29,94,54,100,54,64,31,32,0,10,26,7,62,3,100,0,2
train_06612,training_writers,long_sweep,0.34753520,0.47000000,1.35238101,0,88,49,100,85,75,71,36,48,0,13,28,44,42,100,46,7
train_06613,training_writers,compact_trace,0.51169342,0.32000000,0.62537447,0,33,26,45,51,63,75,82,100,100,89,66,74,34,71,0,1
train_06614,training_writers,long_sweep,0.35680845,0.47000000,1.31723339,68,92,22,71,0,27,36,0,84,22,100,66,67,100,17,83,0
train_06615,training_writers,long_sweep,0.34962700,0.47000000,1.34428978,20,62,15,17,58,0,99,20,100,65,69,100,23,98,0,60,0
train_06616,training_writers,compact_trace,0.49806391,0.32000000,0.64248783,0,41,30,60,43,85,67,100,74,75,76,49,78,24,100,0,1
train_06617,training_writers,compact_trace,0.54656840,0.32000000,0.58547109,0,85,33,100,82,80,51,56,67,45,100,17,53,0,11,20,3
train_06618,training_writers,long_sweep,0.36919400,0.47000000,1.27304345,70,98,0,99,36,48,93,0,4,0,16,46,100,79,48,100,8
train_06619,training_writers,long_sweep,0.34690269,0.47000000,1.35484680,10,85,53,100,87,78,41,55,64,47,100,21,56,0,0,9,3
train_06620,training_writers,long_sweep,0.34244456,0.47000000,1.37248493,50,77,73,100,81,61,51,26,6,0,0,24,51,29,100,6,2
train_06621,training_writers,compact_trace,0.52669752,0.32000000,0.60755934,100,80,67,100,42,73,80,70,89,64,79,25,45,1,0,0,9
train_06622,training_writers,compact_trace,0.52562506,0.32000000,0.60879898,3,100,6,83,0,51,34,29,100,29,74,50,54,32,47,0,4
train_06623,training_writers,long_sweep,0.34735676,0.47000000,1.35307572,0,92,53,100,78,70,61,34,39,0,6,29,43,39,100,30,7
train_06624,training_writers,long_sweep,0.35503819,0.47000000,1.32380126,62,56,100,83,52,100,0,77,66,78,93,57,65,28,33,0,9
train_06625,training_writers,compact_trace,0.53179492,0.32000000,0.60173572,0,83,28,100,78,92,85,64,91,46,100,17,57,0,5,3,3
train_06626,training_writers,compact_trace,0.53037141,0.32000000,0.60335078,0,60,40,79,100,100,90,86,60,64,30,42,10,21,30,0,1
train_06627,training_writers,long_sweep,0.35055772,0.47000000,1.34072072,76,100,60,100,20,63,0,19,46,0,100,17,60,37,8,32,6
train_06628,training_writers,compact_trace,0.53207282,0.32000000,0.60142144,65,100,44,76,15,53,0,28,64,19,100,42,82,25,65,0,4
train_06629,training_writers,long_sweep,0.34945079,0.47000000,1.34496762,100,100,46,90,13,60,0,28,30,0,83,16,85,49,30,43,6
train_06630,training_writers,long_sweep,0.34198496,0.47000000,1.37432946,31,87,73,100,100,80,73,53,37,30,0,7,45,1,97,0,2
train_06631,training_writers,compact_trace,0.53939968,0.32000000,0.59325212,42,100,0,79,24,56,91,58,100,83,75,61,60,31,49,0,4
train_06632,training_writers,compact_trace,0.51738897,0.32000000,0.61849018,69,76,77,100,100,83,74,58,93,35,86,7,43,0,0,6,3
train_06633,training_writers,compact_trace,0.52614120,0.32000000,0.60820175,0,36,23,56,69,78,100,100,73,75,46,50,26,25,29,0,1
train_06634,training_writers,long_sweep,0.34693919,0.47000000,1.35470425,0,82,41,100,75,72,68,22,42,0,11,37,54,47,100,46,7
train_06635,training_writers,long_sweep,0.36230013,0.47000000,1.29726698,48,94,0,73,49,67,79,33,26,0,19,40,21,83,100,100,5
train_06636,training_writers,long_sweep,0.35482999,0.47000000,1.32457802,75,77,65,100,0,83,30,62,99,78,100,47,74,17,10,0,9
train_06637,training_writers,compact_trace,0.52260448,0.32000000,0.61231775,0,45,26,66,62,84,100,100,80,75,57,50,36,25,18,0,1
train_06638,training_writers,compact_trace,0.52960839,0.32000000,0.60422004,34,100,24,84,0,51,28,36,93,35,100,66,91,32,84,0,4
train_06639,training_writers,long_sweep,0.34628274,0.47000000,1.35727240,41,100,11,70,0,26,33,0,76,17,100,55,88,97,43,91,0
train_06640,training_writers,rising_tail,0.26672338,0.40000000,1.49968103,22,62,16,24,47,0,89,14,100,52,76,86,34,100,0,78,0
train_06641,training_writers,compact_trace,0.52980962,0.32000000,0.60399055,30,82,64,100,100,84,68,62,62,47,85,23,50,3,0,0,3
train_06642,training_writers,rising_tail,0.26336445,0.40000000,1.51880785,23,75,20,52,49,17,17,0,0,43,9,78,53,92,100,100,5
train_06643,training_writers,long_sweep,0.34369933,0.47000000,1.36747431,15,100,0,56,13,12,51,0,88,22,100,67,73,100,34,98,0
train_06644,training_writers,compact_trace,0.53653574,0.32000000,0.59641879,7,68,22,100,54,84,42,48,15,16,0,9,50,9,100,0,2
train_06645,training_writers,long_sweep,0.34865584,0.47000000,1.34803420,59,100,24,75,0,46,0,16,49,0,100,13,60,32,3,25,6
train_06646,training_writers,long_sweep,0.36249830,0.47000000,1.29655782,4,62,61,32,53,0,0,11,53,42,100,74,80,100,12,74,8
train_06647,training_writers,long_sweep,0.36206929,0.47000000,1.29809407,6,36,60,64,74,100,19,83,62,51,100,18,40,0,0,28,8
train_06648,training_writers,compact_trace,0.53397679,0.32000000,0.59927699,0,87,31,100,59,74,57,33,44,0,27,37,57,47,100,49,7
train_06649,training_writers,long_sweep,0.34235139,0.47000000,1.37285845,78,100,32,74,0,43,74,36,100,56,88,64,60,32,38,0,4
train_06650,training_writers,long_sweep,0.33963491,0.47000000,1.38383891,14,100,9,91,0,49,57,40,100,41,88,86,65,45,53,0,4
train_06651,training_writers,compact_trace,0.53626892,0.32000000,0.59671554,100,81,66,100,29,82,5,52,31,45,68,28,46,0,0,2,5
train_06652,training_writers,long_sweep,0.36000091,0.47000000,1.30555227,42,87,3,64,0,16,55,0,100,34,88,80,29,100,4,65,0
train_06653,training_writers,compact_trace,0.54543068,0.32000000,0.58669234,0,70,19,100,65,79,59,40,12,17,3,15,59,6,100,0,2
train_06654,training_writers,compact_trace,0.53265238,0.32000000,0.60076705,21,98,0,100,54,100,100,100,60,81,32,57,21,29,19,0,7
train_06655,training_writers,compact_trace,0.54034218,0.32000000,0.59221732,30,100,17,87,0,52,38,28,99,34,100,71,85,36,78,0,4
train_06656,training_writers,compact_trace,0.51581889,0.32000000,0.62037278,54,100,96,93,81,72,77,54,100,30,83,7,41,0,0,8,3
train_06657,training_writers,long_sweep,0.36374873,0.47000000,1.29210074,39,84,0,86,40,42,76,0,20,9,57,54,100,96,44,100,8
train_06658,training_writers,long_sweep,0.34576179,0.47000000,1.35931735,6,87,50,100,62,81,22,57,70,46,100,20,59,0,0,4,3
train_06659,training_writers,long_sweep,0.35063476,0.47000000,1.34042614,26,68,0,32,32,0,77,1,100,41,79,87,36,100,6,65,0
train_06660,training_writers,compact_trace,0.51625744,0.32000000,0.61984579,0,62,53,80,100,100,83,91,63,68,47,46,33,22,33,0,1
train_06661,training_writers,long_sweep,0.36811965,0.47000000,1.27675878,90,100,0,86,42,44,53,0,17,15,73,56,100,99,8,99,8
train_06662,training_writers,long_sweep,0.36315689,0.47000000,1.29420650,14,81,0,56,48,60,100,30,50,0,18,52,18,97,97,100,5
train_06663,training_writers,compact_trace,0.53590757,0.32000000,0.59711789,100,100,61,82,29,57,8,29,22,0,66,3,45,20,0,15,6
train_06664,training_writers,compact_trace,0.52979119,0.32000000,0.60401156,34,80,61,100,56,60,28,28,0,0,33,5,67,7,100,7,2
train_06665,training_writers,compact_trace,0.51511383,0.32000000,0.62122191,24,84,47,100,44,67,26,39,0,16,28,4,64,0,100,0,2
train_06666,training_writers,long_sweep,0.34763976,0.47000000,1.35197425,0,92,55,100,68,67,55,32,42,0,2,28,35,44,100,50,7
train_06667,training_writers,long_sweep,0.34269435,0.47000000,1.37148455,60,100,19,81,0,44,14,7,62,0,97,27,100,66,62,86,0
train_06668,training_writers,long_sweep,0.36654376,0.47000000,1.28224800,20,86,0,73,82,85,35,100,19,45,30,0,100,33,24,54,8
train_06669,training_writers,compact_trace,0.51804902,0.32000000,0.61770216,43,100,25,88,0,58,23,34,93,53,100,53,75,24,68,0,4
train_06670,training_writers,long_sweep,0.35990676,0.47000000,1.30589379,9,92,93,100,100,76,67,38,36,0,0,6,0,32,88,37,7
train_06671,training_writers,compact_trace,0.54348086,0.32000000,0.58879719,37,100,8,68,0,32,48,25,100,30,96,64,95,36,82,0,4
train_06672,training_writers,long_sweep,0.34960525,0.47000000,1.34437339,0,98,54,100,79,67,56,31,20,0,6,33,40,49,100,44,7
train_06673,training_writers,long_sweep,0.36497802,0.47000000,1.28774878,73,91,21,85,50,37,46,0,0,24,54,63,100,100,30,78,8
train_06674,training_writers,long_sweep,0.36333046,0.47000000,1.29358821,27,100,30,67,95,44,66,0,11,12,0,62,22,97,100,99,5
train_06675,training_writers,long_sweep,0.34201659,0.47000000,1.37420233,26,66,13,37,32,0,80,5,100,42,82,81,38,100,0,76,0
train_06676,training_writers,long_sweep,0.35419236,0.47000000,1.32696257,60,78,100,100,38,100,0,76,70,79,96,56,75,27,44,0,9
train_06677,training_writers,long_sweep,0.34572329,0.47000000,1.35946874,75,100,4,88,0,61,74,70,100,88,82,58,56,28,51,0,9
train_06678,training_writers,long_sweep,0.33892166,0.47000000,1.38675114,0,93,50,100,90,82,73,41,56,0,29,20,47,34,100,32,7
train_06679,training_writers,long_sweep,0.35801798,0.47000000,1.31278324,37,83,77,100,14,95,2,68,52,46,100,23,58,0,0,0,5
train_06680,training_writers,long_sweep,0.34021112,0.47000000,1.38149511,92,90,56,100,33,66,78,66,100,69,100,31,65,0,0,2,9
train_06681,training_writers,long_sweep,0.35133444,0.47000000,1.33775671,14,100,83,100,100,84,67,48,47,9,27,0,0,33,75,32,7
train_06682,training_writers,long_sweep,0.35152770,0.47000000,1.33702123,0,94,61,100,96,73,79,36,68,0,100,32,88,54,17,52,7
train_06683,training_writers,compact_trace,0.50807416,0.32000000,0.62982931,54,87,72,100,100,100,69,100,42,84,44,45,28,10,0,0,5
train_06684,training_writers,long_sweep,0.34226899,0.47000000,1.37318898,0,76,45,100,88,76,71,37,45,0,35,3,29,33,100,36,7
train_06685,training_writers,long_sweep,0.34320960,0.47000000,1.36942558,66,59,100,85,54,100,0,84,24,61,88,54,93,30,80,0,9
train_06686,training_writers,compact_trace,0.54208095,0.32000000,0.59031774,0,92,35,100,82,80,75,40,67,0,41,8,42,33,100,34,7
train_06687,training_writers,compact_trace,0.53655059,0.32000000,0.59640229,96,100,70,100,35,80,57,60,100,46,90,13,46,0,0,8,5
train_06688,training_writers,long_sweep,0.34290796,0.47000000,1.37063019,88,79,80,100,15,88,59,85,100,75,76,46,38,19,0,0,9
train_06689,training_writers,long_sweep,0.33930486,0.47000000,1.38518498,0,91,41,100,100,94,74,62,45,31,15,0,4,16,47,32,7
train_06690,training_writers,compact_trace,0.53225174,0.32000000,0.60121927,32,81,62,100,65,76,39,52,10,28,0,2,50,0,100,3,2
train_06691,training_writers,compact_trace,0.51271494,0.32000000,0.62412849,0,64,56,81,100,100,96,85,80,64,68,42,44,21,36,0,1
train_06692,training_writers,compact_trace,0.51765963,0.32000000,0.61816681,0,67,9,99,44,100,55,72,28,47,32,17,65,4,100,0,2
train_06693,training_writers,long_sweep,0.36669545,0.47000000,1.28171756,0,100,31,67,98,38,86,0,15,8,65,45,100,84,26,86,8
train_06694,training_writers,long_sweep,0.35340805,0.47000000,1.32990745,53,100,15,69,0,29,30,0,78,22,100,60,68,90,11,83,0
train_06695,training_writers,compact_trace,0.54744314,0.32000000,0.58453560,25,72,34,100,73,91,60,50,30,16,0,9,50,9,100,0,2
train_06696,training_writers,long_sweep,0.36136852,0.47000000,1.30061137,35,95,51,60,72,15,22,0,0,36,53,66,100,99,33,100,8
train_06697,training_writers,long_sweep,0.36237710,0.47000000,1.29699144,81,100,22,84,0,41,18,0,82,18,100,60,61,96,13,69,0
train_06698,training_writers,long_sweep,0.36928872,0.47000000,1.27271690,68,100,0,90,62,47,100,0,15,5,53,55,97,100,18,84,8
train_06699,training_writers,compact_trace,0.54729184,0.32000000,0.58469719,21,79,14,100,61,75,51,35,0,12,16,10,79,0,100,30,2
train_06700,training_writers,long_sweep,0.35701886,0.47000000,1.31645706,100,100,53,77,20,40,13,0,65,15,94,51,56,78,0,78,0
train_06701,training_writers,compact_trace,0.51119081,0.32000000,0.62598934,24,100,9,84,0,60,41,43,100,53,76,47,72,23,80,0,4
train_06702,training_writers,compact_trace,0.53296053,0.32000000,0.60041970,29,88,64,100,55,73,29,50,0,26,0,2,50,0,100,3,2
train_06703,training_writers,compact_trace,0.52346310,0.32000000,0.61131339,100,100,57,94,29,76,48,63,83,49,71,19,36,0,0,4,5
train_06704,training_writers,long_sweep,0.33791998,0.47000000,1.39086182,24,100,7,72,0,42,6,13,60,9,100,29,43,23,9,0,6
train_06705,training_writers,compact_trace,0.54462005,0.32000000,0.58756558,14,81,23,100,81,97,61,66,60,50,100,33,60,7,0,0,3
train_06706,training_writers,long_sweep,0.35535368,0.47000000,1.32262596,10,77,54,100,100,78,75,37,36,2,0,0,21,26,89,30,7
train_06707,training_writers,compact_trace,0.51268370,0.32000000,0.62416652,0,43,33,62,70,80,100,100,80,78,66,52,58,26,58,0,1
train_06708,training_writers,long_sweep,0.35161312,0.47000000,1.33669643,31,96,18,51,27,100,26,67,40,17,0,0,44,6,100,7,1
train_06709,training_writers,compact_trace,0.52406028,0.32000000,0.61061678,17,77,38,100,54,73,32,39,0,11,6,10,53,0,100,3,2
train_06710,training_writers,long_sweep,0.34330847,0.47000000,1.36903118,76,100,29,95,51,70,100,85,100,59,96,15,50,0,0,15,9
train_06711,training_writers,long_sweep,0.35384514,0.47000000,1.32826468,60,73,59,100,19,73,53,36,51,0,0,20,50,52,100,80,8
train_06712,training_writers,long_sweep,0.35397049,0.47000000,1.32779431,32,65,44,100,89,80,81,39,46,5,0,1,48,24,100,0,2
train_06713,training_writers,long_sweep,0.34551608,0.47000000,1.36028403,59,100,25,75,0,42,6,6,61,0,100,25,54,33,25,6,6
train_06714,training_writers,compact_trace,0.54138263,0.32000000,0.59107918,0,79,42,100,57,68,50,31,53,0,24,32,44,50,100,53,7
train_06715,training_writers,compact_trace,0.52561897,0.32000000,0.60880603,8,100,0,83,15,51,99,53,100,80,90,68,85,34,81,0,4
train_06716,training_writers,compact_trace,0.53860993,0.32000000,0.59412198,100,100,70,86,32,63,5,37,0,10,51,0,62,15,3,17,6
train_06717,training_writers,long_sweep,0.33960437,0.47000000,1.38396336,84,100,58,83,35,55,24,26,48,0,100,15,65,35,0,24,6
train_06718,training_writers,compact_trace,0.53263962,0.32000000,0.60078145,76,73,80,100,53,84,100,87,92,55,77,22,43,0,0,16,9
train_06719,training_writers,long_sweep,0.35787368,0.47000000,1.31331257,32,89,19,53,73,37,53,0,0,17,7,65,39,100,100,98,5
train_06720,training_writers,compact_trace,0.51619634,0.32000000,0.61991916,25,100,11,86,0,60,51,57,100,71,92,51,72,26,57,0,4
train_06721,training_writers,compact_trace,0.53080261,0.32000000,0.60286064,30,83,62,100,51,69,29,40,0,14,1,0,50,8,100,10,2
train_06722,training_writers,long_sweep,0.34554551,0.47000000,1.36016814,11,100,66,96,80,65,68,31,60,0,100,25,56,42,0,50,7
train_06723,training_writers,long_sweep,0.35516723,0.47000000,1.32332030,9,88,10,49,62,40,30,0,0,22,0,73,40,97,100,100,5
train_06724,training_writers,long_sweep,0.35984018,0.47000000,1.30613541,68,89,17,100,28,63,72,28,36,0,0,32,47,64,100,95,8
train_06725,training_writers,long_sweep,0.36338087,0.47000000,1.29340876,0,75,15,53,77,22,33,0,20,34,72,67,100,100,5,89,8
train_06726,training_writers,compact_trace,0.54762201,0.32000000,0.58434466,33,62,50,100,65,60,39,18,0,0,17,23,59,13,100,8,2
train_06727,training_writers,compact_trace,0.53551725,0.32000000,0.59755311,30,63,45,100,48,99,46,59,38,19,0,0,47,1,100,3,1
train_06728,training_writers,compact_trace,0.52874634,0.32000000,0.60520514,38,88,80,100,100,82,75,58,99,35,76,10,33,0,0,19,3
train_06729,training_writers,rising_tail,0.26596886,0.40000000,1.50393547,5,85,12,53,30,12,3,0,0,45,8,85,53,95,100,100,5
train_06730,training_writers,long_sweep,0.34206820,0.47000000,1.37399502,65,99,27,100,45,68,74,96,91,75,100,26,59,0,0,5,9
train_06731,training_writers,compact_trace,0.53745991,0.32000000,0.59539325,100,100,56,93,40,65,85,78,94,70,86,32,51,5,0,0,9
train_06732,training_writers,long_sweep,0.36688256,0.47000000,1.28106389,100,98,24,100,6,68,78,41,70,0,0,9,32,53,83,93,8
train_06733,training_writers,long_sweep,0.33972654,0.47000000,1.38346564,41,100,36,64,0,30,45,34,96,46,87,77,89,38,100,0,4
train_06734,training_writers,long_sweep,0.36531081,0.47000000,1.28657566,24,49,98,70,100,100,49,74,84,35,69,0,0,18,69,45,8
train_06735,training_writers,compact_trace,0.54128284,0.32000000,0.59118815,0,77,29,100,78,87,55,59,67,50,100,23,66,0,12,7,3
train_06736,training_writers,compact_trace,0.54455958,0.32000000,0.58763083,0,91,40,100,65,69,62,29,48,0,16,31,51,40,100,48,7
train_06737,training_writers,compact_trace,0.52237950,0.32000000,0.61258147,0,87,3,97,52,100,100,96,100,70,71,47,40,24,15,0,7
train_06738,training_writers,long_sweep,0.36870073,0.50000000,1.35611340,9,41,73,80,0,100,28,56,92,16,35,0,22,42,100,74,8
train_06739,training_writers,long_sweep,0.35209567,0.47000000,1.33486448,99,81,52,58,0,50,30,82,80,100,100,70,73,34,45,0,9
train_06740,training_writers,compact_trace,0.54451295,0.32000000,0.58768116,0,82,37,100,65,73,54,36,42,0,16,32,48,42,100,44,7
train_06741,training_writers,long_sweep,0.35249029,0.47000000,1.33337005,100,100,48,82,17,55,7,24,42,0,96,12,60,33,0,28,6
train_06742,training_writers,long_sweep,0.35632644,0.47000000,1.31901524,59,100,12,74,0,32,31,0,84,21,100,60,69,96,16,86,0
train_06743,training_writers,compact_trace,0.51083040,0.32000000,0.62643100,0,41,40,58,74,80,100,100,88,75,75,50,65,25,65,0,1
train_06744,training_writers,compact_trace,0.54697283,0.32000000,0.58503820,78,71,36,71,20,95,75,100,100,74,78,46,40,21,0,0,9
train_06745,training_writers,long_sweep,0.35745439,0.47000000,1.31485307,35,96,12,50,51,38,52,0,0,2,10,53,37,95,100,100,5
train_06746,training_writers,long_sweep,0.35425308,0.47000000,1.32673512,96,100,52,84,18,49,0,13,46,0,95,28,100,66,52,95,0
train_06747,training_writers,long_sweep,0.34191404,0.47000000,1.37461451,40,100,21,86,0,49,2,10,53,0,100,19,61,33,14,16,6
train_06748,training_writers,long_sweep,0.35485192,0.47000000,1.32449616,17,69,0,27,42,0,92,13,100,58,63,95,11,100,0,62,0
train_06749,training_writers,long_sweep,0.35801728,0.47000000,1.31278580,18,95,6,63,16,11,65,0,100,40,84,90,31,100,0,57,0
train_06750,training_writers,compact_trace,0.53275447,0.32000000,0.60065193,27,84,56,100,100,90,80,65,86,36,90,5,46,0,0,4,3
train_06751,training_writers,compact_trace,0.52403368,0.32000000,0.61064777,67,100,44,80,18,50,0,35,65,34,100,48,91,32,89,0,4
train_06752,training_writers,long_sweep,0.34925092,0.47000000,1.34573733,12,83,50,100,85,67,63,23,16,0,0,18,52,18,100,1,2
train_06753,training_writers,long_sweep,0.35571528,0.47000000,1.32128145,93,95,40,98,9,62,0,21,47,0,100,22,99,63,69,100,0
train_06754,training_writers,compact_trace,0.53023348,0.32000000,0.60350772,42,81,69,100,93,85,66,60,73,41,100,20,58,0,0,4,3
train_06755,training_writers,compact_trace,0.52806373,0.32000000,0.60598747,0,88,39,100,79,89,76,62,55,36,27,15,54,3,100,0,2
train_06756,training_writers,compact_trace,0.53986812,0.32000000,0.59273735,42,88,49,100,60,58,37,20,0,28,46,15,89,0,100,40,2
train_06757,training_writers,rising_tail,0.25534125,0.40000000,1.56653105,43,82,21,51,35,15,0,0,8,32,30,66,64,85,100,100,5
train_06758,training_writers,long_sweep,0.36571528,0.47000000,1.28515277,11,17,54,54,99,92,42,100,31,64,100,35,75,0,0,13,8
train_06759,training_writers,long_sweep,0.34954952,0.47000000,1.34458774,35,91,46,100,20,65,4,29,38,0,100,20,38,37,0,8,6
train_06760,training_writers,rising_tail,0.26323331,0.40000000,1.51956452,33,85,25,50,37,14,0,0,6,39,12,75,56,87,100,100,5
train_06761,training_writers,compact_trace,0.52502153,0.32000000,0.60949882,36,90,77,100,100,88,66,68,47,49,73,27,42,6,0,0,3
train_06762,training_writers,compact_trace,0.54204862,0.32000000,0.59035295,29,80,33,100,71,89,55,43,20,8,0,5,50,4,100,0,2
train_06763,training_writers,long_sweep,0.34792920,0.47000000,1.35084956,100,100,72,89,30,59,0,25,31,0,92,12,79,32,19,18,6
train_06764,training_writers,long_sweep,0.34161954,0.47000000,1.37579951,50,100,36,64,0,32,30,26,100,31,87,66,68,35,55,0,4
train_06765,training_writers,compact_trace,0.52680209,0.32000000,0.60743875,54,88,100,100,83,96,44,74,59,58,75,29,44,0,0,3,5
train_06766,training_writers,long_sweep,0.34698290,0.47000000,1.35453361,0,93,59,100,100,80,76,46,58,12,42,0,9,32,69,42,7
train_06767,training_writers,long_sweep,0.34607511,0.47000000,1.35808667,100,100,47,92,12,61,0,25,36,0,85,20,49,38,28,11,6
train_06768,training_writers,long_sweep,0.36169370,0.47000000,1.29944206,20,69,35,100,100,95,61,53,19,11,67,0,35,38,0,80,8
train_06769,training_writers,compact_trace,0.50411078,0.32000000,0.63478111,0,43,62,61,83,86,88,100,92,75,94,50,98,25,100,0,1
train_06770,training_writers,compact_trace,0.51037011,0.32000000,0.62699597,0,80,23,100,57,99,66,70,52,41,38,12,65,0,100,0,2
train_06771,training_writers,long_sweep,0.34605614,0.47000000,1.35816115,52,68,94,100,84,99,70,58,58,17,0,0,22,1,100,5,1
train_06772,training_writers,compact_trace,0.51203108,0.32000000,0.62496206,58,88,96,100,100,82,81,57,88,30,85,7,42,0,0,5,3
train_06773,training_writers,compact_trace,0.54746249,0.32000000,0.58451493,100,74,51,62,0,73,25,100,76,96,78,63,68,31,59,0,9
train_06774,training_writers,compact_trace,0.53153011,0.32000000,0.60203550,9,100,1,82,0,48,66,46,100,77,81,58,59,23,48,0,4
train_06775,training_writers,long_sweep,0.35758623,0.47000000,1.31436829,44,80,21,68,74,38,62,0,0,5,15,51,33,90,100,100,5
train_06776,training_writers,compact_trace,0.51581325,0.32000000,0.62037957,0,57,17,77,73,97,100,100,73,75,57,50,43,25,43,0,1
train_06777,training_writers,long_sweep,0.34120410,0.47000000,1.37747467,9,93,41,100,59,59,41,16,11,0,0,37,50,34,100,25,7
train_06778,training_writers,compact_trace,0.52702207,0.32000000,0.60718519,31,100,17,75,0,44,2,15,60,20,100,43,80,31,80,0,4
train_06779,training_writers,long_sweep,0.35611371,0.47000000,1.31980314,20,85,89,100,100,68,62,34,22,0,0,12,20,32,100,40,7
train_06780,training_writers,long_sweep,0.36491335,0.47000000,1.28797698,46,92,11,51,20,0,84,16,100,66,51,100,0,64,8,15,0
train_06781,training_writers,compact_trace,0.52538798,0.32000000,0.60907370,100,100,70,96,42,72,16,46,0,19,27,0,54,19,7,27,6
train_06782,training_writers,long_sweep,0.35089161,0.47000000,1.33944498,42,95,2,63,40,42,18,0,0,23,5,71,40,97,100,100,5
train_06783,training_writers,compact_trace,0.51520340,0.32000000,0.62111391,0,62,42,79,79,100,100,98,85,73,69,48,52,23,27,0,1
train_06784,training_writers,compact_trace,0.52373027,0.32000000,0.61100154,0,66,57,80,100,100,97,89,87,64,89,40,84,15,34,0,1
train_06785,training_writers,long_sweep,0.33996472,0.47000000,1.38249641,100,100,76,96,42,68,22,37,30,5,87,0,67,25,0,18,6
train_06786,training_writers,long_sweep,0.35801271,0.47000000,1.31280254,39,86,6,89,39,47,53,0,0,6,10,59,42,96,100,100,5
train_06787,training_writers,compact_trace,0.51342903,0.32000000,0.62326044,0,100,7,77,10,45,66,34,100,57,96,63,79,31,75,0,4
train_06788,training_writers,long_sweep,0.34050221,0.47000000,1.38031411,24,70,38,100,79,88,67,50,34,20,0,11,50,6,100,0,2
train_06789,training_writers,long_sweep,0.34655750,0.47000000,1.35619629,27,94,55,57,61,18,15,0,0,28,5,70,46,93,100,100,5
train_06790,training_writers,long_sweep,0.36451703,0.47000000,1.28937734,19,76,67,68,86,100,7,83,61,61,100,57,81,16,0,0,9
train_06791,training_writers,compact_trace,0.53448729,0.32000000,0.59870461,5,80,37,100,58,73,34,37,0,8,5,0,52,2,100,7,2
train_06792,training_writers,long_sweep,0.35896988,0.47000000,1.30930204,0,86,48,100,92,75,84,22,46,0,2,29,49,49,100,62,7
train_06793,training_writers,compact_trace,0.48389327,0.32000000,0.66130285,0,100,3,84,1,63,7,43,52,38,55,35,62,14,100,0,4
train_06794,training_writers,long_sweep,0.35330446,0.47000000,1.33029738,32,95,89,100,100,80,64,41,47,1,31,0,0,36,91,37,7
train_06795,training_writers,long_sweep,0.34816714,0.47000000,1.34992636,32,87,20,56,58,30,18,0,0,31,3,79,46,100,100,97,5
train_06796,training_writers,compact_trace,0.51433049,0.32000000,0.62216805,2,63,0,92,39,96,83,100,100,87,81,59,68,30,60,0,7
train_06797,training_writers,compact_trace,0.52837298,0.32000000,0.60563278,33,100,21,70,0,37,29,27,83,35,100,62,88,35,80,0,4
train_06798,training_writers,compact_trace,0.54164321,0.32000000,0.59079481,57,89,100,98,70,100,33,78,37,47,77,34,45,7,0,0,5
train_06799,training_writers,compact_trace,0.53328505,0.32000000,0.60005433,100,100,61,93,29,71,3,43,0,8,38,0,66,18,29,29,6
train_06800,training_writers,compact_trace,0.51822946,0.32000000,0.61748709,19,55,62,76,100,100,100,98,75,73,62,49,38,24,0,0,1
train_06801,training_writers,long_sweep,0.35965110,0.47000000,1.30682208,44,93,4,83,43,42,40,0,0,16,48,52,100,86,49,100,8
train_06802,training_writers,compact_trace,0.53304942,0.32000000,0.60031957,0,84,42,100,59,74,42,45,10,19,1,16,55,16,100,0,2
train_06803,training_writers,compact_trace,0.52705600,0.32000000,0.60714611,77,100,37,88,61,68,100,85,84,69,72,41,39,18,0,0,9
train_06804,training_writers,compact_trace,0.54217802,0.32000000,0.59021204,45,100,0,93,33,74,53,80,70,45,100,15,63,0,10,2,9
train_06805,training_writers,long_sweep,0.34085979,0.47000000,1.37886607,56,100,6,76,0,55,78,62,100,84,68,57,44,29,32,0,4
train_06806,training_writers,compact_trace,0.50254148,0.32000000,0.63676335,0,100,57,94,100,78,100,63,100,47,86,31,71,15,100,0,1
train_06807,training_writers,compact_trace,0.49418593,0.32000000,0.64752957,0,56,31,74,60,94,80,100,86,75,90,49,95,25,100,0,1
train_06808,training_writers,long_sweep,0.33793333,0.47000000,1.39080687,46,100,28,98,7,64,13,29,55,6,100,15,46,17,0,0,6
train_06809,training_writers,long_sweep,0.34046801,0.47000000,1.38045273,0,100,48,97,100,84,86,43,76,2,98,0,95,30,40,43,7
train_06810,training_writers,compact_trace,0.52731162,0.32000000,0.60685179,7,79,36,100,54,78,30,49,0,24,9,6,55,3,100,0,2
train_06811,training_writers,long_sweep,0.35140942,0.47000000,1.33747125,100,100,60,92,20,63,0,30,24,0,83,11,69,41,5,49,6
train_06812,training_writers,compact_trace,0.53983462,0.32000000,0.59277414,100,95,55,100,13,88,4,62,46,47,70,20,39,0,0,10,5
train_06813,training_writers,long_sweep,0.35887250,0.47000000,1.30965734,41,94,22,69,90,42,100,3,20,0,0,37,47,73,40,100,8
train_06814,training_writers,compact_trace,0.53224303,0.32000000,0.60122910,0,91,51,100,79,81,64,50,58,17,55,0,41,27,100,34,7
train_06815,training_writers,long_sweep,0.33858694,0.47000000,1.38812205,100,100,66,98,29,67,4,31,19,0,68,12,49,35,0,21,6
train_06816,training_writers,long_sweep,0.36032518,0.47000000,1.30437734,81,67,72,100,0,83,31,50,100,66,94,51,83,11,4,0,9
train_06817,training_writers,long_sweep,0.34929515,0.47000000,1.34556691,90,100,52,75,26,48,11,19,49,0,100,18,38,24,0,2,6
train_06818,training_writers,long_sweep,0.35408702,0.47000000,1.32735734,20,73,0,43,22,0,73,12,100,54,94,100,43,96,11,58,0
train_06819,training_writers,compact_trace,0.52704665,0.32000000,0.60715688,12,100,0,70,64,68,100,87,82,90,67,60,54,30,50,0,4
train_06820,training_writers,long_sweep,0.36402575,0.47000000,1.29111746,40,100,15,68,85,73,24,89,77,59,100,32,52,0,0,29,9
train_06821,training_writers,long_sweep,0.35755580,0.47000000,1.31448015,73,83,27,87,22,41,0,0,8,36,55,68,100,100,42,85,8
train_06822,training_writers,long_sweep,0.34703436,0.47000000,1.35433274,100,77,49,66,0,69,30,97,80,100,90,65,64,31,38,0,9
train_06823,training_writers,long_sweep,0.33992356,0.47000000,1.38266380,0,94,45,100,75,76,61,38,52,0,93,14,100,38,37,41,7
train_06824,training_writers,compact_trace,0.51173082,0.32000000,0.62532876,0,41,23,65,63,87,100,100,90,75,73,51,67,25,67,0,1
train_06825,training_writers,compact_trace,0.51973977,0.32000000,0.61569274,0,30,38,51,69,76,100,100,87,80,66,54,50,27,41,0,1
train_06826,training_writers,compact_trace,0.54701900,0.32000000,0.58498882,43,80,41,100,80,93,64,51,32,17,0,3,50,12,100,0,2
train_06827,training_writers,long_sweep,0.36522063,0.47000000,1.28689336,1,84,0,69,72,41,94,3,11,0,4,45,13,91,100,100,5
train_06828,training_writers,long_sweep,0.36552390,0.47000000,1.28582563,0,60,39,49,100,78,57,100,10,68,88,58,80,20,11,0,9
train_06829,training_writers,compact_trace,0.52999429,0.32000000,0.60378009,28,83,66,100,100,86,81,60,94,43,96,18,54,0,0,2,3
train_06830,training_writers,long_sweep,0.34788412,0.47000000,1.35102457,32,100,23,90,0,46,57,28,100,35,75,80,46,45,22,0,4
train_06831,training_writers,long_sweep,0.35356298,0.47000000,1.32932470,81,100,47,96,14,62,6,22,53,0,100,19,46,34,0,12,6
train_06832,training_writers,compact_trace,0.53328294,0.32000000,0.60005670,0,92,38,100,80,86,66,44,60,0,45,4,53,31,100,29,7
train_06833,training_writers,long_sweep,0.35317755,0.47000000,1.33077543,5,70,8,20,49,0,93,18,100,65,67,100,20,97,0,57,0
train_06834,training_writers,compact_trace,0.53652947,0.32000000,0.59642576,0,88,40,100,68,82,56,40,39,0,29,27,58,44,100,56,7
train_06835,training_writers,long_sweep,0.35453101,0.47000000,1.32569505,66,98,24,78,0,35,24,0,74,20,100,61,79,100,29,92,0
train_06836,training_writers,long_sweep,0.34135998,0.47000000,1.37684564,65,94,23,100,25,67,74,75,74,50,100,15,58,0,0,14,9
train_06837,training_writers,compact_trace,0.52377552,0.32000000,0.61094875,13,82,44,100,51,72,30,44,0,20,7,7,55,6,100,0,2
train_06838,training_writers,compact_trace,0.52980896,0.32000000,0.60399130,0,83,32,100,67,93,52,59,26,29,18,5,60,0,100,3,2
train_06839,training_writers,long_sweep,0.34717339,0.47000000,1.35379041,56,95,42,62,38,17,0,0,27,38,64,69,100,100,53,94,8
train_06840,training_writers,compact_trace,0.53580530,0.32000000,0.59723187,100,100,57,97,26,73,2,44,0,12,37,0,58,25,15,31,6
train_06841,training_writers,long_sweep,0.36807483,0.47000000,1.27691427,89,76,40,100,9,61,100,29,91,0,0,25,64,63,91,100,8
train_06842,training_writers,long_sweep,0.36708265,0.47000000,1.28036561,42,97,6,74,100,80,40,100,0,84,82,66,57,32,12,0,9
train_06843,training_writers,compact_trace,0.54619578,0.32000000,0.58587051,97,94,61,100,28,77,67,71,100,47,86,8,43,0,0,12,5
train_06844,training_writers,long_sweep,0.34559645,0.47000000,1.35996766,0,92,46,100,90,89,52,67,89,44,100,16,53,4,3,0,3
train_06845,training_writers,compact_trace,0.51967612,0.32000000,0.61576814,0,60,17,92,25,100,29,63,34,26,15,0,55,3,100,5,1
train_06846,training_writers,long_sweep,0.34567111,0.47000000,1.35967393,49,100,95,93,83,52,47,21,0,6,5,28,54,20,100,0,2
train_06847,training_writers,long_sweep,0.35544512,0.47000000,1.32228571,37,69,100,83,61,100,0,91,64,78,62,55,26,28,2,0,9
train_06848,training_writers,compact_trace,0.54267611,0.32000000,0.58967033,39,85,18,100,20,67,67,76,83,71,100,29,61,0,0,13,9
train_06849,training_writers,long_sweep,0.36820380,0.47000000,1.27646700,76,93,28,69,100,75,34,100,38,41,0,0,72,12,21,52,8
train_06850,training_writers,compact_trace,0.53703404,0.32000000,0.59586539,62,100,29,92,0,69,11,45,89,47,100,44,54,23,32,0,4
train_06851,training_writers,long_sweep,0.35551355,0.47000000,1.32203117,80,100,30,86,5,55,1,21,49,0,100,22,55,35,0,15,6
train_06852,training_writers,long_sweep,0.35140922,0.50000000,1.42284258,0,72,0,77,23,64,73,37,25,0,9,62,33,100,100,100,5
train_06853,training_writers,compact_trace,0.52904860,0.32000000,0.60485936,13,76,35,100,57,74,40,42,10,14,0,13,51,11,100,0,2
train_06854,training_writers,compact_trace,0.53924315,0.32000000,0.59342432,0,96,47,95,100,100,71,73,52,37,41,0,26,20,52,33,7
train_06855,training_writers,compact_trace,0.53694823,0.32000000,0.59596062,23,89,68,100,100,88,68,67,63,45,90,25,50,8,0,0,3
train_06856,training_writers,compact_trace,0.52243950,0.32000000,0.61251111,0,78,0,97,50,99,100,100,90,81,64,56,42,29,27,0,7
train_06857,training_writers,compact_trace,0.54108838,0.32000000,0.59140062,34,58,45,100,54,60,35,18,0,0,22,17,61,8,100,9,2
train_06858,training_writers,long_sweep,0.35569399,0.47000000,1.32136052,31,70,0,84,16,37,52,0,100,19,99,66,60,100,6,94,0
train_06859,training_writers,compact_trace,0.53762438,0.32000000,0.59521111,0,87,30,100,67,91,58,43,38,0,30,24,57,46,100,49,7
train_06860,training_writers,compact_trace,0.54265638,0.32000000,0.58969177,0,82,35,100,68,81,72,39,57,0,26,23,61,40,100,52,7
train_06861,training_writers,long_sweep,0.36513411,0.47000000,1.28719827,37,100,14,55,84,61,100,20,38,0,2,43,0,83,72,87,5
train_06862,training_writers,long_sweep,0.35493492,0.47000000,1.32418641,25,95,0,69,10,34,92,37,100,69,62,100,69,50,70,0,4
train_06863,training_writers,compact_trace,0.53287533,0.32000000,0.60051570,100,99,60,100,26,78,3,49,0,16,36,0,60,24,30,47,6
train_06864,training_writers,compact_trace,0.51463127,0.32000000,0.62180443,0,60,9,62,54,81,99,100,100,82,76,55,52,28,33,0,1
train_06865,training_writers,compact_trace,0.52339102,0.32000000,0.61139757,60,82,71,100,100,87,73,60,100,36,79,8,37,0,0,17,3
train_06866,training_writers,long_sweep,0.34972090,0.47000000,1.34392882,82,100,33,82,12,51,18,18,65,0,100,20,42,30,0,9,6
train_06867,training_writers,compact_trace,0.52793993,0.32000000,0.60612957,0,89,36,100,58,72,54,36,56,0,28,11,48,27,100,30,7
train_06868,training_writers,long_sweep,0.35857956,0.47000000,1.31072727,18,74,29,100,100,88,73,47,31,9,0,0,14,29,96,34,7
train_06869,training_writers,compact_trace,0.53847019,0.32000000,0.59427616,85,100,49,81,17,60,0,38,60,32,100,43,70,22,55,0,4
train_06870,training_writers,compact_trace,0.50180089,0.32000000,0.63770313,0,88,31,100,65,90,62,68,45,48,38,26,62,9,100,0,2
train_06871,training_writers,compact_trace,0.52371493,0.32000000,0.61101943,26,88,54,100,100,89,94,59,95,35,77,6,30,0,0,12,3
train_06872,training_writers,long_sweep,0.36435748,0.47000000,1.28994195,19,97,0,69,72,60,85,20,19,0,11,47,26,96,100,100,5
train_06873,training_writers,compact_trace,0.53435273,0.32000000,0.59885536,42,81,52,100,96,76,72,47,77,37,100,7,39,0,0,22,3
train_06874,training_writers,compact_trace,0.52756762,0.32000000,0.60655732,100,100,64,99,29,78,4,51,0,18,30,0,42,26,0,22,6
train_06875,training_writers,long_sweep,0.35168426,0.47000000,1.33642605,82,70,31,56,0,81,51,100,100,84,87,51,54,21,12,0,9
train_06876,training_writers,compact_trace,0.52776222,0.32000000,0.60633366,4,55,60,77,100,100,80,92,56,70,40,46,32,23,0,0,1
train_06877,training_writers,compact_trace,0.53963058,0.32000000,0.59299827,32,82,63,100,100,89,65,63,91,54,94,24,51,5,0,0,3
train_06878,training_writers,compact_trace,0.52471137,0.32000000,0.60985909,0,0,54,27,80,57,100,89,95,100,85,68,80,36,78,4,1
train_06879,training_writers,compact_trace,0.50744560,0.32000000,0.63060947,33,67,50,79,100,100,96,86,71,65,42,43,21,22,0,0,1
train_06880,training_writers,long_sweep,0.35716508,0.47000000,1.31591813,83,73,74,100,4,82,0,59,74,73,100,54,65,21,2,0,9
train_06881,training_writers,long_sweep,0.34702125,0.47000000,1.35438391,0,79,47,96,100,100,80,74,39,51,5,26,25,4,82,0,2
train_06882,training_writers,compact_trace,0.53309540,0.32000000,0.60026780,0,5,53,33,90,65,100,98,83,100,73,67,73,33,77,0,1
train_06883,training_writers,long_sweep,0.35382685,0.47000000,1.32833332,35,100,9,71,0,26,41,0,93,11,100,53,63,87,11,100,0
train_06884,training_writers,compact_trace,0.50209268,0.32000000,0.63733253,0,68,48,81,86,100,100,97,87,73,81,49,80,24,71,0,1
train_06885,training_writers,compact_trace,0.52570603,0.32000000,0.60870521,100,82,65,100,38,78,73,63,85,54,82,18,44,0,0,3,9
train_06886,training_writers,long_sweep,0.35567698,0.47000000,1.32142372,81,82,59,100,0,64,71,46,100,60,74,93,64,46,55,0,4
train_06887,training_writers,long_sweep,0.35595115,0.47000000,1.32040592,37,100,16,60,63,42,31,0,3,19,0,75,47,90,100,97,5
train_06888,training_writers,long_sweep,0.34383713,0.47000000,1.36692626,66,76,78,49,100,88,50,100,70,66,86,45,60,0,0,6,9
train_06889,training_writers,long_sweep,0.34998783,0.47000000,1.34290385,9,97,56,100,91,72,74,36,58,0,100,22,63,34,0,34,7
train_06890,training_writers,long_sweep,0.35572156,0.47000000,1.32125811,77,95,33,100,0,64,0,20,50,0,100,21,57,35,19,3,6
train_06891,training_writers,compact_trace,0.52465651,0.32000000,0.60992287,0,79,25,100,62,98,69,66,47,37,27,8,63,1,100,0,2
train_06892,training_writers,compact_trace,0.50689327,0.32000000,0.63129661,1,94,0,89,49,90,100,100,99,85,79,56,63,25,54,0,7
train_06893,training_writers,compact_trace,0.53189139,0.32000000,0.60162659,43,100,22,60,38,63,31,64,41,19,0,0,45,2,100,7,1
train_06894,training_writers,compact_trace,0.53127254,0.32000000,0.60232739,21,100,15,75,0,44,36,33,100,35,69,44,40,32,50,0,4
train_06895,training_writers,long_sweep,0.34941033,0.47000000,1.34512338,17,89,0,49,2,7,51,0,91,26,100,66,67,98,18,100,0
train_06896,training_writers,long_sweep,0.34379230,0.47000000,1.36710449,33,79,83,99,100,100,47,84,0,62,22,38,53,14,1,0,5
train_06897,training_writers,long_sweep,0.36400604,0.47000000,1.29118737,38,94,0,77,73,53,100,100,24,92,70,70,94,60,82,0,9
train_06898,training_writers,long_sweep,0.36618459,0.47000000,1.28350568,0,98,22,65,100,89,17,100,18,74,85,70,58,30,1,0,9
train_06899,training_writers,long_sweep,0.36516931,0.47000000,1.28707421,5,76,29,100,100,81,55,39,0,0,61,3,15,44,21,83,8
train_06900,training_writers,long_sweep,0.34760066,0.47000000,1.35212631,0,89,50,100,100,89,77,53,53,16,55,0,20,29,82,39,7
train_06901,training_writers,compact_trace,0.53307440,0.32000000,0.60029144,0,83,38,100,79,90,77,47,74,4,62,0,54,32,100,39,7
train_06902,training_writers,long_sweep,0.34198394,0.47000000,1.37433356,100,100,57,87,26,58,14,26,43,0,87,13,45,28,0,10,6
train_06903,training_writers,compact_trace,0.53454762,0.32000000,0.59863703,32,100,39,76,0,48,11,38,91,39,100,64,86,31,71,0,4
train_06904,training_writers,long_sweep,0.35798469,0.47000000,1.31290529,9,91,56,100,100,87,80,43,57,0,0,22,24,34,95,36,7
train_06905,training_writers,long_sweep,0.33947746,0.47000000,1.38448071,18,75,51,100,100,96,79,65,41,40,0,17,9,0,63,2,2
train_06906,training_writers,compact_trace,0.50460776,0.32000000,0.63415592,26,100,0,88,0,66,7,45,48,27,95,41,86,21,100,0,4
train_06907,training_writers,long_sweep,0.35670257,0.47000000,1.31762438,58,67,24,85,86,100,92,70,48,42,0,14,29,0,100,7,2
train_06908,training_writers,long_sweep,0.34376430,0.47000000,1.36721586,24,100,0,78,2,45,80,45,100,75,72,71,37,36,8,0,4
train_06909,training_writers,long_sweep,0.36186634,0.47000000,1.29882212,77,95,20,81,43,59,76,19,15,0,0,36,38,85,100,100,5
train_06910,training_writers,long_sweep,0.34660849,0.47000000,1.35599680,27,100,18,65,52,36,20,0,0,27,6,77,45,95,100,96,5
train_06911,training_writers,long_sweep,0.36494062,0.47000000,1.28788077,22,99,32,74,100,93,15,100,42,83,100,69,55,33,0,0,9
train_06912,training_writers,compact_trace,0.50807006,0.32000000,0.62983439,100,100,68,89,36,70,12,46,4,18,33,0,40,9,0,13,6
train_06913,training_writers,long_sweep,0.36252408,0.47000000,1.29646562,15,88,22,69,86,46,68,0,0,6,4,62,25,94,100,100,5
train_06914,training_writers,long_sweep,0.36969347,0.47000000,1.27132350,77,99,0,73,100,100,12,84,6,48,12,0,99,39,16,51,8
train_06915,training_writers,long_sweep,0.35475011,0.47000000,1.32487625,40,88,99,100,78,94,25,75,74,69,100,42,62,13,0,0,5
train_06916,training_writers,long_sweep,0.36474699,0.47000000,1.28856445,32,66,87,42,73,0,0,7,37,43,100,72,92,100,30,76,8
train_06917,training_writers,long_sweep,0.35186084,0.47000000,1.33575536,53,64,100,88,52,100,29,66,60,27,30,0,0,24,46,53,8
train_06918,training_writers,long_sweep,0.35224067,0.47000000,1.33431498,75,100,46,62,0,36,37,42,94,44,100,82,72,43,56,0,4
train_06919,training_writers,long_sweep,0.33810687,0.47000000,1.39009303,30,83,61,100,93,81,53,59,89,48,100,19,56,0,0,0,3
train_06920,training_writers,long_sweep,0.34521160,0.47000000,1.36148379,84,91,42,100,36,70,83,87,94,51,100,6,50,0,0,6,9
train_06921,training_writers,long_sweep,0.35942054,0.47000000,1.30766037,25,80,0,76,35,44,76,15,10,0,4,41,30,88,100,100,5
train_06922,training_writers,long_sweep,0.36516204,0.47000000,1.28709984,82,96,63,62,100,25,45,0,18,32,77,65,97,100,0,98,8
train_06923,training_writers,compact_trace,0.51355809,0.32000000,0.62310381,10,100,26,94,18,72,0,50,41,36,100,43,72,22,77,0,4
train_06924,training_writers,long_sweep,0.35690189,0.47000000,1.31688850,53,79,0,92,19,58,80,27,57,0,26,34,80,68,100,100,8
train_06925,training_writers,long_sweep,0.35110163,0.47000000,1.33864374,0,100,73,99,100,83,83,51,67,20,43,0,2,27,70,28,7
train_06926,training_writers,long_sweep,0.34734102,0.47000000,1.35313704,25,100,9,78,0,34,29,0,81,6,100,47,77,85,24,96,0
train_06927,training_writers,long_sweep,0.34431654,0.47000000,1.36502299,49,100,20,81,0,44,17,8,71,0,100,31,85,69,41,94,0
train_06928,training_writers,compact_trace,0.54448597,0.32000000,0.58771028,0,77,40,95,87,100,100,73,71,47,34,25,17,0,67,1,2
train_06929,training_writers,long_sweep,0.34130236,0.47000000,1.37707809,0,66,21,97,66,100,66,63,34,32,6,4,52,0,100,0,2
train_06930,training_writers,long_sweep,0.34845665,0.47000000,1.34880479,52,100,16,70,0,35,3,0,66,10,100,41,98,77,51,93,0
train_06931,training_writers,compact_trace,0.52690078,0.32000000,0.60732497,0,84,35,100,69,81,65,55,100,37,91,9,48,0,15,12,3
train_06932,training_writers,long_sweep,0.35896280,0.47000000,1.30932786,95,100,39,87,4,53,0,15,61,0,100,31,38,31,21,0,6
train_06933,training_writers,long_sweep,0.35329267,0.47000000,1.33034180,82,85,100,100,49,68,0,36,20,0,94,3,53,27,35,8,6
train_06934,training_writers,compact_trace,0.50892164,0.32000000,0.62878049,28,100,5,80,0,53,17,29,62,31,100,46,92,27,87,0,4
train_06935,training_writers,long_sweep,0.35861482,0.47000000,1.31059839,66,72,27,100,0,75,45,39,63,0,11,24,50,61,100,87,8
train_06936,training_writers,compact_trace,0.52166865,0.32000000,0.61341620,39,100,21,77,0,47,27,37,84,36,100,60,88,29,86,0,4
train_06937,training_writers,long_sweep,0.35741525,0.47000000,1.31499704,25,94,0,52,12,7,64,0,100,36,90,80,40,100,0,71,0
train_06938,training_writers,compact_trace,0.51375674,0.32000000,0.62286287,0,57,14,73,54,90,100,100,100,74,80,47,55,22,49,0,1
train_06939,training_writers,compact_trace,0.52579719,0.32000000,0.60859968,0,96,38,100,75,92,70,46,62,0,49,15,63,34,100,38,7
train_06940,training_writers,compact_trace,0.53723473,0.32000000,0.59564280,53,90,95,100,100,74,74,49,40,28,0,10,26,0,78,4,2
train_06941,training_writers,long_sweep,0.34308731,0.47000000,1.36991366,28,82,74,100,87,77,46,51,88,48,100,18,52,0,0,0,3
train_06942,training_writers,long_sweep,0.34554677,0.47000000,1.36016321,73,100,47,86,18,58,0,29,8,0,77,4,100,29,29,29,6
train_06943,training_writers,long_sweep,0.35966977,0.47000000,1.30675425,54,93,100,90,38,70,63,100,100,63,96,21,35,0,0,34,9
train_06944,training_writers,compact_trace,0.53033064,0.32000000,0.60339715,14,95,50,100,54,69,39,39,11,12,0,1,50,10,100,0,2
train_06945,training_writers,compact_trace,0.53101750,0.32000000,0.60261668,25,100,6,70,0,38,56,34,97,53,100,70,90,35,84,0,4
train_06946,training_writers,long_sweep,0.35600950,0.47000000,1.32018948,100,100,54,97,14,67,0,32,28,0,91,4,84,35,15,47,6
train_06947,training_writers,long_sweep,0.34031030,0.47000000,1.38109251,0,85,25,64,63,36,52,0,30,31,13,69,44,98,100,100,5
train_06948,training_writers,long_sweep,0.35877764,0.47000000,1.31000359,30,99,0,60,61,43,52,0,15,4,15,53,35,94,100,100,5
train_06949,training_writers,long_sweep,0.36745065,0.47000000,1.27908333,56,91,12,77,65,37,74,0,0,18,50,59,100,99,24,100,8
train_06950,training_writers,compact_trace,0.52850830,0.32000000,0.60547772,51,77,74,100,100,78,72,49,94,33,80,4,33,0,0,24,3
train_06951,training_writers,compact_trace,0.50594657,0.32000000,0.63247785,0,71,35,74,75,94,100,100,89,73,77,46,72,18,57,0,1
train_06952,training_writers,compact_trace,0.52292405,0.32000000,0.61194355,56,86,99,100,100,96,54,87,20,73,45,46,42,16,0,0,5
train_06953,training_writers,long_sweep,0.35016640,0.47000000,1.34221900,29,50,0,15,40,0,83,22,100,65,70,100,24,95,15,50,0
train_06954,training_writers,compact_trace,0.51808276,0.32000000,0.61766193,36,100,60,100,57,68,33,41,0,20,12,8,56,6,100,0,2
train_06955,training_writers,long_sweep,0.36090420,0.47000000,1.30228466,8,67,47,100,100,83,72,42,32,5,80,0,45,35,0,69,8
train_06956,training_writers,compact_trace,0.52993003,0.32000000,0.60385331,40,100,47,79,15,45,0,28,80,25,100,51,92,24,95,0,4
train_06957,training_writers,compact_trace,0.53984777,0.32000000,0.59275970,0,78,33,100,70,79,53,43,10,23,10,32,57,20,100,0,2
train_06958,training_writers,long_sweep,0.36262691,0.47000000,1.29609796,40,88,100,100,38,91,0,64,41,52,96,38,62,11,0,0,5
train_06959,training_writers,long_sweep,0.34614747,0.47000000,1.35780280,80,100,24,98,28,70,92,91,94,86,100,50,70,18,0,0,9
train_06960,training_writers,long_sweep,0.34962651,0.47000000,1.34429166,0,97,77,100,86,70,74,40,56,10,30,0,14,25,100,30,7
train_06961,training_writers,compact_trace,0.47868955,0.32000000,0.66849172,100,100,54,92,39,76,29,61,18,46,7,30,4,15,0,0,1
train_06962,training_writers,long_sweep,0.34120945,0.47000000,1.37745307,32,87,12,69,0,30,31,0,82,8,100,46,76,81,29,100,0
train_06963,training_writers,long_sweep,0.34331708,0.47000000,1.36899685,32,89,14,91,0,44,15,1,62,0,100,28,85,73,45,100,0
train_06964,training_writers,long_sweep,0.36741558,0.47000000,1.27920541,56,63,71,100,1,81,48,42,76,0,0,13,27,56,100,86,8
train_06965,training_writers,compact_trace,0.50064748,0.32000000,0.63917230,21,100,9,96,0,68,39,51,100,59,99,57,91,29,89,0,4
train_06966,training_writers,long_sweep,0.35880973,0.47000000,1.30988643,42,76,74,43,100,76,42,100,66,72,100,38,71,1,0,0,9
train_06967,training_writers,long_sweep,0.34126731,0.47000000,1.37721954,0,78,35,100,74,86,42,55,57,31,100,8,58,0,8,8,3
train_06968,training_writers,long_sweep,0.34406116,0.47000000,1.36603620,30,78,41,100,100,83,59,62,40,56,85,30,62,0,0,9,3
train_06969,training_writers,long_sweep,0.33846854,0.47000000,1.38860764,0,95,43,100,89,91,59,68,82,45,100,22,55,7,1,0,3
train_06970,training_writers,compact_trace,0.52471123,0.32000000,0.60985925,25,80,52,100,57,67,30,36,0,11,27,6,63,4,100,0,2
train_06971,training_writers,long_sweep,0.36342882,0.47000000,1.29323811,81,100,49,81,76,38,50,0,0,17,58,51,100,91,30,98,8
train_06972,training_writers,compact_trace,0.54456686,0.32000000,0.58762298,41,80,73,100,92,76,57,50,100,40,86,9,37,0,0,23,3
train_06973,training_writers,long_sweep,0.34494827,0.47000000,1.36252314,17,74,20,40,39,0,84,5,100,46,83,86,35,100,0,71,0
train_06974,training_writers,long_sweep,0.34708642,0.47000000,1.35412963,78,100,41,82,14,52,0,19,42,0,100,12,91,38,29,38,6
train_06975,training_writers,long_sweep,0.34332874,0.47000000,1.36895036,89,71,35,68,20,90,80,100,100,73,82,45,48,20,0,0,9
train_06976,training_writers,compact_trace,0.54181753,0.32000000,0.59060474,12,76,46,100,67,79,52,46,26,16,0,0,55,2,100,7,2
train_06977,training_writers,compact_trace,0.53551727,0.32000000,0.59755309,100,78,70,100,38,76,83,75,86,59,83,27,58,0,0,11,9
train_06978,training_writers,compact_trace,0.52418853,0.32000000,0.61046739,100,100,60,82,33,58,14,31,11,3,50,0,46,19,0,8,6
train_06979,training_writers,compact_trace,0.52615545,0.32000000,0.60818528,0,100,11,91,2,60,47,47,100,62,72,57,46,29,26,0,4
train_06980,training_writers,long_sweep,0.35090925,0.47000000,1.33937762,0,75,25,100,90,83,45,56,59,47,100,18,43,0,6,19,3
train_06981,training_writers,long_sweep,0.35010021,0.47000000,1.34247276,74,100,39,73,0,48,52,46,100,48,77,83,63,41,47,0,4
train_06982,training_writers,compact_trace,0.53265505,0.32000000,0.60076404,28,88,58,100,61,74,46,54,95,45,100,20,54,5,0,0,3
train_06983,training_writers,long_sweep,0.36080318,0.47000000,1.30264927,86,100,32,92,1,55,0,16,60,0,100,31,31,34,7,1,6
train_06984,training_writers,compact_trace,0.53324891,0.32000000,0.60009499,21,81,52,100,100,100,85,76,64,53,83,29,44,13,0,0,3
train_06985,training_writers,long_sweep,0.34867286,0.47000000,1.34796840,40,100,12,76,0,33,30,0,82,1,100,39,75,78,30,100,0
train_06986,training_writers,compact_trace,0.52284585,0.32000000,0.61203508,6,99,17,100,0,65,45,47,100,55,94,72,90,36,84,0,4
train_06987,training_writers,compact_trace,0.53437620,0.32000000,0.59882906,0,73,30,100,74,97,69,58,53,20,54,0,53,32,100,38,7
train_06988,training_writers,compact_trace,0.54651814,0.32000000,0.58552494,34,96,46,53,36,12,0,0,2,47,28,77,63,92,100,100,5
train_06989,training_writers,compact_trace,0.52592117,0.32000000,0.60845620,0,77,17,100,55,96,58,62,40,31,22,1,60,0,100,3,2
train_06990,training_writers,long_sweep,0.36927590,0.47000000,1.27276110,77,100,11,67,100,72,43,99,36,32,0,0,84,2,30,46,8
train_06991,training_writers,long_sweep,0.35378099,0.47000000,1.32850552,11,88,74,100,100,77,69,40,37,5,6,0,0,34,72,41,7
train_06992,training_writers,long_sweep,0.35284153,0.47000000,1.33204273,99,100,56,76,21,50,0,21,38,0,100,8,77,30,14,26,6
train_06993,training_writers,long_sweep,0.36142926,0.47000000,1.30039280,22,99,0,50,25,3,76,0,100,47,83,100,34,99,10,52,0
train_06994,training_writers,compact_trace,0.51444910,0.32000000,0.62202461,31,100,4,77,0,53,34,33,91,37,100,45,72,24,59,0,4
train_06995,training_writers,long_sweep,0.33783510,0.47000000,1.39121127,27,75,64,100,100,99,79,70,45,44,6,20,0,0,64,6,2
train_06996,training_writers,long_sweep,0.34121834,0.47000000,1.37741716,19,91,58,100,100,88,69,60,51,37,93,17,53,0,0,1,3
train_06997,training_writers,compact_trace,0.53138699,0.32000000,0.60219765,59,100,31,75,0,43,30,45,93,41,100,59,83,36,82,0,4
train_06998,training_writers,compact_trace,0.54721661,0.32000000,0.58477757,19,82,16,48,45,18,11,0,0,44,18,84,58,100,100,95,5
train_06999,training_writers,long_sweep,0.35854422,0.47000000,1.31085646,16,93,35,70,100,86,26,100,46,86,86,72,52,32,0,0,9
train_07000,training_writers,long_sweep,0.34524636,0.47000000,1.36134673,30,100,3,68,0,25,36,0,81,10,100,48,66,75,21,63,0
train_07001,training_writers,long_sweep,0.35190924,0.47000000,1.33557163,100,100,50,81,16,54,5,25,34,0,89,14,70,41,0,49,6
train_07002,training_writers,long_sweep,0.36672069,0.47000000,1.28162936,56,84,0,66,75,70,86,100,14,84,100,73,65,37,45,0,9
train_07003,training_writers,compact_trace,0.50605792,0.32000000,0.63233868,0,52,28,69,58,84,89,100,100,95,83,65,68,33,64,0,1
train_07004,training_writers,compact_trace,0.54675757,0.32000000,0.58526853,10,71,44,100,67,76,52,37,24,4,0,5,49,9,100,0,2
train_07005,training_writers,long_sweep,0.36307081,0.47000000,1.29451331,66,82,2,100,0,67,57,37,62,0,6,22,32,60,100,84,8
train_07006,training_writers,compact_trace,0.50422576,0.32000000,0.63463635,0,61,36,72,74,91,100,100,95,73,87,46,77,19,68,0,1
train_07007,training_writers,long_sweep,0.34592845,0.47000000,1.35866245,38,100,20,61,26,20,65,0,100,27,92,67,48,85,0,79,0
train_07008,training_writers,long_sweep,0.36021572,0.47000000,1.30477371,100,78,43,100,2,72,51,35,46,0,0,24,50,58,76,90,8
train_07009,training_writers,compact_trace,0.52071839,0.32000000,0.61453563,11,100,28,85,15,53,0,22,53,22,100,42,91,32,92,0,4
train_07010,training_writers,compact_trace,0.53181545,0.32000000,0.60171249,32,86,65,100,99,85,78,59,94,40,100,14,52,0,0,0,3
train_07011,training_writers,long_sweep,0.36045377,0.47000000,1.30391200,23,93,30,64,90,36,59,0,12,12,0,54,13,91,100,100,5
train_07012,training_writers,long_sweep,0.36757651,0.47000000,1.27864536,59,77,0,77,49,38,93,0,10,6,38,45,100,79,52,100,8
train_07013,training_writers,long_sweep,0.36465555,0.47000000,1.28888756,0,97,28,78,100,95,16,100,1,81,80,64,53,25,11,0,9
train_07014,training_writers,long_sweep,0.34887784,0.47000000,1.34717641,22,89,0,58,44,32,27,0,1,33,5,84,48,100,100,91,5
train_07015,training_writers,long_sweep,0.34424734,0.47000000,1.36529741,100,87,70,100,50,66,69,28,35,0,0,17,44,46,92,72,8
train_07016,training_writers,long_sweep,0.33929371,0.47000000,1.38523050,54,87,100,100,72,96,31,76,30,45,79,42,47,14,0,0,5
train_07017,training_writers,compact_trace,0.54012375,0.32000000,0.59245682,0,90,40,100,66,78,44,48,10,24,4,0,52,0,100,2,2
train_07018,training_writers,long_sweep,0.35727659,0.47000000,1.31550739,16,78,41,100,89,84,38,61,29,41,100,25,84,2,0,0,3
train_07019,training_writers,compact_trace,0.52668929,0.32000000,0.60756884,100,100,82,90,51,62,26,32,12,0,56,6,46,26,0,12,6
train_07020,training_writers,compact_trace,0.53393905,0.32000000,0.59931934,0,84,37,100,82,96,85,67,59,41,31,15,51,0,100,2,2
train_07021,training_writers,long_sweep,0.36574363,0.47000000,1.28505315,0,86,35,67,98,33,81,0,24,22,74,60,100,100,15,99,8
train_07022,training_writers,compact_trace,0.50218647,0.32000000,0.63721351,0,100,11,93,7,62,32,44,68,52,100,58,86,29,71,0,4
train_07023,training_writers,compact_trace,0.53426494,0.32000000,0.59895377,0,48,42,71,64,100,56,56,54,13,33,0,42,3,100,3,1
train_07024,training_writers,long_sweep,0.34706920,0.47000000,1.35419679,0,63,23,93,78,100,89,69,54,41,11,16,41,4,100,0,2
train_07025,training_writers,compact_trace,0.49904485,0.32000000,0.64122494,0,62,48,80,89,100,96,78,100,55,96,33,96,10,85,0,1
train_07026,training_writers,compact_trace,0.54177783,0.32000000,0.59064801,52,83,74,100,74,63,54,28,17,0,0,16,50,22,100,5,2
train_07027,training_writers,compact_trace,0.51816858,0.32000000,0.61755963,26,100,0,75,2,47,61,41,100,63,93,56,84,27,75,0,4
train_07028,training_writers,long_sweep,0.36797387,0.47000000,1.27726462,53,97,0,72,66,38,95,0,29,15,71,55,100,98,15,100,8
train_07029,training_writers,long_sweep,0.33858986,0.47000000,1.38811010,8,69,58,95,62,100,54,61,44,23,0,0,29,3,100,8,1
train_07030,training_writers,long_sweep,0.34426079,0.47000000,1.36524405,100,91,63,100,42,58,83,69,97,94,70,45,37,0,0,1,9
train_07031,training_writers,long_sweep,0.34419421,0.47000000,1.36550814,2,91,48,100,68,69,52,34,37,0,0,24,43,34,100,31,7
train_07032,training_writers,long_sweep,0.34915041,0.47000000,1.34612474,15,70,20,32,54,0,96,24,100,66,68,100,16,92,0,52,0
train_07033,training_writers,compact_trace,0.51795560,0.32000000,0.61781358,100,100,66,85,39,61,16,34,10,3,45,0,36,22,0,12,6
train_07034,training_writers,long_sweep,0.36054110,0.50000000,1.38680446,0,45,53,36,62,0,7,6,52,38,100,70,71,100,11,84,8
train_07035,training_writers,long_sweep,0.34429862,0.47000000,1.36509407,100,100,53,81,16,56,0,25,33,0,89,3,72,19,19,9,6
train_07036,training_writers,long_sweep,0.34286253,0.47000000,1.37081179,9,92,56,100,54,58,33,18,10,0,0,36,50,38,100,38,7
train_07037,training_writers,long_sweep,0.35310635,0.47000000,1.33104376,93,100,42,82,12,55,0,25,33,0,100,4,75,24,13,12,6
train_07038,training_writers,long_sweep,0.35089928,0.47000000,1.33941570,12,99,49,100,100,93,65,62,28,32,0,0,11,35,72,39,7
train_07039,training_writers,long_sweep,0.36875243,0.47000000,1.27456786,48,100,0,43,39,0,100,52,54,87,18,48,74,78,19,19,0
train_07040,training_writers,compact_trace,0.54248163,0.32000000,0.58988173,100,90,60,100,18,84,70,88,89,71,66,44,37,18,0,0,9
train_07041,training_writers,compact_trace,0.54097587,0.32000000,0.59152361,0,96,42,100,66,73,55,36,44,0,20,31,50,44,100,46,7
train_07042,training_writers,compact_trace,0.53965343,0.32000000,0.59297317,40,81,69,100,97,80,66,55,100,41,100,15,53,0,0,0,3
train_07043,training_writers,long_sweep,0.35039590,0.47000000,1.34133990,29,76,45,100,100,90,75,63,43,40,98,24,63,4,0,0,3
train_07044,training_writers,compact_trace,0.53681560,0.32000000,0.59610786,0,83,37,100,61,81,44,53,19,27,3,0,51,3,100,7,2
train_07045,training_writers,long_sweep,0.35275448,0.47000000,1.33237146,82,100,40,81,6,52,0,18,51,0,100,16,58,35,8,20,6
train_07046,training_writers,long_sweep,0.35695495,0.47000000,1.31669275,68,96,20,84,0,42,17,0,74,1,100,40,88,84,36,100,0
train_07047,training_writers,compact_trace,0.54568893,0.32000000,0.58641468,100,100,55,91,21,65,0,34,17,3,66,0,69,25,19,25,6
train_07048,training_writers,compact_trace,0.54070583,0.32000000,0.59181903,0,93,51,100,100,89,99,59,80,28,54,0,26,27,51,45,7
train_07049,training_writers,long_sweep,0.34578224,0.47000000,1.35923696,100,100,51,81,16,56,3,27,24,0,79,3,58,29,0,38,6
train_07050,training_writers,long_sweep,0.33924279,0.47000000,1.38543845,2,73,10,98,73,100,60,73,70,44,100,15,47,2,0,0,3
train_07051,training_writers,long_sweep,0.35767069,0.47000000,1.31405790,26,93,0,54,16,2,62,0,100,34,85,86,40,100,6,65,0
train_07052,training_writers,compact_trace,0.51050664,0.32000000,0.62682829,0,82,24,100,53,84,46,51,25,23,32,0,66,1,100,4,2
train_07053,training_writers,compact_trace,0.53944374,0.32000000,0.59320366,0,96,31,100,81,93,76,48,56,1,44,0,49,32,100,35,7
train_07054,training_writers,compact_trace,0.53015564,0.32000000,0.60359634,6,76,22,100,55,78,36,42,0,16,7,9,54,7,100,0,2
train_07055,training_writers,compact_trace,0.53712522,0.32000000,0.59576424,31,82,72,100,100,87,65,64,69,40,91,14,47,0,0,5,3
train_07056,training_writers,long_sweep,0.36713395,0.50000000,1.36190074,90,52,79,100,0,99,19,50,66,4,16,0,34,51,100,86,8
train_07057,training_writers,long_sweep,0.34093482,0.47000000,1.37856264,37,78,15,58,49,25,18,0,0,30,1,72,49,89,100,100,5
train_07058,training_writers,long_sweep,0.34708619,0.47000000,1.35413051,86,100,47,81,14,55,0,27,22,0,88,0,100,26,34,28,6
train_07059,training_writers,long_sweep,0.36029292,0.47000000,1.30449414,84,72,65,100,16,73,51,36,65,0,0,5,37,39,100,61,8
train_07060,training_writers,compact_trace,0.54484505,0.32000000,0.58732294,35,100,16,68,0,41,92,36,100,74,96,76,83,38,71,0,4
train_07061,training_writers,long_sweep,0.34451140,0.47000000,1.36425095,25,88,8,68,0,27,39,0,87,15,100,56,73,89,20,100,0
train_07062,training_writers,compact_trace,0.54474363,0.32000000,0.58743229,0,91,52,100,92,84,73,43,62,0,42,0,45,23,100,28,7
train_07063,training_writers,long_sweep,0.35043221,0.47000000,1.34120093,0,94,45,100,100,93,85,47,73,0,44,3,29,31,92,35,7
train_07064,training_writers,compact_trace,0.52472393,0.32000000,0.60984450,0,84,36,100,65,78,53,46,22,19,15,17,62,19,100,0,2
train_07065,training_writers,long_sweep,0.36780467,0.47000000,1.27785218,11,100,17,71,73,37,100,0,9,11,27,48,92,79,0,95,8
train_07066,training_writers,long_sweep,0.35174375,0.47000000,1.33620001,17,100,0,65,8,23,53,0,100,22,96,63,56,94,8,80,0
train_07067,training_writers,long_sweep,0.36088173,0.47000000,1.30236575,20,92,10,51,68,47,45,0,2,9,0,67,39,97,100,100,5
train_07068,training_writers,long_sweep,0.34679638,0.47000000,1.35526213,58,100,21,85,0,52,3,17,51,0,100,17,60,35,12,19,6
train_07069,training_writers,compact_trace,0.54195043,0.32000000,0.59045991,71,100,22,89,48,69,51,80,75,47,100,16,57,0,0,7,9
train_07070,training_writers,long_sweep,0.35356614,0.47000000,1.32931282,34,95,0,62,42,32,47,0,7,8,13,70,51,100,100,96,5
train_07071,training_writers,compact_trace,0.53255463,0.32000000,0.60087733,0,86,36,100,66,75,48,40,16,13,12,0,56,8,100,7,2
train_07072,training_writers,compact_trace,0.54291237,0.32000000,0.58941372,42,66,54,100,81,83,57,48,24,19,0,12,50,9,100,0,2
train_07073,training_writers,compact_trace,0.54088295,0.32000000,0.59162523,100,85,58,100,10,97,28,76,77,73,54,53,21,28,0,0,9
train_07074,training_writers,compact_trace,0.53936228,0.32000000,0.59329325,34,79,69,100,60,75,41,26,13,0,0,8,50,7,100,5,1
train_07075,training_writers,compact_trace,0.54182264,0.32000000,0.59059917,98,86,69,100,34,75,76,68,90,50,100,16,53,2,0,0,9
train_07076,training_writers,compact_trace,0.54120125,0.32000000,0.59127727,47,88,72,100,65,44,36,8,0,0,27,20,63,5,100,3,2
train_07077,training_writers,compact_trace,0.51363098,0.32000000,0.62301539,64,77,86,100,100,79,83,54,79,28,90,5,36,0,0,1,3
train_07078,training_writers,long_sweep,0.34213459,0.47000000,1.37372841,18,95,0,56,2,13,41,0,79,24,100,62,84,99,40,100,0
train_07079,training_writers,compact_trace,0.50264115,0.32000000,0.63663709,0,100,13,96,4,69,11,42,61,43,93,53,87,26,100,0,4
train_07080,training_writers,compact_trace,0.50389459,0.32000000,0.63505345,0,53,40,68,75,91,100,100,94,72,88,45,87,17,87,0,1
train_07081,training_writers,long_sweep,0.36166802,0.47000000,1.29953431,10,81,41,59,100,46,89,0,31,3,0,49,10,93,75,100,5
train_07082,training_writers,compact_trace,0.53809662,0.32000000,0.59468873,62,79,70,100,87,73,61,41,20,16,0,26,54,22,100,0,2
train_07083,training_writers,long_sweep,0.34863818,0.47000000,1.34810251,23,76,0,42,17,4,68,0,100,32,99,72,62,100,12,90,0
train_07084,training_writers,compact_trace,0.51123654,0.32000000,0.62593334,0,53,35,76,78,98,100,100,84,75,68,50,54,25,54,0,1
train_07085,training_writers,compact_trace,0.53442588,0.32000000,0.59877340,39,100,0,74,19,51,81,52,100,70,70,63,52,32,44,0,4
train_07086,training_writers,long_sweep,0.35299336,0.47000000,1.33146982,15,95,0,55,2,15,48,0,92,28,100,68,63,100,6,98,0
train_07087,training_writers,compact_trace,0.53386057,0.32000000,0.59940745,0,86,30,100,65,89,50,60,74,37,100,14,55,0,9,0,3
train_07088,training_writers,long_sweep,0.34876467,0.47000000,1.34761358,100,100,38,98,49,62,97,86,98,77,97,36,70,2,0,0,9
train_07089,training_writers,compact_trace,0.54037135,0.32000000,0.59218536,25,90,42,100,15,63,0,26,42,0,100,3,80,28,59,6,6
train_07090,training_writers,long_sweep,0.35853403,0.47000000,1.31089369,4,97,81,100,100,67,66,33,30,0,0,9,0,36,82,35,7
train_07091,training_writers,compact_trace,0.50954518,0.32000000,0.62801104,31,71,57,88,100,100,71,80,46,60,20,41,3,20,0,0,1
train_07092,training_writers,compact_trace,0.53054622,0.32000000,0.60315198,25,81,47,100,48,55,27,17,0,3,32,21,65,2,100,0,2
train_07093,training_writers,compact_trace,0.54211450,0.32000000,0.59028121,11,82,51,100,93,89,65,66,73,51,100,32,53,14,0,0,3
train_07094,training_writers,long_sweep,0.35607200,0.47000000,1.31995776,100,100,45,85,12,55,0,20,45,0,94,20,59,45,3,31,6
train_07095,training_writers,compact_trace,0.51740751,0.32000000,0.61846802,0,100,10,90,56,91,100,92,69,71,40,48,17,21,12,0,7
train_07096,training_writers,compact_trace,0.53448539,0.32000000,0.59870673,100,95,87,100,49,76,17,47,0,14,40,0,66,25,19,25,6
train_07097,training_writers,long_sweep,0.35421061,0.47000000,1.32689418,70,89,34,67,71,37,51,2,0,0,23,45,49,88,100,100,5
train_07098,training_writers,long_sweep,0.36683690,0.47000000,1.28122336,100,100,43,78,80,39,76,0,0,10,39,46,86,82,10,97,8
train_07099,training_writers,long_sweep,0.36754819,0.47000000,1.27874389,25,98,0,64,83,72,79,22,12,0,9,51,8,95,100,100,5
train_07100,training_writers,long_sweep,0.34678773,0.47000000,1.35529593,62,94,39,100,7,69,0,34,33,3,100,1,70,19,13,0,6
train_07101,training_writers,compact_trace,0.54344394,0.32000000,0.58883718,67,75,79,100,94,74,72,42,38,15,0,0,47,5,100,1,2
train_07102,training_writers,long_sweep,0.33838762,0.47000000,1.38893972,39,84,83,100,84,62,55,25,9,6,0,4,50,7,100,0,2
train_07103,training_writers,compact_trace,0.52982756,0.32000000,0.60397009,42,84,70,100,100,87,69,65,55,43,86,23,51,5,0,0,3
train_07104,training_writers,compact_trace,0.51693166,0.32000000,0.61903734,100,100,63,81,44,55,39,28,42,1,68,0,49,25,0,27,6
train_07105,training_writers,compact_trace,0.51485393,0.32000000,0.62153551,100,99,60,100,34,78,14,53,0,27,6,0,37,9,6,27,6
train_07106,training_writers,long_sweep,0.35213267,0.47000000,1.33472420,85,100,38,80,13,48,11,14,58,0,100,22,58,43,0,42,6
train_07107,training_writers,long_sweep,0.34369479,0.47000000,1.36749236,28,65,41,100,63,64,55,21,31,0,0,33,50,45,100,58,7
train_07108,training_writers,long_sweep,0.34103215,0.47000000,1.37816919,8,99,48,100,75,68,66,25,63,0,100,25,51,37,0,41,7
train_07109,training_writers,compact_trace,0.54358859,0.32000000,0.58868049,35,83,69,100,100,79,84,52,47,31,0,12,14,0,77,2,2
train_07110,training_writers,compact_trace,0.53829094,0.32000000,0.59447406,36,100,7,79,0,45,37,20,83,32,100,66,83,34,77,0,4
train_07111,training_writers,compact_trace,0.53749834,0.32000000,0.59535067,100,100,56,88,64,67,91,96,93,60,79,24,43,0,0,11,9
train_07112,training_writers,long_sweep,0.34481944,0.47000000,1.36303219,84,100,72,98,38,66,18,31,44,0,100,14,64,39,0,27,6
train_07113,training_writers,long_sweep,0.34700911,0.47000000,1.35443131,72,100,44,65,0,36,39,39,100,47,83,70,55,36,35,0,4
train_07114,training_writers,long_sweep,0.35124365,0.47000000,1.33810247,20,100,0,58,14,15,59,0,98,27,100,73,64,100,24,76,0
train_07115,training_writers,long_sweep,0.36743384,0.47000000,1.27914185,33,90,57,56,91,20,9,0,0,33,76,64,100,100,4,96,8
train_07116,training_writers,long_sweep,0.34132268,0.47000000,1.37699611,76,100,33,83,0,55,43,39,100,52,87,55,48,28,15,0,4
train_07117,training_writers,long_sweep,0.36181905,0.47000000,1.29899185,38,42,96,71,100,100,32,77,43,38,62,0,0,5,49,39,8
train_07118,training_writers,long_sweep,0.34011267,0.47000000,1.38189502,0,97,56,100,93,74,92,36,74,0,100,21,88,42,30,43,7
train_07119,training_writers,long_sweep,0.35875109,0.47000000,1.31010054,66,48,100,82,52,100,39,64,79,29,43,0,0,26,59,56,8
train_07120,training_writers,long_sweep,0.36053715,0.47000000,1.30361048,40,99,100,87,43,100,30,56,73,44,98,9,38,0,0,31,5
train_07121,training_writers,compact_trace,0.53731483,0.32000000,0.59555401,0,93,34,100,59,75,45,36,22,0,19,31,53,46,100,50,7
train_07122,training_writers,compact_trace,0.51378816,0.32000000,0.62282478,25,100,22,71,0,51,52,52,77,65,95,70,100,32,90,0,4
train_07123,training_writers,compact_trace,0.53159000,0.32000000,0.60196768,21,91,59,100,62,66,34,36,0,11,19,13,59,0,100,9,2
train_07124,training_writers,long_sweep,0.34596565,0.47000000,1.35851638,79,100,51,85,26,51,15,13,62,0,100,21,49,31,0,15,6
train_07125,training_writers,long_sweep,0.34694817,0.47000000,1.35466918,0,100,73,94,95,71,74,36,62,0,41,5,24,30,100,35,7
train_07126,training_writers,long_sweep,0.35247902,0.47000000,1.33341270,0,80,58,100,100,81,62,44,26,5,30,0,8,35,75,34,7
train_07127,training_writers,long_sweep,0.33945255,0.47000000,1.38458234,63,77,95,100,92,63,64,28,26,2,0,0,50,4,100,7,2
train_07128,training_writers,compact_trace,0.53524734,0.32000000,0.59785444,37,81,61,100,91,84,63,63,100,46,85,14,37,0,0,16,3
train_07129,training_writers,long_sweep,0.35687868,0.47000000,1.31697417,100,100,49,93,21,62,0,32,12,0,88,8,93,34,16,22,6
train_07130,training_writers,compact_trace,0.54614254,0.32000000,0.58592762,5,81,45,100,71,77,48,38,16,6,0,3,50,8,100,0,2
train_07131,training_writers,compact_trace,0.53630651,0.32000000,0.59667372,32,82,69,100,74,70,57,49,100,33,94,5,47,0,0,7,3
train_07132,training_writers,long_sweep,0.34809142,0.47000000,1.35022000,0,100,40,97,100,83,92,53,77,23,59,0,24,25,100,33,7
train_07133,training_writers,long_sweep,0.35616173,0.47000000,1.31962523,100,100,46,80,11,53,0,23,39,0,100,12,73,33,7,25,6
train_07134,training_writers,long_sweep,0.34259978,0.47000000,1.37186311,0,86,22,100,58,82,38,40,16,0,5,44,51,56,100,63,7
train_07135,training_writers,compact_trace,0.54083384,0.32000000,0.59167895,26,71,54,100,77,81,52,49,17,21,0,12,50,12,100,0,2
train_07136,training_writers,long_sweep,0.36763249,0.47000000,1.27845065,1,67,44,100,100,75,64,36,17,0,100,18,42,52,0,88,8
train_07137,training_writers,compact_trace,0.54016803,0.32000000,0.59240825,22,66,47,100,66,68,38,28,0,1,7,2,53,2,100,0,2
train_07138,training_writers,long_sweep,0.35250056,0.47000000,1.33333123,45,77,89,66,96,100,46,88,90,72,100,35,62,3,0,0,9
train_07139,training_writers,compact_trace,0.54506918,0.32000000,0.58708144,0,96,47,100,71,70,67,35,58,0,100,1,74,17,19,18,7
train_07140,training_writers,compact_trace,0.52899156,0.32000000,0.60492458,0,82,31,100,47,68,36,34,8,5,12,20,60,18,100,0,2
train_07141,training_writers,long_sweep,0.35582693,0.47000000,1.32086685,33,74,4,93,73,100,55,72,38,50,100,35,73,8,0,0,3
train_07142,training_writers,long_sweep,0.35159075,0.47000000,1.33678147,41,100,25,50,47,4,86,0,100,48,74,91,35,100,0,76,0
train_07143,training_writers,compact_trace,0.53258880,0.32000000,0.60083877,0,91,44,100,58,77,48,39,47,0,25,19,53,39,100,47,7
train_07144,training_writers,long_sweep,0.33875975,0.47000000,1.38741395,13,65,39,100,72,82,49,44,11,15,0,0,50,4,100,6,2
train_07145,training_writers,compact_trace,0.51306399,0.32000000,0.62370388,0,66,47,83,93,100,100,90,77,67,53,46,35,23,30,0,1
train_07146,training_writers,long_sweep,0.34566570,0.47000000,1.35969522,86,86,44,64,0,69,39,95,95,100,100,65,73,31,57,0,9
train_07147,training_writers,long_sweep,0.35916793,0.47000000,1.30858007,10,97,0,46,20,0,70,12,100,55,87,100,37,86,10,43,0
train_07148,training_writers,compact_trace,0.52629843,0.32000000,0.60802005,30,85,68,100,54,78,60,65,100,46,85,15,38,0,0,16,3
train_07149,training_writers,long_sweep,0.34046030,0.47000000,1.38048401,0,100,50,93,100,93,91,64,74,31,54,0,18,23,66,29,7
train_07150,training_writers,long_sweep,0.35556425,0.47000000,1.32184268,83,100,41,98,7,63,0,23,47,0,100,18,58,39,11,15,6
train_07151,training_writers,long_sweep,0.35754772,0.47000000,1.31450985,60,100,18,97,0,49,23,3,75,0,100,45,82,91,32,89,0
train_07152,training_writers,long_sweep,0.36794498,0.47000000,1.27736491,39,100,69,58,95,10,14,0,17,42,100,66,91,100,0,100,8
train_07153,training_writers,compact_trace,0.52286176,0.32000000,0.61201645,0,30,30,53,65,76,100,100,93,79,73,52,50,26,31,0,1
train_07154,training_writers,long_sweep,0.34696942,0.47000000,1.35458624,20,96,18,65,53,30,27,0,0,32,0,75,44,100,100,96,5
train_07155,training_writers,compact_trace,0.52675154,0.32000000,0.60749703,0,80,28,100,53,82,31,53,4,27,14,3,58,4,100,0,2
train_07156,training_writers,long_sweep,0.36390556,0.47000000,1.29154389,33,100,0,71,86,75,38,96,38,73,100,71,62,32,6,0,9
train_07157,training_writers,long_sweep,0.34332475,0.47000000,1.36896626,38,83,0,58,41,32,32,0,13,24,13,64,35,97,100,100,5
train_07158,training_writers,compact_trace,0.52518931,0.32000000,0.60930411,67,76,87,100,96,74,70,50,100,26,76,1,34,0,0,20,3
train_07159,training_writers,long_sweep,0.35991859,0.47000000,1.30585086,72,70,100,100,25,94,0,63,72,74,92,57,66,23,9,0,9
train_07160,training_writers,long_sweep,0.36329004,0.47000000,1.29373214,0,83,18,50,63,16,23,0,3,35,50,68,100,100,13,95,8
train_07161,training_writers,long_sweep,0.36628029,0.47000000,1.28317034,0,95,5,58,87,60,85,16,19,0,12,48,13,93,100,100,5
train_07162,training_writers,compact_trace,0.52157294,0.32000000,0.61352876,0,83,31,100,48,74,28,42,3,14,27,0,66,1,100,4,2
train_07163,training_writers,compact_trace,0.52510705,0.32000000,0.60939955,100,91,58,100,32,75,77,87,77,76,52,43,28,10,0,0,9
train_07164,training_writers,compact_trace,0.52842040,0.32000000,0.60557844,25,71,44,100,65,81,37,52,0,30,9,18,54,10,100,0,2
train_07165,training_writers,long_sweep,0.36195857,0.47000000,1.29849114,22,96,34,66,91,40,56,0,0,4,6,58,31,94,100,100,5
train_07166,training_writers,compact_trace,0.52178547,0.32000000,0.61327886,0,60,24,82,84,100,100,90,73,68,43,44,18,22,14,0,1
train_07167,training_writers,compact_trace,0.52551755,0.32000000,0.60892353,100,100,58,86,27,66,7,43,0,18,34,0,72,14,43,29,6
train_07168,training_writers,long_sweep,0.36941196,0.47000000,1.27229233,96,90,2,68,78,32,85,0,15,26,72,67,100,100,0,71,8
train_07169,training_writers,compact_trace,0.52946113,0.32000000,0.60438808,45,87,84,100,66,67,79,64,100,33,80,0,36,0,0,25,3
train_07170,training_writers,compact_trace,0.54319079,0.32000000,0.58911160,53,70,71,100,68,58,38,23,0,7,22,30,63,21,100,0,2
train_07171,training_writers,long_sweep,0.36334833,0.47000000,1.29352461,88,95,60,69,74,18,10,0,0,35,67,59,100,100,36,100,8
train_07172,training_writers,compact_trace,0.54395857,0.32000000,0.58828009,80,100,35,97,45,76,98,80,100,53,95,19,53,0,0,5,9
train_07173,training_writers,compact_trace,0.54734008,0.32000000,0.58464566,0,90,42,99,94,100,96,63,84,22,68,0,47,27,100,25,7
train_07174,training_writers,long_sweep,0.35460428,0.47000000,1.32542112,35,77,6,50,3,8,58,0,100,29,94,70,52,100,0,84,0
train_07175,training_writers,long_sweep,0.34016023,0.47000000,1.38170178,42,71,79,100,73,81,58,34,38,0,0,11,50,10,100,10,1
train_07176,training_writers,compact_trace,0.54072791,0.32000000,0.59179486,26,59,43,100,55,68,35,25,0,0,17,14,59,3,100,10,2
train_07177,training_writers,long_sweep,0.34147480,0.47000000,1.37638268,23,95,0,60,3,21,42,0,84,16,100,53,74,85,30,100,0
train_07178,training_writers,long_sweep,0.35022768,0.47000000,1.34198417,2,61,5,79,0,33,38,0,91,20,100,65,63,100,17,74,0
train_07179,training_writers,long_sweep,0.36811365,0.47000000,1.27677959,89,79,23,71,70,30,36,0,0,26,72,63,100,100,2,76,8
train_07180,training_writers,compact_trace,0.51179778,0.32000000,0.62524695,41,80,60,100,100,97,98,73,94,48,75,26,42,9,0,0,3
train_07181,training_writers,long_sweep,0.36046764,0.47000000,1.30386184,18,95,14,65,77,57,100,13,49,0,12,43,0,88,62,100,5
train_07182,training_writers,long_sweep,0.35471111,0.47000000,1.32502193,9,91,71,100,91,68,68,34,41,0,0,15,15,32,100,34,7
train_07183,training_writers,long_sweep,0.35786803,0.47000000,1.31333329,39,96,4,61,0,18,49,0,96,26,100,70,61,100,5,88,0
train_07184,training_writers,long_sweep,0.34368913,0.47000000,1.36751488,83,61,96,97,50,100,54,66,100,62,92,21,49,0,0,3,9
train_07185,training_writers,compact_trace,0.52164482,0.32000000,0.61344422,84,100,44,91,59,76,100,87,89,62,70,37,38,17,0,0,9
train_07186,training_writers,long_sweep,0.35029233,0.47000000,1.34173650,0,95,41,97,100,100,80,67,62,23,48,0,17,38,76,42,7
train_07187,training_writers,long_sweep,0.35824765,0.47000000,1.31194162,100,93,51,100,21,60,75,61,94,95,91,46,56,6,0,0,9
train_07188,training_writers,compact_trace,0.50994938,0.32000000,0.62751326,0,36,30,58,66,79,100,100,91,75,83,50,80,25,72,0,1
train_07189,training_writers,compact_trace,0.53051725,0.32000000,0.60318491,47,100,15,78,0,50,40,29,100,35,91,54,74,26,64,0,4
train_07190,training_writers,compact_trace,0.53101595,0.32000000,0.60261844,4,71,32,100,37,95,33,57,29,19,0,0,49,1,100,4,1
train_07191,training_writers,compact_trace,0.54163136,0.32000000,0.59080774,0,79,35,100,74,91,52,58,19,30,13,4,58,0,100,3,2
train_07192,training_writers,long_sweep,0.36487034,0.47000000,1.28812883,31,100,0,58,74,45,57,2,10,0,6,46,17,90,100,97,5
train_07193,training_writers,long_sweep,0.34712027,0.47000000,1.35399757,100,89,41,100,0,77,59,71,84,87,57,57,30,29,7,0,9
train_07194,training_writers,long_sweep,0.35233917,0.47000000,1.33394197,6,78,0,37,19,0,76,3,100,40,99,80,51,100,7,73,0
train_07195,training_writers,compact_trace,0.54220635,0.32000000,0.59018121,24,82,53,100,53,42,29,0,0,7,32,21,65,1,100,1,2
train_07196,training_writers,long_sweep,0.35581745,0.47000000,1.32090205,72,100,6,80,0,50,100,54,95,72,67,87,61,41,77,0,4
train_07197,training_writers,compact_trace,0.49621545,0.32000000,0.64488117,100,100,83,85,63,60,44,34,32,6,50,0,36,21,0,15,6
train_07198,training_writers,compact_trace,0.52043882,0.32000000,0.61486574,14,52,0,56,36,78,74,100,100,96,79,64,58,32,39,0,1
train_07199,training_writers,long_sweep,0.35469561,0.47000000,1.32507983,16,74,0,28,37,0,81,23,100,68,65,100,18,88,0,45,0
train_07200,training_writers,long_sweep,0.35433067,0.47000000,1.32644457,38,87,11,47,18,2,66,0,100,35,91,80,45,100,0,83,0
train_07201,training_writers,long_sweep,0.35515153,0.47000000,1.32337877,92,72,36,59,1,82,54,100,100,82,80,48,40,19,0,0,9
train_07202,training_writers,long_sweep,0.36229626,0.47000000,1.29728085,40,100,0,58,20,16,92,10,100,49,77,100,66,54,62,0,4
train_07203,training_writers,long_sweep,0.34625873,0.47000000,1.35736651,25,92,30,43,50,1,88,0,100,45,78,87,39,100,0,87,0
train_07204,training_writers,long_sweep,0.34541237,0.47000000,1.36069245,25,100,76,95,75,63,58,29,54,0,100,24,61,43,0,54,7
train_07205,training_writers,long_sweep,0.34767292,0.47000000,1.35184529,0,80,23,100,94,83,100,50,68,19,34,0,32,34,89,50,7
train_07206,training_writers,long_sweep,0.35178398,0.47000000,1.33604718,100,100,48,80,13,53,0,23,36,0,94,15,64,30,10,11,6
train_07207,training_writers,compact_trace,0.51361765,0.32000000,0.62303155,61,92,100,100,100,94,62,83,30,60,49,27,36,0,0,6,5
train_07208,training_writers,compact_trace,0.54421585,0.32000000,0.58800198,8,70,36,100,55,69,40,31,9,0,0,17,49,10,100,0,2
train_07209,training_writers,long_sweep,0.35835450,0.47000000,1.31155044,29,88,90,100,69,95,12,74,35,58,100,47,64,17,0,0,5
train_07210,training_writers,long_sweep,0.34966766,0.47000000,1.34413345,14,69,67,100,59,98,60,55,62,12,0,0,3,2,100,0,1
train_07211,training_writers,compact_trace,0.54567601,0.32000000,0.58642857,39,90,79,100,100,77,80,52,43,30,0,11,28,0,89,5,2
train_07212,training_writers,compact_trace,0.54380065,0.32000000,0.58845093,100,88,54,76,12,80,46,100,79,84,53,54,20,28,0,0,9
train_07213,training_writers,long_sweep,0.36479310,0.47000000,1.28840156,10,87,17,58,88,50,86,0,17,6,0,58,21,92,100,100,5
train_07214,training_writers,long_sweep,0.34830041,0.47000000,1.34940983,60,100,0,73,11,49,100,53,88,76,64,83,59,41,58,0,4
train_07215,training_writers,long_sweep,0.36192816,0.47000000,1.29860025,18,91,86,100,100,99,36,85,1,49,70,37,68,2,0,0,5
train_07216,training_writers,long_sweep,0.36960153,0.47000000,1.27163976,59,100,6,57,100,72,26,86,64,46,0,0,91,10,35,34,8
train_07217,training_writers,long_sweep,0.35917856,0.47000000,1.30854137,64,75,43,100,40,60,100,28,81,0,0,6,38,44,72,75,8
train_07218,training_writers,long_sweep,0.35854159,0.47000000,1.31086604,100,69,70,100,0,95,20,71,87,84,87,48,71,8,11,0,9
train_07219,training_writers,compact_trace,0.54292603,0.32000000,0.58939889,0,95,52,100,59,75,50,37,54,0,19,5,43,27,100,37,7
train_07220,training_writers,long_sweep,0.36525602,0.47000000,1.28676865,16,90,0,46,67,42,88,2,29,0,7,49,18,93,100,100,5
train_07221,training_writers,long_sweep,0.34562419,0.47000000,1.35985854,99,69,86,100,32,91,62,70,100,66,98,27,57,0,0,1,9
train_07222,training_writers,compact_trace,0.53547541,0.32000000,0.59759980,18,64,37,100,40,99,39,59,38,19,0,0,47,0,100,1,1
train_07223,training_writers,long_sweep,0.35116424,0.47000000,1.33840506,83,100,50,85,18,52,10,14,59,0,100,24,51,36,0,18,6
train_07224,training_writers,compact_trace,0.53192371,0.32000000,0.60159003,0,83,21,100,62,93,57,46,51,0,29,10,56,21,100,28,7
train_07225,training_writers,long_sweep,0.33986403,0.47000000,1.38290597,0,95,43,100,66,65,61,25,47,0,11,32,41,44,100,55,7
train_07226,training_writers,long_sweep,0.35283718,0.47000000,1.33205915,0,100,67,100,73,69,40,35,13,0,0,23,16,47,100,51,7
train_07227,training_writers,long_sweep,0.36120774,0.47000000,1.30119027,56,100,39,68,70,27,29,0,0,33,62,60,100,90,30,95,8
train_07228,training_writers,long_sweep,0.33856762,0.47000000,1.38820128,43,95,20,65,45,25,9,0,0,27,20,71,55,91,100,100,5
train_07229,training_writers,compact_trace,0.52317664,0.32000000,0.61164811,27,97,71,100,77,79,67,60,100,40,87,12,45,1,0,0,3
train_07230,training_writers,compact_trace,0.53631486,0.32000000,0.59666443,12,75,46,100,66,74,41,42,6,14,0,15,51,11,100,0,2
train_07231,training_writers,compact_trace,0.53939753,0.32000000,0.59325448,33,100,84,95,81,73,58,56,100,38,99,13,51,0,0,2,3
train_07232,training_writers,compact_trace,0.53341899,0.32000000,0.59990366,100,100,62,84,35,57,19,24,40,0,72,18,37,31,0,14,6
train_07233,training_writers,long_sweep,0.33778030,0.47000000,1.39143698,21,69,0,48,19,7,61,0,94,30,100,74,67,100,29,83,0
train_07234,training_writers,compact_trace,0.51098269,0.32000000,0.62624431,0,56,23,63,61,81,100,100,88,77,69,52,53,26,44,0,1
train_07235,training_writers,long_sweep,0.36268026,0.47000000,1.29590729,0,95,25,72,100,84,30,100,23,81,100,66,78,30,33,0,9
train_07236,training_writers,long_sweep,0.36488294,0.47000000,1.28808432,0,72,59,43,90,7,27,0,20,37,67,70,100,100,22,86,8
train_07237,training_writers,long_sweep,0.36188630,0.47000000,1.29875047,16,92,11,30,51,0,94,0,100,57,63,98,20,100,0,43,0
train_07238,training_writers,long_sweep,0.34175722,0.47000000,1.37524527,0,84,51,100,90,74,77,36,57,0,37,25,32,41,100,49,7
train_07239,training_writers,compact_trace,0.53028459,0.32000000,0.60344956,0,90,43,100,74,81,71,57,49,35,19,13,43,0,100,1,2
train_07240,training_writers,compact_trace,0.51363139,0.32000000,0.62301489,18,76,50,86,100,100,93,80,70,60,48,40,23,20,0,0,1
train_07241,training_writers,long_sweep,0.35844184,0.50000000,1.39492644,8,73,0,61,63,35,74,0,6,6,7,51,25,91,100,100,5
train_07242,training_writers,compact_trace,0.50756696,0.32000000,0.63045869,0,52,3,57,47,79,90,100,100,88,79,59,60,30,60,0,1
train_07243,training_writers,compact_trace,0.53949574,0.32000000,0.59314648,0,64,24,78,100,100,76,96,41,72,12,47,6,23,35,0,1
train_07244,training_writers,compact_trace,0.52654241,0.32000000,0.60773832,48,100,37,83,13,54,0,25,54,23,100,46,78,26,76,0,4
train_07245,training_writers,long_sweep,0.35099852,0.47000000,1.33903697,30,95,0,62,13,20,57,0,100,21,99,64,63,95,15,100,0
train_07246,training_writers,long_sweep,0.34550347,0.47000000,1.36033368,0,75,34,100,65,66,57,10,29,0,13,41,57,51,100,62,7
train_07247,training_writers,long_sweep,0.35707899,0.47000000,1.31623537,0,80,35,100,99,82,100,45,61,12,20,0,18,34,92,31,7
train_07248,training_writers,compact_trace,0.52727922,0.32000000,0.60688908,0,100,4,68,37,49,100,51,88,70,64,72,66,36,62,0,4
train_07249,training_writers,long_sweep,0.34018315,0.47000000,1.38160870,100,63,39,53,0,66,36,93,82,100,89,67,88,33,91,0,9
train_07250,training_writers,long_sweep,0.34803415,0.47000000,1.35044219,88,89,46,100,13,76,23,43,76,50,100,21,55,0,0,6,5
train_07251,training_writers,compact_trace,0.53972834,0.32000000,0.59289086,100,98,57,100,23,83,12,47,43,45,77,24,45,1,0,0,5
train_07252,training_writers,compact_trace,0.52331712,0.32000000,0.61148391,0,54,0,72,42,90,91,100,100,76,74,51,48,26,26,0,1
train_07253,training_writers,compact_trace,0.51973311,0.32000000,0.61570063,26,100,0,77,7,47,68,44,100,65,90,64,85,32,81,0,4
train_07254,training_writers,compact_trace,0.53487589,0.32000000,0.59826963,70,100,42,81,6,59,0,36,90,37,100,45,69,23,60,0,4
train_07255,training_writers,compact_trace,0.53740911,0.32000000,0.59544953,28,90,58,100,97,80,69,52,86,36,100,9,51,0,0,5,3
train_07256,training_writers,compact_trace,0.52756524,0.32000000,0.60656005,38,85,69,100,76,75,55,50,100,34,77,11,28,0,0,8,3
train_07257,training_writers,rising_tail,0.23985700,0.43000000,1.79273480,0,0,36,14,65,34,89,57,100,83,73,100,37,89,68,73,9
train_07258,training_writers,compact_trace,0.54358933,0.32000000,0.58867969,0,80,35,100,69,78,49,41,10,15,5,27,53,15,100,0,2
train_07259,training_writers,long_sweep,0.35528575,0.47000000,1.32287882,1,91,51,100,100,86,62,49,33,9,15,0,0,36,75,33,7
train_07260,training_writers,long_sweep,0.34691338,0.47000000,1.35480507,0,100,45,95,100,89,87,48,62,9,38,0,29,37,87,40,7
train_07261,training_writers,compact_trace,0.51392648,0.32000000,0.62265715,0,45,29,67,62,89,100,100,84,75,65,50,53,26,49,0,1
train_07262,training_writers,compact_trace,0.54138930,0.32000000,0.59107190,51,100,11,91,0,59,34,34,96,49,100,57,62,29,34,0,4
train_07263,training_writers,long_sweep,0.35235971,0.47000000,1.33386420,23,93,1,59,16,19,64,0,100,29,94,72,52,100,0,90,0
train_07264,training_writers,long_sweep,0.33929681,0.47000000,1.38521785,0,87,38,100,88,88,68,58,47,39,100,28,96,0,41,1,3
train_07265,training_writers,long_sweep,0.35866997,0.47000000,1.31039685,24,91,14,58,68,42,59,0,0,14,11,59,32,98,100,100,5
train_07266,training_writers,long_sweep,0.35241502,0.47000000,1.33365484,100,100,43,84,12,58,0,31,17,5,91,0,98,15,21,11,6
train_07267,training_writers,long_sweep,0.35495728,0.47000000,1.32410301,65,72,24,45,21,0,69,8,100,47,90,93,42,100,0,75,0
train_07268,training_writers,long_sweep,0.36483790,0.47000000,1.28824334,72,97,64,54,69,0,0,13,28,50,100,73,96,100,19,90,8
train_07269,training_writers,compact_trace,0.52260764,0.32000000,0.61231405,20,100,7,84,0,50,65,50,100,67,84,68,77,34,72,0,4
train_07270,training_writers,long_sweep,0.34729560,0.47000000,1.35331400,24,77,0,46,22,8,70,0,100,32,90,74,51,100,5,90,0
train_07271,training_writers,long_sweep,0.36154904,0.47000000,1.29996198,15,62,56,100,100,88,74,43,41,0,88,8,65,50,0,60,8
train_07272,training_writers,long_sweep,0.36603535,0.47000000,1.28402899,15,89,0,68,87,69,86,25,21,0,4,45,8,86,100,100,5
train_07273,training_writers,long_sweep,0.34039517,0.47000000,1.38074813,61,94,57,100,15,68,0,32,28,0,100,7,65,34,33,14,6
train_07274,training_writers,long_sweep,0.35963240,0.47000000,1.30689005,32,92,100,99,100,100,33,88,12,48,81,39,71,6,0,0,5
train_07275,training_writers,compact_trace,0.54763465,0.32000000,0.58433117,0,81,42,99,92,100,100,68,78,32,60,0,47,38,89,40,7
train_07276,training_writers,long_sweep,0.34641073,0.47000000,1.35677092,0,95,48,100,92,85,55,61,78,34,100,5,48,0,3,15,3
train_07277,training_writers,long_sweep,0.35572753,0.47000000,1.32123596,40,100,5,67,0,28,40,0,94,18,100,57,58,84,3,67,0
train_07278,training_writers,long_sweep,0.35318621,0.47000000,1.33074277,87,100,54,64,0,31,9,25,96,33,100,65,70,38,41,0,4
train_07279,training_writers,compact_trace,0.53061530,0.32000000,0.60307345,0,42,22,57,69,79,100,100,69,75,38,51,14,26,3,0,1
train_07280,training_writers,compact_trace,0.50950565,0.32000000,0.62805977,66,83,100,100,98,98,59,88,29,67,49,38,38,10,0,0,5
train_07281,training_writers,long_sweep,0.34511388,0.47000000,1.36186930,0,77,23,100,67,73,64,36,41,0,6,24,33,44,100,45,7
train_07282,training_writers,long_sweep,0.34823838,0.47000000,1.34965021,24,99,77,100,95,70,44,51,73,47,100,18,55,0,0,8,3
train_07283,training_writers,compact_trace,0.54191724,0.32000000,0.59049607,13,81,31,100,69,82,61,52,32,26,0,2,47,0,100,2,2
train_07284,training_writers,long_sweep,0.35564897,0.47000000,1.32152779,96,100,51,75,19,48,0,19,41,0,100,17,81,43,8,42,6
train_07285,training_writers,compact_trace,0.52943523,0.32000000,0.60441766,27,100,8,73,0,45,11,17,51,0,100,3,82,20,37,9,6
train_07286,training_writers,compact_trace,0.50777651,0.32000000,0.63019851,0,90,28,96,86,100,100,97,71,75,55,49,44,23,42,0,7
train_07287,training_writers,compact_trace,0.53009301,0.32000000,0.60366765,0,73,28,100,68,87,69,44,63,1,45,0,54,23,100,32,7
train_07288,training_writers,compact_trace,0.51013961,0.32000000,0.62727927,0,72,41,84,80,100,100,100,84,74,66,49,48,24,37,0,1
train_07289,training_writers,compact_trace,0.52557491,0.32000000,0.60885707,0,69,2,99,41,100,56,72,35,42,23,11,60,0,100,1,2
train_07290,training_writers,long_sweep,0.35107486,0.47000000,1.33874582,6,79,49,100,100,97,79,67,40,43,0,18,32,1,91,0,2
train_07291,training_writers,long_sweep,0.34994633,0.47000000,1.34306309,77,100,29,80,0,53,2,21,45,0,100,6,68,29,14,27,6
train_07292,training_writers,compact_trace,0.51709138,0.32000000,0.61884613,93,96,72,100,70,76,100,99,92,71,80,42,47,17,0,0,9
train_07293,training_writers,long_sweep,0.34319752,0.47000000,1.36947375,44,100,14,65,0,25,29,0,72,17,100,51,87,89,42,86,0
train_07294,training_writers,compact_trace,0.53680141,0.32000000,0.59612363,0,78,23,100,62,79,68,40,59,0,31,18,49,39,100,44,7
train_07295,training_writers,long_sweep,0.36441270,0.47000000,1.28974650,0,69,49,35,63,0,1,6,41,41,100,72,99,100,19,76,8
train_07296,training_writers,long_sweep,0.34071882,0.47000000,1.37943658,80,65,100,100,86,82,72,43,53,6,0,0,41,2,97,1,1
train_07297,training_writers,long_sweep,0.35924495,0.47000000,1.30829953,50,100,15,65,1,23,46,0,97,27,100,69,54,100,0,84,0
train_07298,training_writers,compact_trace,0.54394662,0.32000000,0.58829302,13,100,0,72,13,41,69,42,100,55,68,77,43,39,23,0,4
train_07299,training_writers,compact_trace,0.51736780,0.32000000,0.61851549,0,55,34,74,74,91,100,100,80,75,62,49,42,25,24,0,1
train_07300,training_writers,compact_trace,0.51591257,0.32000000,0.62026013,2,93,0,97,50,98,100,100,72,78,47,53,31,26,27,0,7
train_07301,training_writers,long_sweep,0.35994616,0.47000000,1.30575082,69,70,61,100,2,84,23,41,48,0,0,23,43,59,100,84,8
train_07302,training_writers,compact_trace,0.53274507,0.32000000,0.60066252,36,79,61,100,72,75,55,51,100,38,96,10,48,0,0,2,3
train_07303,training_writers,long_sweep,0.35270930,0.47000000,1.33254212,70,90,27,73,1,100,57,90,84,57,100,21,66,0,0,8,9
train_07304,training_writers,compact_trace,0.54164866,0.32000000,0.59078887,9,67,32,100,58,79,43,42,17,8,0,0,49,12,100,1,2
train_07305,training_writers,long_sweep,0.33921100,0.47000000,1.38556829,0,92,20,100,68,94,49,46,24,0,14,16,44,48,100,56,7
train_07306,training_writers,long_sweep,0.35444124,0.47000000,1.32603080,19,91,0,52,10,10,63,0,99,32,100,75,56,100,7,80,0
train_07307,training_writers,compact_trace,0.50473443,0.32000000,0.63399677,33,73,66,88,100,100,79,80,58,60,36,41,16,20,0,0,1
train_07308,training_writers,long_sweep,0.35315733,0.47000000,1.33085162,45,71,63,100,20,78,44,39,51,0,0,11,40,40,100,52,8
train_07309,training_writers,long_sweep,0.34800386,0.47000000,1.35055974,49,100,25,78,0,40,10,2,76,0,100,30,40,39,24,11,6
train_07310,training_writers,compact_trace,0.54645524,0.32000000,0.58559233,0,81,30,100,78,93,62,65,28,42,7,14,48,1,100,0,2
train_07311,training_writers,long_sweep,0.36914732,0.47000000,1.27320444,59,100,10,71,99,78,31,96,0,45,41,0,100,35,23,61,8
train_07312,training_writers,compact_trace,0.54486015,0.32000000,0.58730667,52,87,100,100,92,95,44,77,71,51,94,22,47,0,0,5,5
train_07313,training_writers,long_sweep,0.34305450,0.47000000,1.37004470,100,100,55,78,21,52,0,22,27,0,79,14,53,27,1,10,6
train_07314,training_writers,long_sweep,0.35834651,0.47000000,1.31157968,100,76,55,100,6,70,70,68,80,82,93,38,71,0,0,12,9
train_07315,training_writers,compact_trace,0.53965180,0.32000000,0.59297495,0,89,44,100,92,93,100,61,93,29,82,0,38,18,71,32,7
train_07316,training_writers,long_sweep,0.34540000,0.47000000,1.36074116,14,89,52,100,64,61,38,21,4,0,0,39,50,46,100,44,7
train_07317,training_writers,compact_trace,0.54193811,0.32000000,0.59047333,51,100,14,84,0,53,60,47,100,69,78,61,50,31,37,0,4
train_07318,training_writers,long_sweep,0.34618373,0.47000000,1.35766057,55,100,32,80,0,55,61,62,100,74,52,84,42,41,28,0,4
train_07319,training_writers,long_sweep,0.36316321,0.47000000,1.29418397,7,91,6,50,71,40,74,0,12,13,0,56,16,94,100,100,5
train_07320,training_writers,long_sweep,0.34873516,0.47000000,1.34772761,56,100,19,76,0,37,13,0,66,9,100,41,94,80,44,84,0
train_07321,training_writers,long_sweep,0.36398143,0.47000000,1.29127467,68,82,38,65,74,27,34,0,0,33,53,66,100,100,16,95,8
train_07322,training_writers,long_sweep,0.34237545,0.47000000,1.37276199,0,82,42,100,77,82,62,41,47,0,15,26,50,36,100,30,7
train_07323,training_writers,compact_trace,0.51376605,0.32000000,0.62285158,0,98,35,100,83,99,100,92,63,75,39,51,30,24,37,0,7
train_07324,training_writers,long_sweep,0.36139895,0.47000000,1.30050183,23,90,0,47,16,0,74,12,100,57,76,100,20,79,2,33,0
train_07325,training_writers,compact_trace,0.54589125,0.32000000,0.58619734,35,84,63,100,92,81,65,54,32,30,0,6,48,1,100,0,2
train_07326,training_writers,compact_trace,0.52511347,0.32000000,0.60939210,31,81,58,100,100,100,81,76,65,50,78,22,41,7,0,0,3
train_07327,training_writers,compact_trace,0.52965001,0.32000000,0.60417256,0,93,33,100,74,83,84,43,79,1,59,0,51,24,100,29,7
train_07328,training_writers,long_sweep,0.35315720,0.47000000,1.33085209,100,100,53,77,18,50,0,19,42,0,97,16,68,40,11,35,6
train_07329,training_writers,compact_trace,0.51506595,0.32000000,0.62127967,9,100,0,78,1,48,67,45,100,65,88,59,90,29,97,0,4
train_07330,training_writers,long_sweep,0.36377062,0.50000000,1.37449255,32,68,0,100,38,71,100,37,75,0,13,18,35,59,90,95,8
train_07331,training_writers,long_sweep,0.34247832,0.47000000,1.37234963,35,90,88,100,81,79,44,62,94,44,100,18,54,0,0,8,3
train_07332,training_writers,compact_trace,0.54620996,0.32000000,0.58585530,5,62,21,83,46,100,43,57,43,14,0,9,50,0,100,0,1
train_07333,training_writers,compact_trace,0.51849788,0.32000000,0.61716742,29,83,61,100,100,97,79,75,58,49,61,19,38,0,0,5,3
train_07334,training_writers,compact_trace,0.52340913,0.32000000,0.61137642,100,100,59,90,36,62,19,33,10,3,42,0,42,27,0,37,6
train_07335,training_writers,compact_trace,0.53468187,0.32000000,0.59848672,0,88,40,100,59,69,36,36,0,11,9,13,57,15,100,0,2
train_07336,training_writers,long_sweep,0.34665915,0.47000000,1.35579861,100,79,52,100,0,78,25,50,83,68,99,77,83,38,62,0,9
train_07337,training_writers,long_sweep,0.34157264,0.47000000,1.37598844,28,74,68,100,97,87,61,57,100,38,96,8,44,0,0,13,3
train_07338,training_writers,long_sweep,0.33886595,0.47000000,1.38697914,0,100,63,98,67,66,57,32,39,0,13,19,35,36,100,36,7
train_07339,training_writers,long_sweep,0.36704267,0.47000000,1.28050507,75,75,38,100,12,64,88,31,89,0,0,20,29,62,100,96,8
train_07340,training_writers,long_sweep,0.34986153,0.47000000,1.34338861,15,89,34,53,50,13,4,0,0,43,0,87,48,98,100,100,5
train_07341,training_writers,long_sweep,0.34751844,0.47000000,1.35244621,100,97,69,100,34,69,13,33,31,0,90,4,55,24,0,10,6
train_07342,training_writers,compact_trace,0.50263105,0.32000000,0.63664988,16,100,1,84,0,58,29,39,74,46,100,51,88,25,78,0,4
train_07343,training_writers,long_sweep,0.34958732,0.47000000,1.34444235,98,64,52,70,12,89,68,100,100,76,86,45,48,20,0,0,9
train_07344,training_writers,compact_trace,0.50781046,0.32000000,0.63015638,0,56,39,72,71,93,100,100,88,75,75,50,63,25,58,0,1
train_07345,training_writers,compact_trace,0.53677263,0.32000000,0.59615558,55,76,77,100,100,79,67,52,95,42,99,12,49,0,0,14,3
train_07346,training_writers,long_sweep,0.35120891,0.47000000,1.33823485,42,67,16,27,49,0,93,19,100,66,64,98,19,100,0,59,0
train_07347,training_writers,compact_trace,0.50943014,0.32000000,0.62815286,58,84,91,100,100,84,77,60,87,35,80,10,41,1,0,0,3
train_07348,training_writers,compact_trace,0.54495035,0.32000000,0.58720945,22,100,0,81,40,60,100,66,91,99,64,67,46,34,34,0,4
train_07349,training_writers,compact_trace,0.54639454,0.32000000,0.58565739,30,80,66,100,88,77,48,51,71,44,100,18,52,0,0,5,3
train_07350,training_writers,rising_tail,0.26567590,0.40000000,1.50559386,11,23,44,0,87,15,100,50,83,84,41,100,0,80,2,46,0
train_07351,training_writers,compact_trace,0.52176986,0.32000000,0.61329722,0,82,33,100,61,87,49,50,24,18,24,0,68,0,100,8,2
train_07352,training_writers,compact_trace,0.54180083,0.32000000,0.59062294,0,90,43,100,90,99,85,58,78,11,55,0,53,25,100,32,7
train_07353,training_writers,long_sweep,0.35440755,0.47000000,1.32615684,88,63,87,100,7,94,0,59,73,76,100,77,85,39,80,0,9
train_07354,training_writers,long_sweep,0.35442831,0.47000000,1.32607919,26,83,18,45,40,0,89,6,100,54,71,94,21,100,0,57,0
train_07355,training_writers,long_sweep,0.34024284,0.47000000,1.38136630,0,87,40,100,100,98,89,60,78,21,62,0,25,31,61,45,7
train_07356,training_writers,compact_trace,0.53577102,0.32000000,0.59727008,39,94,47,100,47,61,26,23,3,0,0,39,50,50,100,63,7
train_07357,training_writers,compact_trace,0.54673420,0.32000000,0.58529355,0,82,44,98,100,100,93,75,53,55,78,35,58,13,7,0,3
train_07358,training_writers,compact_trace,0.52677246,0.32000000,0.60747291,100,100,65,94,34,83,27,50,67,40,76,12,40,0,0,7,5
train_07359,training_writers,long_sweep,0.34417047,0.47000000,1.36560234,20,91,25,67,54,32,19,0,0,32,0,80,49,92,100,100,5
train_07360,training_writers,long_sweep,0.35267202,0.47000000,1.33268299,12,90,67,100,71,70,26,44,71,47,100,19,50,0,0,14,3
train_07361,training_writers,compact_trace,0.49896382,0.32000000,0.64132906,10,100,0,99,51,100,95,89,100,67,91,44,76,22,69,0,7
train_07362,training_writers,long_sweep,0.33863563,0.47000000,1.38792247,49,90,81,100,96,69,74,38,24,20,0,32,58,21,100,0,2
train_07363,training_writers,compact_trace,0.50923934,0.32000000,0.62838821,44,86,77,100,100,85,78,63,63,40,70,14,39,0,0,2,3
train_07364,training_writers,compact_trace,0.50720826,0.32000000,0.63090455,33,63,67,82,100,100,84,85,59,64,37,43,16,21,0,0,1
train_07365,training_writers,compact_trace,0.51710178,0.32000000,0.61883369,3,94,0,100,76,100,100,92,64,70,39,46,26,21,33,0,7
train_07366,training_writers,compact_trace,0.52710645,0.32000000,0.60708800,0,83,40,100,74,78,69,39,63,0,60,7,48,34,100,34,7
train_07367,training_writers,long_sweep,0.36780069,0.47000000,1.27786599,85,96,38,77,100,40,68,0,0,20,51,59,98,100,32,86,8
train_07368,training_writers,compact_trace,0.53307690,0.32000000,0.60028863,55,100,33,79,14,55,0,30,57,24,100,46,64,25,67,0,4
train_07369,training_writers,long_sweep,0.35020487,0.47000000,1.34207157,33,100,0,78,1,36,30,0,82,6,100,46,80,85,28,96,0
train_07370,training_writers,long_sweep,0.35298641,0.47000000,1.33149601,85,100,49,87,12,57,0,22,45,0,100,15,78,47,18,59,6
train_07371,training_writers,long_sweep,0.35177927,0.47000000,1.33606509,0,95,69,100,99,71,82,35,63,0,40,18,26,47,100,50,7
train_07372,training_writers,compact_trace,0.51351827,0.32000000,0.62315212,27,100,20,79,0,54,10,31,62,35,100,50,81,26,77,0,4
train_07373,training_writers,long_sweep,0.35177123,0.47000000,1.33609562,3,95,0,47,13,2,60,0,98,28,100,74,62,100,18,92,0
train_07374,training_writers,compact_trace,0.54628041,0.32000000,0.58577975,28,63,25,25,51,0,85,27,100,69,72,99,30,100,0,71,0
train_07375,training_writers,long_sweep,0.34787323,0.47000000,1.35106687,100,100,44,99,6,73,15,48,65,60,85,26,49,0,0,12,5
train_07376,training_writers,compact_trace,0.52659156,0.32000000,0.60768160,0,46,44,72,86,100,68,93,56,64,56,34,61,5,100,0,1
train_07377,training_writers,long_sweep,0.33935949,0.47000000,1.38496202,0,93,49,100,100,95,99,60,79,25,58,0,44,36,90,40,7
train_07378,training_writers,compact_trace,0.48546320,0.32000000,0.65916427,100,100,42,89,26,74,11,59,5,45,0,29,0,14,21,0,1
train_07379,training_writers,long_sweep,0.34089972,0.47000000,1.37870456,51,46,46,76,72,100,62,69,51,37,21,7,0,0,100,6,1
train_07380,training_writers,long_sweep,0.34340311,0.47000000,1.36865387,100,100,64,86,28,57,3,24,29,0,80,15,50,34,0,18,6
train_07381,training_writers,long_sweep,0.33788563,0.47000000,1.39100324,50,100,17,78,0,46,5,15,54,0,100,17,68,32,26,10,6
train_07382,training_writers,long_sweep,0.35356006,0.47000000,1.32933569,23,78,51,100,100,78,70,40,40,0,78,2,37,37,0,74,8
train_07383,training_writers,long_sweep,0.36777599,0.47000000,1.27795183,42,100,20,71,100,84,20,97,0,48,14,0,73,24,8,58,8
train_07384,training_writers,compact_trace,0.53456790,0.32000000,0.59861432,100,92,55,100,33,70,77,69,78,66,83,21,46,0,0,9,9
train_07385,training_writers,long_sweep,0.34095128,0.47000000,1.37849608,85,76,67,68,16,78,59,100,100,85,79,53,41,26,0,0,9
train_07386,training_writers,long_sweep,0.36923819,0.47000000,1.27289109,78,96,9,75,100,66,82,100,17,54,0,0,81,18,24,61,8
train_07387,training_writers,long_sweep,0.34915060,0.47000000,1.34612398,0,84,50,100,100,86,70,44,49,0,21,8,20,28,84,30,7
train_07388,training_writers,compact_trace,0.50401430,0.32000000,0.63490262,51,85,83,100,100,90,81,66,73,40,73,16,39,2,0,0,3
train_07389,training_writers,compact_trace,0.54446197,0.32000000,0.58773619,58,100,21,78,0,47,39,23,87,34,100,61,69,32,54,0,4
train_07390,training_writers,long_sweep,0.35386151,0.47000000,1.32820323,41,100,1,61,0,33,67,36,100,46,85,91,64,46,43,0,4
train_07391,training_writers,compact_trace,0.54481480,0.32000000,0.58735556,80,100,52,63,7,35,0,32,67,34,100,53,77,36,53,0,4
train_07392,training_writers,compact_trace,0.51998583,0.32000000,0.61540139,39,84,64,100,83,77,71,53,100,31,80,6,31,0,0,18,3
train_07393,training_writers,long_sweep,0.35313564,0.47000000,1.33093334,100,89,49,73,0,65,41,93,94,100,78,64,45,33,23,0,9
train_07394,training_writers,compact_trace,0.53963548,0.32000000,0.59299288,26,80,58,100,63,61,38,26,0,6,22,18,61,0,100,18,2
train_07395,training_writers,compact_trace,0.50718101,0.32000000,0.63093845,3,100,0,95,1,61,41,46,84,53,100,67,84,34,88,0,4
train_07396,training_writers,compact_trace,0.54430738,0.32000000,0.58790311,0,79,40,100,87,89,66,60,82,46,100,19,56,0,4,3,3
train_07397,training_writers,compact_trace,0.51585023,0.32000000,0.62033509,0,23,27,45,56,68,83,94,100,100,87,66,75,33,66,0,1
train_07398,training_writers,long_sweep,0.35091792,0.47000000,1.33934454,32,58,26,89,73,100,80,56,42,21,0,0,50,5,100,4,2
train_07399,training_writers,compact_trace,0.54590371,0.32000000,0.58618397,40,80,60,100,100,89,59,64,60,48,100,27,60,2,0,0,3
train_07400,training_writers,compact_trace,0.53186384,0.32000000,0.60165775,32,82,67,100,100,85,69,58,70,36,88,10,44,0,0,7,3
train_07401,training_writers,compact_trace,0.51078479,0.32000000,0.62648694,40,74,87,93,100,100,81,73,79,47,64,20,15,0,0,6,1
train_07402,training_writers,long_sweep,0.35684234,0.47000000,1.31710828,20,77,0,44,25,0,77,9,100,54,76,100,26,100,8,53,0
train_07403,training_writers,compact_trace,0.51794095,0.32000000,0.61783105,0,58,6,67,53,85,100,100,76,75,52,51,34,26,40,0,1
train_07404,training_writers,compact_trace,0.53110832,0.32000000,0.60251363,100,100,69,83,36,62,11,38,0,12,39,0,70,18,26,26,6
train_07405,training_writers,long_sweep,0.34537421,0.47000000,1.36084279,28,74,57,100,81,74,38,47,78,49,100,18,49,0,0,12,3
train_07406,training_writers,compact_trace,0.54102036,0.32000000,0.59147497,35,100,8,73,0,39,58,24,100,44,100,67,79,34,71,0,4
train_07407,training_writers,long_sweep,0.35679074,0.47000000,1.31729877,91,100,56,91,19,62,0,30,22,0,100,5,99,33,19,44,6
train_07408,training_writers,long_sweep,0.34851432,0.47000000,1.34858161,0,93,64,100,100,82,78,51,52,20,27,0,1,29,63,32,7
train_07409,training_writers,long_sweep,0.34032963,0.47000000,1.38101406,4,77,42,100,97,95,77,62,90,49,100,15,49,0,0,12,3
train_07410,training_writers,compact_trace,0.48487462,0.32000000,0.65996442,7,100,0,96,1,72,7,48,38,38,66,36,70,14,100,0,4
train_07411,training_writers,long_sweep,0.35164537,0.47000000,1.33657385,24,85,14,63,69,38,60,0,24,16,0,55,32,91,100,100,5
train_07412,training_writers,long_sweep,0.35928857,0.47000000,1.30814070,72,72,51,100,4,75,44,38,52,0,0,17,41,53,100,81,8
train_07413,training_writers,compact_trace,0.54540562,0.32000000,0.58671930,0,66,15,99,58,100,64,66,43,32,11,5,50,0,100,5,2
train_07414,training_writers,long_sweep,0.34553355,0.47000000,1.36021523,0,95,49,100,100,98,85,63,50,31,13,0,13,27,60,29,7
train_07415,training_writers,compact_trace,0.51492029,0.32000000,0.62145541,100,88,77,100,43,80,17,54,6,24,24,0,40,22,0,26,6
train_07416,training_writers,long_sweep,0.34082161,0.47000000,1.37902054,4,70,0,27,34,0,70,1,100,34,90,86,55,100,20,83,0
train_07417,training_writers,long_sweep,0.34822678,0.47000000,1.34969515,71,64,100,79,63,100,0,85,29,61,100,66,94,33,95,0,9
train_07418,training_writers,long_sweep,0.35836102,0.47000000,1.31152658,98,100,40,87,9,55,0,21,47,0,100,22,39,31,7,4,6
train_07419,training_writers,long_sweep,0.36849241,0.47000000,1.27546725,91,100,42,86,0,11,52,0,100,70,39,77,76,71,21,7,0
train_07420,training_writers,long_sweep,0.35378527,0.47000000,1.32848944,30,58,79,91,100,100,88,60,79,20,16,0,0,1,86,2,1
train_07421,training_writers,long_sweep,0.33908356,0.47000000,1.38608903,0,100,63,100,79,71,61,36,47,0,21,5,36,29,100,31,7
train_07422,training_writers,compact_trace,0.50529907,0.32000000,0.63328832,0,51,20,66,52,84,85,100,100,86,85,57,68,29,58,0,1
train_07423,training_writers,long_sweep,0.35520429,0.47000000,1.32318220,57,89,0,100,1,68,43,34,30,0,1,31,41,65,100,86,8
train_07424,training_writers,long_sweep,0.35744070,0.47000000,1.31490344,39,96,57,59,100,94,34,100,61,66,78,66,71,15,0,0,9
train_07425,training_writers,long_sweep,0.36248950,0.47000000,1.29658928,20,77,61,100,100,80,48,46,9,7,68,0,25,39,0,82,8
train_07426,training_writers,long_sweep,0.34519122,0.47000000,1.36156417,25,92,71,100,75,62,57,25,30,0,0,32,47,39,100,40,7
train_07427,training_writers,compact_trace,0.50967101,0.32000000,0.62785599,0,58,36,70,71,86,100,100,84,75,69,51,56,25,46,0,1
train_07428,training_writers,compact_trace,0.52325604,0.32000000,0.61155529,53,85,95,100,100,97,58,92,19,72,38,44,39,9,0,0,5
train_07429,training_writers,compact_trace,0.52747002,0.32000000,0.60666955,51,100,36,83,3,52,0,33,67,38,100,53,83,34,70,0,4
train_07430,training_writers,compact_trace,0.52362374,0.32000000,0.61112584,15,100,0,78,3,46,66,43,100,58,95,72,92,36,90,0,4
train_07431,training_writers,long_sweep,0.36701907,0.47000000,1.28058741,84,90,0,91,51,56,98,19,36,0,43,40,100,75,62,100,8
train_07432,training_writers,compact_trace,0.53775947,0.32000000,0.59506158,0,17,24,44,64,73,100,100,68,84,32,57,24,28,16,0,1
train_07433,training_writers,compact_trace,0.52045688,0.32000000,0.61484440,26,100,6,80,0,48,63,43,100,69,98,60,86,27,83,0,4
train_07434,training_writers,long_sweep,0.36071315,0.47000000,1.30297441,0,52,71,71,100,100,80,64,77,26,60,5,3,3,89,0,1
train_07435,training_writers,long_sweep,0.35610488,0.47000000,1.31983588,96,98,44,100,5,72,0,36,38,8,100,6,61,21,11,0,6
train_07436,training_writers,long_sweep,0.35262352,0.47000000,1.33286630,62,100,20,96,0,60,9,22,59,0,100,25,48,35,5,8,6
train_07437,training_writers,long_sweep,0.35517090,0.47000000,1.32330661,47,85,18,62,5,20,47,0,100,24,99,66,59,98,0,100,0
train_07438,training_writers,compact_trace,0.54225332,0.32000000,0.59013009,46,89,63,100,96,78,59,53,100,47,100,18,50,0,0,9,3
train_07439,training_writers,long_sweep,0.35027036,0.47000000,1.34182066,35,96,0,71,35,36,36,0,3,16,9,68,45,100,100,92,5
train_07440,training_writers,compact_trace,0.54489184,0.32000000,0.58727251,0,96,41,100,61,68,47,31,31,0,12,36,46,48,100,47,7
train_07441,training_writers,compact_trace,0.51319137,0.32000000,0.62354907,0,81,29,100,61,87,56,49,34,17,35,0,69,2,100,5,2
train_07442,training_writers,long_sweep,0.34955962,0.47000000,1.34454889,0,91,47,100,100,81,88,44,60,10,37,0,24,32,96,40,7
train_07443,training_writers,long_sweep,0.34756857,0.47000000,1.35225114,22,100,25,63,54,26,22,0,0,37,2,82,49,96,100,95,5
train_07444,training_writers,compact_trace,0.52626118,0.32000000,0.60806309,21,100,19,81,11,50,0,23,65,30,100,43,65,30,68,0,4
train_07445,training_writers,compact_trace,0.51144557,0.32000000,0.62567753,0,55,38,74,83,96,100,100,83,75,71,50,60,24,43,0,1
train_07446,training_writers,compact_trace,0.53650875,0.32000000,0.59644879,8,68,25,100,56,74,37,35,0,6,2,4,51,0,100,4,2
train_07447,training_writers,long_sweep,0.35763654,0.47000000,1.31418340,75,100,26,84,0,42,13,0,69,7,100,46,84,89,33,85,0
train_07448,training_writers,compact_trace,0.54718045,0.32000000,0.58481622,0,55,41,80,62,100,48,66,35,32,11,0,7,4,100,4,1
train_07449,training_writers,long_sweep,0.33849913,0.47000000,1.38848217,81,73,73,100,0,85,27,60,100,76,99,64,94,31,86,0,9
train_07450,training_writers,long_sweep,0.35757872,0.47000000,1.31439590,40,99,0,74,1,20,44,0,88,24,100,76,60,100,21,70,0
train_07451,training_writers,long_sweep,0.34417908,0.47000000,1.36556820,1,73,29,100,74,97,56,63,21,34,0,4,50,0,100,0,2
train_07452,training_writers,long_sweep,0.35822107,0.47000000,1.31203897,99,100,67,85,22,58,1,27,36,0,100,18,77,47,0,59,6
train_07453,training_writers,compact_trace,0.53456134,0.32000000,0.59862167,37,100,13,73,0,45,64,40,100,50,75,61,58,30,43,0,4
train_07454,training_writers,long_sweep,0.36371620,0.47000000,1.29221629,42,99,55,61,71,24,18,0,0,30,64,61,100,94,9,100,8
train_07455,training_writers,long_sweep,0.34307699,0.47000000,1.36995489,90,76,42,69,40,100,81,90,93,54,100,16,55,0,0,10,9
train_07456,training_writers,compact_trace,0.54769464,0.32000000,0.58426717,13,87,11,100,59,95,32,65,81,56,100,29,56,8,0,0,3
train_07457,training_writers,compact_trace,0.54559068,0.32000000,0.58652028,4,81,35,100,45,75,25,56,82,53,100,25,57,6,0,0,3
train_07458,training_writers,long_sweep,0.35530407,0.47000000,1.32281065,67,100,19,90,0,47,14,4,69,0,100,38,91,82,46,99,0
train_07459,training_writers,long_sweep,0.33929382,0.47000000,1.38523006,41,86,80,100,93,78,50,58,94,44,100,14,53,0,0,4,3
train_07460,training_writers,rising_tail,0.24901096,0.43000000,1.72683160,34,65,42,37,39,5,0,0,6,35,27,67,61,88,100,100,5
train_07461,training_writers,long_sweep,0.35823080,0.47000000,1.31200331,90,79,30,61,4,89,55,100,80,63,100,26,74,0,0,8,9
train_07462,training_writers,compact_trace,0.52915116,0.32000000,0.60474214,43,100,30,82,5,53,0,27,52,39,100,57,83,29,72,0,4
train_07463,training_writers,compact_trace,0.52742560,0.32000000,0.60672065,15,87,55,100,100,99,84,77,52,57,63,33,41,10,0,0,3
train_07464,training_writers,long_sweep,0.34920984,0.47000000,1.34589563,18,59,9,22,51,0,96,21,100,63,72,100,22,93,0,55,0
train_07465,training_writers,compact_trace,0.53969269,0.32000000,0.59293002,20,77,54,100,100,94,81,64,79,44,94,15,48,0,0,14,3
train_07466,training_writers,compact_trace,0.52961836,0.32000000,0.60420866,40,93,0,99,50,100,100,99,82,88,64,60,55,30,55,0,7
train_07467,training_writers,compact_trace,0.54438806,0.32000000,0.58781598,0,74,33,91,92,100,100,77,71,40,52,0,37,34,69,44,7
train_07468,training_writers,long_sweep,0.36003986,0.47000000,1.30541102,18,90,11,43,34,0,87,20,100,67,57,100,10,73,0,24,0
train_07469,training_writers,compact_trace,0.53857633,0.32000000,0.59415904,34,85,64,100,90,82,60,56,100,38,92,11,44,0,0,13,3
train_07470,training_writers,long_sweep,0.34587309,0.47000000,1.35887992,1,85,48,100,100,100,70,76,91,51,100,18,52,3,0,0,3
train_07471,training_writers,long_sweep,0.34203533,0.47000000,1.37412706,31,70,47,100,91,75,51,50,71,48,100,18,51,0,0,17,3
train_07472,training_writers,compact_trace,0.51256065,0.32000000,0.62431636,0,62,33,81,70,99,100,100,85,75,67,50,51,25,37,0,1
train_07473,training_writers,compact_trace,0.53723776,0.32000000,0.59563944,0,66,35,100,45,92,41,38,22,1,5,0,53,3,100,6,1
train_07474,training_writers,compact_trace,0.54716368,0.32000000,0.58483414,46,73,80,100,70,86,61,46,45,8,0,0,47,4,100,7,1
train_07475,training_writers,compact_trace,0.53811223,0.32000000,0.59467149,57,76,47,100,89,95,62,64,71,49,100,23,57,1,0,0,3
train_07476,training_writers,long_sweep,0.34954887,0.47000000,1.34459026,93,100,53,77,25,49,8,19,44,0,100,11,59,18,0,10,6
train_07477,training_writers,long_sweep,0.35950514,0.47000000,1.30735267,10,81,61,100,100,76,64,38,35,0,83,10,51,48,0,76,8
train_07478,training_writers,compact_trace,0.51889960,0.32000000,0.61668962,42,100,19,75,1,49,0,23,54,17,100,32,84,27,86,0,4
train_07479,training_writers,compact_trace,0.54251769,0.32000000,0.58984252,20,70,29,100,63,82,53,46,29,14,0,0,50,3,100,4,2
train_07480,training_writers,compact_trace,0.53010513,0.32000000,0.60365384,0,84,31,100,43,60,39,16,27,0,14,27,57,30,100,33,7
train_07481,training_writers,long_sweep,0.35499332,0.47000000,1.32396858,81,100,32,82,6,55,0,27,23,0,100,0,97,25,16,18,6
train_07482,training_writers,compact_trace,0.50790991,0.32000000,0.63003300,23,100,25,91,0,53,19,42,92,62,88,62,97,23,100,0,4
train_07483,training_writers,compact_trace,0.51223896,0.32000000,0.62470844,0,49,40,59,72,79,100,100,85,74,69,48,53,21,51,0,1
train_07484,training_writers,long_sweep,0.35498961,0.47000000,1.32398242,41,100,58,66,100,98,34,92,68,70,75,52,69,1,0,0,9
train_07485,training_writers,compact_trace,0.53468328,0.32000000,0.59848514,24,88,59,100,100,91,89,64,61,42,28,22,0,0,47,2,2
train_07486,training_writers,long_sweep,0.35961690,0.47000000,1.30694636,93,100,39,81,10,46,11,7,71,2,100,35,37,32,0,0,6
train_07487,training_writers,compact_trace,0.49983743,0.32000000,0.64020816,55,89,85,100,100,81,78,60,69,35,64,9,33,0,0,3,3
train_07488,training_writers,long_sweep,0.34595812,0.47000000,1.35854593,85,64,85,100,39,81,71,56,98,71,100,30,64,0,0,2,9
train_07489,training_writers,long_sweep,0.35513122,0.47000000,1.32345448,17,63,6,20,51,0,95,28,100,72,55,100,0,91,0,52,0
train_07490,training_writers,long_sweep,0.34332960,0.47000000,1.36894694,0,82,9,59,56,34,41,0,10,30,3,67,42,96,100,100,5
train_07491,training_writers,long_sweep,0.34813356,0.47000000,1.35005659,49,100,0,70,24,56,100,65,86,85,44,77,21,38,6,0,4
train_07492,training_writers,compact_trace,0.52672872,0.32000000,0.60752336,100,98,60,100,24,87,3,58,35,51,58,26,36,0,0,5,5
train_07493,training_writers,long_sweep,0.34291137,0.47000000,1.37061654,59,65,91,100,84,96,72,50,51,8,0,0,45,1,100,0,1
train_07494,training_writers,long_sweep,0.35013662,0.47000000,1.34233316,0,78,29,100,94,86,70,48,42,11,32,0,25,36,100,40,7
