post_id,published_year,published_month,published_weekday,published_hour,logged_content_route,behavior_propensity,target_policy_weight,priority_stratum,num_reactions,num_comments,num_shares,num_likes,num_loves,num_wows,num_hahas,num_sads,num_angrys,response_route
FB00001,2018,4,6,6,live_video,0.330926,1.269166,policy_shift,529,512,262,432,92,3,1,1,0,share_amplify
FB00002,2018,4,5,22,product_photo,0.607618,0.550000,regular,150,0,0,150,0,0,0,0,0,share_amplify
FB00003,2018,4,5,6,live_video,0.330926,1.269166,policy_shift,227,236,57,204,21,1,1,0,0,share_amplify
FB00004,2018,4,5,2,product_photo,0.607618,0.550000,regular,111,0,0,111,0,0,0,0,0,share_amplify
FB00005,2018,4,2,3,product_photo,0.607618,0.550000,regular,213,0,0,204,9,0,0,0,0,emotion_nurture
FB00006,2018,4,2,2,product_photo,0.607618,0.550000,regular,217,6,0,211,5,1,0,0,0,emotion_nurture
FB00007,2018,4,2,0,live_video,0.330926,1.269166,policy_shift,503,614,72,418,70,10,2,0,3,emotion_nurture
FB00008,2018,4,1,7,live_video,0.330926,1.269166,policy_shift,295,453,53,260,32,1,1,0,1,conversation_service
FB00009,2018,4,1,3,product_photo,0.607618,0.550000,regular,203,1,0,198,5,0,0,0,0,emotion_nurture
FB00010,2018,4,2,4,product_photo,0.607618,0.550000,regular,170,9,1,167,3,0,0,0,0,emotion_nurture
FB00012,2018,4,0,2,product_photo,0.607618,0.550000,regular,222,4,0,213,5,4,0,0,0,emotion_nurture
FB00014,2018,4,6,2,product_photo,0.607618,0.550000,regular,209,4,0,200,8,1,0,0,0,emotion_nurture
FB00015,2018,4,3,9,product_photo,0.607618,0.550000,regular,346,11,0,335,10,1,0,0,0,emotion_nurture
FB00019,2018,3,4,7,live_video,0.330926,1.269166,policy_shift,221,166,36,192,28,0,1,0,0,emotion_nurture
FB00020,2018,3,3,1,product_photo,0.607618,0.550000,regular,152,2,0,149,3,0,0,0,0,emotion_nurture
FB00021,2018,3,2,8,product_photo,0.607618,0.550000,regular,234,15,1,221,12,1,0,0,0,emotion_nurture
FB00025,2018,3,1,0,product_photo,0.607618,0.550000,regular,102,0,0,100,0,2,0,0,0,emotion_nurture
FB00026,2018,3,0,22,live_video,0.330926,1.269166,policy_shift,37,0,1,37,0,0,0,0,0,share_amplify
FB00027,2018,3,5,8,live_video,0.330926,1.269166,policy_shift,75,36,14,70,5,0,0,0,0,share_amplify
FB00030,2018,3,4,7,live_video,0.330926,1.269166,policy_shift,253,300,31,229,22,1,1,0,0,conversation_service
FB00032,2018,3,2,13,live_video,0.330926,1.269166,policy_shift,45,14,0,40,5,0,0,0,0,emotion_nurture
FB00034,2018,3,2,4,product_photo,0.607618,0.550000,regular,125,1,0,116,8,1,0,0,0,emotion_nurture
FB00035,2018,3,0,8,product_photo,0.607618,0.550000,regular,119,4,0,116,3,0,0,0,0,emotion_nurture
FB00037,2018,3,4,9,live_video,0.330926,1.269166,policy_shift,128,137,26,110,16,2,0,0,0,emotion_nurture
FB00039,2018,2,2,1,product_photo,0.607618,0.550000,regular,66,11,6,61,4,1,0,0,0,emotion_nurture
FB00041,2018,2,6,10,live_video,0.330926,1.269166,policy_shift,90,72,23,79,10,1,0,0,0,share_amplify
FB00042,2018,2,2,0,live_video,0.330926,1.269166,policy_shift,139,39,9,121,16,1,1,0,0,emotion_nurture
FB00044,2018,2,6,7,live_video,0.330926,1.269166,policy_shift,225,210,34,193,30,0,2,0,0,emotion_nurture
FB00048,2018,2,2,8,live_video,0.330926,1.269166,policy_shift,128,60,11,114,13,0,0,0,1,emotion_nurture
FB00055,2018,2,2,8,live_video,0.330926,1.269166,policy_shift,164,136,48,146,15,2,0,1,0,share_amplify
FB00057,2018,2,0,9,live_video,0.330926,1.269166,policy_shift,211,284,46,186,25,0,0,0,0,conversation_service
FB00060,2018,2,4,9,live_video,0.330926,1.269166,policy_shift,279,292,34,254,20,3,1,1,0,conversation_service
FB00061,2018,2,4,7,product_photo,0.607618,0.550000,regular,263,8,0,245,14,4,0,0,0,emotion_nurture
FB00062,2018,2,4,6,live_video,0.330926,1.269166,policy_shift,177,193,34,151,25,1,0,0,0,emotion_nurture
FB00063,2018,1,6,7,product_photo,0.607618,0.550000,regular,517,32,1,484,26,7,0,0,0,emotion_nurture
FB00064,2018,1,6,5,live_video,0.330926,1.269166,policy_shift,289,258,33,256,33,0,0,0,0,emotion_nurture
FB00068,2018,1,3,8,live_video,0.330926,1.269166,policy_shift,362,468,86,305,56,0,0,1,0,emotion_nurture
FB00071,2018,1,0,9,live_video,0.330926,1.269166,policy_shift,57,0,0,56,1,0,0,0,0,emotion_nurture
FB00072,2018,1,6,9,live_video,0.330926,1.269166,policy_shift,272,258,43,226,44,1,1,0,0,emotion_nurture
FB00074,2018,1,5,9,live_video,0.330926,1.269166,policy_shift,132,89,40,110,20,1,0,0,1,share_amplify
FB00076,2018,1,4,9,live_video,0.330926,1.269166,policy_shift,35,1,0,35,0,0,0,0,0,share_amplify
FB00079,2018,1,2,9,live_video,0.330926,1.269166,policy_shift,259,368,50,234,25,0,0,0,0,conversation_service
FB00082,2018,1,1,0,live_video,0.330926,1.269166,policy_shift,149,63,15,134,15,0,0,0,0,emotion_nurture
FB00083,2018,1,5,9,live_video,0.330926,1.269166,policy_shift,134,171,41,116,18,0,0,0,0,share_amplify
FB00085,2018,1,2,8,live_video,0.330926,1.269166,policy_shift,310,540,41,284,26,0,0,0,0,conversation_service
FB00087,2017,12,1,6,product_photo,0.607618,0.550000,regular,293,6,1,275,15,3,0,0,0,emotion_nurture
FB00089,2017,12,3,8,product_photo,0.607618,0.550000,regular,312,10,0,291,18,3,0,0,0,emotion_nurture
FB00090,2017,12,6,23,product_photo,0.607618,0.550000,regular,24,12,0,24,0,0,0,0,0,conversation_service
FB00094,2017,12,0,8,product_photo,0.607618,0.550000,regular,737,18,0,697,31,9,0,0,0,emotion_nurture
FB00095,2017,12,6,1,product_photo,0.607618,0.550000,regular,572,16,0,554,16,2,0,0,0,emotion_nurture
FB00097,2017,11,1,1,product_photo,0.607618,0.550000,regular,266,25,0,250,11,5,0,0,0,emotion_nurture
FB00099,2017,11,5,22,live_video,0.330926,1.269166,policy_shift,421,709,30,373,45,2,0,1,0,conversation_service
FB00100,2017,11,5,1,live_video,0.330926,1.269166,policy_shift,1493,1979,753,1333,139,9,3,8,1,share_amplify
FB00101,2017,11,3,0,product_photo,0.607618,0.550000,regular,76,17,0,76,0,0,0,0,0,conversation_service
FB00105,2017,10,3,12,product_photo,0.607618,0.550000,regular,117,2,53,108,9,0,0,0,0,share_amplify
FB00110,2017,10,1,1,product_photo,0.607618,0.550000,regular,458,14,0,451,3,4,0,0,0,emotion_nurture
FB00115,2017,10,5,3,product_photo,0.607618,0.550000,regular,428,14,0,419,4,5,0,0,0,emotion_nurture
FB00116,2017,10,4,6,product_photo,0.607618,0.550000,regular,479,17,0,462,10,7,0,0,0,emotion_nurture
FB00120,2017,10,2,2,live_video,0.330926,1.269166,policy_shift,247,120,16,232,14,1,0,0,0,conversation_service
FB00121,2017,10,1,5,live_video,0.330926,1.269166,policy_shift,269,453,39,242,26,1,0,0,0,conversation_service
FB00122,2017,10,1,2,live_video,0.330926,1.269166,policy_shift,258,486,32,235,23,0,0,0,0,conversation_service
FB00123,2017,10,1,1,product_photo,0.607618,0.550000,regular,109,2,1,104,5,0,0,0,0,emotion_nurture
FB00124,2017,10,0,22,product_photo,0.607618,0.550000,regular,97,5,0,96,0,1,0,0,0,conversation_service
FB00125,2017,10,0,6,live_video,0.330926,1.269166,policy_shift,280,199,25,254,24,2,0,0,0,emotion_nurture
FB00127,2017,10,6,22,product_photo,0.607618,0.550000,regular,51,11,0,51,0,0,0,0,0,conversation_service
FB00128,2017,10,6,2,live_video,0.330926,1.269166,policy_shift,280,825,47,243,35,1,1,0,0,conversation_service
FB00129,2017,10,5,10,live_video,0.330926,1.269166,policy_shift,688,0,0,632,34,0,0,22,0,emotion_nurture
FB00133,2017,10,4,8,product_photo,0.607618,0.550000,regular,15,11,0,15,0,0,0,0,0,routine_watch
FB00136,2017,10,6,1,live_video,0.330926,1.269166,policy_shift,28,6,0,28,0,0,0,0,0,conversation_service
FB00140,2017,9,0,22,product_photo,0.607618,0.550000,regular,49,11,0,47,2,0,0,0,0,conversation_service
FB00141,2017,9,6,1,live_video,0.330926,1.269166,policy_shift,226,449,37,189,25,1,1,10,0,conversation_service
FB00142,2017,9,6,1,live_video,0.330926,1.269166,policy_shift,104,49,13,91,12,0,0,1,0,emotion_nurture
FB00144,2017,9,5,0,live_video,0.330926,1.269166,policy_shift,244,589,48,213,29,1,1,0,0,conversation_service
FB00145,2017,9,4,8,live_video,0.330926,1.269166,policy_shift,252,558,41,204,45,1,1,0,1,emotion_nurture
FB00147,2017,9,3,1,product_photo,0.607618,0.550000,regular,321,5,0,307,11,2,1,0,0,emotion_nurture
FB00149,2017,9,2,23,live_video,0.330926,1.269166,policy_shift,136,31,16,122,14,0,0,0,0,emotion_nurture
FB00150,2017,9,2,21,live_video,0.330926,1.269166,policy_shift,337,247,27,300,35,1,1,0,0,emotion_nurture
FB00153,2017,9,1,7,live_video,0.330926,1.269166,policy_shift,339,424,36,296,38,1,4,0,0,emotion_nurture
FB00154,2017,9,1,6,product_photo,0.607618,0.550000,regular,341,3,0,331,8,2,0,0,0,emotion_nurture
FB00155,2017,9,1,0,live_video,0.330926,1.269166,policy_shift,177,131,27,150,27,0,0,0,0,emotion_nurture
FB00157,2017,9,1,22,product_photo,0.607618,0.550000,regular,43,7,0,41,2,0,0,0,0,emotion_nurture
FB00158,2017,9,0,6,product_photo,0.607618,0.550000,regular,40,7,0,39,1,0,0,0,0,conversation_service
FB00159,2017,9,3,22,product_photo,0.607618,0.550000,regular,58,14,0,57,1,0,0,0,0,conversation_service
FB00161,2017,9,3,2,product_photo,0.607618,0.550000,regular,148,4,3,144,4,0,0,0,0,emotion_nurture
FB00162,2017,9,2,23,product_photo,0.607618,0.550000,regular,150,24,2,144,6,0,0,0,0,emotion_nurture
FB00163,2017,9,2,7,product_photo,0.607618,0.550000,regular,53,12,0,53,0,0,0,0,0,conversation_service
FB00169,2017,8,2,8,product_photo,0.607618,0.550000,regular,181,20,0,180,1,0,0,0,0,conversation_service
FB00170,2017,8,6,9,product_photo,0.607618,0.550000,regular,267,20,1,249,8,10,0,0,0,emotion_nurture
FB00173,2017,8,4,2,live_video,0.330926,1.269166,policy_shift,26,7,0,26,0,0,0,0,0,conversation_service
FB00174,2017,8,3,2,product_photo,0.607618,0.550000,regular,255,18,0,244,11,0,0,0,0,emotion_nurture
FB00175,2017,8,2,6,product_photo,0.607618,0.550000,regular,174,6,1,167,5,2,0,0,0,emotion_nurture
FB00177,2017,8,1,10,product_photo,0.607618,0.550000,regular,62,3,0,58,4,0,0,0,0,emotion_nurture
FB00179,2017,8,1,0,product_photo,0.607618,0.550000,regular,110,18,6,110,0,0,0,0,0,share_amplify
FB00180,2017,8,1,0,product_photo,0.607618,0.550000,regular,119,12,7,117,2,0,0,0,0,share_amplify
FB00184,2017,8,4,11,product_photo,0.607618,0.550000,regular,82,8,0,80,1,0,0,1,0,emotion_nurture
FB00186,2017,8,1,9,product_photo,0.607618,0.550000,regular,147,17,7,141,5,1,0,0,0,emotion_nurture
FB00188,2017,8,0,7,live_video,0.330926,1.269166,policy_shift,299,564,42,262,34,1,1,0,1,conversation_service
FB00189,2017,8,5,2,product_photo,0.607618,0.550000,regular,629,11,1,607,18,4,0,0,0,emotion_nurture
FB00190,2017,8,4,20,product_photo,0.607618,0.550000,regular,69,2,0,67,2,0,0,0,0,emotion_nurture
FB00191,2017,8,4,0,live_video,0.330926,1.269166,policy_shift,219,110,17,190,26,1,2,0,0,emotion_nurture
FB00192,2017,8,3,23,product_photo,0.607618,0.550000,regular,30,2,0,27,3,0,0,0,0,emotion_nurture
FB00193,2017,8,3,9,product_photo,0.607618,0.550000,regular,65,1,0,62,2,1,0,0,0,emotion_nurture
FB00202,2017,8,6,0,product_photo,0.607618,0.550000,regular,57,7,0,57,0,0,0,0,0,conversation_service
FB00203,2017,8,5,1,product_photo,0.607618,0.550000,regular,74,6,3,74,0,0,0,0,0,share_amplify
FB00204,2017,8,3,4,live_video,0.330926,1.269166,policy_shift,368,911,50,317,50,1,0,0,0,conversation_service
FB00206,2017,8,2,22,product_photo,0.607618,0.550000,regular,176,3,0,175,0,1,0,0,0,emotion_nurture
FB00208,2017,8,2,2,product_photo,0.607618,0.550000,regular,162,6,2,158,3,1,0,0,0,emotion_nurture
FB00209,2017,8,1,23,live_video,0.330926,1.269166,policy_shift,734,996,73,601,116,11,6,0,0,emotion_nurture
FB00211,2017,7,0,9,text_status,0.052110,3.000000,low_support,33,6,3,31,2,0,0,0,0,share_amplify
FB00217,2017,7,1,22,product_photo,0.607618,0.550000,regular,94,23,6,94,0,0,0,0,0,conversation_service
FB00218,2017,7,5,8,live_video,0.330926,1.269166,policy_shift,303,34,3,291,11,1,0,0,0,emotion_nurture
FB00220,2017,7,4,23,product_photo,0.607618,0.550000,regular,248,14,0,241,7,0,0,0,0,emotion_nurture
FB00221,2017,7,4,8,product_photo,0.607618,0.550000,regular,422,6,0,410,8,3,1,0,0,emotion_nurture
FB00222,2017,7,4,4,product_photo,0.607618,0.550000,regular,189,3,0,184,2,0,3,0,0,emotion_nurture
FB00223,2017,7,4,2,product_photo,0.607618,0.550000,regular,390,17,2,382,5,3,0,0,0,emotion_nurture
FB00224,2017,7,3,23,product_photo,0.607618,0.550000,regular,618,28,0,597,14,7,0,0,0,emotion_nurture
FB00228,2017,7,3,0,product_photo,0.607618,0.550000,regular,51,10,0,51,0,0,0,0,0,conversation_service
FB00229,2017,7,2,7,live_video,0.330926,1.269166,policy_shift,282,524,38,247,34,0,1,0,0,conversation_service
FB00230,2017,7,6,7,product_photo,0.607618,0.550000,regular,369,14,1,362,7,0,0,0,0,emotion_nurture
FB00231,2017,7,5,8,product_photo,0.607618,0.550000,regular,138,16,6,133,4,1,0,0,0,emotion_nurture
FB00236,2017,6,0,4,product_photo,0.607618,0.550000,regular,383,8,1,367,13,3,0,0,0,emotion_nurture
FB00237,2017,6,6,11,product_photo,0.607618,0.550000,regular,216,0,1,211,5,0,0,0,0,emotion_nurture
FB00243,2017,6,5,23,product_photo,0.607618,0.550000,regular,199,9,1,186,13,0,0,0,0,emotion_nurture
FB00244,2017,6,5,4,product_photo,0.607618,0.550000,regular,717,40,1,680,30,7,0,0,0,emotion_nurture
FB00248,2017,6,1,23,product_photo,0.607618,0.550000,regular,264,2,0,256,2,5,0,0,0,emotion_nurture
FB00250,2017,6,0,9,product_photo,0.607618,0.550000,regular,208,1,0,201,7,0,0,0,0,emotion_nurture
FB00252,2017,6,0,5,product_photo,0.607618,0.550000,regular,247,6,0,234,9,1,0,0,0,emotion_nurture
FB00255,2017,6,5,8,product_photo,0.607618,0.550000,regular,178,9,0,170,6,0,0,0,0,emotion_nurture
FB00256,2017,6,5,6,product_photo,0.607618,0.550000,regular,218,4,0,212,5,1,0,0,0,emotion_nurture
FB00259,2017,6,3,5,product_photo,0.607618,0.550000,regular,232,0,2,224,8,0,0,0,0,emotion_nurture
FB00260,2017,6,3,5,product_photo,0.607618,0.550000,regular,252,3,0,244,4,4,0,0,0,emotion_nurture
FB00261,2017,6,3,3,product_photo,0.607618,0.550000,regular,122,0,0,114,8,0,0,0,0,emotion_nurture
FB00265,2017,5,1,1,product_photo,0.607618,0.550000,regular,290,12,0,275,13,1,1,0,0,emotion_nurture
FB00266,2017,5,6,23,product_photo,0.607618,0.550000,regular,67,6,3,66,0,1,0,0,0,share_amplify
FB00267,2017,5,6,5,product_photo,0.607618,0.550000,regular,783,11,0,752,30,1,0,0,0,emotion_nurture
FB00268,2017,5,6,3,product_photo,0.607618,0.550000,regular,77,2,0,76,1,0,0,0,0,emotion_nurture
FB00270,2017,5,4,4,product_photo,0.607618,0.550000,regular,103,0,0,100,2,1,0,0,0,emotion_nurture
FB00271,2017,5,3,3,live_video,0.330926,1.269166,policy_shift,32,0,2,32,0,0,0,0,0,share_amplify
FB00272,2017,5,2,22,product_photo,0.607618,0.550000,regular,239,5,2,229,8,0,0,2,0,emotion_nurture
FB00273,2017,5,2,2,product_photo,0.607618,0.550000,regular,111,6,0,110,1,0,0,0,0,conversation_service
FB00277,2017,5,4,5,live_video,0.330926,1.269166,policy_shift,75,0,5,75,0,0,0,0,0,share_amplify
FB00279,2017,5,3,0,product_photo,0.607618,0.550000,regular,520,8,0,505,13,2,0,0,0,emotion_nurture
FB00280,2017,5,1,10,product_photo,0.607618,0.550000,regular,134,2,0,132,2,0,0,0,0,emotion_nurture
FB00281,2017,5,1,8,product_photo,0.607618,0.550000,regular,228,1,1,220,7,1,0,0,0,emotion_nurture
FB00282,2017,5,0,0,live_video,0.330926,1.269166,policy_shift,498,254,17,408,77,5,6,1,1,emotion_nurture
FB00283,2017,4,5,0,product_photo,0.607618,0.550000,regular,166,5,2,159,7,0,0,0,0,emotion_nurture
FB00284,2017,4,3,3,live_video,0.330926,1.269166,policy_shift,272,265,20,228,44,0,0,0,0,emotion_nurture
FB00287,2017,4,2,0,link_teaser,0.009346,3.000000,low_support,33,1,1,33,0,0,0,0,0,share_amplify
FB00288,2017,4,5,1,product_photo,0.607618,0.550000,regular,252,5,0,239,9,4,0,0,0,emotion_nurture
FB00290,2017,4,3,7,product_photo,0.607618,0.550000,regular,264,8,3,257,5,2,0,0,0,emotion_nurture
FB00292,2017,4,3,6,product_photo,0.607618,0.550000,regular,61,5,0,57,3,1,0,0,0,emotion_nurture
FB00293,2017,4,3,5,live_video,0.330926,1.269166,policy_shift,172,7,7,163,6,2,1,0,0,emotion_nurture
FB00294,2017,4,3,2,live_video,0.330926,1.269166,policy_shift,616,523,21,459,125,21,8,0,1,emotion_nurture
FB00295,2017,4,2,9,product_photo,0.607618,0.550000,regular,188,0,0,184,4,0,0,0,0,emotion_nurture
FB00296,2017,4,2,8,live_video,0.330926,1.269166,policy_shift,593,309,23,484,99,1,4,4,1,emotion_nurture
FB00297,2017,4,1,1,product_photo,0.607618,0.550000,regular,189,2,0,182,5,2,0,0,0,emotion_nurture
FB00298,2017,4,0,1,product_photo,0.607618,0.550000,regular,178,5,0,175,3,0,0,0,0,emotion_nurture
FB00300,2017,4,2,22,product_photo,0.607618,0.550000,regular,362,9,0,352,7,3,0,0,0,emotion_nurture
FB00304,2017,4,1,1,product_photo,0.607618,0.550000,regular,97,8,2,94,3,0,0,0,0,emotion_nurture
FB00305,2017,4,6,3,product_photo,0.607618,0.550000,regular,400,16,0,392,6,2,0,0,0,emotion_nurture
FB00310,2017,4,3,8,product_photo,0.607618,0.550000,regular,210,0,0,204,6,0,0,0,0,emotion_nurture
FB00312,2017,4,2,6,product_photo,0.607618,0.550000,regular,374,4,0,360,7,7,0,0,0,emotion_nurture
FB00315,2017,4,1,20,live_video,0.330926,1.269166,policy_shift,7,5,0,7,0,0,0,0,0,routine_watch
FB00317,2017,4,5,9,product_photo,0.607618,0.550000,regular,168,1,0,168,0,0,0,0,0,share_amplify
FB00319,2017,3,4,10,product_photo,0.607618,0.550000,regular,196,1,0,190,6,0,0,0,0,emotion_nurture
FB00320,2017,3,4,4,product_photo,0.607618,0.550000,regular,100,3,0,99,1,0,0,0,0,emotion_nurture
FB00321,2017,3,3,10,product_photo,0.607618,0.550000,regular,85,4,0,79,4,2,0,0,0,emotion_nurture
FB00322,2017,3,2,9,product_photo,0.607618,0.550000,regular,34,10,6,34,0,0,0,0,0,share_amplify
FB00323,2017,3,0,7,product_photo,0.607618,0.550000,regular,41,9,0,39,1,1,0,0,0,conversation_service
FB00326,2017,3,5,1,product_photo,0.607618,0.550000,regular,161,9,2,158,3,0,0,0,0,emotion_nurture
FB00328,2017,3,3,8,product_photo,0.607618,0.550000,regular,97,9,3,95,2,0,0,0,0,share_amplify
FB00329,2017,3,2,21,product_photo,0.607618,0.550000,regular,489,3,0,480,6,3,0,0,0,emotion_nurture
FB00330,2017,3,2,4,product_photo,0.607618,0.550000,regular,245,4,0,242,3,0,0,0,0,emotion_nurture
FB00335,2017,3,1,0,product_photo,0.607618,0.550000,regular,72,1,0,72,0,0,0,0,0,share_amplify
FB00336,2017,3,1,0,product_photo,0.607618,0.550000,regular,174,0,0,173,1,0,0,0,0,emotion_nurture
FB00337,2017,3,0,23,product_photo,0.607618,0.550000,regular,192,0,0,186,3,3,0,0,0,emotion_nurture
FB00338,2017,3,0,22,live_video,0.330926,1.269166,policy_shift,286,61,5,250,30,5,1,0,0,emotion_nurture
FB00339,2017,3,0,21,product_photo,0.607618,0.550000,regular,231,0,0,230,0,1,0,0,0,emotion_nurture
FB00347,2017,3,1,9,product_photo,0.607618,0.550000,regular,272,9,0,268,2,2,0,0,0,emotion_nurture
FB00352,2017,3,6,1,product_photo,0.607618,0.550000,regular,526,18,0,512,12,2,0,0,0,emotion_nurture
FB00353,2017,3,5,23,product_photo,0.607618,0.550000,regular,418,4,0,406,9,3,0,0,0,emotion_nurture
FB00357,2017,3,3,22,live_video,0.330926,1.269166,policy_shift,591,560,49,498,84,3,4,1,1,emotion_nurture
FB00359,2017,3,5,12,product_photo,0.607618,0.550000,regular,119,16,0,105,0,0,0,8,6,emotion_nurture
FB00360,2017,3,5,9,product_photo,0.607618,0.550000,regular,67,9,0,66,1,0,0,0,0,conversation_service
FB00361,2017,3,5,9,product_photo,0.607618,0.550000,regular,439,10,3,424,15,0,0,0,0,emotion_nurture
FB00363,2017,3,5,9,product_photo,0.607618,0.550000,regular,690,10,0,667,21,2,0,0,0,emotion_nurture
FB00364,2017,3,3,0,text_status,0.052110,3.000000,low_support,84,7,1,84,0,0,0,0,0,conversation_service
FB00366,2017,2,1,2,product_photo,0.607618,0.550000,regular,63,1,0,61,0,2,0,0,0,emotion_nurture
FB00367,2017,2,0,10,link_teaser,0.009346,3.000000,low_support,46,3,1,46,0,0,0,0,0,share_amplify
FB00369,2017,2,2,2,live_video,0.330926,1.269166,policy_shift,51,8,6,51,0,0,0,0,0,share_amplify
FB00374,2017,2,2,9,live_video,0.330926,1.269166,policy_shift,204,128,4,184,17,0,2,1,0,emotion_nurture
FB00377,2017,2,1,4,live_video,0.330926,1.269166,policy_shift,256,427,30,191,62,1,2,0,0,emotion_nurture
FB00378,2017,2,1,0,product_photo,0.607618,0.550000,regular,146,1,0,142,2,2,0,0,0,emotion_nurture
FB00379,2017,2,0,1,product_photo,0.607618,0.550000,regular,212,0,1,206,5,0,1,0,0,emotion_nurture
FB00383,2017,2,4,23,product_photo,0.607618,0.550000,regular,301,7,0,288,6,6,0,1,0,emotion_nurture
FB00384,2017,2,4,22,live_video,0.330926,1.269166,policy_shift,88,1,0,87,1,0,0,0,0,emotion_nurture
FB00386,2017,2,3,23,product_photo,0.607618,0.550000,regular,398,11,0,390,4,4,0,0,0,emotion_nurture
FB00388,2017,2,3,3,product_photo,0.607618,0.550000,regular,151,0,0,146,3,2,0,0,0,emotion_nurture
FB00389,2017,2,2,21,product_photo,0.607618,0.550000,regular,155,5,0,152,2,0,1,0,0,emotion_nurture
FB00393,2017,2,1,23,product_photo,0.607618,0.550000,regular,132,3,0,123,5,4,0,0,0,emotion_nurture
FB00394,2017,2,1,23,product_photo,0.607618,0.550000,regular,149,3,0,142,5,2,0,0,0,emotion_nurture
FB00395,2017,2,1,12,product_photo,0.607618,0.550000,regular,274,9,0,260,11,2,1,0,0,emotion_nurture
FB00397,2017,2,1,1,live_video,0.330926,1.269166,policy_shift,138,25,2,125,11,2,0,0,0,emotion_nurture
FB00398,2017,2,0,9,live_video,0.330926,1.269166,policy_shift,627,266,8,519,105,2,0,1,0,emotion_nurture
FB00399,2017,2,3,5,product_photo,0.607618,0.550000,regular,289,23,0,279,7,3,0,0,0,emotion_nurture
FB00403,2017,1,0,8,product_photo,0.607618,0.550000,regular,301,10,0,294,6,1,0,0,0,emotion_nurture
FB00405,2017,1,6,1,product_photo,0.607618,0.550000,regular,210,3,0,206,4,0,0,0,0,emotion_nurture
FB00407,2017,1,4,8,product_photo,0.607618,0.550000,regular,223,6,0,215,7,1,0,0,0,emotion_nurture
FB00410,2017,1,2,5,product_photo,0.607618,0.550000,regular,362,10,0,354,8,0,0,0,0,emotion_nurture
FB00412,2017,1,6,9,product_photo,0.607618,0.550000,regular,156,2,0,151,5,0,0,0,0,emotion_nurture
FB00414,2017,1,5,22,live_video,0.330926,1.269166,policy_shift,446,6148,120,352,80,7,5,0,2,conversation_service
FB00415,2017,1,5,21,text_status,0.052110,3.000000,low_support,102,1,0,102,0,0,0,0,0,share_amplify
FB00416,2017,1,5,6,product_photo,0.607618,0.550000,regular,161,6,0,158,3,0,0,0,0,emotion_nurture
FB00417,2017,1,5,5,product_photo,0.607618,0.550000,regular,279,8,0,273,6,0,0,0,0,emotion_nurture
FB00419,2017,1,2,23,product_photo,0.607618,0.550000,regular,230,8,0,221,8,1,0,0,0,emotion_nurture
FB00421,2017,1,2,0,product_photo,0.607618,0.550000,regular,113,2,1,107,3,2,0,1,0,emotion_nurture
FB00422,2017,1,1,1,live_video,0.330926,1.269166,policy_shift,256,103,16,205,47,1,2,0,1,emotion_nurture
FB00423,2017,1,6,9,product_photo,0.607618,0.550000,regular,306,4,0,301,3,2,0,0,0,emotion_nurture
FB00424,2017,1,6,9,product_photo,0.607618,0.550000,regular,566,10,0,548,4,14,0,0,0,emotion_nurture
FB00425,2017,1,6,7,product_photo,0.607618,0.550000,regular,186,1,1,184,0,2,0,0,0,emotion_nurture
FB00426,2017,1,6,7,live_video,0.330926,1.269166,policy_shift,135,9,2,118,10,4,2,1,0,emotion_nurture
FB00427,2017,1,6,6,live_video,0.330926,1.269166,policy_shift,174,195,3,146,18,5,4,1,0,emotion_nurture
FB00428,2017,1,5,23,live_video,0.330926,1.269166,policy_shift,171,84,4,159,10,2,0,0,0,conversation_service
FB00429,2017,1,5,5,product_photo,0.607618,0.550000,regular,373,8,0,365,5,3,0,0,0,emotion_nurture
FB00432,2017,1,4,4,product_photo,0.607618,0.550000,regular,148,16,5,146,1,1,0,0,0,share_amplify
FB00435,2017,1,0,8,product_photo,0.607618,0.550000,regular,254,5,0,252,2,0,0,0,0,emotion_nurture
FB00436,2016,12,5,5,product_photo,0.607618,0.550000,regular,304,9,6,298,5,1,0,0,0,emotion_nurture
FB00437,2016,12,4,9,product_photo,0.607618,0.550000,regular,437,6,0,433,4,0,0,0,0,emotion_nurture
FB00438,2016,12,3,6,product_photo,0.607618,0.550000,regular,412,4,2,399,13,0,0,0,0,emotion_nurture
FB00439,2016,12,0,22,product_photo,0.607618,0.550000,regular,183,11,0,175,6,2,0,0,0,emotion_nurture
FB00440,2016,12,0,8,product_photo,0.607618,0.550000,regular,353,8,2,342,9,1,1,0,0,emotion_nurture
FB00441,2016,12,0,5,product_photo,0.607618,0.550000,regular,144,14,1,142,2,0,0,0,0,conversation_service
FB00442,2016,12,0,4,product_photo,0.607618,0.550000,regular,905,10,5,876,21,8,0,0,0,emotion_nurture
FB00443,2016,12,6,6,live_video,0.330926,1.269166,policy_shift,151,19,2,129,18,2,1,1,0,emotion_nurture
FB00444,2016,12,6,0,product_photo,0.607618,0.550000,regular,276,4,0,264,8,3,1,0,0,emotion_nurture
FB00446,2016,12,5,0,live_video,0.330926,1.269166,policy_shift,340,1201,47,276,55,1,6,1,1,conversation_service
FB00447,2016,12,4,23,product_photo,0.607618,0.550000,regular,478,12,0,463,11,4,0,0,0,emotion_nurture
FB00450,2016,12,3,2,product_photo,0.607618,0.550000,regular,296,2,0,293,3,0,0,0,0,emotion_nurture
FB00452,2016,12,2,23,product_photo,0.607618,0.550000,regular,113,2,0,109,4,0,0,0,0,emotion_nurture
FB00453,2016,12,2,22,live_video,0.330926,1.269166,policy_shift,133,19,2,115,13,4,1,0,0,emotion_nurture
FB00457,2016,12,2,5,product_photo,0.607618,0.550000,regular,163,1,0,160,3,0,0,0,0,emotion_nurture
FB00459,2016,12,2,4,live_video,0.330926,1.269166,policy_shift,249,147,8,193,50,2,4,0,0,emotion_nurture
FB00460,2016,12,2,3,product_photo,0.607618,0.550000,regular,129,2,0,123,5,1,0,0,0,emotion_nurture
FB00461,2016,12,2,0,product_photo,0.607618,0.550000,regular,245,7,0,234,6,4,0,1,0,emotion_nurture
FB00462,2016,12,2,0,product_photo,0.607618,0.550000,regular,272,9,0,264,6,2,0,0,0,emotion_nurture
FB00464,2016,12,1,8,product_photo,0.607618,0.550000,regular,135,9,1,131,3,1,0,0,0,emotion_nurture
FB00465,2016,12,1,8,product_photo,0.607618,0.550000,regular,333,44,0,325,6,2,0,0,0,emotion_nurture
FB00466,2016,12,1,3,product_photo,0.607618,0.550000,regular,96,3,0,94,2,0,0,0,0,emotion_nurture
FB00467,2016,12,1,3,product_photo,0.607618,0.550000,regular,210,7,0,203,7,0,0,0,0,emotion_nurture
FB00468,2016,12,1,1,live_video,0.330926,1.269166,policy_shift,154,72,6,124,24,3,2,1,0,emotion_nurture
FB00470,2016,12,0,20,product_photo,0.607618,0.550000,regular,152,2,0,151,1,0,0,0,0,emotion_nurture
FB00471,2016,12,0,8,product_photo,0.607618,0.550000,regular,222,3,0,216,6,0,0,0,0,emotion_nurture
FB00472,2016,12,0,7,product_photo,0.607618,0.550000,regular,227,1,0,223,2,2,0,0,0,emotion_nurture
FB00473,2016,12,6,21,product_photo,0.607618,0.550000,regular,542,21,1,521,11,9,1,0,0,emotion_nurture
FB00477,2016,12,3,0,live_video,0.330926,1.269166,policy_shift,65,4,1,65,0,0,0,0,0,conversation_service
FB00478,2016,12,0,10,product_photo,0.607618,0.550000,regular,190,11,1,182,5,3,0,0,0,emotion_nurture
FB00481,2016,12,4,21,live_video,0.330926,1.269166,policy_shift,452,19013,161,353,92,2,3,2,0,conversation_service
FB00482,2016,12,4,10,text_status,0.052110,3.000000,low_support,123,23,0,114,0,0,3,6,0,emotion_nurture
FB00484,2016,12,3,23,product_photo,0.607618,0.550000,regular,278,8,0,267,9,2,0,0,0,emotion_nurture
FB00488,2016,12,3,3,product_photo,0.607618,0.550000,regular,180,4,0,166,12,2,0,0,0,emotion_nurture
FB00489,2016,12,3,2,product_photo,0.607618,0.550000,regular,236,8,0,228,8,0,0,0,0,emotion_nurture
FB00491,2016,12,2,5,live_video,0.330926,1.269166,policy_shift,48,6,0,47,1,0,0,0,0,conversation_service
FB00493,2016,12,0,0,text_status,0.052110,3.000000,low_support,225,12,29,222,2,1,0,0,0,share_amplify
FB00494,2016,12,6,9,product_photo,0.607618,0.550000,regular,133,4,2,128,5,0,0,0,0,emotion_nurture
FB00496,2016,12,4,1,product_photo,0.607618,0.550000,regular,304,13,0,294,9,1,0,0,0,emotion_nurture
FB00497,2016,12,4,1,product_photo,0.607618,0.550000,regular,150,5,0,148,1,1,0,0,0,emotion_nurture
FB00498,2016,12,3,12,product_photo,0.607618,0.550000,regular,387,8,0,375,9,3,0,0,0,emotion_nurture
FB00501,2016,11,5,4,product_photo,0.607618,0.550000,regular,477,12,0,468,6,3,0,0,0,emotion_nurture
FB00503,2016,11,6,7,product_photo,0.607618,0.550000,regular,130,13,2,124,3,2,1,0,0,emotion_nurture
FB00504,2016,11,3,20,product_photo,0.607618,0.550000,regular,307,0,0,294,12,0,1,0,0,emotion_nurture
FB00508,2016,11,5,1,product_photo,0.607618,0.550000,regular,209,9,0,206,2,0,1,0,0,emotion_nurture
FB00513,2016,10,3,20,live_video,0.330926,1.269166,policy_shift,86,0,0,76,4,0,0,6,0,emotion_nurture
FB00515,2016,10,2,10,live_video,0.330926,1.269166,policy_shift,221,1,0,211,0,8,0,2,0,emotion_nurture
FB00516,2016,10,2,0,product_photo,0.607618,0.550000,regular,52,0,0,52,0,0,0,0,0,share_amplify
FB00517,2016,10,1,23,live_video,0.330926,1.269166,policy_shift,38,7,1,38,0,0,0,0,0,conversation_service
FB00518,2016,10,1,23,product_photo,0.607618,0.550000,regular,2,0,37,2,0,0,0,0,0,share_amplify
FB00519,2016,10,1,11,product_photo,0.607618,0.550000,regular,347,0,1,335,12,0,0,0,0,emotion_nurture
FB00521,2016,10,1,4,product_photo,0.607618,0.550000,regular,210,0,6,202,4,0,0,4,0,emotion_nurture
FB00522,2016,10,1,2,product_photo,0.607618,0.550000,regular,178,0,0,171,7,0,0,0,0,emotion_nurture
FB00523,2016,10,1,1,product_photo,0.607618,0.550000,regular,149,0,1,143,5,1,0,0,0,emotion_nurture
FB00524,2016,10,6,20,product_photo,0.607618,0.550000,regular,77,0,1,73,0,0,0,4,0,emotion_nurture
FB00525,2016,10,6,20,link_teaser,0.009346,3.000000,low_support,169,0,57,166,2,0,1,0,0,share_amplify
FB00526,2016,10,6,9,link_teaser,0.009346,3.000000,low_support,237,0,0,229,2,6,0,0,0,emotion_nurture
FB00527,2016,10,6,9,product_photo,0.607618,0.550000,regular,86,0,3,85,1,0,0,0,0,share_amplify
FB00529,2016,10,6,9,product_photo,0.607618,0.550000,regular,234,0,0,224,6,0,0,4,0,emotion_nurture
FB00531,2016,10,5,4,product_photo,0.607618,0.550000,regular,319,5,0,308,5,0,0,6,0,emotion_nurture
FB00532,2016,10,5,2,live_video,0.330926,1.269166,policy_shift,171,0,0,162,3,0,0,6,0,emotion_nurture
FB00537,2016,10,3,8,product_photo,0.607618,0.550000,regular,264,2,0,261,3,0,0,0,0,emotion_nurture
FB00538,2016,10,3,5,product_photo,0.607618,0.550000,regular,218,2,5,214,0,0,0,4,0,emotion_nurture
FB00539,2016,10,3,2,product_photo,0.607618,0.550000,regular,52,0,4,52,0,0,0,0,0,share_amplify
FB00541,2016,10,3,0,product_photo,0.607618,0.550000,regular,67,0,1,66,1,0,0,0,0,emotion_nurture
FB00542,2016,10,2,22,product_photo,0.607618,0.550000,regular,266,9,1,237,1,0,0,28,0,emotion_nurture
FB00544,2016,10,2,12,live_video,0.330926,1.269166,policy_shift,70,0,0,66,0,0,0,4,0,emotion_nurture
FB00547,2016,10,2,0,product_photo,0.607618,0.550000,regular,305,1,0,284,8,0,0,13,0,emotion_nurture
FB00549,2016,10,1,23,product_photo,0.607618,0.550000,regular,28,0,0,27,1,0,0,0,0,routine_watch
FB00550,2016,10,1,22,product_photo,0.607618,0.550000,regular,37,0,0,35,2,0,0,0,0,emotion_nurture
FB00552,2016,10,1,8,product_photo,0.607618,0.550000,regular,164,2,13,150,8,0,1,5,0,emotion_nurture
FB00556,2016,10,0,20,product_photo,0.607618,0.550000,regular,73,1,17,66,4,0,0,3,0,share_amplify
FB00562,2016,10,6,19,product_photo,0.607618,0.550000,regular,64,0,1,64,0,0,0,0,0,share_amplify
FB00566,2016,10,5,21,product_photo,0.607618,0.550000,regular,4,0,41,4,0,0,0,0,0,share_amplify
FB00567,2016,10,5,12,product_photo,0.607618,0.550000,regular,48,0,1,43,1,0,0,4,0,emotion_nurture
FB00568,2016,10,5,10,text_status,0.052110,3.000000,low_support,77,1,38,76,1,0,0,0,0,share_amplify
FB00569,2016,10,4,21,product_photo,0.607618,0.550000,regular,199,0,5,179,1,0,0,19,0,emotion_nurture
FB00571,2016,10,4,10,product_photo,0.607618,0.550000,regular,30,0,0,30,0,0,0,0,0,routine_watch
FB00572,2016,10,4,4,product_photo,0.607618,0.550000,regular,190,1,0,168,5,0,0,17,0,emotion_nurture
FB00573,2016,10,4,1,product_photo,0.607618,0.550000,regular,96,0,5,90,0,0,0,6,0,emotion_nurture
FB00575,2016,10,3,19,product_photo,0.607618,0.550000,regular,102,0,1,87,2,0,0,13,0,emotion_nurture
FB00578,2016,10,3,7,product_photo,0.607618,0.550000,regular,95,1,2,73,1,0,0,21,0,emotion_nurture
FB00579,2016,10,1,9,product_photo,0.607618,0.550000,regular,132,10,1,124,5,1,0,2,0,emotion_nurture
FB00581,2016,10,0,23,product_photo,0.607618,0.550000,regular,187,6,0,182,5,0,0,0,0,emotion_nurture
FB00582,2016,10,0,5,product_photo,0.607618,0.550000,regular,124,2,0,119,3,2,0,0,0,emotion_nurture
FB00583,2016,10,6,6,live_video,0.330926,1.269166,policy_shift,296,80,5,242,44,5,3,1,1,emotion_nurture
FB00584,2016,10,6,0,live_video,0.330926,1.269166,policy_shift,268,46,0,231,32,3,1,0,1,emotion_nurture
FB00586,2016,10,3,6,product_photo,0.607618,0.550000,regular,148,26,0,144,4,0,0,0,0,conversation_service
FB00589,2016,9,4,5,live_video,0.330926,1.269166,policy_shift,111,4,0,105,6,0,0,0,0,emotion_nurture
FB00590,2016,9,4,1,live_video,0.330926,1.269166,policy_shift,169,34,1,148,17,4,0,0,0,emotion_nurture
FB00592,2016,9,2,2,live_video,0.330926,1.269166,policy_shift,139,27,0,125,12,2,0,0,0,emotion_nurture
FB00594,2016,9,0,1,live_video,0.330926,1.269166,policy_shift,109,5,1,104,5,0,0,0,0,emotion_nurture
FB00596,2016,9,5,2,link_teaser,0.009346,3.000000,low_support,46,3,1,44,2,0,0,0,0,emotion_nurture
FB00597,2016,9,4,5,live_video,0.330926,1.269166,policy_shift,93,14,4,89,4,0,0,0,0,emotion_nurture
FB00598,2016,9,3,3,product_photo,0.607618,0.550000,regular,164,17,1,156,7,1,0,0,0,emotion_nurture
FB00601,2016,9,0,22,product_photo,0.607618,0.550000,regular,173,1,58,172,0,0,0,1,0,share_amplify
FB00602,2016,9,0,5,product_photo,0.607618,0.550000,regular,168,1,1,160,6,2,0,0,0,emotion_nurture
FB00604,2016,9,6,8,product_photo,0.607618,0.550000,regular,198,4,6,193,4,0,1,0,0,emotion_nurture
FB00606,2016,9,4,23,live_video,0.330926,1.269166,policy_shift,43,4,12,41,1,1,0,0,0,share_amplify
FB00607,2016,9,2,4,product_photo,0.607618,0.550000,regular,105,3,3,101,3,1,0,0,0,emotion_nurture
FB00608,2016,9,1,7,product_photo,0.607618,0.550000,regular,272,5,4,265,4,3,0,0,0,emotion_nurture
FB00611,2016,9,6,21,live_video,0.330926,1.269166,policy_shift,188,26,3,166,19,1,2,0,0,emotion_nurture
FB00615,2016,9,3,2,product_photo,0.607618,0.550000,regular,122,18,20,120,1,1,0,0,0,share_amplify
FB00616,2016,8,2,22,product_photo,0.607618,0.550000,regular,105,4,1,102,2,1,0,0,0,emotion_nurture
FB00620,2016,8,6,0,product_photo,0.607618,0.550000,regular,109,3,0,105,2,2,0,0,0,emotion_nurture
FB00623,2016,8,4,3,product_photo,0.607618,0.550000,regular,101,1,0,100,1,0,0,0,0,emotion_nurture
FB00624,2016,8,3,7,live_video,0.330926,1.269166,policy_shift,105,8,2,97,7,0,1,0,0,emotion_nurture
FB00625,2016,8,3,5,live_video,0.330926,1.269166,policy_shift,89,4,1,84,5,0,0,0,0,emotion_nurture
FB00626,2016,8,3,4,product_photo,0.607618,0.550000,regular,101,1,2,98,2,1,0,0,0,emotion_nurture
FB00629,2016,8,1,9,product_photo,0.607618,0.550000,regular,126,6,2,120,5,1,0,0,0,emotion_nurture
FB00630,2016,8,6,22,product_photo,0.607618,0.550000,regular,441,31,2,423,13,2,3,0,0,emotion_nurture
FB00631,2016,8,6,7,live_video,0.330926,1.269166,policy_shift,302,186,3,244,50,2,4,1,1,emotion_nurture
FB00632,2016,8,6,0,live_video,0.330926,1.269166,policy_shift,185,40,2,171,12,2,0,0,0,emotion_nurture
FB00634,2016,8,1,8,product_photo,0.607618,0.550000,regular,177,7,1,173,2,2,0,0,0,emotion_nurture
FB00636,2016,8,4,8,product_photo,0.607618,0.550000,regular,326,2,1,319,7,0,0,0,0,emotion_nurture
FB00637,2016,8,4,2,product_photo,0.607618,0.550000,regular,265,6,0,259,6,0,0,0,0,emotion_nurture
FB00638,2016,8,2,23,product_photo,0.607618,0.550000,regular,199,8,1,193,4,1,1,0,0,emotion_nurture
FB00639,2016,8,2,6,live_video,0.330926,1.269166,policy_shift,226,93,3,203,20,3,0,0,0,emotion_nurture
FB00642,2016,8,5,21,product_photo,0.607618,0.550000,regular,185,1,0,180,3,2,0,0,0,emotion_nurture
FB00643,2016,8,5,9,live_video,0.330926,1.269166,policy_shift,54,0,0,53,1,0,0,0,0,emotion_nurture
FB00644,2016,8,5,2,product_photo,0.607618,0.550000,regular,167,4,0,164,3,0,0,0,0,emotion_nurture
FB00645,2016,8,4,9,product_photo,0.607618,0.550000,regular,53,3,0,51,2,0,0,0,0,emotion_nurture
FB00648,2016,8,1,2,live_video,0.330926,1.269166,policy_shift,198,30,3,152,42,0,3,0,1,emotion_nurture
FB00650,2016,8,0,3,text_status,0.052110,3.000000,low_support,49,1,0,48,1,0,0,0,0,emotion_nurture
FB00651,2016,8,0,2,product_photo,0.607618,0.550000,regular,126,4,1,122,3,1,0,0,0,emotion_nurture
FB00653,2016,8,0,0,live_video,0.330926,1.269166,policy_shift,180,120,0,145,33,0,2,0,0,emotion_nurture
FB00654,2016,7,6,23,live_video,0.330926,1.269166,policy_shift,85,0,0,79,5,1,0,0,0,emotion_nurture
FB00660,2016,7,3,0,product_photo,0.607618,0.550000,regular,213,1,0,208,5,0,0,0,0,emotion_nurture
FB00662,2016,7,5,9,product_photo,0.607618,0.550000,regular,182,10,0,179,3,0,0,0,0,emotion_nurture
FB00664,2016,7,4,2,product_photo,0.607618,0.550000,regular,166,0,0,162,3,1,0,0,0,emotion_nurture
FB00666,2016,7,2,12,product_photo,0.607618,0.550000,regular,170,3,17,169,1,0,0,0,0,share_amplify
FB00667,2016,7,0,10,product_photo,0.607618,0.550000,regular,196,5,0,192,3,1,0,0,0,emotion_nurture
FB00668,2016,7,5,6,product_photo,0.607618,0.550000,regular,103,0,0,101,2,0,0,0,0,emotion_nurture
FB00672,2016,7,4,21,text_status,0.052110,3.000000,low_support,63,0,3,62,1,0,0,0,0,share_amplify
FB00673,2016,7,4,1,live_video,0.330926,1.269166,policy_shift,150,14,0,141,9,0,0,0,0,emotion_nurture
FB00674,2016,7,3,8,text_status,0.052110,3.000000,low_support,154,8,0,153,1,0,0,0,0,conversation_service
FB00675,2016,7,3,3,product_photo,0.607618,0.550000,regular,114,21,0,111,3,0,0,0,0,conversation_service
FB00678,2016,7,0,8,product_photo,0.607618,0.550000,regular,177,15,0,174,3,0,0,0,0,conversation_service
FB00680,2016,7,6,6,product_photo,0.607618,0.550000,regular,336,154,111,328,4,3,1,0,0,share_amplify
FB00681,2016,7,4,10,product_photo,0.607618,0.550000,regular,54,2,4,54,0,0,0,0,0,share_amplify
FB00682,2016,7,4,10,text_status,0.052110,3.000000,low_support,74,1,0,74,0,0,0,0,0,share_amplify
FB00683,2016,7,4,10,product_photo,0.607618,0.550000,regular,79,2,0,78,0,1,0,0,0,emotion_nurture
FB00686,2016,7,6,7,product_photo,0.607618,0.550000,regular,73,12,0,72,1,0,0,0,0,conversation_service
FB00687,2016,7,6,4,product_photo,0.607618,0.550000,regular,103,15,0,101,2,0,0,0,0,conversation_service
FB00688,2016,7,5,23,product_photo,0.607618,0.550000,regular,90,2,0,90,0,0,0,0,0,conversation_service
FB00692,2016,6,1,9,product_photo,0.607618,0.550000,regular,309,10,0,300,2,0,7,0,0,emotion_nurture
FB00694,2016,6,0,7,product_photo,0.607618,0.550000,regular,126,0,1,125,1,0,0,0,0,emotion_nurture
FB00695,2016,6,5,9,product_photo,0.607618,0.550000,regular,928,53,0,906,16,5,0,1,0,emotion_nurture
FB00696,2016,6,5,1,live_video,0.330926,1.269166,policy_shift,391,136,0,343,43,4,1,0,0,emotion_nurture
FB00707,2016,6,6,2,product_photo,0.607618,0.550000,regular,185,5,0,181,4,0,0,0,0,emotion_nurture
FB00710,2016,5,0,11,product_photo,0.607618,0.550000,regular,139,18,0,139,0,0,0,0,0,conversation_service
FB00711,2016,5,6,8,product_photo,0.607618,0.550000,regular,367,11,3,346,0,21,0,0,0,emotion_nurture
FB00712,2016,5,4,22,product_photo,0.607618,0.550000,regular,177,1,0,177,0,0,0,0,0,share_amplify
FB00713,2016,5,4,7,product_photo,0.607618,0.550000,regular,378,5,0,377,1,0,0,0,0,conversation_service
FB00719,2016,5,1,21,product_photo,0.607618,0.550000,regular,72,3,27,72,0,0,0,0,0,share_amplify
FB00723,2016,5,3,7,product_photo,0.607618,0.550000,regular,116,24,0,116,0,0,0,0,0,conversation_service
FB00727,2016,5,2,2,product_photo,0.607618,0.550000,regular,1542,18,1260,1520,12,6,0,4,0,share_amplify
FB00729,2016,5,1,23,product_photo,0.607618,0.550000,regular,69,15,2,68,1,0,0,0,0,conversation_service
FB00731,2016,5,0,8,product_photo,0.607618,0.550000,regular,235,1,0,232,3,0,0,0,0,emotion_nurture
FB00733,2016,5,6,6,product_photo,0.607618,0.550000,regular,111,19,2,110,1,0,0,0,0,conversation_service
FB00735,2016,5,5,10,product_photo,0.607618,0.550000,regular,20,11,0,20,0,0,0,0,0,conversation_service
FB00736,2016,5,5,2,product_photo,0.607618,0.550000,regular,74,15,0,74,0,0,0,0,0,conversation_service
FB00737,2016,5,4,22,product_photo,0.607618,0.550000,regular,63,18,2,61,2,0,0,0,0,conversation_service
FB00738,2016,5,4,22,text_status,0.052110,3.000000,low_support,83,24,3,83,0,0,0,0,0,conversation_service
FB00740,2016,5,4,1,product_photo,0.607618,0.550000,regular,141,24,2,140,0,1,0,0,0,conversation_service
FB00742,2016,5,3,4,product_photo,0.607618,0.550000,regular,124,21,1,119,2,3,0,0,0,emotion_nurture
FB00751,2016,4,0,2,product_photo,0.607618,0.550000,regular,79,18,0,78,1,0,0,0,0,conversation_service
FB00753,2016,4,5,5,product_photo,0.607618,0.550000,regular,534,0,0,526,5,2,0,0,1,emotion_nurture
FB00754,2016,4,5,4,live_video,0.330926,1.269166,policy_shift,237,33,0,230,6,1,0,0,0,emotion_nurture
FB00759,2016,4,3,5,product_photo,0.607618,0.550000,regular,68,16,3,68,0,0,0,0,0,conversation_service
FB00760,2016,4,3,4,product_photo,0.607618,0.550000,regular,193,3,0,189,0,3,1,0,0,emotion_nurture
FB00761,2016,4,2,23,live_video,0.330926,1.269166,policy_shift,75,3,0,74,0,1,0,0,0,emotion_nurture
FB00762,2016,4,2,21,product_photo,0.607618,0.550000,regular,131,0,0,131,0,0,0,0,0,share_amplify
FB00763,2016,4,2,5,live_video,0.330926,1.269166,policy_shift,74,10,0,74,0,0,0,0,0,conversation_service
FB00764,2016,4,2,5,product_photo,0.607618,0.550000,regular,67,11,0,67,0,0,0,0,0,conversation_service
FB00766,2016,4,2,2,product_photo,0.607618,0.550000,regular,217,1,0,215,2,0,0,0,0,emotion_nurture
FB00768,2016,4,1,21,product_photo,0.607618,0.550000,regular,99,14,1,99,0,0,0,0,0,conversation_service
FB00769,2016,4,1,7,product_photo,0.607618,0.550000,regular,138,1,0,136,1,1,0,0,0,emotion_nurture
FB00770,2016,4,1,7,product_photo,0.607618,0.550000,regular,134,0,1,133,0,1,0,0,0,emotion_nurture
FB00771,2016,4,1,6,product_photo,0.607618,0.550000,regular,267,9,0,263,0,3,1,0,0,emotion_nurture
FB00772,2016,4,1,2,live_video,0.330926,1.269166,policy_shift,87,17,0,81,6,0,0,0,0,emotion_nurture
FB00773,2016,4,1,1,product_photo,0.607618,0.550000,regular,409,6,0,404,4,1,0,0,0,emotion_nurture
FB00775,2016,4,0,23,product_photo,0.607618,0.550000,regular,210,2,0,209,1,0,0,0,0,emotion_nurture
FB00785,2016,4,4,21,product_photo,0.607618,0.550000,regular,775,18,0,762,5,8,0,0,0,emotion_nurture
FB00786,2016,4,4,21,product_photo,0.607618,0.550000,regular,368,2,0,364,1,3,0,0,0,emotion_nurture
FB00787,2016,4,4,19,live_video,0.330926,1.269166,policy_shift,105,12,0,103,1,1,0,0,0,conversation_service
FB00788,2016,4,4,6,product_photo,0.607618,0.550000,regular,218,2,0,217,1,0,0,0,0,emotion_nurture
FB00790,2016,4,4,1,product_photo,0.607618,0.550000,regular,326,10,0,325,1,0,0,0,0,conversation_service
FB00792,2016,4,3,22,live_video,0.330926,1.269166,policy_shift,125,5,0,122,3,0,0,0,0,emotion_nurture
FB00794,2016,4,2,8,product_photo,0.607618,0.550000,regular,70,21,1,70,0,0,0,0,0,conversation_service
FB00795,2016,4,1,22,product_photo,0.607618,0.550000,regular,58,0,0,58,0,0,0,0,0,share_amplify
FB00797,2016,4,1,8,product_photo,0.607618,0.550000,regular,66,14,1,65,1,0,0,0,0,conversation_service
FB00799,2016,4,1,3,live_video,0.330926,1.269166,policy_shift,39,5,1,39,0,0,0,0,0,conversation_service
FB00800,2016,4,1,3,product_photo,0.607618,0.550000,regular,167,0,0,165,1,1,0,0,0,emotion_nurture
FB00804,2016,4,6,23,product_photo,0.607618,0.550000,regular,199,3,0,197,0,2,0,0,0,emotion_nurture
FB00806,2016,4,6,3,live_video,0.330926,1.269166,policy_shift,171,78,3,167,4,0,0,0,0,conversation_service
FB00807,2016,4,6,3,text_status,0.052110,3.000000,low_support,55,4,0,54,1,0,0,0,0,emotion_nurture
FB00808,2016,4,6,2,live_video,0.330926,1.269166,policy_shift,136,44,1,131,3,1,1,0,0,conversation_service
FB00809,2016,4,5,7,product_photo,0.607618,0.550000,regular,51,8,0,51,0,0,0,0,0,conversation_service
FB00810,2016,4,5,6,live_video,0.330926,1.269166,policy_shift,103,25,0,103,0,0,0,0,0,conversation_service
FB00811,2016,4,5,5,product_photo,0.607618,0.550000,regular,619,15,0,615,4,0,0,0,0,emotion_nurture
FB00812,2016,4,5,4,product_photo,0.607618,0.550000,regular,231,30,5,227,1,3,0,0,0,conversation_service
FB00813,2016,4,5,4,product_photo,0.607618,0.550000,regular,86,14,1,85,1,0,0,0,0,conversation_service
FB00815,2016,4,5,3,live_video,0.330926,1.269166,policy_shift,165,89,1,162,2,1,0,0,0,conversation_service
FB00817,2016,4,4,4,product_photo,0.607618,0.550000,regular,180,15,1,178,1,1,0,0,0,conversation_service
FB00818,2016,4,3,9,live_video,0.330926,1.269166,policy_shift,214,152,0,210,4,0,0,0,0,conversation_service
FB00819,2016,4,3,3,live_video,0.330926,1.269166,policy_shift,157,124,1,157,0,0,0,0,0,conversation_service
FB00820,2016,4,3,2,link_teaser,0.009346,3.000000,low_support,44,1,0,44,0,0,0,0,0,share_amplify
FB00821,2016,4,3,0,product_photo,0.607618,0.550000,regular,208,6,0,208,0,0,0,0,0,conversation_service
FB00823,2016,4,1,22,live_video,0.330926,1.269166,policy_shift,177,134,0,176,1,0,0,0,0,conversation_service
FB00824,2016,4,1,6,product_photo,0.607618,0.550000,regular,250,11,0,246,4,0,0,0,0,emotion_nurture
FB00825,2016,4,0,23,live_video,0.330926,1.269166,policy_shift,97,29,0,97,0,0,0,0,0,conversation_service
FB00826,2016,4,0,23,live_video,0.330926,1.269166,policy_shift,112,45,0,109,3,0,0,0,0,conversation_service
FB00829,2016,4,6,23,product_photo,0.607618,0.550000,regular,360,10,0,356,4,0,0,0,0,emotion_nurture
FB00830,2016,4,6,7,product_photo,0.607618,0.550000,regular,280,9,0,279,0,1,0,0,0,conversation_service
FB00831,2016,4,6,2,live_video,0.330926,1.269166,policy_shift,111,45,0,110,1,0,0,0,0,conversation_service
FB00832,2016,4,5,9,live_video,0.330926,1.269166,policy_shift,188,242,6,187,1,0,0,0,0,conversation_service
FB00833,2016,4,5,3,live_video,0.330926,1.269166,policy_shift,121,43,0,121,0,0,0,0,0,conversation_service
FB00834,2016,4,5,2,link_teaser,0.009346,3.000000,low_support,43,4,1,43,0,0,0,0,0,conversation_service
FB00835,2016,4,4,7,product_photo,0.607618,0.550000,regular,111,15,0,108,2,1,0,0,0,conversation_service
FB00836,2016,4,4,6,live_video,0.330926,1.269166,policy_shift,111,4,0,110,1,0,0,0,0,emotion_nurture
FB00837,2016,4,4,6,live_video,0.330926,1.269166,policy_shift,119,31,2,119,0,0,0,0,0,conversation_service
FB00841,2016,3,2,9,live_video,0.330926,1.269166,policy_shift,227,173,1,223,2,1,1,0,0,conversation_service
FB00843,2016,3,1,8,live_video,0.330926,1.269166,policy_shift,105,10,0,105,0,0,0,0,0,conversation_service
FB00845,2016,3,1,5,product_photo,0.607618,0.550000,regular,325,13,1,322,3,0,0,0,0,emotion_nurture
FB00846,2016,3,1,5,live_video,0.330926,1.269166,policy_shift,113,2,1,113,0,0,0,0,0,share_amplify
FB00848,2016,3,0,21,product_photo,0.607618,0.550000,regular,441,10,0,431,3,7,0,0,0,emotion_nurture
FB00849,2016,3,0,0,product_photo,0.607618,0.550000,regular,260,6,0,260,0,0,0,0,0,conversation_service
FB00851,2016,3,4,10,live_video,0.330926,1.269166,policy_shift,70,10,2,68,0,2,0,0,0,conversation_service
FB00852,2016,3,3,14,product_photo,0.607618,0.550000,regular,147,1,0,147,0,0,0,0,0,share_amplify
FB00853,2016,3,2,10,live_video,0.330926,1.269166,policy_shift,177,145,3,176,0,1,0,0,0,conversation_service
FB00855,2016,3,2,9,live_video,0.330926,1.269166,policy_shift,117,18,1,116,1,0,0,0,0,conversation_service
FB00857,2016,3,2,6,text_status,0.052110,3.000000,low_support,118,3,0,118,0,0,0,0,0,conversation_service
FB00860,2016,3,4,8,product_photo,0.607618,0.550000,regular,59,14,0,58,1,0,0,0,0,conversation_service
FB00861,2016,3,4,7,product_photo,0.607618,0.550000,regular,54,0,0,52,1,0,1,0,0,emotion_nurture
FB00863,2016,3,3,8,live_video,0.330926,1.269166,policy_shift,350,389,6,342,7,1,0,0,0,conversation_service
FB00865,2016,3,2,10,text_status,0.052110,3.000000,low_support,207,4,0,203,3,0,1,0,0,emotion_nurture
FB00866,2016,3,2,9,text_status,0.052110,3.000000,low_support,140,23,0,138,0,2,0,0,0,conversation_service
FB00871,2016,3,2,6,product_photo,0.607618,0.550000,regular,156,0,0,155,1,0,0,0,0,emotion_nurture
FB00872,2016,3,2,6,product_photo,0.607618,0.550000,regular,118,13,0,117,1,0,0,0,0,conversation_service
FB00874,2016,3,1,0,product_photo,0.607618,0.550000,regular,26,2,0,26,0,0,0,0,0,routine_watch
FB00882,2016,3,1,19,live_video,0.330926,1.269166,policy_shift,45,1,0,45,0,0,0,0,0,share_amplify
FB00884,2016,3,1,9,text_status,0.052110,3.000000,low_support,120,4,0,117,1,0,2,0,0,emotion_nurture
FB00886,2016,3,1,2,product_photo,0.607618,0.550000,regular,139,4,0,138,0,1,0,0,0,emotion_nurture
FB00887,2016,3,1,2,text_status,0.052110,3.000000,low_support,104,0,3,102,1,1,0,0,0,share_amplify
FB00888,2016,3,1,0,product_photo,0.607618,0.550000,regular,60,1,0,59,0,1,0,0,0,emotion_nurture
FB00889,2016,3,6,7,product_photo,0.607618,0.550000,regular,214,6,0,211,3,0,0,0,0,emotion_nurture
FB00890,2016,3,6,2,product_photo,0.607618,0.550000,regular,160,1,0,158,2,0,0,0,0,emotion_nurture
FB00891,2016,3,5,23,product_photo,0.607618,0.550000,regular,322,8,0,320,2,0,0,0,0,emotion_nurture
FB00892,2016,3,5,21,product_photo,0.607618,0.550000,regular,348,3,2,345,2,1,0,0,0,emotion_nurture
FB00893,2016,3,4,20,product_photo,0.607618,0.550000,regular,292,10,1,285,5,2,0,0,0,emotion_nurture
FB00894,2016,3,4,9,link_teaser,0.009346,3.000000,low_support,51,0,0,51,0,0,0,0,0,share_amplify
FB00895,2016,3,4,6,product_photo,0.607618,0.550000,regular,251,20,4,248,2,1,0,0,0,conversation_service
FB00898,2016,3,3,3,text_status,0.052110,3.000000,low_support,58,10,0,58,0,0,0,0,0,conversation_service
FB00899,2016,3,3,2,live_video,0.330926,1.269166,policy_shift,37,1,0,37,0,0,0,0,0,share_amplify
FB00901,2016,3,1,2,text_status,0.052110,3.000000,low_support,56,9,1,56,0,0,0,0,0,conversation_service
FB00902,2016,3,1,0,link_teaser,0.009346,3.000000,low_support,59,3,0,58,0,1,0,0,0,emotion_nurture
FB00905,2016,2,6,0,live_video,0.330926,1.269166,policy_shift,71,6,2,71,0,0,0,0,0,share_amplify
FB00906,2016,2,5,22,live_video,0.330926,1.269166,policy_shift,48,1,0,45,2,1,0,0,0,emotion_nurture
FB00907,2016,2,5,2,product_photo,0.607618,0.550000,regular,261,4,0,248,6,6,1,0,0,emotion_nurture
FB00908,2016,2,5,2,product_photo,0.607618,0.550000,regular,225,0,20,222,3,0,0,0,0,share_amplify
FB00911,2016,2,3,22,product_photo,0.607618,0.550000,regular,543,22,0,501,29,11,2,0,0,emotion_nurture
FB00912,2016,2,3,4,live_video,0.330926,1.269166,policy_shift,74,9,6,74,0,0,0,0,0,share_amplify
FB00913,2016,2,2,4,product_photo,0.607618,0.550000,regular,249,10,1,249,0,0,0,0,0,conversation_service
FB00915,2016,2,2,3,live_video,0.330926,1.269166,policy_shift,57,9,3,57,0,0,0,0,0,share_amplify
FB00918,2016,2,3,10,text_status,0.052110,3.000000,low_support,106,19,0,106,0,0,0,0,0,conversation_service
FB00919,2016,2,3,2,text_status,0.052110,3.000000,low_support,73,19,2,73,0,0,0,0,0,conversation_service
FB00921,2016,2,6,7,product_photo,0.607618,0.550000,regular,12,5,0,12,0,0,0,0,0,routine_watch
FB00922,2016,2,6,7,product_photo,0.607618,0.550000,regular,10,4,0,10,0,0,0,0,0,routine_watch
FB00928,2016,2,4,3,product_photo,0.607618,0.550000,regular,83,8,0,83,0,0,0,0,0,conversation_service
FB00929,2016,2,4,1,product_photo,0.607618,0.550000,regular,66,2,1,66,0,0,0,0,0,share_amplify
FB00931,2016,2,0,5,product_photo,0.607618,0.550000,regular,246,5,1,246,0,0,0,0,0,conversation_service
FB00934,2016,2,6,6,product_photo,0.607618,0.550000,regular,263,19,2,263,0,0,0,0,0,conversation_service
FB00938,2016,2,0,7,product_photo,0.607618,0.550000,regular,330,8,0,330,0,0,0,0,0,conversation_service
FB00940,2016,2,0,4,product_photo,0.607618,0.550000,regular,355,9,0,355,0,0,0,0,0,conversation_service
FB00946,2016,1,5,4,product_photo,0.607618,0.550000,regular,469,10,0,469,0,0,0,0,0,conversation_service
FB00948,2016,1,5,0,product_photo,0.607618,0.550000,regular,228,3,0,228,0,0,0,0,0,conversation_service
FB00949,2016,1,4,7,product_photo,0.607618,0.550000,regular,495,11,0,495,0,0,0,0,0,conversation_service
FB00950,2016,1,4,3,product_photo,0.607618,0.550000,regular,381,5,0,381,0,0,0,0,0,conversation_service
FB00952,2016,1,1,23,product_photo,0.607618,0.550000,regular,140,6,0,140,0,0,0,0,0,conversation_service
FB00954,2016,1,6,1,product_photo,0.607618,0.550000,regular,182,1,16,182,0,0,0,0,0,share_amplify
FB00956,2016,1,4,3,product_photo,0.607618,0.550000,regular,49,9,0,49,0,0,0,0,0,conversation_service
FB00957,2016,1,2,5,text_status,0.052110,3.000000,low_support,227,0,0,227,0,0,0,0,0,share_amplify
FB00958,2016,1,6,2,product_photo,0.607618,0.550000,regular,230,6,0,230,0,0,0,0,0,conversation_service
FB00961,2016,1,4,7,product_photo,0.607618,0.550000,regular,552,8,0,552,0,0,0,0,0,conversation_service
FB00967,2016,1,6,22,product_photo,0.607618,0.550000,regular,108,16,2,108,0,0,0,0,0,conversation_service
FB00968,2016,1,4,10,product_photo,0.607618,0.550000,regular,368,12,0,368,0,0,0,0,0,conversation_service
FB00969,2016,1,1,2,product_photo,0.607618,0.550000,regular,307,18,0,307,0,0,0,0,0,conversation_service
FB00970,2016,1,1,2,product_photo,0.607618,0.550000,regular,176,4,1,176,0,0,0,0,0,conversation_service
FB00972,2016,1,1,2,product_photo,0.607618,0.550000,regular,152,30,0,152,0,0,0,0,0,conversation_service
FB00979,2015,12,0,3,product_photo,0.607618,0.550000,regular,58,3,0,58,0,0,0,0,0,conversation_service
FB00980,2015,12,0,3,product_photo,0.607618,0.550000,regular,45,0,0,45,0,0,0,0,0,share_amplify
FB00981,2015,12,0,3,product_photo,0.607618,0.550000,regular,69,0,0,69,0,0,0,0,0,share_amplify
FB00982,2015,12,0,2,product_photo,0.607618,0.550000,regular,135,2,0,135,0,0,0,0,0,conversation_service
FB00985,2015,12,3,10,product_photo,0.607618,0.550000,regular,103,0,0,103,0,0,0,0,0,share_amplify
FB00989,2015,12,0,6,product_photo,0.607618,0.550000,regular,52,12,0,52,0,0,0,0,0,conversation_service
FB00991,2015,12,6,6,product_photo,0.607618,0.550000,regular,189,13,1,189,0,0,0,0,0,conversation_service
FB00995,2015,12,4,0,product_photo,0.607618,0.550000,regular,124,12,0,124,0,0,0,0,0,conversation_service
FB00996,2015,12,3,12,product_photo,0.607618,0.550000,regular,155,5,0,155,0,0,0,0,0,conversation_service
FB00997,2015,12,2,9,product_photo,0.607618,0.550000,regular,167,16,0,167,0,0,0,0,0,conversation_service
FB00998,2015,12,2,4,product_photo,0.607618,0.550000,regular,157,13,0,157,0,0,0,0,0,conversation_service
FB01000,2015,12,0,6,product_photo,0.607618,0.550000,regular,230,20,0,230,0,0,0,0,0,conversation_service
FB01001,2015,12,2,9,product_photo,0.607618,0.550000,regular,136,5,1,136,0,0,0,0,0,conversation_service
FB01004,2015,12,5,23,product_photo,0.607618,0.550000,regular,129,13,0,129,0,0,0,0,0,conversation_service
FB01005,2015,12,2,8,text_status,0.052110,3.000000,low_support,376,18,16,376,0,0,0,0,0,share_amplify
FB01008,2015,11,1,2,text_status,0.052110,3.000000,low_support,106,12,2,106,0,0,0,0,0,conversation_service
FB01009,2015,11,0,7,product_photo,0.607618,0.550000,regular,88,3,0,88,0,0,0,0,0,conversation_service
FB01011,2015,11,5,8,text_status,0.052110,3.000000,low_support,1052,12,7,1052,0,0,0,0,0,share_amplify
FB01013,2015,11,3,20,product_photo,0.607618,0.550000,regular,1552,23,0,1552,0,0,0,0,0,conversation_service
FB01014,2015,11,3,20,product_photo,0.607618,0.550000,regular,1580,14,1,1580,0,0,0,0,0,conversation_service
FB01015,2015,11,0,21,text_status,0.052110,3.000000,low_support,1241,6,0,1241,0,0,0,0,0,conversation_service
FB01016,2015,11,0,3,text_status,0.052110,3.000000,low_support,1054,9,0,1054,0,0,0,0,0,conversation_service
FB01019,2015,11,2,3,text_status,0.052110,3.000000,low_support,1768,0,1,1768,0,0,0,0,0,share_amplify
FB01020,2015,11,2,2,text_status,0.052110,3.000000,low_support,951,13,1,951,0,0,0,0,0,conversation_service
FB01021,2015,11,1,2,text_status,0.052110,3.000000,low_support,1223,34,0,1223,0,0,0,0,0,conversation_service
FB01022,2015,11,6,7,text_status,0.052110,3.000000,low_support,987,13,1,987,0,0,0,0,0,conversation_service
FB01024,2015,11,4,21,product_photo,0.607618,0.550000,regular,102,1,0,102,0,0,0,0,0,share_amplify
FB01028,2015,11,2,3,product_photo,0.607618,0.550000,regular,1194,14,0,1194,0,0,0,0,0,conversation_service
FB01031,2015,11,0,20,product_photo,0.607618,0.550000,regular,1145,25,0,1145,0,0,0,0,0,conversation_service
FB01032,2015,11,0,5,text_status,0.052110,3.000000,low_support,950,8,3,950,0,0,0,0,0,share_amplify
FB01033,2015,11,6,22,product_photo,0.607618,0.550000,regular,2024,23,1,2024,0,0,0,0,0,conversation_service
FB01036,2015,11,6,2,text_status,0.052110,3.000000,low_support,974,10,0,974,0,0,0,0,0,conversation_service
FB01037,2015,10,5,23,product_photo,0.607618,0.550000,regular,1139,57,0,1139,0,0,0,0,0,conversation_service
FB01038,2015,10,5,23,text_status,0.052110,3.000000,low_support,1061,5,0,1061,0,0,0,0,0,conversation_service
FB01040,2015,10,4,6,text_status,0.052110,3.000000,low_support,991,10,1,991,0,0,0,0,0,conversation_service
FB01043,2015,10,4,1,text_status,0.052110,3.000000,low_support,1251,17,1,1251,0,0,0,0,0,conversation_service
FB01044,2015,10,3,23,text_status,0.052110,3.000000,low_support,968,9,0,968,0,0,0,0,0,conversation_service
FB01045,2015,10,2,22,text_status,0.052110,3.000000,low_support,1338,6,1,1338,0,0,0,0,0,conversation_service
FB01046,2015,10,2,7,product_photo,0.607618,0.550000,regular,948,5,0,948,0,0,0,0,0,conversation_service
FB01048,2015,10,2,6,product_photo,0.607618,0.550000,regular,1914,0,2,1914,0,0,0,0,0,share_amplify
FB01049,2015,10,2,4,text_status,0.052110,3.000000,low_support,1377,5,0,1377,0,0,0,0,0,conversation_service
FB01053,2015,10,1,6,text_status,0.052110,3.000000,low_support,1363,12,0,1363,0,0,0,0,0,conversation_service
FB01055,2015,10,0,9,product_photo,0.607618,0.550000,regular,1080,28,0,1080,0,0,0,0,0,conversation_service
FB01056,2015,10,6,3,text_status,0.052110,3.000000,low_support,994,9,0,994,0,0,0,0,0,conversation_service
FB01058,2015,10,5,9,product_photo,0.607618,0.550000,regular,954,6,1,954,0,0,0,0,0,conversation_service
FB01062,2015,10,5,3,text_status,0.052110,3.000000,low_support,1356,10,1,1356,0,0,0,0,0,conversation_service
FB01063,2015,10,4,14,product_photo,0.607618,0.550000,regular,1774,2,0,1774,0,0,0,0,0,conversation_service
FB01064,2015,10,2,23,text_status,0.052110,3.000000,low_support,1230,49,0,1230,0,0,0,0,0,conversation_service
FB01065,2015,10,2,23,product_photo,0.607618,0.550000,regular,1451,14,4,1451,0,0,0,0,0,share_amplify
FB01068,2015,10,1,22,product_photo,0.607618,0.550000,regular,2632,11,0,2632,0,0,0,0,0,conversation_service
FB01070,2015,10,4,23,text_status,0.052110,3.000000,low_support,1218,12,1,1218,0,0,0,0,0,conversation_service
FB01071,2015,10,4,21,product_photo,0.607618,0.550000,regular,1724,129,105,1724,0,0,0,0,0,share_amplify
FB01072,2015,10,0,6,product_photo,0.607618,0.550000,regular,2773,8,1,2773,0,0,0,0,0,conversation_service
FB01073,2015,10,0,2,text_status,0.052110,3.000000,low_support,1259,211,78,1259,0,0,0,0,0,share_amplify
FB01076,2015,10,4,1,text_status,0.052110,3.000000,low_support,1164,222,72,1164,0,0,0,0,0,share_amplify
FB01077,2015,10,4,0,product_photo,0.607618,0.550000,regular,1029,11,1,1029,0,0,0,0,0,conversation_service
FB01078,2015,10,3,3,live_video,0.330926,1.269166,policy_shift,1197,12,5,1197,0,0,0,0,0,share_amplify
FB01080,2015,10,3,0,live_video,0.330926,1.269166,policy_shift,121,14,11,121,0,0,0,0,0,share_amplify
FB01084,2015,10,0,1,product_photo,0.607618,0.550000,regular,1069,20,3,1069,0,0,0,0,0,conversation_service
FB01086,2015,9,0,6,product_photo,0.607618,0.550000,regular,1825,13,0,1825,0,0,0,0,0,conversation_service
FB01087,2015,9,0,3,product_photo,0.607618,0.550000,regular,1880,1,0,1880,0,0,0,0,0,share_amplify
FB01088,2015,9,0,0,product_photo,0.607618,0.550000,regular,1265,10,0,1265,0,0,0,0,0,conversation_service
FB01090,2015,9,3,2,product_photo,0.607618,0.550000,regular,1700,290,87,1700,0,0,0,0,0,share_amplify
FB01091,2015,9,3,1,product_photo,0.607618,0.550000,regular,976,2,0,976,0,0,0,0,0,conversation_service
FB01092,2015,9,2,4,product_photo,0.607618,0.550000,regular,1077,21,3,1077,0,0,0,0,0,conversation_service
FB01093,2015,9,6,22,text_status,0.052110,3.000000,low_support,1346,330,72,1346,0,0,0,0,0,share_amplify
FB01094,2015,9,6,22,product_photo,0.607618,0.550000,regular,1188,14,1,1188,0,0,0,0,0,conversation_service
FB01096,2015,9,2,7,product_photo,0.607618,0.550000,regular,1898,28,3,1898,0,0,0,0,0,conversation_service
FB01098,2015,9,0,1,live_video,0.330926,1.269166,policy_shift,1092,17,23,1092,0,0,0,0,0,share_amplify
FB01100,2015,9,6,1,text_status,0.052110,3.000000,low_support,992,7,0,992,0,0,0,0,0,conversation_service
FB01101,2015,9,6,1,text_status,0.052110,3.000000,low_support,1172,199,62,1172,0,0,0,0,0,share_amplify
FB01102,2015,9,6,0,live_video,0.330926,1.269166,policy_shift,1646,12,14,1646,0,0,0,0,0,share_amplify
FB01104,2015,9,5,2,live_video,0.330926,1.269166,policy_shift,2020,12,26,2020,0,0,0,0,0,share_amplify
FB01106,2015,9,4,1,product_photo,0.607618,0.550000,regular,1830,15,0,1830,0,0,0,0,0,conversation_service
FB01108,2015,9,3,4,product_photo,0.607618,0.550000,regular,1128,10,8,1128,0,0,0,0,0,share_amplify
FB01112,2015,9,4,0,product_photo,0.607618,0.550000,regular,2042,225,76,2042,0,0,0,0,0,share_amplify
FB01113,2015,9,1,0,product_photo,0.607618,0.550000,regular,1125,363,122,1125,0,0,0,0,0,share_amplify
FB01116,2015,8,5,23,product_photo,0.607618,0.550000,regular,2444,24,1,2444,0,0,0,0,0,conversation_service
FB01118,2015,8,5,2,text_status,0.052110,3.000000,low_support,1042,8,0,1042,0,0,0,0,0,conversation_service
FB01119,2015,8,4,23,product_photo,0.607618,0.550000,regular,1231,27,1,1231,0,0,0,0,0,conversation_service
FB01120,2015,8,3,4,product_photo,0.607618,0.550000,regular,2045,25,5,2045,0,0,0,0,0,conversation_service
FB01121,2015,8,3,3,live_video,0.330926,1.269166,policy_shift,1915,74,103,1915,0,0,0,0,0,share_amplify
FB01122,2015,8,3,0,product_photo,0.607618,0.550000,regular,1995,21,8,1995,0,0,0,0,0,share_amplify
FB01123,2015,8,2,23,product_photo,0.607618,0.550000,regular,2183,56,14,2183,0,0,0,0,0,share_amplify
FB01125,2015,8,1,0,product_photo,0.607618,0.550000,regular,1805,15,0,1805,0,0,0,0,0,conversation_service
FB01130,2015,8,2,5,product_photo,0.607618,0.550000,regular,2606,2,0,2606,0,0,0,0,0,conversation_service
FB01134,2015,8,3,3,text_status,0.052110,3.000000,low_support,1987,13,0,1987,0,0,0,0,0,conversation_service
FB01138,2015,8,6,4,link_teaser,0.009346,3.000000,low_support,2214,1,0,2214,0,0,0,0,0,share_amplify
FB01140,2015,8,5,1,live_video,0.330926,1.269166,policy_shift,2025,7,4,2025,0,0,0,0,0,share_amplify
FB01141,2015,7,2,2,text_status,0.052110,3.000000,low_support,1968,6,1,1968,0,0,0,0,0,conversation_service
FB01143,2015,7,6,4,product_photo,0.607618,0.550000,regular,2211,361,93,2211,0,0,0,0,0,share_amplify
FB01148,2015,7,3,21,product_photo,0.607618,0.550000,regular,2489,32,0,2489,0,0,0,0,0,conversation_service
FB01151,2015,7,0,22,product_photo,0.607618,0.550000,regular,2314,509,35,2314,0,0,0,0,0,conversation_service
FB01153,2015,7,6,0,product_photo,0.607618,0.550000,regular,2404,11,0,2404,0,0,0,0,0,conversation_service
FB01155,2015,7,2,8,product_photo,0.607618,0.550000,regular,1191,22,2,1191,0,0,0,0,0,conversation_service
FB01156,2015,6,0,23,product_photo,0.607618,0.550000,regular,1392,10,0,1392,0,0,0,0,0,conversation_service
FB01157,2015,6,4,1,live_video,0.330926,1.269166,policy_shift,2204,10,9,2204,0,0,0,0,0,share_amplify
FB01160,2015,6,3,7,product_photo,0.607618,0.550000,regular,12,1,0,12,0,0,0,0,0,routine_watch
FB01163,2015,6,1,4,live_video,0.330926,1.269166,policy_shift,1926,4,15,1926,0,0,0,0,0,share_amplify
FB01165,2015,6,6,23,text_status,0.052110,3.000000,low_support,2419,15,14,2419,0,0,0,0,0,share_amplify
FB01166,2015,6,6,23,text_status,0.052110,3.000000,low_support,2297,14,0,2297,0,0,0,0,0,conversation_service
FB01168,2015,6,6,1,live_video,0.330926,1.269166,policy_shift,2033,11,12,2033,0,0,0,0,0,share_amplify
FB01169,2015,6,6,1,product_photo,0.607618,0.550000,regular,2414,22,0,2414,0,0,0,0,0,conversation_service
FB01174,2015,6,3,3,live_video,0.330926,1.269166,policy_shift,2201,2,1,2201,0,0,0,0,0,share_amplify
FB01176,2015,6,2,4,link_teaser,0.009346,3.000000,low_support,1940,70,12,1940,0,0,0,0,0,conversation_service
FB01181,2015,6,2,9,live_video,0.330926,1.269166,policy_shift,55,2,9,55,0,0,0,0,0,share_amplify
FB01182,2015,6,2,4,product_photo,0.607618,0.550000,regular,2242,7,6,2242,0,0,0,0,0,share_amplify
FB01183,2015,6,0,11,product_photo,0.607618,0.550000,regular,2028,16,0,2028,0,0,0,0,0,conversation_service
FB01184,2015,6,0,5,live_video,0.330926,1.269166,policy_shift,2300,1,6,2300,0,0,0,0,0,share_amplify
FB01185,2015,6,6,5,product_photo,0.607618,0.550000,regular,6,0,1,6,0,0,0,0,0,routine_watch
FB01189,2015,6,3,22,product_photo,0.607618,0.550000,regular,2276,30,1,2276,0,0,0,0,0,conversation_service
FB01190,2015,6,3,2,text_status,0.052110,3.000000,low_support,2319,14,2,2319,0,0,0,0,0,conversation_service
FB01192,2015,6,1,4,live_video,0.330926,1.269166,policy_shift,2329,13,18,2329,0,0,0,0,0,share_amplify
FB01194,2015,6,0,3,live_video,0.330926,1.269166,policy_shift,2252,0,1,2252,0,0,0,0,0,share_amplify
FB01197,2015,5,4,3,product_photo,0.607618,0.550000,regular,2095,213,68,2095,0,0,0,0,0,share_amplify
FB01198,2015,5,4,3,product_photo,0.607618,0.550000,regular,2030,28,0,2030,0,0,0,0,0,conversation_service
FB01201,2015,5,2,0,product_photo,0.607618,0.550000,regular,2118,6,0,2118,0,0,0,0,0,conversation_service
FB01202,2015,5,1,21,product_photo,0.607618,0.550000,regular,2112,28,2,2112,0,0,0,0,0,conversation_service
FB01203,2015,5,1,6,product_photo,0.607618,0.550000,regular,2675,13,0,2675,0,0,0,0,0,conversation_service
FB01206,2015,5,0,2,live_video,0.330926,1.269166,policy_shift,1892,4,1,1892,0,0,0,0,0,conversation_service
FB01208,2015,5,6,5,live_video,0.330926,1.269166,policy_shift,3639,175,101,3639,0,0,0,0,0,share_amplify
FB01214,2015,5,6,22,live_video,0.330926,1.269166,policy_shift,2999,281,87,2999,0,0,0,0,0,share_amplify
FB01215,2015,5,5,1,live_video,0.330926,1.269166,policy_shift,1904,5,1,1904,0,0,0,0,0,conversation_service
FB01216,2015,5,4,4,product_photo,0.607618,0.550000,regular,2402,4,0,2402,0,0,0,0,0,conversation_service
FB01217,2015,5,2,22,product_photo,0.607618,0.550000,regular,2239,42,2,2239,0,0,0,0,0,conversation_service
FB01219,2015,4,4,4,live_video,0.330926,1.269166,policy_shift,2374,8,9,2374,0,0,0,0,0,share_amplify
FB01223,2015,4,3,3,product_photo,0.607618,0.550000,regular,2032,3,0,2032,0,0,0,0,0,conversation_service
FB01224,2015,4,3,3,product_photo,0.607618,0.550000,regular,2154,6,2,2154,0,0,0,0,0,share_amplify
FB01225,2015,4,3,3,product_photo,0.607618,0.550000,regular,1997,3,1,1997,0,0,0,0,0,share_amplify
FB01230,2015,4,4,6,product_photo,0.607618,0.550000,regular,4710,50,1,4710,0,0,0,0,0,conversation_service
FB01234,2015,4,1,5,product_photo,0.607618,0.550000,regular,2255,10,2,2255,0,0,0,0,0,conversation_service
FB01236,2015,4,0,21,product_photo,0.607618,0.550000,regular,2051,7,2,2051,0,0,0,0,0,share_amplify
FB01237,2015,4,4,22,product_photo,0.607618,0.550000,regular,2350,11,0,2350,0,0,0,0,0,conversation_service
FB01239,2015,3,2,0,text_status,0.052110,3.000000,low_support,2291,108,0,2291,0,0,0,0,0,conversation_service
FB01244,2015,3,4,0,text_status,0.052110,3.000000,low_support,2148,32,1,2148,0,0,0,0,0,conversation_service
FB01248,2015,3,2,4,product_photo,0.607618,0.550000,regular,1379,20,0,1379,0,0,0,0,0,conversation_service
FB01250,2015,3,0,9,product_photo,0.607618,0.550000,regular,1509,26,2,1509,0,0,0,0,0,conversation_service
FB01254,2015,2,5,3,text_status,0.052110,3.000000,low_support,1496,85,0,1496,0,0,0,0,0,conversation_service
FB01256,2015,2,4,23,text_status,0.052110,3.000000,low_support,1526,14,0,1526,0,0,0,0,0,conversation_service
FB01257,2015,2,3,22,product_photo,0.607618,0.550000,regular,1159,32,4,1159,0,0,0,0,0,conversation_service
FB01258,2015,2,1,7,link_teaser,0.009346,3.000000,low_support,1010,14,4,1010,0,0,0,0,0,share_amplify
FB01259,2015,2,4,12,product_photo,0.607618,0.550000,regular,1182,29,5,1182,0,0,0,0,0,conversation_service
FB01261,2015,2,3,6,product_photo,0.607618,0.550000,regular,1473,12,1,1473,0,0,0,0,0,conversation_service
FB01263,2015,2,2,23,product_photo,0.607618,0.550000,regular,1864,9,0,1864,0,0,0,0,0,conversation_service
FB01264,2015,2,2,20,link_teaser,0.009346,3.000000,low_support,1032,9,0,1032,0,0,0,0,0,conversation_service
FB01265,2015,2,2,0,product_photo,0.607618,0.550000,regular,1630,15,1,1630,0,0,0,0,0,conversation_service
FB01266,2015,2,6,23,product_photo,0.607618,0.550000,regular,545,13,0,545,0,0,0,0,0,conversation_service
FB01267,2015,2,6,3,product_photo,0.607618,0.550000,regular,1193,38,5,1193,0,0,0,0,0,conversation_service
FB01269,2015,2,5,13,product_photo,0.607618,0.550000,regular,1272,7,1,1272,0,0,0,0,0,conversation_service
FB01270,2015,2,4,22,product_photo,0.607618,0.550000,regular,1238,21,0,1238,0,0,0,0,0,conversation_service
FB01271,2015,2,4,4,product_photo,0.607618,0.550000,regular,1500,13,1,1500,0,0,0,0,0,conversation_service
FB01274,2015,2,0,9,product_photo,0.607618,0.550000,regular,1246,41,3,1246,0,0,0,0,0,conversation_service
FB01275,2015,2,6,5,product_photo,0.607618,0.550000,regular,1540,25,2,1540,0,0,0,0,0,conversation_service
FB01276,2015,2,0,4,product_photo,0.607618,0.550000,regular,1282,35,4,1282,0,0,0,0,0,conversation_service
FB01277,2015,2,6,3,product_photo,0.607618,0.550000,regular,1253,42,6,1253,0,0,0,0,0,conversation_service
FB01279,2015,1,3,22,product_photo,0.607618,0.550000,regular,1445,40,3,1445,0,0,0,0,0,conversation_service
FB01281,2015,1,0,22,product_photo,0.607618,0.550000,regular,1610,55,8,1610,0,0,0,0,0,conversation_service
FB01282,2015,1,0,6,live_video,0.330926,1.269166,policy_shift,1714,36,9,1714,0,0,0,0,0,conversation_service
FB01285,2015,1,5,23,text_status,0.052110,3.000000,low_support,1667,6,0,1667,0,0,0,0,0,conversation_service
FB01286,2015,1,4,23,live_video,0.330926,1.269166,policy_shift,1204,9,5,1204,0,0,0,0,0,share_amplify
FB01287,2015,1,4,19,link_teaser,0.009346,3.000000,low_support,1182,0,0,1182,0,0,0,0,0,share_amplify
FB01291,2015,1,0,0,product_photo,0.607618,0.550000,regular,1469,51,4,1469,0,0,0,0,0,conversation_service
FB01292,2015,1,0,0,product_photo,0.607618,0.550000,regular,1668,10,1,1668,0,0,0,0,0,conversation_service
FB01293,2015,1,6,22,product_photo,0.607618,0.550000,regular,2000,9,1,2000,0,0,0,0,0,conversation_service
FB01295,2015,1,5,12,link_teaser,0.009346,3.000000,low_support,1342,4,0,1342,0,0,0,0,0,conversation_service
FB01300,2015,1,1,0,live_video,0.330926,1.269166,policy_shift,1277,14,29,1277,0,0,0,0,0,share_amplify
FB01307,2015,1,5,5,product_photo,0.607618,0.550000,regular,1300,18,1,1300,0,0,0,0,0,conversation_service
FB01309,2015,1,2,2,link_teaser,0.009346,3.000000,low_support,1444,6,1,1444,0,0,0,0,0,conversation_service
FB01311,2015,1,2,2,product_photo,0.607618,0.550000,regular,366,28,5,366,0,0,0,0,0,conversation_service
FB01312,2015,1,4,23,product_photo,0.607618,0.550000,regular,1424,6,0,1424,0,0,0,0,0,conversation_service
FB01314,2014,12,2,7,live_video,0.330926,1.269166,policy_shift,1501,113,38,1501,0,0,0,0,0,share_amplify
FB01316,2014,11,4,5,product_photo,0.607618,0.550000,regular,40,0,0,40,0,0,0,0,0,share_amplify
FB01317,2014,10,5,9,live_video,0.330926,1.269166,policy_shift,1078,131,50,1078,0,0,0,0,0,share_amplify
FB01318,2014,10,1,23,product_photo,0.607618,0.550000,regular,413,29,3,413,0,0,0,0,0,conversation_service
FB01319,2014,10,6,6,live_video,0.330926,1.269166,policy_shift,1077,243,65,1077,0,0,0,0,0,share_amplify
FB01321,2014,10,0,7,live_video,0.330926,1.269166,policy_shift,748,38,12,748,0,0,0,0,0,share_amplify
FB01322,2014,10,2,23,product_photo,0.607618,0.550000,regular,0,0,0,0,0,0,0,0,0,routine_watch
FB01324,2014,9,4,22,product_photo,0.607618,0.550000,regular,9,0,1,9,0,0,0,0,0,routine_watch
FB01327,2014,9,4,13,product_photo,0.607618,0.550000,regular,15,0,0,15,0,0,0,0,0,routine_watch
FB01329,2014,8,6,2,live_video,0.330926,1.269166,policy_shift,616,11,0,616,0,0,0,0,0,conversation_service
FB01331,2014,8,3,5,live_video,0.330926,1.269166,policy_shift,1343,15,3,1343,0,0,0,0,0,conversation_service
FB01333,2014,8,2,5,live_video,0.330926,1.269166,policy_shift,1053,5,1,1053,0,0,0,0,0,conversation_service
FB01334,2014,7,0,4,live_video,0.330926,1.269166,policy_shift,1272,17,0,1272,0,0,0,0,0,conversation_service
FB01336,2014,7,6,3,live_video,0.330926,1.269166,policy_shift,2713,67,15,2713,0,0,0,0,0,conversation_service
FB01337,2014,7,6,3,live_video,0.330926,1.269166,policy_shift,1529,22,7,1529,0,0,0,0,0,share_amplify
FB01338,2014,7,2,20,live_video,0.330926,1.269166,policy_shift,753,9,0,753,0,0,0,0,0,conversation_service
FB01340,2014,7,2,6,live_video,0.330926,1.269166,policy_shift,1429,34,14,1429,0,0,0,0,0,share_amplify
FB01342,2014,7,5,7,live_video,0.330926,1.269166,policy_shift,3730,156,93,3730,0,0,0,0,0,share_amplify
FB01343,2014,7,2,1,live_video,0.330926,1.269166,policy_shift,357,7,1,357,0,0,0,0,0,conversation_service
FB01344,2014,7,1,9,product_photo,0.607618,0.550000,regular,358,1,0,358,0,0,0,0,0,share_amplify
FB01345,2014,6,0,3,live_video,0.330926,1.269166,policy_shift,1211,84,8,1211,0,0,0,0,0,conversation_service
FB01346,2014,6,3,21,live_video,0.330926,1.269166,policy_shift,323,12,1,323,0,0,0,0,0,conversation_service
FB01347,2014,6,5,11,live_video,0.330926,1.269166,policy_shift,169,4,0,169,0,0,0,0,0,conversation_service
FB01349,2014,6,2,2,live_video,0.330926,1.269166,policy_shift,1058,29,12,1058,0,0,0,0,0,share_amplify
FB01350,2014,6,1,8,live_video,0.330926,1.269166,policy_shift,230,4,1,230,0,0,0,0,0,conversation_service
FB01355,2014,6,6,3,live_video,0.330926,1.269166,policy_shift,435,9,1,435,0,0,0,0,0,conversation_service
FB01357,2014,6,3,6,live_video,0.330926,1.269166,policy_shift,532,19,1,532,0,0,0,0,0,conversation_service
FB01359,2014,6,2,10,live_video,0.330926,1.269166,policy_shift,640,31,2,640,0,0,0,0,0,conversation_service
FB01360,2014,6,1,1,product_photo,0.607618,0.550000,regular,376,3,20,376,0,0,0,0,0,share_amplify
FB01362,2014,6,6,7,live_video,0.330926,1.269166,policy_shift,591,41,2,591,0,0,0,0,0,conversation_service
FB01363,2014,5,5,5,live_video,0.330926,1.269166,policy_shift,519,17,7,519,0,0,0,0,0,share_amplify
FB01365,2014,5,4,7,live_video,0.330926,1.269166,policy_shift,287,5,1,287,0,0,0,0,0,conversation_service
FB01367,2014,5,2,7,live_video,0.330926,1.269166,policy_shift,543,17,11,543,0,0,0,0,0,share_amplify
FB01371,2014,5,5,6,live_video,0.330926,1.269166,policy_shift,1013,24,0,1013,0,0,0,0,0,conversation_service
FB01372,2014,5,5,6,live_video,0.330926,1.269166,policy_shift,653,19,3,653,0,0,0,0,0,conversation_service
FB01374,2014,5,4,3,live_video,0.330926,1.269166,policy_shift,433,7,0,433,0,0,0,0,0,conversation_service
FB01382,2014,5,3,10,live_video,0.330926,1.269166,policy_shift,227,11,7,227,0,0,0,0,0,share_amplify
FB01383,2014,5,3,4,live_video,0.330926,1.269166,policy_shift,748,40,4,748,0,0,0,0,0,conversation_service
FB01384,2014,5,1,11,live_video,0.330926,1.269166,policy_shift,406,3,2,406,0,0,0,0,0,share_amplify
FB01386,2014,5,0,1,product_photo,0.607618,0.550000,regular,156,0,0,156,0,0,0,0,0,share_amplify
FB01387,2014,5,6,1,live_video,0.330926,1.269166,policy_shift,641,14,2,641,0,0,0,0,0,conversation_service
FB01389,2014,5,3,10,live_video,0.330926,1.269166,policy_shift,489,13,1,489,0,0,0,0,0,conversation_service
FB01391,2014,4,1,9,live_video,0.330926,1.269166,policy_shift,187,12,1,187,0,0,0,0,0,conversation_service
FB01393,2014,4,6,14,live_video,0.330926,1.269166,policy_shift,406,18,8,406,0,0,0,0,0,share_amplify
FB01394,2014,4,6,13,live_video,0.330926,1.269166,policy_shift,329,10,1,329,0,0,0,0,0,conversation_service
FB01395,2014,4,5,23,live_video,0.330926,1.269166,policy_shift,507,15,0,507,0,0,0,0,0,conversation_service
FB01396,2014,4,5,8,product_photo,0.607618,0.550000,regular,188,8,0,188,0,0,0,0,0,conversation_service
FB01398,2014,4,5,0,live_video,0.330926,1.269166,policy_shift,525,14,1,525,0,0,0,0,0,conversation_service
FB01399,2014,4,4,23,live_video,0.330926,1.269166,policy_shift,306,12,0,306,0,0,0,0,0,conversation_service
FB01401,2014,4,4,22,live_video,0.330926,1.269166,policy_shift,572,10,0,572,0,0,0,0,0,conversation_service
FB01402,2014,4,4,9,live_video,0.330926,1.269166,policy_shift,110,0,1,110,0,0,0,0,0,share_amplify
FB01404,2014,4,3,4,live_video,0.330926,1.269166,policy_shift,596,17,1,596,0,0,0,0,0,conversation_service
FB01410,2014,4,6,12,live_video,0.330926,1.269166,policy_shift,433,4,0,433,0,0,0,0,0,conversation_service
FB01413,2014,4,1,23,live_video,0.330926,1.269166,policy_shift,699,10,2,699,0,0,0,0,0,conversation_service
FB01416,2014,4,4,1,live_video,0.330926,1.269166,policy_shift,972,16,2,972,0,0,0,0,0,conversation_service
FB01417,2014,3,4,8,live_video,0.330926,1.269166,policy_shift,330,18,0,330,0,0,0,0,0,conversation_service
FB01419,2014,3,1,12,live_video,0.330926,1.269166,policy_shift,1923,234,5,1923,0,0,0,0,0,conversation_service
FB01420,2014,3,5,8,live_video,0.330926,1.269166,policy_shift,1467,107,1,1467,0,0,0,0,0,conversation_service
FB01421,2014,3,5,6,live_video,0.330926,1.269166,policy_shift,1989,36,5,1989,0,0,0,0,0,conversation_service
FB01422,2014,3,5,0,live_video,0.330926,1.269166,policy_shift,779,9,0,779,0,0,0,0,0,conversation_service
FB01424,2014,3,4,9,live_video,0.330926,1.269166,policy_shift,493,14,2,493,0,0,0,0,0,conversation_service
FB01426,2014,3,6,9,live_video,0.330926,1.269166,policy_shift,273,10,0,273,0,0,0,0,0,conversation_service
FB01427,2014,3,6,1,live_video,0.330926,1.269166,policy_shift,2613,50,3,2613,0,0,0,0,0,conversation_service
FB01428,2014,3,5,15,live_video,0.330926,1.269166,policy_shift,2137,44,3,2137,0,0,0,0,0,conversation_service
FB01430,2014,3,5,5,live_video,0.330926,1.269166,policy_shift,3919,77,12,3919,0,0,0,0,0,conversation_service
FB01434,2014,3,1,23,live_video,0.330926,1.269166,policy_shift,767,26,2,767,0,0,0,0,0,conversation_service
FB01435,2014,3,1,5,live_video,0.330926,1.269166,policy_shift,722,9,1,722,0,0,0,0,0,conversation_service
FB01436,2014,3,0,22,link_teaser,0.009346,3.000000,low_support,37,0,0,37,0,0,0,0,0,share_amplify
FB01441,2014,3,0,5,live_video,0.330926,1.269166,policy_shift,685,10,2,685,0,0,0,0,0,conversation_service
FB01443,2014,3,6,10,live_video,0.330926,1.269166,policy_shift,353,0,3,353,0,0,0,0,0,share_amplify
FB01445,2014,3,6,2,live_video,0.330926,1.269166,policy_shift,2669,23,2,2669,0,0,0,0,0,conversation_service
FB01447,2014,3,5,23,live_video,0.330926,1.269166,policy_shift,973,8,1,973,0,0,0,0,0,conversation_service
FB01448,2014,3,5,10,live_video,0.330926,1.269166,policy_shift,778,24,2,778,0,0,0,0,0,conversation_service
FB01449,2014,3,5,9,live_video,0.330926,1.269166,policy_shift,551,2,0,551,0,0,0,0,0,conversation_service
FB01451,2014,3,5,8,live_video,0.330926,1.269166,policy_shift,493,17,1,493,0,0,0,0,0,conversation_service
FB01453,2014,3,3,11,live_video,0.330926,1.269166,policy_shift,405,6,1,405,0,0,0,0,0,conversation_service
FB01456,2014,3,3,5,live_video,0.330926,1.269166,policy_shift,367,7,0,367,0,0,0,0,0,conversation_service
FB01457,2014,3,3,5,live_video,0.330926,1.269166,policy_shift,500,16,0,500,0,0,0,0,0,conversation_service
FB01470,2014,2,4,5,live_video,0.330926,1.269166,policy_shift,849,25,1,849,0,0,0,0,0,conversation_service
FB01471,2014,2,1,12,live_video,0.330926,1.269166,policy_shift,109,6,3,109,0,0,0,0,0,share_amplify
FB01472,2014,2,0,6,live_video,0.330926,1.269166,policy_shift,413,7,2,413,0,0,0,0,0,share_amplify
FB01474,2014,2,6,8,live_video,0.330926,1.269166,policy_shift,425,12,0,425,0,0,0,0,0,conversation_service
FB01476,2014,2,6,8,live_video,0.330926,1.269166,policy_shift,313,6,0,313,0,0,0,0,0,conversation_service
FB01478,2014,2,6,1,live_video,0.330926,1.269166,policy_shift,714,46,5,714,0,0,0,0,0,conversation_service
FB01480,2014,2,5,1,live_video,0.330926,1.269166,policy_shift,462,15,0,462,0,0,0,0,0,conversation_service
FB01481,2014,2,4,0,product_photo,0.607618,0.550000,regular,41,2,0,41,0,0,0,0,0,conversation_service
FB01485,2014,2,0,9,product_photo,0.607618,0.550000,regular,344,10,0,344,0,0,0,0,0,conversation_service
FB01486,2014,2,5,18,live_video,0.330926,1.269166,policy_shift,621,16,8,621,0,0,0,0,0,share_amplify
FB01490,2014,2,3,14,live_video,0.330926,1.269166,policy_shift,327,6,6,327,0,0,0,0,0,share_amplify
FB01491,2014,2,3,12,live_video,0.330926,1.269166,policy_shift,505,21,11,505,0,0,0,0,0,share_amplify
FB01492,2014,2,3,6,live_video,0.330926,1.269166,policy_shift,424,6,0,424,0,0,0,0,0,conversation_service
FB01493,2014,2,3,5,live_video,0.330926,1.269166,policy_shift,514,10,2,514,0,0,0,0,0,conversation_service
FB01494,2014,2,2,11,live_video,0.330926,1.269166,policy_shift,412,17,0,412,0,0,0,0,0,conversation_service
FB01496,2014,2,2,5,live_video,0.330926,1.269166,policy_shift,233,4,0,233,0,0,0,0,0,conversation_service
FB01498,2014,2,5,0,live_video,0.330926,1.269166,policy_shift,800,26,2,800,0,0,0,0,0,conversation_service
FB01504,2014,1,4,9,live_video,0.330926,1.269166,policy_shift,437,31,0,437,0,0,0,0,0,conversation_service
FB01505,2014,1,3,8,product_photo,0.607618,0.550000,regular,219,8,0,219,0,0,0,0,0,conversation_service
FB01506,2014,1,2,5,live_video,0.330926,1.269166,policy_shift,267,9,0,267,0,0,0,0,0,conversation_service
FB01507,2014,1,1,5,live_video,0.330926,1.269166,policy_shift,321,12,2,321,0,0,0,0,0,conversation_service
FB01509,2014,1,1,4,live_video,0.330926,1.269166,policy_shift,318,14,0,318,0,0,0,0,0,conversation_service
FB01512,2014,1,1,0,live_video,0.330926,1.269166,policy_shift,417,6,0,417,0,0,0,0,0,conversation_service
FB01517,2014,1,6,4,live_video,0.330926,1.269166,policy_shift,981,32,6,981,0,0,0,0,0,conversation_service
FB01520,2014,1,1,23,live_video,0.330926,1.269166,policy_shift,542,9,0,542,0,0,0,0,0,conversation_service
FB01521,2014,1,1,6,live_video,0.330926,1.269166,policy_shift,254,2,0,254,0,0,0,0,0,conversation_service
FB01522,2014,1,0,9,live_video,0.330926,1.269166,policy_shift,325,36,0,325,0,0,0,0,0,conversation_service
FB01524,2014,1,6,2,live_video,0.330926,1.269166,policy_shift,247,8,0,247,0,0,0,0,0,conversation_service
FB01526,2014,1,6,12,live_video,0.330926,1.269166,policy_shift,396,30,1,396,0,0,0,0,0,conversation_service
FB01528,2014,1,6,6,live_video,0.330926,1.269166,policy_shift,204,1,0,204,0,0,0,0,0,share_amplify
FB01530,2014,1,6,0,product_photo,0.607618,0.550000,regular,6,0,0,6,0,0,0,0,0,routine_watch
FB01532,2014,1,5,2,live_video,0.330926,1.269166,policy_shift,240,7,0,240,0,0,0,0,0,conversation_service
FB01533,2014,1,5,0,live_video,0.330926,1.269166,policy_shift,479,18,1,479,0,0,0,0,0,conversation_service
FB01534,2014,1,4,9,live_video,0.330926,1.269166,policy_shift,282,7,0,282,0,0,0,0,0,conversation_service
FB01535,2014,1,4,7,live_video,0.330926,1.269166,policy_shift,107,1,2,107,0,0,0,0,0,share_amplify
FB01538,2014,1,2,10,live_video,0.330926,1.269166,policy_shift,157,9,3,157,0,0,0,0,0,share_amplify
FB01539,2014,1,2,7,live_video,0.330926,1.269166,policy_shift,358,19,1,358,0,0,0,0,0,conversation_service
FB01540,2014,1,2,3,product_photo,0.607618,0.550000,regular,45,1,0,45,0,0,0,0,0,share_amplify
FB01542,2014,1,1,23,live_video,0.330926,1.269166,policy_shift,328,21,5,328,0,0,0,0,0,conversation_service
FB01544,2014,1,6,14,live_video,0.330926,1.269166,policy_shift,202,10,1,202,0,0,0,0,0,conversation_service
FB01548,2013,12,1,23,live_video,0.330926,1.269166,policy_shift,101,2,1,101,0,0,0,0,0,share_amplify
FB01549,2013,12,1,11,live_video,0.330926,1.269166,policy_shift,258,7,0,258,0,0,0,0,0,conversation_service
FB01552,2013,12,5,6,product_photo,0.607618,0.550000,regular,46,4,0,46,0,0,0,0,0,conversation_service
FB01553,2013,12,4,7,product_photo,0.607618,0.550000,regular,63,0,0,63,0,0,0,0,0,share_amplify
FB01555,2013,12,3,10,live_video,0.330926,1.269166,policy_shift,126,5,2,126,0,0,0,0,0,share_amplify
FB01556,2013,12,2,23,live_video,0.330926,1.269166,policy_shift,175,6,0,175,0,0,0,0,0,conversation_service
FB01560,2013,12,1,9,product_photo,0.607618,0.550000,regular,100,1,1,100,0,0,0,0,0,share_amplify
FB01565,2013,12,5,22,product_photo,0.607618,0.550000,regular,75,0,0,75,0,0,0,0,0,share_amplify
FB01566,2013,12,4,23,product_photo,0.607618,0.550000,regular,101,1,0,101,0,0,0,0,0,share_amplify
FB01571,2013,12,2,9,product_photo,0.607618,0.550000,regular,134,3,0,134,0,0,0,0,0,conversation_service
FB01572,2013,12,2,6,product_photo,0.607618,0.550000,regular,72,0,0,72,0,0,0,0,0,share_amplify
FB01574,2013,12,1,3,live_video,0.330926,1.269166,policy_shift,221,2,0,221,0,0,0,0,0,conversation_service
FB01578,2013,12,6,9,product_photo,0.607618,0.550000,regular,216,8,0,216,0,0,0,0,0,conversation_service
FB01579,2013,12,6,5,live_video,0.330926,1.269166,policy_shift,110,0,0,110,0,0,0,0,0,share_amplify
FB01581,2013,12,5,9,live_video,0.330926,1.269166,policy_shift,225,13,0,225,0,0,0,0,0,conversation_service
FB01583,2013,12,4,8,product_photo,0.607618,0.550000,regular,91,6,0,91,0,0,0,0,0,conversation_service
FB01585,2013,12,4,6,live_video,0.330926,1.269166,policy_shift,562,0,0,562,0,0,0,0,0,share_amplify
FB01586,2013,12,4,3,product_photo,0.607618,0.550000,regular,184,0,0,184,0,0,0,0,0,share_amplify
FB01589,2013,12,0,8,live_video,0.330926,1.269166,policy_shift,57,0,0,57,0,0,0,0,0,share_amplify
FB01592,2013,12,3,22,product_photo,0.607618,0.550000,regular,263,14,0,263,0,0,0,0,0,conversation_service
FB01595,2013,12,2,1,product_photo,0.607618,0.550000,regular,114,3,0,114,0,0,0,0,0,conversation_service
FB01596,2013,12,1,7,product_photo,0.607618,0.550000,regular,187,9,0,187,0,0,0,0,0,conversation_service
FB01600,2013,11,2,20,product_photo,0.607618,0.550000,regular,99,11,0,99,0,0,0,0,0,conversation_service
FB01605,2013,11,2,9,product_photo,0.607618,0.550000,regular,113,2,0,113,0,0,0,0,0,conversation_service
FB01606,2013,11,2,0,product_photo,0.607618,0.550000,regular,61,0,0,61,0,0,0,0,0,share_amplify
FB01608,2013,11,2,0,product_photo,0.607618,0.550000,regular,66,1,0,66,0,0,0,0,0,share_amplify
FB01609,2013,11,1,10,live_video,0.330926,1.269166,policy_shift,638,34,9,638,0,0,0,0,0,share_amplify
FB01610,2013,11,1,0,live_video,0.330926,1.269166,policy_shift,154,0,0,154,0,0,0,0,0,share_amplify
FB01611,2013,11,0,23,live_video,0.330926,1.269166,policy_shift,95,9,3,95,0,0,0,0,0,share_amplify
FB01613,2013,11,0,23,product_photo,0.607618,0.550000,regular,71,2,1,71,0,0,0,0,0,share_amplify
FB01614,2013,11,0,2,live_video,0.330926,1.269166,policy_shift,813,6,0,813,0,0,0,0,0,conversation_service
FB01615,2013,11,0,1,live_video,0.330926,1.269166,policy_shift,506,44,7,506,0,0,0,0,0,conversation_service
FB01619,2013,11,6,4,product_photo,0.607618,0.550000,regular,179,11,0,179,0,0,0,0,0,conversation_service
FB01621,2013,11,4,22,live_video,0.330926,1.269166,policy_shift,203,3,1,203,0,0,0,0,0,share_amplify
FB01622,2013,11,4,21,product_photo,0.607618,0.550000,regular,277,52,2,277,0,0,0,0,0,conversation_service
FB01623,2013,11,4,20,live_video,0.330926,1.269166,policy_shift,62,2,0,62,0,0,0,0,0,conversation_service
FB01624,2013,11,4,5,live_video,0.330926,1.269166,policy_shift,200,6,0,200,0,0,0,0,0,conversation_service
FB01625,2013,11,3,10,product_photo,0.607618,0.550000,regular,339,30,0,339,0,0,0,0,0,conversation_service
FB01630,2013,11,4,21,product_photo,0.607618,0.550000,regular,59,0,0,59,0,0,0,0,0,share_amplify
FB01631,2013,11,2,11,live_video,0.330926,1.269166,policy_shift,110,12,3,110,0,0,0,0,0,conversation_service
FB01632,2013,11,2,10,live_video,0.330926,1.269166,policy_shift,147,13,2,147,0,0,0,0,0,conversation_service
FB01635,2013,11,1,5,live_video,0.330926,1.269166,policy_shift,351,5,2,351,0,0,0,0,0,share_amplify
FB01639,2013,11,0,6,live_video,0.330926,1.269166,policy_shift,560,22,12,560,0,0,0,0,0,share_amplify
FB01640,2013,11,6,2,live_video,0.330926,1.269166,policy_shift,374,9,16,374,0,0,0,0,0,share_amplify
FB01641,2013,11,5,23,live_video,0.330926,1.269166,policy_shift,559,22,7,559,0,0,0,0,0,share_amplify
FB01642,2013,11,5,10,live_video,0.330926,1.269166,policy_shift,169,6,5,169,0,0,0,0,0,share_amplify
FB01644,2013,11,5,7,live_video,0.330926,1.269166,policy_shift,58,2,4,58,0,0,0,0,0,share_amplify
FB01645,2013,11,5,7,live_video,0.330926,1.269166,policy_shift,164,4,9,164,0,0,0,0,0,share_amplify
FB01646,2013,11,5,5,live_video,0.330926,1.269166,policy_shift,614,24,21,614,0,0,0,0,0,share_amplify
FB01648,2013,11,5,3,live_video,0.330926,1.269166,policy_shift,129,9,3,129,0,0,0,0,0,share_amplify
FB01650,2013,11,5,3,live_video,0.330926,1.269166,policy_shift,438,14,19,438,0,0,0,0,0,share_amplify
FB01651,2013,11,4,23,live_video,0.330926,1.269166,policy_shift,304,20,24,304,0,0,0,0,0,share_amplify
FB01652,2013,11,4,23,live_video,0.330926,1.269166,policy_shift,116,2,10,116,0,0,0,0,0,share_amplify
FB01653,2013,11,4,8,live_video,0.330926,1.269166,policy_shift,135,1,2,135,0,0,0,0,0,share_amplify
FB01656,2013,10,2,11,product_photo,0.607618,0.550000,regular,128,3,0,128,0,0,0,0,0,conversation_service
FB01657,2013,10,1,8,product_photo,0.607618,0.550000,regular,55,4,4,55,0,0,0,0,0,share_amplify
FB01659,2013,10,5,7,product_photo,0.607618,0.550000,regular,58,0,0,58,0,0,0,0,0,share_amplify
FB01660,2013,10,5,5,product_photo,0.607618,0.550000,regular,83,0,0,83,0,0,0,0,0,share_amplify
FB01661,2013,10,5,5,product_photo,0.607618,0.550000,regular,164,6,0,164,0,0,0,0,0,conversation_service
FB01663,2013,10,4,3,live_video,0.330926,1.269166,policy_shift,133,17,5,133,0,0,0,0,0,share_amplify
FB01664,2013,10,3,12,live_video,0.330926,1.269166,policy_shift,91,6,6,91,0,0,0,0,0,share_amplify
FB01666,2013,10,3,9,live_video,0.330926,1.269166,policy_shift,50,3,0,50,0,0,0,0,0,conversation_service
FB01667,2013,10,3,7,live_video,0.330926,1.269166,policy_shift,243,0,0,243,0,0,0,0,0,share_amplify
FB01669,2013,10,2,11,live_video,0.330926,1.269166,policy_shift,243,5,5,243,0,0,0,0,0,share_amplify
FB01670,2013,10,2,11,live_video,0.330926,1.269166,policy_shift,141,1,1,141,0,0,0,0,0,share_amplify
FB01671,2013,10,2,10,live_video,0.330926,1.269166,policy_shift,130,0,5,130,0,0,0,0,0,share_amplify
FB01672,2013,10,1,10,live_video,0.330926,1.269166,policy_shift,65,2,4,65,0,0,0,0,0,share_amplify
FB01674,2013,10,6,2,product_photo,0.607618,0.550000,regular,75,3,0,75,0,0,0,0,0,conversation_service
FB01677,2013,10,4,7,product_photo,0.607618,0.550000,regular,45,1,0,45,0,0,0,0,0,share_amplify
FB01678,2013,10,4,3,product_photo,0.607618,0.550000,regular,93,8,0,93,0,0,0,0,0,conversation_service
FB01679,2013,10,4,2,live_video,0.330926,1.269166,policy_shift,73,0,2,73,0,0,0,0,0,share_amplify
FB01680,2013,10,4,0,product_photo,0.607618,0.550000,regular,82,5,0,82,0,0,0,0,0,conversation_service
FB01683,2013,10,3,9,live_video,0.330926,1.269166,policy_shift,52,5,3,52,0,0,0,0,0,share_amplify
FB01684,2013,10,3,1,product_photo,0.607618,0.550000,regular,32,1,0,32,0,0,0,0,0,share_amplify
FB01685,2013,10,3,1,product_photo,0.607618,0.550000,regular,140,18,0,140,0,0,0,0,0,conversation_service
FB01686,2013,10,2,23,product_photo,0.607618,0.550000,regular,113,5,0,113,0,0,0,0,0,conversation_service
FB01689,2013,10,2,11,live_video,0.330926,1.269166,policy_shift,107,5,5,107,0,0,0,0,0,share_amplify
FB01694,2013,10,6,6,product_photo,0.607618,0.550000,regular,70,3,0,70,0,0,0,0,0,conversation_service
FB01697,2013,10,5,10,live_video,0.330926,1.269166,policy_shift,265,5,0,265,0,0,0,0,0,conversation_service
FB01701,2013,10,4,1,live_video,0.330926,1.269166,policy_shift,190,6,1,190,0,0,0,0,0,conversation_service
FB01702,2013,10,4,0,live_video,0.330926,1.269166,policy_shift,83,1,0,83,0,0,0,0,0,share_amplify
FB01703,2013,10,3,10,product_photo,0.607618,0.550000,regular,51,1,0,51,0,0,0,0,0,share_amplify
FB01705,2013,10,3,0,live_video,0.330926,1.269166,policy_shift,135,14,0,135,0,0,0,0,0,conversation_service
FB01706,2013,10,2,22,live_video,0.330926,1.269166,policy_shift,273,35,2,273,0,0,0,0,0,conversation_service
FB01707,2013,10,2,12,live_video,0.330926,1.269166,policy_shift,87,25,4,87,0,0,0,0,0,conversation_service
FB01708,2013,10,2,0,live_video,0.330926,1.269166,policy_shift,240,30,2,240,0,0,0,0,0,conversation_service
FB01710,2013,10,0,10,live_video,0.330926,1.269166,policy_shift,23,7,16,23,0,0,0,0,0,share_amplify
FB01712,2013,10,3,12,product_photo,0.607618,0.550000,regular,18,0,0,18,0,0,0,0,0,routine_watch
FB01713,2013,10,2,1,product_photo,0.607618,0.550000,regular,59,5,0,59,0,0,0,0,0,conversation_service
FB01714,2013,9,6,1,product_photo,0.607618,0.550000,regular,44,0,0,44,0,0,0,0,0,share_amplify
FB01715,2013,9,5,21,product_photo,0.607618,0.550000,regular,28,0,0,28,0,0,0,0,0,routine_watch
FB01718,2013,9,2,3,product_photo,0.607618,0.550000,regular,17,0,1,17,0,0,0,0,0,routine_watch
FB01719,2013,9,1,7,product_photo,0.607618,0.550000,regular,74,15,1,74,0,0,0,0,0,conversation_service
FB01721,2013,9,1,0,product_photo,0.607618,0.550000,regular,65,2,10,65,0,0,0,0,0,share_amplify
FB01723,2013,9,3,2,product_photo,0.607618,0.550000,regular,78,8,0,78,0,0,0,0,0,conversation_service
FB01726,2013,9,2,3,product_photo,0.607618,0.550000,regular,19,24,0,19,0,0,0,0,0,conversation_service
FB01728,2013,9,2,2,product_photo,0.607618,0.550000,regular,77,12,0,77,0,0,0,0,0,conversation_service
FB01729,2013,9,2,2,live_video,0.330926,1.269166,policy_shift,137,3,1,137,0,0,0,0,0,share_amplify
FB01733,2013,9,0,10,product_photo,0.607618,0.550000,regular,13,1,0,13,0,0,0,0,0,routine_watch
FB01734,2013,9,0,10,product_photo,0.607618,0.550000,regular,10,0,0,10,0,0,0,0,0,routine_watch
FB01736,2013,9,1,2,product_photo,0.607618,0.550000,regular,49,0,0,49,0,0,0,0,0,share_amplify
FB01738,2013,8,2,2,product_photo,0.607618,0.550000,regular,29,1,0,29,0,0,0,0,0,routine_watch
FB01739,2013,8,6,22,product_photo,0.607618,0.550000,regular,24,2,2,24,0,0,0,0,0,routine_watch
FB01740,2013,8,5,23,product_photo,0.607618,0.550000,regular,156,17,0,156,0,0,0,0,0,conversation_service
FB01741,2013,8,1,12,product_photo,0.607618,0.550000,regular,56,1,0,56,0,0,0,0,0,share_amplify
FB01744,2013,8,3,0,product_photo,0.607618,0.550000,regular,25,1,0,25,0,0,0,0,0,routine_watch
FB01746,2013,7,2,10,product_photo,0.607618,0.550000,regular,45,5,0,45,0,0,0,0,0,conversation_service
FB01748,2013,7,2,4,product_photo,0.607618,0.550000,regular,8,0,0,8,0,0,0,0,0,routine_watch
FB01750,2013,7,0,7,product_photo,0.607618,0.550000,regular,131,8,0,131,0,0,0,0,0,conversation_service
FB01751,2013,7,0,6,product_photo,0.607618,0.550000,regular,32,3,0,32,0,0,0,0,0,conversation_service
FB01753,2013,7,0,6,product_photo,0.607618,0.550000,regular,90,10,4,90,0,0,0,0,0,share_amplify
FB01754,2013,7,2,21,product_photo,0.607618,0.550000,regular,122,2,0,122,0,0,0,0,0,conversation_service
FB01755,2013,7,2,12,product_photo,0.607618,0.550000,regular,5,0,0,5,0,0,0,0,0,routine_watch
FB01757,2013,7,2,1,product_photo,0.607618,0.550000,regular,31,1,0,31,0,0,0,0,0,share_amplify
FB01758,2013,7,2,0,product_photo,0.607618,0.550000,regular,80,4,0,80,0,0,0,0,0,conversation_service
FB01762,2013,7,5,9,product_photo,0.607618,0.550000,regular,92,10,1,92,0,0,0,0,0,conversation_service
FB01770,2013,7,3,7,product_photo,0.607618,0.550000,regular,79,7,1,79,0,0,0,0,0,conversation_service
FB01771,2013,7,0,2,product_photo,0.607618,0.550000,regular,104,3,1,104,0,0,0,0,0,share_amplify
FB01781,2013,6,1,22,product_photo,0.607618,0.550000,regular,4,0,1,4,0,0,0,0,0,routine_watch
FB01782,2013,6,1,3,product_photo,0.607618,0.550000,regular,51,0,0,51,0,0,0,0,0,share_amplify
FB01784,2013,6,6,3,product_photo,0.607618,0.550000,regular,45,0,0,45,0,0,0,0,0,share_amplify
FB01786,2013,6,4,22,product_photo,0.607618,0.550000,regular,54,1,0,54,0,0,0,0,0,share_amplify
FB01787,2013,6,3,23,product_photo,0.607618,0.550000,regular,65,4,0,65,0,0,0,0,0,conversation_service
FB01788,2013,6,3,3,product_photo,0.607618,0.550000,regular,73,0,0,73,0,0,0,0,0,share_amplify
FB01789,2013,6,2,22,product_photo,0.607618,0.550000,regular,43,3,0,43,0,0,0,0,0,conversation_service
FB01792,2013,6,6,7,product_photo,0.607618,0.550000,regular,39,3,0,39,0,0,0,0,0,conversation_service
FB01798,2013,6,5,1,product_photo,0.607618,0.550000,regular,43,2,0,43,0,0,0,0,0,conversation_service
FB01799,2013,6,4,13,product_photo,0.607618,0.550000,regular,30,1,0,30,0,0,0,0,0,share_amplify
FB01801,2013,6,4,8,product_photo,0.607618,0.550000,regular,49,2,2,49,0,0,0,0,0,share_amplify
FB01802,2013,6,3,8,product_photo,0.607618,0.550000,regular,67,6,0,67,0,0,0,0,0,conversation_service
FB01803,2013,6,3,3,product_photo,0.607618,0.550000,regular,20,1,0,20,0,0,0,0,0,routine_watch
FB01805,2013,6,1,23,product_photo,0.607618,0.550000,regular,58,6,1,58,0,0,0,0,0,conversation_service
FB01808,2013,6,6,0,product_photo,0.607618,0.550000,regular,7,0,2,7,0,0,0,0,0,routine_watch
FB01813,2013,6,0,7,product_photo,0.607618,0.550000,regular,13,0,1,13,0,0,0,0,0,routine_watch
FB01814,2013,6,6,17,product_photo,0.607618,0.550000,regular,8,1,1,8,0,0,0,0,0,routine_watch
FB01815,2013,6,6,11,product_photo,0.607618,0.550000,regular,35,1,0,35,0,0,0,0,0,share_amplify
FB01816,2013,6,6,3,product_photo,0.607618,0.550000,regular,37,0,0,37,0,0,0,0,0,share_amplify
FB01818,2013,5,4,20,product_photo,0.607618,0.550000,regular,114,9,0,114,0,0,0,0,0,conversation_service
FB01820,2013,5,3,18,product_photo,0.607618,0.550000,regular,43,0,0,43,0,0,0,0,0,share_amplify
FB01825,2013,5,1,3,product_photo,0.607618,0.550000,regular,79,1,0,79,0,0,0,0,0,share_amplify
FB01826,2013,5,1,3,product_photo,0.607618,0.550000,regular,49,1,0,49,0,0,0,0,0,share_amplify
FB01827,2013,5,5,23,product_photo,0.607618,0.550000,regular,31,0,0,31,0,0,0,0,0,share_amplify
FB01829,2013,5,6,21,product_photo,0.607618,0.550000,regular,6,0,2,6,0,0,0,0,0,routine_watch
FB01831,2013,5,6,15,product_photo,0.607618,0.550000,regular,5,1,1,5,0,0,0,0,0,routine_watch
FB01833,2013,5,6,4,product_photo,0.607618,0.550000,regular,32,0,7,32,0,0,0,0,0,share_amplify
FB01834,2013,5,5,11,product_photo,0.607618,0.550000,regular,33,1,0,33,0,0,0,0,0,share_amplify
FB01836,2013,5,2,7,product_photo,0.607618,0.550000,regular,102,16,0,102,0,0,0,0,0,conversation_service
FB01840,2013,5,1,22,product_photo,0.607618,0.550000,regular,27,0,5,27,0,0,0,0,0,share_amplify
FB01841,2013,5,1,22,product_photo,0.607618,0.550000,regular,78,4,35,78,0,0,0,0,0,share_amplify
FB01842,2013,5,6,5,product_photo,0.607618,0.550000,regular,29,0,0,29,0,0,0,0,0,routine_watch
FB01843,2013,5,3,2,product_photo,0.607618,0.550000,regular,66,9,0,66,0,0,0,0,0,conversation_service
FB01845,2013,4,5,13,product_photo,0.607618,0.550000,regular,57,9,1,57,0,0,0,0,0,conversation_service
FB01847,2013,4,5,8,product_photo,0.607618,0.550000,regular,82,14,0,82,0,0,0,0,0,conversation_service
FB01848,2013,4,5,6,product_photo,0.607618,0.550000,regular,5,4,1,5,0,0,0,0,0,routine_watch
FB01850,2013,4,2,23,product_photo,0.607618,0.550000,regular,45,14,0,45,0,0,0,0,0,conversation_service
FB01852,2013,4,1,8,product_photo,0.607618,0.550000,regular,55,10,0,55,0,0,0,0,0,conversation_service
FB01853,2013,4,1,4,product_photo,0.607618,0.550000,regular,40,1,0,40,0,0,0,0,0,share_amplify
FB01857,2013,4,0,10,product_photo,0.607618,0.550000,regular,0,0,0,0,0,0,0,0,0,routine_watch
FB01858,2013,4,0,10,product_photo,0.607618,0.550000,regular,74,6,0,74,0,0,0,0,0,conversation_service
FB01859,2013,4,0,0,product_photo,0.607618,0.550000,regular,7,1,2,7,0,0,0,0,0,routine_watch
FB01860,2013,4,4,3,product_photo,0.607618,0.550000,regular,96,214,0,96,0,0,0,0,0,conversation_service
FB01861,2013,4,1,1,product_photo,0.607618,0.550000,regular,43,2,0,43,0,0,0,0,0,conversation_service
FB01864,2013,4,1,2,product_photo,0.607618,0.550000,regular,34,0,1,34,0,0,0,0,0,share_amplify
FB01865,2013,4,0,23,product_photo,0.607618,0.550000,regular,83,1,0,83,0,0,0,0,0,share_amplify
FB01868,2013,4,0,1,product_photo,0.607618,0.550000,regular,97,3,0,97,0,0,0,0,0,conversation_service
FB01874,2013,4,4,10,product_photo,0.607618,0.550000,regular,71,2,7,71,0,0,0,0,0,share_amplify
FB01875,2013,4,4,0,product_photo,0.607618,0.550000,regular,55,8,5,55,0,0,0,0,0,share_amplify
FB01877,2013,4,3,12,product_photo,0.607618,0.550000,regular,46,3,1,46,0,0,0,0,0,share_amplify
FB01878,2013,4,3,10,product_photo,0.607618,0.550000,regular,5,2,2,5,0,0,0,0,0,routine_watch
FB01879,2013,4,2,5,product_photo,0.607618,0.550000,regular,52,5,0,52,0,0,0,0,0,conversation_service
FB01882,2013,4,1,9,product_photo,0.607618,0.550000,regular,105,5,0,105,0,0,0,0,0,conversation_service
FB01887,2013,3,5,3,product_photo,0.607618,0.550000,regular,58,4,0,58,0,0,0,0,0,conversation_service
FB01889,2013,3,4,1,product_photo,0.607618,0.550000,regular,26,0,0,26,0,0,0,0,0,routine_watch
FB01890,2013,3,3,1,product_photo,0.607618,0.550000,regular,45,4,0,45,0,0,0,0,0,conversation_service
FB01892,2013,3,1,3,product_photo,0.607618,0.550000,regular,75,15,0,75,0,0,0,0,0,conversation_service
FB01897,2013,3,6,23,product_photo,0.607618,0.550000,regular,46,9,0,46,0,0,0,0,0,conversation_service
FB01898,2013,3,6,23,product_photo,0.607618,0.550000,regular,80,7,0,80,0,0,0,0,0,conversation_service
FB01901,2013,3,3,11,product_photo,0.607618,0.550000,regular,3,2,2,3,0,0,0,0,0,routine_watch
FB01903,2013,3,5,22,product_photo,0.607618,0.550000,regular,64,1,0,64,0,0,0,0,0,share_amplify
FB01904,2013,3,2,11,product_photo,0.607618,0.550000,regular,60,19,0,60,0,0,0,0,0,conversation_service
FB01907,2013,3,6,10,product_photo,0.607618,0.550000,regular,45,4,0,45,0,0,0,0,0,conversation_service
FB01909,2013,3,5,9,product_photo,0.607618,0.550000,regular,7,0,1,7,0,0,0,0,0,routine_watch
FB01912,2013,3,4,2,product_photo,0.607618,0.550000,regular,27,3,0,27,0,0,0,0,0,routine_watch
FB01914,2013,3,3,11,product_photo,0.607618,0.550000,regular,65,0,0,65,0,0,0,0,0,share_amplify
FB01916,2013,3,2,6,product_photo,0.607618,0.550000,regular,55,12,0,55,0,0,0,0,0,conversation_service
FB01917,2013,3,2,6,product_photo,0.607618,0.550000,regular,59,7,0,59,0,0,0,0,0,conversation_service
FB01918,2013,3,2,5,product_photo,0.607618,0.550000,regular,51,6,0,51,0,0,0,0,0,conversation_service
FB01919,2013,3,0,5,product_photo,0.607618,0.550000,regular,41,1,0,41,0,0,0,0,0,share_amplify
FB01920,2013,3,0,1,product_photo,0.607618,0.550000,regular,12,5,0,12,0,0,0,0,0,routine_watch
FB01925,2013,3,5,8,product_photo,0.607618,0.550000,regular,46,2,0,46,0,0,0,0,0,conversation_service
FB01928,2013,2,3,9,product_photo,0.607618,0.550000,regular,34,0,0,34,0,0,0,0,0,share_amplify
FB01931,2013,2,3,5,product_photo,0.607618,0.550000,regular,64,2,0,64,0,0,0,0,0,conversation_service
FB01933,2013,2,2,5,product_photo,0.607618,0.550000,regular,58,1,0,58,0,0,0,0,0,share_amplify
FB01937,2013,2,1,7,product_photo,0.607618,0.550000,regular,67,8,0,67,0,0,0,0,0,conversation_service
FB01943,2013,2,6,7,product_photo,0.607618,0.550000,regular,56,14,0,56,0,0,0,0,0,conversation_service
FB01946,2013,2,6,1,product_photo,0.607618,0.550000,regular,53,4,0,53,0,0,0,0,0,conversation_service
FB01948,2013,2,2,23,product_photo,0.607618,0.550000,regular,31,2,0,31,0,0,0,0,0,conversation_service
FB01951,2013,2,1,21,product_photo,0.607618,0.550000,regular,3,2,2,3,0,0,0,0,0,routine_watch
FB01952,2013,2,0,4,product_photo,0.607618,0.550000,regular,48,0,0,48,0,0,0,0,0,share_amplify
FB01953,2013,2,0,4,product_photo,0.607618,0.550000,regular,18,0,0,18,0,0,0,0,0,routine_watch
FB01956,2013,2,5,7,product_photo,0.607618,0.550000,regular,63,0,0,63,0,0,0,0,0,share_amplify
FB01957,2013,2,5,7,product_photo,0.607618,0.550000,regular,40,9,2,40,0,0,0,0,0,conversation_service
FB01959,2013,2,5,3,product_photo,0.607618,0.550000,regular,53,0,0,53,0,0,0,0,0,share_amplify
FB01960,2013,2,4,9,product_photo,0.607618,0.550000,regular,33,0,0,33,0,0,0,0,0,share_amplify
FB01962,2013,2,4,8,product_photo,0.607618,0.550000,regular,87,11,0,87,0,0,0,0,0,conversation_service
FB01965,2013,2,4,3,product_photo,0.607618,0.550000,regular,78,0,5,78,0,0,0,0,0,share_amplify
FB01967,2013,2,0,3,product_photo,0.607618,0.550000,regular,26,1,0,26,0,0,0,0,0,routine_watch
FB01971,2013,2,4,0,product_photo,0.607618,0.550000,regular,27,0,0,27,0,0,0,0,0,routine_watch
FB01972,2013,2,3,11,product_photo,0.607618,0.550000,regular,30,11,0,30,0,0,0,0,0,conversation_service
FB01974,2013,2,6,6,product_photo,0.607618,0.550000,regular,26,1,1,26,0,0,0,0,0,routine_watch
FB01975,2013,2,6,0,product_photo,0.607618,0.550000,regular,38,4,0,38,0,0,0,0,0,conversation_service
FB01977,2013,2,5,21,product_photo,0.607618,0.550000,regular,80,9,0,80,0,0,0,0,0,conversation_service
FB01978,2013,2,5,8,product_photo,0.607618,0.550000,regular,33,3,0,33,0,0,0,0,0,conversation_service
FB01980,2013,2,5,8,product_photo,0.607618,0.550000,regular,41,7,0,41,0,0,0,0,0,conversation_service
FB01981,2013,2,5,8,product_photo,0.607618,0.550000,regular,30,3,0,30,0,0,0,0,0,conversation_service
FB01982,2013,1,3,7,product_photo,0.607618,0.550000,regular,34,0,0,34,0,0,0,0,0,share_amplify
FB01983,2013,1,3,7,product_photo,0.607618,0.550000,regular,30,0,0,30,0,0,0,0,0,routine_watch
FB01988,2013,1,2,23,product_photo,0.607618,0.550000,regular,55,15,0,55,0,0,0,0,0,conversation_service
FB01992,2013,1,1,9,product_photo,0.607618,0.550000,regular,41,2,0,41,0,0,0,0,0,conversation_service
FB01994,2013,1,1,8,product_photo,0.607618,0.550000,regular,65,3,1,65,0,0,0,0,0,share_amplify
FB01998,2013,1,4,0,product_photo,0.607618,0.550000,regular,45,10,0,45,0,0,0,0,0,conversation_service
FB01999,2013,1,3,10,product_photo,0.607618,0.550000,regular,47,2,0,47,0,0,0,0,0,conversation_service
FB02000,2013,1,3,10,product_photo,0.607618,0.550000,regular,31,4,0,31,0,0,0,0,0,conversation_service
FB02001,2013,1,3,5,product_photo,0.607618,0.550000,regular,105,23,0,105,0,0,0,0,0,conversation_service
FB02012,2013,1,1,21,product_photo,0.607618,0.550000,regular,22,5,0,22,0,0,0,0,0,routine_watch
FB02015,2013,1,6,23,product_photo,0.607618,0.550000,regular,47,13,0,47,0,0,0,0,0,conversation_service
FB02021,2013,1,6,3,product_photo,0.607618,0.550000,regular,76,1,0,76,0,0,0,0,0,share_amplify
FB02025,2013,1,5,2,product_photo,0.607618,0.550000,regular,89,28,1,89,0,0,0,0,0,conversation_service
FB02028,2013,1,4,0,product_photo,0.607618,0.550000,regular,52,17,0,52,0,0,0,0,0,conversation_service
FB02029,2013,1,3,20,product_photo,0.607618,0.550000,regular,58,19,0,58,0,0,0,0,0,conversation_service
FB02034,2013,1,2,0,product_photo,0.607618,0.550000,regular,32,4,5,32,0,0,0,0,0,share_amplify
FB02035,2013,1,1,9,product_photo,0.607618,0.550000,regular,48,5,0,48,0,0,0,0,0,conversation_service
FB02036,2013,1,1,8,product_photo,0.607618,0.550000,regular,43,4,0,43,0,0,0,0,0,conversation_service
FB02041,2013,1,4,7,product_photo,0.607618,0.550000,regular,17,0,0,17,0,0,0,0,0,routine_watch
FB02042,2013,1,3,9,product_photo,0.607618,0.550000,regular,47,0,0,47,0,0,0,0,0,share_amplify
FB02044,2013,1,3,1,product_photo,0.607618,0.550000,regular,12,1,0,12,0,0,0,0,0,routine_watch
FB02045,2013,1,2,9,text_status,0.052110,3.000000,low_support,30,23,4,30,0,0,0,0,0,conversation_service
FB02047,2012,12,6,3,product_photo,0.607618,0.550000,regular,0,0,0,0,0,0,0,0,0,routine_watch
FB02048,2012,12,4,6,product_photo,0.607618,0.550000,regular,4,1,0,4,0,0,0,0,0,routine_watch
FB02052,2012,11,4,3,product_photo,0.607618,0.550000,regular,11,6,0,11,0,0,0,0,0,routine_watch
FB02053,2012,11,4,0,product_photo,0.607618,0.550000,regular,38,10,0,38,0,0,0,0,0,conversation_service
FB02054,2012,11,3,3,product_photo,0.607618,0.550000,regular,13,0,0,13,0,0,0,0,0,routine_watch
FB02056,2012,11,2,2,product_photo,0.607618,0.550000,regular,15,1,0,15,0,0,0,0,0,routine_watch
FB02059,2012,11,0,5,product_photo,0.607618,0.550000,regular,12,0,0,12,0,0,0,0,0,routine_watch
FB02060,2012,11,0,5,product_photo,0.607618,0.550000,regular,19,4,0,19,0,0,0,0,0,routine_watch
FB02061,2012,11,0,4,product_photo,0.607618,0.550000,regular,24,2,0,24,0,0,0,0,0,routine_watch
FB02062,2012,11,0,4,product_photo,0.607618,0.550000,regular,32,1,0,32,0,0,0,0,0,share_amplify
FB02064,2012,11,0,3,product_photo,0.607618,0.550000,regular,22,4,0,22,0,0,0,0,0,routine_watch
FB02067,2012,11,6,4,product_photo,0.607618,0.550000,regular,47,6,0,47,0,0,0,0,0,conversation_service
FB02073,2012,11,4,11,product_photo,0.607618,0.550000,regular,42,8,0,42,0,0,0,0,0,conversation_service
FB02080,2012,10,2,12,product_photo,0.607618,0.550000,regular,26,0,0,26,0,0,0,0,0,routine_watch
FB02081,2012,10,2,9,product_photo,0.607618,0.550000,regular,38,10,0,38,0,0,0,0,0,conversation_service
FB02088,2012,10,1,2,product_photo,0.607618,0.550000,regular,28,4,0,28,0,0,0,0,0,conversation_service
FB02089,2012,10,0,12,product_photo,0.607618,0.550000,regular,14,23,0,14,0,0,0,0,0,conversation_service
FB02091,2012,10,5,9,product_photo,0.607618,0.550000,regular,17,21,0,17,0,0,0,0,0,conversation_service
FB02092,2012,10,5,2,product_photo,0.607618,0.550000,regular,34,0,0,34,0,0,0,0,0,share_amplify
FB02095,2012,10,2,1,product_photo,0.607618,0.550000,regular,21,5,0,21,0,0,0,0,0,routine_watch
FB02096,2012,10,2,1,product_photo,0.607618,0.550000,regular,14,4,0,14,0,0,0,0,0,routine_watch
FB02099,2012,10,1,8,product_photo,0.607618,0.550000,regular,35,22,0,35,0,0,0,0,0,conversation_service
FB02100,2012,10,1,6,product_photo,0.607618,0.550000,regular,24,1,0,24,0,0,0,0,0,routine_watch
FB02102,2012,10,1,3,product_photo,0.607618,0.550000,regular,21,2,0,21,0,0,0,0,0,routine_watch
FB02107,2012,10,0,3,product_photo,0.607618,0.550000,regular,36,13,0,36,0,0,0,0,0,conversation_service
FB02109,2012,10,6,3,product_photo,0.607618,0.550000,regular,24,5,0,24,0,0,0,0,0,routine_watch
FB02110,2012,10,5,10,product_photo,0.607618,0.550000,regular,19,1,0,19,0,0,0,0,0,routine_watch
FB02113,2012,10,4,10,product_photo,0.607618,0.550000,regular,57,11,0,57,0,0,0,0,0,conversation_service
FB02120,2012,10,3,8,product_photo,0.607618,0.550000,regular,35,24,0,35,0,0,0,0,0,conversation_service
FB02123,2012,10,3,6,product_photo,0.607618,0.550000,regular,35,11,0,35,0,0,0,0,0,conversation_service
FB02124,2012,10,2,8,product_photo,0.607618,0.550000,regular,53,36,0,53,0,0,0,0,0,conversation_service
FB02127,2012,10,2,2,product_photo,0.607618,0.550000,regular,28,7,0,28,0,0,0,0,0,conversation_service
FB02131,2012,10,1,8,product_photo,0.607618,0.550000,regular,27,14,0,27,0,0,0,0,0,conversation_service
FB02133,2012,10,1,7,product_photo,0.607618,0.550000,regular,27,8,0,27,0,0,0,0,0,conversation_service
FB02135,2012,10,0,8,product_photo,0.607618,0.550000,regular,23,5,1,23,0,0,0,0,0,routine_watch
FB02138,2012,10,0,7,product_photo,0.607618,0.550000,regular,30,0,0,30,0,0,0,0,0,routine_watch
FB02139,2012,10,0,7,product_photo,0.607618,0.550000,regular,18,13,0,18,0,0,0,0,0,conversation_service
FB02140,2012,10,0,7,product_photo,0.607618,0.550000,regular,30,9,0,30,0,0,0,0,0,conversation_service
FB02143,2012,10,6,7,product_photo,0.607618,0.550000,regular,47,5,0,47,0,0,0,0,0,conversation_service
FB02145,2012,10,5,4,product_photo,0.607618,0.550000,regular,13,9,1,13,0,0,0,0,0,routine_watch
FB02147,2012,10,5,1,product_photo,0.607618,0.550000,regular,21,11,0,21,0,0,0,0,0,conversation_service
FB02153,2012,10,2,5,product_photo,0.607618,0.550000,regular,18,20,0,18,0,0,0,0,0,conversation_service
FB02154,2012,10,1,9,product_photo,0.607618,0.550000,regular,14,2,0,14,0,0,0,0,0,routine_watch
FB02160,2012,10,0,4,product_photo,0.607618,0.550000,regular,15,0,1,15,0,0,0,0,0,routine_watch
FB02163,2012,10,5,23,product_photo,0.607618,0.550000,regular,14,0,0,14,0,0,0,0,0,routine_watch
FB02164,2012,10,5,9,product_photo,0.607618,0.550000,regular,17,0,0,17,0,0,0,0,0,routine_watch
FB02165,2012,10,5,5,product_photo,0.607618,0.550000,regular,0,0,1,0,0,0,0,0,0,routine_watch
FB02166,2012,10,5,4,product_photo,0.607618,0.550000,regular,32,2,0,32,0,0,0,0,0,conversation_service
FB02167,2012,10,5,1,product_photo,0.607618,0.550000,regular,29,7,5,29,0,0,0,0,0,share_amplify
FB02170,2012,10,4,5,product_photo,0.607618,0.550000,regular,62,25,1,62,0,0,0,0,0,conversation_service
FB02174,2012,10,2,10,product_photo,0.607618,0.550000,regular,46,31,0,46,0,0,0,0,0,conversation_service
FB02175,2012,10,2,9,product_photo,0.607618,0.550000,regular,31,11,0,31,0,0,0,0,0,conversation_service
FB02177,2012,10,1,9,product_photo,0.607618,0.550000,regular,40,17,0,40,0,0,0,0,0,conversation_service
FB02178,2012,10,1,5,product_photo,0.607618,0.550000,regular,20,5,0,20,0,0,0,0,0,routine_watch
FB02179,2012,10,0,10,product_photo,0.607618,0.550000,regular,32,9,1,32,0,0,0,0,0,conversation_service
FB02181,2012,10,0,5,product_photo,0.607618,0.550000,regular,14,0,0,14,0,0,0,0,0,routine_watch
FB02186,2012,9,6,10,product_photo,0.607618,0.550000,regular,14,6,0,14,0,0,0,0,0,routine_watch
FB02188,2012,9,6,9,product_photo,0.607618,0.550000,regular,20,22,0,20,0,0,0,0,0,conversation_service
FB02189,2012,9,6,9,product_photo,0.607618,0.550000,regular,24,24,0,24,0,0,0,0,0,conversation_service
FB02191,2012,9,6,9,product_photo,0.607618,0.550000,regular,19,25,0,19,0,0,0,0,0,conversation_service
FB02193,2012,9,5,21,product_photo,0.607618,0.550000,regular,35,7,0,35,0,0,0,0,0,conversation_service
FB02198,2012,9,5,8,product_photo,0.607618,0.550000,regular,23,4,0,23,0,0,0,0,0,routine_watch
FB02201,2012,9,5,7,product_photo,0.607618,0.550000,regular,17,1,0,17,0,0,0,0,0,routine_watch
FB02210,2012,9,3,6,product_photo,0.607618,0.550000,regular,14,3,9,14,0,0,0,0,0,routine_watch
FB02213,2012,9,3,4,product_photo,0.607618,0.550000,regular,14,1,0,14,0,0,0,0,0,routine_watch
FB02214,2012,9,3,3,product_photo,0.607618,0.550000,regular,30,0,1,30,0,0,0,0,0,share_amplify
FB02215,2012,9,3,1,product_photo,0.607618,0.550000,regular,30,8,0,30,0,0,0,0,0,conversation_service
FB02217,2012,9,2,5,product_photo,0.607618,0.550000,regular,24,2,0,24,0,0,0,0,0,routine_watch
FB02219,2012,9,2,3,product_photo,0.607618,0.550000,regular,8,16,0,8,0,0,0,0,0,routine_watch
FB02220,2012,9,2,1,product_photo,0.607618,0.550000,regular,23,3,0,23,0,0,0,0,0,routine_watch
FB02221,2012,9,1,22,product_photo,0.607618,0.550000,regular,27,2,0,27,0,0,0,0,0,routine_watch
FB02222,2012,9,1,11,product_photo,0.607618,0.550000,regular,9,10,0,9,0,0,0,0,0,routine_watch
FB02227,2012,9,0,8,product_photo,0.607618,0.550000,regular,18,0,0,18,0,0,0,0,0,routine_watch
FB02228,2012,9,0,5,product_photo,0.607618,0.550000,regular,16,2,0,16,0,0,0,0,0,routine_watch
FB02235,2012,9,5,21,product_photo,0.607618,0.550000,regular,2,0,0,2,0,0,0,0,0,routine_watch
FB02242,2012,9,5,3,product_photo,0.607618,0.550000,regular,14,1,0,14,0,0,0,0,0,routine_watch
FB02249,2012,9,4,5,product_photo,0.607618,0.550000,regular,11,6,0,11,0,0,0,0,0,routine_watch
FB02251,2012,9,4,2,product_photo,0.607618,0.550000,regular,11,3,0,11,0,0,0,0,0,routine_watch
FB02255,2012,9,3,2,product_photo,0.607618,0.550000,regular,14,23,0,14,0,0,0,0,0,conversation_service
FB02257,2012,9,2,4,product_photo,0.607618,0.550000,regular,26,4,0,26,0,0,0,0,0,routine_watch
FB02258,2012,9,2,4,product_photo,0.607618,0.550000,regular,25,9,1,25,0,0,0,0,0,conversation_service
FB02260,2012,9,2,2,product_photo,0.607618,0.550000,regular,11,2,0,11,0,0,0,0,0,routine_watch
FB02261,2012,9,2,2,product_photo,0.607618,0.550000,regular,22,7,0,22,0,0,0,0,0,routine_watch
FB02264,2012,9,2,1,product_photo,0.607618,0.550000,regular,33,17,0,33,0,0,0,0,0,conversation_service
FB02265,2012,9,1,8,product_photo,0.607618,0.550000,regular,19,7,0,19,0,0,0,0,0,routine_watch
FB02268,2012,9,0,23,product_photo,0.607618,0.550000,regular,27,13,0,27,0,0,0,0,0,conversation_service
FB02270,2012,9,0,21,product_photo,0.607618,0.550000,regular,10,9,0,10,0,0,0,0,0,routine_watch
FB02271,2012,9,0,10,product_photo,0.607618,0.550000,regular,27,18,1,27,0,0,0,0,0,conversation_service
FB02273,2012,9,0,8,product_photo,0.607618,0.550000,regular,24,7,0,24,0,0,0,0,0,conversation_service
FB02280,2012,9,6,9,product_photo,0.607618,0.550000,regular,15,3,0,15,0,0,0,0,0,routine_watch
FB02283,2012,9,6,6,product_photo,0.607618,0.550000,regular,31,12,0,31,0,0,0,0,0,conversation_service
FB02285,2012,9,6,2,product_photo,0.607618,0.550000,regular,16,4,0,16,0,0,0,0,0,routine_watch
FB02295,2012,9,3,10,product_photo,0.607618,0.550000,regular,15,1,0,15,0,0,0,0,0,routine_watch
FB02296,2012,9,3,3,product_photo,0.607618,0.550000,regular,19,3,0,19,0,0,0,0,0,routine_watch
FB02297,2012,9,3,3,product_photo,0.607618,0.550000,regular,14,1,0,14,0,0,0,0,0,routine_watch
FB02300,2012,9,0,10,product_photo,0.607618,0.550000,regular,14,12,0,14,0,0,0,0,0,routine_watch
FB02303,2012,9,0,8,product_photo,0.607618,0.550000,regular,20,3,0,20,0,0,0,0,0,routine_watch
FB02306,2012,9,0,0,product_photo,0.607618,0.550000,regular,35,10,0,35,0,0,0,0,0,conversation_service
FB02310,2012,9,6,10,product_photo,0.607618,0.550000,regular,32,14,0,32,0,0,0,0,0,conversation_service
FB02313,2012,9,6,3,product_photo,0.607618,0.550000,regular,12,0,0,12,0,0,0,0,0,routine_watch
FB02317,2012,9,5,14,product_photo,0.607618,0.550000,regular,14,2,0,14,0,0,0,0,0,routine_watch
FB02318,2012,9,5,8,product_photo,0.607618,0.550000,regular,16,3,0,16,0,0,0,0,0,routine_watch
FB02320,2012,9,4,7,product_photo,0.607618,0.550000,regular,22,12,0,22,0,0,0,0,0,conversation_service
FB02322,2012,9,4,4,product_photo,0.607618,0.550000,regular,25,10,0,25,0,0,0,0,0,conversation_service
FB02325,2012,9,3,9,product_photo,0.607618,0.550000,regular,16,3,0,16,0,0,0,0,0,routine_watch
FB02326,2012,9,3,9,product_photo,0.607618,0.550000,regular,16,7,0,16,0,0,0,0,0,routine_watch
FB02327,2012,9,3,8,product_photo,0.607618,0.550000,regular,25,5,0,25,0,0,0,0,0,routine_watch
FB02328,2012,9,3,8,product_photo,0.607618,0.550000,regular,12,5,0,12,0,0,0,0,0,routine_watch
FB02329,2012,9,3,3,product_photo,0.607618,0.550000,regular,18,2,0,18,0,0,0,0,0,routine_watch
FB02332,2012,9,3,1,product_photo,0.607618,0.550000,regular,23,11,0,23,0,0,0,0,0,conversation_service
FB02337,2012,9,2,4,product_photo,0.607618,0.550000,regular,28,6,0,28,0,0,0,0,0,conversation_service
FB02343,2012,9,0,22,product_photo,0.607618,0.550000,regular,12,5,0,12,0,0,0,0,0,routine_watch
FB02345,2012,9,6,8,product_photo,0.607618,0.550000,regular,22,11,0,22,0,0,0,0,0,conversation_service
FB02347,2012,9,6,2,product_photo,0.607618,0.550000,regular,13,0,0,13,0,0,0,0,0,routine_watch
FB02348,2012,9,5,9,product_photo,0.607618,0.550000,regular,24,2,2,24,0,0,0,0,0,routine_watch
FB02350,2012,9,5,6,product_photo,0.607618,0.550000,regular,19,17,1,19,0,0,0,0,0,conversation_service
FB02353,2012,9,5,0,product_photo,0.607618,0.550000,regular,21,0,0,21,0,0,0,0,0,routine_watch
FB02355,2012,9,5,0,product_photo,0.607618,0.550000,regular,23,0,0,23,0,0,0,0,0,routine_watch
FB02356,2012,8,4,23,product_photo,0.607618,0.550000,regular,17,2,2,17,0,0,0,0,0,routine_watch
FB02359,2012,8,4,1,product_photo,0.607618,0.550000,regular,22,4,0,22,0,0,0,0,0,routine_watch
FB02363,2012,8,3,9,product_photo,0.607618,0.550000,regular,11,4,0,11,0,0,0,0,0,routine_watch
FB02364,2012,8,3,8,product_photo,0.607618,0.550000,regular,21,12,0,21,0,0,0,0,0,conversation_service
FB02365,2012,8,3,4,product_photo,0.607618,0.550000,regular,12,2,0,12,0,0,0,0,0,routine_watch
FB02366,2012,8,3,2,product_photo,0.607618,0.550000,regular,12,14,0,12,0,0,0,0,0,routine_watch
FB02367,2012,8,2,21,product_photo,0.607618,0.550000,regular,12,0,0,12,0,0,0,0,0,routine_watch
FB02368,2012,8,2,8,product_photo,0.607618,0.550000,regular,36,5,0,36,0,0,0,0,0,conversation_service
FB02369,2012,8,2,2,product_photo,0.607618,0.550000,regular,12,1,0,12,0,0,0,0,0,routine_watch
FB02372,2012,8,0,22,product_photo,0.607618,0.550000,regular,37,8,0,37,0,0,0,0,0,conversation_service
FB02374,2012,8,0,6,product_photo,0.607618,0.550000,regular,11,1,0,11,0,0,0,0,0,routine_watch
FB02376,2012,8,0,4,product_photo,0.607618,0.550000,regular,9,4,0,9,0,0,0,0,0,routine_watch
FB02380,2012,8,6,9,product_photo,0.607618,0.550000,regular,14,0,0,14,0,0,0,0,0,routine_watch
FB02381,2012,8,6,4,product_photo,0.607618,0.550000,regular,21,1,0,21,0,0,0,0,0,routine_watch
FB02386,2012,8,6,3,product_photo,0.607618,0.550000,regular,23,5,0,23,0,0,0,0,0,routine_watch
FB02390,2012,8,5,22,product_photo,0.607618,0.550000,regular,25,1,0,25,0,0,0,0,0,routine_watch
FB02394,2012,8,5,2,product_photo,0.607618,0.550000,regular,36,13,0,36,0,0,0,0,0,conversation_service
FB02398,2012,8,4,9,product_photo,0.607618,0.550000,regular,28,4,0,28,0,0,0,0,0,conversation_service
FB02400,2012,8,4,6,product_photo,0.607618,0.550000,regular,32,6,0,32,0,0,0,0,0,conversation_service
FB02403,2012,8,4,5,product_photo,0.607618,0.550000,regular,21,3,0,21,0,0,0,0,0,routine_watch
FB02404,2012,8,4,5,product_photo,0.607618,0.550000,regular,34,12,0,34,0,0,0,0,0,conversation_service
FB02407,2012,8,2,23,product_photo,0.607618,0.550000,regular,25,6,0,25,0,0,0,0,0,conversation_service
FB02410,2012,8,2,9,product_photo,0.607618,0.550000,regular,26,11,0,26,0,0,0,0,0,conversation_service
FB02415,2012,8,2,9,product_photo,0.607618,0.550000,regular,45,18,0,45,0,0,0,0,0,conversation_service
FB02418,2012,8,2,3,product_photo,0.607618,0.550000,regular,20,3,0,20,0,0,0,0,0,routine_watch
FB02422,2012,8,1,22,product_photo,0.607618,0.550000,regular,18,9,0,18,0,0,0,0,0,routine_watch
FB02429,2012,8,1,1,product_photo,0.607618,0.550000,regular,13,9,0,13,0,0,0,0,0,routine_watch
FB02432,2012,8,0,22,product_photo,0.607618,0.550000,regular,14,8,2,14,0,0,0,0,0,routine_watch
FB02435,2012,8,0,5,product_photo,0.607618,0.550000,regular,28,5,0,28,0,0,0,0,0,conversation_service
FB02436,2012,8,0,5,product_photo,0.607618,0.550000,regular,14,0,1,14,0,0,0,0,0,routine_watch
FB02441,2012,8,0,2,product_photo,0.607618,0.550000,regular,31,16,0,31,0,0,0,0,0,conversation_service
FB02447,2012,8,6,23,product_photo,0.607618,0.550000,regular,16,0,0,16,0,0,0,0,0,routine_watch
FB02450,2012,8,6,8,product_photo,0.607618,0.550000,regular,23,32,0,23,0,0,0,0,0,conversation_service
FB02451,2012,8,6,5,product_photo,0.607618,0.550000,regular,27,7,0,27,0,0,0,0,0,conversation_service
FB02455,2012,8,6,0,product_photo,0.607618,0.550000,regular,16,3,0,16,0,0,0,0,0,routine_watch
FB02457,2012,8,6,0,product_photo,0.607618,0.550000,regular,18,0,0,18,0,0,0,0,0,routine_watch
FB02458,2012,8,6,0,product_photo,0.607618,0.550000,regular,26,11,0,26,0,0,0,0,0,conversation_service
FB02465,2012,8,5,9,product_photo,0.607618,0.550000,regular,13,1,0,13,0,0,0,0,0,routine_watch
FB02467,2012,8,5,5,product_photo,0.607618,0.550000,regular,31,6,0,31,0,0,0,0,0,conversation_service
FB02470,2012,8,4,10,product_photo,0.607618,0.550000,regular,21,11,0,21,0,0,0,0,0,conversation_service
FB02472,2012,8,4,8,product_photo,0.607618,0.550000,regular,24,9,0,24,0,0,0,0,0,conversation_service
FB02474,2012,8,4,8,product_photo,0.607618,0.550000,regular,18,5,0,18,0,0,0,0,0,routine_watch
FB02477,2012,8,4,2,product_photo,0.607618,0.550000,regular,25,17,0,25,0,0,0,0,0,conversation_service
FB02478,2012,8,3,9,product_photo,0.607618,0.550000,regular,10,21,0,10,0,0,0,0,0,conversation_service
FB02483,2012,8,2,2,product_photo,0.607618,0.550000,regular,25,4,0,25,0,0,0,0,0,routine_watch
FB02484,2012,8,2,2,product_photo,0.607618,0.550000,regular,18,1,0,18,0,0,0,0,0,routine_watch
FB02485,2012,8,2,2,product_photo,0.607618,0.550000,regular,17,5,0,17,0,0,0,0,0,routine_watch
FB02487,2012,8,1,12,product_photo,0.607618,0.550000,regular,13,2,0,13,0,0,0,0,0,routine_watch
FB02490,2012,8,1,9,product_photo,0.607618,0.550000,regular,21,8,0,21,0,0,0,0,0,routine_watch
FB02494,2012,8,1,8,product_photo,0.607618,0.550000,regular,16,1,0,16,0,0,0,0,0,routine_watch
FB02496,2012,8,1,4,product_photo,0.607618,0.550000,regular,18,4,0,18,0,0,0,0,0,routine_watch
FB02498,2012,8,1,0,product_photo,0.607618,0.550000,regular,19,9,0,19,0,0,0,0,0,routine_watch
FB02499,2012,8,0,9,product_photo,0.607618,0.550000,regular,19,3,0,19,0,0,0,0,0,routine_watch
FB02501,2012,8,0,4,product_photo,0.607618,0.550000,regular,21,17,0,21,0,0,0,0,0,conversation_service
FB02502,2012,8,0,2,product_photo,0.607618,0.550000,regular,29,5,3,29,0,0,0,0,0,share_amplify
FB02503,2012,8,0,1,product_photo,0.607618,0.550000,regular,14,0,0,14,0,0,0,0,0,routine_watch
FB02512,2012,8,5,9,product_photo,0.607618,0.550000,regular,23,11,0,23,0,0,0,0,0,conversation_service
FB02513,2012,8,5,8,product_photo,0.607618,0.550000,regular,16,16,0,16,0,0,0,0,0,conversation_service
FB02516,2012,8,5,6,product_photo,0.607618,0.550000,regular,39,12,0,39,0,0,0,0,0,conversation_service
FB02517,2012,8,5,4,product_photo,0.607618,0.550000,regular,25,19,0,25,0,0,0,0,0,conversation_service
FB02522,2012,8,4,8,product_photo,0.607618,0.550000,regular,18,8,0,18,0,0,0,0,0,routine_watch
FB02523,2012,8,4,7,product_photo,0.607618,0.550000,regular,22,5,0,22,0,0,0,0,0,routine_watch
FB02524,2012,8,4,5,product_photo,0.607618,0.550000,regular,18,7,0,18,0,0,0,0,0,routine_watch
FB02525,2012,8,4,3,product_photo,0.607618,0.550000,regular,22,37,0,22,0,0,0,0,0,conversation_service
FB02533,2012,8,2,9,product_photo,0.607618,0.550000,regular,22,11,0,22,0,0,0,0,0,conversation_service
FB02538,2012,8,0,2,product_photo,0.607618,0.550000,regular,14,13,0,14,0,0,0,0,0,routine_watch
FB02540,2012,8,6,23,product_photo,0.607618,0.550000,regular,14,0,0,14,0,0,0,0,0,routine_watch
FB02542,2012,8,6,9,product_photo,0.607618,0.550000,regular,18,1,0,18,0,0,0,0,0,routine_watch
FB02543,2012,8,6,9,product_photo,0.607618,0.550000,regular,14,2,0,14,0,0,0,0,0,routine_watch
FB02545,2012,8,6,0,product_photo,0.607618,0.550000,regular,14,1,0,14,0,0,0,0,0,routine_watch
FB02552,2012,8,2,22,product_photo,0.607618,0.550000,regular,21,1,0,21,0,0,0,0,0,routine_watch
FB02556,2012,7,0,6,product_photo,0.607618,0.550000,regular,18,3,0,18,0,0,0,0,0,routine_watch
FB02557,2012,7,6,23,product_photo,0.607618,0.550000,regular,18,5,0,18,0,0,0,0,0,routine_watch
FB02558,2012,7,6,8,product_photo,0.607618,0.550000,regular,12,0,0,12,0,0,0,0,0,routine_watch
FB02561,2012,7,5,4,product_photo,0.607618,0.550000,regular,29,9,0,29,0,0,0,0,0,conversation_service
FB02568,2012,7,3,10,product_photo,0.607618,0.550000,regular,17,7,0,17,0,0,0,0,0,routine_watch
FB02571,2012,7,2,23,product_photo,0.607618,0.550000,regular,22,5,1,22,0,0,0,0,0,routine_watch
FB02573,2012,7,2,7,product_photo,0.607618,0.550000,regular,19,30,0,19,0,0,0,0,0,conversation_service
FB02576,2012,7,2,3,product_photo,0.607618,0.550000,regular,16,7,0,16,0,0,0,0,0,routine_watch
FB02582,2012,7,1,1,product_photo,0.607618,0.550000,regular,30,4,1,30,0,0,0,0,0,conversation_service
FB02584,2012,7,0,1,product_photo,0.607618,0.550000,regular,34,14,0,34,0,0,0,0,0,conversation_service
FB02585,2012,7,6,22,product_photo,0.607618,0.550000,regular,19,3,0,19,0,0,0,0,0,routine_watch
FB02588,2012,7,6,1,product_photo,0.607618,0.550000,regular,23,32,0,23,0,0,0,0,0,conversation_service
FB02589,2012,7,5,22,product_photo,0.607618,0.550000,regular,13,2,0,13,0,0,0,0,0,routine_watch
FB02591,2012,7,4,8,product_photo,0.607618,0.550000,regular,30,33,0,30,0,0,0,0,0,conversation_service
FB02595,2012,7,3,23,product_photo,0.607618,0.550000,regular,23,6,0,23,0,0,0,0,0,routine_watch
FB02598,2012,7,2,23,product_photo,0.607618,0.550000,regular,18,20,0,18,0,0,0,0,0,conversation_service
FB02600,2012,7,2,23,product_photo,0.607618,0.550000,regular,16,0,0,16,0,0,0,0,0,routine_watch
FB02601,2012,7,2,9,product_photo,0.607618,0.550000,regular,23,5,0,23,0,0,0,0,0,routine_watch
FB02604,2012,7,2,9,product_photo,0.607618,0.550000,regular,25,8,0,25,0,0,0,0,0,conversation_service
FB02605,2012,7,2,5,product_photo,0.607618,0.550000,regular,19,7,0,19,0,0,0,0,0,routine_watch
FB02608,2012,7,2,0,product_photo,0.607618,0.550000,regular,25,9,0,25,0,0,0,0,0,conversation_service
FB02610,2012,7,1,7,product_photo,0.607618,0.550000,regular,13,3,0,13,0,0,0,0,0,routine_watch
FB02611,2012,7,1,4,product_photo,0.607618,0.550000,regular,19,2,0,19,0,0,0,0,0,routine_watch
FB02612,2012,7,0,23,product_photo,0.607618,0.550000,regular,29,10,2,29,0,0,0,0,0,conversation_service
FB02615,2012,7,0,9,product_photo,0.607618,0.550000,regular,21,0,0,21,0,0,0,0,0,routine_watch
FB02616,2012,7,0,8,product_photo,0.607618,0.550000,regular,48,17,2,48,0,0,0,0,0,conversation_service
FB02617,2012,7,0,8,product_photo,0.607618,0.550000,regular,22,0,0,22,0,0,0,0,0,routine_watch
FB02618,2012,7,0,8,product_photo,0.607618,0.550000,regular,20,1,0,20,0,0,0,0,0,routine_watch
FB02620,2012,7,0,1,product_photo,0.607618,0.550000,regular,31,17,0,31,0,0,0,0,0,conversation_service
FB02621,2012,7,6,23,product_photo,0.607618,0.550000,regular,12,3,0,12,0,0,0,0,0,routine_watch
FB02625,2012,7,6,6,product_photo,0.607618,0.550000,regular,18,0,0,18,0,0,0,0,0,routine_watch
FB02628,2012,7,6,4,product_photo,0.607618,0.550000,regular,13,4,0,13,0,0,0,0,0,routine_watch
FB02631,2012,7,6,3,product_photo,0.607618,0.550000,regular,19,17,3,19,0,0,0,0,0,conversation_service
FB02634,2012,7,6,2,product_photo,0.607618,0.550000,regular,14,7,0,14,0,0,0,0,0,routine_watch
FB02637,2018,6,1,4,product_photo,0.607618,0.550000,regular,20,1,0,19,1,0,0,0,0,routine_watch
FB02638,2018,6,1,1,live_video,0.330926,1.269166,policy_shift,227,1222,226,182,41,2,1,1,0,share_amplify
FB02639,2018,6,0,23,product_photo,0.607618,0.550000,regular,57,1,0,56,1,0,0,0,0,emotion_nurture
FB02641,2018,6,0,5,product_photo,0.607618,0.550000,regular,94,1,1,91,1,2,0,0,0,emotion_nurture
FB02645,2018,6,5,10,product_photo,0.607618,0.550000,regular,5,0,0,5,0,0,0,0,0,routine_watch
FB02647,2018,6,5,7,product_photo,0.607618,0.550000,regular,42,0,1,42,0,0,0,0,0,share_amplify
FB02648,2018,6,5,7,product_photo,0.607618,0.550000,regular,30,0,1,30,0,0,0,0,0,share_amplify
FB02649,2018,6,5,7,product_photo,0.607618,0.550000,regular,32,1,0,32,0,0,0,0,0,share_amplify
FB02653,2018,6,5,2,live_video,0.330926,1.269166,policy_shift,56,0,6,54,2,0,0,0,0,share_amplify
FB02654,2018,6,5,2,live_video,0.330926,1.269166,policy_shift,210,816,246,152,55,0,3,0,0,share_amplify
FB02655,2018,6,4,23,text_status,0.052110,3.000000,low_support,89,8,0,89,0,0,0,0,0,conversation_service
FB02657,2018,6,4,5,text_status,0.052110,3.000000,low_support,76,1,1,75,1,0,0,0,0,emotion_nurture
FB02658,2018,6,4,5,product_photo,0.607618,0.550000,regular,127,0,10,119,4,4,0,0,0,emotion_nurture
FB02660,2018,6,3,23,live_video,0.330926,1.269166,policy_shift,191,612,201,149,41,0,0,1,0,share_amplify
FB02663,2018,6,3,9,product_photo,0.607618,0.550000,regular,41,0,2,40,1,0,0,0,0,share_amplify
FB02667,2018,6,2,8,product_photo,0.607618,0.550000,regular,91,0,1,89,2,0,0,0,0,emotion_nurture
FB02670,2018,6,1,22,live_video,0.330926,1.269166,policy_shift,197,540,261,170,27,0,0,0,0,share_amplify
FB02671,2018,6,1,8,product_photo,0.607618,0.550000,regular,354,10,2,342,8,4,0,0,0,emotion_nurture
FB02672,2018,6,1,4,product_photo,0.607618,0.550000,regular,44,1,1,44,0,0,0,0,0,share_amplify
FB02682,2018,6,5,6,product_photo,0.607618,0.550000,regular,91,4,3,90,1,0,0,0,0,share_amplify
FB02687,2018,6,4,22,text_status,0.052110,3.000000,low_support,113,11,1,113,0,0,0,0,0,conversation_service
FB02689,2018,6,4,3,product_photo,0.607618,0.550000,regular,332,21,6,319,7,6,0,0,0,emotion_nurture
FB02690,2018,6,4,0,product_photo,0.607618,0.550000,regular,12,1,0,12,0,0,0,0,0,routine_watch
FB02691,2018,5,3,12,product_photo,0.607618,0.550000,regular,11,0,0,10,0,1,0,0,0,routine_watch
FB02692,2018,5,3,8,product_photo,0.607618,0.550000,regular,56,4,2,55,1,0,0,0,0,share_amplify
FB02693,2018,5,3,3,product_photo,0.607618,0.550000,regular,72,13,1,69,3,0,0,0,0,emotion_nurture
FB02694,2018,5,2,8,product_photo,0.607618,0.550000,regular,10,0,0,10,0,0,0,0,0,routine_watch
FB02698,2018,5,2,0,product_photo,0.607618,0.550000,regular,71,10,49,68,1,2,0,0,0,share_amplify
FB02699,2018,5,1,12,product_photo,0.607618,0.550000,regular,51,0,2,49,2,0,0,0,0,emotion_nurture
FB02700,2018,5,1,7,product_photo,0.607618,0.550000,regular,76,3,15,74,1,1,0,0,0,share_amplify
FB02701,2018,5,1,0,product_photo,0.607618,0.550000,regular,69,11,69,65,2,1,0,1,0,share_amplify
FB02705,2018,5,0,19,product_photo,0.607618,0.550000,regular,9,1,0,7,1,1,0,0,0,routine_watch
FB02708,2018,5,6,9,product_photo,0.607618,0.550000,regular,34,0,0,32,2,0,0,0,0,emotion_nurture
FB02709,2018,5,6,9,product_photo,0.607618,0.550000,regular,29,1,0,28,1,0,0,0,0,routine_watch
FB02713,2018,5,4,12,product_photo,0.607618,0.550000,regular,9,0,0,9,0,0,0,0,0,routine_watch
FB02716,2018,5,3,22,product_photo,0.607618,0.550000,regular,5,0,0,5,0,0,0,0,0,routine_watch
FB02717,2018,5,3,21,live_video,0.330926,1.269166,policy_shift,219,694,173,179,39,0,1,0,0,share_amplify
FB02718,2018,5,2,21,live_video,0.330926,1.269166,policy_shift,387,3221,242,299,83,2,2,1,0,conversation_service
FB02720,2018,5,2,8,product_photo,0.607618,0.550000,regular,68,0,1,64,3,0,1,0,0,emotion_nurture
FB02721,2018,5,2,8,product_photo,0.607618,0.550000,regular,53,0,1,52,1,0,0,0,0,emotion_nurture
FB02727,2018,5,0,12,product_photo,0.607618,0.550000,regular,16,0,0,16,0,0,0,0,0,routine_watch
FB02730,2018,5,0,0,product_photo,0.607618,0.550000,regular,15,0,0,15,0,0,0,0,0,routine_watch
FB02731,2018,5,6,22,live_video,0.330926,1.269166,policy_shift,303,904,177,237,63,1,2,0,0,share_amplify
FB02732,2018,5,6,6,product_photo,0.607618,0.550000,regular,114,0,3,113,1,0,0,0,0,share_amplify
FB02733,2018,5,6,5,product_photo,0.607618,0.550000,regular,174,66,1,173,1,0,0,0,0,conversation_service
FB02737,2018,5,4,21,product_photo,0.607618,0.550000,regular,18,1,0,18,0,0,0,0,0,routine_watch
FB02739,2018,5,4,3,product_photo,0.607618,0.550000,regular,318,2,4,316,2,0,0,0,0,share_amplify
FB02740,2018,5,4,3,product_photo,0.607618,0.550000,regular,43,1,2,41,2,0,0,0,0,emotion_nurture
FB02741,2018,5,4,2,product_photo,0.607618,0.550000,regular,80,2,1,79,1,0,0,0,0,emotion_nurture
FB02743,2018,5,3,2,product_photo,0.607618,0.550000,regular,133,9,2,130,3,0,0,0,0,emotion_nurture
FB02748,2018,5,1,8,product_photo,0.607618,0.550000,regular,50,0,1,49,1,0,0,0,0,emotion_nurture
FB02754,2018,5,6,10,product_photo,0.607618,0.550000,regular,90,0,1,89,1,0,0,0,0,emotion_nurture
FB02756,2018,5,6,2,product_photo,0.607618,0.550000,regular,20,0,0,20,0,0,0,0,0,routine_watch
FB02758,2018,5,5,8,product_photo,0.607618,0.550000,regular,72,0,0,72,0,0,0,0,0,share_amplify
FB02759,2018,5,5,5,product_photo,0.607618,0.550000,regular,8,1,0,8,0,0,0,0,0,routine_watch
FB02760,2018,5,5,5,product_photo,0.607618,0.550000,regular,2,0,0,2,0,0,0,0,0,routine_watch
FB02762,2018,5,4,23,live_video,0.330926,1.269166,policy_shift,185,996,232,111,74,0,0,0,0,share_amplify
FB02765,2018,5,4,6,product_photo,0.607618,0.550000,regular,70,0,0,68,2,0,0,0,0,emotion_nurture
FB02766,2018,5,4,6,product_photo,0.607618,0.550000,regular,68,2,0,66,1,1,0,0,0,emotion_nurture
FB02769,2018,5,3,8,product_photo,0.607618,0.550000,regular,8,0,0,8,0,0,0,0,0,routine_watch
FB02771,2018,5,3,3,product_photo,0.607618,0.550000,regular,71,2,1,70,1,0,0,0,0,emotion_nurture
FB02772,2018,5,3,0,product_photo,0.607618,0.550000,regular,3,1,0,2,0,0,0,1,0,routine_watch
FB02773,2018,5,2,9,text_status,0.052110,3.000000,low_support,61,1,0,61,0,0,0,0,0,share_amplify
FB02775,2018,5,1,23,product_photo,0.607618,0.550000,regular,6,0,0,6,0,0,0,0,0,routine_watch
FB02776,2018,5,1,21,product_photo,0.607618,0.550000,regular,139,0,1,139,0,0,0,0,0,share_amplify
FB02777,2018,5,1,21,product_photo,0.607618,0.550000,regular,43,1,0,40,3,0,0,0,0,emotion_nurture
FB02779,2018,5,1,4,product_photo,0.607618,0.550000,regular,51,0,3,51,0,0,0,0,0,share_amplify
FB02783,2018,5,1,0,live_video,0.330926,1.269166,policy_shift,242,715,242,193,49,0,0,0,0,share_amplify
FB02785,2018,5,0,8,product_photo,0.607618,0.550000,regular,156,6,2,150,1,5,0,0,0,emotion_nurture
FB02786,2018,5,0,3,product_photo,0.607618,0.550000,regular,19,0,0,19,0,0,0,0,0,routine_watch
FB02791,2018,5,5,21,product_photo,0.607618,0.550000,regular,138,3,7,138,0,0,0,0,0,share_amplify
FB02794,2018,5,5,6,product_photo,0.607618,0.550000,regular,74,2,0,74,0,0,0,0,0,conversation_service
FB02795,2018,5,5,1,product_photo,0.607618,0.550000,regular,3,0,0,3,0,0,0,0,0,routine_watch
FB02796,2018,5,5,1,product_photo,0.607618,0.550000,regular,18,0,1,18,0,0,0,0,0,routine_watch
FB02797,2018,5,4,23,live_video,0.330926,1.269166,policy_shift,339,1019,168,262,72,1,2,1,1,emotion_nurture
FB02798,2018,5,4,22,product_photo,0.607618,0.550000,regular,6,0,0,6,0,0,0,0,0,routine_watch
FB02801,2018,5,3,22,live_video,0.330926,1.269166,policy_shift,353,891,168,281,67,1,3,1,0,share_amplify
FB02802,2018,5,3,10,product_photo,0.607618,0.550000,regular,5,0,0,5,0,0,0,0,0,routine_watch
FB02803,2018,5,3,9,product_photo,0.607618,0.550000,regular,84,6,1,82,2,0,0,0,0,emotion_nurture
FB02804,2018,5,3,6,product_photo,0.607618,0.550000,regular,70,5,1,69,0,1,0,0,0,conversation_service
FB02808,2018,5,2,3,product_photo,0.607618,0.550000,regular,3,0,0,3,0,0,0,0,0,routine_watch
FB02809,2018,5,1,9,product_photo,0.607618,0.550000,regular,9,0,0,9,0,0,0,0,0,routine_watch
FB02813,2018,5,1,2,product_photo,0.607618,0.550000,regular,14,0,0,14,0,0,0,0,0,routine_watch
FB02815,2018,4,0,23,product_photo,0.607618,0.550000,regular,45,2,0,44,1,0,0,0,0,emotion_nurture
FB02818,2018,4,6,20,link_teaser,0.009346,3.000000,low_support,52,26,1,52,0,0,0,0,0,conversation_service
FB02820,2018,4,6,9,product_photo,0.607618,0.550000,regular,64,2,0,62,0,2,0,0,0,emotion_nurture
FB02821,2018,4,6,8,product_photo,0.607618,0.550000,regular,28,1,0,27,1,0,0,0,0,routine_watch
FB02824,2018,4,6,6,product_photo,0.607618,0.550000,regular,5,3,0,5,0,0,0,0,0,routine_watch
FB02825,2018,4,6,3,product_photo,0.607618,0.550000,regular,8,3,1,8,0,0,0,0,0,routine_watch
FB02826,2018,4,6,2,live_video,0.330926,1.269166,policy_shift,211,859,109,169,34,4,1,2,1,conversation_service
FB02830,2018,4,5,8,product_photo,0.607618,0.550000,regular,8,0,0,8,0,0,0,0,0,routine_watch
FB02831,2018,4,5,8,product_photo,0.607618,0.550000,regular,210,1,9,206,3,1,0,0,0,share_amplify
FB02832,2018,4,5,8,product_photo,0.607618,0.550000,regular,114,1,1,112,0,2,0,0,0,emotion_nurture
FB02833,2018,4,5,7,product_photo,0.607618,0.550000,regular,46,0,0,45,1,0,0,0,0,emotion_nurture
FB02837,2018,4,5,0,product_photo,0.607618,0.550000,regular,10,1,0,10,0,0,0,0,0,routine_watch
FB02842,2018,4,4,5,product_photo,0.607618,0.550000,regular,598,37,10,586,9,3,0,0,0,emotion_nurture
FB02843,2018,4,4,2,product_photo,0.607618,0.550000,regular,85,6,1,85,0,0,0,0,0,conversation_service
FB02845,2018,4,4,0,live_video,0.330926,1.269166,policy_shift,358,1268,186,280,73,1,3,1,0,share_amplify
FB02853,2018,4,1,8,text_status,0.052110,3.000000,low_support,65,9,0,65,0,0,0,0,0,conversation_service
FB02857,2018,4,0,22,product_photo,0.607618,0.550000,regular,166,20,2,159,1,6,0,0,0,emotion_nurture
FB02860,2018,4,0,1,live_video,0.330926,1.269166,policy_shift,404,1129,150,328,68,4,4,0,0,emotion_nurture
FB02861,2018,4,6,8,product_photo,0.607618,0.550000,regular,11,1,0,11,0,0,0,0,0,routine_watch
FB02864,2018,4,5,9,product_photo,0.607618,0.550000,regular,8,0,0,8,0,0,0,0,0,routine_watch
FB02866,2018,4,4,9,product_photo,0.607618,0.550000,regular,60,0,1,59,1,0,0,0,0,emotion_nurture
FB02869,2018,4,3,10,product_photo,0.607618,0.550000,regular,10,2,0,10,0,0,0,0,0,routine_watch
FB02870,2018,4,3,8,product_photo,0.607618,0.550000,regular,111,1,2,110,1,0,0,0,0,share_amplify
FB02871,2018,4,3,8,product_photo,0.607618,0.550000,regular,43,4,1,41,2,0,0,0,0,emotion_nurture
FB02874,2018,4,2,12,product_photo,0.607618,0.550000,regular,10,0,0,10,0,0,0,0,0,routine_watch
FB02875,2018,4,1,7,product_photo,0.607618,0.550000,regular,471,13,23,464,4,3,0,0,0,share_amplify
FB02876,2018,4,1,6,product_photo,0.607618,0.550000,regular,11,0,1,11,0,0,0,0,0,routine_watch
FB02878,2018,4,0,20,product_photo,0.607618,0.550000,regular,71,0,1,70,0,1,0,0,0,emotion_nurture
FB02880,2018,4,5,8,product_photo,0.607618,0.550000,regular,141,3,1,136,3,2,0,0,0,emotion_nurture
FB02881,2018,4,5,4,text_status,0.052110,3.000000,low_support,198,11,0,194,4,0,0,0,0,emotion_nurture
FB02883,2018,4,3,9,product_photo,0.607618,0.550000,regular,50,0,0,50,0,0,0,0,0,share_amplify
FB02885,2018,4,3,6,product_photo,0.607618,0.550000,regular,50,0,0,49,0,0,1,0,0,emotion_nurture
FB02888,2018,4,2,21,product_photo,0.607618,0.550000,regular,122,0,1,118,3,1,0,0,0,emotion_nurture
FB02893,2018,4,1,22,text_status,0.052110,3.000000,low_support,885,32,10,876,4,5,0,0,0,emotion_nurture
FB02894,2018,4,1,10,product_photo,0.607618,0.550000,regular,78,1,0,76,1,1,0,0,0,emotion_nurture
FB02899,2018,4,1,4,text_status,0.052110,3.000000,low_support,231,39,0,208,23,0,0,0,0,emotion_nurture
FB02902,2018,4,0,23,live_video,0.330926,1.269166,policy_shift,379,2626,151,288,79,3,4,5,0,conversation_service
FB02907,2018,4,0,0,live_video,0.330926,1.269166,policy_shift,253,626,244,191,55,2,2,2,1,share_amplify
FB02908,2018,4,6,22,product_photo,0.607618,0.550000,regular,38,0,0,36,2,0,0,0,0,emotion_nurture
FB02909,2018,4,6,21,product_photo,0.607618,0.550000,regular,67,31,0,66,1,0,0,0,0,conversation_service
FB02910,2018,4,6,8,product_photo,0.607618,0.550000,regular,8,0,0,8,0,0,0,0,0,routine_watch
FB02913,2018,4,6,0,live_video,0.330926,1.269166,policy_shift,366,1490,154,286,73,2,4,0,1,conversation_service
FB02916,2018,4,5,8,product_photo,0.607618,0.550000,regular,66,0,0,66,0,0,0,0,0,share_amplify
FB02920,2018,4,4,23,live_video,0.330926,1.269166,policy_shift,468,4143,719,378,84,0,3,3,0,share_amplify
FB02921,2018,4,4,19,product_photo,0.607618,0.550000,regular,87,12,0,84,1,2,0,0,0,emotion_nurture
FB02922,2018,4,4,6,product_photo,0.607618,0.550000,regular,15,1,0,15,0,0,0,0,0,routine_watch
FB02923,2018,4,4,1,product_photo,0.607618,0.550000,regular,22,0,0,22,0,0,0,0,0,routine_watch
FB02924,2018,4,3,22,live_video,0.330926,1.269166,policy_shift,292,1214,180,207,77,2,3,2,1,emotion_nurture
FB02925,2018,4,3,20,product_photo,0.607618,0.550000,regular,3,0,0,3,0,0,0,0,0,routine_watch
FB02932,2018,4,3,5,product_photo,0.607618,0.550000,regular,46,0,0,45,1,0,0,0,0,emotion_nurture
FB02933,2018,4,3,1,live_video,0.330926,1.269166,policy_shift,298,974,140,220,74,2,1,1,0,emotion_nurture
FB02938,2018,4,1,19,product_photo,0.607618,0.550000,regular,54,2,1,53,1,0,0,0,0,emotion_nurture
FB02940,2018,4,1,13,product_photo,0.607618,0.550000,regular,5,0,0,5,0,0,0,0,0,routine_watch
FB02945,2018,4,0,1,product_photo,0.607618,0.550000,regular,112,34,1,112,0,0,0,0,0,conversation_service
FB02948,2018,4,6,1,product_photo,0.607618,0.550000,regular,18,0,0,16,2,0,0,0,0,routine_watch
FB02949,2018,3,5,8,text_status,0.052110,3.000000,low_support,150,45,0,143,4,3,0,0,0,conversation_service
FB02953,2018,3,3,10,product_photo,0.607618,0.550000,regular,9,0,0,9,0,0,0,0,0,routine_watch
FB02954,2018,3,3,9,product_photo,0.607618,0.550000,regular,11,1,0,11,0,0,0,0,0,routine_watch
FB02955,2018,3,3,2,product_photo,0.607618,0.550000,regular,18,1,0,18,0,0,0,0,0,routine_watch
FB02958,2018,3,2,8,product_photo,0.607618,0.550000,regular,96,3,0,94,1,0,0,1,0,emotion_nurture
FB02962,2018,3,1,22,product_photo,0.607618,0.550000,regular,12,0,0,12,0,0,0,0,0,routine_watch
FB02963,2018,3,1,10,product_photo,0.607618,0.550000,regular,136,6,0,132,3,1,0,0,0,emotion_nurture
FB02967,2018,3,0,0,live_video,0.330926,1.269166,policy_shift,371,1233,158,296,70,2,3,0,0,conversation_service
FB02970,2018,3,6,2,product_photo,0.607618,0.550000,regular,72,15,2,72,0,0,0,0,0,conversation_service
FB02972,2018,3,5,23,product_photo,0.607618,0.550000,regular,178,22,6,174,4,0,0,0,0,conversation_service
FB02975,2018,3,5,3,product_photo,0.607618,0.550000,regular,40,0,0,40,0,0,0,0,0,share_amplify
FB02978,2018,3,4,8,product_photo,0.607618,0.550000,regular,13,0,0,12,1,0,0,0,0,routine_watch
FB02981,2018,3,3,5,product_photo,0.607618,0.550000,regular,193,7,2,189,3,1,0,0,0,emotion_nurture
FB02982,2018,3,3,4,product_photo,0.607618,0.550000,regular,42,1,1,41,1,0,0,0,0,emotion_nurture
FB02983,2018,3,2,23,live_video,0.330926,1.269166,policy_shift,276,927,136,218,55,3,0,0,0,conversation_service
FB02988,2018,3,1,23,live_video,0.330926,1.269166,policy_shift,215,784,161,154,57,0,3,1,0,share_amplify
FB02989,2018,3,1,8,product_photo,0.607618,0.550000,regular,6,0,0,6,0,0,0,0,0,routine_watch
FB02990,2018,3,1,2,product_photo,0.607618,0.550000,regular,38,0,1,36,2,0,0,0,0,emotion_nurture
FB02991,2018,3,1,2,product_photo,0.607618,0.550000,regular,86,13,0,81,5,0,0,0,0,emotion_nurture
FB02992,2018,3,1,1,product_photo,0.607618,0.550000,regular,15,0,1,15,0,0,0,0,0,routine_watch
FB02994,2018,3,0,23,live_video,0.330926,1.269166,policy_shift,295,1066,254,212,79,0,3,0,1,share_amplify
FB02996,2018,3,0,2,product_photo,0.607618,0.550000,regular,52,3,2,52,0,0,0,0,0,share_amplify
FB02999,2018,3,6,7,product_photo,0.607618,0.550000,regular,11,0,0,11,0,0,0,0,0,routine_watch
FB03000,2018,3,6,3,product_photo,0.607618,0.550000,regular,14,0,0,14,0,0,0,0,0,routine_watch
FB03001,2018,3,6,2,live_video,0.330926,1.269166,policy_shift,263,892,187,205,57,1,0,0,0,share_amplify
FB03004,2018,3,5,3,product_photo,0.607618,0.550000,regular,41,9,0,41,0,0,0,0,0,conversation_service
FB03005,2018,3,5,3,product_photo,0.607618,0.550000,regular,101,43,3,99,1,0,0,1,0,conversation_service
FB03006,2018,3,5,3,product_photo,0.607618,0.550000,regular,36,10,0,36,0,0,0,0,0,conversation_service
FB03010,2018,3,5,2,product_photo,0.607618,0.550000,regular,26,7,0,26,0,0,0,0,0,conversation_service
FB03011,2018,3,5,0,product_photo,0.607618,0.550000,regular,45,5,1,44,0,0,1,0,0,conversation_service
FB03017,2018,3,3,22,live_video,0.330926,1.269166,policy_shift,302,794,243,225,70,5,1,0,1,share_amplify
FB03019,2018,3,3,0,product_photo,0.607618,0.550000,regular,16,5,0,16,0,0,0,0,0,routine_watch
FB03020,2018,3,2,9,product_photo,0.607618,0.550000,regular,85,8,3,85,0,0,0,0,0,share_amplify
FB03021,2018,3,2,9,product_photo,0.607618,0.550000,regular,45,2,3,45,0,0,0,0,0,share_amplify
FB03023,2018,3,1,8,live_video,0.330926,1.269166,policy_shift,23,0,1,23,0,0,0,0,0,routine_watch
FB03024,2018,3,1,2,product_photo,0.607618,0.550000,regular,29,2,1,29,0,0,0,0,0,share_amplify
FB03026,2018,3,0,5,product_photo,0.607618,0.550000,regular,61,7,0,59,2,0,0,0,0,emotion_nurture
FB03028,2018,3,0,1,product_photo,0.607618,0.550000,regular,316,15,2,309,4,3,0,0,0,emotion_nurture
FB03031,2018,3,5,9,product_photo,0.607618,0.550000,regular,94,25,2,93,1,0,0,0,0,conversation_service
FB03032,2018,3,5,4,product_photo,0.607618,0.550000,regular,98,61,2,98,0,0,0,0,0,conversation_service
FB03035,2018,3,4,22,live_video,0.330926,1.269166,policy_shift,397,998,274,295,94,4,4,0,0,share_amplify
FB03037,2018,3,4,4,product_photo,0.607618,0.550000,regular,10,0,0,10,0,0,0,0,0,routine_watch
FB03039,2018,3,3,2,product_photo,0.607618,0.550000,regular,873,16,21,830,35,7,1,0,0,emotion_nurture
FB03041,2018,3,2,6,product_photo,0.607618,0.550000,regular,17,14,0,17,0,0,0,0,0,conversation_service
FB03042,2018,3,1,10,text_status,0.052110,3.000000,low_support,82,14,0,78,3,0,0,1,0,emotion_nurture
FB03046,2018,3,0,23,product_photo,0.607618,0.550000,regular,190,60,1,186,3,1,0,0,0,conversation_service
FB03048,2018,3,0,5,product_photo,0.607618,0.550000,regular,1847,51,28,1744,67,26,10,0,0,emotion_nurture
FB03049,2018,3,0,2,live_video,0.330926,1.269166,policy_shift,166,1,26,154,0,12,0,0,0,share_amplify
FB03051,2018,3,5,21,product_photo,0.607618,0.550000,regular,214,2,28,172,0,0,40,2,0,emotion_nurture
FB03053,2018,3,5,8,product_photo,0.607618,0.550000,regular,103,7,2,102,0,1,0,0,0,share_amplify
FB03054,2018,3,5,5,product_photo,0.607618,0.550000,regular,28,0,2,27,1,0,0,0,0,routine_watch
FB03055,2018,3,4,23,product_photo,0.607618,0.550000,regular,8,0,0,8,0,0,0,0,0,routine_watch
FB03058,2018,3,4,1,product_photo,0.607618,0.550000,regular,134,7,3,128,3,3,0,0,0,emotion_nurture
FB03059,2018,3,3,7,product_photo,0.607618,0.550000,regular,10,0,0,10,0,0,0,0,0,routine_watch
FB03060,2018,3,3,4,product_photo,0.607618,0.550000,regular,44,0,1,42,2,0,0,0,0,emotion_nurture
FB03061,2018,3,3,3,product_photo,0.607618,0.550000,regular,317,8,1,313,3,1,0,0,0,emotion_nurture
FB03064,2018,2,2,1,product_photo,0.607618,0.550000,regular,11,1,0,8,2,0,0,1,0,routine_watch
FB03065,2018,2,2,0,product_photo,0.607618,0.550000,regular,36,1,0,36,0,0,0,0,0,share_amplify
FB03067,2018,2,1,7,product_photo,0.607618,0.550000,regular,33,1,2,32,1,0,0,0,0,share_amplify
FB03071,2018,2,0,22,product_photo,0.607618,0.550000,regular,154,13,3,146,4,4,0,0,0,emotion_nurture
FB03075,2018,2,6,23,product_photo,0.607618,0.550000,regular,217,0,7,204,0,0,13,0,0,emotion_nurture
FB03077,2018,2,6,4,product_photo,0.607618,0.550000,regular,9,0,0,9,0,0,0,0,0,routine_watch
FB03079,2018,2,6,2,product_photo,0.607618,0.550000,regular,1273,13,3,1242,24,6,1,0,0,emotion_nurture
FB03081,2018,2,5,3,product_photo,0.607618,0.550000,regular,7,1,0,7,0,0,0,0,0,routine_watch
FB03082,2018,2,5,3,product_photo,0.607618,0.550000,regular,81,3,0,72,2,2,5,0,0,emotion_nurture
FB03083,2018,2,5,2,product_photo,0.607618,0.550000,regular,955,63,5,936,9,10,0,0,0,emotion_nurture
FB03084,2018,2,5,0,product_photo,0.607618,0.550000,regular,25,0,1,25,0,0,0,0,0,routine_watch
FB03085,2018,2,4,22,live_video,0.330926,1.269166,policy_shift,277,1092,159,207,65,1,3,0,1,share_amplify
FB03086,2018,2,4,8,product_photo,0.607618,0.550000,regular,6,0,0,6,0,0,0,0,0,routine_watch
FB03087,2018,2,4,0,product_photo,0.607618,0.550000,regular,362,89,4,352,6,4,0,0,0,conversation_service
FB03088,2018,2,3,10,product_photo,0.607618,0.550000,regular,8,0,0,8,0,0,0,0,0,routine_watch
FB03094,2018,2,2,22,live_video,0.330926,1.269166,policy_shift,280,1043,149,195,65,16,3,0,1,emotion_nurture
FB03095,2018,2,2,5,product_photo,0.607618,0.550000,regular,235,16,2,232,3,0,0,0,0,conversation_service
FB03097,2018,2,2,3,product_photo,0.607618,0.550000,regular,92,14,1,89,3,0,0,0,0,conversation_service
FB03098,2018,2,2,1,product_photo,0.607618,0.550000,regular,12,0,1,12,0,0,0,0,0,routine_watch
FB03103,2018,2,0,3,text_status,0.052110,3.000000,low_support,72,3,1,72,0,0,0,0,0,share_amplify
FB03107,2018,2,5,21,text_status,0.052110,3.000000,low_support,609,18,14,604,2,3,0,0,0,share_amplify
FB03108,2018,2,5,21,product_photo,0.607618,0.550000,regular,241,4,32,216,1,0,24,0,0,emotion_nurture
FB03111,2018,2,5,0,live_video,0.330926,1.269166,policy_shift,216,679,191,160,52,2,2,0,0,share_amplify
FB03112,2018,2,4,8,product_photo,0.607618,0.550000,regular,122,25,1,121,1,0,0,0,0,conversation_service
FB03115,2018,2,4,2,product_photo,0.607618,0.550000,regular,114,13,2,111,1,2,0,0,0,emotion_nurture
FB03117,2018,2,3,22,live_video,0.330926,1.269166,policy_shift,255,926,181,142,108,0,5,0,0,emotion_nurture
FB03119,2018,2,2,22,live_video,0.330926,1.269166,policy_shift,243,1121,334,191,51,0,0,1,0,share_amplify
FB03122,2018,2,2,6,product_photo,0.607618,0.550000,regular,12,0,1,12,0,0,0,0,0,routine_watch
FB03123,2018,2,1,23,product_photo,0.607618,0.550000,regular,230,32,7,222,7,1,0,0,0,emotion_nurture
FB03124,2018,2,1,8,product_photo,0.607618,0.550000,regular,12,1,1,11,1,0,0,0,0,routine_watch
FB03125,2018,2,1,8,product_photo,0.607618,0.550000,regular,35,1,1,35,0,0,0,0,0,share_amplify
FB03126,2018,2,1,8,product_photo,0.607618,0.550000,regular,124,20,3,122,2,0,0,0,0,conversation_service
FB03129,2018,2,1,3,product_photo,0.607618,0.550000,regular,149,19,2,148,1,0,0,0,0,conversation_service
FB03132,2018,2,0,9,product_photo,0.607618,0.550000,regular,14,3,1,13,1,0,0,0,0,routine_watch
FB03133,2018,2,0,8,product_photo,0.607618,0.550000,regular,51,1,1,50,0,1,0,0,0,emotion_nurture
FB03135,2018,2,6,23,text_status,0.052110,3.000000,low_support,271,20,2,263,8,0,0,0,0,emotion_nurture
FB03139,2018,2,6,2,product_photo,0.607618,0.550000,regular,228,16,1,223,4,1,0,0,0,emotion_nurture
FB03140,2018,2,5,8,product_photo,0.607618,0.550000,regular,12,1,0,12,0,0,0,0,0,routine_watch
FB03142,2018,2,5,4,product_photo,0.607618,0.550000,regular,15,2,0,15,0,0,0,0,0,routine_watch
FB03143,2018,2,4,20,product_photo,0.607618,0.550000,regular,81,13,2,79,0,0,0,2,0,conversation_service
FB03144,2018,2,4,15,product_photo,0.607618,0.550000,regular,17,3,1,17,0,0,0,0,0,routine_watch
FB03146,2018,2,4,4,product_photo,0.607618,0.550000,regular,88,11,2,85,2,1,0,0,0,emotion_nurture
FB03147,2018,2,3,23,product_photo,0.607618,0.550000,regular,241,54,5,238,3,0,0,0,0,conversation_service
FB03151,2018,2,3,2,product_photo,0.607618,0.550000,regular,362,87,5,357,1,4,0,0,0,conversation_service
FB03152,2018,2,2,23,product_photo,0.607618,0.550000,regular,17,0,0,17,0,0,0,0,0,routine_watch
FB03153,2018,2,1,22,live_video,0.330926,1.269166,policy_shift,300,1000,114,230,67,0,3,0,0,emotion_nurture
FB03154,2018,2,1,4,product_photo,0.607618,0.550000,regular,66,14,1,66,0,0,0,0,0,conversation_service
FB03155,2018,2,0,23,live_video,0.330926,1.269166,policy_shift,636,3014,268,398,225,0,10,2,1,emotion_nurture
FB03157,2018,2,0,10,product_photo,0.607618,0.550000,regular,223,119,6,219,1,3,0,0,0,conversation_service
FB03158,2018,2,0,8,product_photo,0.607618,0.550000,regular,26,3,0,25,1,0,0,0,0,routine_watch
FB03163,2018,2,6,3,product_photo,0.607618,0.550000,regular,11,1,0,10,1,0,0,0,0,routine_watch
FB03168,2018,2,5,0,live_video,0.330926,1.269166,policy_shift,117,330,46,98,16,0,0,3,0,conversation_service
FB03169,2018,2,4,23,live_video,0.330926,1.269166,policy_shift,176,540,54,152,20,0,1,2,1,conversation_service
FB03170,2018,2,4,23,live_video,0.330926,1.269166,policy_shift,179,495,144,162,14,1,0,1,1,share_amplify
FB03172,2018,2,4,22,product_photo,0.607618,0.550000,regular,97,0,4,92,2,3,0,0,0,emotion_nurture
FB03178,2018,2,3,15,product_photo,0.607618,0.550000,regular,11,2,0,11,0,0,0,0,0,routine_watch
FB03182,2018,1,1,6,product_photo,0.607618,0.550000,regular,26,4,0,24,0,0,0,2,0,routine_watch
FB03183,2018,1,1,0,product_photo,0.607618,0.550000,regular,499,35,0,482,15,2,0,0,0,emotion_nurture
FB03185,2018,1,0,10,text_status,0.052110,3.000000,low_support,61,2,1,60,1,0,0,0,0,emotion_nurture
FB03187,2018,1,0,7,product_photo,0.607618,0.550000,regular,48,4,1,48,0,0,0,0,0,conversation_service
FB03190,2018,1,6,4,product_photo,0.607618,0.550000,regular,13,0,0,13,0,0,0,0,0,routine_watch
FB03195,2018,1,3,6,product_photo,0.607618,0.550000,regular,10,3,0,10,0,0,0,0,0,routine_watch
FB03196,2018,1,2,23,live_video,0.330926,1.269166,policy_shift,370,1491,231,306,61,2,1,0,0,share_amplify
FB03197,2018,1,2,2,product_photo,0.607618,0.550000,regular,7,0,0,7,0,0,0,0,0,routine_watch
FB03198,2018,1,2,1,product_photo,0.607618,0.550000,regular,23,5,0,22,0,1,0,0,0,routine_watch
FB03200,2018,1,1,4,product_photo,0.607618,0.550000,regular,10,1,0,10,0,0,0,0,0,routine_watch
FB03202,2018,1,0,0,product_photo,0.607618,0.550000,regular,8,0,0,8,0,0,0,0,0,routine_watch
FB03203,2018,1,6,22,live_video,0.330926,1.269166,policy_shift,82,1,1,79,3,0,0,0,0,emotion_nurture
FB03206,2018,1,6,4,product_photo,0.607618,0.550000,regular,32,0,0,32,0,0,0,0,0,share_amplify
FB03208,2018,1,6,0,product_photo,0.607618,0.550000,regular,99,4,4,98,1,0,0,0,0,share_amplify
FB03211,2018,1,5,0,live_video,0.330926,1.269166,policy_shift,304,677,108,247,53,1,2,0,1,emotion_nurture
FB03214,2018,1,3,22,live_video,0.330926,1.269166,policy_shift,135,1,1,134,1,0,0,0,0,emotion_nurture
FB03219,2018,1,1,22,live_video,0.330926,1.269166,policy_shift,230,517,86,193,36,1,0,0,0,share_amplify
FB03222,2018,1,0,21,product_photo,0.607618,0.550000,regular,233,60,6,225,8,0,0,0,0,conversation_service
FB03227,2018,1,6,1,live_video,0.330926,1.269166,policy_shift,418,1489,281,337,80,0,0,0,1,share_amplify
FB03229,2018,1,5,0,live_video,0.330926,1.269166,policy_shift,384,2297,607,326,51,4,2,0,1,share_amplify
FB03230,2018,1,4,22,product_photo,0.607618,0.550000,regular,10,0,0,10,0,0,0,0,0,routine_watch
FB03231,2018,1,4,9,product_photo,0.607618,0.550000,regular,70,6,1,65,2,1,2,0,0,emotion_nurture
FB03232,2018,1,4,4,live_video,0.330926,1.269166,policy_shift,60,0,0,60,0,0,0,0,0,share_amplify
FB03233,2018,1,3,22,live_video,0.330926,1.269166,policy_shift,252,504,89,215,35,2,0,0,0,share_amplify
FB03236,2018,1,3,3,live_video,0.330926,1.269166,policy_shift,278,583,72,223,53,2,0,0,0,emotion_nurture
FB03237,2018,1,2,22,product_photo,0.607618,0.550000,regular,15,4,2,15,0,0,0,0,0,routine_watch
FB03238,2018,1,2,7,product_photo,0.607618,0.550000,regular,53,0,2,53,0,0,0,0,0,share_amplify
FB03239,2018,1,2,4,product_photo,0.607618,0.550000,regular,37,0,6,37,0,0,0,0,0,share_amplify
FB03241,2018,1,2,2,product_photo,0.607618,0.550000,regular,10,1,1,10,0,0,0,0,0,routine_watch
FB03242,2018,1,2,1,live_video,0.330926,1.269166,policy_shift,267,516,73,211,52,3,0,1,0,emotion_nurture
FB03245,2018,1,0,22,live_video,0.330926,1.269166,policy_shift,384,1158,120,276,103,3,0,2,0,emotion_nurture
FB03246,2018,1,0,3,product_photo,0.607618,0.550000,regular,11,1,0,11,0,0,0,0,0,routine_watch
FB03248,2018,1,6,22,product_photo,0.607618,0.550000,regular,154,3,15,150,3,1,0,0,0,share_amplify
FB03252,2018,1,4,22,product_photo,0.607618,0.550000,regular,414,35,11,406,2,6,0,0,0,emotion_nurture
FB03259,2018,1,2,4,product_photo,0.607618,0.550000,regular,12,2,1,12,0,0,0,0,0,routine_watch
FB03267,2017,12,6,5,product_photo,0.607618,0.550000,regular,15,0,1,15,0,0,0,0,0,routine_watch
FB03269,2017,12,5,3,product_photo,0.607618,0.550000,regular,74,5,1,67,3,4,0,0,0,emotion_nurture
FB03271,2017,12,3,22,product_photo,0.607618,0.550000,regular,63,1,36,62,1,0,0,0,0,share_amplify
FB03272,2017,12,3,5,product_photo,0.607618,0.550000,regular,23,0,0,23,0,0,0,0,0,routine_watch
FB03273,2017,12,2,21,product_photo,0.607618,0.550000,regular,60,2,59,60,0,0,0,0,0,share_amplify
FB03275,2017,12,2,6,product_photo,0.607618,0.550000,regular,105,2,2,102,0,3,0,0,0,emotion_nurture
FB03276,2017,12,2,6,product_photo,0.607618,0.550000,regular,35,1,2,35,0,0,0,0,0,share_amplify
FB03279,2017,12,2,6,product_photo,0.607618,0.550000,regular,18,2,1,18,0,0,0,0,0,routine_watch
FB03283,2017,12,1,2,product_photo,0.607618,0.550000,regular,44,0,18,44,0,0,0,0,0,share_amplify
FB03285,2017,12,0,3,product_photo,0.607618,0.550000,regular,33,6,1,33,0,0,0,0,0,conversation_service
FB03286,2017,12,6,23,product_photo,0.607618,0.550000,regular,114,1,0,112,1,1,0,0,0,emotion_nurture
FB03289,2017,12,5,7,product_photo,0.607618,0.550000,regular,17,3,0,16,1,0,0,0,0,routine_watch
FB03290,2017,12,5,1,product_photo,0.607618,0.550000,regular,54,6,1,52,0,2,0,0,0,emotion_nurture
FB03291,2017,12,4,23,product_photo,0.607618,0.550000,regular,6,3,0,6,0,0,0,0,0,routine_watch
FB03293,2017,12,4,9,product_photo,0.607618,0.550000,regular,21,10,0,16,3,0,0,1,1,emotion_nurture
FB03295,2017,12,4,2,product_photo,0.607618,0.550000,regular,5,8,0,5,0,0,0,0,0,routine_watch
FB03296,2017,12,4,1,live_video,0.330926,1.269166,policy_shift,247,810,224,207,38,1,1,0,0,share_amplify
FB03299,2017,12,3,3,product_photo,0.607618,0.550000,regular,65,8,2,62,3,0,0,0,0,emotion_nurture
FB03301,2017,12,3,1,live_video,0.330926,1.269166,policy_shift,292,579,176,241,48,0,3,0,0,share_amplify
FB03303,2017,12,2,4,text_status,0.052110,3.000000,low_support,51,7,0,49,2,0,0,0,0,emotion_nurture
FB03306,2017,12,1,7,product_photo,0.607618,0.550000,regular,356,50,3,345,10,1,0,0,0,emotion_nurture
FB03308,2017,12,1,4,product_photo,0.607618,0.550000,regular,14,5,0,13,1,0,0,0,0,routine_watch
FB03309,2017,12,1,0,product_photo,0.607618,0.550000,regular,51,1,0,51,0,0,0,0,0,share_amplify
FB03310,2017,12,1,0,link_teaser,0.009346,3.000000,low_support,30,0,0,29,1,0,0,0,0,routine_watch
FB03311,2017,12,0,4,product_photo,0.607618,0.550000,regular,11,1,1,11,0,0,0,0,0,routine_watch
FB03313,2017,12,6,9,product_photo,0.607618,0.550000,regular,10,0,0,10,0,0,0,0,0,routine_watch
FB03315,2017,12,6,1,product_photo,0.607618,0.550000,regular,5,2,0,5,0,0,0,0,0,routine_watch
FB03316,2017,12,5,2,product_photo,0.607618,0.550000,regular,9,2,0,9,0,0,0,0,0,routine_watch
FB03318,2017,12,5,1,product_photo,0.607618,0.550000,regular,17,3,1,17,0,0,0,0,0,routine_watch
FB03321,2017,12,4,8,product_photo,0.607618,0.550000,regular,12,3,0,12,0,0,0,0,0,routine_watch
FB03323,2017,12,4,3,product_photo,0.607618,0.550000,regular,153,11,4,148,2,3,0,0,0,emotion_nurture
FB03327,2017,12,3,0,live_video,0.330926,1.269166,policy_shift,352,4162,293,284,60,3,3,2,0,conversation_service
FB03330,2017,12,2,5,product_photo,0.607618,0.550000,regular,4,7,1,4,0,0,0,0,0,routine_watch
FB03333,2017,12,1,23,product_photo,0.607618,0.550000,regular,183,14,1,179,4,0,0,0,0,emotion_nurture
FB03334,2017,12,1,9,product_photo,0.607618,0.550000,regular,117,12,6,114,2,1,0,0,0,share_amplify
FB03338,2017,12,6,2,product_photo,0.607618,0.550000,regular,11,3,0,11,0,0,0,0,0,routine_watch
FB03340,2017,12,5,22,product_photo,0.607618,0.550000,regular,44,0,1,44,0,0,0,0,0,share_amplify
FB03341,2017,12,5,21,product_photo,0.607618,0.550000,regular,45,4,1,44,1,0,0,0,0,emotion_nurture
FB03345,2017,12,4,9,live_video,0.330926,1.269166,policy_shift,32,1,0,32,0,0,0,0,0,share_amplify
FB03348,2017,12,3,4,product_photo,0.607618,0.550000,regular,14,3,0,14,0,0,0,0,0,routine_watch
FB03351,2017,12,1,21,live_video,0.330926,1.269166,policy_shift,483,4031,328,376,87,5,10,5,0,conversation_service
FB03352,2017,12,1,8,live_video,0.330926,1.269166,policy_shift,456,3420,60,276,165,1,10,4,0,emotion_nurture
FB03354,2017,12,1,5,product_photo,0.607618,0.550000,regular,134,11,8,127,5,2,0,0,0,emotion_nurture
FB03355,2017,12,1,2,product_photo,0.607618,0.550000,regular,16,1,1,16,0,0,0,0,0,routine_watch
FB03356,2017,12,0,23,live_video,0.330926,1.269166,policy_shift,583,6151,118,424,119,5,9,23,3,conversation_service
FB03359,2017,12,0,3,live_video,0.330926,1.269166,policy_shift,303,714,52,241,58,3,1,0,0,emotion_nurture
FB03361,2017,12,0,0,product_photo,0.607618,0.550000,regular,76,34,2,76,0,0,0,0,0,conversation_service
FB03363,2017,12,6,4,product_photo,0.607618,0.550000,regular,12,0,0,12,0,0,0,0,0,routine_watch
FB03364,2017,12,6,4,product_photo,0.607618,0.550000,regular,6,0,0,6,0,0,0,0,0,routine_watch
FB03367,2017,12,4,23,product_photo,0.607618,0.550000,regular,166,17,2,164,2,0,0,0,0,conversation_service
FB03368,2017,12,4,20,product_photo,0.607618,0.550000,regular,96,3,1,96,0,0,0,0,0,share_amplify
FB03370,2017,11,3,21,product_photo,0.607618,0.550000,regular,394,97,5,378,5,11,0,0,0,emotion_nurture
FB03372,2017,11,2,4,product_photo,0.607618,0.550000,regular,6,1,1,6,0,0,0,0,0,routine_watch
FB03374,2017,11,1,23,product_photo,0.607618,0.550000,regular,167,63,8,167,0,0,0,0,0,conversation_service
FB03375,2017,11,1,12,product_photo,0.607618,0.550000,regular,40,2,2,39,0,1,0,0,0,share_amplify
FB03380,2017,11,0,23,product_photo,0.607618,0.550000,regular,148,15,2,140,3,5,0,0,0,emotion_nurture
FB03383,2017,11,0,4,live_video,0.330926,1.269166,policy_shift,245,351,41,194,42,0,3,5,1,emotion_nurture
FB03384,2017,11,0,2,product_photo,0.607618,0.550000,regular,249,7,3,241,5,2,1,0,0,emotion_nurture
FB03386,2017,11,6,2,live_video,0.330926,1.269166,policy_shift,265,708,33,190,70,1,4,0,0,emotion_nurture
FB03389,2017,11,6,0,text_status,0.052110,3.000000,low_support,124,24,1,119,4,0,0,1,0,emotion_nurture
FB03392,2017,11,4,22,product_photo,0.607618,0.550000,regular,234,9,23,214,12,1,7,0,0,emotion_nurture
FB03393,2017,11,4,0,live_video,0.330926,1.269166,policy_shift,274,605,45,213,53,2,4,2,0,emotion_nurture
FB03396,2017,11,3,4,product_photo,0.607618,0.550000,regular,46,3,6,40,0,5,0,0,1,emotion_nurture
FB03400,2017,11,2,21,live_video,0.330926,1.269166,policy_shift,299,955,88,235,59,1,4,0,0,conversation_service
FB03401,2017,11,2,21,product_photo,0.607618,0.550000,regular,91,12,1,87,3,1,0,0,0,emotion_nurture
FB03403,2017,11,2,0,live_video,0.330926,1.269166,policy_shift,206,438,96,174,31,1,0,0,0,share_amplify
FB03405,2017,11,1,4,link_teaser,0.009346,3.000000,low_support,334,0,20,333,1,0,0,0,0,share_amplify
FB03406,2017,11,1,3,product_photo,0.607618,0.550000,regular,11,0,1,10,1,0,0,0,0,routine_watch
FB03407,2017,11,1,0,link_teaser,0.009346,3.000000,low_support,57,0,10,57,0,0,0,0,0,share_amplify
FB03410,2017,11,0,0,live_video,0.330926,1.269166,policy_shift,300,965,72,234,64,0,2,0,0,emotion_nurture
FB03411,2017,11,0,0,product_photo,0.607618,0.550000,regular,120,37,2,118,2,0,0,0,0,conversation_service
FB03412,2017,11,6,23,product_photo,0.607618,0.550000,regular,46,3,1,46,0,0,0,0,0,share_amplify
FB03419,2017,11,6,22,product_photo,0.607618,0.550000,regular,17,0,1,17,0,0,0,0,0,routine_watch
FB03420,2017,11,6,22,product_photo,0.607618,0.550000,regular,8,0,0,8,0,0,0,0,0,routine_watch
FB03421,2017,11,6,22,product_photo,0.607618,0.550000,regular,14,0,1,14,0,0,0,0,0,routine_watch
FB03423,2017,11,6,22,product_photo,0.607618,0.550000,regular,10,0,1,10,0,0,0,0,0,routine_watch
FB03425,2017,11,6,3,product_photo,0.607618,0.550000,regular,47,1,0,45,2,0,0,0,0,emotion_nurture
FB03430,2017,11,5,3,product_photo,0.607618,0.550000,regular,103,23,0,100,3,0,0,0,0,conversation_service
FB03432,2017,11,5,1,product_photo,0.607618,0.550000,regular,21,4,0,21,0,0,0,0,0,routine_watch
FB03434,2017,11,3,23,live_video,0.330926,1.269166,policy_shift,276,744,75,217,55,0,3,1,0,emotion_nurture
FB03436,2017,11,3,6,product_photo,0.607618,0.550000,regular,54,0,2,53,1,0,0,0,0,share_amplify
FB03439,2017,11,2,22,product_photo,0.607618,0.550000,regular,65,0,0,63,2,0,0,0,0,emotion_nurture
FB03449,2017,11,6,1,product_photo,0.607618,0.550000,regular,10,0,0,10,0,0,0,0,0,routine_watch
FB03450,2017,11,5,2,product_photo,0.607618,0.550000,regular,8,1,0,8,0,0,0,0,0,routine_watch
FB03457,2017,11,2,8,product_photo,0.607618,0.550000,regular,17,0,1,15,1,1,0,0,0,routine_watch
FB03459,2017,11,2,0,product_photo,0.607618,0.550000,regular,61,11,0,58,1,2,0,0,0,emotion_nurture
FB03460,2017,11,1,9,link_teaser,0.009346,3.000000,low_support,50,0,3,48,1,1,0,0,0,share_amplify
FB03462,2017,11,1,2,product_photo,0.607618,0.550000,regular,6,4,0,6,0,0,0,0,0,routine_watch
FB03465,2017,11,0,7,product_photo,0.607618,0.550000,regular,66,5,1,65,1,0,0,0,0,conversation_service
FB03467,2017,11,6,23,product_photo,0.607618,0.550000,regular,4,1,0,4,0,0,0,0,0,routine_watch
FB03470,2017,11,6,2,product_photo,0.607618,0.550000,regular,7,1,0,6,1,0,0,0,0,routine_watch
FB03472,2017,11,5,4,product_photo,0.607618,0.550000,regular,8,1,0,8,0,0,0,0,0,routine_watch
FB03476,2017,11,4,5,text_status,0.052110,3.000000,low_support,50,6,0,48,2,0,0,0,0,emotion_nurture
FB03483,2017,11,2,21,product_photo,0.607618,0.550000,regular,82,3,0,81,1,0,0,0,0,emotion_nurture
FB03484,2017,11,2,9,product_photo,0.607618,0.550000,regular,175,7,1,167,4,4,0,0,0,emotion_nurture
FB03486,2017,11,2,1,live_video,0.330926,1.269166,policy_shift,329,1372,69,239,82,2,5,1,0,emotion_nurture
FB03487,2017,10,1,22,product_photo,0.607618,0.550000,regular,169,16,1,163,3,3,0,0,0,emotion_nurture
FB03488,2017,10,1,6,product_photo,0.607618,0.550000,regular,200,6,0,187,8,4,1,0,0,emotion_nurture
FB03493,2017,10,0,22,product_photo,0.607618,0.550000,regular,19,0,0,19,0,0,0,0,0,routine_watch
FB03494,2017,10,0,8,product_photo,0.607618,0.550000,regular,33,8,0,33,0,0,0,0,0,conversation_service
FB03496,2017,10,0,4,text_status,0.052110,3.000000,low_support,122,20,0,118,2,0,0,2,0,conversation_service
FB03500,2017,10,5,20,product_photo,0.607618,0.550000,regular,61,5,2,60,1,0,0,0,0,share_amplify
FB03501,2017,10,5,0,product_photo,0.607618,0.550000,regular,5,4,0,5,0,0,0,0,0,routine_watch
FB03502,2017,10,4,22,live_video,0.330926,1.269166,policy_shift,406,1156,139,310,94,1,0,1,0,emotion_nurture
FB03504,2017,10,4,1,live_video,0.330926,1.269166,policy_shift,413,1418,131,308,93,3,5,1,3,emotion_nurture
FB03509,2017,10,2,5,product_photo,0.607618,0.550000,regular,568,11,0,554,14,0,0,0,0,emotion_nurture
FB03510,2017,10,1,3,product_photo,0.607618,0.550000,regular,8,0,0,8,0,0,0,0,0,routine_watch
FB03512,2017,10,0,2,product_photo,0.607618,0.550000,regular,73,3,0,72,1,0,0,0,0,emotion_nurture
FB03514,2017,10,6,23,live_video,0.330926,1.269166,policy_shift,294,994,106,235,55,1,3,0,0,conversation_service
FB03516,2017,10,6,7,product_photo,0.607618,0.550000,regular,219,8,0,215,3,1,0,0,0,emotion_nurture
FB03517,2017,10,6,2,product_photo,0.607618,0.550000,regular,6,0,0,6,0,0,0,0,0,routine_watch
FB03520,2017,10,4,5,product_photo,0.607618,0.550000,regular,6,0,1,6,0,0,0,0,0,routine_watch
FB03521,2017,10,4,0,live_video,0.330926,1.269166,policy_shift,303,764,70,234,62,1,3,2,1,emotion_nurture
FB03523,2017,10,3,0,live_video,0.330926,1.269166,policy_shift,307,593,72,259,43,4,1,0,0,emotion_nurture
FB03525,2017,10,2,6,live_video,0.330926,1.269166,policy_shift,384,1789,210,280,92,2,6,1,3,emotion_nurture
FB03526,2017,10,2,1,product_photo,0.607618,0.550000,regular,14,0,0,14,0,0,0,0,0,routine_watch
FB03527,2017,10,1,23,product_photo,0.607618,0.550000,regular,222,16,3,204,11,7,0,0,0,emotion_nurture
FB03532,2017,10,6,23,product_photo,0.607618,0.550000,regular,13,0,0,13,0,0,0,0,0,routine_watch
FB03533,2017,10,5,7,live_video,0.330926,1.269166,policy_shift,333,982,93,240,88,1,3,1,0,emotion_nurture
FB03534,2017,10,5,1,text_status,0.052110,3.000000,low_support,193,182,12,183,10,0,0,0,0,conversation_service
FB03535,2017,10,5,1,product_photo,0.607618,0.550000,regular,5,0,0,5,0,0,0,0,0,routine_watch
FB03540,2017,10,2,0,live_video,0.330926,1.269166,policy_shift,257,799,64,214,41,0,2,0,0,conversation_service
FB03542,2017,10,0,23,product_photo,0.607618,0.550000,regular,31,2,1,31,0,0,0,0,0,share_amplify
FB03543,2017,10,0,23,product_photo,0.607618,0.550000,regular,7,1,1,7,0,0,0,0,0,routine_watch
FB03546,2017,10,6,23,product_photo,0.607618,0.550000,regular,57,3,1,57,0,0,0,0,0,share_amplify
FB03548,2017,10,6,0,product_photo,0.607618,0.550000,regular,7,0,0,7,0,0,0,0,0,routine_watch
FB03550,2017,10,5,5,product_photo,0.607618,0.550000,regular,9,0,0,9,0,0,0,0,0,routine_watch
FB03551,2017,10,5,0,live_video,0.330926,1.269166,policy_shift,328,662,62,222,104,0,1,1,0,emotion_nurture
FB03552,2017,10,4,23,product_photo,0.607618,0.550000,regular,557,27,2,517,36,3,1,0,0,emotion_nurture
FB03553,2017,10,4,1,product_photo,0.607618,0.550000,regular,11,0,0,11,0,0,0,0,0,routine_watch
FB03554,2017,10,3,23,live_video,0.330926,1.269166,policy_shift,228,507,42,184,40,1,2,0,1,emotion_nurture
FB03557,2017,10,2,7,product_photo,0.607618,0.550000,regular,74,1,0,71,3,0,0,0,0,emotion_nurture
FB03559,2017,10,1,23,live_video,0.330926,1.269166,policy_shift,240,769,37,209,28,2,1,0,0,conversation_service
FB03560,2017,10,1,22,product_photo,0.607618,0.550000,regular,70,2,0,69,0,1,0,0,0,emotion_nurture
FB03563,2017,10,1,1,product_photo,0.607618,0.550000,regular,7,0,0,7,0,0,0,0,0,routine_watch
FB03566,2017,10,0,2,product_photo,0.607618,0.550000,regular,4,1,0,4,0,0,0,0,0,routine_watch
FB03567,2017,10,6,23,live_video,0.330926,1.269166,policy_shift,211,677,23,172,38,0,1,0,0,conversation_service
FB03568,2017,9,5,23,live_video,0.330926,1.269166,policy_shift,253,841,41,211,39,2,1,0,0,conversation_service
FB03572,2017,9,4,22,product_photo,0.607618,0.550000,regular,37,3,0,37,0,0,0,0,0,conversation_service
FB03573,2017,9,4,22,product_photo,0.607618,0.550000,regular,69,5,0,69,0,0,0,0,0,conversation_service
FB03577,2017,9,4,7,product_photo,0.607618,0.550000,regular,20,3,0,20,0,0,0,0,0,routine_watch
FB03578,2017,9,4,7,product_photo,0.607618,0.550000,regular,12,0,0,12,0,0,0,0,0,routine_watch
FB03579,2017,9,3,22,live_video,0.330926,1.269166,policy_shift,214,778,56,181,29,1,2,0,1,conversation_service
FB03580,2017,9,2,0,product_photo,0.607618,0.550000,regular,407,58,0,392,15,0,0,0,0,emotion_nurture
FB03582,2017,9,0,23,product_photo,0.607618,0.550000,regular,19,3,0,18,1,0,0,0,0,routine_watch
FB03586,2017,9,0,22,product_photo,0.607618,0.550000,regular,14,0,1,13,1,0,0,0,0,routine_watch
FB03587,2017,9,0,22,product_photo,0.607618,0.550000,regular,69,9,0,68,1,0,0,0,0,conversation_service
FB03589,2017,9,6,23,live_video,0.330926,1.269166,policy_shift,247,606,26,191,54,0,1,0,1,emotion_nurture
FB03591,2017,9,4,8,product_photo,0.607618,0.550000,regular,16,2,0,16,0,0,0,0,0,routine_watch
FB03592,2017,9,4,8,product_photo,0.607618,0.550000,regular,30,3,0,29,1,0,0,0,0,emotion_nurture
FB03593,2017,9,4,8,product_photo,0.607618,0.550000,regular,86,9,1,80,2,4,0,0,0,emotion_nurture
FB03597,2017,9,3,2,product_photo,0.607618,0.550000,regular,391,4,0,387,4,0,0,0,0,emotion_nurture
FB03599,2017,9,0,5,live_video,0.330926,1.269166,policy_shift,279,570,88,235,41,1,2,0,0,conversation_service
FB03601,2017,9,0,0,text_status,0.052110,3.000000,low_support,39,3,0,38,1,0,0,0,0,emotion_nurture
FB03602,2017,9,6,7,product_photo,0.607618,0.550000,regular,41,0,0,40,1,0,0,0,0,emotion_nurture
FB03603,2017,9,5,22,live_video,0.330926,1.269166,policy_shift,358,1037,100,296,55,3,2,1,1,conversation_service
FB03606,2017,9,5,7,product_photo,0.607618,0.550000,regular,32,3,0,32,0,0,0,0,0,conversation_service
FB03607,2017,9,5,3,live_video,0.330926,1.269166,policy_shift,249,784,119,197,51,1,0,0,0,conversation_service
FB03608,2017,9,4,23,product_photo,0.607618,0.550000,regular,64,1,0,62,2,0,0,0,0,emotion_nurture
FB03609,2017,9,4,1,live_video,0.330926,1.269166,policy_shift,126,969,79,75,49,0,2,0,0,conversation_service
FB03610,2017,9,3,23,text_status,0.052110,3.000000,low_support,95,30,0,91,2,2,0,0,0,conversation_service
FB03611,2017,9,3,21,product_photo,0.607618,0.550000,regular,75,6,3,75,0,0,0,0,0,share_amplify
FB03612,2017,9,2,11,product_photo,0.607618,0.550000,regular,144,11,0,137,2,4,1,0,0,emotion_nurture
FB03613,2017,9,1,19,product_photo,0.607618,0.550000,regular,99,5,0,92,1,5,1,0,0,emotion_nurture
FB03614,2017,9,0,22,live_video,0.330926,1.269166,policy_shift,378,931,95,320,53,1,2,1,1,conversation_service
FB03617,2017,9,4,1,product_photo,0.607618,0.550000,regular,164,3,3,159,2,2,1,0,0,emotion_nurture
FB03618,2017,9,3,10,product_photo,0.607618,0.550000,regular,25,9,0,24,0,0,0,1,0,conversation_service
FB03620,2017,9,1,8,product_photo,0.607618,0.550000,regular,108,10,1,106,1,0,0,1,0,conversation_service
FB03622,2017,9,0,10,live_video,0.330926,1.269166,policy_shift,20,0,0,18,0,2,0,0,0,routine_watch
FB03624,2017,9,0,2,product_photo,0.607618,0.550000,regular,69,0,1,67,1,1,0,0,0,emotion_nurture
FB03626,2017,8,3,7,product_photo,0.607618,0.550000,regular,26,0,0,26,0,0,0,0,0,routine_watch
FB03628,2017,8,1,22,live_video,0.330926,1.269166,policy_shift,131,566,43,107,18,1,4,1,0,conversation_service
FB03632,2017,8,6,9,product_photo,0.607618,0.550000,regular,40,0,1,39,1,0,0,0,0,emotion_nurture
FB03633,2017,8,5,22,text_status,0.052110,3.000000,low_support,13,0,0,12,1,0,0,0,0,routine_watch
FB03634,2017,8,5,21,product_photo,0.607618,0.550000,regular,100,4,0,94,3,3,0,0,0,emotion_nurture
FB03635,2017,8,5,9,product_photo,0.607618,0.550000,regular,64,7,0,61,2,1,0,0,0,emotion_nurture
FB03636,2017,8,4,23,live_video,0.330926,1.269166,policy_shift,142,683,49,118,21,0,1,1,1,conversation_service
FB03638,2017,8,3,1,product_photo,0.607618,0.550000,regular,37,0,0,34,1,1,0,1,0,emotion_nurture
FB03639,2017,8,2,22,live_video,0.330926,1.269166,policy_shift,139,627,53,123,14,1,1,0,0,conversation_service
FB03641,2017,8,2,10,product_photo,0.607618,0.550000,regular,4,0,0,3,0,1,0,0,0,routine_watch
FB03642,2017,8,2,10,product_photo,0.607618,0.550000,regular,16,1,0,15,0,1,0,0,0,routine_watch
FB03645,2017,8,1,5,live_video,0.330926,1.269166,policy_shift,68,240,20,53,14,0,1,0,0,conversation_service
FB03646,2017,8,6,22,live_video,0.330926,1.269166,policy_shift,61,257,19,51,9,0,1,0,0,conversation_service
FB03647,2017,8,6,22,product_photo,0.607618,0.550000,regular,21,0,0,21,0,0,0,0,0,routine_watch
FB03653,2017,8,3,8,live_video,0.330926,1.269166,policy_shift,49,183,74,43,4,0,0,1,1,share_amplify
FB03654,2017,8,2,9,live_video,0.330926,1.269166,policy_shift,19,82,4,18,1,0,0,0,0,conversation_service
FB03656,2017,8,2,7,product_photo,0.607618,0.550000,regular,13,0,0,13,0,0,0,0,0,routine_watch
FB03658,2017,8,0,3,product_photo,0.607618,0.550000,regular,19,3,1,19,0,0,0,0,0,routine_watch
FB03660,2017,8,5,2,live_video,0.330926,1.269166,policy_shift,19,35,1,19,0,0,0,0,0,conversation_service
FB03666,2017,8,2,2,product_photo,0.607618,0.550000,regular,1,0,0,1,0,0,0,0,0,routine_watch
FB03670,2017,8,0,0,live_video,0.330926,1.269166,policy_shift,35,132,2,32,3,0,0,0,0,conversation_service
FB03671,2017,8,6,23,product_photo,0.607618,0.550000,regular,29,7,0,29,0,0,0,0,0,conversation_service
FB03674,2017,8,6,1,product_photo,0.607618,0.550000,regular,3,0,0,3,0,0,0,0,0,routine_watch
FB03676,2017,8,5,3,product_photo,0.607618,0.550000,regular,12,3,0,12,0,0,0,0,0,routine_watch
FB03680,2017,8,4,8,product_photo,0.607618,0.550000,regular,3,0,0,3,0,0,0,0,0,routine_watch
FB03682,2017,8,4,8,product_photo,0.607618,0.550000,regular,1,0,0,1,0,0,0,0,0,routine_watch
FB03683,2017,8,4,8,product_photo,0.607618,0.550000,regular,0,0,0,0,0,0,0,0,0,routine_watch
FB03687,2017,8,4,1,live_video,0.330926,1.269166,policy_shift,34,104,5,29,3,1,1,0,0,conversation_service
FB03690,2017,8,3,9,product_photo,0.607618,0.550000,regular,3,3,0,3,0,0,0,0,0,routine_watch
FB03692,2017,8,2,6,product_photo,0.607618,0.550000,regular,12,0,0,11,1,0,0,0,0,routine_watch
FB03696,2017,8,1,1,product_photo,0.607618,0.550000,regular,31,14,2,31,0,0,0,0,0,conversation_service
FB03698,2017,7,0,5,live_video,0.330926,1.269166,policy_shift,30,182,17,20,10,0,0,0,0,conversation_service
FB03699,2017,7,0,4,product_photo,0.607618,0.550000,regular,22,4,0,22,0,0,0,0,0,routine_watch
FB03702,2017,7,5,5,product_photo,0.607618,0.550000,regular,48,3,0,44,3,0,0,0,1,emotion_nurture
FB03706,2017,7,4,4,product_photo,0.607618,0.550000,regular,26,8,0,26,0,0,0,0,0,conversation_service
FB03707,2017,7,4,3,product_photo,0.607618,0.550000,regular,12,2,0,12,0,0,0,0,0,routine_watch
FB03709,2017,7,3,4,live_video,0.330926,1.269166,policy_shift,30,197,4,24,6,0,0,0,0,conversation_service
FB03714,2017,7,1,9,product_photo,0.607618,0.550000,regular,3,0,0,3,0,0,0,0,0,routine_watch
FB03720,2017,7,6,6,product_photo,0.607618,0.550000,regular,6,0,0,6,0,0,0,0,0,routine_watch
FB03721,2017,7,6,6,product_photo,0.607618,0.550000,regular,2,0,0,2,0,0,0,0,0,routine_watch
FB03722,2017,7,6,5,product_photo,0.607618,0.550000,regular,2,0,0,2,0,0,0,0,0,routine_watch
FB03727,2017,7,5,3,product_photo,0.607618,0.550000,regular,4,0,0,4,0,0,0,0,0,routine_watch
FB03740,2017,7,0,7,product_photo,0.607618,0.550000,regular,0,0,0,0,0,0,0,0,0,routine_watch
FB03741,2017,7,0,6,product_photo,0.607618,0.550000,regular,4,0,0,4,0,0,0,0,0,routine_watch
FB03742,2017,7,0,6,product_photo,0.607618,0.550000,regular,1,0,0,1,0,0,0,0,0,routine_watch
FB03743,2017,7,0,6,product_photo,0.607618,0.550000,regular,2,0,0,2,0,0,0,0,0,routine_watch
FB03744,2017,7,0,3,product_photo,0.607618,0.550000,regular,5,0,0,5,0,0,0,0,0,routine_watch
FB03745,2017,7,0,2,product_photo,0.607618,0.550000,regular,3,0,0,3,0,0,0,0,0,routine_watch
FB03748,2017,7,0,0,product_photo,0.607618,0.550000,regular,626,3,88,601,3,0,22,0,0,share_amplify
FB03750,2017,7,5,4,product_photo,0.607618,0.550000,regular,12,0,3,12,0,0,0,0,0,routine_watch
FB03752,2017,7,3,9,product_photo,0.607618,0.550000,regular,0,0,0,0,0,0,0,0,0,routine_watch
FB03755,2017,7,2,23,product_photo,0.607618,0.550000,regular,7,0,0,7,0,0,0,0,0,routine_watch
FB03756,2017,7,2,7,product_photo,0.607618,0.550000,regular,1,0,0,1,0,0,0,0,0,routine_watch
FB03762,2017,7,0,23,product_photo,0.607618,0.550000,regular,4,0,0,4,0,0,0,0,0,routine_watch
FB03764,2017,7,0,8,product_photo,0.607618,0.550000,regular,0,0,0,0,0,0,0,0,0,routine_watch
FB03765,2017,7,0,4,product_photo,0.607618,0.550000,regular,3,0,0,3,0,0,0,0,0,routine_watch
FB03766,2017,7,0,3,product_photo,0.607618,0.550000,regular,3,0,0,3,0,0,0,0,0,routine_watch
FB03767,2017,7,0,3,product_photo,0.607618,0.550000,regular,3,0,0,3,0,0,0,0,0,routine_watch
FB03768,2017,7,0,3,product_photo,0.607618,0.550000,regular,1,0,0,1,0,0,0,0,0,routine_watch
FB03769,2017,7,0,3,product_photo,0.607618,0.550000,regular,3,0,0,3,0,0,0,0,0,routine_watch
FB03770,2017,7,0,0,product_photo,0.607618,0.550000,regular,4,1,0,4,0,0,0,0,0,routine_watch
FB03783,2017,7,3,8,product_photo,0.607618,0.550000,regular,0,0,0,0,0,0,0,0,0,routine_watch
FB03787,2017,7,1,9,product_photo,0.607618,0.550000,regular,1,0,0,1,0,0,0,0,0,routine_watch
FB03791,2017,7,1,1,product_photo,0.607618,0.550000,regular,10,0,0,10,0,0,0,0,0,routine_watch
FB03793,2017,7,0,9,product_photo,0.607618,0.550000,regular,1,0,0,1,0,0,0,0,0,routine_watch
FB03796,2017,7,0,5,product_photo,0.607618,0.550000,regular,0,0,0,0,0,0,0,0,0,routine_watch
FB03797,2017,7,0,5,product_photo,0.607618,0.550000,regular,2,0,0,2,0,0,0,0,0,routine_watch
FB03798,2017,7,6,2,product_photo,0.607618,0.550000,regular,10,0,0,10,0,0,0,0,0,routine_watch
FB03799,2017,7,5,9,product_photo,0.607618,0.550000,regular,1,0,0,1,0,0,0,0,0,routine_watch
FB03801,2017,6,4,8,product_photo,0.607618,0.550000,regular,2,0,0,2,0,0,0,0,0,routine_watch
FB03802,2017,6,4,5,product_photo,0.607618,0.550000,regular,6,1,0,6,0,0,0,0,0,routine_watch
FB03807,2017,6,1,23,product_photo,0.607618,0.550000,regular,2,0,0,2,0,0,0,0,0,routine_watch
FB03811,2017,6,1,4,product_photo,0.607618,0.550000,regular,2,0,0,2,0,0,0,0,0,routine_watch
FB03814,2017,6,0,6,product_photo,0.607618,0.550000,regular,1,0,0,1,0,0,0,0,0,routine_watch
FB03816,2017,6,0,5,live_video,0.330926,1.269166,policy_shift,0,0,0,0,0,0,0,0,0,routine_watch
FB03817,2017,6,0,2,live_video,0.330926,1.269166,policy_shift,134,5,1,133,1,0,0,0,0,conversation_service
FB03820,2017,6,0,1,product_photo,0.607618,0.550000,regular,4,0,0,4,0,0,0,0,0,routine_watch
FB03821,2017,6,5,7,product_photo,0.607618,0.550000,regular,1,0,0,1,0,0,0,0,0,routine_watch
FB03826,2017,6,4,19,product_photo,0.607618,0.550000,regular,3,0,0,3,0,0,0,0,0,routine_watch
FB03831,2017,6,4,3,product_photo,0.607618,0.550000,regular,3,0,0,3,0,0,0,0,0,routine_watch
FB03834,2017,6,2,4,product_photo,0.607618,0.550000,regular,2,0,0,2,0,0,0,0,0,routine_watch
FB03836,2017,6,2,3,product_photo,0.607618,0.550000,regular,0,0,0,0,0,0,0,0,0,routine_watch
FB03839,2017,6,6,23,product_photo,0.607618,0.550000,regular,0,0,0,0,0,0,0,0,0,routine_watch
FB03846,2017,6,4,7,product_photo,0.607618,0.550000,regular,5,0,0,5,0,0,0,0,0,routine_watch
FB03848,2018,6,1,1,product_photo,0.607618,0.550000,regular,529,226,5,515,5,9,0,0,0,conversation_service
FB03851,2018,6,5,12,live_video,0.330926,1.269166,policy_shift,256,535,52,220,34,0,2,0,0,conversation_service
FB03852,2018,6,5,8,live_video,0.330926,1.269166,policy_shift,1238,7895,1101,981,233,8,14,1,1,share_amplify
FB03856,2018,6,3,15,product_photo,0.607618,0.550000,regular,624,11,104,616,6,0,2,0,0,share_amplify
FB03858,2018,6,3,11,live_video,0.330926,1.269166,policy_shift,245,477,61,210,31,2,2,0,0,conversation_service
FB03862,2018,6,2,7,product_photo,0.607618,0.550000,regular,185,31,1,182,2,1,0,0,0,conversation_service
FB03863,2018,6,6,8,live_video,0.330926,1.269166,policy_shift,763,4083,784,597,159,3,4,0,0,share_amplify
FB03870,2018,5,2,9,text_status,0.052110,3.000000,low_support,257,28,0,248,5,1,0,3,0,emotion_nurture
FB03871,2018,5,1,8,live_video,0.330926,1.269166,policy_shift,1059,6535,915,827,215,3,8,3,3,share_amplify
FB03874,2018,5,4,12,live_video,0.330926,1.269166,policy_shift,291,895,167,243,46,0,2,0,0,share_amplify
FB03876,2018,5,4,2,product_photo,0.607618,0.550000,regular,359,47,3,350,4,4,1,0,0,emotion_nurture
FB03877,2018,5,3,8,live_video,0.330926,1.269166,policy_shift,846,3692,1636,680,141,3,16,4,2,share_amplify
FB03878,2018,5,3,1,product_photo,0.607618,0.550000,regular,426,40,5,420,6,0,0,0,0,conversation_service
FB03879,2018,5,2,8,product_photo,0.607618,0.550000,regular,2402,97,3,2344,41,17,0,0,0,emotion_nurture
FB03880,2018,5,1,22,product_photo,0.607618,0.550000,regular,258,37,3,250,5,3,0,0,0,emotion_nurture
FB03881,2018,5,6,12,live_video,0.330926,1.269166,policy_shift,329,1909,137,240,85,1,2,0,1,conversation_service
FB03883,2018,5,5,8,live_video,0.330926,1.269166,policy_shift,892,6622,1026,612,260,9,9,1,1,share_amplify
FB03884,2018,5,5,3,product_photo,0.607618,0.550000,regular,195,22,2,191,3,0,1,0,0,conversation_service
FB03886,2018,5,3,8,live_video,0.330926,1.269166,policy_shift,1048,3740,974,866,165,5,8,1,3,share_amplify
FB03887,2018,5,3,3,product_photo,0.607618,0.550000,regular,563,28,5,554,4,4,1,0,0,emotion_nurture
FB03888,2018,5,6,8,live_video,0.330926,1.269166,policy_shift,703,4007,844,548,139,4,7,3,2,share_amplify
FB03889,2018,5,5,2,product_photo,0.607618,0.550000,regular,707,63,3,694,7,6,0,0,0,emotion_nurture
FB03892,2018,5,3,8,live_video,0.330926,1.269166,policy_shift,829,6940,1055,648,166,5,4,2,4,share_amplify
FB03893,2018,5,2,8,live_video,0.330926,1.269166,policy_shift,1078,9452,1379,820,234,8,10,3,3,share_amplify
FB03895,2018,5,5,12,live_video,0.330926,1.269166,policy_shift,305,1724,223,248,49,3,2,2,1,conversation_service
FB03896,2018,5,5,6,live_video,0.330926,1.269166,policy_shift,543,2041,476,445,87,3,8,0,0,share_amplify
FB03897,2018,5,5,5,live_video,0.330926,1.269166,policy_shift,300,297,60,267,29,3,1,0,0,emotion_nurture
FB03900,2018,5,2,7,product_photo,0.607618,0.550000,regular,273,69,5,260,6,7,0,0,0,emotion_nurture
FB03901,2018,5,2,7,product_photo,0.607618,0.550000,regular,576,158,8,562,10,4,0,0,0,conversation_service
FB03903,2018,4,3,5,product_photo,0.607618,0.550000,regular,581,20,0,545,6,28,1,1,0,emotion_nurture
FB03904,2018,4,2,1,product_photo,0.607618,0.550000,regular,751,35,2,733,7,11,0,0,0,emotion_nurture
FB03909,2018,4,1,1,product_photo,0.607618,0.550000,regular,280,29,4,277,3,0,0,0,0,conversation_service
FB03911,2018,4,5,0,product_photo,0.607618,0.550000,regular,296,31,5,291,1,4,0,0,0,conversation_service
FB03915,2018,4,0,23,product_photo,0.607618,0.550000,regular,429,88,0,415,3,10,1,0,0,emotion_nurture
FB03917,2018,4,6,1,product_photo,0.607618,0.550000,regular,125,4,2,123,1,0,1,0,0,emotion_nurture
FB03920,2018,3,4,3,product_photo,0.607618,0.550000,regular,177,16,1,171,3,3,0,0,0,emotion_nurture
FB03922,2018,3,2,12,product_photo,0.607618,0.550000,regular,153,7,42,148,0,2,3,0,0,share_amplify
FB03923,2018,3,1,5,product_photo,0.607618,0.550000,regular,214,18,1,211,1,2,0,0,0,conversation_service
FB03924,2018,3,0,2,product_photo,0.607618,0.550000,regular,806,51,0,770,23,12,1,0,0,emotion_nurture
FB03926,2018,3,5,1,product_photo,0.607618,0.550000,regular,244,30,5,237,3,4,0,0,0,emotion_nurture
FB03927,2018,3,3,22,product_photo,0.607618,0.550000,regular,637,64,8,627,8,2,0,0,0,emotion_nurture
FB03928,2018,3,1,9,product_photo,0.607618,0.550000,regular,195,15,0,188,4,3,0,0,0,emotion_nurture
FB03929,2018,3,1,9,product_photo,0.607618,0.550000,regular,287,43,3,281,4,2,0,0,0,conversation_service
FB03930,2018,3,1,9,product_photo,0.607618,0.550000,regular,357,59,3,341,6,10,0,0,0,emotion_nurture
FB03931,2018,3,6,0,product_photo,0.607618,0.550000,regular,182,27,1,176,4,2,0,0,0,emotion_nurture
FB03932,2018,3,5,8,product_photo,0.607618,0.550000,regular,307,51,4,301,5,1,0,0,0,conversation_service
FB03933,2018,3,3,3,product_photo,0.607618,0.550000,regular,403,89,4,391,8,4,0,0,0,conversation_service
FB03935,2018,3,1,7,product_photo,0.607618,0.550000,regular,300,46,1,285,0,8,7,0,0,emotion_nurture
FB03937,2018,2,0,6,product_photo,0.607618,0.550000,regular,223,19,1,211,7,1,0,4,0,emotion_nurture
FB03938,2018,2,0,6,product_photo,0.607618,0.550000,regular,181,15,0,179,2,0,0,0,0,conversation_service
FB03940,2018,2,4,23,product_photo,0.607618,0.550000,regular,378,48,3,367,4,6,0,1,0,emotion_nurture
FB03941,2018,2,3,4,product_photo,0.607618,0.550000,regular,397,87,10,383,5,9,0,0,0,emotion_nurture
FB03942,2018,2,6,3,product_photo,0.607618,0.550000,regular,397,76,4,382,9,6,0,0,0,emotion_nurture
FB03943,2018,2,2,10,product_photo,0.607618,0.550000,regular,940,49,1,862,40,38,0,0,0,emotion_nurture
FB03945,2018,2,2,3,product_photo,0.607618,0.550000,regular,78,5,1,78,0,0,0,0,0,conversation_service
FB03946,2018,2,1,6,product_photo,0.607618,0.550000,regular,128,5,4,123,1,4,0,0,0,emotion_nurture
FB03948,2018,1,1,23,product_photo,0.607618,0.550000,regular,128,12,1,123,1,4,0,0,0,emotion_nurture
FB03950,2018,1,0,11,product_photo,0.607618,0.550000,regular,96,5,2,92,0,3,0,1,0,emotion_nurture
FB03952,2018,1,1,5,product_photo,0.607618,0.550000,regular,121,11,1,114,7,0,0,0,0,emotion_nurture
FB03953,2018,1,0,12,product_photo,0.607618,0.550000,regular,94,9,1,90,0,3,0,1,0,emotion_nurture
FB03954,2018,1,5,6,product_photo,0.607618,0.550000,regular,164,15,5,158,0,6,0,0,0,emotion_nurture
FB03955,2018,1,0,8,product_photo,0.607618,0.550000,regular,342,34,1,326,12,4,0,0,0,emotion_nurture
FB03956,2017,12,4,9,product_photo,0.607618,0.550000,regular,163,13,0,159,4,0,0,0,0,emotion_nurture
FB03957,2017,12,3,13,product_photo,0.607618,0.550000,regular,73,11,0,71,1,1,0,0,0,conversation_service
FB03958,2017,12,3,8,product_photo,0.607618,0.550000,regular,247,17,1,241,3,1,2,0,0,emotion_nurture
FB03959,2017,12,3,7,product_photo,0.607618,0.550000,regular,53,3,0,50,3,0,0,0,0,emotion_nurture
FB03961,2017,12,0,12,product_photo,0.607618,0.550000,regular,155,31,1,144,4,7,0,0,0,emotion_nurture
FB03962,2017,12,4,9,product_photo,0.607618,0.550000,regular,431,27,0,414,10,6,1,0,0,emotion_nurture
FB03964,2017,12,3,12,product_photo,0.607618,0.550000,regular,187,18,0,183,4,0,0,0,0,emotion_nurture
FB03966,2017,12,1,1,product_photo,0.607618,0.550000,regular,99,16,0,97,2,0,0,0,0,conversation_service
FB03967,2017,12,4,4,text_status,0.052110,3.000000,low_support,161,18,0,158,3,0,0,0,0,conversation_service
FB03969,2017,12,2,9,product_photo,0.607618,0.550000,regular,316,65,16,306,4,6,0,0,0,share_amplify
FB03970,2017,12,1,5,product_photo,0.607618,0.550000,regular,91,5,0,87,2,2,0,0,0,emotion_nurture
FB03972,2017,12,5,11,text_status,0.052110,3.000000,low_support,70,12,0,66,0,2,1,1,0,emotion_nurture
FB03973,2018,6,1,21,live_video,0.330926,1.269166,policy_shift,154,821,75,120,32,0,2,0,0,conversation_service
FB03978,2018,6,1,1,live_video,0.330926,1.269166,policy_shift,123,524,56,100,21,0,1,1,0,conversation_service
FB03979,2018,6,0,21,live_video,0.330926,1.269166,policy_shift,157,591,61,123,29,1,3,1,0,conversation_service
FB03981,2018,6,0,7,live_video,0.330926,1.269166,policy_shift,27,0,4,27,0,0,0,0,0,share_amplify
FB03982,2018,6,0,7,live_video,0.330926,1.269166,policy_shift,190,723,85,127,55,1,5,0,2,emotion_nurture
FB03983,2018,6,0,2,live_video,0.330926,1.269166,policy_shift,19,0,0,19,0,0,0,0,0,routine_watch
FB03984,2018,6,0,1,live_video,0.330926,1.269166,policy_shift,22,2,1,22,0,0,0,0,0,routine_watch
FB03985,2018,6,0,1,live_video,0.330926,1.269166,policy_shift,164,1120,67,120,40,0,2,2,0,conversation_service
FB03986,2018,6,6,21,live_video,0.330926,1.269166,policy_shift,186,817,68,154,27,2,3,0,0,conversation_service
FB03987,2018,6,6,7,live_video,0.330926,1.269166,policy_shift,41,0,0,41,0,0,0,0,0,share_amplify
FB03988,2018,6,6,7,live_video,0.330926,1.269166,policy_shift,249,1734,247,198,47,1,3,0,0,share_amplify
FB03989,2018,6,6,3,live_video,0.330926,1.269166,policy_shift,83,272,14,73,10,0,0,0,0,conversation_service
FB03993,2018,6,5,8,live_video,0.330926,1.269166,policy_shift,123,574,49,103,18,0,2,0,0,conversation_service
FB03996,2018,6,4,22,product_photo,0.607618,0.550000,regular,325,10,1,319,4,1,1,0,0,emotion_nurture
FB04000,2018,6,4,3,live_video,0.330926,1.269166,policy_shift,75,450,25,63,12,0,0,0,0,conversation_service
FB04001,2018,6,4,1,live_video,0.330926,1.269166,policy_shift,134,360,65,107,27,0,0,0,0,share_amplify
FB04007,2018,6,3,1,live_video,0.330926,1.269166,policy_shift,132,332,56,101,31,0,0,0,0,conversation_service
FB04011,2018,6,2,7,live_video,0.330926,1.269166,policy_shift,203,775,62,161,37,2,3,0,0,conversation_service
FB04012,2018,6,2,3,live_video,0.330926,1.269166,policy_shift,53,134,10,44,9,0,0,0,0,conversation_service
FB04013,2018,6,2,1,live_video,0.330926,1.269166,policy_shift,26,3,3,25,1,0,0,0,0,share_amplify
FB04015,2018,6,1,21,live_video,0.330926,1.269166,policy_shift,31,4,0,31,0,0,0,0,0,conversation_service
FB04016,2018,6,1,21,live_video,0.330926,1.269166,policy_shift,133,758,52,108,24,0,1,0,0,conversation_service
FB04017,2018,6,1,7,live_video,0.330926,1.269166,policy_shift,124,416,41,104,20,0,0,0,0,conversation_service
FB04018,2018,6,1,7,product_photo,0.607618,0.550000,regular,34,1,0,34,0,0,0,0,0,share_amplify
FB04019,2018,6,1,1,live_video,0.330926,1.269166,policy_shift,28,1,2,28,0,0,0,0,0,share_amplify
FB04022,2018,5,3,4,product_photo,0.607618,0.550000,regular,500,9,15,497,1,2,0,0,0,share_amplify
FB04024,2018,5,0,1,product_photo,0.607618,0.550000,regular,35,0,15,35,0,0,0,0,0,share_amplify
FB04025,2018,5,5,7,product_photo,0.607618,0.550000,regular,5,0,15,5,0,0,0,0,0,routine_watch
FB04026,2018,5,4,7,product_photo,0.607618,0.550000,regular,5,0,15,5,0,0,0,0,0,routine_watch
FB04027,2018,5,3,8,product_photo,0.607618,0.550000,regular,2,0,15,2,0,0,0,0,0,routine_watch
FB04028,2018,5,2,7,product_photo,0.607618,0.550000,regular,25,1,1,25,0,0,0,0,0,routine_watch
FB04034,2018,6,1,2,live_video,0.330926,1.269166,policy_shift,1,0,3,1,0,0,0,0,0,routine_watch
FB04040,2018,5,3,22,live_video,0.330926,1.269166,policy_shift,0,0,0,0,0,0,0,0,0,routine_watch
FB04044,2018,5,1,2,live_video,0.330926,1.269166,policy_shift,0,0,0,0,0,0,0,0,0,routine_watch
FB04048,2018,5,6,1,live_video,0.330926,1.269166,policy_shift,0,0,0,0,0,0,0,0,0,routine_watch
FB04051,2018,5,2,22,live_video,0.330926,1.269166,policy_shift,2,0,0,2,0,0,0,0,0,routine_watch
FB04053,2018,5,1,2,live_video,0.330926,1.269166,policy_shift,2,0,0,2,0,0,0,0,0,routine_watch
FB04055,2018,5,0,4,live_video,0.330926,1.269166,policy_shift,1,0,0,1,0,0,0,0,0,routine_watch
FB04056,2018,5,6,23,live_video,0.330926,1.269166,policy_shift,0,0,0,0,0,0,0,0,0,routine_watch
FB04061,2018,5,3,7,live_video,0.330926,1.269166,policy_shift,3,0,0,3,0,0,0,0,0,routine_watch
FB04062,2018,5,3,1,live_video,0.330926,1.269166,policy_shift,0,0,0,0,0,0,0,0,0,routine_watch
FB04065,2018,5,2,22,live_video,0.330926,1.269166,policy_shift,0,0,0,0,0,0,0,0,0,routine_watch
FB04067,2018,5,1,23,live_video,0.330926,1.269166,policy_shift,0,0,0,0,0,0,0,0,0,routine_watch
FB04071,2018,5,0,7,live_video,0.330926,1.269166,policy_shift,0,0,0,0,0,0,0,0,0,routine_watch
FB04072,2018,5,6,22,live_video,0.330926,1.269166,policy_shift,1,0,0,1,0,0,0,0,0,routine_watch
FB04075,2018,5,4,8,live_video,0.330926,1.269166,policy_shift,0,0,0,0,0,0,0,0,0,routine_watch
FB04078,2018,5,1,22,live_video,0.330926,1.269166,policy_shift,0,0,0,0,0,0,0,0,0,routine_watch
FB04079,2018,5,1,2,live_video,0.330926,1.269166,policy_shift,3,0,0,3,0,0,0,0,0,routine_watch
FB04081,2018,5,6,2,live_video,0.330926,1.269166,policy_shift,2,0,0,2,0,0,0,0,0,routine_watch
FB04082,2018,5,5,21,live_video,0.330926,1.269166,policy_shift,4,0,1,4,0,0,0,0,0,routine_watch
FB04085,2018,5,2,7,live_video,0.330926,1.269166,policy_shift,1,0,1,1,0,0,0,0,0,routine_watch
FB04086,2018,4,5,1,live_video,0.330926,1.269166,policy_shift,2,0,0,2,0,0,0,0,0,routine_watch
FB04091,2018,4,0,22,live_video,0.330926,1.269166,policy_shift,0,0,0,0,0,0,0,0,0,routine_watch
FB04094,2018,4,4,2,live_video,0.330926,1.269166,policy_shift,2,0,0,2,0,0,0,0,0,routine_watch
FB04095,2018,4,0,3,live_video,0.330926,1.269166,policy_shift,1,0,0,1,0,0,0,0,0,routine_watch
FB04096,2018,4,6,7,live_video,0.330926,1.269166,policy_shift,2,0,0,2,0,0,0,0,0,routine_watch
FB04097,2018,4,5,7,live_video,0.330926,1.269166,policy_shift,2,0,0,1,1,0,0,0,0,routine_watch
FB04100,2018,4,2,2,live_video,0.330926,1.269166,policy_shift,4,0,0,4,0,0,0,0,0,routine_watch
FB04102,2018,4,1,7,live_video,0.330926,1.269166,policy_shift,5,0,0,5,0,0,0,0,0,routine_watch
FB04103,2018,4,0,4,live_video,0.330926,1.269166,policy_shift,4,0,0,4,0,0,0,0,0,routine_watch
FB04107,2018,3,3,13,live_video,0.330926,1.269166,policy_shift,6,0,12,6,0,0,0,0,0,routine_watch
FB04109,2018,3,3,7,live_video,0.330926,1.269166,policy_shift,1,0,0,1,0,0,0,0,0,routine_watch
FB04110,2018,3,2,20,live_video,0.330926,1.269166,policy_shift,12,0,8,12,0,0,0,0,0,routine_watch
FB04112,2018,3,1,5,live_video,0.330926,1.269166,policy_shift,10,0,0,10,0,0,0,0,0,routine_watch
FB04116,2018,3,4,8,live_video,0.330926,1.269166,policy_shift,0,0,0,0,0,0,0,0,0,routine_watch
FB04117,2018,3,4,4,live_video,0.330926,1.269166,policy_shift,0,0,0,0,0,0,0,0,0,routine_watch
FB04120,2018,3,3,0,live_video,0.330926,1.269166,policy_shift,1,0,0,1,0,0,0,0,0,routine_watch
FB04121,2018,3,2,8,live_video,0.330926,1.269166,policy_shift,0,0,0,0,0,0,0,0,0,routine_watch
FB04122,2018,3,1,6,live_video,0.330926,1.269166,policy_shift,0,0,0,0,0,0,0,0,0,routine_watch
FB04126,2018,3,5,5,live_video,0.330926,1.269166,policy_shift,0,0,0,0,0,0,0,0,0,routine_watch
FB04129,2018,3,1,7,live_video,0.330926,1.269166,policy_shift,0,0,0,0,0,0,0,0,0,routine_watch
FB04136,2018,3,3,4,live_video,0.330926,1.269166,policy_shift,0,0,0,0,0,0,0,0,0,routine_watch
FB04146,2018,3,6,5,live_video,0.330926,1.269166,policy_shift,3,0,0,3,0,0,0,0,0,routine_watch
FB04148,2018,3,5,2,live_video,0.330926,1.269166,policy_shift,1,0,0,1,0,0,0,0,0,routine_watch
FB04151,2018,3,3,22,live_video,0.330926,1.269166,policy_shift,0,0,0,0,0,0,0,0,0,routine_watch
FB04152,2018,3,3,3,live_video,0.330926,1.269166,policy_shift,2,0,1,2,0,0,0,0,0,routine_watch
FB04153,2018,3,3,1,live_video,0.330926,1.269166,policy_shift,64,91,322,54,7,1,2,0,0,share_amplify
FB04157,2018,2,2,7,live_video,0.330926,1.269166,policy_shift,0,0,0,0,0,0,0,0,0,routine_watch
FB04158,2018,2,1,7,live_video,0.330926,1.269166,policy_shift,3,0,1,3,0,0,0,0,0,routine_watch
FB04160,2018,2,5,5,live_video,0.330926,1.269166,policy_shift,7,0,0,7,0,0,0,0,0,routine_watch
FB04163,2018,2,3,7,live_video,0.330926,1.269166,policy_shift,1,0,0,1,0,0,0,0,0,routine_watch
FB04169,2018,2,3,7,live_video,0.330926,1.269166,policy_shift,5,0,1,5,0,0,0,0,0,routine_watch
FB04172,2018,2,5,6,live_video,0.330926,1.269166,policy_shift,4,0,1,4,0,0,0,0,0,routine_watch
FB04174,2018,1,1,8,live_video,0.330926,1.269166,policy_shift,7,0,0,7,0,0,0,0,0,routine_watch
FB04175,2018,1,0,4,live_video,0.330926,1.269166,policy_shift,4,0,0,4,0,0,0,0,0,routine_watch
FB04177,2018,1,4,5,live_video,0.330926,1.269166,policy_shift,1,0,1,1,0,0,0,0,0,routine_watch
FB04179,2018,1,3,3,live_video,0.330926,1.269166,policy_shift,0,0,0,0,0,0,0,0,0,routine_watch
FB04182,2018,1,2,5,live_video,0.330926,1.269166,policy_shift,4,0,0,4,0,0,0,0,0,routine_watch
FB04184,2018,1,1,7,live_video,0.330926,1.269166,policy_shift,3,0,0,3,0,0,0,0,0,routine_watch
FB04186,2018,1,1,5,live_video,0.330926,1.269166,policy_shift,3,0,0,3,0,0,0,0,0,routine_watch
FB04187,2018,1,0,9,live_video,0.330926,1.269166,policy_shift,2,0,0,2,0,0,0,0,0,routine_watch
FB04188,2018,1,5,9,live_video,0.330926,1.269166,policy_shift,1,0,0,1,0,0,0,0,0,routine_watch
FB04190,2018,1,5,4,live_video,0.330926,1.269166,policy_shift,2,0,0,2,0,0,0,0,0,routine_watch
FB04194,2018,1,6,2,live_video,0.330926,1.269166,policy_shift,1,0,0,1,0,0,0,0,0,routine_watch
FB04198,2018,1,2,8,live_video,0.330926,1.269166,policy_shift,0,0,0,0,0,0,0,0,0,routine_watch
FB04203,2018,1,0,7,live_video,0.330926,1.269166,policy_shift,1,0,0,1,0,0,0,0,0,routine_watch
FB04204,2018,1,6,8,live_video,0.330926,1.269166,policy_shift,1,0,0,1,0,0,0,0,0,routine_watch
FB04206,2018,1,6,8,live_video,0.330926,1.269166,policy_shift,3,0,0,3,0,0,0,0,0,routine_watch
FB04215,2017,12,5,20,product_photo,0.607618,0.550000,regular,1,0,0,0,1,0,0,0,0,routine_watch
FB04222,2017,12,2,7,live_video,0.330926,1.269166,policy_shift,4,0,0,4,0,0,0,0,0,routine_watch
FB04224,2017,12,1,8,live_video,0.330926,1.269166,policy_shift,3,0,0,3,0,0,0,0,0,routine_watch
FB04226,2017,12,0,23,live_video,0.330926,1.269166,policy_shift,8,0,0,8,0,0,0,0,0,routine_watch
FB04232,2017,12,6,7,live_video,0.330926,1.269166,policy_shift,5,0,0,4,1,0,0,0,0,routine_watch
FB04234,2017,12,6,4,live_video,0.330926,1.269166,policy_shift,3,0,0,3,0,0,0,0,0,routine_watch
FB04238,2017,12,1,8,live_video,0.330926,1.269166,policy_shift,2,0,0,2,0,0,0,0,0,routine_watch
FB04239,2017,12,1,7,live_video,0.330926,1.269166,policy_shift,0,0,0,0,0,0,0,0,0,routine_watch
FB04244,2017,12,6,8,live_video,0.330926,1.269166,policy_shift,3,0,0,3,0,0,0,0,0,routine_watch
FB04248,2017,12,5,8,live_video,0.330926,1.269166,policy_shift,0,0,0,0,0,0,0,0,0,routine_watch
FB04250,2017,12,4,9,live_video,0.330926,1.269166,policy_shift,0,0,0,0,0,0,0,0,0,routine_watch
FB04256,2017,12,3,6,live_video,0.330926,1.269166,policy_shift,5,0,0,5,0,0,0,0,0,routine_watch
FB04257,2017,12,1,8,live_video,0.330926,1.269166,policy_shift,1,0,0,1,0,0,0,0,0,routine_watch
FB04261,2017,12,0,7,live_video,0.330926,1.269166,policy_shift,91,91,277,78,13,0,0,0,0,share_amplify
FB04264,2017,12,6,7,live_video,0.330926,1.269166,policy_shift,1,0,0,1,0,0,0,0,0,routine_watch
FB04265,2017,12,6,4,live_video,0.330926,1.269166,policy_shift,2,0,0,2,0,0,0,0,0,routine_watch
FB04266,2017,12,6,3,live_video,0.330926,1.269166,policy_shift,1,0,0,1,0,0,0,0,0,routine_watch
FB04268,2017,12,6,1,live_video,0.330926,1.269166,policy_shift,7,0,0,7,0,0,0,0,0,routine_watch
FB04269,2017,12,5,9,live_video,0.330926,1.269166,policy_shift,1,0,0,1,0,0,0,0,0,routine_watch
FB04275,2017,12,4,7,live_video,0.330926,1.269166,policy_shift,5,0,0,5,0,0,0,0,0,routine_watch
FB04279,2017,12,2,7,live_video,0.330926,1.269166,policy_shift,5,0,0,5,0,0,0,0,0,routine_watch
FB04281,2017,12,2,5,live_video,0.330926,1.269166,policy_shift,28,39,16,27,1,0,0,0,0,share_amplify
FB04282,2017,12,1,4,live_video,0.330926,1.269166,policy_shift,3,0,0,3,0,0,0,0,0,routine_watch
FB04285,2017,12,1,2,live_video,0.330926,1.269166,policy_shift,105,136,67,89,15,0,1,0,0,share_amplify
FB04286,2017,12,1,1,live_video,0.330926,1.269166,policy_shift,8,0,0,8,0,0,0,0,0,routine_watch
FB04287,2017,12,1,1,live_video,0.330926,1.269166,policy_shift,182,235,73,161,20,0,1,0,0,share_amplify
FB04288,2017,12,0,8,live_video,0.330926,1.269166,policy_shift,1,0,0,1,0,0,0,0,0,routine_watch
FB04292,2017,12,6,8,live_video,0.330926,1.269166,policy_shift,1,0,0,1,0,0,0,0,0,routine_watch
FB04293,2017,12,6,8,live_video,0.330926,1.269166,policy_shift,0,0,0,0,0,0,0,0,0,routine_watch
FB04296,2017,12,6,7,live_video,0.330926,1.269166,policy_shift,116,200,239,94,18,2,2,0,0,share_amplify
FB04297,2017,12,6,5,live_video,0.330926,1.269166,policy_shift,7,0,0,7,0,0,0,0,0,routine_watch
FB04298,2017,12,6,4,live_video,0.330926,1.269166,policy_shift,10,0,0,10,0,0,0,0,0,routine_watch
FB04302,2017,12,6,2,live_video,0.330926,1.269166,policy_shift,133,157,278,117,16,0,0,0,0,share_amplify
FB04303,2017,12,5,8,live_video,0.330926,1.269166,policy_shift,4,0,0,4,0,0,0,0,0,routine_watch
FB04305,2017,12,5,7,live_video,0.330926,1.269166,policy_shift,128,164,79,109,18,1,0,0,0,share_amplify
FB04308,2017,12,5,4,live_video,0.330926,1.269166,policy_shift,3,0,0,3,0,0,0,0,0,routine_watch
FB04313,2017,12,5,3,live_video,0.330926,1.269166,policy_shift,71,123,277,58,10,0,2,0,1,share_amplify
FB04314,2017,12,4,23,live_video,0.330926,1.269166,policy_shift,3,0,0,3,0,0,0,0,0,routine_watch
FB04318,2017,12,4,8,live_video,0.330926,1.269166,policy_shift,0,0,0,0,0,0,0,0,0,routine_watch
FB04323,2017,12,4,7,live_video,0.330926,1.269166,policy_shift,95,129,56,82,12,0,0,1,0,share_amplify
FB04324,2017,12,4,7,live_video,0.330926,1.269166,policy_shift,1,1,0,1,0,0,0,0,0,routine_watch
FB04327,2017,12,4,7,live_video,0.330926,1.269166,policy_shift,83,96,330,73,9,1,0,0,0,share_amplify
FB04329,2017,12,4,5,live_video,0.330926,1.269166,policy_shift,103,116,356,87,13,2,1,0,0,share_amplify
FB04331,2017,11,3,6,live_video,0.330926,1.269166,policy_shift,237,338,310,186,43,1,5,0,2,share_amplify
FB04337,2017,11,2,8,live_video,0.330926,1.269166,policy_shift,1,0,0,1,0,0,0,0,0,routine_watch
FB04338,2017,11,2,7,live_video,0.330926,1.269166,policy_shift,2,1,0,2,0,0,0,0,0,routine_watch
FB04339,2017,11,2,7,live_video,0.330926,1.269166,policy_shift,136,265,128,103,28,2,2,1,0,share_amplify
FB04343,2017,11,1,6,live_video,0.330926,1.269166,policy_shift,3,1,0,3,0,0,0,0,0,routine_watch
FB04344,2017,11,1,5,live_video,0.330926,1.269166,policy_shift,4,0,0,4,0,0,0,0,0,routine_watch
FB04347,2017,11,0,1,live_video,0.330926,1.269166,policy_shift,3,0,0,3,0,0,0,0,0,routine_watch
FB04348,2017,11,6,8,live_video,0.330926,1.269166,policy_shift,1,0,0,1,0,0,0,0,0,routine_watch
FB04352,2017,11,6,4,live_video,0.330926,1.269166,policy_shift,2,0,0,2,0,0,0,0,0,routine_watch
FB04354,2017,11,5,8,live_video,0.330926,1.269166,policy_shift,3,0,0,3,0,0,0,0,0,routine_watch
FB04359,2017,11,4,7,live_video,0.330926,1.269166,policy_shift,5,0,0,5,0,0,0,0,0,routine_watch
FB04360,2017,11,4,6,live_video,0.330926,1.269166,policy_shift,0,0,0,0,0,0,0,0,0,routine_watch
FB04361,2017,11,4,5,live_video,0.330926,1.269166,policy_shift,2,0,0,2,0,0,0,0,0,routine_watch
FB04363,2017,11,4,4,live_video,0.330926,1.269166,policy_shift,2,0,0,2,0,0,0,0,0,routine_watch
FB04368,2017,11,3,6,live_video,0.330926,1.269166,policy_shift,2,0,0,2,0,0,0,0,0,routine_watch
FB04369,2017,11,3,4,live_video,0.330926,1.269166,policy_shift,8,0,0,8,0,0,0,0,0,routine_watch
FB04371,2017,11,1,4,live_video,0.330926,1.269166,policy_shift,3,0,0,3,0,0,0,0,0,routine_watch
FB04373,2017,11,1,2,live_video,0.330926,1.269166,policy_shift,1,0,0,1,0,0,0,0,0,routine_watch
FB04374,2017,11,1,1,live_video,0.330926,1.269166,policy_shift,4,0,0,3,1,0,0,0,0,routine_watch
FB04376,2017,11,0,8,live_video,0.330926,1.269166,policy_shift,3,0,0,3,0,0,0,0,0,routine_watch
FB04377,2017,11,0,7,live_video,0.330926,1.269166,policy_shift,3,0,0,3,0,0,0,0,0,routine_watch
FB04380,2017,11,0,2,live_video,0.330926,1.269166,policy_shift,7,0,0,7,0,0,0,0,0,routine_watch
FB04381,2017,11,6,7,live_video,0.330926,1.269166,policy_shift,7,0,0,7,0,0,0,0,0,routine_watch
FB04382,2017,11,6,6,live_video,0.330926,1.269166,policy_shift,2,0,0,2,0,0,0,0,0,routine_watch
FB04383,2017,11,6,3,live_video,0.330926,1.269166,policy_shift,2,0,0,2,0,0,0,0,0,routine_watch
FB04387,2017,11,6,0,live_video,0.330926,1.269166,policy_shift,5,0,0,5,0,0,0,0,0,routine_watch
FB04391,2017,11,5,7,live_video,0.330926,1.269166,policy_shift,0,0,0,0,0,0,0,0,0,routine_watch
FB04392,2017,11,5,6,live_video,0.330926,1.269166,policy_shift,4,1,0,4,0,0,0,0,0,routine_watch
FB04394,2017,11,4,9,live_video,0.330926,1.269166,policy_shift,10,0,0,10,0,0,0,0,0,routine_watch
FB04402,2017,11,3,5,live_video,0.330926,1.269166,policy_shift,4,0,0,4,0,0,0,0,0,routine_watch
FB04404,2017,11,2,9,live_video,0.330926,1.269166,policy_shift,0,0,0,0,0,0,0,0,0,routine_watch
FB04408,2017,11,2,7,live_video,0.330926,1.269166,policy_shift,0,0,0,0,0,0,0,0,0,routine_watch
FB04410,2017,11,1,5,live_video,0.330926,1.269166,policy_shift,4,0,0,4,0,0,0,0,0,routine_watch
FB04412,2017,11,1,4,live_video,0.330926,1.269166,policy_shift,1,0,0,1,0,0,0,0,0,routine_watch
FB04414,2017,11,1,3,live_video,0.330926,1.269166,policy_shift,5,0,0,5,0,0,0,0,0,routine_watch
FB04415,2017,11,1,2,live_video,0.330926,1.269166,policy_shift,0,0,0,0,0,0,0,0,0,routine_watch
FB04422,2017,11,6,3,live_video,0.330926,1.269166,policy_shift,0,0,0,0,0,0,0,0,0,routine_watch
FB04428,2017,11,5,6,live_video,0.330926,1.269166,policy_shift,5,0,0,5,0,0,0,0,0,routine_watch
FB04430,2017,11,4,8,live_video,0.330926,1.269166,policy_shift,1,0,0,1,0,0,0,0,0,routine_watch
FB04433,2017,11,4,4,live_video,0.330926,1.269166,policy_shift,8,0,0,8,0,0,0,0,0,routine_watch
FB04434,2017,11,4,4,live_video,0.330926,1.269166,policy_shift,90,168,56,75,13,2,0,0,0,share_amplify
FB04438,2017,11,3,2,live_video,0.330926,1.269166,policy_shift,1,0,0,1,0,0,0,0,0,routine_watch
FB04445,2017,11,2,9,live_video,0.330926,1.269166,policy_shift,2,0,0,2,0,0,0,0,0,routine_watch
FB04448,2017,11,2,6,live_video,0.330926,1.269166,policy_shift,5,0,0,5,0,0,0,0,0,routine_watch
FB04451,2017,11,1,7,live_video,0.330926,1.269166,policy_shift,3,1,0,3,0,0,0,0,0,routine_watch
FB04452,2017,11,1,7,live_video,0.330926,1.269166,policy_shift,171,437,129,135,28,1,5,0,2,share_amplify
FB04453,2017,11,1,5,live_video,0.330926,1.269166,policy_shift,95,131,65,81,13,0,1,0,0,share_amplify
FB04454,2017,11,1,1,live_video,0.330926,1.269166,policy_shift,100,204,94,78,18,0,4,0,0,share_amplify
FB04462,2017,11,0,5,live_video,0.330926,1.269166,policy_shift,0,0,0,0,0,0,0,0,0,routine_watch
FB04465,2017,11,0,3,live_video,0.330926,1.269166,policy_shift,0,0,0,0,0,0,0,0,0,routine_watch
FB04466,2017,11,0,3,live_video,0.330926,1.269166,policy_shift,0,0,0,0,0,0,0,0,0,routine_watch
FB04472,2017,11,6,8,live_video,0.330926,1.269166,policy_shift,60,442,85,52,8,0,0,0,0,share_amplify
FB04475,2017,11,6,6,live_video,0.330926,1.269166,policy_shift,231,331,197,180,46,1,2,1,1,share_amplify
FB04477,2017,11,6,6,live_video,0.330926,1.269166,policy_shift,0,0,0,0,0,0,0,0,0,routine_watch
FB04478,2017,11,6,6,live_video,0.330926,1.269166,policy_shift,138,119,81,116,19,2,0,0,1,share_amplify
FB04480,2018,6,0,8,text_status,0.052110,3.000000,low_support,1304,525,5,1265,8,31,0,0,0,conversation_service
FB04482,2018,6,6,8,live_video,0.330926,1.269166,policy_shift,993,1131,351,894,90,4,3,2,0,share_amplify
FB04483,2018,6,6,6,live_video,0.330926,1.269166,policy_shift,1179,902,532,975,152,46,3,2,1,emotion_nurture
FB04484,2018,6,5,8,live_video,0.330926,1.269166,policy_shift,1143,1242,588,909,220,5,5,1,3,emotion_nurture
FB04485,2018,6,5,6,live_video,0.330926,1.269166,policy_shift,337,0,41,335,2,0,0,0,0,share_amplify
FB04486,2018,6,5,6,live_video,0.330926,1.269166,policy_shift,795,799,564,658,129,2,2,1,3,share_amplify
FB04488,2018,6,4,6,live_video,0.330926,1.269166,policy_shift,1120,909,601,960,150,4,3,0,3,share_amplify
FB04489,2018,6,3,8,live_video,0.330926,1.269166,policy_shift,1172,1561,1100,1028,132,4,8,0,0,share_amplify
FB04491,2018,6,2,8,live_video,0.330926,1.269166,policy_shift,1490,2117,503,1344,129,5,8,1,3,share_amplify
FB04492,2018,6,2,6,live_video,0.330926,1.269166,policy_shift,1405,1156,607,1041,237,114,9,3,1,emotion_nurture
FB04493,2018,6,5,8,live_video,0.330926,1.269166,policy_shift,958,1249,335,855,97,3,2,1,0,share_amplify
FB04498,2018,6,4,3,product_photo,0.607618,0.550000,regular,1206,144,5,1166,17,22,0,0,1,emotion_nurture
FB04501,2018,5,1,10,text_status,0.052110,3.000000,low_support,798,75,0,785,4,9,0,0,0,emotion_nurture
FB04502,2018,5,1,8,live_video,0.330926,1.269166,policy_shift,1237,1230,341,1061,164,6,5,1,0,emotion_nurture
FB04504,2018,5,0,8,live_video,0.330926,1.269166,policy_shift,1215,1131,364,1048,162,3,1,0,1,emotion_nurture
FB04506,2018,5,6,8,live_video,0.330926,1.269166,policy_shift,1319,1293,377,1063,246,5,3,1,1,emotion_nurture
FB04509,2018,5,4,8,live_video,0.330926,1.269166,policy_shift,1159,1153,415,1009,138,6,5,0,1,share_amplify
FB04510,2018,5,4,6,live_video,0.330926,1.269166,policy_shift,1355,1484,517,1182,160,4,6,1,2,share_amplify
FB04512,2018,5,3,6,live_video,0.330926,1.269166,policy_shift,1585,1913,628,1306,264,6,4,1,4,emotion_nurture
FB04513,2018,5,3,3,text_status,0.052110,3.000000,low_support,1482,588,5,1450,14,17,1,0,0,conversation_service
FB04516,2018,5,0,8,live_video,0.330926,1.269166,policy_shift,1197,1727,416,1035,150,4,7,0,1,emotion_nurture
FB04518,2018,5,0,6,live_video,0.330926,1.269166,policy_shift,1368,1794,718,980,306,74,3,4,1,emotion_nurture
FB04519,2018,5,6,8,live_video,0.330926,1.269166,policy_shift,1741,2257,2139,1155,504,69,11,2,0,share_amplify
FB04520,2018,5,6,6,live_video,0.330926,1.269166,policy_shift,1490,1671,568,1300,176,3,5,3,3,share_amplify
FB04522,2018,5,5,8,live_video,0.330926,1.269166,policy_shift,1172,1469,429,1019,132,9,4,6,2,share_amplify
FB04523,2018,5,5,6,live_video,0.330926,1.269166,policy_shift,426,5,70,422,2,1,1,0,0,share_amplify
FB04524,2018,5,5,6,live_video,0.330926,1.269166,policy_shift,1334,1846,770,998,310,8,13,0,5,emotion_nurture
FB04525,2018,5,4,8,live_video,0.330926,1.269166,policy_shift,1503,1920,866,1111,330,51,9,1,1,emotion_nurture
FB04526,2018,5,4,6,live_video,0.330926,1.269166,policy_shift,1280,1568,476,1078,194,4,3,1,0,emotion_nurture
FB04528,2018,5,3,6,live_video,0.330926,1.269166,policy_shift,1290,1530,627,1032,149,106,3,0,0,emotion_nurture
FB04529,2018,5,2,9,live_video,0.330926,1.269166,policy_shift,1309,1267,413,1006,100,200,3,0,0,emotion_nurture
FB04530,2018,5,2,8,live_video,0.330926,1.269166,policy_shift,1220,1478,905,1071,131,8,2,6,2,share_amplify
FB04532,2018,5,1,23,product_photo,0.607618,0.550000,regular,350,24,2,346,4,0,0,0,0,conversation_service
FB04536,2018,5,0,6,live_video,0.330926,1.269166,policy_shift,1758,1890,718,1181,385,89,100,2,1,emotion_nurture
FB04537,2018,5,6,9,live_video,0.330926,1.269166,policy_shift,285,0,24,281,4,0,0,0,0,share_amplify
FB04539,2018,5,6,6,live_video,0.330926,1.269166,policy_shift,1753,1936,525,1460,264,9,13,4,3,emotion_nurture
FB04543,2018,5,3,6,live_video,0.330926,1.269166,policy_shift,1611,2314,1041,1139,316,104,50,2,0,emotion_nurture
FB04544,2018,5,2,8,live_video,0.330926,1.269166,policy_shift,1970,2903,3424,1330,482,138,13,5,2,share_amplify
FB04546,2018,5,2,6,live_video,0.330926,1.269166,policy_shift,396,2,67,391,1,4,0,0,0,share_amplify
FB04547,2018,5,2,6,live_video,0.330926,1.269166,policy_shift,1303,2153,796,969,291,32,8,1,2,emotion_nurture
FB04549,2018,5,6,7,live_video,0.330926,1.269166,policy_shift,1355,1360,536,1068,228,45,10,3,1,emotion_nurture
FB04550,2018,5,6,6,live_video,0.330926,1.269166,policy_shift,1236,771,334,1082,142,4,5,2,1,emotion_nurture
FB04554,2018,5,5,7,live_video,0.330926,1.269166,policy_shift,1615,1497,550,1309,263,15,22,4,2,emotion_nurture
FB04558,2018,5,2,7,live_video,0.330926,1.269166,policy_shift,1228,887,408,865,259,89,9,3,3,emotion_nurture
FB04564,2018,4,5,9,text_status,0.052110,3.000000,low_support,464,13,2,450,4,2,0,8,0,emotion_nurture
FB04568,2018,4,2,8,live_video,0.330926,1.269166,policy_shift,352,3,35,349,3,0,0,0,0,share_amplify
FB04569,2018,4,2,8,live_video,0.330926,1.269166,policy_shift,1166,878,254,825,320,8,9,3,1,emotion_nurture
FB04572,2018,4,1,9,live_video,0.330926,1.269166,policy_shift,1513,1309,396,1197,159,150,7,0,0,emotion_nurture
FB04573,2018,4,1,8,live_video,0.330926,1.269166,policy_shift,173,0,11,173,0,0,0,0,0,share_amplify
FB04574,2018,4,1,7,live_video,0.330926,1.269166,policy_shift,1886,2059,544,1437,407,13,24,1,4,emotion_nurture
FB04577,2018,4,6,7,live_video,0.330926,1.269166,policy_shift,238,0,19,236,2,0,0,0,0,share_amplify
FB04578,2018,4,6,7,live_video,0.330926,1.269166,policy_shift,1411,1276,454,1043,234,123,9,0,2,emotion_nurture
FB04579,2018,4,6,2,text_status,0.052110,3.000000,low_support,369,58,1,369,0,0,0,0,0,conversation_service
FB04580,2018,4,5,22,text_status,0.052110,3.000000,low_support,855,93,4,840,6,9,0,0,0,emotion_nurture
FB04581,2018,4,5,10,live_video,0.330926,1.269166,policy_shift,721,436,113,651,62,4,1,2,1,emotion_nurture
FB04586,2018,4,5,7,live_video,0.330926,1.269166,policy_shift,1891,1624,528,1376,482,11,14,3,5,emotion_nurture
FB04587,2018,4,5,0,text_status,0.052110,3.000000,low_support,364,2,0,361,2,1,0,0,0,emotion_nurture
FB04588,2018,4,4,9,live_video,0.330926,1.269166,policy_shift,993,636,193,892,94,5,0,0,2,emotion_nurture
FB04589,2018,4,4,8,live_video,0.330926,1.269166,policy_shift,2046,1626,489,1766,247,18,9,0,6,emotion_nurture
FB04591,2018,4,4,7,live_video,0.330926,1.269166,policy_shift,1386,851,510,1075,249,55,5,1,1,emotion_nurture
FB04592,2018,4,4,1,text_status,0.052110,3.000000,low_support,581,40,3,570,3,8,0,0,0,emotion_nurture
FB04595,2018,4,3,5,product_photo,0.607618,0.550000,regular,952,19,24,947,3,2,0,0,0,share_amplify
FB04596,2018,4,3,1,product_photo,0.607618,0.550000,regular,343,5,8,342,0,1,0,0,0,share_amplify
FB04599,2018,4,6,8,live_video,0.330926,1.269166,policy_shift,745,933,236,625,102,4,12,2,0,emotion_nurture
FB04604,2018,4,4,8,live_video,0.330926,1.269166,policy_shift,126,1,6,125,1,0,0,0,0,share_amplify
FB04607,2018,4,2,8,product_photo,0.607618,0.550000,regular,655,46,14,649,2,3,0,1,0,share_amplify
FB04608,2018,4,2,7,live_video,0.330926,1.269166,policy_shift,359,2,37,355,3,1,0,0,0,share_amplify
FB04609,2018,4,2,7,live_video,0.330926,1.269166,policy_shift,1798,1650,635,1467,283,39,6,3,0,emotion_nurture
FB04610,2018,3,4,1,text_status,0.052110,3.000000,low_support,1394,239,7,1365,8,21,0,0,0,emotion_nurture
FB04611,2018,3,2,9,live_video,0.330926,1.269166,policy_shift,201,5,26,200,1,0,0,0,0,share_amplify
FB04613,2018,3,2,5,text_status,0.052110,3.000000,low_support,1511,311,4,1468,10,33,0,0,0,emotion_nurture
FB04615,2018,3,1,8,live_video,0.330926,1.269166,policy_shift,138,1,7,136,2,0,0,0,0,share_amplify
FB04616,2018,3,1,8,live_video,0.330926,1.269166,policy_shift,66,0,5,65,1,0,0,0,0,share_amplify
FB04619,2018,3,1,7,live_video,0.330926,1.269166,policy_shift,139,1,17,138,1,0,0,0,0,share_amplify
FB04620,2018,3,1,7,live_video,0.330926,1.269166,policy_shift,1391,1282,594,995,281,103,7,0,5,emotion_nurture
FB04621,2018,3,0,9,live_video,0.330926,1.269166,policy_shift,171,3,22,170,1,0,0,0,0,share_amplify
FB04622,2018,3,0,9,live_video,0.330926,1.269166,policy_shift,101,2,10,100,1,0,0,0,0,share_amplify
FB04623,2018,3,0,7,live_video,0.330926,1.269166,policy_shift,1874,2478,586,1380,394,6,76,17,1,emotion_nurture
FB04625,2018,3,0,7,live_video,0.330926,1.269166,policy_shift,1397,771,695,765,485,139,4,1,3,emotion_nurture
FB04627,2018,3,6,3,text_status,0.052110,3.000000,low_support,234,10,0,231,3,0,0,0,0,emotion_nurture
FB04631,2018,3,6,2,product_photo,0.607618,0.550000,regular,143,48,1,137,4,2,0,0,0,conversation_service
FB04634,2018,3,6,2,text_status,0.052110,3.000000,low_support,403,158,0,401,2,0,0,0,0,conversation_service
FB04635,2018,3,4,9,live_video,0.330926,1.269166,policy_shift,225,1,31,222,2,0,0,0,1,share_amplify
FB04636,2018,3,4,9,live_video,0.330926,1.269166,policy_shift,83,0,1,81,2,0,0,0,0,emotion_nurture
FB04638,2018,3,3,9,live_video,0.330926,1.269166,policy_shift,160,1,16,158,1,0,1,0,0,share_amplify
FB04642,2018,3,3,2,text_status,0.052110,3.000000,low_support,661,34,0,651,3,6,0,0,1,emotion_nurture
FB04647,2018,3,4,8,live_video,0.330926,1.269166,policy_shift,272,0,29,271,1,0,0,0,0,share_amplify
FB04649,2018,3,4,7,live_video,0.330926,1.269166,policy_shift,325,0,38,320,2,2,1,0,0,share_amplify
FB04650,2018,3,4,7,live_video,0.330926,1.269166,policy_shift,1988,1827,628,1464,460,49,10,3,2,emotion_nurture
FB04651,2018,3,4,7,text_status,0.052110,3.000000,low_support,284,22,2,281,1,2,0,0,0,conversation_service
FB04654,2018,3,2,21,text_status,0.052110,3.000000,low_support,331,6,0,327,1,3,0,0,0,emotion_nurture
FB04655,2018,3,2,21,text_status,0.052110,3.000000,low_support,122,1,0,119,3,0,0,0,0,emotion_nurture
FB04657,2018,3,1,8,live_video,0.330926,1.269166,policy_shift,211,0,19,209,1,1,0,0,0,share_amplify
FB04658,2018,3,1,8,live_video,0.330926,1.269166,policy_shift,69,0,4,68,1,0,0,0,0,share_amplify
FB04659,2018,3,1,7,live_video,0.330926,1.269166,policy_shift,51,1,6,50,1,0,0,0,0,share_amplify
FB04662,2018,3,1,4,text_status,0.052110,3.000000,low_support,635,25,1,626,7,2,0,0,0,emotion_nurture
FB04663,2018,3,1,0,product_photo,0.607618,0.550000,regular,1491,66,14,1463,9,18,1,0,0,emotion_nurture
FB04667,2018,3,3,2,product_photo,0.607618,0.550000,regular,580,34,6,572,4,4,0,0,0,emotion_nurture
FB04671,2018,3,6,0,text_status,0.052110,3.000000,low_support,926,51,6,916,6,4,0,0,0,emotion_nurture
FB04674,2018,2,5,0,text_status,0.052110,3.000000,low_support,679,64,1,664,0,3,1,11,0,emotion_nurture
FB04675,2018,2,4,10,text_status,0.052110,3.000000,low_support,648,67,4,637,7,4,0,0,0,emotion_nurture
FB04680,2018,2,6,5,product_photo,0.607618,0.550000,regular,1145,51,7,1125,4,16,0,0,0,emotion_nurture
FB04681,2018,2,6,1,text_status,0.052110,3.000000,low_support,1130,91,4,1106,9,15,0,0,0,emotion_nurture
FB04682,2018,2,4,5,text_status,0.052110,3.000000,low_support,555,35,1,553,2,0,0,0,0,conversation_service
FB04684,2018,1,4,6,text_status,0.052110,3.000000,low_support,1027,146,7,996,8,19,1,3,0,emotion_nurture
FB04686,2018,1,0,6,product_photo,0.607618,0.550000,regular,498,36,6,496,2,0,0,0,0,conversation_service
FB04688,2017,12,2,8,product_photo,0.607618,0.550000,regular,484,25,1,481,3,0,0,0,0,conversation_service
FB04689,2017,11,6,9,product_photo,0.607618,0.550000,regular,612,73,1,605,4,3,0,0,0,conversation_service
FB04691,2017,9,6,5,text_status,0.052110,3.000000,low_support,222,29,0,217,1,1,0,3,0,conversation_service
FB04692,2017,9,6,5,text_status,0.052110,3.000000,low_support,143,12,0,143,0,0,0,0,0,conversation_service
FB04696,2017,9,4,5,product_photo,0.607618,0.550000,regular,586,61,19,580,5,0,1,0,0,share_amplify
FB04700,2017,9,4,5,product_photo,0.607618,0.550000,regular,133,42,5,129,4,0,0,0,0,conversation_service
FB04701,2017,9,3,5,product_photo,0.607618,0.550000,regular,369,100,4,366,0,3,0,0,0,conversation_service
FB04702,2017,9,2,8,text_status,0.052110,3.000000,low_support,133,11,0,132,0,1,0,0,0,conversation_service
FB04704,2017,9,0,4,product_photo,0.607618,0.550000,regular,396,28,0,390,3,3,0,0,0,emotion_nurture
FB04707,2017,9,4,6,product_photo,0.607618,0.550000,regular,329,46,7,329,0,0,0,0,0,conversation_service
FB04710,2017,9,0,9,text_status,0.052110,3.000000,low_support,145,26,0,137,1,0,0,7,0,emotion_nurture
FB04712,2017,9,0,3,text_status,0.052110,3.000000,low_support,100,54,0,94,0,1,0,1,4,conversation_service
FB04717,2017,9,6,6,product_photo,0.607618,0.550000,regular,237,32,3,233,3,1,0,0,0,conversation_service
FB04719,2017,9,6,4,text_status,0.052110,3.000000,low_support,78,10,0,78,0,0,0,0,0,conversation_service
FB04722,2017,9,5,4,product_photo,0.607618,0.550000,regular,119,17,1,117,2,0,0,0,0,conversation_service
FB04723,2017,9,4,23,text_status,0.052110,3.000000,low_support,58,6,0,58,0,0,0,0,0,conversation_service
FB04725,2017,9,4,5,text_status,0.052110,3.000000,low_support,46,0,0,46,0,0,0,0,0,share_amplify
FB04726,2017,9,4,4,product_photo,0.607618,0.550000,regular,170,18,0,161,3,6,0,0,0,emotion_nurture
FB04728,2017,9,4,0,text_status,0.052110,3.000000,low_support,36,2,0,36,0,0,0,0,0,conversation_service
FB04729,2017,8,3,21,text_status,0.052110,3.000000,low_support,140,20,0,136,3,1,0,0,0,conversation_service
FB04730,2017,8,3,11,text_status,0.052110,3.000000,low_support,128,14,0,128,0,0,0,0,0,conversation_service
FB04732,2018,6,2,0,live_video,0.330926,1.269166,policy_shift,27,0,18,27,0,0,0,0,0,share_amplify
FB04733,2018,6,2,0,live_video,0.330926,1.269166,policy_shift,97,177,210,48,49,0,0,0,0,share_amplify
FB04736,2018,6,1,22,product_photo,0.607618,0.550000,regular,19,1,1,19,0,0,0,0,0,routine_watch
FB04737,2018,6,1,22,live_video,0.330926,1.269166,policy_shift,32,0,12,32,0,0,0,0,0,share_amplify
FB04739,2018,6,1,7,product_photo,0.607618,0.550000,regular,31,0,1,31,0,0,0,0,0,share_amplify
FB04742,2018,6,1,7,live_video,0.330926,1.269166,policy_shift,33,0,6,33,0,0,0,0,0,share_amplify
FB04743,2018,6,1,6,live_video,0.330926,1.269166,policy_shift,156,593,210,95,56,2,3,0,0,share_amplify
FB04744,2018,6,1,3,live_video,0.330926,1.269166,policy_shift,16,0,4,16,0,0,0,0,0,routine_watch
FB04745,2018,6,1,2,product_photo,0.607618,0.550000,regular,41,1,0,40,0,1,0,0,0,emotion_nurture
FB04754,2018,6,0,23,product_photo,0.607618,0.550000,regular,12,0,0,12,0,0,0,0,0,routine_watch
FB04756,2018,6,0,23,product_photo,0.607618,0.550000,regular,9,0,0,9,0,0,0,0,0,routine_watch
FB04757,2018,6,0,23,product_photo,0.607618,0.550000,regular,11,0,0,11,0,0,0,0,0,routine_watch
FB04758,2018,6,0,22,product_photo,0.607618,0.550000,regular,8,0,0,8,0,0,0,0,0,routine_watch
FB04762,2018,6,0,8,product_photo,0.607618,0.550000,regular,19,0,0,19,0,0,0,0,0,routine_watch
FB04767,2018,6,0,7,live_video,0.330926,1.269166,policy_shift,154,455,199,98,53,0,3,0,0,share_amplify
FB04774,2018,6,0,1,product_photo,0.607618,0.550000,regular,31,0,0,31,0,0,0,0,0,share_amplify
FB04776,2018,6,0,1,live_video,0.330926,1.269166,policy_shift,50,0,13,49,1,0,0,0,0,share_amplify
FB04778,2018,6,6,23,product_photo,0.607618,0.550000,regular,25,0,0,25,0,0,0,0,0,routine_watch
FB04782,2018,6,6,22,live_video,0.330926,1.269166,policy_shift,59,0,7,59,0,0,0,0,0,share_amplify
FB04787,2018,6,6,6,live_video,0.330926,1.269166,policy_shift,63,84,92,45,17,1,0,0,0,share_amplify
FB04794,2018,6,6,1,live_video,0.330926,1.269166,policy_shift,146,303,221,73,69,2,1,0,1,share_amplify
FB04795,2018,6,5,22,product_photo,0.607618,0.550000,regular,40,1,0,40,0,0,0,0,0,share_amplify
FB04798,2018,6,5,21,live_video,0.330926,1.269166,policy_shift,50,0,5,49,1,0,0,0,0,share_amplify
FB04801,2018,6,5,7,product_photo,0.607618,0.550000,regular,26,0,0,26,0,0,0,0,0,routine_watch
FB04804,2018,6,5,7,live_video,0.330926,1.269166,policy_shift,162,418,163,108,49,1,4,0,0,share_amplify
FB04806,2018,6,5,3,live_video,0.330926,1.269166,policy_shift,26,0,13,26,0,0,0,0,0,share_amplify
FB04813,2018,6,5,1,live_video,0.330926,1.269166,policy_shift,184,530,224,101,80,0,1,1,1,share_amplify
FB04815,2018,6,4,22,product_photo,0.607618,0.550000,regular,24,0,0,24,0,0,0,0,0,routine_watch
FB04816,2018,6,4,22,product_photo,0.607618,0.550000,regular,33,0,0,33,0,0,0,0,0,share_amplify
FB04817,2018,6,4,22,product_photo,0.607618,0.550000,regular,17,0,0,16,1,0,0,0,0,routine_watch
FB04818,2018,6,4,21,live_video,0.330926,1.269166,policy_shift,58,0,14,58,0,0,0,0,0,share_amplify
FB04820,2018,6,4,7,product_photo,0.607618,0.550000,regular,39,0,0,39,0,0,0,0,0,share_amplify
FB04821,2018,6,4,7,product_photo,0.607618,0.550000,regular,11,1,0,11,0,0,0,0,0,routine_watch
FB04823,2018,6,4,7,live_video,0.330926,1.269166,policy_shift,63,0,9,63,0,0,0,0,0,share_amplify
FB04826,2018,6,4,2,product_photo,0.607618,0.550000,regular,31,0,1,31,0,0,0,0,0,share_amplify
FB04827,2018,6,4,2,product_photo,0.607618,0.550000,regular,40,1,0,40,0,0,0,0,0,share_amplify
FB04828,2018,6,4,1,product_photo,0.607618,0.550000,regular,22,3,1,22,0,0,0,0,0,routine_watch
FB04832,2018,6,4,1,live_video,0.330926,1.269166,policy_shift,162,401,213,83,78,1,0,0,0,share_amplify
FB04835,2018,6,3,22,product_photo,0.607618,0.550000,regular,52,1,1,52,0,0,0,0,0,share_amplify
FB04836,2018,6,3,22,product_photo,0.607618,0.550000,regular,26,0,0,26,0,0,0,0,0,routine_watch
FB04837,2018,6,3,22,live_video,0.330926,1.269166,policy_shift,36,0,15,36,0,0,0,0,0,share_amplify
FB04838,2018,6,3,8,product_photo,0.607618,0.550000,regular,10,0,0,10,0,0,0,0,0,routine_watch
FB04840,2018,6,3,7,product_photo,0.607618,0.550000,regular,16,0,0,16,0,0,0,0,0,routine_watch
FB04842,2018,6,3,6,live_video,0.330926,1.269166,policy_shift,31,0,1,31,0,0,0,0,0,share_amplify
FB04845,2018,6,3,6,live_video,0.330926,1.269166,policy_shift,42,40,30,37,5,0,0,0,0,share_amplify
FB04846,2018,6,3,2,product_photo,0.607618,0.550000,regular,37,2,0,36,1,0,0,0,0,emotion_nurture
FB04851,2018,6,3,1,product_photo,0.607618,0.550000,regular,18,0,0,18,0,0,0,0,0,routine_watch
FB04855,2018,6,2,22,product_photo,0.607618,0.550000,regular,38,2,0,38,0,0,0,0,0,conversation_service
FB04857,2018,6,2,22,product_photo,0.607618,0.550000,regular,32,1,0,32,0,0,0,0,0,share_amplify
FB04862,2018,6,2,3,product_photo,0.607618,0.550000,regular,26,0,0,26,0,0,0,0,0,routine_watch
FB04867,2018,6,2,1,product_photo,0.607618,0.550000,regular,3,0,0,3,0,0,0,0,0,routine_watch
FB04872,2018,6,1,22,product_photo,0.607618,0.550000,regular,32,2,0,31,1,0,0,0,0,emotion_nurture
FB04873,2018,6,1,22,product_photo,0.607618,0.550000,regular,12,0,0,12,0,0,0,0,0,routine_watch
FB04877,2018,6,1,7,product_photo,0.607618,0.550000,regular,29,0,1,29,0,0,0,0,0,routine_watch
FB04878,2018,6,1,7,product_photo,0.607618,0.550000,regular,35,0,1,35,0,0,0,0,0,share_amplify
FB04880,2018,6,1,7,live_video,0.330926,1.269166,policy_shift,172,555,240,121,49,1,1,0,0,share_amplify
FB04881,2018,6,1,1,product_photo,0.607618,0.550000,regular,24,0,0,24,0,0,0,0,0,routine_watch
FB04882,2018,6,1,1,product_photo,0.607618,0.550000,regular,21,1,2,21,0,0,0,0,0,routine_watch
FB04885,2018,6,1,1,live_video,0.330926,1.269166,policy_shift,156,482,189,98,55,2,1,0,0,share_amplify
FB04887,2018,6,0,22,product_photo,0.607618,0.550000,regular,32,0,0,32,0,0,0,0,0,share_amplify
FB04889,2018,6,0,21,live_video,0.330926,1.269166,policy_shift,64,0,13,63,0,1,0,0,0,share_amplify
FB04890,2018,6,0,8,product_photo,0.607618,0.550000,regular,42,2,1,42,0,0,0,0,0,share_amplify
FB04891,2018,6,0,7,product_photo,0.607618,0.550000,regular,22,1,0,22,0,0,0,0,0,routine_watch
FB04892,2018,6,0,7,product_photo,0.607618,0.550000,regular,24,0,0,24,0,0,0,0,0,routine_watch
FB04895,2018,6,0,7,live_video,0.330926,1.269166,policy_shift,156,458,272,115,38,1,2,0,0,share_amplify
FB04896,2018,6,0,4,live_video,0.330926,1.269166,policy_shift,22,1,1,22,0,0,0,0,0,routine_watch
FB04899,2018,6,0,2,product_photo,0.607618,0.550000,regular,33,0,0,33,0,0,0,0,0,share_amplify
FB04900,2018,6,0,2,product_photo,0.607618,0.550000,regular,13,1,0,13,0,0,0,0,0,routine_watch
FB04908,2018,6,6,22,live_video,0.330926,1.269166,policy_shift,27,0,4,27,0,0,0,0,0,share_amplify
FB04909,2018,6,6,7,product_photo,0.607618,0.550000,regular,21,0,0,20,1,0,0,0,0,routine_watch
FB04912,2018,6,6,7,live_video,0.330926,1.269166,policy_shift,62,0,19,61,0,0,1,0,0,share_amplify
FB04914,2018,6,6,3,live_video,0.330926,1.269166,policy_shift,25,0,2,25,0,0,0,0,0,routine_watch
FB04915,2018,6,6,3,product_photo,0.607618,0.550000,regular,28,1,0,28,0,0,0,0,0,routine_watch
FB04924,2018,6,6,1,live_video,0.330926,1.269166,policy_shift,243,597,241,135,105,0,2,1,0,emotion_nurture
FB04925,2018,6,5,22,product_photo,0.607618,0.550000,regular,17,0,0,17,0,0,0,0,0,routine_watch
FB04930,2018,6,5,7,product_photo,0.607618,0.550000,regular,20,0,0,20,0,0,0,0,0,routine_watch
FB04934,2018,6,5,2,product_photo,0.607618,0.550000,regular,15,0,1,14,1,0,0,0,0,routine_watch
FB04938,2018,6,5,1,live_video,0.330926,1.269166,policy_shift,205,619,239,144,59,1,0,1,0,share_amplify
FB04941,2018,6,4,22,product_photo,0.607618,0.550000,regular,11,0,0,11,0,0,0,0,0,routine_watch
FB04943,2018,6,4,21,live_video,0.330926,1.269166,policy_shift,41,0,5,41,0,0,0,0,0,share_amplify
FB04946,2018,6,4,7,product_photo,0.607618,0.550000,regular,10,0,0,10,0,0,0,0,0,routine_watch
FB04948,2018,6,4,7,live_video,0.330926,1.269166,policy_shift,136,395,195,102,32,0,0,1,1,share_amplify
FB04949,2018,6,4,2,product_photo,0.607618,0.550000,regular,16,0,0,16,0,0,0,0,0,routine_watch
FB04951,2018,6,4,2,product_photo,0.607618,0.550000,regular,18,2,0,18,0,0,0,0,0,routine_watch
FB04952,2018,6,4,2,product_photo,0.607618,0.550000,regular,2,0,0,2,0,0,0,0,0,routine_watch
FB04953,2018,6,4,1,product_photo,0.607618,0.550000,regular,10,0,0,10,0,0,0,0,0,routine_watch
FB04954,2018,6,4,1,product_photo,0.607618,0.550000,regular,16,0,0,16,0,0,0,0,0,routine_watch
FB04955,2018,6,4,1,product_photo,0.607618,0.550000,regular,10,0,0,10,0,0,0,0,0,routine_watch
FB04956,2018,5,3,22,text_status,0.052110,3.000000,low_support,35,0,0,34,1,0,0,0,0,emotion_nurture
FB04958,2018,5,3,22,product_photo,0.607618,0.550000,regular,6,0,0,6,0,0,0,0,0,routine_watch
FB04959,2018,5,3,22,product_photo,0.607618,0.550000,regular,33,1,0,33,0,0,0,0,0,share_amplify
FB04961,2018,5,3,7,product_photo,0.607618,0.550000,regular,39,1,0,39,0,0,0,0,0,share_amplify
FB04962,2018,5,3,7,product_photo,0.607618,0.550000,regular,38,0,0,38,0,0,0,0,0,share_amplify
FB04965,2018,5,3,7,live_video,0.330926,1.269166,policy_shift,161,579,202,118,40,1,2,0,0,share_amplify
FB04967,2018,5,3,2,product_photo,0.607618,0.550000,regular,37,1,0,37,0,0,0,0,0,share_amplify
FB04972,2018,5,3,1,product_photo,0.607618,0.550000,regular,23,1,0,23,0,0,0,0,0,routine_watch
FB04974,2018,5,3,1,live_video,0.330926,1.269166,policy_shift,171,595,273,121,48,0,0,2,0,share_amplify
FB04975,2018,5,2,8,product_photo,0.607618,0.550000,regular,46,0,2,46,0,0,0,0,0,share_amplify
FB04976,2018,5,2,7,product_photo,0.607618,0.550000,regular,28,1,5,27,1,0,0,0,0,share_amplify
FB04977,2018,5,2,7,product_photo,0.607618,0.550000,regular,15,0,0,15,0,0,0,0,0,routine_watch
FB04978,2018,5,2,7,product_photo,0.607618,0.550000,regular,33,0,0,33,0,0,0,0,0,share_amplify
FB04979,2018,5,2,7,live_video,0.330926,1.269166,policy_shift,48,2,10,48,0,0,0,0,0,share_amplify
FB04985,2018,5,2,1,product_photo,0.607618,0.550000,regular,11,0,0,11,0,0,0,0,0,routine_watch
FB04990,2018,5,1,22,live_video,0.330926,1.269166,policy_shift,32,0,4,31,1,0,0,0,0,share_amplify
FB04992,2018,5,1,8,product_photo,0.607618,0.550000,regular,14,0,0,14,0,0,0,0,0,routine_watch
FB04993,2018,5,1,7,product_photo,0.607618,0.550000,regular,24,0,1,24,0,0,0,0,0,routine_watch
FB04997,2018,5,1,2,product_photo,0.607618,0.550000,regular,13,0,1,13,0,0,0,0,0,routine_watch
FB04999,2018,5,1,1,product_photo,0.607618,0.550000,regular,12,0,0,12,0,0,0,0,0,routine_watch
FB05000,2018,5,1,1,product_photo,0.607618,0.550000,regular,17,0,1,17,0,0,0,0,0,routine_watch
FB05002,2018,5,1,1,live_video,0.330926,1.269166,policy_shift,180,392,230,130,49,0,1,0,0,share_amplify
FB05003,2018,5,0,23,product_photo,0.607618,0.550000,regular,24,0,0,24,0,0,0,0,0,routine_watch
FB05004,2018,5,0,22,product_photo,0.607618,0.550000,regular,8,0,0,7,1,0,0,0,0,routine_watch
FB05006,2018,5,0,22,product_photo,0.607618,0.550000,regular,24,0,0,24,0,0,0,0,0,routine_watch
FB05008,2018,5,0,7,product_photo,0.607618,0.550000,regular,13,0,0,13,0,0,0,0,0,routine_watch
FB05011,2018,5,0,2,product_photo,0.607618,0.550000,regular,30,1,2,30,0,0,0,0,0,share_amplify
FB05012,2018,5,0,2,product_photo,0.607618,0.550000,regular,25,0,1,25,0,0,0,0,0,routine_watch
FB05013,2018,5,0,1,product_photo,0.607618,0.550000,regular,20,0,0,20,0,0,0,0,0,routine_watch
FB05016,2018,5,0,1,live_video,0.330926,1.269166,policy_shift,206,367,236,132,71,2,1,0,0,share_amplify
FB05017,2018,5,6,8,product_photo,0.607618,0.550000,regular,18,0,0,17,0,1,0,0,0,routine_watch
FB05018,2018,5,6,7,product_photo,0.607618,0.550000,regular,14,0,1,14,0,0,0,0,0,routine_watch
FB05022,2018,5,6,7,live_video,0.330926,1.269166,policy_shift,176,401,201,117,58,0,0,0,1,share_amplify
FB05026,2018,5,6,2,product_photo,0.607618,0.550000,regular,26,2,0,26,0,0,0,0,0,routine_watch
FB05027,2018,5,6,2,product_photo,0.607618,0.550000,regular,15,1,0,15,0,0,0,0,0,routine_watch
FB05029,2018,5,6,1,product_photo,0.607618,0.550000,regular,41,2,2,41,0,0,0,0,0,share_amplify
FB05033,2018,5,5,23,product_photo,0.607618,0.550000,regular,8,0,0,7,1,0,0,0,0,routine_watch
FB05035,2018,5,5,22,product_photo,0.607618,0.550000,regular,39,1,0,39,0,0,0,0,0,share_amplify
FB05045,2018,5,5,3,live_video,0.330926,1.269166,policy_shift,23,0,2,23,0,0,0,0,0,routine_watch
FB05047,2018,5,5,2,product_photo,0.607618,0.550000,regular,19,0,1,19,0,0,0,0,0,routine_watch
FB05049,2018,5,5,1,product_photo,0.607618,0.550000,regular,19,2,0,19,0,0,0,0,0,routine_watch
FB05050,2018,5,5,1,product_photo,0.607618,0.550000,regular,18,0,0,18,0,0,0,0,0,routine_watch
FB05051,2018,5,5,1,live_video,0.330926,1.269166,policy_shift,48,0,9,48,0,0,0,0,0,share_amplify
FB05052,2018,5,5,1,live_video,0.330926,1.269166,policy_shift,9,0,0,9,0,0,0,0,0,routine_watch
FB05053,2018,5,5,1,live_video,0.330926,1.269166,policy_shift,208,573,252,134,71,2,1,0,0,share_amplify
FB05057,2018,5,4,22,live_video,0.330926,1.269166,policy_shift,14,0,0,14,0,0,0,0,0,routine_watch
FB05060,2018,5,4,8,product_photo,0.607618,0.550000,regular,15,0,0,15,0,0,0,0,0,routine_watch
FB05067,2018,5,4,6,live_video,0.330926,1.269166,policy_shift,299,760,228,186,105,1,5,1,1,emotion_nurture
FB05071,2018,5,4,2,product_photo,0.607618,0.550000,regular,24,0,1,24,0,0,0,0,0,routine_watch
FB05075,2018,5,4,1,live_video,0.330926,1.269166,policy_shift,53,0,11,53,0,0,0,0,0,share_amplify
FB05076,2018,5,4,1,live_video,0.330926,1.269166,policy_shift,6,0,0,6,0,0,0,0,0,routine_watch
FB05078,2018,5,4,1,live_video,0.330926,1.269166,policy_shift,256,779,304,168,85,1,2,0,0,share_amplify
FB05081,2018,5,3,22,product_photo,0.607618,0.550000,regular,9,0,0,9,0,0,0,0,0,routine_watch
FB05082,2018,5,3,22,product_photo,0.607618,0.550000,regular,13,0,0,13,0,0,0,0,0,routine_watch
FB05083,2018,5,3,22,live_video,0.330926,1.269166,policy_shift,16,0,4,16,0,0,0,0,0,routine_watch
FB05084,2018,5,3,10,product_photo,0.607618,0.550000,regular,86,6,29,78,0,0,8,0,0,share_amplify
FB05089,2018,5,3,7,live_video,0.330926,1.269166,policy_shift,42,0,4,42,0,0,0,0,0,share_amplify
FB05090,2018,5,3,6,live_video,0.330926,1.269166,policy_shift,147,541,166,123,23,0,1,0,0,share_amplify
FB05091,2018,5,3,3,product_photo,0.607618,0.550000,regular,33,0,0,33,0,0,0,0,0,share_amplify
FB05095,2018,5,3,1,product_photo,0.607618,0.550000,regular,48,1,1,47,1,0,0,0,0,emotion_nurture
FB05096,2018,5,3,1,live_video,0.330926,1.269166,policy_shift,195,243,194,166,29,0,0,0,0,share_amplify
FB05097,2018,5,2,23,product_photo,0.607618,0.550000,regular,8,0,1,8,0,0,0,0,0,routine_watch
FB05099,2018,5,2,22,product_photo,0.607618,0.550000,regular,8,0,0,8,0,0,0,0,0,routine_watch
FB05100,2018,5,2,22,product_photo,0.607618,0.550000,regular,14,0,0,14,0,0,0,0,0,routine_watch
FB05102,2018,5,2,8,product_photo,0.607618,0.550000,regular,14,0,0,14,0,0,0,0,0,routine_watch
FB05106,2018,5,2,4,product_photo,0.607618,0.550000,regular,38,5,0,37,0,1,0,0,0,conversation_service
FB05115,2018,5,2,0,live_video,0.330926,1.269166,policy_shift,145,274,141,96,47,1,1,0,0,share_amplify
FB05116,2018,5,1,7,product_photo,0.607618,0.550000,regular,9,0,1,9,0,0,0,0,0,routine_watch
FB05118,2018,5,1,1,live_video,0.330926,1.269166,policy_shift,97,277,124,62,32,1,2,0,0,share_amplify
FB05121,2018,5,0,7,product_photo,0.607618,0.550000,regular,14,0,0,14,0,0,0,0,0,routine_watch
FB05123,2018,5,0,6,live_video,0.330926,1.269166,policy_shift,27,42,30,24,3,0,0,0,0,share_amplify
FB05126,2018,5,6,8,text_status,0.052110,3.000000,low_support,30,0,1,30,0,0,0,0,0,share_amplify
FB05127,2018,5,6,7,live_video,0.330926,1.269166,policy_shift,135,461,212,103,31,1,0,0,0,share_amplify
FB05129,2018,5,6,1,live_video,0.330926,1.269166,policy_shift,71,0,13,71,0,0,0,0,0,share_amplify
FB05130,2018,5,6,1,live_video,0.330926,1.269166,policy_shift,240,764,283,149,90,1,0,0,0,share_amplify
FB05131,2018,5,5,7,product_photo,0.607618,0.550000,regular,24,0,0,24,0,0,0,0,0,routine_watch
FB05134,2018,5,5,1,live_video,0.330926,1.269166,policy_shift,110,338,151,85,21,0,4,0,0,share_amplify
FB05135,2018,5,4,22,live_video,0.330926,1.269166,policy_shift,11,0,0,11,0,0,0,0,0,routine_watch
FB05137,2018,5,4,22,live_video,0.330926,1.269166,policy_shift,9,1,4,9,0,0,0,0,0,routine_watch
FB05138,2018,5,4,7,live_video,0.330926,1.269166,policy_shift,165,395,180,116,45,0,3,1,0,share_amplify
FB05139,2018,5,4,7,live_video,0.330926,1.269166,policy_shift,62,102,76,57,2,0,3,0,0,share_amplify
FB05142,2018,5,4,1,live_video,0.330926,1.269166,policy_shift,170,537,243,106,60,1,1,1,1,share_amplify
FB05146,2018,5,1,22,product_photo,0.607618,0.550000,regular,20,0,0,19,0,1,0,0,0,routine_watch
FB05149,2018,5,0,7,live_video,0.330926,1.269166,policy_shift,111,362,161,78,30,0,3,0,0,share_amplify
FB05151,2018,5,6,7,product_photo,0.607618,0.550000,regular,36,0,1,36,0,0,0,0,0,share_amplify
FB05154,2018,5,6,1,live_video,0.330926,1.269166,policy_shift,102,276,209,63,39,0,0,0,0,share_amplify
FB05155,2018,5,5,22,live_video,0.330926,1.269166,policy_shift,22,0,2,22,0,0,0,0,0,routine_watch
FB05159,2018,5,3,22,product_photo,0.607618,0.550000,regular,28,1,0,28,0,0,0,0,0,routine_watch
FB05160,2018,5,3,21,live_video,0.330926,1.269166,policy_shift,51,0,10,50,0,1,0,0,0,share_amplify
FB05161,2018,5,3,7,product_photo,0.607618,0.550000,regular,43,0,0,43,0,0,0,0,0,share_amplify
FB05163,2018,5,3,0,live_video,0.330926,1.269166,policy_shift,110,369,159,73,33,2,2,0,0,share_amplify
FB05165,2018,5,2,22,product_photo,0.607618,0.550000,regular,18,1,0,18,0,0,0,0,0,routine_watch
FB05166,2018,5,2,8,product_photo,0.607618,0.550000,regular,26,1,0,25,1,0,0,0,0,routine_watch
FB05171,2018,5,1,6,live_video,0.330926,1.269166,policy_shift,145,326,148,81,59,2,3,0,0,share_amplify
FB05173,2018,5,0,7,live_video,0.330926,1.269166,policy_shift,134,420,169,76,56,1,1,0,0,share_amplify
FB05174,2018,5,0,0,live_video,0.330926,1.269166,policy_shift,157,413,200,102,53,0,0,2,0,share_amplify
FB05177,2018,5,6,2,live_video,0.330926,1.269166,policy_shift,64,107,39,57,7,0,0,0,0,share_amplify
FB05180,2018,5,5,7,live_video,0.330926,1.269166,policy_shift,198,373,187,125,70,1,2,0,0,share_amplify
FB05181,2018,5,5,2,product_photo,0.607618,0.550000,regular,29,0,0,29,0,0,0,0,0,routine_watch
FB05182,2018,5,5,1,live_video,0.330926,1.269166,policy_shift,159,306,206,91,64,0,3,0,1,share_amplify
FB05187,2018,5,3,7,live_video,0.330926,1.269166,policy_shift,132,385,144,98,32,0,2,0,0,share_amplify
FB05189,2018,5,3,1,live_video,0.330926,1.269166,policy_shift,113,183,120,74,38,0,0,0,1,share_amplify
FB05191,2018,5,2,7,live_video,0.330926,1.269166,policy_shift,204,358,144,164,36,2,2,0,0,share_amplify
FB05195,2018,5,1,22,product_photo,0.607618,0.550000,regular,20,0,0,19,1,0,0,0,0,routine_watch
FB05196,2018,5,1,7,live_video,0.330926,1.269166,policy_shift,197,324,163,158,37,1,1,0,0,share_amplify
FB05197,2018,5,1,1,live_video,0.330926,1.269166,policy_shift,263,353,198,209,52,1,1,0,0,share_amplify
FB05199,2018,4,0,7,live_video,0.330926,1.269166,policy_shift,212,342,120,168,42,1,1,0,0,share_amplify
FB05200,2018,4,0,1,live_video,0.330926,1.269166,policy_shift,145,402,153,86,57,0,1,0,1,share_amplify
FB05203,2018,4,6,0,live_video,0.330926,1.269166,policy_shift,221,388,225,115,100,2,4,0,0,emotion_nurture
FB05205,2018,4,5,1,product_photo,0.607618,0.550000,regular,24,0,2,24,0,0,0,0,0,routine_watch
FB05206,2018,4,5,0,live_video,0.330926,1.269166,policy_shift,213,305,221,123,86,1,2,0,1,share_amplify
FB05209,2018,4,4,6,live_video,0.330926,1.269166,policy_shift,219,437,247,146,70,1,2,0,0,share_amplify
FB05210,2018,4,4,0,live_video,0.330926,1.269166,policy_shift,245,305,185,209,35,1,0,0,0,share_amplify
FB05211,2018,4,3,22,product_photo,0.607618,0.550000,regular,23,0,0,22,1,0,0,0,0,routine_watch
FB05212,2018,4,3,7,live_video,0.330926,1.269166,policy_shift,218,635,349,163,52,1,1,0,1,share_amplify
FB05213,2018,4,3,1,live_video,0.330926,1.269166,policy_shift,303,604,291,198,100,3,1,1,0,share_amplify
FB05214,2018,4,2,7,live_video,0.330926,1.269166,policy_shift,214,462,167,143,69,0,0,2,0,share_amplify
FB05216,2018,4,1,7,live_video,0.330926,1.269166,policy_shift,177,373,227,141,34,1,1,0,0,share_amplify
FB05217,2018,4,1,1,live_video,0.330926,1.269166,policy_shift,57,1,14,57,0,0,0,0,0,share_amplify
FB05220,2018,4,0,22,live_video,0.330926,1.269166,policy_shift,14,0,6,14,0,0,0,0,0,routine_watch
FB05224,2018,4,6,6,live_video,0.330926,1.269166,policy_shift,151,218,230,112,34,3,2,0,0,share_amplify
FB05225,2018,4,6,1,live_video,0.330926,1.269166,policy_shift,163,269,243,105,53,1,4,0,0,share_amplify
FB05228,2018,4,4,22,product_photo,0.607618,0.550000,regular,8,0,0,7,0,1,0,0,0,routine_watch
FB05230,2018,4,4,7,live_video,0.330926,1.269166,policy_shift,147,346,94,103,40,3,1,0,0,share_amplify
FB05232,2018,4,3,7,live_video,0.330926,1.269166,policy_shift,46,0,10,44,1,0,1,0,0,share_amplify
FB05233,2018,4,3,7,live_video,0.330926,1.269166,policy_shift,120,247,109,86,30,3,0,1,0,share_amplify
FB05235,2018,4,2,1,live_video,0.330926,1.269166,policy_shift,189,391,138,142,45,1,1,0,0,share_amplify
FB05236,2018,4,1,8,product_photo,0.607618,0.550000,regular,35,0,0,35,0,0,0,0,0,share_amplify
FB05238,2018,4,1,7,product_photo,0.607618,0.550000,regular,25,1,1,25,0,0,0,0,0,routine_watch
FB05240,2018,4,1,2,product_photo,0.607618,0.550000,regular,13,0,0,13,0,0,0,0,0,routine_watch
FB05241,2018,4,1,1,live_video,0.330926,1.269166,policy_shift,183,419,215,123,56,0,4,0,0,share_amplify
FB05242,2018,4,3,22,product_photo,0.607618,0.550000,regular,95,0,4,88,0,0,7,0,0,emotion_nurture
FB05243,2018,4,3,1,product_photo,0.607618,0.550000,regular,53,1,2,53,0,0,0,0,0,share_amplify
FB05246,2018,4,2,1,product_photo,0.607618,0.550000,regular,43,1,0,43,0,0,0,0,0,share_amplify
FB05247,2018,4,2,1,live_video,0.330926,1.269166,policy_shift,158,333,164,110,47,0,0,1,0,share_amplify
FB05248,2018,4,1,22,product_photo,0.607618,0.550000,regular,17,0,0,17,0,0,0,0,0,routine_watch
FB05249,2018,4,1,7,live_video,0.330926,1.269166,policy_shift,136,319,226,98,34,0,4,0,0,share_amplify
FB05250,2018,4,1,2,product_photo,0.607618,0.550000,regular,20,0,0,20,0,0,0,0,0,routine_watch
FB05251,2018,4,1,1,live_video,0.330926,1.269166,policy_shift,104,299,136,61,40,0,2,0,1,share_amplify
FB05252,2018,4,0,22,live_video,0.330926,1.269166,policy_shift,30,0,9,29,1,0,0,0,0,share_amplify
FB05253,2018,4,0,7,live_video,0.330926,1.269166,policy_shift,124,305,109,91,30,1,2,0,0,share_amplify
FB05255,2018,4,0,1,live_video,0.330926,1.269166,policy_shift,165,413,227,107,52,2,4,0,0,share_amplify
FB05256,2018,4,6,22,product_photo,0.607618,0.550000,regular,6,0,0,6,0,0,0,0,0,routine_watch
FB05258,2018,4,6,7,live_video,0.330926,1.269166,policy_shift,144,220,178,96,47,1,0,0,0,share_amplify
FB05259,2018,4,6,1,product_photo,0.607618,0.550000,regular,36,0,0,36,0,0,0,0,0,share_amplify
FB05264,2018,4,5,1,live_video,0.330926,1.269166,policy_shift,166,384,294,107,58,0,1,0,0,share_amplify
FB05265,2018,4,4,7,product_photo,0.607618,0.550000,regular,38,0,0,37,0,0,1,0,0,emotion_nurture
FB05266,2018,4,4,7,live_video,0.330926,1.269166,policy_shift,199,432,247,162,27,1,8,0,1,share_amplify
FB05267,2018,4,4,1,live_video,0.330926,1.269166,policy_shift,186,398,302,145,35,3,3,0,0,share_amplify
FB05270,2018,4,3,1,live_video,0.330926,1.269166,policy_shift,38,0,14,38,0,0,0,0,0,share_amplify
FB05271,2018,4,3,1,live_video,0.330926,1.269166,policy_shift,156,464,288,94,56,1,4,0,1,share_amplify
FB05272,2018,4,2,23,product_photo,0.607618,0.550000,regular,19,0,1,19,0,0,0,0,0,routine_watch
FB05273,2018,4,2,6,live_video,0.330926,1.269166,policy_shift,122,307,131,87,33,0,0,1,1,share_amplify
FB05274,2018,4,2,1,live_video,0.330926,1.269166,policy_shift,110,335,123,77,31,1,1,0,0,share_amplify
FB05275,2018,4,1,1,live_video,0.330926,1.269166,policy_shift,164,626,184,119,44,0,1,0,0,share_amplify
FB05281,2018,4,6,7,product_photo,0.607618,0.550000,regular,26,0,0,26,0,0,0,0,0,routine_watch
FB05283,2018,4,6,7,live_video,0.330926,1.269166,policy_shift,95,295,84,55,35,0,4,1,0,share_amplify
FB05284,2018,4,6,1,live_video,0.330926,1.269166,policy_shift,150,526,255,114,36,0,0,0,0,share_amplify
FB05286,2018,3,5,7,live_video,0.330926,1.269166,policy_shift,146,864,199,107,37,0,0,1,1,share_amplify
FB05287,2018,3,5,1,live_video,0.330926,1.269166,policy_shift,163,341,173,109,53,0,1,0,0,share_amplify
FB05288,2018,3,4,7,live_video,0.330926,1.269166,policy_shift,150,398,187,105,38,2,3,1,1,share_amplify
FB05289,2018,3,4,1,live_video,0.330926,1.269166,policy_shift,115,281,151,81,33,0,0,1,0,share_amplify
FB05291,2018,3,3,1,live_video,0.330926,1.269166,policy_shift,168,703,160,116,49,0,3,0,0,share_amplify
FB05292,2018,3,2,6,live_video,0.330926,1.269166,policy_shift,158,623,155,114,37,1,2,2,2,share_amplify
FB05295,2018,3,1,7,live_video,0.330926,1.269166,policy_shift,182,353,126,125,50,2,4,0,1,share_amplify
FB05297,2018,3,1,0,live_video,0.330926,1.269166,policy_shift,164,447,170,117,39,3,4,0,1,share_amplify
FB05298,2018,3,0,23,product_photo,0.607618,0.550000,regular,23,0,0,23,0,0,0,0,0,routine_watch
FB05299,2018,3,0,23,product_photo,0.607618,0.550000,regular,7,0,0,7,0,0,0,0,0,routine_watch
FB05302,2018,3,0,1,live_video,0.330926,1.269166,policy_shift,143,417,163,95,41,3,4,0,0,share_amplify
FB05304,2018,3,6,23,product_photo,0.607618,0.550000,regular,8,0,1,7,1,0,0,0,0,routine_watch
FB05305,2018,3,6,7,live_video,0.330926,1.269166,policy_shift,144,383,196,87,54,0,3,0,0,share_amplify
FB05306,2018,3,6,1,live_video,0.330926,1.269166,policy_shift,158,324,215,119,33,1,5,0,0,share_amplify
FB05310,2018,3,5,2,product_photo,0.607618,0.550000,regular,26,0,1,26,0,0,0,0,0,routine_watch
FB05315,2018,3,4,1,live_video,0.330926,1.269166,policy_shift,29,0,1,29,0,0,0,0,0,routine_watch
FB05316,2018,3,4,1,live_video,0.330926,1.269166,policy_shift,151,328,135,92,52,0,3,0,4,share_amplify
FB05318,2018,3,3,6,live_video,0.330926,1.269166,policy_shift,145,142,97,93,52,0,0,0,0,emotion_nurture
FB05319,2018,3,3,1,live_video,0.330926,1.269166,policy_shift,150,388,201,98,47,0,4,0,1,share_amplify
FB05321,2018,3,2,6,live_video,0.330926,1.269166,policy_shift,193,631,206,133,57,2,0,1,0,share_amplify
FB05322,2018,3,2,1,live_video,0.330926,1.269166,policy_shift,214,530,209,141,65,4,3,0,1,share_amplify
FB05323,2018,3,1,7,product_photo,0.607618,0.550000,regular,24,1,0,23,1,0,0,0,0,routine_watch
FB05326,2018,3,1,1,live_video,0.330926,1.269166,policy_shift,173,429,166,132,37,2,0,2,0,share_amplify
FB05328,2018,3,0,7,live_video,0.330926,1.269166,policy_shift,190,511,197,142,46,0,1,0,1,share_amplify
FB05333,2018,3,6,1,live_video,0.330926,1.269166,policy_shift,98,346,142,68,28,1,1,0,0,share_amplify
FB05334,2018,3,5,7,live_video,0.330926,1.269166,policy_shift,30,0,4,30,0,0,0,0,0,share_amplify
FB05335,2018,3,5,7,live_video,0.330926,1.269166,policy_shift,157,499,220,128,24,1,4,0,0,share_amplify
FB05337,2018,3,4,7,live_video,0.330926,1.269166,policy_shift,125,323,146,84,40,0,1,0,0,share_amplify
FB05338,2018,3,4,1,live_video,0.330926,1.269166,policy_shift,170,472,200,122,45,1,2,0,0,share_amplify
FB05342,2018,3,3,6,live_video,0.330926,1.269166,policy_shift,144,347,119,84,56,2,1,0,1,emotion_nurture
FB05345,2018,3,2,7,product_photo,0.607618,0.550000,regular,27,0,0,27,0,0,0,0,0,routine_watch
FB05348,2018,3,1,23,product_photo,0.607618,0.550000,regular,23,1,0,22,1,0,0,0,0,routine_watch
FB05349,2018,3,1,8,product_photo,0.607618,0.550000,regular,32,1,0,32,0,0,0,0,0,share_amplify
FB05350,2018,3,1,7,live_video,0.330926,1.269166,policy_shift,152,333,104,98,49,1,2,1,1,emotion_nurture
FB05351,2018,3,1,2,product_photo,0.607618,0.550000,regular,21,1,0,21,0,0,0,0,0,routine_watch
FB05353,2018,3,0,8,product_photo,0.607618,0.550000,regular,38,1,0,38,0,0,0,0,0,share_amplify
FB05356,2018,3,6,7,live_video,0.330926,1.269166,policy_shift,189,442,202,115,66,4,2,2,0,share_amplify
FB05357,2018,3,6,1,product_photo,0.607618,0.550000,regular,22,1,0,21,1,0,0,0,0,routine_watch
FB05358,2018,3,6,1,live_video,0.330926,1.269166,policy_shift,194,419,218,110,83,0,0,0,1,share_amplify
FB05360,2018,3,5,1,live_video,0.330926,1.269166,policy_shift,232,567,302,137,90,0,2,0,3,share_amplify
FB05363,2018,3,4,1,live_video,0.330926,1.269166,policy_shift,169,436,147,121,44,3,0,1,0,share_amplify
FB05364,2018,3,3,7,live_video,0.330926,1.269166,policy_shift,42,0,5,41,0,0,1,0,0,share_amplify
FB05365,2018,3,3,7,live_video,0.330926,1.269166,policy_shift,207,995,191,127,78,1,1,0,0,share_amplify
FB05367,2018,3,3,1,live_video,0.330926,1.269166,policy_shift,208,502,156,133,71,2,1,0,1,emotion_nurture
FB05368,2018,3,2,7,live_video,0.330926,1.269166,policy_shift,71,0,11,71,0,0,0,0,0,share_amplify
FB05369,2018,3,2,7,live_video,0.330926,1.269166,policy_shift,218,469,182,130,85,0,1,1,1,emotion_nurture
FB05370,2018,3,2,2,product_photo,0.607618,0.550000,regular,5,0,0,5,0,0,0,0,0,routine_watch
FB05372,2018,3,2,1,live_video,0.330926,1.269166,policy_shift,172,501,227,103,66,1,2,0,0,share_amplify
FB05375,2018,3,1,1,live_video,0.330926,1.269166,policy_shift,219,590,125,160,55,1,2,0,1,share_amplify
FB05378,2018,3,0,7,live_video,0.330926,1.269166,policy_shift,158,853,241,96,60,1,1,0,0,share_amplify
FB05379,2018,3,0,1,live_video,0.330926,1.269166,policy_shift,226,524,133,117,106,2,0,0,1,emotion_nurture
FB05380,2018,3,6,7,live_video,0.330926,1.269166,policy_shift,163,857,195,111,51,0,1,0,0,share_amplify
FB05384,2018,3,5,2,product_photo,0.607618,0.550000,regular,18,0,0,18,0,0,0,0,0,routine_watch
FB05386,2018,3,4,6,live_video,0.330926,1.269166,policy_shift,128,630,140,79,44,0,5,0,0,share_amplify
FB05387,2018,3,4,1,live_video,0.330926,1.269166,policy_shift,14,0,0,14,0,0,0,0,0,routine_watch
FB05388,2018,3,4,1,live_video,0.330926,1.269166,policy_shift,114,324,148,68,43,0,3,0,0,share_amplify
FB05389,2018,3,3,7,live_video,0.330926,1.269166,policy_shift,153,423,104,77,73,0,2,1,0,emotion_nurture
FB05391,2018,2,2,1,live_video,0.330926,1.269166,policy_shift,143,1366,203,101,42,0,0,0,0,share_amplify
FB05397,2018,2,0,7,live_video,0.330926,1.269166,policy_shift,222,1800,183,142,67,3,8,2,0,conversation_service
FB05399,2018,2,0,1,live_video,0.330926,1.269166,policy_shift,149,429,117,95,50,2,2,0,0,share_amplify
FB05400,2018,2,6,8,product_photo,0.607618,0.550000,regular,29,0,0,29,0,0,0,0,0,routine_watch
FB05402,2018,2,6,7,live_video,0.330926,1.269166,policy_shift,54,48,40,43,11,0,0,0,0,share_amplify
FB05405,2018,2,5,7,product_photo,0.607618,0.550000,regular,30,0,0,30,0,0,0,0,0,routine_watch
FB05409,2018,2,4,8,product_photo,0.607618,0.550000,regular,38,0,1,38,0,0,0,0,0,share_amplify
FB05413,2018,2,3,22,product_photo,0.607618,0.550000,regular,19,0,0,19,0,0,0,0,0,routine_watch
FB05414,2018,2,3,8,product_photo,0.607618,0.550000,regular,35,0,0,35,0,0,0,0,0,share_amplify
FB05417,2018,2,2,7,live_video,0.330926,1.269166,policy_shift,179,489,114,116,62,0,1,0,0,emotion_nurture
FB05418,2018,2,2,2,product_photo,0.607618,0.550000,regular,34,1,0,34,0,0,0,0,0,share_amplify
FB05419,2018,2,2,1,live_video,0.330926,1.269166,policy_shift,30,0,3,29,0,0,1,0,0,share_amplify
FB05422,2018,2,1,7,live_video,0.330926,1.269166,policy_shift,41,0,4,41,0,0,0,0,0,share_amplify
FB05423,2018,2,1,1,live_video,0.330926,1.269166,policy_shift,230,906,215,158,65,1,4,1,1,share_amplify
FB05424,2018,2,0,1,live_video,0.330926,1.269166,policy_shift,236,703,141,155,76,2,3,0,0,emotion_nurture
FB05426,2018,2,6,1,live_video,0.330926,1.269166,policy_shift,4,0,0,4,0,0,0,0,0,routine_watch
FB05427,2018,2,6,1,live_video,0.330926,1.269166,policy_shift,160,466,201,100,54,0,6,0,0,share_amplify
FB05429,2018,2,5,1,product_photo,0.607618,0.550000,regular,76,2,1,76,0,0,0,0,0,share_amplify
FB05430,2018,2,5,1,live_video,0.330926,1.269166,policy_shift,201,672,154,131,67,2,0,0,1,share_amplify
FB05431,2018,2,4,8,product_photo,0.607618,0.550000,regular,44,0,0,44,0,0,0,0,0,share_amplify
FB05432,2018,2,4,8,product_photo,0.607618,0.550000,regular,29,1,1,29,0,0,0,0,0,share_amplify
FB05434,2018,2,4,1,live_video,0.330926,1.269166,policy_shift,232,457,113,140,76,0,12,1,3,emotion_nurture
FB05437,2018,2,3,1,live_video,0.330926,1.269166,policy_shift,203,536,130,124,74,3,2,0,0,emotion_nurture
FB05439,2018,2,1,7,product_photo,0.607618,0.550000,regular,59,0,0,58,1,0,0,0,0,emotion_nurture
FB05440,2018,2,1,1,live_video,0.330926,1.269166,policy_shift,174,346,115,106,65,0,3,0,0,emotion_nurture
FB05444,2018,2,0,1,product_photo,0.607618,0.550000,regular,72,2,0,71,1,0,0,0,0,emotion_nurture
FB05445,2018,2,0,1,live_video,0.330926,1.269166,policy_shift,256,546,135,161,91,1,3,0,0,emotion_nurture
FB05450,2018,2,5,2,product_photo,0.607618,0.550000,regular,38,3,0,38,0,0,0,0,0,conversation_service
FB05451,2018,2,5,1,live_video,0.330926,1.269166,policy_shift,14,0,4,14,0,0,0,0,0,routine_watch
FB05452,2018,2,5,1,live_video,0.330926,1.269166,policy_shift,113,592,127,92,18,2,1,0,0,share_amplify
FB05453,2018,2,4,7,live_video,0.330926,1.269166,policy_shift,239,408,162,168,68,1,1,0,1,share_amplify
FB05454,2018,2,4,2,product_photo,0.607618,0.550000,regular,37,1,1,37,0,0,0,0,0,share_amplify
FB05455,2018,2,4,1,live_video,0.330926,1.269166,policy_shift,242,415,112,158,78,0,5,0,1,emotion_nurture
FB05459,2018,2,3,7,live_video,0.330926,1.269166,policy_shift,184,941,162,119,62,0,2,1,0,share_amplify
FB05460,2018,2,3,2,product_photo,0.607618,0.550000,regular,32,0,1,32,0,0,0,0,0,share_amplify
FB05463,2018,2,2,1,live_video,0.330926,1.269166,policy_shift,179,454,113,125,52,0,2,0,0,share_amplify
FB05465,2018,2,1,7,live_video,0.330926,1.269166,policy_shift,123,356,109,81,39,1,1,1,0,share_amplify
FB05466,2018,2,1,7,live_video,0.330926,1.269166,policy_shift,52,39,14,39,12,1,0,0,0,emotion_nurture
FB05468,2018,2,0,7,live_video,0.330926,1.269166,policy_shift,170,726,148,100,64,2,3,1,0,emotion_nurture
FB05469,2018,2,0,2,product_photo,0.607618,0.550000,regular,50,4,3,50,0,0,0,0,0,share_amplify
FB05472,2018,2,0,1,live_video,0.330926,1.269166,policy_shift,206,378,149,137,67,0,2,0,0,emotion_nurture
FB05475,2018,2,5,8,product_photo,0.607618,0.550000,regular,19,0,0,19,0,0,0,0,0,routine_watch
FB05480,2018,2,5,1,live_video,0.330926,1.269166,policy_shift,122,307,70,93,24,0,3,1,1,share_amplify
FB05483,2018,2,4,1,live_video,0.330926,1.269166,policy_shift,152,358,121,94,54,2,2,0,0,emotion_nurture
FB05484,2018,2,3,7,live_video,0.330926,1.269166,policy_shift,170,793,194,120,43,2,5,0,0,share_amplify
FB05485,2018,2,3,1,live_video,0.330926,1.269166,policy_shift,165,1630,169,119,42,0,3,1,0,conversation_service
FB05486,2018,1,2,23,product_photo,0.607618,0.550000,regular,552,0,3,551,1,0,0,0,0,share_amplify
FB05488,2018,1,2,2,product_photo,0.607618,0.550000,regular,172,9,2,169,1,2,0,0,0,emotion_nurture
FB05490,2018,1,1,23,product_photo,0.607618,0.550000,regular,9,0,0,9,0,0,0,0,0,routine_watch
FB05492,2018,1,1,8,product_photo,0.607618,0.550000,regular,27,0,0,27,0,0,0,0,0,routine_watch
FB05493,2018,1,1,8,product_photo,0.607618,0.550000,regular,477,3,0,475,2,0,0,0,0,emotion_nurture
FB05495,2018,1,1,2,product_photo,0.607618,0.550000,regular,7,0,0,7,0,0,0,0,0,routine_watch
FB05496,2018,1,1,1,product_photo,0.607618,0.550000,regular,250,1,0,248,1,0,1,0,0,emotion_nurture
FB05497,2018,1,1,1,live_video,0.330926,1.269166,policy_shift,175,1196,230,126,49,0,0,0,0,share_amplify
FB05498,2018,1,0,22,live_video,0.330926,1.269166,policy_shift,129,215,145,97,30,0,1,0,1,share_amplify
FB05499,2018,1,0,7,live_video,0.330926,1.269166,policy_shift,202,1311,175,126,70,2,3,0,1,conversation_service
FB05503,2018,1,6,7,live_video,0.330926,1.269166,policy_shift,164,1819,163,95,61,1,6,0,1,conversation_service
FB05504,2018,1,6,1,live_video,0.330926,1.269166,policy_shift,173,1214,244,106,64,1,2,0,0,share_amplify
FB05505,2018,1,5,22,live_video,0.330926,1.269166,policy_shift,177,706,186,98,77,0,2,0,0,share_amplify
FB05506,2018,1,5,21,live_video,0.330926,1.269166,policy_shift,47,7,17,45,2,0,0,0,0,share_amplify
FB05507,2018,1,5,7,live_video,0.330926,1.269166,policy_shift,242,744,193,154,85,0,3,0,0,emotion_nurture
FB05511,2018,1,4,1,live_video,0.330926,1.269166,policy_shift,8,0,0,8,0,0,0,0,0,routine_watch
FB05512,2018,1,4,1,live_video,0.330926,1.269166,policy_shift,238,815,165,136,96,2,3,1,0,emotion_nurture
FB05515,2018,1,3,2,product_photo,0.607618,0.550000,regular,29,4,0,29,0,0,0,0,0,conversation_service
FB05517,2018,1,3,1,live_video,0.330926,1.269166,policy_shift,46,0,0,45,1,0,0,0,0,emotion_nurture
FB05519,2018,1,2,22,product_photo,0.607618,0.550000,regular,209,0,1,203,3,3,0,0,0,emotion_nurture
FB05521,2018,1,2,7,live_video,0.330926,1.269166,policy_shift,290,915,240,166,119,2,2,1,0,emotion_nurture
FB05522,2018,1,2,1,product_photo,0.607618,0.550000,regular,41,0,1,40,1,0,0,0,0,emotion_nurture
FB05525,2018,1,1,8,product_photo,0.607618,0.550000,regular,143,0,1,143,0,0,0,0,0,share_amplify
FB05527,2018,1,1,2,product_photo,0.607618,0.550000,regular,13,0,0,13,0,0,0,0,0,routine_watch
FB05530,2018,1,0,7,live_video,0.330926,1.269166,policy_shift,345,1019,162,237,105,0,2,1,0,emotion_nurture
FB05533,2018,1,6,7,live_video,0.330926,1.269166,policy_shift,168,718,172,91,74,1,2,0,0,share_amplify
FB05535,2018,1,6,1,live_video,0.330926,1.269166,policy_shift,257,1096,206,143,110,0,2,0,2,emotion_nurture
FB05536,2018,1,5,6,live_video,0.330926,1.269166,policy_shift,316,1080,194,177,135,1,2,0,1,emotion_nurture
FB05538,2018,1,5,1,live_video,0.330926,1.269166,policy_shift,281,809,171,181,97,1,2,0,0,emotion_nurture
FB05542,2018,1,3,7,live_video,0.330926,1.269166,policy_shift,239,1270,194,145,87,1,5,1,0,emotion_nurture
FB05543,2018,1,3,1,live_video,0.330926,1.269166,policy_shift,270,898,233,174,91,2,3,0,0,share_amplify
FB05547,2018,1,2,1,product_photo,0.607618,0.550000,regular,26,0,0,26,0,0,0,0,0,routine_watch
FB05550,2018,1,1,7,live_video,0.330926,1.269166,policy_shift,258,1008,261,149,108,1,0,0,0,share_amplify
FB05553,2018,1,0,22,product_photo,0.607618,0.550000,regular,23,1,0,23,0,0,0,0,0,routine_watch
FB05554,2018,1,0,8,product_photo,0.607618,0.550000,regular,60,4,0,60,0,0,0,0,0,conversation_service
FB05556,2018,1,0,7,live_video,0.330926,1.269166,policy_shift,268,1820,298,180,85,1,2,0,0,share_amplify
FB05559,2018,1,0,1,live_video,0.330926,1.269166,policy_shift,239,938,212,163,71,1,3,0,1,share_amplify
FB05567,2018,1,4,7,live_video,0.330926,1.269166,policy_shift,294,1689,284,185,103,1,4,1,0,share_amplify
FB05570,2018,1,3,8,product_photo,0.607618,0.550000,regular,14,0,0,13,1,0,0,0,0,routine_watch
FB05573,2018,1,2,8,product_photo,0.607618,0.550000,regular,18,0,0,17,1,0,0,0,0,routine_watch
FB05574,2018,1,2,7,live_video,0.330926,1.269166,policy_shift,292,1425,264,162,119,2,7,1,1,emotion_nurture
FB05577,2018,1,2,1,product_photo,0.607618,0.550000,regular,34,1,0,32,2,0,0,0,0,emotion_nurture
FB05578,2018,1,2,1,live_video,0.330926,1.269166,policy_shift,303,1003,242,160,137,2,2,1,1,emotion_nurture
FB05581,2018,1,1,1,live_video,0.330926,1.269166,policy_shift,315,1050,274,164,143,3,2,1,2,emotion_nurture
FB05582,2018,1,0,22,product_photo,0.607618,0.550000,regular,27,0,0,27,0,0,0,0,0,routine_watch
FB05587,2018,1,0,1,live_video,0.330926,1.269166,policy_shift,212,916,198,131,79,1,1,0,0,share_amplify
FB05588,2018,1,6,7,live_video,0.330926,1.269166,policy_shift,440,1112,322,256,176,3,3,0,2,emotion_nurture
FB05591,2018,1,5,8,product_photo,0.607618,0.550000,regular,29,0,2,29,0,0,0,0,0,share_amplify
FB05592,2018,1,5,8,product_photo,0.607618,0.550000,regular,27,0,1,27,0,0,0,0,0,routine_watch
FB05598,2018,1,4,7,live_video,0.330926,1.269166,policy_shift,398,1942,322,196,198,0,4,0,0,emotion_nurture
FB05599,2018,1,4,2,product_photo,0.607618,0.550000,regular,18,0,0,18,0,0,0,0,0,routine_watch
FB05601,2018,1,4,1,live_video,0.330926,1.269166,policy_shift,265,1138,254,140,120,0,2,1,2,emotion_nurture
FB05604,2018,1,3,1,live_video,0.330926,1.269166,policy_shift,264,1487,279,167,95,1,1,0,0,share_amplify
FB05606,2018,1,2,22,product_photo,0.607618,0.550000,regular,13,0,0,13,0,0,0,0,0,routine_watch
FB05608,2018,1,2,7,live_video,0.330926,1.269166,policy_shift,392,1972,312,214,168,3,4,2,1,emotion_nurture
FB05609,2018,1,2,1,live_video,0.330926,1.269166,policy_shift,266,736,229,168,94,0,2,2,0,emotion_nurture
FB05612,2018,1,1,7,live_video,0.330926,1.269166,policy_shift,359,1092,242,203,151,2,2,0,1,emotion_nurture
FB05613,2018,1,1,1,live_video,0.330926,1.269166,policy_shift,331,1017,285,177,146,1,3,2,2,emotion_nurture
FB05616,2017,12,5,1,product_photo,0.607618,0.550000,regular,7,0,2,7,0,0,0,0,0,routine_watch
FB05618,2017,12,4,23,product_photo,0.607618,0.550000,regular,22,1,0,21,0,1,0,0,0,routine_watch
FB05621,2017,12,4,8,product_photo,0.607618,0.550000,regular,22,0,0,22,0,0,0,0,0,routine_watch
FB05622,2017,12,4,8,product_photo,0.607618,0.550000,regular,21,1,0,21,0,0,0,0,0,routine_watch
FB05630,2017,12,4,1,live_video,0.330926,1.269166,policy_shift,39,0,0,39,0,0,0,0,0,share_amplify
FB05634,2017,12,3,23,product_photo,0.607618,0.550000,regular,5,0,0,5,0,0,0,0,0,routine_watch
FB05637,2017,12,3,7,live_video,0.330926,1.269166,policy_shift,199,603,199,134,63,2,0,0,0,share_amplify
FB05640,2017,12,3,2,product_photo,0.607618,0.550000,regular,12,0,0,12,0,0,0,0,0,routine_watch
FB05641,2017,12,3,1,product_photo,0.607618,0.550000,regular,46,2,2,45,1,0,0,0,0,share_amplify
FB05643,2017,12,2,8,product_photo,0.607618,0.550000,regular,16,2,1,16,0,0,0,0,0,routine_watch
FB05644,2017,12,2,7,product_photo,0.607618,0.550000,regular,18,0,0,17,0,0,1,0,0,routine_watch
FB05647,2017,12,2,2,product_photo,0.607618,0.550000,regular,13,0,0,12,1,0,0,0,0,routine_watch
FB05650,2017,12,2,2,product_photo,0.607618,0.550000,regular,13,0,0,12,1,0,0,0,0,routine_watch
FB05651,2017,12,2,2,product_photo,0.607618,0.550000,regular,9,0,0,9,0,0,0,0,0,routine_watch
FB05653,2017,12,2,1,live_video,0.330926,1.269166,policy_shift,240,1212,374,153,81,2,2,2,0,share_amplify
FB05664,2017,12,1,7,live_video,0.330926,1.269166,policy_shift,229,695,251,134,87,1,7,0,0,share_amplify
FB05665,2017,12,1,7,product_photo,0.607618,0.550000,regular,10,0,0,10,0,0,0,0,0,routine_watch
FB05668,2017,12,1,1,product_photo,0.607618,0.550000,regular,29,1,1,28,1,0,0,0,0,emotion_nurture
FB05669,2017,12,1,1,live_video,0.330926,1.269166,policy_shift,35,0,0,35,0,0,0,0,0,share_amplify
FB05673,2017,12,0,22,product_photo,0.607618,0.550000,regular,18,0,0,18,0,0,0,0,0,routine_watch
FB05675,2017,12,0,8,product_photo,0.607618,0.550000,regular,33,0,0,33,0,0,0,0,0,share_amplify
FB05677,2017,12,0,7,product_photo,0.607618,0.550000,regular,11,0,0,11,0,0,0,0,0,routine_watch
FB05679,2017,12,0,7,live_video,0.330926,1.269166,policy_shift,187,722,176,108,77,0,2,0,0,emotion_nurture
FB05682,2017,12,0,1,product_photo,0.607618,0.550000,regular,36,2,1,36,0,0,0,0,0,share_amplify
FB05686,2017,12,6,23,product_photo,0.607618,0.550000,regular,7,0,1,7,0,0,0,0,0,routine_watch
FB05691,2017,12,6,7,product_photo,0.607618,0.550000,regular,19,2,0,19,0,0,0,0,0,routine_watch
FB05692,2017,12,6,7,live_video,0.330926,1.269166,policy_shift,200,752,184,126,74,0,0,0,0,share_amplify
FB05696,2017,12,5,7,product_photo,0.607618,0.550000,regular,14,0,0,14,0,0,0,0,0,routine_watch
FB05699,2017,12,5,7,live_video,0.330926,1.269166,policy_shift,48,0,3,48,0,0,0,0,0,share_amplify
FB05702,2017,12,5,2,product_photo,0.607618,0.550000,regular,4,0,0,4,0,0,0,0,0,routine_watch
FB05704,2017,12,5,1,product_photo,0.607618,0.550000,regular,27,3,3,27,0,0,0,0,0,share_amplify
FB05705,2017,12,5,1,live_video,0.330926,1.269166,policy_shift,58,2,0,58,0,0,0,0,0,conversation_service
FB05707,2017,12,4,7,product_photo,0.607618,0.550000,regular,21,0,0,21,0,0,0,0,0,routine_watch
FB05708,2017,12,4,7,product_photo,0.607618,0.550000,regular,3,0,0,3,0,0,0,0,0,routine_watch
FB05709,2017,12,4,7,live_video,0.330926,1.269166,policy_shift,46,0,0,46,0,0,0,0,0,share_amplify
FB05710,2017,12,4,7,live_video,0.330926,1.269166,policy_shift,264,459,200,116,147,1,0,0,0,emotion_nurture
FB05712,2017,12,4,2,product_photo,0.607618,0.550000,regular,11,0,0,11,0,0,0,0,0,routine_watch
FB05713,2017,12,4,2,live_video,0.330926,1.269166,policy_shift,41,0,2,41,0,0,0,0,0,share_amplify
FB05714,2017,12,4,2,live_video,0.330926,1.269166,policy_shift,196,466,166,128,65,0,1,1,1,share_amplify
FB05715,2017,12,4,1,product_photo,0.607618,0.550000,regular,10,0,0,10,0,0,0,0,0,routine_watch
FB05717,2017,12,4,1,live_video,0.330926,1.269166,policy_shift,109,202,167,75,32,0,2,0,0,share_amplify
FB05721,2017,12,3,7,live_video,0.330926,1.269166,policy_shift,50,0,0,50,0,0,0,0,0,share_amplify
FB05722,2017,12,3,7,live_video,0.330926,1.269166,policy_shift,6,0,0,6,0,0,0,0,0,routine_watch
FB05723,2017,12,3,7,live_video,0.330926,1.269166,policy_shift,292,898,262,170,116,3,1,1,1,emotion_nurture
FB05726,2017,12,3,1,live_video,0.330926,1.269166,policy_shift,27,0,0,27,0,0,0,0,0,routine_watch
FB05728,2017,12,3,1,live_video,0.330926,1.269166,policy_shift,283,519,295,193,88,1,1,0,0,share_amplify
FB05730,2017,12,2,8,product_photo,0.607618,0.550000,regular,9,0,0,9,0,0,0,0,0,routine_watch
FB05732,2017,12,2,2,product_photo,0.607618,0.550000,regular,5,0,0,5,0,0,0,0,0,routine_watch
FB05735,2017,12,1,22,product_photo,0.607618,0.550000,regular,7,0,0,7,0,0,0,0,0,routine_watch
FB05736,2017,12,1,22,product_photo,0.607618,0.550000,regular,9,0,0,9,0,0,0,0,0,routine_watch
FB05737,2017,12,1,22,product_photo,0.607618,0.550000,regular,15,3,0,14,1,0,0,0,0,routine_watch
FB05740,2017,12,1,7,product_photo,0.607618,0.550000,regular,23,0,0,23,0,0,0,0,0,routine_watch
FB05741,2017,12,1,7,live_video,0.330926,1.269166,policy_shift,432,924,287,252,173,0,6,0,1,emotion_nurture
FB05743,2017,12,1,2,product_photo,0.607618,0.550000,regular,23,0,0,23,0,0,0,0,0,routine_watch
FB05745,2017,12,1,1,live_video,0.330926,1.269166,policy_shift,55,0,3,55,0,0,0,0,0,share_amplify
FB05746,2017,12,1,1,live_video,0.330926,1.269166,policy_shift,274,1140,300,168,98,0,5,1,2,share_amplify
FB05749,2017,12,0,8,product_photo,0.607618,0.550000,regular,38,0,0,37,0,0,1,0,0,emotion_nurture
FB05752,2017,12,0,7,product_photo,0.607618,0.550000,regular,61,1,1,61,0,0,0,0,0,share_amplify
FB05754,2017,12,0,7,live_video,0.330926,1.269166,policy_shift,431,3450,533,329,90,2,9,0,1,share_amplify
FB05758,2017,12,0,2,product_photo,0.607618,0.550000,regular,16,1,0,16,0,0,0,0,0,routine_watch
FB05759,2017,12,0,1,live_video,0.330926,1.269166,policy_shift,330,2409,397,207,118,0,5,0,0,share_amplify
FB05760,2017,12,6,8,product_photo,0.607618,0.550000,regular,10,0,0,10,0,0,0,0,0,routine_watch
FB05761,2017,12,6,7,product_photo,0.607618,0.550000,regular,29,0,1,29,0,0,0,0,0,routine_watch
FB05762,2017,12,6,7,product_photo,0.607618,0.550000,regular,44,0,0,43,1,0,0,0,0,emotion_nurture
FB05763,2017,12,6,7,live_video,0.330926,1.269166,policy_shift,43,0,0,43,0,0,0,0,0,share_amplify
FB05774,2017,12,5,8,product_photo,0.607618,0.550000,regular,20,0,0,20,0,0,0,0,0,routine_watch
FB05775,2017,12,5,7,product_photo,0.607618,0.550000,regular,15,0,0,15,0,0,0,0,0,routine_watch
FB05778,2017,12,5,2,product_photo,0.607618,0.550000,regular,30,1,0,30,0,0,0,0,0,share_amplify
FB05780,2017,12,5,2,product_photo,0.607618,0.550000,regular,33,0,0,32,1,0,0,0,0,emotion_nurture
FB05781,2017,12,5,1,product_photo,0.607618,0.550000,regular,37,4,0,37,0,0,0,0,0,conversation_service
FB05783,2017,12,5,1,live_video,0.330926,1.269166,policy_shift,8,0,0,8,0,0,0,0,0,routine_watch
FB05785,2017,12,5,1,live_video,0.330926,1.269166,policy_shift,337,2638,270,175,156,1,4,0,1,emotion_nurture
FB05786,2017,12,4,8,product_photo,0.607618,0.550000,regular,18,3,0,18,0,0,0,0,0,routine_watch
FB05792,2017,12,4,1,product_photo,0.607618,0.550000,regular,35,0,0,35,0,0,0,0,0,share_amplify
FB05793,2017,12,4,1,product_photo,0.607618,0.550000,regular,41,5,0,41,0,0,0,0,0,conversation_service
FB05794,2017,12,4,1,live_video,0.330926,1.269166,policy_shift,26,0,0,26,0,0,0,0,0,routine_watch
FB05797,2017,12,3,8,product_photo,0.607618,0.550000,regular,29,0,1,29,0,0,0,0,0,routine_watch
FB05798,2017,12,3,8,live_video,0.330926,1.269166,policy_shift,40,0,0,40,0,0,0,0,0,share_amplify
FB05800,2017,12,3,7,product_photo,0.607618,0.550000,regular,12,0,0,12,0,0,0,0,0,routine_watch
FB05803,2017,12,3,7,live_video,0.330926,1.269166,policy_shift,226,359,342,149,73,1,3,0,0,share_amplify
FB05806,2017,12,3,2,product_photo,0.607618,0.550000,regular,46,10,1,46,0,0,0,0,0,conversation_service
FB05807,2017,12,3,1,live_video,0.330926,1.269166,policy_shift,54,0,0,54,0,0,0,0,0,share_amplify
FB05808,2017,12,3,1,live_video,0.330926,1.269166,policy_shift,335,2112,597,201,131,1,2,0,0,share_amplify
FB05810,2017,12,2,2,live_video,0.330926,1.269166,policy_shift,38,0,0,38,0,0,0,0,0,share_amplify
FB05811,2017,12,2,2,live_video,0.330926,1.269166,policy_shift,223,1950,433,155,64,1,0,1,2,share_amplify
FB05815,2017,12,2,1,live_video,0.330926,1.269166,policy_shift,160,326,300,127,32,1,0,0,0,share_amplify
FB05819,2017,12,1,7,live_video,0.330926,1.269166,policy_shift,36,0,0,35,1,0,0,0,0,emotion_nurture
FB05821,2017,12,1,7,live_video,0.330926,1.269166,policy_shift,269,783,357,146,117,1,3,1,1,share_amplify
FB05826,2017,12,1,1,live_video,0.330926,1.269166,policy_shift,34,0,0,34,0,0,0,0,0,share_amplify
FB05827,2017,12,1,1,live_video,0.330926,1.269166,policy_shift,230,1562,322,140,90,0,0,0,0,share_amplify
FB05828,2017,12,0,11,product_photo,0.607618,0.550000,regular,50,0,0,44,0,0,6,0,0,emotion_nurture
FB05832,2017,12,0,8,live_video,0.330926,1.269166,policy_shift,1,0,0,0,1,0,0,0,0,routine_watch
FB05833,2017,12,0,8,live_video,0.330926,1.269166,policy_shift,182,443,135,91,89,2,0,0,0,emotion_nurture
FB05834,2017,12,0,8,product_photo,0.607618,0.550000,regular,24,0,0,22,2,0,0,0,0,routine_watch
FB05835,2017,12,0,7,product_photo,0.607618,0.550000,regular,33,0,1,32,1,0,0,0,0,emotion_nurture
FB05836,2017,12,0,7,live_video,0.330926,1.269166,policy_shift,42,0,0,41,1,0,0,0,0,emotion_nurture
FB05837,2017,12,0,7,live_video,0.330926,1.269166,policy_shift,249,1244,469,143,103,2,1,0,0,share_amplify
FB05838,2017,12,0,2,product_photo,0.607618,0.550000,regular,17,0,0,17,0,0,0,0,0,routine_watch
FB05840,2017,12,0,1,live_video,0.330926,1.269166,policy_shift,34,0,0,33,1,0,0,0,0,emotion_nurture
FB05841,2017,12,0,1,live_video,0.330926,1.269166,policy_shift,322,1503,491,201,113,1,2,2,3,share_amplify
FB05843,2017,12,6,8,product_photo,0.607618,0.550000,regular,43,2,0,43,0,0,0,0,0,conversation_service
FB05844,2017,12,6,7,live_video,0.330926,1.269166,policy_shift,385,1651,489,230,146,2,4,2,1,share_amplify
FB05847,2017,12,6,2,live_video,0.330926,1.269166,policy_shift,166,1199,348,131,35,0,0,0,0,share_amplify
FB05848,2017,12,6,1,product_photo,0.607618,0.550000,regular,17,1,0,17,0,0,0,0,0,routine_watch
FB05851,2017,12,6,1,live_video,0.330926,1.269166,policy_shift,169,293,195,99,69,0,1,0,0,share_amplify
FB05852,2017,12,5,8,product_photo,0.607618,0.550000,regular,23,4,0,23,0,0,0,0,0,routine_watch
FB05859,2017,12,5,7,product_photo,0.607618,0.550000,regular,29,4,0,29,0,0,0,0,0,conversation_service
FB05861,2017,12,5,7,live_video,0.330926,1.269166,policy_shift,185,519,301,134,46,0,4,1,0,share_amplify
FB05864,2017,12,5,1,product_photo,0.607618,0.550000,regular,13,1,0,13,0,0,0,0,0,routine_watch
FB05865,2017,12,5,1,product_photo,0.607618,0.550000,regular,50,1,0,49,1,0,0,0,0,emotion_nurture
FB05866,2017,12,5,1,live_video,0.330926,1.269166,policy_shift,206,525,265,147,56,0,3,0,0,share_amplify
FB05867,2017,12,4,8,live_video,0.330926,1.269166,policy_shift,46,0,0,46,0,0,0,0,0,share_amplify
FB05868,2017,12,4,8,live_video,0.330926,1.269166,policy_shift,151,667,195,106,45,0,0,0,0,share_amplify
FB05869,2017,12,4,7,product_photo,0.607618,0.550000,regular,31,3,0,30,1,0,0,0,0,emotion_nurture
FB05870,2017,12,4,7,product_photo,0.607618,0.550000,regular,32,1,0,32,0,0,0,0,0,share_amplify
FB05871,2017,12,4,7,live_video,0.330926,1.269166,policy_shift,255,505,187,168,80,5,1,0,1,emotion_nurture
FB05873,2017,12,4,2,product_photo,0.607618,0.550000,regular,11,0,0,11,0,0,0,0,0,routine_watch
FB05875,2017,12,4,2,live_video,0.330926,1.269166,policy_shift,64,100,68,57,7,0,0,0,0,share_amplify
FB05876,2017,12,4,1,product_photo,0.607618,0.550000,regular,9,0,0,9,0,0,0,0,0,routine_watch
FB05877,2017,12,4,1,product_photo,0.607618,0.550000,regular,11,0,0,11,0,0,0,0,0,routine_watch
FB05878,2017,12,4,1,live_video,0.330926,1.269166,policy_shift,27,0,0,27,0,0,0,0,0,routine_watch
FB05880,2017,12,4,1,live_video,0.330926,1.269166,policy_shift,253,1051,334,155,93,1,3,0,1,share_amplify
FB05881,2017,12,3,8,product_photo,0.607618,0.550000,regular,35,2,1,35,0,0,0,0,0,share_amplify
FB05882,2017,12,3,7,product_photo,0.607618,0.550000,regular,26,1,1,25,1,0,0,0,0,routine_watch
FB05883,2017,12,3,7,live_video,0.330926,1.269166,policy_shift,248,1382,299,182,65,0,1,0,0,share_amplify
FB05884,2017,12,3,7,product_photo,0.607618,0.550000,regular,36,0,0,36,0,0,0,0,0,share_amplify
FB05885,2017,12,3,7,live_video,0.330926,1.269166,policy_shift,180,307,217,153,25,0,1,0,1,share_amplify
FB05887,2017,12,3,1,product_photo,0.607618,0.550000,regular,45,6,2,43,1,1,0,0,0,emotion_nurture
FB05888,2017,12,3,1,live_video,0.330926,1.269166,policy_shift,389,2798,564,233,152,0,2,0,2,share_amplify
FB05890,2017,12,2,7,product_photo,0.607618,0.550000,regular,23,1,0,22,1,0,0,0,0,routine_watch
FB05892,2017,12,2,7,live_video,0.330926,1.269166,policy_shift,520,2546,659,353,156,5,4,1,1,share_amplify
FB05893,2017,12,2,2,live_video,0.330926,1.269166,policy_shift,116,337,109,78,37,0,0,1,0,share_amplify
FB05895,2017,12,2,1,live_video,0.330926,1.269166,policy_shift,339,1082,423,213,119,0,6,1,0,share_amplify
FB05896,2017,12,1,8,live_video,0.330926,1.269166,policy_shift,28,0,0,27,1,0,0,0,0,routine_watch
FB05897,2017,12,1,8,live_video,0.330926,1.269166,policy_shift,156,286,76,108,42,0,6,0,0,emotion_nurture
FB05898,2017,12,1,8,product_photo,0.607618,0.550000,regular,42,0,0,40,2,0,0,0,0,emotion_nurture
FB05900,2017,12,1,7,product_photo,0.607618,0.550000,regular,38,1,0,37,1,0,0,0,0,emotion_nurture
FB05902,2017,12,1,2,live_video,0.330926,1.269166,policy_shift,15,0,0,14,1,0,0,0,0,routine_watch
FB05905,2017,12,1,2,live_video,0.330926,1.269166,policy_shift,171,236,82,70,100,0,1,0,0,emotion_nurture
FB05907,2017,12,1,1,live_video,0.330926,1.269166,policy_shift,9,0,0,9,0,0,0,0,0,routine_watch
FB05908,2017,12,1,1,live_video,0.330926,1.269166,policy_shift,423,1661,584,266,152,0,2,1,2,share_amplify
FB05909,2017,12,0,8,live_video,0.330926,1.269166,policy_shift,22,2,0,22,0,0,0,0,0,routine_watch
FB05913,2017,12,0,7,live_video,0.330926,1.269166,policy_shift,285,1293,295,167,111,1,5,0,1,share_amplify
FB05915,2017,12,0,1,product_photo,0.607618,0.550000,regular,18,1,0,18,0,0,0,0,0,routine_watch
FB05918,2017,12,6,8,product_photo,0.607618,0.550000,regular,17,4,1,17,0,0,0,0,0,routine_watch
FB05919,2017,12,6,8,product_photo,0.607618,0.550000,regular,15,0,0,15,0,0,0,0,0,routine_watch
FB05920,2017,12,6,8,live_video,0.330926,1.269166,policy_shift,204,1200,307,162,39,1,2,0,0,share_amplify
FB05921,2017,12,6,7,product_photo,0.607618,0.550000,regular,17,0,0,17,0,0,0,0,0,routine_watch
FB05922,2017,12,6,7,live_video,0.330926,1.269166,policy_shift,186,325,253,109,71,0,3,1,2,share_amplify
FB05923,2017,12,6,2,product_photo,0.607618,0.550000,regular,18,0,0,18,0,0,0,0,0,routine_watch
FB05925,2017,12,6,2,live_video,0.330926,1.269166,policy_shift,129,299,117,100,26,1,1,1,0,share_amplify
FB05926,2017,12,6,1,live_video,0.330926,1.269166,policy_shift,34,0,0,34,0,0,0,0,0,share_amplify
FB05929,2017,12,5,8,product_photo,0.607618,0.550000,regular,18,0,1,18,0,0,0,0,0,routine_watch
FB05930,2017,12,5,8,live_video,0.330926,1.269166,policy_shift,25,0,0,25,0,0,0,0,0,routine_watch
FB05931,2017,12,5,7,live_video,0.330926,1.269166,policy_shift,260,1493,338,142,111,0,4,1,2,share_amplify
FB05933,2017,12,5,7,live_video,0.330926,1.269166,policy_shift,17,0,0,17,0,0,0,0,0,routine_watch
FB05935,2017,12,5,2,product_photo,0.607618,0.550000,regular,7,0,0,7,0,0,0,0,0,routine_watch
FB05937,2017,12,5,2,live_video,0.330926,1.269166,policy_shift,217,885,248,134,78,2,3,0,0,share_amplify
FB05939,2017,12,5,1,product_photo,0.607618,0.550000,regular,29,2,0,28,0,1,0,0,0,emotion_nurture
FB05944,2017,12,4,7,live_video,0.330926,1.269166,policy_shift,23,0,0,23,0,0,0,0,0,routine_watch
FB05945,2017,12,4,7,live_video,0.330926,1.269166,policy_shift,275,1113,431,168,105,0,1,1,0,share_amplify
FB05949,2017,12,4,1,live_video,0.330926,1.269166,policy_shift,300,1532,281,212,82,4,0,2,0,share_amplify
FB05950,2017,12,4,1,live_video,0.330926,1.269166,policy_shift,14,0,0,14,0,0,0,0,0,routine_watch
FB05952,2017,11,3,8,product_photo,0.607618,0.550000,regular,29,2,0,29,0,0,0,0,0,conversation_service
FB05955,2017,11,3,7,live_video,0.330926,1.269166,policy_shift,50,0,0,50,0,0,0,0,0,share_amplify
FB05957,2017,11,3,4,product_photo,0.607618,0.550000,regular,36,2,0,34,0,0,0,2,0,emotion_nurture
FB05958,2017,11,3,2,live_video,0.330926,1.269166,policy_shift,9,0,0,9,0,0,0,0,0,routine_watch
FB05960,2017,11,3,1,product_photo,0.607618,0.550000,regular,23,1,0,23,0,0,0,0,0,routine_watch
FB05961,2017,11,3,1,live_video,0.330926,1.269166,policy_shift,314,1488,446,206,106,0,0,0,2,share_amplify
FB05964,2017,11,2,8,product_photo,0.607618,0.550000,regular,18,0,0,18,0,0,0,0,0,routine_watch
FB05966,2017,11,2,7,product_photo,0.607618,0.550000,regular,24,2,1,24,0,0,0,0,0,routine_watch
FB05967,2017,11,2,7,live_video,0.330926,1.269166,policy_shift,36,0,0,36,0,0,0,0,0,share_amplify
FB05968,2017,11,2,7,live_video,0.330926,1.269166,policy_shift,413,1934,542,248,160,0,3,1,1,share_amplify
FB05970,2017,11,2,1,product_photo,0.607618,0.550000,regular,26,0,0,25,1,0,0,0,0,routine_watch
FB05971,2017,11,2,1,live_video,0.330926,1.269166,policy_shift,45,1,0,45,0,0,0,0,0,share_amplify
FB05973,2017,11,1,8,product_photo,0.607618,0.550000,regular,30,8,0,30,0,0,0,0,0,conversation_service
FB05974,2017,11,1,8,product_photo,0.607618,0.550000,regular,15,2,0,15,0,0,0,0,0,routine_watch
FB05977,2017,11,1,7,live_video,0.330926,1.269166,policy_shift,307,847,440,183,117,1,6,0,0,share_amplify
FB05980,2017,11,1,2,live_video,0.330926,1.269166,policy_shift,17,0,0,17,0,0,0,0,0,routine_watch
FB05983,2017,11,1,2,live_video,0.330926,1.269166,policy_shift,292,1194,379,150,133,0,9,0,0,share_amplify
FB05985,2017,11,1,1,live_video,0.330926,1.269166,policy_shift,248,592,302,160,85,0,3,0,0,share_amplify
FB05986,2017,11,0,8,live_video,0.330926,1.269166,policy_shift,172,1056,258,68,100,3,1,0,0,share_amplify
FB05995,2017,11,0,1,live_video,0.330926,1.269166,policy_shift,30,1,0,30,0,0,0,0,0,share_amplify
FB05998,2017,11,6,8,product_photo,0.607618,0.550000,regular,20,0,1,20,0,0,0,0,0,routine_watch
FB05999,2017,11,6,8,product_photo,0.607618,0.550000,regular,9,0,0,9,0,0,0,0,0,routine_watch
FB06000,2017,11,6,8,live_video,0.330926,1.269166,policy_shift,272,339,158,156,112,3,1,0,0,emotion_nurture
FB06001,2017,11,6,7,live_video,0.330926,1.269166,policy_shift,268,816,529,188,73,2,3,1,1,share_amplify
FB06003,2017,11,6,2,live_video,0.330926,1.269166,policy_shift,249,1209,431,163,85,0,1,0,0,share_amplify
FB06006,2017,11,6,1,product_photo,0.607618,0.550000,regular,40,2,0,40,0,0,0,0,0,conversation_service
FB06009,2017,11,5,7,product_photo,0.607618,0.550000,regular,27,2,0,27,0,0,0,0,0,routine_watch
FB06010,2017,11,5,7,product_photo,0.607618,0.550000,regular,38,4,0,38,0,0,0,0,0,conversation_service
FB06013,2017,11,5,2,product_photo,0.607618,0.550000,regular,12,0,0,12,0,0,0,0,0,routine_watch
FB06014,2017,11,5,2,product_photo,0.607618,0.550000,regular,9,1,0,8,1,0,0,0,0,routine_watch
FB06016,2017,11,5,2,live_video,0.330926,1.269166,policy_shift,241,383,257,106,135,0,0,0,0,emotion_nurture
FB06023,2017,11,4,8,live_video,0.330926,1.269166,policy_shift,214,779,377,143,68,2,1,0,0,share_amplify
FB06026,2017,11,4,7,live_video,0.330926,1.269166,policy_shift,248,433,303,172,73,0,3,0,0,share_amplify
FB06031,2017,11,4,1,live_video,0.330926,1.269166,policy_shift,13,0,0,13,0,0,0,0,0,routine_watch
FB06033,2017,11,3,8,product_photo,0.607618,0.550000,regular,25,1,0,25,0,0,0,0,0,routine_watch
FB06037,2017,11,3,7,product_photo,0.607618,0.550000,regular,14,0,0,14,0,0,0,0,0,routine_watch
FB06038,2017,11,3,7,product_photo,0.607618,0.550000,regular,21,0,0,21,0,0,0,0,0,routine_watch
FB06041,2017,11,3,2,live_video,0.330926,1.269166,policy_shift,14,0,0,13,1,0,0,0,0,routine_watch
FB06042,2017,11,3,2,product_photo,0.607618,0.550000,regular,11,0,0,11,0,0,0,0,0,routine_watch
FB06044,2017,11,3,2,live_video,0.330926,1.269166,policy_shift,160,1183,217,81,79,0,0,0,0,share_amplify
FB06046,2017,11,3,1,product_photo,0.607618,0.550000,regular,31,0,0,31,0,0,0,0,0,share_amplify
FB06055,2017,11,2,2,live_video,0.330926,1.269166,policy_shift,13,0,0,13,0,0,0,0,0,routine_watch
FB06056,2017,11,2,2,live_video,0.330926,1.269166,policy_shift,135,214,159,91,42,1,1,0,0,share_amplify
FB06057,2017,11,2,1,product_photo,0.607618,0.550000,regular,8,0,0,8,0,0,0,0,0,routine_watch
FB06058,2017,11,2,1,live_video,0.330926,1.269166,policy_shift,233,1168,404,155,76,2,0,0,0,share_amplify
FB06061,2017,11,1,7,live_video,0.330926,1.269166,policy_shift,336,1532,428,226,104,2,2,1,1,share_amplify
FB06063,2017,11,1,7,live_video,0.330926,1.269166,policy_shift,233,405,333,181,48,3,1,0,0,share_amplify
FB06066,2017,11,1,2,live_video,0.330926,1.269166,policy_shift,183,908,266,122,58,0,2,0,1,share_amplify
FB06071,2017,11,0,8,product_photo,0.607618,0.550000,regular,22,1,0,22,0,0,0,0,0,routine_watch
FB06079,2017,11,0,2,product_photo,0.607618,0.550000,regular,33,3,0,33,0,0,0,0,0,conversation_service
FB06081,2017,11,0,2,live_video,0.330926,1.269166,policy_shift,166,287,153,91,75,0,0,0,0,emotion_nurture
FB06082,2017,11,0,2,product_photo,0.607618,0.550000,regular,5,1,0,5,0,0,0,0,0,routine_watch
FB06084,2017,11,0,1,live_video,0.330926,1.269166,policy_shift,398,2314,742,320,73,1,3,1,0,share_amplify
FB06087,2017,11,6,7,live_video,0.330926,1.269166,policy_shift,173,221,248,114,53,3,3,0,0,share_amplify
FB06088,2017,11,6,1,live_video,0.330926,1.269166,policy_shift,29,0,0,29,0,0,0,0,0,routine_watch
FB06093,2017,11,5,8,live_video,0.330926,1.269166,policy_shift,17,0,0,17,0,0,0,0,0,routine_watch
FB06096,2017,11,5,7,product_photo,0.607618,0.550000,regular,30,0,0,30,0,0,0,0,0,routine_watch
FB06097,2017,11,5,7,live_video,0.330926,1.269166,policy_shift,394,2379,471,229,159,1,3,1,1,share_amplify
FB06100,2017,11,5,1,product_photo,0.607618,0.550000,regular,24,4,0,24,0,0,0,0,0,routine_watch
FB06101,2017,11,5,1,live_video,0.330926,1.269166,policy_shift,24,0,0,24,0,0,0,0,0,routine_watch
FB06102,2017,11,5,1,live_video,0.330926,1.269166,policy_shift,281,1858,339,201,78,0,2,0,0,share_amplify
FB06109,2017,11,4,7,live_video,0.330926,1.269166,policy_shift,144,238,113,120,23,1,0,0,0,share_amplify
FB06111,2017,11,4,2,product_photo,0.607618,0.550000,regular,10,0,0,10,0,0,0,0,0,routine_watch
FB06112,2017,11,4,2,product_photo,0.607618,0.550000,regular,13,2,0,13,0,0,0,0,0,routine_watch
FB06113,2017,11,4,2,live_video,0.330926,1.269166,policy_shift,13,0,0,13,0,0,0,0,0,routine_watch
FB06114,2017,11,4,1,live_video,0.330926,1.269166,policy_shift,173,578,153,125,47,0,0,1,0,share_amplify
FB06122,2017,11,3,7,live_video,0.330926,1.269166,policy_shift,0,0,0,0,0,0,0,0,0,routine_watch
FB06123,2017,11,3,7,live_video,0.330926,1.269166,policy_shift,241,938,282,134,102,0,5,0,0,share_amplify
FB06125,2017,11,3,7,live_video,0.330926,1.269166,policy_shift,147,226,207,111,36,0,0,0,0,share_amplify
FB06129,2017,11,3,1,live_video,0.330926,1.269166,policy_shift,242,1153,303,180,58,2,1,0,1,share_amplify
FB06130,2017,11,2,8,product_photo,0.607618,0.550000,regular,15,1,0,14,1,0,0,0,0,routine_watch
FB06133,2017,11,2,7,live_video,0.330926,1.269166,policy_shift,202,377,117,116,84,0,2,0,0,emotion_nurture
FB06136,2017,11,2,7,product_photo,0.607618,0.550000,regular,9,0,0,9,0,0,0,0,0,routine_watch
FB06137,2017,11,2,7,live_video,0.330926,1.269166,policy_shift,24,0,0,24,0,0,0,0,0,routine_watch
FB06138,2017,11,2,7,live_video,0.330926,1.269166,policy_shift,246,1035,322,191,51,1,3,0,0,share_amplify
FB06139,2017,11,2,2,live_video,0.330926,1.269166,policy_shift,126,266,72,77,48,0,1,0,0,emotion_nurture
FB06140,2017,11,2,2,product_photo,0.607618,0.550000,regular,9,0,0,9,0,0,0,0,0,routine_watch
FB06143,2017,11,2,1,live_video,0.330926,1.269166,policy_shift,22,0,0,22,0,0,0,0,0,routine_watch
FB06144,2017,11,2,1,live_video,0.330926,1.269166,policy_shift,288,953,304,185,100,1,2,0,0,share_amplify
FB06145,2017,11,1,8,product_photo,0.607618,0.550000,regular,14,0,0,14,0,0,0,0,0,routine_watch
FB06146,2017,11,1,8,product_photo,0.607618,0.550000,regular,6,0,0,6,0,0,0,0,0,routine_watch
FB06147,2017,11,1,7,live_video,0.330926,1.269166,policy_shift,189,410,112,137,50,0,2,0,0,share_amplify
FB06149,2017,11,1,7,product_photo,0.607618,0.550000,regular,23,0,0,22,1,0,0,0,0,routine_watch
FB06154,2017,11,1,1,live_video,0.330926,1.269166,policy_shift,412,1485,452,288,121,1,1,0,1,share_amplify
FB06156,2017,11,0,7,product_photo,0.607618,0.550000,regular,10,0,0,10,0,0,0,0,0,routine_watch
FB06157,2017,11,0,7,live_video,0.330926,1.269166,policy_shift,226,238,238,139,83,3,1,0,0,share_amplify
FB06158,2017,11,0,3,product_photo,0.607618,0.550000,regular,22,0,0,21,1,0,0,0,0,routine_watch
FB06162,2017,11,0,1,live_video,0.330926,1.269166,policy_shift,394,2195,403,269,122,1,2,0,0,share_amplify
FB06165,2017,11,6,3,product_photo,0.607618,0.550000,regular,4,0,0,4,0,0,0,0,0,routine_watch
FB06168,2017,11,6,1,live_video,0.330926,1.269166,policy_shift,370,1049,300,269,94,2,5,0,0,share_amplify
FB06171,2018,6,6,3,live_video,0.330926,1.269166,policy_shift,376,20,3,354,19,3,0,0,0,emotion_nurture
FB06172,2018,6,5,22,product_photo,0.607618,0.550000,regular,255,7,4,249,6,0,0,0,0,emotion_nurture
FB06173,2018,6,3,7,product_photo,0.607618,0.550000,regular,1704,21,3,1685,15,2,2,0,0,emotion_nurture
FB06175,2018,6,0,6,product_photo,0.607618,0.550000,regular,336,42,2,285,5,0,0,46,0,emotion_nurture
FB06178,2018,5,2,2,product_photo,0.607618,0.550000,regular,114,7,0,109,3,2,0,0,0,emotion_nurture
FB06179,2018,5,1,4,text_status,0.052110,3.000000,low_support,133,7,1,127,6,0,0,0,0,emotion_nurture
FB06181,2018,5,5,8,text_status,0.052110,3.000000,low_support,231,16,2,216,3,0,0,12,0,emotion_nurture
FB06182,2018,5,4,7,product_photo,0.607618,0.550000,regular,684,38,14,676,7,0,1,0,0,share_amplify
FB06183,2018,5,2,1,product_photo,0.607618,0.550000,regular,1627,30,3,1607,17,3,0,0,0,emotion_nurture
FB06184,2018,5,6,6,product_photo,0.607618,0.550000,regular,791,34,2,770,16,5,0,0,0,emotion_nurture
FB06185,2018,5,3,20,product_photo,0.607618,0.550000,regular,1404,39,5,1390,12,1,1,0,0,emotion_nurture
FB06187,2018,5,4,3,text_status,0.052110,3.000000,low_support,295,18,0,288,4,0,0,3,0,emotion_nurture
FB06188,2018,5,2,8,product_photo,0.607618,0.550000,regular,1957,124,10,1908,27,21,1,0,0,emotion_nurture
FB06189,2018,5,5,11,product_photo,0.607618,0.550000,regular,1730,161,4,1710,12,8,0,0,0,emotion_nurture
FB06190,2018,5,3,23,product_photo,0.607618,0.550000,regular,1655,47,4,1632,9,13,1,0,0,emotion_nurture
FB06191,2018,4,0,6,text_status,0.052110,3.000000,low_support,237,67,1,233,3,1,0,0,0,conversation_service
FB06192,2018,4,4,23,product_photo,0.607618,0.550000,regular,360,22,10,347,2,5,0,6,0,emotion_nurture
FB06193,2018,4,3,19,product_photo,0.607618,0.550000,regular,2635,308,11,2605,19,11,0,0,0,conversation_service
FB06194,2018,4,0,7,product_photo,0.607618,0.550000,regular,324,45,3,280,0,17,1,19,7,emotion_nurture
FB06195,2018,4,4,3,product_photo,0.607618,0.550000,regular,1271,94,9,1249,11,8,2,1,0,emotion_nurture
FB06196,2018,4,3,7,product_photo,0.607618,0.550000,regular,851,100,11,834,5,10,2,0,0,emotion_nurture
FB06197,2018,4,3,3,product_photo,0.607618,0.550000,regular,1992,36,1,1969,16,7,0,0,0,emotion_nurture
FB06199,2018,4,0,10,product_photo,0.607618,0.550000,regular,4114,104,3,4054,36,23,0,1,0,emotion_nurture
FB06201,2018,4,6,1,product_photo,0.607618,0.550000,regular,111,9,2,107,1,2,1,0,0,emotion_nurture
FB06202,2018,4,5,3,product_photo,0.607618,0.550000,regular,796,143,9,791,5,0,0,0,0,conversation_service
FB06204,2018,4,3,10,product_photo,0.607618,0.550000,regular,2506,287,28,2483,9,12,2,0,0,conversation_service
FB06206,2018,4,0,10,product_photo,0.607618,0.550000,regular,1244,218,9,1226,5,12,1,0,0,conversation_service
FB06211,2018,3,3,8,product_photo,0.607618,0.550000,regular,2420,75,17,2392,20,8,0,0,0,emotion_nurture
FB06214,2018,3,5,23,product_photo,0.607618,0.550000,regular,157,16,3,145,1,11,0,0,0,emotion_nurture
FB06219,2018,3,1,1,product_photo,0.607618,0.550000,regular,186,15,1,172,3,11,0,0,0,emotion_nurture
FB06222,2018,6,6,3,live_video,0.330926,1.269166,policy_shift,376,20,3,354,19,3,0,0,0,emotion_nurture
FB06225,2018,6,2,2,text_status,0.052110,3.000000,low_support,205,39,4,197,4,4,0,0,0,emotion_nurture
FB06230,2018,5,1,4,text_status,0.052110,3.000000,low_support,133,7,1,127,6,0,0,0,0,emotion_nurture
FB06231,2018,5,6,1,product_photo,0.607618,0.550000,regular,532,32,4,480,47,5,0,0,0,emotion_nurture
FB06237,2018,5,5,1,product_photo,0.607618,0.550000,regular,824,106,6,810,10,4,0,0,0,conversation_service
FB06238,2018,5,4,3,text_status,0.052110,3.000000,low_support,295,18,0,288,4,0,0,3,0,emotion_nurture
FB06239,2018,5,2,8,product_photo,0.607618,0.550000,regular,1957,124,10,1908,27,21,1,0,0,emotion_nurture
FB06242,2018,4,0,6,text_status,0.052110,3.000000,low_support,237,67,1,233,3,1,0,0,0,conversation_service
FB06243,2018,4,4,23,product_photo,0.607618,0.550000,regular,360,22,10,347,2,5,0,6,0,emotion_nurture
FB06244,2018,4,3,19,product_photo,0.607618,0.550000,regular,2635,308,11,2605,19,11,0,0,0,conversation_service
FB06245,2018,4,0,7,product_photo,0.607618,0.550000,regular,324,45,3,280,0,17,1,19,7,emotion_nurture
FB06246,2018,4,4,3,product_photo,0.607618,0.550000,regular,1271,94,9,1249,11,8,2,1,0,emotion_nurture
FB06247,2018,4,3,7,product_photo,0.607618,0.550000,regular,851,100,11,834,5,10,2,0,0,emotion_nurture
FB06249,2018,4,2,3,product_photo,0.607618,0.550000,regular,4315,24,3,4241,51,19,4,0,0,emotion_nurture
FB06250,2018,4,0,10,product_photo,0.607618,0.550000,regular,4114,104,3,4054,36,23,0,1,0,emotion_nurture
FB06251,2018,4,6,22,product_photo,0.607618,0.550000,regular,95,3,2,90,2,3,0,0,0,emotion_nurture
FB06254,2018,4,4,16,product_photo,0.607618,0.550000,regular,508,12,3,499,8,0,1,0,0,emotion_nurture
FB06256,2018,4,2,2,product_photo,0.607618,0.550000,regular,251,29,5,228,0,3,0,1,19,emotion_nurture
FB06257,2018,4,0,10,product_photo,0.607618,0.550000,regular,1244,218,9,1226,5,12,1,0,0,conversation_service
FB06258,2018,4,0,7,product_photo,0.607618,0.550000,regular,75,2,0,71,3,0,1,0,0,emotion_nurture
FB06259,2018,4,6,5,product_photo,0.607618,0.550000,regular,867,90,11,858,1,7,0,0,1,conversation_service
FB06260,2018,4,6,4,product_photo,0.607618,0.550000,regular,87,5,2,79,3,5,0,0,0,emotion_nurture
FB06261,2018,3,3,13,product_photo,0.607618,0.550000,regular,614,78,15,599,7,8,0,0,0,emotion_nurture
FB06262,2018,3,3,8,product_photo,0.607618,0.550000,regular,2420,75,17,2392,20,8,0,0,0,emotion_nurture
FB06263,2018,3,0,1,product_photo,0.607618,0.550000,regular,86,5,3,80,2,4,0,0,0,emotion_nurture
FB06265,2018,3,5,23,product_photo,0.607618,0.550000,regular,157,16,3,145,1,11,0,0,0,emotion_nurture
FB06266,2018,3,4,15,product_photo,0.607618,0.550000,regular,547,71,7,535,6,6,0,0,0,emotion_nurture
FB06267,2018,3,3,6,product_photo,0.607618,0.550000,regular,1168,104,49,1133,17,17,1,0,0,emotion_nurture
FB06268,2018,3,3,3,product_photo,0.607618,0.550000,regular,879,165,18,867,4,8,0,0,0,conversation_service
FB06270,2018,3,1,1,product_photo,0.607618,0.550000,regular,186,15,1,172,3,11,0,0,0,emotion_nurture
FB06275,2018,6,6,8,link_teaser,0.009346,3.000000,low_support,3,0,0,3,0,0,0,0,0,routine_watch
FB06279,2018,6,3,23,product_photo,0.607618,0.550000,regular,69,8,0,60,0,2,0,1,6,emotion_nurture
FB06280,2018,6,3,10,live_video,0.330926,1.269166,policy_shift,130,1051,157,82,46,0,2,0,0,share_amplify
FB06283,2018,6,3,4,live_video,0.330926,1.269166,policy_shift,124,844,183,84,39,1,0,0,0,share_amplify
FB06287,2018,6,1,8,live_video,0.330926,1.269166,policy_shift,192,1949,321,89,99,1,3,0,0,share_amplify
FB06288,2018,6,1,4,live_video,0.330926,1.269166,policy_shift,393,1529,292,307,80,3,1,2,0,share_amplify
FB06290,2018,5,3,4,product_photo,0.607618,0.550000,regular,144,6,16,119,0,3,22,0,0,emotion_nurture
FB06292,2018,5,2,9,live_video,0.330926,1.269166,policy_shift,379,5491,466,190,161,5,20,2,1,conversation_service
FB06293,2018,5,2,4,product_photo,0.607618,0.550000,regular,48,1,2,48,0,0,0,0,0,share_amplify
FB06295,2018,5,1,4,product_photo,0.607618,0.550000,regular,44,7,0,43,0,0,0,0,1,conversation_service
FB06297,2018,5,0,6,live_video,0.330926,1.269166,policy_shift,1302,4066,372,1171,117,0,12,1,1,conversation_service
FB06300,2018,5,5,8,live_video,0.330926,1.269166,policy_shift,185,1835,312,116,54,1,14,0,0,share_amplify
FB06303,2018,5,4,3,text_status,0.052110,3.000000,low_support,52,1,1,51,0,1,0,0,0,emotion_nurture
FB06305,2018,5,3,4,live_video,0.330926,1.269166,policy_shift,236,2842,431,114,109,1,9,2,1,share_amplify
FB06310,2018,5,1,7,product_photo,0.607618,0.550000,regular,26,1,0,22,0,0,0,0,4,routine_watch
FB06311,2018,5,1,4,product_photo,0.607618,0.550000,regular,72,29,0,70,2,0,0,0,0,conversation_service
FB06314,2018,5,5,6,product_photo,0.607618,0.550000,regular,62,11,1,61,1,0,0,0,0,conversation_service
FB06317,2018,5,3,9,live_video,0.330926,1.269166,policy_shift,267,2606,269,227,26,4,7,3,0,conversation_service
FB06318,2018,5,3,6,live_video,0.330926,1.269166,policy_shift,408,3994,560,336,64,0,6,1,1,share_amplify
FB06320,2018,5,3,1,product_photo,0.607618,0.550000,regular,38,0,0,35,1,2,0,0,0,emotion_nurture
FB06321,2018,5,2,10,product_photo,0.607618,0.550000,regular,43,7,1,40,1,2,0,0,0,emotion_nurture
FB06322,2018,5,1,10,live_video,0.330926,1.269166,policy_shift,180,2176,314,142,33,4,0,0,1,share_amplify
FB06323,2018,5,1,9,live_video,0.330926,1.269166,policy_shift,188,2099,388,152,34,0,1,0,1,share_amplify
FB06324,2018,5,6,22,product_photo,0.607618,0.550000,regular,37,0,0,37,0,0,0,0,0,share_amplify
FB06325,2018,5,6,3,product_photo,0.607618,0.550000,regular,72,1,0,72,0,0,0,0,0,share_amplify
FB06327,2018,5,4,10,live_video,0.330926,1.269166,policy_shift,146,1569,316,89,49,0,4,3,1,share_amplify
FB06328,2018,5,4,8,live_video,0.330926,1.269166,policy_shift,249,2609,572,207,24,12,6,0,0,share_amplify
FB06331,2018,5,2,9,product_photo,0.607618,0.550000,regular,133,28,0,127,6,0,0,0,0,emotion_nurture
FB06332,2018,5,6,23,product_photo,0.607618,0.550000,regular,127,56,60,125,1,0,1,0,0,share_amplify
FB06333,2018,5,6,2,product_photo,0.607618,0.550000,regular,30,0,0,29,0,1,0,0,0,routine_watch
FB06336,2018,5,5,8,live_video,0.330926,1.269166,policy_shift,236,5237,526,138,97,1,0,0,0,conversation_service
FB06338,2018,5,5,2,live_video,0.330926,1.269166,policy_shift,197,1875,624,146,47,1,2,0,1,share_amplify
FB06341,2018,5,3,1,product_photo,0.607618,0.550000,regular,63,21,1,62,1,0,0,0,0,conversation_service
FB06342,2018,5,2,12,product_photo,0.607618,0.550000,regular,218,105,153,212,2,4,0,0,0,share_amplify
FB06347,2018,4,6,8,product_photo,0.607618,0.550000,regular,39,4,0,35,4,0,0,0,0,emotion_nurture
FB06348,2018,4,6,7,product_photo,0.607618,0.550000,regular,27,0,0,24,1,2,0,0,0,routine_watch
FB06349,2018,4,6,7,product_photo,0.607618,0.550000,regular,50,20,6,47,3,0,0,0,0,share_amplify
FB06350,2018,4,5,11,product_photo,0.607618,0.550000,regular,123,166,16,114,9,0,0,0,0,conversation_service
FB06351,2018,4,4,8,live_video,0.330926,1.269166,policy_shift,256,1435,429,217,34,4,0,1,0,share_amplify
FB06352,2018,4,4,6,product_photo,0.607618,0.550000,regular,93,54,0,91,2,0,0,0,0,conversation_service
FB06353,2018,4,3,6,product_photo,0.607618,0.550000,regular,123,25,28,123,0,0,0,0,0,share_amplify
FB06356,2018,4,0,6,live_video,0.330926,1.269166,policy_shift,58,2,0,55,1,0,2,0,0,emotion_nurture
FB06358,2018,4,6,7,live_video,0.330926,1.269166,policy_shift,16,3,0,15,1,0,0,0,0,routine_watch
FB06359,2018,4,6,6,live_video,0.330926,1.269166,policy_shift,22,11,1,20,1,1,0,0,0,conversation_service
FB06360,2018,4,6,1,product_photo,0.607618,0.550000,regular,16,0,1,16,0,0,0,0,0,routine_watch
FB06363,2018,4,6,0,product_photo,0.607618,0.550000,regular,42,0,1,40,1,0,1,0,0,emotion_nurture
FB06364,2018,4,5,7,product_photo,0.607618,0.550000,regular,37,0,0,34,1,2,0,0,0,emotion_nurture
FB06365,2018,4,4,22,live_video,0.330926,1.269166,policy_shift,75,28,0,58,16,1,0,0,0,emotion_nurture
FB06369,2018,4,1,4,product_photo,0.607618,0.550000,regular,15,0,0,15,0,0,0,0,0,routine_watch
FB06370,2018,4,1,2,live_video,0.330926,1.269166,policy_shift,281,2113,581,197,77,2,3,2,0,share_amplify
FB06372,2018,4,0,2,live_video,0.330926,1.269166,policy_shift,239,2574,419,140,95,1,2,1,0,share_amplify
FB06373,2018,4,6,23,product_photo,0.607618,0.550000,regular,105,96,7,101,2,2,0,0,0,conversation_service
FB06376,2018,4,6,3,product_photo,0.607618,0.550000,regular,19,6,1,14,4,1,0,0,0,routine_watch
FB06378,2018,4,1,11,live_video,0.330926,1.269166,policy_shift,67,276,34,57,7,0,3,0,0,conversation_service
FB06381,2018,4,1,8,live_video,0.330926,1.269166,policy_shift,266,2068,453,198,62,2,3,0,1,share_amplify
FB06382,2018,4,1,7,live_video,0.330926,1.269166,policy_shift,31,1,0,29,2,0,0,0,0,emotion_nurture
FB06383,2018,4,1,6,product_photo,0.607618,0.550000,regular,225,32,17,221,3,0,1,0,0,share_amplify
FB06385,2018,4,6,11,link_teaser,0.009346,3.000000,low_support,4,0,0,4,0,0,0,0,0,routine_watch
FB06386,2018,4,6,9,live_video,0.330926,1.269166,policy_shift,225,1660,355,189,31,1,4,0,0,share_amplify
FB06388,2018,4,6,6,product_photo,0.607618,0.550000,regular,35,3,0,34,1,0,0,0,0,emotion_nurture
FB06389,2018,4,6,1,live_video,0.330926,1.269166,policy_shift,236,2719,472,184,47,1,3,0,1,share_amplify
FB06390,2018,4,5,21,product_photo,0.607618,0.550000,regular,166,102,0,165,1,0,0,0,0,conversation_service
FB06391,2018,4,5,21,product_photo,0.607618,0.550000,regular,32,28,0,31,1,0,0,0,0,conversation_service
FB06394,2018,4,2,23,product_photo,0.607618,0.550000,regular,91,54,1,89,2,0,0,0,0,conversation_service
FB06398,2018,4,1,10,live_video,0.330926,1.269166,policy_shift,237,3958,336,166,65,2,3,1,0,conversation_service
FB06399,2018,4,1,9,live_video,0.330926,1.269166,policy_shift,235,2685,440,188,38,1,3,4,1,share_amplify
FB06400,2018,4,1,7,product_photo,0.607618,0.550000,regular,45,27,1,43,1,1,0,0,0,conversation_service
FB06405,2018,4,6,3,live_video,0.330926,1.269166,policy_shift,212,1957,363,147,64,1,0,0,0,share_amplify
FB06406,2018,3,4,23,product_photo,0.607618,0.550000,regular,73,34,0,71,0,1,1,0,0,conversation_service
FB06407,2018,3,4,10,product_photo,0.607618,0.550000,regular,195,195,2,193,0,0,2,0,0,conversation_service
FB06409,2018,3,1,22,product_photo,0.607618,0.550000,regular,43,0,20,42,1,0,0,0,0,share_amplify
FB06412,2018,3,1,9,live_video,0.330926,1.269166,policy_shift,265,2744,897,197,63,1,4,0,0,share_amplify
FB06414,2018,3,6,23,product_photo,0.607618,0.550000,regular,116,65,0,116,0,0,0,0,0,conversation_service
FB06416,2018,3,3,7,product_photo,0.607618,0.550000,regular,59,21,0,57,1,1,0,0,0,conversation_service
FB06417,2018,3,3,6,link_teaser,0.009346,3.000000,low_support,9,4,0,9,0,0,0,0,0,routine_watch
FB06422,2018,3,0,21,product_photo,0.607618,0.550000,regular,45,0,0,42,1,2,0,0,0,emotion_nurture
FB06427,2018,3,4,12,live_video,0.330926,1.269166,policy_shift,371,3789,462,267,95,1,5,3,0,share_amplify
FB06429,2018,3,4,2,live_video,0.330926,1.269166,policy_shift,32,0,1,32,0,0,0,0,0,share_amplify
FB06430,2018,3,4,2,live_video,0.330926,1.269166,policy_shift,192,2339,452,159,30,2,1,0,0,share_amplify
FB06432,2018,3,1,10,text_status,0.052110,3.000000,low_support,55,2,0,49,1,1,0,4,0,emotion_nurture
FB06434,2018,3,0,7,live_video,0.330926,1.269166,policy_shift,320,3584,554,256,55,4,2,1,2,share_amplify
FB06435,2018,3,0,3,product_photo,0.607618,0.550000,regular,35,0,0,35,0,0,0,0,0,share_amplify
FB06439,2018,3,1,10,text_status,0.052110,3.000000,low_support,59,0,0,57,0,2,0,0,0,emotion_nurture
FB06441,2018,3,1,1,product_photo,0.607618,0.550000,regular,42,3,0,39,0,0,0,0,3,emotion_nurture
FB06443,2018,3,0,10,product_photo,0.607618,0.550000,regular,43,0,7,37,0,4,2,0,0,emotion_nurture
FB06446,2018,3,4,14,product_photo,0.607618,0.550000,regular,27,3,0,26,0,1,0,0,0,routine_watch
FB06452,2018,2,0,12,link_teaser,0.009346,3.000000,low_support,1,0,0,1,0,0,0,0,0,routine_watch
FB06454,2018,2,4,22,product_photo,0.607618,0.550000,regular,48,0,0,46,1,1,0,0,0,emotion_nurture
FB06458,2018,2,5,11,product_photo,0.607618,0.550000,regular,273,41,2,255,7,4,7,0,0,emotion_nurture
FB06459,2018,2,3,22,product_photo,0.607618,0.550000,regular,138,177,7,128,9,0,1,0,0,conversation_service
FB06460,2018,2,3,7,product_photo,0.607618,0.550000,regular,21,0,2,21,0,0,0,0,0,routine_watch
FB06462,2018,2,2,10,product_photo,0.607618,0.550000,regular,105,2,0,92,13,0,0,0,0,emotion_nurture
FB06463,2018,2,2,5,product_photo,0.607618,0.550000,regular,76,11,0,71,4,0,0,1,0,emotion_nurture
FB06466,2018,2,1,8,product_photo,0.607618,0.550000,regular,88,33,0,81,2,5,0,0,0,emotion_nurture
FB06470,2018,2,5,2,product_photo,0.607618,0.550000,regular,35,2,1,33,1,1,0,0,0,emotion_nurture
FB06474,2018,2,1,5,product_photo,0.607618,0.550000,regular,68,13,0,62,0,0,2,3,1,emotion_nurture
FB06481,2018,2,5,9,product_photo,0.607618,0.550000,regular,83,1,1,70,0,1,12,0,0,emotion_nurture
FB06482,2018,2,5,8,text_status,0.052110,3.000000,low_support,36,15,0,32,0,0,0,4,0,emotion_nurture
FB06485,2018,2,5,0,product_photo,0.607618,0.550000,regular,45,0,0,44,0,0,1,0,0,emotion_nurture
FB06488,2018,2,3,7,product_photo,0.607618,0.550000,regular,66,2,0,62,0,4,0,0,0,emotion_nurture
FB06491,2018,1,1,23,text_status,0.052110,3.000000,low_support,63,5,0,58,0,0,2,2,1,emotion_nurture
FB06492,2018,1,0,23,product_photo,0.607618,0.550000,regular,129,80,1,122,4,3,0,0,0,conversation_service
FB06494,2018,1,0,0,product_photo,0.607618,0.550000,regular,123,92,6,119,2,2,0,0,0,conversation_service
FB06495,2018,1,6,12,live_video,0.330926,1.269166,policy_shift,6,8,0,6,0,0,0,0,0,routine_watch
FB06500,2018,1,6,10,live_video,0.330926,1.269166,policy_shift,15,27,3,13,1,1,0,0,0,conversation_service
FB06501,2018,1,6,0,product_photo,0.607618,0.550000,regular,58,3,0,56,0,0,0,2,0,emotion_nurture
FB06503,2018,1,5,0,live_video,0.330926,1.269166,policy_shift,33,0,0,30,0,3,0,0,0,emotion_nurture
FB06504,2018,1,4,1,product_photo,0.607618,0.550000,regular,249,166,16,242,6,1,0,0,0,conversation_service
FB06505,2018,1,3,5,product_photo,0.607618,0.550000,regular,31,3,0,30,0,1,0,0,0,emotion_nurture
FB06507,2018,1,2,8,product_photo,0.607618,0.550000,regular,53,10,6,49,2,2,0,0,0,share_amplify
FB06512,2018,1,6,7,product_photo,0.607618,0.550000,regular,63,6,1,60,0,3,0,0,0,emotion_nurture
FB06513,2018,1,4,7,product_photo,0.607618,0.550000,regular,80,10,0,76,1,3,0,0,0,emotion_nurture
FB06514,2018,1,4,3,live_video,0.330926,1.269166,policy_shift,38,0,4,37,1,0,0,0,0,share_amplify
FB06515,2018,1,3,7,product_photo,0.607618,0.550000,regular,46,4,0,44,1,1,0,0,0,emotion_nurture
FB06518,2018,1,0,9,product_photo,0.607618,0.550000,regular,76,7,0,72,3,1,0,0,0,emotion_nurture
FB06521,2018,1,5,13,text_status,0.052110,3.000000,low_support,24,0,0,24,0,0,0,0,0,routine_watch
FB06522,2018,1,5,13,product_photo,0.607618,0.550000,regular,35,2,0,30,0,1,1,3,0,emotion_nurture
FB06526,2018,1,4,11,product_photo,0.607618,0.550000,regular,41,0,1,38,1,2,0,0,0,emotion_nurture
FB06527,2018,1,4,10,product_photo,0.607618,0.550000,regular,42,0,0,37,2,0,3,0,0,emotion_nurture
FB06528,2018,1,4,10,product_photo,0.607618,0.550000,regular,48,3,0,47,1,0,0,0,0,emotion_nurture
FB06529,2018,1,4,9,link_teaser,0.009346,3.000000,low_support,66,0,2,66,0,0,0,0,0,share_amplify
FB06530,2018,1,3,21,text_status,0.052110,3.000000,low_support,47,1,0,45,0,0,1,1,0,emotion_nurture
FB06533,2018,1,1,21,product_photo,0.607618,0.550000,regular,42,3,0,41,0,1,0,0,0,emotion_nurture
FB06534,2018,1,1,10,live_video,0.330926,1.269166,policy_shift,55,785,83,42,10,1,1,1,0,conversation_service
FB06535,2018,1,1,8,product_photo,0.607618,0.550000,regular,43,0,3,38,1,4,0,0,0,emotion_nurture
FB06539,2018,1,1,1,product_photo,0.607618,0.550000,regular,10,0,1,10,0,0,0,0,0,routine_watch
FB06545,2018,1,0,6,product_photo,0.607618,0.550000,regular,41,4,2,40,0,1,0,0,0,share_amplify
FB06546,2018,1,0,5,text_status,0.052110,3.000000,low_support,36,0,0,36,0,0,0,0,0,share_amplify
FB06549,2018,1,0,2,product_photo,0.607618,0.550000,regular,19,0,0,19,0,0,0,0,0,routine_watch
FB06550,2018,1,6,23,text_status,0.052110,3.000000,low_support,45,1,0,42,3,0,0,0,0,emotion_nurture
FB06555,2018,1,6,0,text_status,0.052110,3.000000,low_support,147,130,0,147,0,0,0,0,0,conversation_service
FB06556,2018,1,5,22,product_photo,0.607618,0.550000,regular,62,8,1,59,2,1,0,0,0,emotion_nurture
FB06562,2018,1,2,9,live_video,0.330926,1.269166,policy_shift,247,4255,572,204,37,1,3,2,0,share_amplify
FB06563,2018,1,2,4,product_photo,0.607618,0.550000,regular,132,24,0,131,0,1,0,0,0,conversation_service
FB06564,2017,12,5,4,product_photo,0.607618,0.550000,regular,49,0,0,49,0,0,0,0,0,share_amplify
FB06565,2017,12,5,0,text_status,0.052110,3.000000,low_support,45,0,0,45,0,0,0,0,0,share_amplify
FB06567,2017,12,2,10,live_video,0.330926,1.269166,policy_shift,148,952,198,122,25,0,0,1,0,share_amplify
FB06568,2017,12,2,7,product_photo,0.607618,0.550000,regular,50,0,0,50,0,0,0,0,0,share_amplify
FB06572,2017,12,1,10,product_photo,0.607618,0.550000,regular,16,2,0,16,0,0,0,0,0,routine_watch
FB06573,2017,12,1,6,product_photo,0.607618,0.550000,regular,31,1,0,31,0,0,0,0,0,share_amplify
FB06576,2017,12,0,7,product_photo,0.607618,0.550000,regular,71,14,7,70,0,0,0,1,0,share_amplify
FB06577,2017,12,0,7,product_photo,0.607618,0.550000,regular,56,4,0,51,0,0,5,0,0,emotion_nurture
FB06578,2017,12,0,0,live_video,0.330926,1.269166,policy_shift,62,263,86,54,7,1,0,0,0,share_amplify
FB06579,2017,12,6,12,product_photo,0.607618,0.550000,regular,113,79,9,109,4,0,0,0,0,conversation_service
FB06581,2017,12,6,3,live_video,0.330926,1.269166,policy_shift,66,659,108,61,4,0,0,1,0,share_amplify
FB06582,2017,12,6,2,product_photo,0.607618,0.550000,regular,40,0,0,40,0,0,0,0,0,share_amplify
FB06584,2017,12,5,22,product_photo,0.607618,0.550000,regular,29,0,0,29,0,0,0,0,0,routine_watch
FB06585,2017,12,5,5,product_photo,0.607618,0.550000,regular,28,5,0,28,0,0,0,0,0,conversation_service
FB06590,2017,12,4,8,product_photo,0.607618,0.550000,regular,29,0,2,28,0,1,0,0,0,share_amplify
FB06597,2017,12,3,0,product_photo,0.607618,0.550000,regular,24,0,0,24,0,0,0,0,0,routine_watch
FB06599,2017,12,2,23,text_status,0.052110,3.000000,low_support,22,4,5,22,0,0,0,0,0,share_amplify
FB06600,2017,12,2,13,product_photo,0.607618,0.550000,regular,36,3,0,35,0,0,1,0,0,emotion_nurture
FB06604,2017,12,2,6,product_photo,0.607618,0.550000,regular,61,6,0,59,2,0,0,0,0,emotion_nurture
FB06605,2017,12,2,5,live_video,0.330926,1.269166,policy_shift,66,178,11,55,9,0,1,1,0,conversation_service
FB06606,2017,12,2,4,product_photo,0.607618,0.550000,regular,65,7,0,63,2,0,0,0,0,emotion_nurture
FB06607,2017,12,2,4,product_photo,0.607618,0.550000,regular,39,5,0,37,2,0,0,0,0,emotion_nurture
FB06608,2017,12,2,3,product_photo,0.607618,0.550000,regular,51,5,0,49,2,0,0,0,0,emotion_nurture
FB06609,2017,12,2,3,product_photo,0.607618,0.550000,regular,77,9,0,70,6,1,0,0,0,emotion_nurture
FB06610,2017,12,1,3,product_photo,0.607618,0.550000,regular,145,4,2,137,2,6,0,0,0,emotion_nurture
FB06613,2017,12,6,7,text_status,0.052110,3.000000,low_support,53,7,0,52,0,0,0,1,0,conversation_service
FB06618,2017,12,4,8,product_photo,0.607618,0.550000,regular,109,42,1,106,0,3,0,0,0,conversation_service
FB06619,2017,12,4,2,text_status,0.052110,3.000000,low_support,66,1,0,66,0,0,0,0,0,share_amplify
FB06620,2017,12,3,21,product_photo,0.607618,0.550000,regular,104,22,0,102,1,1,0,0,0,conversation_service
FB06622,2017,12,2,8,live_video,0.330926,1.269166,policy_shift,63,0,0,61,1,0,1,0,0,emotion_nurture
FB06623,2017,12,1,1,product_photo,0.607618,0.550000,regular,186,3,0,181,2,0,3,0,0,emotion_nurture
FB06626,2017,12,6,9,live_video,0.330926,1.269166,policy_shift,303,1489,483,177,118,1,5,1,1,share_amplify
FB06630,2017,12,3,4,product_photo,0.607618,0.550000,regular,61,14,0,59,1,1,0,0,0,conversation_service
FB06632,2017,12,2,13,live_video,0.330926,1.269166,policy_shift,23,0,0,23,0,0,0,0,0,routine_watch
FB06633,2017,12,2,13,live_video,0.330926,1.269166,policy_shift,93,440,165,50,30,3,7,3,0,share_amplify
FB06635,2017,12,2,9,live_video,0.330926,1.269166,policy_shift,45,0,0,45,0,0,0,0,0,share_amplify
FB06636,2017,12,2,9,live_video,0.330926,1.269166,policy_shift,228,4267,572,175,33,0,19,1,0,share_amplify
FB06638,2017,12,2,2,live_video,0.330926,1.269166,policy_shift,56,1226,75,50,3,2,1,0,0,conversation_service
FB06639,2017,12,1,23,live_video,0.330926,1.269166,policy_shift,166,1834,335,137,22,2,4,0,1,share_amplify
FB06640,2017,12,1,21,product_photo,0.607618,0.550000,regular,120,29,1,116,3,1,0,0,0,conversation_service
FB06641,2017,12,1,12,product_photo,0.607618,0.550000,regular,111,79,11,106,1,4,0,0,0,conversation_service
FB06644,2017,12,0,7,product_photo,0.607618,0.550000,regular,36,5,1,31,0,2,0,0,3,emotion_nurture
FB06645,2017,12,5,10,live_video,0.330926,1.269166,policy_shift,83,49,1,74,0,2,7,0,0,emotion_nurture
FB06651,2017,11,3,6,live_video,0.330926,1.269166,policy_shift,145,1335,131,129,12,1,0,3,0,conversation_service
FB06652,2017,11,2,15,product_photo,0.607618,0.550000,regular,47,2,1,47,0,0,0,0,0,share_amplify
FB06653,2017,11,2,14,product_photo,0.607618,0.550000,regular,42,9,0,39,3,0,0,0,0,emotion_nurture
FB06654,2017,11,1,6,product_photo,0.607618,0.550000,regular,515,567,13,509,3,2,1,0,0,conversation_service
FB06658,2017,11,5,4,product_photo,0.607618,0.550000,regular,85,1,0,84,1,0,0,0,0,emotion_nurture
FB06662,2017,11,3,11,text_status,0.052110,3.000000,low_support,81,28,0,80,1,0,0,0,0,conversation_service
FB06663,2017,11,3,0,product_photo,0.607618,0.550000,regular,28,2,0,28,0,0,0,0,0,routine_watch
FB06664,2017,11,3,0,product_photo,0.607618,0.550000,regular,49,23,10,49,0,0,0,0,0,share_amplify
FB06672,2017,11,0,15,product_photo,0.607618,0.550000,regular,105,56,0,97,3,3,2,0,0,conversation_service
FB06674,2017,11,6,22,product_photo,0.607618,0.550000,regular,382,448,8,376,5,1,0,0,0,conversation_service
FB06676,2017,11,1,1,product_photo,0.607618,0.550000,regular,244,199,12,232,4,8,0,0,0,conversation_service
FB06678,2017,11,6,6,product_photo,0.607618,0.550000,regular,269,311,8,264,5,0,0,0,0,conversation_service
FB06679,2017,11,5,9,product_photo,0.607618,0.550000,regular,332,316,9,325,6,1,0,0,0,conversation_service
FB06681,2017,11,3,8,product_photo,0.607618,0.550000,regular,85,1,0,79,0,1,0,5,0,emotion_nurture
FB06684,2017,11,0,5,product_photo,0.607618,0.550000,regular,111,68,0,109,2,0,0,0,0,conversation_service
FB06688,2017,10,6,1,product_photo,0.607618,0.550000,regular,28,0,0,28,0,0,0,0,0,routine_watch
FB06689,2017,10,6,1,product_photo,0.607618,0.550000,regular,61,1,0,61,0,0,0,0,0,share_amplify
FB06692,2017,10,6,0,product_photo,0.607618,0.550000,regular,15,0,1,15,0,0,0,0,0,routine_watch
FB06695,2017,10,2,13,text_status,0.052110,3.000000,low_support,46,0,0,46,0,0,0,0,0,share_amplify
FB06696,2017,10,4,3,text_status,0.052110,3.000000,low_support,50,1,0,49,0,1,0,0,0,emotion_nurture
FB06697,2017,10,3,6,product_photo,0.607618,0.550000,regular,164,53,0,152,2,10,0,0,0,emotion_nurture
FB06698,2017,10,2,9,product_photo,0.607618,0.550000,regular,125,4,0,116,9,0,0,0,0,emotion_nurture
FB06705,2017,10,6,23,product_photo,0.607618,0.550000,regular,411,566,20,399,12,0,0,0,0,conversation_service
FB06706,2017,10,5,10,live_video,0.330926,1.269166,policy_shift,302,2497,425,228,47,6,18,3,0,share_amplify
FB06708,2017,10,5,4,product_photo,0.607618,0.550000,regular,215,19,0,206,3,5,1,0,0,emotion_nurture
FB06711,2017,10,2,11,live_video,0.330926,1.269166,policy_shift,141,529,148,102,20,0,15,3,1,share_amplify
FB06712,2017,10,2,6,product_photo,0.607618,0.550000,regular,81,6,0,79,0,1,1,0,0,emotion_nurture
FB06713,2017,10,1,8,product_photo,0.607618,0.550000,regular,104,7,1,99,1,4,0,0,0,emotion_nurture
FB06715,2017,10,0,12,live_video,0.330926,1.269166,policy_shift,137,497,71,76,48,2,11,0,0,emotion_nurture
FB06716,2017,10,0,11,live_video,0.330926,1.269166,policy_shift,179,3343,147,160,17,1,1,0,0,conversation_service
FB06719,2017,10,0,8,text_status,0.052110,3.000000,low_support,273,206,2,268,3,2,0,0,0,conversation_service
FB06721,2017,10,6,9,live_video,0.330926,1.269166,policy_shift,119,139,18,109,7,3,0,0,0,conversation_service
FB06726,2017,10,4,9,product_photo,0.607618,0.550000,regular,123,4,0,119,1,3,0,0,0,emotion_nurture
FB06728,2017,10,3,9,live_video,0.330926,1.269166,policy_shift,307,4272,321,260,32,5,3,7,0,conversation_service
FB06729,2017,10,3,8,product_photo,0.607618,0.550000,regular,64,2,3,63,0,1,0,0,0,share_amplify
FB06730,2017,10,3,5,live_video,0.330926,1.269166,policy_shift,314,4340,261,280,29,1,3,1,0,conversation_service
FB06731,2017,10,3,3,product_photo,0.607618,0.550000,regular,388,319,2,382,3,0,0,3,0,conversation_service
FB06733,2017,10,2,7,text_status,0.052110,3.000000,low_support,108,0,0,107,1,0,0,0,0,emotion_nurture
FB06734,2017,10,1,11,product_photo,0.607618,0.550000,regular,117,5,0,111,1,0,0,5,0,emotion_nurture
FB06736,2017,10,0,12,live_video,0.330926,1.269166,policy_shift,163,3392,114,122,24,3,7,7,0,conversation_service
FB06738,2017,10,0,9,live_video,0.330926,1.269166,policy_shift,416,7208,509,365,41,4,2,4,0,conversation_service
FB06741,2017,10,6,10,product_photo,0.607618,0.550000,regular,70,4,0,68,2,0,0,0,0,emotion_nurture
FB06742,2017,10,6,1,product_photo,0.607618,0.550000,regular,42,2,0,42,0,0,0,0,0,conversation_service
FB06744,2017,9,5,11,product_photo,0.607618,0.550000,regular,28,0,3,27,0,1,0,0,0,share_amplify
FB06745,2017,9,4,12,live_video,0.330926,1.269166,policy_shift,120,457,13,93,8,0,19,0,0,conversation_service
FB06746,2017,9,4,9,live_video,0.330926,1.269166,policy_shift,293,2762,229,215,74,1,2,0,1,conversation_service
FB06747,2017,9,4,9,product_photo,0.607618,0.550000,regular,61,0,2,60,1,0,0,0,0,share_amplify
FB06751,2017,9,2,3,product_photo,0.607618,0.550000,regular,333,256,12,324,5,4,0,0,0,conversation_service
FB06752,2017,9,1,13,live_video,0.330926,1.269166,policy_shift,102,64,1,92,6,0,4,0,0,emotion_nurture
FB06760,2017,9,5,0,product_photo,0.607618,0.550000,regular,337,662,23,330,6,1,0,0,0,conversation_service
FB06761,2017,9,4,14,product_photo,0.607618,0.550000,regular,63,6,0,61,2,0,0,0,0,emotion_nurture
FB06762,2017,9,3,8,live_video,0.330926,1.269166,policy_shift,79,8,0,79,0,0,0,0,0,conversation_service
FB06764,2017,9,2,22,text_status,0.052110,3.000000,low_support,97,11,0,96,0,1,0,0,0,conversation_service
FB06766,2017,9,2,7,text_status,0.052110,3.000000,low_support,239,250,1,231,4,0,0,4,0,conversation_service
FB06770,2017,9,0,11,live_video,0.330926,1.269166,policy_shift,382,5779,324,307,50,6,15,1,3,conversation_service
FB06775,2017,9,5,10,live_video,0.330926,1.269166,policy_shift,51,0,0,50,1,0,0,0,0,emotion_nurture
FB06779,2017,9,5,3,product_photo,0.607618,0.550000,regular,98,8,3,95,1,2,0,0,0,emotion_nurture
FB06780,2017,9,4,10,product_photo,0.607618,0.550000,regular,90,12,1,78,0,7,5,0,0,emotion_nurture
FB06781,2017,9,4,10,live_video,0.330926,1.269166,policy_shift,89,838,51,64,18,2,5,0,0,conversation_service
FB06782,2017,9,4,6,product_photo,0.607618,0.550000,regular,115,441,15,101,9,3,1,1,0,conversation_service
FB06783,2017,9,3,4,text_status,0.052110,3.000000,low_support,122,9,0,118,0,4,0,0,0,emotion_nurture
FB06784,2017,9,3,0,text_status,0.052110,3.000000,low_support,86,0,0,85,1,0,0,0,0,emotion_nurture
FB06785,2017,9,2,14,product_photo,0.607618,0.550000,regular,46,2,0,46,0,0,0,0,0,conversation_service
FB06791,2017,9,1,0,product_photo,0.607618,0.550000,regular,392,613,26,370,10,0,12,0,0,conversation_service
FB06792,2017,9,0,21,product_photo,0.607618,0.550000,regular,191,35,0,180,1,0,2,0,8,emotion_nurture
FB06794,2017,9,0,12,text_status,0.052110,3.000000,low_support,86,3,0,86,0,0,0,0,0,conversation_service
FB06796,2017,9,0,8,live_video,0.330926,1.269166,policy_shift,64,0,0,64,0,0,0,0,0,share_amplify
FB06797,2017,9,0,8,live_video,0.330926,1.269166,policy_shift,730,7943,619,540,168,4,12,5,1,conversation_service
FB06799,2017,9,6,2,product_photo,0.607618,0.550000,regular,156,17,1,152,1,2,1,0,0,emotion_nurture
FB06800,2017,9,5,10,live_video,0.330926,1.269166,policy_shift,553,10926,429,468,66,2,13,3,1,conversation_service
FB06804,2017,9,4,22,product_photo,0.607618,0.550000,regular,13,12,0,13,0,0,0,0,0,routine_watch
FB06805,2017,9,4,22,product_photo,0.607618,0.550000,regular,14,9,0,14,0,0,0,0,0,routine_watch
FB06809,2017,9,3,10,live_video,0.330926,1.269166,policy_shift,481,8601,337,415,57,0,5,4,0,conversation_service
FB06812,2017,9,2,7,live_video,0.330926,1.269166,policy_shift,104,14,3,100,0,4,0,0,0,emotion_nurture
FB06814,2017,9,1,13,product_photo,0.607618,0.550000,regular,134,20,4,98,0,4,32,0,0,emotion_nurture
FB06815,2017,9,1,10,live_video,0.330926,1.269166,policy_shift,570,7524,338,432,114,8,12,4,0,conversation_service
FB06816,2017,9,1,9,product_photo,0.607618,0.550000,regular,125,18,0,116,5,4,0,0,0,emotion_nurture
FB06817,2017,9,1,6,product_photo,0.607618,0.550000,regular,87,3,0,84,2,1,0,0,0,emotion_nurture
FB06818,2017,9,1,4,product_photo,0.607618,0.550000,regular,291,472,25,282,7,2,0,0,0,conversation_service
FB06819,2017,9,0,5,text_status,0.052110,3.000000,low_support,160,265,0,155,3,1,0,1,0,conversation_service
FB06822,2017,9,6,9,live_video,0.330926,1.269166,policy_shift,61,0,0,61,0,0,0,0,0,share_amplify
FB06824,2017,9,6,6,product_photo,0.607618,0.550000,regular,54,16,0,51,1,0,0,2,0,conversation_service
FB06831,2017,9,4,6,text_status,0.052110,3.000000,low_support,78,3,0,73,0,0,5,0,0,emotion_nurture
FB06832,2017,9,4,0,text_status,0.052110,3.000000,low_support,52,0,0,52,0,0,0,0,0,share_amplify
FB06834,2017,8,3,11,live_video,0.330926,1.269166,policy_shift,100,701,15,79,14,2,2,3,0,conversation_service
FB06837,2017,8,3,2,product_photo,0.607618,0.550000,regular,254,355,20,247,6,1,0,0,0,conversation_service
FB06839,2017,8,2,10,product_photo,0.607618,0.550000,regular,26,1,0,26,0,0,0,0,0,routine_watch
FB06840,2017,8,2,9,live_video,0.330926,1.269166,policy_shift,446,4963,275,384,46,3,9,2,2,conversation_service
FB06841,2017,8,2,8,product_photo,0.607618,0.550000,regular,228,253,10,225,3,0,0,0,0,conversation_service
FB06844,2017,8,0,11,live_video,0.330926,1.269166,policy_shift,226,4336,183,186,25,3,10,2,0,conversation_service
FB06845,2017,8,0,9,live_video,0.330926,1.269166,policy_shift,415,4963,220,354,50,4,6,1,0,conversation_service
FB06846,2017,8,0,0,product_photo,0.607618,0.550000,regular,122,181,10,113,6,3,0,0,0,conversation_service
FB06847,2017,8,6,3,product_photo,0.607618,0.550000,regular,69,2,2,66,0,3,0,0,0,emotion_nurture
FB06849,2017,8,5,10,live_video,0.330926,1.269166,policy_shift,349,5254,262,278,50,5,7,9,0,conversation_service
FB06851,2017,8,5,9,live_video,0.330926,1.269166,policy_shift,64,96,3,61,3,0,0,0,0,conversation_service
FB06853,2017,8,5,4,product_photo,0.607618,0.550000,regular,251,266,29,238,6,7,0,0,0,conversation_service
FB06854,2017,8,4,11,live_video,0.330926,1.269166,policy_shift,224,2792,113,191,21,6,4,1,1,conversation_service
FB06856,2017,8,4,7,product_photo,0.607618,0.550000,regular,89,22,7,77,7,5,0,0,0,emotion_nurture
FB06859,2017,8,4,5,product_photo,0.607618,0.550000,regular,10,0,0,10,0,0,0,0,0,routine_watch
FB06860,2017,8,3,14,product_photo,0.607618,0.550000,regular,60,4,0,54,0,0,3,1,2,emotion_nurture
FB06861,2017,8,3,6,product_photo,0.607618,0.550000,regular,61,5,2,60,0,1,0,0,0,share_amplify
FB06862,2017,8,2,8,live_video,0.330926,1.269166,policy_shift,391,6407,174,340,36,4,9,2,0,conversation_service
FB06863,2017,8,2,7,product_photo,0.607618,0.550000,regular,53,0,6,51,2,0,0,0,0,share_amplify
FB06867,2017,8,1,6,product_photo,0.607618,0.550000,regular,127,51,6,118,7,2,0,0,0,emotion_nurture
FB06868,2017,8,0,10,live_video,0.330926,1.269166,policy_shift,101,1686,29,76,13,3,4,3,2,conversation_service
FB06870,2017,8,0,7,live_video,0.330926,1.269166,policy_shift,199,1805,167,168,24,4,1,2,0,conversation_service
FB06871,2017,8,0,5,product_photo,0.607618,0.550000,regular,188,92,11,183,4,1,0,0,0,conversation_service
FB06873,2017,8,0,1,text_status,0.052110,3.000000,low_support,34,8,0,32,2,0,0,0,0,emotion_nurture
FB06877,2017,8,6,0,product_photo,0.607618,0.550000,regular,30,0,2,29,0,1,0,0,0,share_amplify
FB06879,2017,8,5,12,product_photo,0.607618,0.550000,regular,36,0,0,36,0,0,0,0,0,share_amplify
FB06881,2017,8,5,10,live_video,0.330926,1.269166,policy_shift,104,1732,99,92,6,0,4,0,2,conversation_service
FB06883,2017,8,5,6,product_photo,0.607618,0.550000,regular,47,4,3,43,2,2,0,0,0,emotion_nurture
FB06884,2017,8,5,2,live_video,0.330926,1.269166,policy_shift,59,444,23,48,8,0,3,0,0,conversation_service
FB06885,2017,8,5,1,live_video,0.330926,1.269166,policy_shift,112,1540,90,100,10,0,1,1,0,conversation_service
FB06886,2017,8,4,11,live_video,0.330926,1.269166,policy_shift,76,1829,91,69,6,0,0,1,0,conversation_service
FB06887,2017,8,4,11,text_status,0.052110,3.000000,low_support,22,2,0,22,0,0,0,0,0,routine_watch
FB06888,2017,8,4,9,live_video,0.330926,1.269166,policy_shift,57,366,13,49,5,0,3,0,0,conversation_service
FB06889,2017,8,4,8,live_video,0.330926,1.269166,policy_shift,114,1431,78,94,11,2,6,1,0,conversation_service
FB06890,2017,8,4,6,text_status,0.052110,3.000000,low_support,25,0,0,22,0,0,0,3,0,routine_watch
FB06894,2017,8,2,7,text_status,0.052110,3.000000,low_support,23,3,0,22,1,0,0,0,0,routine_watch
FB06899,2017,8,1,10,text_status,0.052110,3.000000,low_support,29,7,0,27,0,0,0,2,0,emotion_nurture
FB06900,2017,8,1,8,product_photo,0.607618,0.550000,regular,75,6,1,73,2,0,0,0,0,emotion_nurture
FB06901,2017,8,1,2,product_photo,0.607618,0.550000,regular,86,12,1,79,3,4,0,0,0,emotion_nurture
FB06904,2017,8,0,10,text_status,0.052110,3.000000,low_support,33,4,0,33,0,0,0,0,0,conversation_service
FB06905,2017,8,6,23,product_photo,0.607618,0.550000,regular,88,14,0,71,0,9,0,7,1,emotion_nurture
FB06906,2017,8,6,13,text_status,0.052110,3.000000,low_support,31,3,0,30,1,0,0,0,0,emotion_nurture
FB06910,2017,8,6,4,live_video,0.330926,1.269166,policy_shift,17,0,0,17,0,0,0,0,0,routine_watch
FB06914,2017,8,5,22,product_photo,0.607618,0.550000,regular,81,13,1,79,0,2,0,0,0,conversation_service
FB06917,2017,8,5,2,product_photo,0.607618,0.550000,regular,70,3,0,70,0,0,0,0,0,conversation_service
FB06918,2017,8,4,23,text_status,0.052110,3.000000,low_support,50,6,0,49,1,0,0,0,0,conversation_service
FB06920,2017,8,4,4,live_video,0.330926,1.269166,policy_shift,216,3625,140,179,32,4,1,0,0,conversation_service
FB06921,2017,8,4,3,product_photo,0.607618,0.550000,regular,100,9,2,94,3,2,1,0,0,emotion_nurture
FB06922,2017,8,2,10,live_video,0.330926,1.269166,policy_shift,16,0,0,16,0,0,0,0,0,routine_watch
FB06923,2017,8,2,10,live_video,0.330926,1.269166,policy_shift,120,2773,89,106,10,1,2,1,0,conversation_service
FB06926,2017,8,1,6,product_photo,0.607618,0.550000,regular,37,1,0,35,2,0,0,0,0,emotion_nurture
FB06929,2017,8,0,5,product_photo,0.607618,0.550000,regular,70,4,1,68,0,0,2,0,0,emotion_nurture
FB06930,2017,8,4,0,product_photo,0.607618,0.550000,regular,188,13,8,184,2,2,0,0,0,share_amplify
FB06931,2017,8,3,23,text_status,0.052110,3.000000,low_support,32,2,0,30,2,0,0,0,0,emotion_nurture
FB06933,2017,8,3,8,live_video,0.330926,1.269166,policy_shift,159,3146,123,139,16,0,1,2,1,conversation_service
FB06936,2017,8,2,7,live_video,0.330926,1.269166,policy_shift,180,3367,132,157,17,3,3,0,0,conversation_service
FB06940,2017,7,6,8,live_video,0.330926,1.269166,policy_shift,229,3966,157,200,23,0,5,1,0,conversation_service
FB06941,2017,7,6,5,product_photo,0.607618,0.550000,regular,53,6,1,50,3,0,0,0,0,emotion_nurture
FB06943,2017,7,3,16,product_photo,0.607618,0.550000,regular,32,7,0,32,0,0,0,0,0,conversation_service
FB06945,2017,7,3,7,live_video,0.330926,1.269166,policy_shift,178,3683,120,150,23,2,1,2,0,conversation_service
FB06947,2017,7,3,3,product_photo,0.607618,0.550000,regular,60,1,0,58,1,1,0,0,0,emotion_nurture
FB06948,2017,7,1,9,live_video,0.330926,1.269166,policy_shift,142,1348,70,125,13,0,3,1,0,conversation_service
FB06950,2017,7,1,5,live_video,0.330926,1.269166,policy_shift,175,3863,167,156,15,1,3,0,0,conversation_service
FB06952,2017,7,1,3,product_photo,0.607618,0.550000,regular,7,0,0,7,0,0,0,0,0,routine_watch
FB06954,2017,7,1,2,product_photo,0.607618,0.550000,regular,29,0,0,28,1,0,0,0,0,routine_watch
FB06956,2017,7,0,8,live_video,0.330926,1.269166,policy_shift,266,5000,153,234,27,2,1,1,1,conversation_service
FB06957,2017,7,0,7,text_status,0.052110,3.000000,low_support,32,5,2,31,1,0,0,0,0,share_amplify
FB06963,2017,7,3,10,live_video,0.330926,1.269166,policy_shift,127,2303,109,106,19,2,0,0,0,conversation_service
FB06964,2017,7,3,9,text_status,0.052110,3.000000,low_support,27,8,0,27,0,0,0,0,0,conversation_service
FB06968,2017,7,1,6,product_photo,0.607618,0.550000,regular,17,0,1,16,1,0,0,0,0,routine_watch
FB06971,2017,7,1,3,text_status,0.052110,3.000000,low_support,13,0,0,12,1,0,0,0,0,routine_watch
FB06975,2017,7,0,8,live_video,0.330926,1.269166,policy_shift,300,5404,219,245,44,1,7,2,1,conversation_service
FB06977,2017,7,6,6,product_photo,0.607618,0.550000,regular,43,2,0,39,2,2,0,0,0,emotion_nurture
FB06978,2017,7,5,10,live_video,0.330926,1.269166,policy_shift,253,4432,167,209,29,5,5,5,0,conversation_service
FB06981,2017,7,2,3,product_photo,0.607618,0.550000,regular,132,9,1,132,0,0,0,0,0,conversation_service
FB06990,2017,3,0,9,text_status,0.052110,3.000000,low_support,9,0,0,8,1,0,0,0,0,routine_watch
FB06991,2017,3,6,8,product_photo,0.607618,0.550000,regular,154,43,6,147,4,3,0,0,0,conversation_service
FB06994,2017,3,2,1,product_photo,0.607618,0.550000,regular,9,0,2,6,2,0,1,0,0,routine_watch
FB06995,2017,2,2,3,product_photo,0.607618,0.550000,regular,129,4,4,126,1,1,1,0,0,share_amplify
FB06996,2017,2,5,11,product_photo,0.607618,0.550000,regular,685,1,7,678,5,1,1,0,0,emotion_nurture
FB06997,2017,2,3,4,product_photo,0.607618,0.550000,regular,207,10,3,202,0,4,1,0,0,emotion_nurture
FB06998,2017,2,2,10,product_photo,0.607618,0.550000,regular,43,4,5,39,2,1,1,0,0,emotion_nurture
FB07000,2017,1,1,11,product_photo,0.607618,0.550000,regular,203,0,4,200,1,1,1,0,0,share_amplify
FB07001,2017,1,5,23,product_photo,0.607618,0.550000,regular,266,7,3,265,1,0,0,0,0,share_amplify
FB07004,2016,12,0,5,product_photo,0.607618,0.550000,regular,185,6,0,181,2,2,0,0,0,emotion_nurture
FB07010,2016,11,6,6,product_photo,0.607618,0.550000,regular,117,5,1,117,0,0,0,0,0,conversation_service
FB07016,2016,11,4,20,text_status,0.052110,3.000000,low_support,63,0,1,62,1,0,0,0,0,emotion_nurture
FB07021,2016,10,2,4,product_photo,0.607618,0.550000,regular,256,24,10,256,0,0,0,0,0,share_amplify
FB07022,2016,10,0,2,product_photo,0.607618,0.550000,regular,69,1,3,69,0,0,0,0,0,share_amplify
FB07025,2016,10,3,6,product_photo,0.607618,0.550000,regular,12,0,0,12,0,0,0,0,0,routine_watch
FB07029,2016,10,3,2,product_photo,0.607618,0.550000,regular,2,0,0,2,0,0,0,0,0,routine_watch
FB07030,2016,10,3,0,product_photo,0.607618,0.550000,regular,11,0,2,11,0,0,0,0,0,routine_watch
FB07032,2016,10,1,5,product_photo,0.607618,0.550000,regular,50,0,0,50,0,0,0,0,0,share_amplify
FB07038,2016,10,1,1,product_photo,0.607618,0.550000,regular,15,0,1,14,1,0,0,0,0,routine_watch
FB07044,2016,9,5,5,product_photo,0.607618,0.550000,regular,196,2,3,195,1,0,0,0,0,share_amplify
FB07047,2016,9,4,11,product_photo,0.607618,0.550000,regular,16,0,0,14,1,0,1,0,0,routine_watch
FB07048,2016,9,2,23,product_photo,0.607618,0.550000,regular,2,0,0,1,1,0,0,0,0,routine_watch
FB07049,2016,9,1,0,product_photo,0.607618,0.550000,regular,351,12,22,349,2,0,0,0,0,share_amplify
FB07050,2016,9,5,10,product_photo,0.607618,0.550000,regular,17,0,0,17,0,0,0,0,0,routine_watch
